tic,GAIA,ra,dec,plx,tmag,Bmag,e_Bmag,Vmag,e_Vmag,Jmag,e_Jmag,Hmag,e_Hmag,Kmag,e_Kmag,GAIAmag,e_GAIAmag,gaiabp,e_gaiabp,gaiarp,e_gaiarp,w1mag,e_w1mag,w2mag,e_w2mag,w3mag,e_w3mag,w4mag,e_w4mag,assoc,age,ref,teff,rstar,mstar
323347788,3.2240154183330263e+18,84.4067574523952,2.4760585278089,10.6126,15.3181,,,,,13.375,0.027,12.783,0.022,12.432,0.023,16.8102,0.001193,18.8621,0.035106,15.4453,0.006939,12.285,0.023,12.083,0.023,11.535,0.188,8.859,,Hyades,650.0,Lodieu2019,2997.0,0.249941,0.220797
713313743,3.237602427113805e+18,81.1879527767657,5.2557640903894,10.4866,19.794,,,21.1645,0.1425,,,,,,,20.6178,0.014667,21.115,0.1863,19.3869,0.119695,,,,,,,,,Hyades,650.0,Lodieu2019,,,
436157851,3.333966409312501e+18,84.060551823286,6.95620670637473,12.9666,13.1063,17.235,0.163,15.741,0.137,11.548,0.024,10.909,0.024,10.666,0.021,14.3607,0.001117,15.8294,0.005171,13.1753,0.002281,10.523,0.023,10.388,0.021,10.239,0.071,8.762,,Hyades,650.0,Roeser2019,3351.0,0.409978,0.402699
138936446,3.223884404650487e+18,83.1269817105711,2.64839590619952,15.5387,7.0536,7.939,0.026,7.47,0.002,6.611,0.019,6.485,0.031,6.37,0.024,7.37333,0.000291,7.62526,0.002182,7.02007,0.00149,6.369,0.087,6.344,0.026,6.397,0.014,6.348,0.063,Hyades,650.0,Roeser2019,6529.0,1.43709,1.35
220062121,3.2242986456558326e+18,83.8110169504359,3.11813115870097,12.4951,14.2078,19.073,0.162,17.127,1.133,12.519,0.026,11.94,0.024,11.633,0.028,15.5647,0.000954,17.2599,0.011081,14.2999,0.007207,11.447,0.023,11.291,0.022,11.349,0.183,8.891,,Hyades,650.0,Roeser2019,3202.0,0.296756,0.272921
220078662,3.2244545701486684e+18,84.1798902838372,3.7748166532602,15.9986,13.2816,17.556,0.25,16.352,0.114,11.612,0.024,11.032,0.022,10.773,0.019,14.5879,0.001114,16.1805,0.006801,13.3632,0.002961,10.599,0.023,10.456,0.019,10.216,0.081,9.046,,Hyades,650.0,Roeser2019,3271.0,0.33507,0.316949
200544181,3.334005437679416e+18,83.2197230421783,6.98765691888325,13.6426,14.1814,19.362,0.162,16.653,1.133,12.387,0.022,11.798,0.024,11.508,0.022,15.5725,0.002048,17.3527,0.013488,14.2822,0.004014,11.364,0.024,11.189,0.021,11.12,0.154,8.306,,Hyades,650.0,Roeser2019,3150.0,0.28945,0.264627
365748368,3.2379879433788206e+18,81.8668887494315,6.44550635089848,10.0149,16.138,,,,,13.864,0.029,13.311,0.031,12.928,0.032,17.8247,0.002087,20.5392,0.156629,16.3267,0.011582,12.723,0.024,12.466,0.026,12.382,,8.89,,32ori,21.0,Luhman2022,2825.0,0.216096,0.185162
138854185,3.237714611660198e+18,82.696064954753,5.94815844824185,11.3,4.5682,4.318,0.021,4.19813,0.023,4.429,0.218,4.603,0.076,4.605,0.02,4.45508,0.00720341,4.21174,0.029431,4.33683,0.01353,4.76,0.116,4.503,0.079,4.729,0.015,4.731,0.035,32ori,21.0,Luhman2022,,,
345773220,3.237866752286153e+18,81.1097160844057,6.05719950903506,,18.9372,,,20.9298,0.2488,15.257,0.055,14.572,0.069,14.015,0.054,19.9618,0.01693,20.5937,0.294026,18.2709,0.062518,13.548,0.027,12.967,0.027,10.792,0.13,8.225,,32ori,21.0,Luhman2022,,,
713320383,3.2377146116590336e+18,82.6962849995354,5.94836771480038,9.08826,6.1605,,,,,,,,,,,5.74608,0.00404496,6.12692,0.321181,6.64985,0.780362,,,,,,,,,32ori,21.0,Luhman2022,,,
269201061,3.2372157039640883e+18,80.9147438050716,4.99194729690218,10.4973,16.5653,,,,,14.249,0.032,13.618,0.032,13.239,0.036,18.2854,0.00331,20.8739,0.195993,16.7471,0.010475,13.0,0.024,12.709,0.026,12.05,0.341,8.642,,32ori,21.0,Luhman2022,2829.0,0.183912,0.153399
264463584,3.236331387377944e+18,81.2749397045571,3.98547095862003,,18.9938,,,,,15.428,0.072,14.797,0.085,14.248,0.075,20.2858,0.010064,21.9903,0.014201,18.6182,0.036412,13.885,0.027,13.545,0.035,12.277,0.391,8.677,,32ori,21.0,Luhman2022,,,
365692109,3.238067069561234e+18,81.6724530040354,6.89200898064511,9.28787,16.9003,,,,,14.408,0.031,13.783,0.041,13.4,0.033,18.6095,0.003206,20.6846,0.186064,17.044,0.012153,13.155,0.028,12.881,0.028,11.68,,8.75,,32ori,21.0,Luhman2022,2917.0,0.191415,0.160603
443748405,3.240523378536973e+18,79.8244668862087,5.91714296004928,2.91182,16.6205,,,,,14.926,0.039,14.268,0.058,13.875,0.036,17.9633,0.002161,19.693,0.052503,16.7128,0.010739,13.837,0.027,13.597,0.034,12.2,,8.973,,Theia13,4.897788193684466,Kounkel2020,3192.0,0.414796,0.40808
672648455,3.240525032100155e+18,79.9633445551445,5.87475094317284,2.67041,13.8102,,,15.5292,0.0474,,,,,,,14.7669,0.002613,15.7712,0.015757,13.7174,0.004246,,,,,,,,,Theia13,4.897788193684466,Kounkel2020,3906.0,1.15293,0.61
454226808,3.2405098064399647e+18,79.5741790424443,5.80107041400892,3.25729,11.552,12.808,0.034,12.135,0.046,10.939,0.027,10.644,0.024,10.579,0.021,11.9926,0.000792,12.34,0.00335,11.4996,0.002524,10.541,0.023,10.581,0.021,10.426,0.087,8.96,,Theia13,4.897788193684466,Kounkel2020,5974.0,1.053,1.097
443767473,3.240968130990151e+18,80.526135404426,6.73642396425012,1.61179,12.5019,13.781,0.023,13.162,0.069,11.818,0.026,11.562,0.033,11.482,0.02,12.9427,0.000425,13.2815,0.001759,12.4382,0.001452,11.441,0.024,11.455,0.022,11.509,0.274,9.006,,Theia13,4.897788193684466,Kounkel2020,6342.0,1.33955,1.26
443757697,3.2410100541673103e+18,80.1045917349075,6.68105266396726,1.78933,12.023,13.057,0.022,12.596,0.057,11.467,0.023,11.208,0.032,11.146,0.021,12.3967,0.000253,12.6748,0.003341,11.9641,0.00147,11.106,0.023,11.129,0.021,11.059,0.132,8.969,,Theia13,4.897788193684466,Kounkel2020,6428.4,1.35146,1.3
443757276,3.240908074464054e+18,80.1416386493436,6.13563428411118,1.6745,11.9463,12.868,0.024,12.386,0.046,11.432,0.024,11.206,0.032,11.147,0.026,12.2878,0.000267,12.5345,0.001052,11.8835,0.002801,11.013,0.023,11.02,0.021,10.985,0.129,8.297,,Theia13,4.897788193684466,Kounkel2020,6710.98,1.40746,1.43
443767045,3.2379105308884096e+18,80.5056375502736,6.19312480190649,3.2466,13.3523,15.56,0.061,14.437,0.137,12.267,0.026,11.71,0.03,11.575,0.022,14.0523,0.00146,14.6941,0.005046,13.2902,0.004697,11.525,0.024,11.529,0.022,11.484,0.209,8.298,,Theia13,4.897788193684466,Kounkel2020,4522.0,0.780364,0.711
443757274,3.240906562635563e+18,80.1783316582362,6.13311597207294,1.80865,13.846,16.067,0.067,14.554,0.08,13.061,0.024,12.626,0.027,12.544,0.026,14.4031,0.00036,14.8691,0.002087,13.7913,0.001934,12.489,0.024,12.539,0.026,12.416,,8.886,,Theia13,4.897788193684466,Kounkel2020,5282.0,0.821959,0.91
264590842,3.237890430441645e+18,80.60579555937,5.94299724975623,3.02588,15.0849,19.128,0.164,17.4165,0.0472,13.522,0.027,12.85,0.029,12.61,0.019,16.2911,0.001741,17.6507,0.011854,15.1414,0.003659,12.524,0.024,12.408,0.024,11.816,0.252,8.788,,Theia13,4.897788193684466,Kounkel2020,3427.0,0.605578,0.592616
713233073,3.236068642753053e+18,81.7658529424061,3.58187024776596,2.86391,16.1168,,,17.7413,0.047,,,,,,,17.0308,0.002037,17.7285,0.010829,15.7481,0.009809,,,,,,,,,Theia13,4.897788193684466,Kounkel2020,,,
443756680,3.240989369604824e+18,80.0579016889874,6.64975834034689,2.52149,13.7278,13.52,0.07,15.7172,0.0495,11.96,0.033,11.249,0.046,11.085,0.037,14.7612,0.003992,15.945,0.020627,13.6371,0.008752,10.992,0.06,10.848,0.053,10.613,0.137,8.095,0.323,Theia13,4.897788193684466,Kounkel2020,3690.0,1.42073,
443756527,3.2410291238220703e+18,80.0850598196033,6.87982004356559,1.95741,15.5915,19.148,0.167,16.898,1.133,14.298,0.031,13.569,0.037,13.447,0.038,16.5954,0.001098,17.58,0.011094,15.606,0.007722,13.316,0.026,13.327,0.031,11.931,,8.736,,Theia13,4.897788193684466,Kounkel2020,3794.0,0.623934,0.607192
264483288,3.2358682911188096e+18,81.4216655848655,2.81832161015533,,15.2044,,,16.8655,0.0767,13.585,0.029,12.862,0.03,12.353,0.026,16.2837,0.02411,16.9894,0.083044,15.2043,0.035711,11.403,0.024,10.89,0.021,9.479,0.045,7.651,0.134,Theia13,4.897788193684466,Kounkel2020,3983.0,0.642585,0.621539
264486789,3.235850969514906e+18,81.5754681805205,2.68842726980464,3.56072,16.4177,,,,,14.708,0.047,14.08,0.036,13.888,0.063,17.7581,0.001811,19.3908,0.063466,16.503,0.005956,13.662,0.027,13.486,0.034,12.543,0.485,8.642,,Theia13,4.897788193684466,Kounkel2020,3236.0,0.353151,0.337848
264483216,3.235915978140965e+18,81.3761408644911,2.8945081659328,3.21117,16.1133,,,,,14.205,0.03,13.649,0.037,13.285,0.042,17.6031,0.002198,19.4944,0.079408,16.2283,0.00706,13.154,0.025,12.935,0.029,11.851,,9.071,,Theia13,4.897788193684466,Kounkel2020,3061.0,0.470609,0.468271
457228516,3.236783497110153e+18,81.7760084196558,4.95363396594295,3.69253,15.8449,18.898,0.17,17.9754,0.0486,14.43,0.04,13.786,0.038,13.56,0.052,16.9885,0.001278,18.2341,0.019231,15.8882,0.00388,13.409,0.026,13.277,0.03,12.676,,9.117,,Theia13,4.897788193684466,Kounkel2020,3520.0,0.385408,0.374918
345773770,3.241055374662023e+18,81.1813452520854,6.87830714814191,1.75526,13.5391,15.762,0.05,14.644,0.092,12.437,0.026,11.996,0.03,11.892,0.022,14.2848,0.000396,14.9435,0.002671,13.4965,0.001557,11.765,0.023,11.754,0.023,11.572,0.295,8.187,,Theia13,4.897788193684466,Kounkel2020,6160.13,1.01686,1.17
459990227,3.2343561834576794e+18,81.0964001333794,2.57542357457619,2.04835,16.3443,20.073,0.169,18.1384,0.0475,15.018,0.043,14.383,0.057,14.23,0.076,17.3785,0.001695,18.4148,0.015774,16.3643,0.007127,14.013,0.028,13.981,0.041,12.358,,8.846,,Theia13,4.897788193684466,Kounkel2020,3728.0,0.474122,0.471907
264739670,3.223962813572999e+18,82.4065433783029,2.9027589715473,2.33045,16.2276,20.563,0.164,,,14.423,0.032,13.848,0.04,13.565,0.043,17.6161,0.001736,19.3977,0.060005,16.3272,0.005683,13.42,0.025,13.22,0.028,11.922,,8.691,,Theia13,4.897788193684466,Kounkel2020,3150.0,0.537676,0.534035
264683013,3.235980406945198e+18,82.31894477458,3.11757860617428,2.38458,16.3705,20.547,0.166,,,14.694,0.04,14.083,0.054,13.852,0.052,17.677,0.00191,19.2451,0.075095,16.4486,0.007938,13.636,0.026,13.467,0.032,12.231,0.397,8.424,,Theia13,4.897788193684466,Kounkel2020,3281.0,0.483032,0.481037
264743303,3.223745694386392e+18,82.5548022214302,2.11285842135541,3.13973,15.2388,19.337,0.164,17.7397,0.05,13.63,0.03,13.034,0.026,12.893,0.034,16.4878,0.001354,17.956,0.021217,15.3062,0.002961,12.691,0.024,12.539,0.024,11.955,,8.572,,Theia13,4.897788193684466,Kounkel2020,3354.0,0.542958,0.538877
264683098,3.235985423466994e+18,82.2672232568484,3.23198369823798,,16.5804,16.733,0.078,18.3213,0.2125,14.506,0.045,13.83,0.039,13.336,,17.5317,0.020959,18.318,0.225626,16.2265,0.169486,12.651,0.024,12.064,0.023,9.775,0.046,7.616,0.215,Theia13,4.897788193684466,Kounkel2020,,,
264630473,3.235888593428125e+18,82.0955828550929,3.07421466866619,2.01911,16.5468,19.769,0.169,,,14.748,0.043,14.142,0.043,13.908,0.058,17.9155,0.001999,19.5645,0.066164,16.6352,0.008273,13.761,0.027,13.561,0.034,12.254,,8.45,,Theia13,4.897788193684466,Kounkel2020,3217.0,0.533348,0.530031
138828515,3.2237979168940206e+18,82.6841475690922,2.53566223669317,2.34332,16.1646,20.56,0.165,,,14.48,0.038,13.84,0.038,13.583,0.047,17.4753,0.002029,19.1071,0.034926,16.2478,0.006308,13.453,0.025,13.307,0.032,12.023,,8.692,,Theia13,4.897788193684466,Kounkel2020,3250.0,0.531871,0.528656
138904130,3.2239000683963617e+18,82.9748338875434,2.70865603027711,,16.6594,18.205,0.079,18.1763,0.0855,14.974,0.049,13.993,0.041,13.181,0.036,17.7024,0.022022,18.2478,0.104714,16.6443,0.062906,12.257,0.023,11.581,0.021,10.347,0.068,7.456,0.14,Theia13,4.897788193684466,Kounkel2020,4206.0,0.48513,0.483168
464837782,3.2363038652263506e+18,82.0733755640239,4.11847479888599,1.91349,14.9733,17.508,0.238,16.073,0.069,13.635,0.035,13.031,0.044,12.864,0.044,15.7649,0.000697,16.5042,0.005291,14.8872,0.012613,12.567,0.024,12.589,0.025,12.028,0.301,9.076,,Theia13,4.897788193684466,Kounkel2020,4287.0,0.734063,0.67
138899250,3.2238919938582825e+18,82.8480234091627,2.61491750607646,2.24274,9.7538,9.798,0.046,9.684,0.004,9.617,0.025,9.641,0.022,9.628,0.02,9.74539,0.000484,9.77829,0.001742,9.70928,0.001133,9.582,0.024,9.616,0.02,9.396,0.035,8.082,0.227,Theia13,4.897788193684466,Kounkel2020,10844.0,1.77062,2.82
264739598,3.2239667950064404e+18,82.4200738346909,3.00337690315354,3.28366,16.2508,,,,,14.316,0.029,13.706,0.029,13.468,0.043,17.7717,0.002204,19.9658,0.074192,16.3898,0.005604,13.259,0.026,13.01,0.028,12.377,,8.22,,Theia13,4.897788193684466,Kounkel2020,2938.0,0.435288,0.43067
264683087,3.235984457097974e+18,82.3273742240673,3.2162051575073,,14.9769,18.616,0.165,17.0374,0.0487,13.149,0.031,12.504,0.029,12.241,0.03,16.0197,0.00491,17.0923,0.01505,14.7091,0.011419,12.002,0.024,11.831,0.023,11.204,0.153,8.696,,Theia13,4.897788193684466,Kounkel2020,,,
138904379,3.2235918658377667e+18,82.9869223501702,2.36325043871424,2.19201,16.395,19.901,0.168,,,14.588,0.043,13.933,0.045,13.694,0.05,17.7446,0.002806,19.273,0.080347,16.4733,0.009398,13.556,0.026,13.434,0.031,12.843,,8.718,,Theia13,4.897788193684466,Kounkel2020,3279.0,0.538563,0.534852
138854707,3.236847749821011e+18,82.7940059712575,5.19882262704044,1.1725,14.8877,16.981,-0.087,15.901,0.366,13.861,0.033,13.448,0.04,13.269,0.044,15.5566,0.000678,16.1315,0.003047,14.833,0.003646,13.137,0.026,13.144,0.028,12.399,0.527,8.366,,Theia13,4.897788193684466,Kounkel2020,5335.0,0.909426,0.92
138941299,3.2238847095986166e+18,83.2146850033209,2.62824398447282,,13.8976,16.026,0.074,14.949,0.069,12.815,0.024,12.236,0.027,12.118,0.03,14.5936,0.002142,15.1905,0.005945,13.7873,0.002462,12.017,0.023,12.087,0.023,12.498,0.505,8.961,,Theia13,4.897788193684466,Kounkel2020,,,
713140666,3.223608083633129e+18,83.84982496902,2.15739509333626,2.30123,16.3402,,,,,,,,,,,16.7702,0.002301,,0.0,,0.0,,,,,,,,,Theia13,4.897788193684466,Kounkel2020,,,
220051797,3.223725559579731e+18,83.5934365744929,2.75536489910401,,15.192,19.563,0.162,,,13.427,0.024,12.747,0.026,12.464,0.026,16.3413,0.00207,17.8962,0.014487,15.1313,0.0049,12.369,0.024,12.202,0.024,12.056,0.337,8.774,,Theia13,4.897788193684466,Kounkel2020,,,
713270737,3.2366694571369344e+18,83.4321145647239,5.12125318462378,2.25113,15.895,,,18.0416,0.0586,,,,,,,16.96,0.001675,18.1104,0.028119,15.6516,0.031915,,,,,,,,,Theia13,4.897788193684466,Kounkel2020,,,
200545243,3.333851475987206e+18,83.3072128795487,6.60723476388255,1.72298,11.3754,12.079,0.215,11.675,0.015,10.974,0.025,10.864,0.024,10.792,0.023,11.6112,0.000456,11.786,0.003074,11.3166,0.002065,10.759,0.023,10.782,0.02,10.932,0.157,8.997,,Theia13,4.897788193684466,Kounkel2020,7845.48,1.50111,1.87
220045557,3.22371699970905e+18,83.5168342874626,2.63095985890036,2.45507,11.2926,12.25,0.355,11.814,0.025,10.642,0.024,10.342,0.023,10.235,0.019,11.7227,0.000835,12.0581,0.002436,11.2382,0.001782,10.084,0.022,10.136,0.019,10.067,0.058,8.725,0.366,Theia13,4.897788193684466,Kounkel2020,6085.0,1.53638,1.14
138937054,3.224384746864787e+18,83.1653133548361,3.52369224736193,2.42441,16.227,20.666,0.166,,,14.457,0.044,13.818,0.045,13.488,0.048,17.6235,0.001971,19.4135,0.035961,16.3278,0.006784,13.382,0.029,13.138,0.033,12.326,,8.347,,Theia13,4.897788193684466,Kounkel2020,3143.0,0.536686,0.533122
220062563,3.2237074519978404e+18,83.8597869328376,2.62086994245345,2.76691,16.0916,,,,,14.195,0.027,13.608,0.027,13.279,0.037,17.5174,0.003044,19.4092,0.06052,16.202,0.01259,13.085,0.025,12.843,0.026,11.971,0.331,8.485,,Theia13,4.897788193684466,Kounkel2020,3087.0,0.52318,0.520492
138940922,3.22394058282231e+18,83.2777691885151,3.14036702723727,2.04656,15.7824,20.057,0.164,18.3392,0.0689,14.048,0.034,13.408,0.032,13.084,0.037,17.0737,0.003589,18.5151,0.054514,15.8506,0.008149,13.008,0.025,12.838,0.026,12.357,0.426,8.507,,Theia13,4.897788193684466,Kounkel2020,3346.0,0.676166,0.646399
220056426,3.223725349126255e+18,83.6579448477326,2.75270327058296,,13.7966,16.267,0.142,15.042,0.103,12.492,0.029,11.848,0.026,11.661,0.024,14.6217,0.001321,15.4482,0.005336,13.7167,0.002792,11.589,0.023,11.578,0.021,11.365,0.169,8.824,,Theia13,4.897788193684466,Kounkel2020,,,
138939775,3.236631932009046e+18,83.2332002286379,4.81509576827854,2.77689,15.7129,20.371,0.164,,,13.992,0.037,13.324,0.037,12.971,0.041,17.1492,0.003434,18.9566,0.058461,15.8181,0.013971,12.707,0.025,12.488,0.025,11.821,,8.796,,Theia13,4.897788193684466,Kounkel2020,3118.0,0.57469,0.56693
138979893,3.2237200620216407e+18,83.3728492246336,2.6536151684854,2.92565,15.2489,19.656,0.163,17.6515,0.0536,13.655,0.03,13.008,0.031,12.805,0.032,16.5132,0.00224,17.8305,0.030975,15.3065,0.004894,12.633,0.023,12.515,0.026,11.947,0.298,8.267,,Theia13,4.897788193684466,Kounkel2020,3419.0,0.583762,0.574634
200544839,3.333048214022953e+18,83.2401704021171,6.16610315197672,2.0049,13.5733,15.214,0.054,14.473,0.16,12.786,0.025,12.351,0.026,12.265,0.032,14.1278,0.000536,14.5859,0.002392,13.5164,0.002177,12.202,0.024,12.245,0.024,11.385,0.184,8.904,,Theia13,4.897788193684466,Kounkel2020,5456.0,0.824494,0.95
138938215,3.236862520212098e+18,83.1545648877047,5.23341047313657,,14.8182,19.368,0.163,,,13.105,0.028,12.478,0.026,12.223,0.03,16.2267,0.003971,17.7738,0.012072,14.903,0.006998,12.074,0.023,11.906,0.022,12.176,0.42,8.984,,Theia13,4.897788193684466,Kounkel2020,3245.0,0.685652,0.653243
138979447,3.223615299179716e+18,83.3785969360734,2.06968571069388,2.2917,15.6041,19.039,0.164,17.9569,0.0499,13.299,0.029,12.701,0.028,12.439,0.03,16.7187,0.002626,17.6594,0.019246,15.0245,0.008761,12.312,0.025,12.136,0.024,11.921,0.268,8.969,,Theia13,4.897788193684466,Kounkel2020,,,
220058087,3.236567438778965e+18,83.6990810565806,4.57108340606476,2.44113,17.2786,,,,,14.574,0.026,13.917,0.027,13.622,0.044,17.7086,0.002463,,0.0,,0.0,13.604,0.026,13.435,0.032,12.145,,8.926,,Theia13,4.897788193684466,Kounkel2020,,,
220077312,3.223637285115602e+18,84.1764172717982,2.29479007777293,2.32201,16.0464,20.351,0.165,18.6542,0.058,14.435,0.037,13.772,0.033,13.579,0.043,17.3255,0.002221,18.8512,0.036644,16.1196,0.00667,13.407,0.026,13.215,0.03,12.236,,8.815,,Theia13,4.897788193684466,Kounkel2020,3313.0,0.536356,0.532817
713166714,3.2240189874509563e+18,84.2986996063223,2.49159959787243,2.31204,14.5639,,,16.0236,0.0514,,,,,,,15.4286,0.003014,16.2332,0.035662,14.427,0.00659,,,,,,,,,Theia13,4.897788193684466,Kounkel2020,4034.0,0.866064,0.63
713265558,3.236586478370144e+18,84.2699253963611,4.73379576533167,2.32837,17.4915,,,,,,,,,,,17.9215,0.00332,,0.0,,0.0,,,,,,,,,Theia13,4.897788193684466,Kounkel2020,,,
264543737,3.234311932409739e+18,80.5848516999529,2.11334733757407,2.23639,12.947,14.365,0.05,13.68,0.126,12.257,0.024,11.902,0.022,11.846,0.023,13.4297,0.000365,13.8143,0.001642,12.8899,0.001847,11.82,0.025,11.853,0.025,11.988,0.341,8.577,,Theia13,4.897788193684466,Kounkel2020,5671.0,0.873433,1.01
264739020,3.2360914232596367e+18,82.4416858014794,3.74279727994721,2.58544,15.0838,19.234,0.164,16.626,1.133,13.56,0.028,12.831,0.024,12.662,0.03,16.2674,0.004507,17.5661,0.023551,15.1342,0.009557,12.497,0.023,12.365,0.025,11.783,,8.596,0.368,Theia13,4.897788193684466,Kounkel2020,3470.0,0.65943,0.634147
264739211,3.236031053199515e+18,82.4008171007295,3.50018039304631,3.48932,13.0418,13.842,0.094,14.233,0.126,11.562,0.068,10.931,0.066,10.732,0.064,13.8932,0.004415,14.6545,0.009982,12.8727,0.008137,10.7,0.031,10.639,0.028,10.562,0.092,8.649,,Theia13,4.897788193684466,Kounkel2020,4028.0,,
464838188,3.2360628359573734e+18,82.08899989049,3.59351420106857,3.17494,12.201,14.02,0.052,13.05,0.092,11.355,0.024,10.842,0.021,10.79,0.019,12.7974,0.001461,13.3113,0.003173,12.1477,0.002161,10.68,0.024,10.71,0.022,10.863,0.113,8.814,,Theia13,4.897788193684466,Kounkel2020,5209.72,1.00639,0.89
264629487,3.236686602648258e+18,82.0955949930565,4.32858627645773,2.00276,13.0154,14.767,0.051,13.806,0.103,12.151,0.023,11.713,0.022,11.602,0.027,13.5984,0.000328,14.0983,0.002082,12.9635,0.002051,11.577,0.023,11.629,0.022,11.666,0.211,9.074,,Theia13,4.897788193684466,Kounkel2020,5227.78,1.08499,0.89
264743998,3.2239626761340314e+18,82.4859296928383,2.94241975347907,,15.1608,19.666,0.163,18.0075,0.055,13.455,0.03,12.819,0.033,12.546,0.029,16.7136,0.002916,17.9266,0.026044,15.2317,0.018963,12.268,0.024,12.109,0.023,12.017,0.295,8.659,,Theia13,4.897788193684466,Kounkel2020,3331.0,0.675372,0.645824
138853022,3.2367165299802583e+18,82.6619314447016,4.5368260820893,2.26064,12.8079,14.253,0.063,13.546,0.206,11.984,0.022,11.629,0.026,11.5,0.022,13.321,0.000337,13.7273,0.001381,12.7432,0.001145,11.453,0.022,11.467,0.022,11.945,0.356,8.856,,Theia13,4.897788193684466,Kounkel2020,5943.93,0.907293,1.09
138828497,3.223796581158717e+18,82.6346607676016,2.51838134343853,3.40516,15.358,19.649,0.164,17.9369,0.048,13.772,0.03,13.125,0.031,12.836,0.035,16.6338,0.001443,18.1341,0.014362,15.4295,0.004518,12.721,0.024,12.585,0.025,12.46,0.443,8.542,,Theia13,4.897788193684466,Kounkel2020,3326.0,0.521556,0.518951
264459222,3.235915398319944e+18,81.2155659915253,2.96583146706462,3.01732,12.4516,13.879,0.043,13.031,0.08,11.78,0.024,11.444,0.027,11.374,0.024,12.9387,0.000335,13.3325,0.001261,12.3987,0.000934,11.288,0.023,11.347,0.021,11.325,0.153,8.751,,Theia13,4.897788193684466,Kounkel2020,5593.0,0.826479,0.99
138828554,3.2238017007597184e+18,82.6491980079626,2.59409448487846,2.28229,14.9282,18.685,0.165,16.6785,0.0465,13.524,0.028,12.82,0.026,12.591,0.03,15.8974,0.001587,16.964,0.009191,14.8842,0.00415,12.51,0.024,12.47,0.023,12.203,0.301,9.076,,Theia13,4.897788193684466,Kounkel2020,3903.0,0.8191,0.61
264739876,3.223849288997217e+18,82.4219814282739,2.65978663908686,3.31986,14.9291,19.57,0.162,,,13.205,0.024,12.581,0.026,12.351,0.027,16.2702,0.001101,17.9322,0.019853,15.0173,0.002336,12.196,0.035,11.992,0.035,11.844,0.262,8.141,,Theia13,4.897788193684466,Kounkel2020,3223.0,0.616502,0.601348
457252211,3.236809919748916e+18,81.9520129178398,5.10907028290753,2.17885,12.8417,14.226,0.043,13.512,0.092,12.144,0.024,11.808,0.021,11.79,0.024,13.3263,0.000355,13.7097,0.001328,12.7816,0.001173,11.677,0.023,11.713,0.022,11.28,0.161,8.778,0.39,Theia13,4.897788193684466,Kounkel2020,5884.58,0.886967,1.067
138940722,3.2243712778482447e+18,83.2787708756764,3.42628249603225,2.45514,11.9883,13.223,0.072,12.624,0.092,11.329,0.02,10.99,0.022,10.927,0.025,12.4423,0.001213,12.7998,0.004628,11.9328,0.003227,10.881,0.024,10.903,0.02,10.906,0.141,8.945,,Theia13,4.897788193684466,Kounkel2020,5992.0,1.16005,1.1
138936503,3.223888699617704e+18,83.0730351603782,2.72590117996574,2.44978,14.4289,16.21,0.083,15.752,0.15,13.06,0.062,12.377,0.042,12.275,,15.3299,0.004392,16.267,0.020776,14.3708,0.012222,12.084,0.023,12.09,0.024,12.619,0.541,8.878,,Theia13,4.897788193684466,Kounkel2020,3990.0,0.904355,0.62
138936668,3.22393140877224e+18,83.1050634457144,2.9671869818709,2.46548,14.865,18.248,0.167,16.608,0.046,13.397,0.03,12.66,0.028,12.459,0.03,15.8527,0.003583,16.953,0.012963,14.8098,0.008568,12.368,0.024,12.28,0.023,12.676,,9.035,,Theia13,4.897788193684466,Kounkel2020,3835.0,0.806221,0.59
343840888,3.236587023831515e+18,84.3043292329004,4.77047259415927,2.37872,11.6309,,,12.1773,0.0459,10.978,0.07,10.736,0.082,10.651,0.049,12.0436,0.000446,12.3572,0.001357,11.5582,0.004876,10.451,0.087,10.417,0.06,10.84,0.177,8.14,,Theia13,4.897788193684466,Kounkel2020,6945.0,1.29678,1.52
343862139,3.2240189874487987e+18,84.2978300948104,2.49141781164879,2.49804,12.2295,13.529,0.039,12.828,0.057,11.554,0.036,11.196,0.053,11.024,0.034,12.7096,0.001919,13.0951,0.005745,12.1759,0.004781,10.707,0.023,10.705,0.02,10.934,0.11,9.188,,Theia13,4.897788193684466,Kounkel2020,5891.57,1.01269,1.07
138941378,3.223693536303685e+18,83.2375649490854,2.49726854290203,2.3448,14.53,17.59,0.167,16.145,0.114,13.174,0.026,12.512,0.027,12.31,0.032,15.4494,0.003378,16.4133,0.0122,14.4662,0.007402,12.177,0.024,12.123,0.022,11.842,0.26,8.906,0.475,Theia13,4.897788193684466,Kounkel2020,3969.0,0.90972,0.62
220056251,3.2237015077631386e+18,83.7098577767324,2.55783671114098,2.4064,12.9083,14.673,0.079,13.704,0.149,12.078,0.027,11.576,0.024,11.476,0.022,13.4926,0.002141,13.9854,0.008215,12.8484,0.004995,11.393,0.023,11.414,0.022,11.686,0.34,9.052,,Theia13,4.897788193684466,Kounkel2020,5108.0,1.01231,0.86
220068671,3.236576544109397e+18,83.9974135856622,4.56778014473858,2.3943,11.3379,12.419,0.369,12.094,0.027,10.781,0.024,10.551,0.024,10.506,0.021,11.7001,0.000348,11.9719,0.001687,11.2764,0.00139,10.412,0.023,10.428,0.019,10.217,0.088,8.325,,Theia13,4.897788193684466,Kounkel2020,6780.97,1.38218,1.45
220072491,3.224335303200228e+18,84.1138909113892,3.47942824079116,2.08419,10.1441,10.308,0.062,10.291,0.006,9.978,0.023,9.967,0.022,9.955,0.023,10.1733,0.000523,10.2275,0.000924,10.096,0.001194,9.897,0.024,9.913,0.02,9.271,0.04,7.46,0.183,Theia13,4.897788193684466,Kounkel2020,10169.0,1.70349,2.61
220048965,3.332977256868501e+18,83.570147412674,5.8340749689239,1.98157,16.0672,,,,,14.229,0.044,13.567,0.033,13.259,0.051,17.4788,0.001625,19.1533,0.052778,16.1608,0.005092,,,,,,,,,Theia36,11.748975549395302,Kounkel2020,3186.0,0.655683,0.631369
436244989,3.33299539881006e+18,84.139046165843,6.01695268865405,2.13013,16.3324,,,,,14.216,0.03,13.509,0.037,13.186,0.039,17.8735,0.002141,20.1246,0.120461,16.477,0.006795,12.992,0.025,12.713,0.026,12.445,,8.795,,Theia36,11.748975549395302,Kounkel2020,2915.0,0.641085,0.620401
264540595,3.2358937860446346e+18,81.6300708365054,2.93590987039772,5.98068,6.7217,6.647,0.024,6.50458,0.023,6.511,0.027,6.531,0.034,6.482,0.024,6.66307,0.000511,6.66109,0.002214,6.69671,0.002224,6.368,0.08,6.371,0.023,6.478,0.015,6.36,0.059,Theia44,32.35936569296281,Kounkel2020,10513.0,,
449310689,3.2354521946873887e+18,79.9561891038032,3.42172500409931,6.3655,13.3531,13.733,0.068,13.904,0.412,12.097,0.028,11.433,0.083,11.271,0.059,14.3433,0.000466,15.3154,0.002687,13.3668,0.001686,10.651,0.022,10.633,0.022,10.596,0.102,8.673,,Theia44,32.35936569296281,Kounkel2020,3817.0,0.557827,0.552241
264540631,3.2358670198084475e+18,81.668479107518,2.89266267921584,6.27835,14.8119,19.673,0.162,,,13.085,0.027,12.509,0.027,12.255,0.022,16.1365,0.001128,17.7321,0.029703,14.8942,0.002525,12.098,0.024,11.911,0.021,12.254,0.42,8.573,,Theia44,32.35936569296281,Kounkel2020,3261.0,0.407239,0.399628
713222223,3.2358937860446346e+18,81.6300708365054,2.93590987039772,5.98068,6.7217,,,6.6806,0.0459,,,,,,,6.66307,0.000511,6.66109,0.002214,6.69671,0.002224,,,,,,,,,Theia44,32.35936569296281,Kounkel2020,10513.0,,
449426211,3.2346362539806587e+18,80.470355891376,3.11135360113914,6.43553,14.5878,19.271,0.162,,,12.88,0.022,12.268,0.021,12.006,0.023,15.901,0.00159,17.5309,0.014064,14.6719,0.003334,11.912,0.024,11.721,0.022,11.692,0.251,8.973,,Theia44,32.35936569296281,Kounkel2020,3250.0,0.435626,0.431038
264486956,3.235871379199827e+18,81.5618501705159,2.95761263428387,6.23157,8.36561,8.849,0.0,8.63,0.03,8.049,0.021,7.977,0.042,7.9,0.024,8.56679,0.000657,8.72476,0.001016,8.3308,0.00131,7.88,0.026,7.902,0.02,7.834,0.022,7.223,0.101,Theia44,32.35936569296281,Kounkel2020,7467.0,1.6541,1.715
220067000,3.2237106130937385e+18,83.9575207602555,2.73649108109177,5.40794,11.0223,12.597,0.264,11.583,0.023,10.364,0.022,10.012,0.024,9.921,0.019,11.4925,0.000606,11.8722,0.00256,10.9725,0.001527,9.881,0.023,9.904,0.02,9.904,0.05,8.579,,Theia44,32.35936569296281,Kounkel2020,5678.0,0.866747,1.01
220080099,3.3327440229630264e+18,84.1663801208028,5.28645405834167,6.60886,15.9535,,,,,14.076,0.032,13.497,0.023,13.198,0.03,17.4363,0.001698,19.5403,0.03818,16.0834,0.00364,13.02,0.024,12.801,0.028,11.912,,8.968,,Theia44,32.35936569296281,Kounkel2020,2981.0,0.276542,0.250097
220071527,3.22456541036826e+18,84.0939656583478,4.48386113661257,11.257,13.2414,17.438,0.163,15.676,0.126,11.716,0.024,11.063,0.022,10.809,0.021,14.4581,0.001174,15.8445,0.003472,13.3016,0.002964,10.698,0.023,10.598,0.02,10.523,0.105,9.075,,Theia133,54.954087385762485,Kounkel2020,3409.0,0.43362,0.42885
264462815,3.2358624456677745e+18,81.366294779491,2.79436918159678,2.41941,15.0557,18.408,0.167,16.502,1.133,13.863,0.029,13.137,0.041,12.958,0.032,15.9954,0.000985,16.9173,0.00683,15.0612,0.004454,12.784,0.024,12.806,0.027,12.033,,8.988,,Theia139,128.82495516931323,Kounkel2020,3907.0,0.630242,0.612094
464838175,3.2360629046770463e+18,82.0820209185717,3.60719607484892,1.82272,8.707,10.913,0.056,9.743,0.006,7.672,0.021,7.122,0.029,6.98,0.018,9.38262,0.000339,10.0042,0.002037,8.6647,0.002573,6.921,0.067,7.001,0.021,6.928,0.017,7.019,0.091,Theia139,128.82495516931323,Kounkel2020,4794.87,10.483,
264541106,3.222307013485535e+18,81.7303504825231,2.15968794542046,1.93208,11.6889,12.414,0.312,12.187,0.024,11.188,0.029,11.042,0.03,10.971,0.026,12.0042,0.000249,12.2313,0.001908,11.6297,0.001411,10.985,0.028,10.995,0.027,11.252,0.187,8.294,,Theia139,128.82495516931323,Kounkel2020,6770.0,1.35036,1.45
269118449,3.2343180828030044e+18,80.9358381799478,2.2323718814483,1.82632,12.6877,13.909,0.01,13.312,0.092,12.065,0.023,11.823,0.026,11.747,0.026,13.1118,0.000594,13.4357,0.002284,12.6279,0.001402,11.709,0.023,11.728,0.022,11.729,0.238,8.982,,Theia139,128.82495516931323,Kounkel2020,6063.0,1.0734,1.13
264458719,3.2361840184585974e+18,81.1513161175751,3.70858266137818,2.11193,16.6597,19.926,0.181,18.6888,0.0488,15.25,0.075,14.602,0.064,14.408,0.093,17.7623,0.001951,18.9677,0.01975,16.6966,0.007036,14.156,0.03,14.058,0.042,12.23,0.372,8.573,,Theia139,128.82495516931323,Kounkel2020,3567.0,0.437976,0.433594
264682730,3.2238536870437294e+18,82.3280668494255,2.73299473002497,1.70537,13.2249,14.858,0.011,14.038,0.16,12.332,0.026,11.941,0.024,11.768,0.024,13.7976,0.00092,14.2738,0.00389,13.1641,0.002157,11.703,0.024,11.706,0.022,11.486,0.188,8.911,,Theia139,128.82495516931323,Kounkel2020,5246.0,1.19013,0.9
264743528,3.2237893999734385e+18,82.4840622793537,2.38969808558688,1.89945,15.9042,19.569,0.168,17.6562,0.0475,14.549,0.037,13.923,0.036,13.76,0.06,16.9213,0.001172,17.937,0.016225,15.9217,0.006585,13.65,0.026,13.63,0.036,12.59,,9.074,,Theia139,128.82495516931323,Kounkel2020,3758.0,0.579644,0.571154
264682671,3.2238471243337165e+18,82.2643423050365,2.65578349042151,1.40778,15.0491,17.17,0.069,16.06,0.149,14.144,0.029,13.594,0.033,13.576,0.043,15.7015,0.001266,16.2761,0.004939,14.9945,0.003066,13.416,0.025,13.405,0.034,12.532,,8.96,,Theia139,128.82495516931323,Kounkel2020,4884.0,0.727144,0.8
269199636,3.235925706241484e+18,80.9801900490009,2.91634160169366,1.81604,12.7793,14.074,0.011,13.394,0.103,12.138,0.024,11.909,0.026,11.806,0.027,13.2277,0.000854,13.5768,0.002761,12.7211,0.002524,11.732,0.023,11.758,0.022,11.776,0.255,9.079,,Theia139,128.82495516931323,Kounkel2020,5902.0,1.08248,1.07
264462545,3.2343382476728627e+18,81.2957803652548,2.39535207759676,1.56031,13.6819,15.408,0.087,14.406,0.103,12.926,0.024,12.548,0.026,12.436,0.03,14.1957,0.00179,14.6089,0.006497,13.6207,0.004541,12.386,0.024,12.397,0.025,11.951,0.294,9.061,,Theia139,128.82495516931323,Kounkel2020,5495.0,0.942933,0.96
264541108,3.222307017781196e+18,81.7292439730784,2.15885082870535,1.77996,14.1921,12.41,,15.054,0.046,13.216,0.034,12.767,0.036,12.659,0.03,14.7914,0.001598,15.2753,0.007007,14.1057,0.00299,12.554,0.079,12.601,0.082,11.916,,8.685,,Theia139,128.82495516931323,Kounkel2020,5032.0,0.778311,0.84
449257672,3.237299954042104e+18,79.7118628763835,4.7791581191895,4.63475,15.9652,20.969,0.163,,,14.162,0.03,13.531,0.029,13.278,0.039,17.3811,0.002067,19.2407,0.032215,16.0726,0.004579,13.079,0.025,12.898,0.028,11.891,,8.837,,Theia160,79.43282347242821,Kounkel2020,3105.0,0.35789,0.343319
449309988,3.2347015374834e+18,79.9878532357174,3.41182048050228,3.44584,15.9836,20.023,0.166,18.2294,0.0484,14.478,0.036,13.812,0.027,13.628,0.049,17.1785,0.001509,18.4556,0.017449,16.0328,0.0054,13.445,0.039,13.356,0.04,12.084,,8.846,,Theia160,79.43282347242821,Kounkel2020,3475.0,0.396782,0.387843
672670953,3.241196661904954e+18,79.6862702281502,6.87337902326635,6.11096,14.4707,,,16.5781,0.0467,,,,,,,15.5314,0.000931,16.7961,0.008897,14.3783,0.004905,,,,,,,,,Theia160,79.43282347242821,Kounkel2020,3601.0,0.434629,0.509
264486604,3.2343362204486666e+18,81.5130646349692,2.42891892641134,3.34615,16.4269,20.416,0.172,18.6435,0.0551,14.945,0.058,14.34,0.074,14.304,0.087,17.6122,0.001937,18.8735,0.03455,16.474,0.011486,14.019,0.028,13.944,0.039,12.132,,8.939,,Theia160,79.43282347242821,Kounkel2020,3489.0,0.318381,0.297692
343861261,3.224344133653679e+18,84.2956415064516,3.63586722184419,8.75516,15.8103,20.365,0.163,,,14.17,0.03,13.545,0.032,13.283,0.04,17.1619,0.00164,18.8917,0.033155,15.9037,0.00284,13.124,0.025,12.944,0.028,12.191,,8.877,,Theia160,79.43282347242821,Kounkel2020,3189.0,0.210631,0.179613
457252019,3.236779099063644e+18,81.8562312501397,4.87129836739456,3.52099,12.6028,14.716,0.063,13.606,0.092,11.517,0.024,10.991,0.022,10.878,0.023,13.296,0.000427,13.9253,0.001926,12.541,0.001639,10.761,0.023,10.785,0.02,10.55,0.091,8.334,,Theia160,79.43282347242821,Kounkel2020,4923.05,0.823432,0.808
138899833,3.22401094727061e+18,82.9280917964052,3.44608328185492,4.02214,14.9888,19.008,0.165,16.9533,0.0464,13.626,0.028,12.994,0.029,12.775,0.03,16.0852,0.00103,17.2171,0.008503,15.0209,0.002437,12.631,0.024,12.51,0.025,11.865,,8.606,,Theia160,79.43282347242821,Kounkel2020,3618.0,0.473197,0.470952
264682353,3.223766207150084e+18,82.252004260986,2.26952454931657,3.50652,16.0264,20.126,0.167,18.3091,0.0482,14.551,0.043,13.916,0.039,13.718,0.041,17.2071,0.00141,18.5628,0.016453,16.0803,0.004885,13.557,0.026,13.392,0.032,12.199,,8.642,,Theia160,79.43282347242821,Kounkel2020,3442.0,0.379277,0.367911
220067998,3.224365612785674e+18,83.9697985514074,3.8279772196251,3.04092,12.0783,13.434,0.067,12.718,0.057,11.494,0.024,11.177,0.024,11.077,0.019,12.5365,0.000749,12.9008,0.002744,12.0255,0.001847,11.013,0.023,11.052,0.021,10.758,0.138,8.42,,Theia224,117.48975549395304,Kounkel2020,5811.49,0.941269,1.05
138902341,3.236848952411784e+18,83.0132935772766,5.18059691414139,3.43574,15.2067,18.983,0.166,17.1491,0.0468,13.839,0.03,13.141,0.032,12.97,0.035,16.292,0.001954,17.4195,0.011562,15.2376,0.003391,12.864,0.025,12.761,0.027,12.315,,8.849,,Theia224,117.48975549395304,Kounkel2020,3628.0,0.496203,0.494291
138902338,3.236848952411781e+18,83.0163806839457,5.18618569143189,3.41131,12.2668,13.769,0.014,12.924,0.08,11.477,0.021,11.101,0.022,11.009,0.022,12.7952,0.000833,13.2287,0.003429,12.214,0.001729,10.947,0.024,10.974,0.022,11.092,0.152,8.789,,Theia224,117.48975549395304,Kounkel2020,5797.0,0.831327,1.04
220051015,3.2243782872348616e+18,83.6291320163986,3.61635468663578,3.26544,12.0514,13.439,0.048,12.664,0.069,11.346,0.024,11.006,0.023,10.966,0.025,12.5382,0.000811,12.9203,0.003761,11.9883,0.003268,10.853,0.023,10.867,0.02,10.755,0.105,8.845,,Theia224,117.48975549395304,Kounkel2020,5644.49,0.980809,1.0
220071530,3.224565620822826e+18,84.0461696911834,4.4832838594229,3.05664,13.4652,15.953,0.066,14.366,0.08,12.432,0.026,11.873,0.022,11.74,0.023,14.125,0.003038,14.71,0.009997,13.4024,0.007279,11.732,0.023,11.724,0.022,12.202,0.488,8.974,,Theia224,117.48975549395304,Kounkel2020,4704.0,0.726412,0.752
138853567,3.236898907176049e+18,82.6277155516885,5.29394891618805,3.30018,12.0129,13.73,0.025,12.74,0.092,11.212,0.022,10.764,0.021,10.675,0.022,12.585,0.000513,13.0748,0.002165,11.9614,0.001325,10.619,0.023,10.68,0.021,10.731,0.11,8.753,,Theia224,117.48975549395304,Kounkel2020,5191.28,1.04838,0.88
220060769,3.236592830625378e+18,83.8512372328811,4.64723454406173,3.51094,11.8068,13.215,0.024,12.598,0.069,11.144,0.026,10.679,0.023,10.574,0.019,12.3179,0.00081,12.7304,0.005323,11.7475,0.002807,10.503,0.023,10.53,0.019,10.433,0.084,9.008,,Theia224,117.48975549395304,Kounkel2020,5538.91,0.975058,0.97
138982260,3.333017530776849e+18,83.3146515938265,5.78737910495062,3.60264,12.7641,12.124,0.061,13.6323,0.0459,11.836,0.03,11.372,0.028,11.252,0.033,13.3672,0.000853,13.8814,0.00258,12.7056,0.002492,,,,,,,,,Theia224,117.48975549395304,Kounkel2020,5067.0,0.748703,0.847
138939678,3.2366428970602844e+18,83.221562181004,4.95721994166034,3.27736,13.7468,16.064,0.094,14.774,0.183,12.736,0.028,12.148,0.023,11.988,0.028,14.4711,0.000689,15.1492,0.003352,13.6928,0.002027,11.933,0.023,11.99,0.024,12.076,,8.443,,Theia224,117.48975549395304,Kounkel2020,4487.0,0.669638,0.7
220078567,3.224347986240182e+18,84.1635009386346,3.67141201903278,3.72376,13.7276,16.335,0.15,14.991,0.057,12.588,0.024,11.95,0.022,11.771,0.021,14.5227,0.000847,15.2954,0.004833,13.6773,0.002852,11.728,0.023,11.737,0.022,11.381,0.199,8.824,,Theia224,117.48975549395304,Kounkel2020,4328.0,0.671705,0.676
220060401,3.236660965987666e+18,83.8493169906738,5.08611681781815,3.09743,15.9698,19.796,0.167,18.2859,0.0497,14.534,0.037,13.823,0.033,13.635,0.043,17.1665,0.001428,18.5278,0.021341,16.0253,0.004168,13.484,0.027,13.369,0.031,11.896,,8.917,,Theia224,117.48975549395304,Kounkel2020,3431.0,0.428617,0.423371
343861003,3.224458555878283e+18,84.2901180434176,3.94751188099843,3.10905,11.4978,12.102,0.361,11.747,0.025,10.977,0.023,10.709,0.024,10.631,0.023,11.905,0.000506,12.219,0.002234,11.4439,0.002044,10.569,0.023,10.593,0.021,10.446,0.079,8.777,,Theia224,117.48975549395304,Kounkel2020,6190.0,1.06538,1.19
323422911,3.3327218609319444e+18,84.5069083082406,5.38654334534076,3.28885,12.6136,14.118,0.045,13.251,0.114,11.743,0.024,11.325,0.023,11.194,0.021,13.1725,0.002981,13.6236,0.009975,12.5444,0.009411,11.119,0.023,11.148,0.02,10.791,0.131,8.956,,Theia224,117.48975549395304,Kounkel2020,5370.06,1.10411,0.93
220070606,3.3327613789266995e+18,84.0323532460885,5.44993903515819,3.68603,16.3183,20.433,0.166,18.7709,0.0527,14.776,0.039,14.207,0.037,13.932,0.068,17.5601,0.001686,18.9865,0.027315,16.3815,0.007855,13.834,0.029,13.613,0.035,12.282,0.502,8.561,,Theia224,117.48975549395304,Kounkel2020,3377.0,0.337894,0.320214
220078585,3.22434839855689e+18,84.1899459515767,3.69281465523043,3.66489,14.6429,18.182,0.0,16.638,0.035,13.306,0.029,12.654,0.027,12.392,0.029,15.7592,0.001583,16.7904,0.011488,14.6694,0.011299,12.268,0.023,12.174,0.023,11.649,0.235,8.67,,Theia224,117.48975549395304,Kounkel2020,3672.0,0.570355,0.563201
200475760,3.3341108877148247e+18,82.5320432053784,6.991830335897,3.43159,11.8649,13.211,0.066,12.44,0.057,11.213,0.025,10.892,0.024,10.798,0.025,12.345,0.00133,12.7281,0.005285,11.8094,0.003284,10.747,0.023,10.775,0.021,10.702,0.109,8.618,,Theia224,117.48975549395304,Kounkel2020,5773.51,0.978382,1.035
365690995,3.237979112925973e+18,81.4928651816805,6.44410166891121,3.55612,12.5511,14.216,0.055,13.342,0.092,11.745,0.022,11.332,0.031,11.252,0.021,13.1108,0.001155,13.5821,0.003361,12.4953,0.002722,11.188,0.023,11.225,0.021,11.199,0.191,8.563,,Theia224,117.48975549395304,Kounkel2020,5307.29,0.722102,0.913
138901527,3.2369589035742254e+18,82.930084085047,5.85330494828152,3.76766,12.6365,14.463,0.014,13.523,0.103,11.788,0.025,11.32,0.023,11.235,0.024,13.2367,0.000767,13.7558,0.003192,12.5846,0.00208,11.185,0.023,11.225,0.022,10.884,0.121,9.039,,Theia224,117.48975549395304,Kounkel2020,5035.0,0.759283,0.838
220067822,3.224355407943559e+18,83.8905352704183,3.62001233187546,3.11296,14.6649,18.073,0.0,16.221,0.206,13.416,0.032,12.74,0.026,12.562,0.034,15.6197,0.002018,16.5452,0.010917,14.672,0.005656,12.51,0.026,12.503,0.025,11.844,,9.027,,Theia224,117.48975549395304,Kounkel2020,3889.0,0.602898,0.590447
220059095,3.332952762670102e+18,83.719600068237,5.61268353440532,4.2771,14.3947,18.524,0.164,16.651,0.263,12.965,0.026,12.353,0.026,12.126,0.024,15.5339,0.000667,16.7649,0.005811,14.4374,0.001856,11.965,0.024,11.872,0.023,11.351,0.184,8.76,,Theia224,117.48975549395304,Kounkel2020,3532.0,0.558524,0.552857
138982128,3.23689145540792e+18,83.3413491583801,5.63634330923729,3.36324,11.2542,12.781,0.282,11.84,0.022,10.608,0.025,10.288,0.023,10.203,0.022,11.7271,0.000451,12.1058,0.001822,11.2007,0.0009869999,10.133,0.023,10.174,0.021,9.991,0.096,8.095,0.287,Theia224,117.48975549395304,Kounkel2020,5667.97,1.25318,1.007
436152695,3.333158474423473e+18,84.0154969587683,6.42053898992329,3.34814,11.3943,12.588,0.403,12.036,0.028,10.706,0.024,10.357,0.023,10.272,0.021,11.8818,0.000697,12.2768,0.002675,11.3422,0.002179,10.247,0.023,10.281,0.019,10.134,0.081,8.82,,Theia224,117.48975549395304,Kounkel2020,5670.51,1.17489,1.008
449257318,3.237313942751016e+18,79.8128227960739,5.04961426975133,1.32807,12.8851,13.963,0.035,13.394,0.103,12.333,0.024,12.052,0.023,12.031,0.026,13.2802,0.000281,13.5748,0.002053,12.822,0.001297,11.968,0.024,11.969,0.022,12.085,0.329,8.982,,Theia271,87.09635899560814,Kounkel2020,6362.0,1.2698,1.27
454226478,3.2374738873332936e+18,79.5609365080941,5.3185067343131,1.15557,8.7319,8.638,0.0,8.69,0.03,8.706,0.024,8.72,0.049,8.728,0.019,8.67089,0.000522,8.66928,0.002104,8.6859,0.001963,8.729,0.027,8.776,0.027,8.758,0.032,8.817,0.472,Theia271,87.09635899560814,Kounkel2020,12618.0,,
443757140,3.24052819319668e+18,80.0477839515422,5.98775128302467,1.18084,13.1564,14.371,0.038,13.733,0.057,12.521,0.026,12.19,0.032,12.11,0.021,13.5945,0.000408,13.9324,0.00229,13.0969,0.00123,12.061,0.023,12.078,0.024,11.978,0.369,8.889,,Theia271,87.09635899560814,Kounkel2020,6066.0,1.35359,1.13
371693044,3.240919584976379e+18,80.2932524993297,6.35176978112039,2.00477,15.0419,17.724,0.063,16.666,1.133,13.758,0.025,13.08,0.03,12.927,0.029,15.8912,0.001966,16.7511,0.011471,14.9753,0.00546,12.777,0.025,12.721,0.026,12.103,,8.377,,Theia271,87.09635899560814,Kounkel2020,4034.0,0.780953,0.63
449257408,3.237462887921624e+18,79.7384227525411,5.30664856282393,1.23747,11.5894,12.017,0.307,11.705,0.022,11.291,0.023,11.297,0.025,11.203,0.021,11.7173,0.000358,11.8148,0.002306,11.5309,0.001664,11.168,0.023,11.19,0.022,11.032,0.135,8.999,,Theia271,87.09635899560814,Kounkel2020,8506.0,1.70087,2.12
371692561,3.2410226298314803e+18,80.2991860476438,6.90796073675357,1.28202,14.9154,14.936,0.068,15.353,0.252,13.891,0.035,13.492,0.046,13.407,0.03,15.5729,0.000957,16.1293,0.006324,14.8515,0.003208,,,,,,,,,Theia271,87.09635899560814,Kounkel2020,5256.0,0.816092,0.9
449307726,3.2374722380657987e+18,79.9642308000913,5.49882279759355,1.03225,15.5098,13.385,0.082,16.109,0.149,14.453,0.072,13.844,0.091,13.676,0.075,16.1788,0.003229,16.7123,0.024598,15.3999,0.009628,12.753,0.049,12.65,0.052,11.46,0.25,8.267,,Theia271,87.09635899560814,Kounkel2020,4929.0,0.811048,0.81
449261384,3.2370616348961224e+18,79.9018410888871,4.30558169644122,1.43932,16.0363,19.186,0.169,17.605,0.0467,14.8,0.033,14.071,0.039,13.96,0.057,16.9784,0.001175,17.8966,0.012611,16.0412,0.0042,13.878,0.027,13.939,0.039,12.465,,8.799,,Theia271,87.09635899560814,Kounkel2020,3908.0,0.653084,0.629433
443766461,3.2409440491100826e+18,80.3636939212796,6.44415344053875,1.46562,10.7947,11.418,0.195,11.243,0.016,10.44,0.026,10.355,0.03,10.33,0.018,10.9858,0.000771,11.1301,0.002115,10.7486,0.002413,10.293,0.023,10.307,0.021,10.364,0.08,9.116,,Theia271,87.09635899560814,Kounkel2020,7701.0,2.23878,1.81
443756962,3.240927075399244e+18,79.9719852985191,6.29052176789488,10.1983,15.2746,20.628,0.164,,,13.257,0.024,12.77,0.037,12.406,0.025,16.808,0.001657,18.9695,0.047989,15.4127,0.004392,12.2,0.024,11.959,0.023,11.615,0.24,8.388,,Theia370,213.79620895022325,Kounkel2020,2945.0,0.261128,0.233001
365747593,3.2380005534028104e+18,81.7167856261421,6.47298919288272,10.0764,8.637,9.855,0.05,9.272,0.003,8.06,0.024,7.834,0.038,7.707,0.023,9.05588,0.001939,9.3923,0.006717,8.59512,0.004537,7.649,0.027,7.676,0.021,7.636,0.021,7.282,0.149,Theia370,213.79620895022325,Kounkel2020,5850.0,1.28125,1.06
264482486,3.2362898163898337e+18,81.4572429291455,4.01018867187032,8.34115,13.7574,17.651,0.279,16.149,0.16,12.23,0.026,11.586,0.026,11.363,0.026,14.9586,0.000824,16.3061,0.005193,13.8134,0.002648,11.213,0.023,11.128,0.022,11.098,0.14,8.803,,Theia370,213.79620895022325,Kounkel2020,3436.0,0.44785,0.444251
436102217,3.333055871948408e+18,83.6600934659637,6.12687257314933,9.70103,7.50901,7.938,0.0,7.73,0.03,7.258,0.024,7.191,0.031,7.144,0.027,7.67607,0.0005,7.81417,0.00174,7.47882,0.001471,7.091,0.039,7.125,0.019,7.154,0.019,7.231,0.122,Theia370,213.79620895022325,Kounkel2020,7557.39,1.57284,1.751
449312342,3.237415647576914e+18,80.0747906708035,5.19781370287336,10.7175,15.0436,20.515,0.165,18.28,0.2,13.043,0.028,12.481,0.025,12.113,0.026,16.6097,0.001601,18.8932,0.04153,15.193,0.010818,11.925,0.025,11.675,0.022,11.493,0.225,8.689,,Theia370,213.79620895022325,Kounkel2020,2899.0,0.280538,0.254577
365747298,3.238063569162793e+18,81.7764583008412,6.8438127304795,9.14627,14.4331,19.832,0.164,,,12.496,0.023,11.909,0.031,11.643,0.023,15.9092,0.001381,17.9259,0.010997,14.557,0.005705,11.477,0.023,11.239,0.02,11.155,0.165,8.909,,Theia370,213.79620895022325,Kounkel2020,3017.0,0.379255,0.367887
264463714,3.236343791243512e+18,81.3106941601096,4.19672773586673,8.93342,8.22869,9.09,0.034,8.656,0.002,7.789,0.024,7.575,0.061,7.503,0.033,8.54663,0.000447,8.79169,0.001409,8.18908,0.001753,7.435,0.034,7.449,0.021,7.421,0.018,7.242,0.127,Theia370,213.79620895022325,Kounkel2020,6555.0,1.46295,1.357
138901407,3.23694821769562e+18,82.8154117128403,5.66288373622113,10.1785,8.081,8.963,0.028,8.52,0.002,7.614,0.019,7.45,0.024,7.395,0.017,8.39828,0.00056,8.64238,0.001084,8.04179,0.001543,7.374,0.035,7.405,0.02,7.373,0.018,6.606,0.067,Theia370,213.79620895022325,Kounkel2020,6560.66,1.35393,1.36
365692096,3.2380665928197806e+18,81.6617905949039,6.86865889853154,9.81987,6.44924,6.385,0.024,6.40903,0.023,6.394,0.026,6.418,0.038,6.438,0.023,6.39531,0.000674338,6.4018,0.002041,6.43041,0.003582,6.449,0.079,6.435,0.022,6.312,0.016,4.766,0.031,Theia370,213.79620895022325,Kounkel2020,10398.0,1.77191,2.68
200475619,3.3338944943794627e+18,82.5719379425812,6.80641634904134,8.05034,14.4729,19.171,0.163,,,12.768,0.03,12.107,0.028,11.834,0.028,15.831,0.000886,17.5341,0.01125,14.5656,0.002284,11.649,0.023,11.509,0.021,11.399,0.188,8.236,,Theia370,213.79620895022325,Kounkel2020,3198.0,0.390964,0.381244
457229913,3.2358964661041884e+18,81.7964502164052,3.06486502263458,9.04689,14.0382,,,16.4542,0.0464,12.497,0.021,11.876,0.022,11.648,0.023,15.2706,0.00054,16.6753,0.006882,14.1004,0.003059,11.476,0.023,11.36,0.022,10.899,0.111,8.466,,Theia676,467.7351412871981,Kounkel2020,3392.0,0.381741,0.37073
313140591,3.237939324349219e+18,80.938049507894,6.34764122260795,17.0324,15.1022,20.529,0.164,18.33,0.2,13.16,0.026,12.557,0.032,12.251,0.02,16.5966,0.001138,18.701,0.025988,15.2334,0.003282,12.041,0.023,11.851,0.023,11.059,0.146,8.089,,Theia1004,645.6542290346563,Kounkel2020,2977.0,0.179356,0.149086
449260427,3.235456970691021e+18,79.8421005663785,3.53812193294626,5.54729,14.2932,18.098,0.164,16.4703,0.0462,12.818,0.024,12.186,0.023,11.9,0.019,15.4549,0.000818,16.7206,0.00625,14.3401,0.001728,11.807,0.022,11.744,0.021,11.601,0.251,8.976,,Theia1348,676.0829753919818,Kounkel2020,3500.0,0.502039,0.500067
457228569,3.2367762472053714e+18,81.7621654867418,4.87075387348977,5.6534,13.0302,16.073,0.086,14.521,0.195,11.833,0.024,11.147,0.024,11.018,0.023,13.9559,0.000358,14.8524,0.004233,13.034,0.001989,10.905,0.023,10.961,0.02,10.835,0.114,8.579,,Theia1348,676.0829753919818,Kounkel2020,3946.0,0.650775,0.627708
269200943,3.2371635501765007e+18,80.9929168084019,4.84406563058834,4.732,14.8286,18.587,0.165,16.702,1.133,13.403,0.024,12.76,0.026,12.556,0.029,15.9702,0.000841,17.1917,0.006828,14.8705,0.004701,12.417,0.024,12.31,0.024,11.822,0.257,8.456,,Theia1348,676.0829753919818,Kounkel2020,3536.0,0.452797,0.449539
264744184,3.223976759330356e+18,82.5248723342343,3.1725353025058,4.67746,11.8037,13.453,0.048,12.663,0.08,11.064,0.024,10.636,0.026,10.528,0.021,12.3574,0.001841,12.8275,0.006627,11.7561,0.004126,10.399,0.022,10.428,0.022,10.327,0.066,8.926,,Theia1348,676.0829753919818,Kounkel2020,5270.0,0.818917,0.903
138854444,3.236944850441275e+18,82.800352472171,5.57065638074363,5.05498,12.0568,13.927,0.025,12.907,0.069,11.182,0.025,10.71,0.022,10.604,0.022,12.6674,0.000263,13.2023,0.002281,12.0083,0.001212,10.55,0.023,10.617,0.02,10.737,0.111,8.567,,Theia1348,676.0829753919818,Kounkel2020,4919.45,0.78251,0.807
220070919,3.332734333516702e+18,84.0519556933539,5.12819951689377,6.85877,14.4116,18.861,0.163,,,12.755,0.026,12.171,0.026,11.89,0.023,15.7241,0.00158,17.3234,0.012191,14.4935,0.004768,11.669,0.023,11.502,0.021,12.103,0.391,8.811,,Theia1348,676.0829753919818,Kounkel2020,3264.0,0.43238,0.427496
264590859,3.237890670959809e+18,80.6068207633241,5.96660584512246,2.27864,10.2875,11.063,0.134,10.688,0.009,9.853,0.027,9.681,0.024,9.656,0.023,10.5633,0.000471,10.77,0.000666,10.2389,0.000586,9.614,0.022,9.623,0.02,9.534,0.042,8.283,,Theia1363,1318.2567385564048,Kounkel2020,7091.0,2.06144,1.57
365637631,3.238031752045149e+18,81.3659509086881,6.5858700985729,2.53204,16.2903,20.535,0.167,18.5337,0.0547,14.842,0.043,14.133,0.046,13.945,0.045,17.4897,0.001398,18.7533,0.034808,16.3387,0.00597,13.76,0.027,13.68,0.036,12.495,,8.916,,Theia1363,1318.2567385564048,Kounkel2020,3480.0,0.447871,0.444274
365782982,3.2377497573765494e+18,81.9841453740571,5.93755157829478,2.2439,16.1467,20.554,0.163,18.2572,0.0493,14.587,0.026,13.827,0.041,13.647,0.031,17.2916,0.001386,18.5076,0.021566,16.1878,0.005553,13.501,0.026,13.515,0.033,12.153,,9.029,,Theia1363,1318.2567385564048,Kounkel2020,3536.0,0.536783,0.533212
426184073,3.334001524964789e+18,83.3816260005417,6.96190594723835,3.31691,9.88179,11.272,0.085,10.574,0.006,9.189,0.019,8.847,0.028,8.767,0.024,10.3694,0.000403,10.7677,0.001077,9.83412,0.000681,8.707,0.024,8.761,0.02,8.713,0.031,8.545,0.354,Theia1363,1318.2567385564048,Kounkel2020,5702.29,2.53055,1.016
323345365,3.3327702780990285e+18,84.4227503173739,5.47179495010914,1.32006,13.8411,15.875,0.068,14.893,0.149,12.821,0.028,12.487,0.031,12.266,0.026,14.5288,0.000466,15.1187,0.00151,13.7853,0.000518,12.174,0.023,12.183,0.023,11.562,0.234,8.603,0.436,Theia1563,1905.4607179632444,Kounkel2020,5485.0,1.32776,0.96
345838365,3.334098007109677e+18,82.2675910412558,6.94195132149105,1.68556,11.7801,13.263,0.068,12.525,0.069,10.956,0.023,10.591,0.031,10.532,0.018,12.3124,0.000205,12.7423,0.001231,11.7197,0.001442,10.469,0.023,10.487,0.02,10.33,0.105,8.522,,Theia1563,1905.4607179632444,Kounkel2020,6080.0,2.06027,1.14
435934183,3.333073708948807e+18,83.450012483291,6.2884921164816,1.16489,14.2269,15.393,0.068,15.024,0.057,13.4,0.026,13.043,0.031,12.962,0.033,14.7863,0.000409,15.2472,0.00302,14.1691,0.001331,12.746,0.024,12.79,0.025,12.055,,8.729,,Theia1563,1905.4607179632444,Kounkel2020,5526.0,1.04041,0.97
284280305,3.3330878308015176e+18,84.3918067399138,6.10113432432898,1.00722,15.1661,17.311,0.07,16.32,1.133,14.046,0.033,13.582,0.044,13.39,0.052,15.9009,0.000703,16.5459,0.005568,15.1188,0.002542,13.224,0.025,13.22,0.029,12.123,,9.019,,Theia1563,1905.4607179632444,Kounkel2020,5468.0,1.00682,0.96
200522044,3.333797084521475e+18,83.0011811119511,6.19949404919497,1.05768,13.3585,14.749,0.034,14.12,0.149,12.623,0.028,12.281,0.026,12.189,0.031,13.842,0.000295,14.2194,0.002264,13.2932,0.001576,12.136,0.024,12.162,0.024,12.013,0.37,8.921,,Theia1563,1905.4607179632444,Kounkel2020,6264.18,1.40489,1.22
436157808,3.333946377584864e+18,83.8814752529087,6.93843112847035,1.81837,14.1257,16.036,0.087,14.907,0.103,13.182,0.029,12.721,0.027,12.614,0.03,14.7638,0.000392,15.311,0.002392,14.0708,0.001695,12.473,0.024,12.503,0.027,11.89,,8.821,,Theia1563,1905.4607179632444,Kounkel2020,5219.0,0.812707,0.89
264481671,3.2375573471380844e+18,81.4064907199228,5.21706900580391,1.10603,13.4375,14.695,0.054,14.009,0.092,12.758,0.027,12.459,0.027,12.372,0.03,13.8865,0.000461,14.2325,0.001713,13.3751,0.001129,12.321,0.023,12.308,0.024,12.462,0.491,8.933,0.504,Theia3911,288.4031503126612,Kounkel2020,6156.68,1.25945,1.17
264482456,3.236337816944336e+18,81.3801351267513,4.05937788209967,1.15512,15.0317,16.944,0.071,16.091,0.206,14.074,0.034,13.588,0.03,13.319,0.038,15.6984,0.000719,16.2952,0.003994,14.9754,0.002567,13.318,0.024,13.366,0.032,11.859,,8.917,,Theia3911,288.4031503126612,Kounkel2020,4725.0,0.927951,0.76
269200421,3.2362570715587174e+18,80.9404657933122,4.10607413249146,0.942523,12.2229,13.425,0.053,12.781,0.08,11.607,0.022,11.368,0.022,11.309,0.023,12.6452,0.000266,12.9716,0.001288,12.1669,0.001473,11.253,0.024,11.274,0.021,11.233,0.162,8.988,,Theia3911,288.4031503126612,Kounkel2020,6143.0,2.52386,1.16
138829407,3.236042250177764e+18,82.6496473285446,3.74038181176741,1.10054,12.6701,13.989,0.051,13.292,0.137,11.912,0.021,11.598,0.025,11.473,0.022,13.1563,0.001038,13.5151,0.002427,12.5843,0.002077,11.42,0.023,11.45,0.022,11.328,0.179,8.768,,Theia3911,288.4031503126612,Kounkel2020,5856.0,,
264482129,3.2363857444822856e+18,81.4868331015835,4.51370952405627,1.44474,16.0732,18.701,0.078,17.3689,0.0507,14.879,0.051,14.222,0.066,14.092,0.063,16.8739,0.001564,17.6225,0.029664,15.9819,0.022877,,,,,,,,,Theia3911,288.4031503126612,Kounkel2020,4248.0,0.598532,0.66
264459676,3.234328734321872e+18,81.1519611760823,2.25072714333545,0.90334,15.1971,16.899,0.057,16.245,0.309,14.421,0.039,14.01,0.043,13.897,0.057,15.7567,0.000766,16.2298,0.005289,15.1458,0.001484,13.894,0.026,13.996,0.042,12.451,,8.961,,Theia3911,288.4031503126612,Kounkel2020,5235.0,0.87715,0.89
457228794,3.2363805260990034e+18,81.7703747461403,4.57616085182847,0.889093,15.5847,17.292,0.081,16.071,0.138,14.722,0.051,14.276,0.042,14.283,0.081,16.173,0.000853,16.6794,0.004359,15.5349,0.002878,14.169,0.029,14.272,0.049,12.452,,8.897,,Theia3911,288.4031503126612,Kounkel2020,5119.0,0.787528,0.86
464837851,3.236296653977863e+18,82.0773274342599,4.02958806044988,0.941934,14.83,16.37,0.051,15.62,0.115,14.082,0.033,13.657,0.028,13.677,0.052,15.3405,0.001422,15.7282,0.002622,14.7482,0.002291,13.547,0.026,13.576,0.035,12.636,0.542,8.969,,Theia3911,288.4031503126612,Kounkel2020,5632.0,0.896241,1.0
269200483,3.23635262169643e+18,80.9301144633396,4.202304714522,0.87039,15.1862,16.599,-0.083,15.978,0.183,14.402,0.03,14.038,0.022,13.894,0.058,15.7288,0.000737,16.1775,0.007468,15.1305,0.002084,13.887,0.027,13.966,0.041,12.685,,8.974,,Theia3911,288.4031503126612,Kounkel2020,5376.0,0.878949,0.93
264539401,3.236393406703865e+18,81.731868411199,4.62997031841499,1.07286,11.7552,12.872,0.072,12.281,0.069,11.213,0.024,10.997,0.026,10.874,0.019,12.157,0.000166,12.4637,0.001571,11.6987,0.001458,10.839,0.022,10.854,0.021,10.848,0.123,8.111,,Theia3911,288.4031503126612,Kounkel2020,6209.85,2.7124,1.19
264540260,3.235959275705749e+18,81.7046185455762,3.40307261292076,1.17943,14.4694,15.923,0.067,15.311,0.378,13.754,0.023,13.379,0.033,13.378,0.039,14.9671,0.000472,15.3611,0.003607,14.4066,0.001698,13.148,0.026,13.202,0.031,11.9,,8.911,,Theia3911,288.4031503126612,Kounkel2020,5635.0,0.832968,1.0
264537045,3.236286238680132e+18,81.5259224525129,3.96301238734054,1.31413,13.2279,14.418,0.064,13.789,0.08,12.62,0.027,12.353,0.03,12.258,0.026,13.6404,0.000345,13.9502,0.001575,13.1643,0.001633,12.225,0.023,12.241,0.023,11.375,0.15,8.471,,Theia3911,288.4031503126612,Kounkel2020,6219.0,1.12938,1.2
264739079,3.236038165665176e+18,82.4250507566623,3.67368518125063,0.881463,13.9836,15.272,0.053,14.723,0.16,13.344,0.028,13.048,0.029,12.963,0.035,14.4178,0.000558,14.7494,0.002245,13.9212,0.001417,12.957,0.025,13.0,0.028,12.245,,8.804,,Theia3911,288.4031503126612,Kounkel2020,6102.0,1.22024,1.15
459989863,3.235938934740722e+18,81.0410316648672,3.13694035073429,0.790389,14.4052,15.744,0.042,15.023,0.16,13.798,0.032,13.481,0.04,13.468,0.052,14.8638,0.000921,15.2162,0.002957,14.3403,0.002477,13.31,0.026,13.283,0.03,12.518,,8.771,,Theia3911,288.4031503126612,Kounkel2020,5960.0,1.16518,1.09
220045840,3.2239195503670784e+18,83.4741460675947,2.94011602544244,0.659619,16.1321,18.049,0.073,17.0258,0.046,15.148,0.038,14.7,0.045,14.742,0.113,16.7488,0.001035,17.282,0.00835,16.0779,0.004373,14.534,0.031,14.661,0.06,12.49,,8.76,,Theia3911,288.4031503126612,Kounkel2020,5030.0,0.853623,0.84
264739792,3.2238551988722043e+18,82.4215099647693,2.77268915273653,0.835907,15.9686,,,16.9187,0.0461,15.068,0.045,14.566,0.057,14.542,0.095,16.6154,0.001029,17.1778,0.008918,15.9131,0.003853,14.385,0.03,14.506,0.055,12.253,,8.978,,Theia3911,288.4031503126612,Kounkel2020,5011.0,0.771587,0.83
264687050,3.236092797649171e+18,82.3767891828642,3.80570692435373,1.29237,15.1248,17.28,0.0,16.157,0.16,14.181,0.035,13.642,0.029,13.551,0.043,15.7865,0.000992,16.3833,0.005046,15.0752,0.002677,13.516,0.026,13.635,0.034,12.094,,8.675,,Theia3911,288.4031503126612,Kounkel2020,4751.0,0.788197,0.76
220061508,3.2244114443824154e+18,83.8199936112656,3.7939854924732,1.16979,11.3528,11.807,0.208,11.826,0.022,11.001,0.026,10.911,0.023,10.863,0.023,11.5249,0.000623,11.6547,0.001942,11.2857,0.001298,10.822,0.023,10.821,0.022,10.716,0.105,9.104,,Theia3911,288.4031503126612,Kounkel2020,8422.0,2.1335,2.09
138899841,3.2240115313882045e+18,82.8427663087059,3.45615464182817,1.52191,16.596,,,18.5482,0.0552,15.393,0.081,14.468,0.061,14.245,0.079,17.6983,0.001586,18.7978,0.037648,16.6254,0.014765,,,,,,,,,Theia3911,288.4031503126612,Kounkel2020,3635.0,0.578393,0.570091
138856456,3.2238933725420165e+18,82.7864671538198,2.67180841863104,1.1791,13.5208,15.01,0.068,14.256,0.092,12.754,0.025,12.384,0.025,12.299,0.029,14.0474,0.000398,14.4719,0.004654,13.4604,0.00133,12.235,0.024,12.238,0.023,12.277,0.391,8.616,,Theia3911,288.4031503126612,Kounkel2020,5683.0,1.33857,1.01
264487105,3.235948761626001e+18,81.540144695375,3.16909014692505,,11.8893,12.912,0.04,12.399,0.08,11.296,0.022,11.081,0.022,11.03,0.019,12.2608,0.000275,12.5356,0.001413,11.8316,0.001973,10.987,0.024,11.006,0.021,11.103,0.146,9.013,0.49,Theia3911,288.4031503126612,Kounkel2020,6566.0,1.51053,
264537474,3.2363950559714253e+18,81.5056089695498,4.59146623530471,1.22256,14.6787,16.511,0.11,15.458,0.252,13.832,0.027,13.456,0.027,13.295,0.038,15.2627,0.000933,15.7588,0.004991,14.6244,0.002903,13.304,0.026,13.336,0.031,12.462,,9.148,,Theia3911,288.4031503126612,Kounkel2020,5165.0,0.866333,0.87
264539429,3.236393067403522e+18,81.626310567115,4.5965266336412,1.28205,13.4494,14.695,0.079,14.075,0.149,12.847,0.027,12.536,0.027,12.526,0.03,13.8929,0.000302,14.2384,0.001225,13.3922,0.001506,12.428,0.025,12.469,0.025,11.795,,8.861,,Theia3911,288.4031503126612,Kounkel2020,5875.47,1.1441,1.06
264539964,3.2362718118870994e+18,81.6362225952699,3.82645174414815,0.701711,15.7804,17.405,0.075,16.547,0.0546,14.76,0.041,14.39,0.051,14.211,0.071,16.3283,0.01407,16.7472,0.054922,15.6893,0.043268,14.394,0.03,14.367,0.051,12.572,,8.613,,Theia3911,288.4031503126612,Kounkel2020,5365.0,0.828088,0.93
264537402,3.23638468362739e+18,81.5350018205075,4.49251903829755,1.54304,15.0233,17.069,0.07,15.986,0.217,14.049,0.032,13.509,0.029,13.342,0.038,15.6784,0.000585,16.2568,0.004894,14.9644,0.002444,13.276,0.025,13.303,0.029,12.299,,9.092,,Theia3911,288.4031503126612,Kounkel2020,4792.0,0.683273,0.77
220046008,3.223926392250615e+18,83.4884149125261,3.12758600012198,0.773347,14.8714,16.316,0.019,15.773,0.16,14.11,0.026,13.798,0.032,13.647,0.045,15.373,0.000511,15.7722,0.004297,14.8106,0.002319,13.661,0.026,13.728,0.038,12.548,0.507,8.995,,Theia3911,288.4031503126612,Kounkel2020,5762.0,1.03683,1.03
138903591,3.2240091305001825e+18,83.0324380786729,3.43973890743467,1.26173,15.049,17.394,-0.122,16.285,0.4,13.896,0.03,13.306,0.027,13.184,0.04,15.826,0.000806,16.5656,0.003973,15.0008,0.002549,13.076,0.025,13.178,0.031,12.396,,8.447,,Theia3911,288.4031503126612,Kounkel2020,4457.0,1.01894,0.7
138829450,3.236045857951159e+18,82.6489267439892,3.78523991639324,0.848214,15.9045,17.956,0.075,16.472,1.133,15.015,0.042,14.625,0.061,14.379,0.077,16.5104,0.000863,17.0337,0.008002,15.8554,0.005386,14.534,0.033,14.497,0.056,12.592,,8.852,,Theia3911,288.4031503126612,Kounkel2020,5157.0,0.726423,0.87
443767188,3.2409396510635704e+18,80.4549000930019,6.37272134530216,0.931416,12.9176,13.867,0.033,13.461,0.069,12.401,0.029,12.185,0.033,12.111,0.02,13.2683,0.000359,13.5241,0.001882,12.8547,0.001186,12.09,0.024,12.101,0.023,12.106,0.408,8.888,,Theia3968,301.9951720402019,Kounkel2020,6643.0,1.64989,1.4
343861887,3.2240457579818445e+18,84.3455022710322,2.82054536587605,1.19208,13.9074,15.567,0.064,14.767,0.114,13.116,0.024,12.706,0.024,12.599,0.03,14.4762,0.00038,14.9477,0.002021,13.8507,0.001133,12.512,0.024,12.55,0.026,12.134,0.41,9.082,,Theia4484,398.10717055349687,Kounkel2020,5516.0,1.19541,0.97
220078155,3.224139319549184e+18,84.2179863320071,3.23735620372565,0.610337,13.7455,15.001,0.048,14.395,0.08,13.076,0.023,12.795,0.023,12.7,0.026,14.1904,0.000397,14.5309,0.002728,13.6802,0.001145,12.689,0.024,12.708,0.027,12.462,0.48,8.413,,Theia4484,398.10717055349687,Kounkel2020,6271.0,1.95246,1.22
220078042,3.224102176672026e+18,84.1687869870257,3.10883198836374,0.549512,14.8777,16.181,0.109,15.779,0.069,14.222,0.03,13.803,0.022,13.862,0.055,15.3485,0.000712,15.716,0.002898,14.8154,0.002315,13.815,0.027,13.804,0.038,12.339,,9.09,,Theia4484,398.10717055349687,Kounkel2020,6073.0,1.33736,1.14
220057876,3.236543563056887e+18,83.7309147985081,4.3404665499703,0.525441,15.0855,16.327,0.037,15.865,0.081,14.42,0.034,14.067,0.037,13.992,0.06,15.5574,0.000629,15.9235,0.002803,15.019,0.001554,13.952,0.027,13.969,0.044,11.65,,8.745,,Theia4484,398.10717055349687,Kounkel2020,6290.0,1.25818,1.23
220078224,3.224144267351503e+18,84.2170882452945,3.30709693757827,0.484502,16.4094,17.582,0.083,17.1449,0.0461,15.655,0.054,15.403,0.095,15.356,0.179,16.9402,0.001086,17.3793,0.012355,16.3596,0.005249,15.203,0.04,15.394,0.099,12.561,,8.947,,Theia4484,398.10717055349687,Kounkel2020,5719.0,0.815543,1.02
220068055,3.224414060016768e+18,83.9385515030966,3.89060562606499,0.73859,13.7085,14.989,0.081,14.446,0.069,13.056,0.026,12.754,0.023,12.688,0.033,14.1627,0.000358,14.5122,0.001774,13.6421,0.001223,12.591,0.024,12.604,0.025,12.429,0.478,8.188,,Theia4484,398.10717055349687,Kounkel2020,6353.0,1.6738,1.26
138981167,3.23646505105459e+18,83.3773807858379,4.36558753130638,0.552528,16.5489,18.103,0.096,17.461,0.0462,15.471,0.071,15.157,0.092,15.179,0.163,17.1777,0.001187,17.7055,0.010906,16.4865,0.006583,14.861,0.038,14.895,0.072,12.425,,8.563,,Theia4484,398.10717055349687,Kounkel2020,5337.0,0.81068,0.92
220050919,3.224407531666763e+18,83.5788081482764,3.74797236753647,0.749126,15.9304,19.035,0.071,16.614,0.07,14.995,0.042,14.588,0.048,14.472,0.087,16.5118,0.001154,16.975,0.013043,15.8534,0.004697,14.367,0.029,14.491,0.051,12.147,,8.994,,Theia4484,398.10717055349687,Kounkel2020,5537.0,0.750591,0.97
220067625,3.224335651094014e+18,83.9526900320023,3.39804084162495,0.630834,15.7099,17.445,-0.163,16.453,1.133,14.912,0.035,14.46,0.045,14.311,0.077,16.2748,0.0008,16.7457,0.005574,15.6568,0.004348,14.41,0.031,14.468,0.055,12.267,,8.92,,Theia4484,398.10717055349687,Kounkel2020,5544.0,0.95295,0.98
220057838,3.236541776350509e+18,83.6746372083409,4.28387471592092,0.499394,15.4666,16.805,0.182,16.189,0.172,14.836,0.045,14.546,0.049,14.549,0.079,15.9493,0.000684,16.3298,0.003163,15.4043,0.002631,14.308,0.029,14.338,0.051,11.708,,8.46,,Theia4484,398.10717055349687,Kounkel2020,6244.0,1.11792,1.21
220046196,3.2243199443980933e+18,83.4138898652952,3.33637474008746,0.41021,15.3633,16.539,0.036,15.997,0.047,14.632,0.036,14.366,0.04,14.229,0.073,15.826,0.000637,16.183,0.002617,15.2977,0.002659,14.255,0.029,14.346,0.05,12.372,,8.881,,Theia4484,398.10717055349687,Kounkel2020,6183.0,1.36033,1.18
436243135,3.3331975070861645e+18,84.2468839378738,6.75648732823559,0.890432,15.3957,17.106,0.071,16.086,0.481,14.456,0.032,14.054,0.029,13.861,0.055,16.0022,0.001034,16.5044,0.004976,15.3329,0.002944,13.789,0.027,13.794,0.037,12.201,,8.906,,Theia5513,660.6934480075965,Kounkel2020,5535.0,0.844552,0.97
200475227,3.237783090618551e+18,82.5630272171179,6.26526369547987,0.973134,10.3695,12.93,0.005,11.572,0.046,9.207,0.024,8.586,0.023,8.396,0.02,11.1444,0.000736,11.8774,0.00161,10.3381,0.000954,8.276,0.023,8.376,0.02,8.305,0.025,7.636,0.202,Theia5513,660.6934480075965,Kounkel2020,4615.02,11.3687,
138901644,3.237717085561332e+18,82.8437620411192,6.03818168953383,0.685658,15.7985,17.155,0.08,16.7004,0.046,14.8,0.048,14.517,0.061,14.343,0.093,16.4221,0.000856,16.9506,0.006249,15.7433,0.003746,14.24,0.032,14.288,0.048,11.938,,9.003,,Theia5513,660.6934480075965,Kounkel2020,5414.0,0.93178,0.94
345838392,3.334092853148935e+18,82.1669306722786,6.91677931032741,0.816627,13.1696,14.721,0.072,13.837,0.092,12.35,0.024,11.996,0.03,11.934,0.022,13.7171,0.000284,14.1636,0.001862,13.1104,0.00126,11.841,0.023,11.859,0.023,11.909,0.32,8.771,,Theia5513,660.6934480075965,Kounkel2020,6202.87,2.18985,1.19
285001609,3.3338927076728806e+18,82.5007824592023,6.75488625182283,0.981724,15.5786,17.305,0.074,16.383,1.133,14.662,0.038,14.216,0.052,14.033,0.047,16.197,0.000793,16.7189,0.005735,15.5219,0.004736,14.076,0.031,14.118,0.042,12.63,,9.053,,Theia5513,660.6934480075965,Kounkel2020,5411.0,0.726296,0.94
200544273,3.3339075167201464e+18,83.2141994272448,6.88360447031818,0.655182,14.2079,14.894,0.067,14.708,0.08,13.491,0.028,13.228,0.033,13.175,0.037,14.6595,0.000489,15.0072,0.001527,14.1419,0.003272,12.991,0.025,13.029,0.029,12.197,,8.686,,Theia5513,660.6934480075965,Kounkel2020,6377.0,1.48354,1.27
436102424,3.333079584464136e+18,83.7806013849263,6.40096402138992,0.778417,14.8225,16.34,0.117,15.744,0.332,14.009,0.027,13.607,0.025,13.583,0.037,15.3502,0.000582,15.7692,0.003516,14.7561,0.002076,13.523,0.028,13.518,0.035,11.969,,8.956,,Theia5513,660.6934480075965,Kounkel2020,5908.0,1.0822,1.07
138901706,3.333790521811472e+18,82.9810004200405,6.04914401998304,0.655222,15.2595,17.065,0.166,15.864,1.133,14.402,0.043,14.103,0.04,13.977,0.058,15.8222,0.000723,16.2811,0.005656,15.1984,0.002972,13.892,0.029,13.883,0.041,11.719,0.356,8.736,,Theia5513,660.6934480075965,Kounkel2020,5835.0,1.10193,1.05
365747865,3.237768556449194e+18,81.7649306782877,6.13348983260455,0.807024,14.5201,16.526,0.056,15.605,0.195,13.502,0.026,13.121,0.033,12.924,0.03,15.2053,0.000514,15.7892,0.004131,14.4636,0.00187,12.842,0.025,12.788,0.026,12.306,,8.848,,Theia5513,660.6934480075965,Kounkel2020,5909.0,1.5061,1.07
200544170,3.33400551069447e+18,83.2101052561084,6.99893189133018,0.723609,14.6246,15.992,0.096,15.187,0.069,13.908,0.027,13.606,0.029,13.56,0.048,15.0977,0.000729,15.4598,0.003611,14.5546,0.002417,13.493,0.026,13.525,0.036,11.939,,8.84,,Theia5513,660.6934480075965,Kounkel2020,6101.0,1.1614,1.15
200544275,3.3339074480006707e+18,83.2149664138989,6.88011526175609,0.626358,14.6784,15.521,0.069,15.232,0.115,13.952,0.032,13.679,0.038,13.607,0.051,15.1538,0.0006,15.5214,0.002814,14.6106,0.001616,13.499,0.026,13.535,0.034,11.984,,8.559,,Theia5513,660.6934480075965,Kounkel2020,6223.0,1.2965,1.2
436152698,3.333158818020848e+18,84.1007147678924,6.39905770597641,0.671571,15.2526,17.796,0.066,16.059,0.217,14.006,0.03,13.639,0.032,13.457,0.037,16.0605,0.000722,16.7881,0.00369,15.2146,0.001965,13.348,0.026,13.331,0.031,11.71,0.281,8.469,,Theia5513,660.6934480075965,Kounkel2020,5386.0,1.60003,0.93
449260620,3.237282984626795e+18,79.9179561687026,4.67844016767232,0.436181,15.3217,16.587,0.069,16.035,0.149,14.628,0.029,14.264,0.039,14.217,0.065,15.8137,0.000689,16.205,0.004584,15.2626,0.003743,14.096,0.028,14.163,0.045,12.123,,8.332,,Theia5744,741.3102413009162,Kounkel2020,5763.0,1.39838,1.03
264486449,3.222320040121855e+18,81.5997685092757,2.20902362624624,0.773951,15.1324,16.579,0.105,15.911,0.195,14.417,0.037,14.053,0.043,13.899,0.06,15.62,0.000581,16.0097,0.004615,15.0757,0.002317,13.983,0.028,13.987,0.041,12.633,,8.517,,Theia5744,741.3102413009162,Kounkel2020,5722.0,0.90292,1.02
449307428,3.236997180323017e+18,80.1441461920436,4.13891970023069,1.09373,12.66,13.812,0.091,13.192,0.126,12.026,0.024,11.778,0.031,11.646,0.021,13.0938,0.000473,13.4246,0.001673,12.5974,0.001323,11.531,0.023,11.568,0.021,11.838,0.333,8.733,,Theia5744,741.3102413009162,Kounkel2020,6080.0,1.82117,1.14
449427826,3.234366014637911e+18,80.5322847276399,2.30864526829884,1.03604,14.0933,15.536,0.07,14.808,0.035,13.48,0.026,13.134,0.022,12.976,0.04,14.5774,0.000432,14.965,0.001542,14.0373,0.00164,13.007,0.025,13.036,0.028,12.177,,8.109,,Theia5744,741.3102413009162,Kounkel2020,5630.0,1.10221,1.0
138980137,3.223935493285756e+18,83.3055371949397,3.01387088233708,0.410413,15.9601,16.825,0.09,16.372,0.287,15.235,0.065,14.913,0.086,15.014,0.165,16.4266,0.000949,16.793,0.00807,15.9012,0.003572,14.727,0.034,14.899,0.073,12.544,,8.741,,Theia5744,741.3102413009162,Kounkel2020,6005.0,1.02814,1.11
449365069,3.23697869048867e+18,80.3739754199441,3.98146287339935,0.758294,15.7035,17.233,0.073,16.295,0.275,15.007,0.037,14.588,0.051,14.531,0.099,16.2241,0.000893,16.6453,0.006608,15.6437,0.004966,14.508,0.03,14.591,0.055,12.605,,8.991,,Theia5744,741.3102413009162,Kounkel2020,5484.0,0.757659,0.96
449365265,3.2373932750905574e+18,80.347707929867,4.94363571330355,1.07607,12.5334,14.449,0.054,13.423,0.126,11.583,0.027,11.098,0.027,10.93,0.019,13.1702,0.000391,13.724,0.002429,12.4791,0.001398,10.869,0.023,10.929,0.02,10.764,0.117,8.628,,Theia5744,741.3102413009162,Kounkel2020,5008.0,2.89406,
713257054,3.2364457022265467e+18,83.6122616120271,4.1525831244947,0.57518,15.5143,,,16.2741,0.0459,,,,,,,16.0593,0.000569,16.4852,0.00637,15.4378,0.003893,,,,,,,,,Theia5744,741.3102413009162,Kounkel2020,5888.0,1.07436,1.07
449361606,3.237015837661098e+18,80.3528754062493,4.10279193565694,0.862999,14.9283,16.595,0.093,15.667,0.252,14.149,0.032,13.725,0.031,13.659,0.041,15.4513,0.000648,15.8695,0.004501,14.8621,0.002365,13.61,0.027,13.624,0.035,12.396,,9.001,,Theia5744,741.3102413009162,Kounkel2020,5426.0,0.965701,0.95
138980236,3.223938761756157e+18,83.3924852604598,3.14308136550078,0.600242,14.7888,16.055,0.106,15.499,0.137,14.08,0.037,13.838,0.038,13.727,0.053,15.2367,0.000428,15.5799,0.003178,14.7248,0.00173,13.714,0.026,13.797,0.039,12.335,,8.496,,Theia5744,741.3102413009162,Kounkel2020,6056.0,1.24271,1.13
264593375,3.2343698972883185e+18,80.7587729904793,2.34406267430549,0.756653,14.5599,15.747,0.07,15.273,0.355,13.935,0.034,13.631,0.032,13.459,0.039,14.9854,0.000575,15.3038,0.002155,14.4931,0.001505,13.498,0.026,13.549,0.033,12.354,0.456,8.95,,Theia5744,741.3102413009162,Kounkel2020,6063.0,1.07194,1.13
264486715,3.235843277229296e+18,81.5296153859813,2.57025872632648,0.780394,15.7777,17.758,0.025,16.492,1.133,14.936,0.054,14.47,0.058,14.451,0.106,16.3742,0.00093,16.8781,0.006389,15.7175,0.005464,14.382,0.03,14.474,0.056,12.632,,8.999,,Theia5744,741.3102413009162,Kounkel2020,5121.0,0.825005,0.86
449198588,3.237359190230323e+18,79.6015323237672,4.98540304633681,0.520397,14.3993,15.601,0.078,14.925,0.183,13.738,0.026,13.484,0.035,13.408,0.047,14.8542,0.000567,15.2093,0.002268,14.3406,0.001982,13.296,0.025,13.287,0.031,12.24,,8.605,,Theia5744,741.3102413009162,Kounkel2020,5971.0,1.72375,1.1
449311154,3.2374640604482693e+18,79.9963785077884,5.29001873104154,0.839184,13.6075,14.693,0.029,14.189,0.114,13.166,0.024,12.829,0.022,12.773,0.033,13.9999,0.000383,14.2919,0.002033,13.5423,0.001289,12.677,0.024,12.68,0.025,11.591,0.211,8.475,,Theia5744,741.3102413009162,Kounkel2020,6499.0,1.41348,1.33
449366512,3.2371921718384763e+18,80.3161928444295,4.69453695718094,0.622125,15.9096,17.589,0.077,16.821,0.0461,15.04,0.043,14.576,0.045,14.418,0.088,16.5358,0.000963,17.0844,0.008581,15.8611,0.005074,14.458,0.03,14.644,0.058,12.569,,8.735,,Theia5744,741.3102413009162,Kounkel2020,5022.0,1.00849,0.83
449257312,3.2373603627575675e+18,79.7130334564385,5.03273196039346,0.859413,15.2837,16.858,0.072,15.905,0.218,14.488,0.034,14.149,0.039,14.025,0.055,15.8385,0.000637,16.2995,0.002508,15.2283,0.002632,13.959,0.027,13.984,0.041,12.523,,8.76,,Theia5744,741.3102413009162,Kounkel2020,5385.0,0.865043,0.93
264624793,3.2370103057431506e+18,80.7966189208126,4.22627780987982,0.611132,14.9284,16.315,0.073,15.666,0.103,14.193,0.037,13.857,0.032,13.807,0.052,15.4143,0.000584,15.7981,0.002803,14.8677,0.001865,13.793,0.027,13.882,0.039,12.245,,8.383,,Theia5744,741.3102413009162,Kounkel2020,5768.0,1.23402,1.03
138980374,3.224366677937685e+18,83.3321648561571,3.34412386908172,0.979294,14.3683,15.401,0.095,15.141,0.229,13.571,0.04,13.212,0.045,13.19,0.045,14.888,0.000452,15.3024,0.002812,14.3046,0.001161,12.88,0.024,12.894,0.028,11.805,,8.34,,Theia5744,741.3102413009162,Kounkel2020,5714.0,1.07209,1.02
220078809,3.224461162922262e+18,84.1716439238058,3.933106771553,0.510367,15.8277,17.251,0.074,16.662,0.366,14.921,0.039,14.496,0.036,14.337,0.077,16.4357,0.000975,16.9477,0.007181,15.7713,0.00462,14.29,0.031,14.331,0.049,12.486,,8.804,,Theia5744,741.3102413009162,Kounkel2020,5402.0,1.16789,0.94
457230659,3.222299905315174e+18,81.7928325249033,2.02221010226828,0.904903,12.6845,13.857,0.023,13.223,0.092,12.07,0.023,11.802,0.022,11.771,0.023,13.0977,0.000323,13.4108,0.001091,12.6243,0.001257,11.717,0.023,11.727,0.022,12.093,0.318,8.994,,Theia5744,741.3102413009162,Kounkel2020,6109.18,2.10806,1.15
345772726,3.237946368095506e+18,80.8008088071905,6.47993202049577,0.859368,10.5953,12.696,0.306,11.269,0.049,9.532,0.021,9.009,0.031,8.856,0.021,11.2848,0.000666,11.9092,0.001599,10.557,0.000891,8.786,0.022,8.881,0.021,8.81,0.032,8.477,,Theia6283,954.992586021437,Kounkel2020,4817.06,10.2494,
467621164,3.2406135771463235e+18,79.4991462974341,6.35763205345343,1.23024,14.754,16.314,0.155,15.502,0.149,14.033,0.029,13.642,0.04,13.606,0.042,15.2801,0.000478,15.7061,0.00391,14.6929,0.002406,13.495,0.026,13.5,0.034,12.24,,8.896,,Theia6473,1047.1285480508986,Kounkel2020,5450.0,0.743502,0.95
449310677,3.234699922575708e+18,79.9605352122454,3.34119204606249,0.82238,15.0334,16.619,0.058,15.632,0.206,14.331,0.032,13.899,0.033,13.937,0.059,15.5801,0.000549,16.0361,0.002571,14.9804,0.002198,13.779,0.031,13.85,0.042,12.629,,9.041,,Theia6473,1047.1285480508986,Kounkel2020,5355.0,1.00377,0.93
449364865,3.234687686213964e+18,80.3441287947756,3.28727591145116,0.419802,14.4539,15.992,0.032,15.239,0.24,13.742,0.026,13.383,0.029,13.233,0.037,14.9539,0.000551,15.3538,0.002865,14.3947,0.00141,13.28,0.026,13.333,0.029,11.718,,9.01,,Theia6473,1047.1285480508986,Kounkel2020,5636.0,2.21894,1.0
459989976,3.235927733466029e+18,81.0968597246298,2.97173545165282,0.529314,15.2204,16.531,0.056,15.83,0.092,14.552,0.036,14.154,0.051,14.173,0.08,15.6921,0.000849,16.0638,0.005245,15.1618,0.00389,14.095,0.027,14.182,0.046,12.593,,8.576,,Theia6473,1047.1285480508986,Kounkel2020,5816.0,1.20048,1.05
449198174,3.2346653566789924e+18,79.5934158419461,3.03060248987649,0.609273,13.8474,15.045,0.068,14.462,0.115,13.334,0.028,13.075,0.027,13.099,0.034,14.2096,0.000449,14.4764,0.003088,13.7875,0.001964,12.997,0.024,12.975,0.027,12.2,,8.886,,Theia6473,1047.1285480508986,Kounkel2020,6456.0,1.64612,1.31
459990368,3.2343435047135114e+18,81.1148135378333,2.3530339705237,0.505242,15.6027,18.702,0.072,16.412,0.355,14.875,0.042,14.626,0.074,14.696,0.109,16.0917,0.000809,16.4751,0.007366,15.5387,0.005187,14.426,0.032,14.535,0.057,12.458,,8.529,,Theia6473,1047.1285480508986,Kounkel2020,5779.0,1.07617,1.04
449428026,3.236999443770348e+18,80.490843872312,4.00762601939,0.503119,11.3733,13.164,0.506,12.463,0.035,10.471,0.026,9.902,0.022,9.804,0.021,12.0003,0.000244,12.5537,0.002108,11.3221,0.001307,9.728,0.023,9.822,0.021,9.741,0.051,8.371,,Theia6473,1047.1285480508986,Kounkel2020,4877.0,10.2337,
269199670,3.2359292796542674e+18,81.0017804843369,2.96054074898462,0.79081,14.8797,16.359,0.031,15.602,0.172,14.145,0.032,13.715,0.041,13.819,0.067,15.3894,0.000751,15.7965,0.003388,14.8177,0.002092,13.632,0.027,13.634,0.035,11.817,,8.991,0.533,Theia6473,1047.1285480508986,Kounkel2020,5598.0,1.0366,0.99
264464068,3.237148672409749e+18,81.3729434891911,4.72931795044576,0.230584,9.7597,13.697,0.538,11.279,0.132,8.237,0.035,7.292,0.063,7.036,0.023,10.7608,0.002161,11.9061,0.009468,9.72916,0.004639,6.957,0.05,7.066,0.021,6.897,0.016,6.811,0.085,Theia6851,1288.2495516931322,Kounkel2020,3870.5,73.8413,
457228291,3.237566555547879e+18,81.8496234836838,5.26491426013374,0.734094,16.3887,18.721,0.094,17.4476,0.0464,15.394,0.07,14.745,0.062,14.816,0.127,17.0872,0.001338,17.7332,0.012709,16.346,0.006083,14.739,0.035,14.748,0.064,12.642,,9.081,,Theia6851,1288.2495516931322,Kounkel2020,4669.0,0.810804,0.74
138853736,3.2369248874332974e+18,82.6333946027486,5.55292429497349,0.712805,14.2114,16.769,0.074,15.477,0.252,12.906,0.024,12.458,0.026,12.227,0.026,15.0309,0.0005,15.7767,0.005611,14.1718,0.00176,12.121,0.023,12.097,0.024,11.441,0.279,8.297,,Theia6851,1288.2495516931322,Kounkel2020,5076.0,2.56534,
264458508,3.236332285026482e+18,81.239113165548,4.01770856571175,0.796125,15.5158,17.067,-0.123,16.439,0.218,14.72,0.041,14.221,0.036,14.207,0.081,16.0936,0.000856,16.5867,0.005354,15.4648,0.002454,14.14,0.029,14.176,0.045,12.509,,8.935,,Theia6851,1288.2495516931322,Kounkel2020,5176.0,0.884009,0.88
459987982,3.2378599533538217e+18,81.0387896724816,5.89617625995144,0.636115,15.6458,17.192,0.082,16.007,1.133,14.85,0.054,14.598,0.068,14.365,0.084,16.1807,0.001021,16.5988,0.003903,15.5699,0.002272,14.258,0.029,14.339,0.048,12.564,,8.98,,Theia6851,1288.2495516931322,Kounkel2020,5572.0,0.928592,0.98
264539897,3.236274285788245e+18,81.7011146158843,3.91701297357104,0.420614,15.8394,17.194,0.036,16.481,0.172,15.243,0.054,14.673,0.087,14.686,0.112,16.2961,0.000864,16.6425,0.01222,15.7702,0.004215,14.787,0.035,14.874,0.071,12.657,,8.524,,Theia6851,1288.2495516931322,Kounkel2020,5923.0,1.05506,1.08
138903478,3.236024249970215e+18,82.9424695127996,3.59949498001399,0.324646,15.5378,16.639,0.078,16.051,0.138,14.409,0.04,14.084,0.051,13.883,0.066,16.039,0.001313,16.2445,0.030193,15.279,0.033101,13.819,0.027,13.878,0.039,12.616,,8.224,,Theia6851,1288.2495516931322,Kounkel2020,,,
264630407,3.235994838035326e+18,82.1326223359495,3.17211262529324,1.35804,15.802,17.898,0.073,16.727,1.133,14.707,0.039,14.218,0.045,13.895,0.064,16.5085,0.000854,17.15,0.007689,15.7456,0.004058,13.98,0.027,14.02,0.04,12.192,0.348,8.928,,Theia6851,1288.2495516931322,Kounkel2020,4651.0,0.594649,0.74
220045736,3.223729678453329e+18,83.5218900745127,2.81662791025205,0.557114,15.7066,17.273,-0.112,16.172,0.138,14.954,0.047,14.629,0.054,14.364,0.078,16.2426,0.000833,16.6898,0.004854,15.6586,0.00246,14.456,0.031,14.577,0.057,12.558,,8.978,,Theia6851,1288.2495516931322,Kounkel2020,5560.0,1.02537,0.98
138854758,3.236846100553598e+18,82.7837041511684,5.12737316771333,0.778033,15.9847,17.73,0.081,17.0056,0.046,14.941,0.05,14.547,0.065,14.293,0.081,16.6704,0.000888,17.2673,0.006024,15.9328,0.004351,14.285,0.029,14.397,0.051,12.615,,8.787,,Theia6851,1288.2495516931322,Kounkel2020,5226.0,0.84639,0.89
264744884,3.2364890341519427e+18,82.4681055541996,4.13459708936778,0.663853,14.4251,16.063,0.006,15.208,0.046,13.691,0.026,13.334,0.023,13.246,0.044,14.9416,0.000424,15.3643,0.003189,14.3718,0.002269,13.258,0.027,13.306,0.032,12.347,,8.323,,Theia6851,1288.2495516931322,Kounkel2020,5560.0,1.5308,0.98
457250613,3.2358861925424097e+18,81.9324396145915,2.99814510345509,0.629639,15.41,16.237,0.072,16.471,0.206,14.573,0.037,14.243,0.061,14.049,0.08,15.9983,0.000838,16.4966,0.004138,15.3561,0.001762,,,,,,,,,Theia6851,1288.2495516931322,Kounkel2020,5260.0,1.16312,0.9
264457541,3.237623176101368e+18,81.1901440165696,5.44267541075831,0.726587,15.9592,17.605,0.08,16.8478,0.046,14.959,0.048,14.514,0.057,14.62,0.108,16.5735,0.000947,17.1092,0.008188,15.9114,0.004588,14.503,0.032,14.588,0.061,12.482,,8.795,,Theia6851,1288.2495516931322,Kounkel2020,5069.0,0.838207,0.85
264745473,3.236741990546353e+18,82.4627751154248,4.89278028044526,0.65745,15.4815,17.112,0.0,16.251,1.133,14.704,0.045,14.175,0.037,14.151,0.075,16.0471,0.000759,16.5227,0.004243,15.431,0.003268,14.075,0.029,14.119,0.042,12.705,,9.018,,Theia6851,1288.2495516931322,Kounkel2020,5437.0,1.02899,0.95
449428240,3.237884932883535e+18,80.4775597001546,5.89846311627036,0.285552,14.0509,15.671,0.103,14.802,0.15,13.022,0.036,12.472,0.039,12.287,,14.7352,0.000397,15.3464,0.002466,13.9947,0.001767,12.078,0.023,12.163,0.023,12.224,,8.383,,Theia6851,1288.2495516931322,Kounkel2020,4769.0,5.37011,
264487402,3.2361648156614774e+18,81.5048696456403,3.57468355998792,0.628389,13.7982,14.866,0.088,14.29,0.092,13.187,0.032,13.043,0.027,12.935,0.036,14.1697,0.000408,14.4388,0.002875,13.7309,0.002181,12.92,0.026,12.926,0.026,12.313,,8.594,,Theia6851,1288.2495516931322,Kounkel2020,6496.0,1.65724,1.33
713280210,3.2368160701420355e+18,82.2946643519259,5.21464645641632,1.08106,16.1585,,,17.0936,0.0462,,,,,,,16.7972,0.001012,17.3121,0.011219,16.063,0.004464,,,,,,,,,Theia6851,1288.2495516931322,Kounkel2020,4999.0,0.547466,0.83
264745658,3.2367994056690785e+18,82.5375516581866,5.13428776764953,0.594179,14.2158,15.762,0.035,14.985,0.103,13.386,0.032,13.033,0.033,12.944,0.039,14.7611,0.000459,15.2005,0.003041,14.1525,0.001476,12.855,0.024,12.906,0.028,12.206,,9.002,,Theia6851,1288.2495516931322,Kounkel2020,5828.0,1.90813,1.05
264629615,3.236306064249721e+18,82.1598223101433,4.19258280416859,0.826715,15.3987,17.45,0.0,16.329,0.081,14.51,0.05,14.042,0.054,14.015,0.077,16.0079,0.000948,16.5326,0.005114,15.3443,0.004105,13.613,0.027,13.637,0.035,12.675,,8.69,,Theia6851,1288.2495516931322,Kounkel2020,5058.0,0.954451,0.84
264684306,3.236714777633623e+18,82.3041256448431,4.72494132173543,0.67872,15.648,17.23,0.008,16.339,0.355,14.889,0.039,14.515,0.044,14.345,0.085,16.1889,0.000747,16.6435,0.005952,15.6004,0.006752,14.352,0.032,14.411,0.053,12.624,,8.726,,Theia6851,1288.2495516931322,Kounkel2020,5418.0,0.894765,0.94
138941651,3.223569802589662e+18,83.2617750477158,2.12607863281352,0.796432,14.9235,16.417,0.077,15.576,0.149,14.149,0.035,13.812,0.033,13.656,0.047,15.4441,0.000779,15.8616,0.003877,14.8611,0.001544,13.61,0.026,13.63,0.035,12.289,,8.818,,Theia6851,1288.2495516931322,Kounkel2020,5583.0,1.02652,0.99
343862125,3.224019227966979e+18,84.3036592384635,2.51427861901287,0.48476,15.7832,17.223,0.081,16.704,0.172,15.055,0.051,14.683,0.043,14.745,0.109,16.3102,0.000898,16.7404,0.005058,15.7286,0.003224,14.548,0.031,14.579,0.057,12.533,0.448,8.803,,Theia6851,1288.2495516931322,Kounkel2020,5817.0,1.06875,1.05
264457617,3.2376036640652104e+18,81.1686291204391,5.31796314296323,0.75817,16.066,17.458,0.081,16.9257,0.046,15.088,0.05,14.747,0.071,14.719,0.112,16.6651,0.000968,17.1931,0.005654,16.0282,0.004457,14.552,0.032,14.664,0.06,12.463,,9.044,,Theia6851,1288.2495516931322,Kounkel2020,5156.0,0.742645,0.87
457229481,3.236073521835895e+18,81.7588019429849,3.70219538127143,0.548801,15.9087,17.61,-0.173,16.577,0.06,15.258,0.054,14.893,0.091,14.744,0.12,16.3902,0.001025,16.7726,0.005922,15.851,0.003617,14.773,0.033,14.865,0.071,12.665,,9.068,,Theia6851,1288.2495516931322,Kounkel2020,5800.0,0.855363,1.04
138900047,3.2364170118443945e+18,82.8140601740391,3.75789582264897,0.619885,14.7817,16.145,0.084,15.435,0.058,14.08,0.034,13.779,0.039,13.732,0.053,15.2536,0.00057,15.6214,0.002819,14.7187,0.00147,13.68,0.026,13.709,0.035,11.946,,8.93,,Theia6851,1288.2495516931322,Kounkel2020,6064.0,1.25072,1.13
264744756,3.2360986388046684e+18,82.4745041377711,3.94018089805089,0.69152,15.5779,17.302,0.277,16.021,0.126,14.752,0.044,14.521,0.058,14.328,0.073,16.1115,0.000768,16.5521,0.005128,15.5238,0.002282,14.244,0.03,14.316,0.051,12.248,,8.527,,Theia6851,1288.2495516931322,Kounkel2020,5439.0,0.897004,0.95
264739629,3.223963569487234e+18,82.4327596496613,2.95070709218293,0.705923,13.2966,14.523,0.043,13.946,0.114,12.668,0.024,12.368,0.023,12.306,0.023,13.7364,0.000305,14.0733,0.001526,13.2329,0.001192,12.243,0.023,12.237,0.022,12.567,,8.832,,Theia6851,1288.2495516931322,Kounkel2020,6259.0,2.07497,1.22
138854993,3.2367301707963187e+18,82.7332669910546,4.79487669105549,0.29614,15.7644,,,16.68,0.06,14.929,0.051,14.471,0.062,14.348,0.076,16.3562,0.001204,16.8545,0.010225,15.7134,0.003816,14.3,0.03,14.333,0.047,12.369,,8.93,,Theia6851,1288.2495516931322,Kounkel2020,5656.0,1.70027,1.0
138940471,3.22439904051626e+18,83.208858211359,3.78528549244291,1.10794,15.7755,18.649,0.072,17.1506,0.0462,14.519,0.044,13.852,0.044,13.704,0.051,16.6174,0.000792,17.4267,0.008359,15.721,0.002355,13.618,0.027,13.678,0.035,12.379,,8.879,,Theia6851,1288.2495516931322,Kounkel2020,4366.0,0.920186,0.68
138938284,3.236876062245253e+18,83.1601337160032,5.33453878665521,0.810035,14.1471,14.813,0.068,14.994,0.16,13.294,0.029,12.906,0.03,12.849,0.036,14.7197,0.000523,15.1883,0.002979,14.0859,0.00139,12.756,0.024,12.781,0.027,11.867,,8.606,,Theia6851,1288.2495516931322,Kounkel2020,5768.0,1.53165,1.03
323347380,3.2240495375530363e+18,84.3724218505561,2.97384241878207,0.300962,12.7568,15.288,0.051,13.88,0.137,11.604,0.026,10.971,0.023,10.826,0.023,13.5277,0.000267,14.254,0.001738,12.7142,0.001213,10.71,0.023,10.799,0.021,10.764,0.12,9.041,,Theia6851,1288.2495516931322,Kounkel2020,4580.38,10.9863,
264739835,3.2238527206759035e+18,82.395174448757,2.71255219991083,0.432713,16.1837,17.279,0.08,16.526,1.133,15.37,0.05,15.032,0.077,14.855,0.128,16.7549,0.00103,17.2354,0.008715,16.1329,0.005378,14.859,0.034,14.874,0.072,12.754,,8.631,,Theia6851,1288.2495516931322,Kounkel2020,5447.0,1.06659,0.95
264629687,3.2361155781556183e+18,82.1780022659497,4.1010781863861,0.509078,12.5474,14.745,0.049,13.537,0.069,11.501,0.027,10.94,0.023,10.812,0.023,13.227,0.000323,13.8414,0.001536,12.4951,0.001693,10.744,0.023,10.826,0.021,10.857,0.105,8.872,,Theia6851,1288.2495516931322,Kounkel2020,4795.47,6.21444,
220048714,3.33305560136684e+18,83.5956978914582,6.10916791149253,0.406701,14.1735,16.13,0.117,14.964,0.039,13.005,0.041,12.402,0.04,12.228,0.033,14.9018,0.000427,15.5452,0.005207,14.1011,0.002192,11.92,0.024,12.01,0.022,11.427,0.223,8.384,,Theia6851,1288.2495516931322,Kounkel2020,4698.0,4.04662,
436247723,3.333166029270666e+18,84.2259320351759,6.5135193931915,0.773091,15.8974,17.872,0.073,16.9479,0.046,14.838,0.038,14.301,0.052,14.181,0.062,16.5999,0.000856,17.205,0.007504,15.8435,0.003138,14.183,0.029,14.263,0.051,12.23,,8.83,,Theia6851,1288.2495516931322,Kounkel2020,5580.0,0.878124,0.99
713230246,3.236024249970215e+18,82.9424695127996,3.59949498001399,0.324646,15.5378,,,16.2247,0.0484,,,,,,,16.039,0.001313,16.2445,0.030193,15.279,0.033101,,,,,,,,,Theia6851,1288.2495516931322,Kounkel2020,,,
138940637,3.224386262988534e+18,83.2508371357043,3.5609433547869,0.921544,13.6655,15.091,0.069,14.351,0.137,12.927,0.029,12.592,0.026,12.471,0.031,14.1673,0.000328,14.5669,0.002752,13.6052,0.00134,12.473,0.024,12.517,0.027,11.704,,8.775,,Theia6851,1288.2495516931322,Kounkel2020,5957.0,1.50377,1.09
220050854,3.2244212412021263e+18,83.58765549648,3.82677225376836,1.02754,15.6998,17.919,0.074,16.463,0.183,14.602,0.041,14.052,0.033,13.913,0.05,16.3947,0.001287,16.9978,0.013909,15.6361,0.003577,13.859,0.028,13.884,0.041,12.526,,8.879,,Theia6851,1288.2495516931322,Kounkel2020,4976.0,0.770853,0.82
220057777,3.236540264522028e+18,83.6881291936342,4.22624105344951,0.404254,15.3278,16.127,0.07,16.325,0.138,14.523,0.034,14.087,0.035,13.93,0.058,15.8751,0.00069,16.3148,0.002906,15.2627,0.002092,13.949,0.028,13.939,0.039,12.1,0.33,8.632,,Theia6851,1288.2495516931322,Kounkel2020,5833.0,1.62212,1.05
343861903,3.224042764387746e+18,84.339044164292,2.79983647912133,0.319111,14.6049,15.908,0.015,15.366,0.137,13.917,0.03,13.595,0.038,13.511,0.043,15.0766,0.000514,15.442,0.003933,14.5389,0.003083,13.512,0.027,13.544,0.034,12.078,,8.841,,Theia6851,1288.2495516931322,Kounkel2020,6178.0,2.44512,1.18
264629476,3.2366861903313787e+18,82.207302770147,4.3470899804165,0.475727,15.1372,16.133,0.073,15.889,0.058,14.497,0.039,14.033,0.045,13.98,0.063,15.5991,0.000783,15.9618,0.001978,15.0792,0.002878,14.034,0.03,14.068,0.043,12.514,,9.014,,Theia6851,1288.2495516931322,Kounkel2020,5872.0,1.35393,1.06
138853128,3.2367229552513167e+18,82.6071969765439,4.67797636630928,1.21526,14.0448,15.689,0.036,14.845,0.103,13.195,0.027,12.809,0.029,12.736,0.032,14.6108,0.00049,15.0735,0.002751,13.9842,0.000887,12.657,0.024,12.719,0.025,12.457,,9.076,,Theia6851,1288.2495516931322,Kounkel2020,5767.0,1.07279,1.03
138899332,3.223901240922052e+18,82.9256222943927,2.75513058932278,0.842638,15.3386,16.816,0.067,16.0,0.069,14.585,0.043,14.264,0.051,14.091,0.074,15.8719,0.00085,16.3165,0.003281,15.2906,0.003961,14.072,0.028,14.161,0.044,12.639,,9.031,,Theia6851,1288.2495516931322,Kounkel2020,5558.0,0.820057,0.98
264686392,3.236710207788424e+18,82.386644178936,4.63116761207047,0.831275,14.0332,15.299,0.067,14.752,0.069,13.271,0.024,12.929,0.026,12.811,0.026,14.5448,0.000499,14.9561,0.001785,13.9733,0.001679,12.71,0.044,12.733,0.045,11.659,,8.856,,Theia6851,1288.2495516931322,Kounkel2020,5569.0,1.46751,0.98
138853338,3.2367492060913613e+18,82.5980355103332,4.96330553372826,0.649289,15.8161,17.24,0.08,16.7406,0.0459,14.974,0.049,14.559,0.06,14.488,0.082,16.4513,0.00082,16.9928,0.003438,15.7599,0.004078,14.285,0.031,14.364,0.051,12.58,,8.688,,Theia6851,1288.2495516931322,Kounkel2020,5278.0,1.00129,0.91
220056484,3.2237276855885066e+18,83.6972432533913,2.82567725298477,0.706503,16.3253,18.117,0.084,17.3498,0.0462,15.403,0.055,14.823,0.062,14.671,0.095,17.0088,0.001362,17.6374,0.008546,16.2905,0.006331,14.684,0.032,14.739,0.063,12.525,,8.412,,Theia6851,1288.2495516931322,Kounkel2020,4822.0,0.829753,0.78
220047259,3.2365657938076145e+18,83.4446620310586,4.56839688937004,0.484214,15.4596,16.979,0.038,16.251,0.469,14.65,0.041,14.445,0.049,14.277,0.068,15.9649,0.000797,16.365,0.004576,15.396,0.003667,14.256,0.028,14.333,0.05,12.53,,9.056,,Theia6851,1288.2495516931322,Kounkel2020,6066.0,1.20016,1.13
220056338,3.223706210751199e+18,83.6961068725699,2.66008815176573,0.834315,14.1879,15.428,0.043,14.892,0.149,13.531,0.03,13.216,0.026,13.204,0.027,14.6431,0.000463,14.9929,0.002457,14.1236,0.002134,13.116,0.027,13.141,0.029,12.134,0.358,8.582,,Theia6851,1288.2495516931322,Kounkel2020,5979.0,1.21564,1.1
220051326,3.224316061746888e+18,83.5904630039967,3.25722780280745,1.06653,15.7243,17.541,0.072,16.8481,0.0462,14.686,0.036,14.072,0.036,13.877,0.054,16.4562,0.000774,17.1352,0.010915,15.6848,0.003728,13.913,0.028,14.008,0.042,12.461,,8.45,,Theia6851,1288.2495516931322,Kounkel2020,4708.0,0.803603,0.75
138937210,3.2364023788919583e+18,83.0767085801112,3.7320361493956,,12.9612,14.579,0.073,13.787,0.137,12.078,0.027,11.635,0.023,11.543,0.027,13.518,0.000395,13.9784,0.00198,12.8941,0.001786,11.487,0.024,11.494,0.022,11.736,0.289,9.035,,Theia6851,1288.2495516931322,Kounkel2020,5616.7,0.891599,
220068979,3.236603623879425e+18,83.99931769593,4.89722582845121,0.440106,16.259,17.498,0.085,17.1079,0.0461,15.476,0.056,15.006,0.062,14.819,0.111,16.854,0.001116,17.3667,0.010885,16.2183,0.003139,14.825,0.037,14.886,0.067,12.42,0.451,8.997,,Theia6851,1288.2495516931322,Kounkel2020,5552.0,1.05272,0.98
138939683,3.2366427596213345e+18,83.1772725118895,4.95361077968971,0.285124,15.6576,17.823,0.073,16.808,1.133,14.484,0.039,14.022,0.045,13.929,0.063,16.3851,0.000902,17.0479,0.006655,15.619,0.003259,13.78,0.027,13.839,0.041,12.304,0.401,8.833,0.508,Theia6851,1288.2495516931322,Kounkel2020,4921.0,2.49998,
464838449,3.235905296556898e+18,81.9849404909802,3.22393044361651,1.21333,15.0166,17.09,0.158,15.983,0.058,14.067,0.036,13.57,0.033,13.427,0.041,15.6529,0.000612,16.2051,0.003874,14.958,0.00405,13.431,0.026,13.462,0.032,12.648,0.538,8.795,,Theia7143,1479.108388168207,Kounkel2020,4938.0,0.827367,0.81
138899788,3.224010126932612e+18,82.899797181908,3.38765674864472,0.389275,14.6171,15.7,0.083,15.232,0.137,14.028,0.03,13.728,0.03,13.727,0.051,15.0159,0.00055,15.3108,0.002948,14.5488,0.001848,13.664,0.028,13.713,0.035,12.387,,8.917,,Theia7143,1479.108388168207,Kounkel2020,6481.0,1.8379,1.32
449366478,3.234682433469051e+18,80.2125287427971,3.18890619860056,0.317976,16.2098,16.867,0.101,16.7858,0.046,15.627,0.08,15.197,0.076,15.34,0.192,16.6439,0.001033,16.9682,0.006529,16.1406,0.006945,15.22,0.04,15.346,0.098,12.4,,8.831,,Theia7143,1479.108388168207,Kounkel2020,6059.0,1.01686,1.13
264682977,3.2359786159423416e+18,82.2381415602056,3.07517944666281,0.34641,15.9131,16.458,0.085,16.288,0.504,15.278,0.06,15.026,0.096,15.091,0.165,16.3324,0.000782,16.6485,0.005934,15.8489,0.004048,14.954,0.036,15.224,0.091,12.43,,9.026,,Theia7143,1479.108388168207,Kounkel2020,6239.0,1.10422,1.21
264482825,3.236163991027764e+18,81.4777762480228,3.52413035340659,0.887416,14.9003,16.627,0.044,15.851,0.229,13.986,0.03,13.533,0.04,13.437,0.047,15.4962,0.001237,15.9804,0.003934,14.8203,0.002669,13.294,0.025,13.269,0.031,12.129,,8.856,,Theia7143,1479.108388168207,Kounkel2020,5107.0,1.0945,0.86
138904170,3.2238823087062267e+18,82.9770792018577,2.65726933456222,0.95909,13.5232,14.65,0.053,14.152,0.103,12.916,0.024,12.666,0.029,12.62,0.032,13.938,0.000424,14.2542,0.001682,13.46,0.001544,12.56,0.024,12.556,0.025,12.566,0.513,8.759,,Theia7143,1479.108388168207,Kounkel2020,6505.0,1.33362,1.33
138859533,3.2235894606561403e+18,82.8993528642511,2.25611289499421,0.510031,16.1848,17.531,0.088,16.491,1.133,15.318,0.061,14.974,0.095,14.859,0.125,16.7489,0.001189,17.2055,0.010727,16.1147,0.00722,14.758,0.034,14.964,0.084,12.351,,8.701,,Theia7143,1479.108388168207,Kounkel2020,5329.0,0.931972,0.92
264463124,3.235964635824968e+18,81.3500746208126,3.28709455238998,1.34499,14.5524,16.429,0.054,15.378,0.275,13.715,0.026,13.26,0.025,13.125,0.034,15.1488,0.000525,15.6594,0.003204,14.4968,0.001442,13.118,0.026,13.189,0.029,12.431,,8.789,,Theia7143,1479.108388168207,Kounkel2020,5062.0,0.861239,0.85
264589197,3.2361954301883167e+18,80.5477463263418,3.49685024828873,0.809432,13.5911,14.858,0.05,14.153,0.08,12.91,0.027,12.621,0.026,12.568,0.021,14.0309,0.000375,14.3645,0.001815,13.5258,0.001205,12.505,0.024,12.523,0.024,12.507,,8.499,,Theia7143,1479.108388168207,Kounkel2020,6015.0,1.60666,1.11
457229563,3.2360716964746726e+18,81.7372606609689,3.60146853649963,0.546129,13.8497,14.786,0.055,14.395,0.057,13.264,0.029,12.965,0.022,12.914,0.03,14.27,0.000359,14.5842,0.00193,13.7827,0.00136,12.833,0.023,12.861,0.025,12.543,0.54,9.062,,Theia7143,1479.108388168207,Kounkel2020,6231.0,1.99789,1.2
264626279,3.237241615501858e+18,80.8600739638092,5.25929947968101,0.709466,15.7314,17.324,-0.122,16.492,1.133,14.874,0.042,14.433,0.062,14.231,0.085,16.3111,0.000965,16.786,0.004909,15.6659,0.005208,14.138,0.03,14.193,0.05,12.422,0.425,8.971,0.538,Theia7143,1479.108388168207,Kounkel2020,5411.0,0.871877,0.94
264487039,3.235942783031536e+18,81.5765910063529,3.06283416107506,0.800403,13.0242,14.396,0.058,13.676,0.092,12.321,0.023,12.065,0.022,11.977,0.024,13.4991,0.000265,13.8737,0.00264,12.9654,0.000915,11.917,0.023,11.949,0.022,11.791,0.244,8.467,,Theia7143,1479.108388168207,Kounkel2020,6085.5,2.07584,1.14
459988540,3.237219208657458e+18,81.0650680879927,5.0512676432138,1.2593,15.2212,16.615,0.075,15.856,1.133,14.492,0.04,14.08,0.064,14.052,0.074,15.7316,0.000732,16.1196,0.006507,15.1401,0.002669,13.845,0.028,13.808,0.038,12.088,,8.85,,Theia7143,1479.108388168207,Kounkel2020,5687.0,,
138903599,3.2240090961404457e+18,83.0295434214808,3.43201506550188,0.349361,15.8417,17.023,0.076,16.511,1.133,14.857,0.043,14.474,0.049,14.189,0.073,16.4756,0.001024,17.0261,0.005007,15.7908,0.004677,,,,,,,,,Theia7143,1479.108388168207,Kounkel2020,5110.0,1.69981,0.86
220066695,3.223649139227113e+18,83.8943938464173,2.42312301481494,0.831746,16.1194,15.302,0.082,17.0372,0.047,15.184,0.064,14.642,0.055,14.441,0.091,16.7491,0.000944,17.2718,0.02284,16.0418,0.005235,14.524,0.054,14.594,0.075,12.348,,8.67,,Theia7143,1479.108388168207,Kounkel2020,5031.0,0.704535,0.84
264457811,3.237220342528835e+18,81.147196682137,5.06311233420228,0.348151,15.8072,16.741,0.089,16.3752,0.0459,15.054,0.063,14.673,0.062,14.567,0.112,16.236,0.00086,16.5528,0.003346,15.7345,0.004824,14.155,0.029,14.01,0.041,11.644,0.213,8.316,,Theia7143,1479.108388168207,Kounkel2020,6224.0,1.16144,1.2
138900158,3.2364208300705024e+18,82.8875966781889,3.91141057037459,0.485998,15.9456,16.963,0.086,16.6443,0.0459,15.149,0.059,14.864,0.074,14.754,0.123,16.4548,0.000974,16.8616,0.006646,15.885,0.004052,14.567,0.033,14.637,0.063,12.589,,8.435,,Theia7143,1479.108388168207,Kounkel2020,5791.0,0.973556,1.04
464837430,3.236707115412019e+18,82.0896067687872,4.61615174020991,0.489657,16.182,17.525,0.288,16.571,1.133,15.54,0.06,15.234,0.158,14.937,0.143,16.6539,0.001132,17.0272,0.009054,16.1247,0.004211,15.145,0.04,15.0,0.075,12.608,,8.831,,Theia7143,1479.108388168207,Kounkel2020,5757.0,0.818697,1.03
449198402,3.235531977999711e+18,79.6843931436493,3.89013788905152,1.0181,14.4664,16.044,0.08,15.388,0.092,13.719,0.026,13.41,0.029,13.319,0.044,14.9717,0.000506,15.3762,0.003324,14.4056,0.001871,13.281,0.025,13.317,0.031,12.571,,8.587,,Theia7143,1479.108388168207,Kounkel2020,5537.0,0.981947,0.97
264538261,3.2376453767876644e+18,81.5762923088886,5.68094191351355,0.55825,15.592,17.03,0.11,16.538,1.133,14.776,0.039,14.405,0.047,14.513,0.119,16.1049,0.000729,16.5206,0.006421,15.5364,0.002931,14.385,0.032,14.409,0.053,11.998,0.328,8.492,,Theia7143,1479.108388168207,Kounkel2020,5711.0,1.02893,1.02
459989144,3.2363499115722634e+18,81.0795560240961,4.16758587762258,0.581292,16.4295,17.708,0.095,17.2122,0.046,15.629,0.07,15.246,0.109,14.929,0.157,16.9864,0.001093,17.4652,0.006373,16.3885,0.006917,15.124,0.04,14.997,0.086,12.628,,8.279,,Theia7143,1479.108388168207,Kounkel2020,5312.0,0.738508,0.91
264630772,3.22385959691875e+18,82.1546539128482,2.69350463311864,0.690555,15.5783,17.13,0.0,16.377,0.076,14.712,0.049,14.374,0.048,14.296,0.08,16.1176,0.000731,16.5657,0.006685,15.5265,0.002709,14.274,0.029,14.306,0.048,12.673,,9.038,,Theia7289,1621.8100973589333,Kounkel2020,5450.0,0.904093,0.95
264462943,3.235921583072833e+18,81.3071815681409,3.00387941347248,0.594718,13.9739,15.043,0.035,14.449,0.103,13.418,0.029,13.169,0.033,13.151,0.034,14.348,0.000381,14.6191,0.001638,13.9064,0.001786,13.045,0.025,13.085,0.03,11.957,,8.955,,Theia7289,1621.8100973589333,Kounkel2020,6467.0,1.61589,1.32
459988429,3.237237835930628e+18,81.024133121159,5.2242090017602,1.05177,15.717,17.879,0.078,16.57,1.133,14.8,0.047,14.123,0.051,14.109,0.079,16.3956,0.000852,17.0006,0.007614,15.663,0.00333,14.049,0.029,14.14,0.042,12.63,,8.731,,Theia7289,1621.8100973589333,Kounkel2020,4816.0,0.745158,0.78
264483147,3.2359194484746624e+18,81.4727570176154,3.01392680230562,0.669445,15.2586,16.592,0.073,15.861,0.036,14.604,0.037,14.234,0.051,14.15,0.07,15.7452,0.00072,16.1298,0.005821,15.1981,0.003366,14.054,0.028,14.039,0.042,12.111,,9.166,,Theia7289,1621.8100973589333,Kounkel2020,5825.0,0.968285,1.05
264739201,3.236010780953725e+18,82.3440963047195,3.51039848833343,0.316439,15.7236,16.874,0.017,16.318,0.184,15.07,0.067,14.83,0.074,15.009,0.138,16.0969,0.000805,16.3741,0.00358,15.662,0.003783,,,,,,,,,Theia7289,1621.8100973589333,Kounkel2020,6523.0,1.22104,1.34
449310790,3.236964091895182e+18,80.1692946629709,3.70056131158147,0.581285,15.6375,16.902,0.073,16.036,0.241,14.859,0.037,14.458,0.056,14.508,0.087,16.1815,0.001159,16.626,0.008762,15.5761,0.003435,14.246,0.03,14.399,0.054,12.572,,8.532,,Theia7289,1621.8100973589333,Kounkel2020,5369.0,1.0424,0.93
264538129,3.2376353781038444e+18,81.4974296469691,5.50331713680119,0.828281,14.8543,15.653,0.066,15.522,0.16,14.143,0.042,13.769,0.039,13.777,0.054,15.3509,0.000712,15.7462,0.004521,14.7946,0.001835,13.587,0.035,13.563,0.041,12.036,,8.85,,Theia7289,1621.8100973589333,Kounkel2020,5767.0,0.971088,1.03
138828923,3.2239720219828383e+18,82.5815028504296,3.08904491287536,0.407104,16.1649,16.793,0.094,16.8488,0.046,15.395,0.071,15.072,0.094,14.996,,16.6652,0.000902,17.0509,0.006781,16.0916,0.009299,,,,,,,,,Theia7289,1621.8100973589333,Kounkel2020,5716.0,1.01395,1.02
220046160,3.2243200517727043e+18,83.4996104296095,3.29506030399605,0.526843,15.8483,17.195,0.034,16.473,1.133,14.996,0.036,14.697,0.049,14.585,0.094,16.3538,0.000847,16.75,0.004704,15.7809,0.003476,14.574,0.034,14.615,0.058,12.132,,8.412,,Theia7289,1621.8100973589333,Kounkel2020,5954.0,0.936197,1.09
464838963,3.22382066733521e+18,82.0507804644631,2.49796091149906,1.0971,12.5261,13.384,0.043,12.977,0.069,11.953,0.03,11.713,0.035,11.668,0.024,12.8998,0.000438,13.1793,0.001805,12.4681,0.001548,11.468,0.024,11.476,0.021,11.818,0.336,8.694,,Theia7289,1621.8100973589333,Kounkel2020,6417.0,1.74925,1.29
138903424,3.236399939350556e+18,83.0156966196148,3.65144024971507,0.590804,15.7386,17.301,0.0,16.422,1.133,14.876,0.043,14.599,0.064,14.471,0.084,16.3137,0.000849,16.7947,0.00778,15.6843,0.002715,14.355,0.03,14.475,0.053,12.129,,8.893,,Theia7289,1621.8100973589333,Kounkel2020,5446.0,1.02345,0.95
138936268,3.223685186887312e+18,83.1043222062423,2.38184485363221,0.228172,16.0519,17.304,0.0,16.846,0.06,15.341,0.068,14.838,0.076,14.679,0.114,16.5789,0.000958,17.0103,0.00729,15.9975,0.003135,14.709,0.033,14.756,0.064,12.058,,8.699,,Theia7289,1621.8100973589333,Kounkel2020,5607.0,1.62871,0.99
138941515,3.223669072170011e+18,83.229974416669,2.29389414610613,0.45184,16.5386,17.774,0.0,17.293,0.06,15.964,0.101,15.552,0.129,15.074,0.151,17.0276,0.001047,17.4227,0.006403,16.4863,0.004713,15.406,0.042,15.509,0.113,12.376,,8.762,,Theia7289,1621.8100973589333,Kounkel2020,5806.0,0.758627,1.04
138979799,3.2236926042953907e+18,83.346224461459,2.54305721043198,0.88952,16.2154,18.176,0.081,17.3397,0.0462,15.116,0.052,14.678,0.064,14.277,0.073,16.9435,0.001131,17.6298,0.010251,16.171,0.003657,14.391,0.03,14.545,0.06,12.57,,8.333,,Theia7289,1621.8100973589333,Kounkel2020,4530.0,0.776934,0.71
449364978,3.237074966474881e+18,80.2182741237613,4.38932818236272,0.217156,16.4722,16.936,0.113,16.557,1.133,15.891,0.095,15.689,0.119,15.415,0.243,16.8732,0.001022,17.1616,0.010015,16.3968,0.006205,14.856,0.035,14.943,0.073,12.28,,8.697,,Theia7289,1621.8100973589333,Kounkel2020,6369.0,0.999614,1.27
220073271,3.223657969679638e+18,84.0964784369393,2.58139080261564,0.493317,15.7887,16.969,0.054,16.451,0.008,15.108,0.045,14.706,0.071,14.637,0.09,16.2676,0.000881,16.6461,0.006372,15.7298,0.003608,14.62,0.032,14.48,0.053,12.109,,8.778,0.451,Theia7289,1621.8100973589333,Kounkel2020,5975.0,0.975977,1.1
220077483,3.223644191423132e+18,84.1302399417221,2.46430938061254,0.522351,16.3071,17.593,0.096,17.1052,0.0461,15.599,0.071,15.1,0.073,14.953,0.143,16.8733,0.001034,17.359,0.010803,16.2664,0.004361,14.842,0.035,14.744,0.064,12.605,,9.054,,Theia7289,1621.8100973589333,Kounkel2020,5455.0,0.864479,0.95
459989777,3.2361283943388723e+18,81.0658139800055,3.237990534488,0.594259,14.012,15.336,0.041,14.665,0.08,13.344,0.027,12.954,0.028,13.023,0.035,14.4689,0.000488,14.8197,0.001879,13.947,0.001937,12.879,0.024,12.888,0.029,12.709,,8.573,,Theia7289,1621.8100973589333,Kounkel2020,5974.0,1.82626,1.1
264458974,3.236153511307602e+18,81.2051425587638,3.34722805408504,0.200187,16.6356,17.498,0.126,17.1768,0.046,16.069,0.109,15.664,0.155,16.308,,17.0473,0.001145,17.353,0.011957,16.5687,0.005371,15.742,0.054,15.787,0.137,12.424,0.43,8.886,,Theia7289,1621.8100973589333,Kounkel2020,6225.0,0.984985,1.2
264624527,3.2362550786939013e+18,80.8000741664742,4.04265328652598,0.632584,15.3238,16.708,0.076,15.94,0.16,14.626,0.042,14.284,0.05,14.093,0.061,15.813,0.000758,16.1993,0.006878,15.2616,0.002052,14.158,0.029,14.142,0.047,12.221,,8.287,,Theia7289,1621.8100973589333,Kounkel2020,5650.0,1.00795,1.0
220056645,3.224108017827618e+18,83.7509995012043,2.99177272929338,0.277975,15.7581,16.814,0.0,16.209,0.127,15.158,0.049,14.745,0.055,14.707,0.104,16.1465,0.000732,16.433,0.003946,15.6911,0.004463,14.826,0.034,14.923,0.082,12.785,,9.006,,Theia7289,1621.8100973589333,Kounkel2020,6519.0,1.36453,1.34
464838557,3.235888151047631e+18,82.070730591637,3.05516193291746,0.523177,14.7926,16.026,0.0,15.441,0.115,14.087,0.029,13.812,0.031,13.704,0.052,15.2326,0.000521,15.5651,0.004276,14.7248,0.001357,13.737,0.026,13.73,0.036,12.48,0.408,8.738,,Theia7289,1621.8100973589333,Kounkel2020,6197.0,1.38245,1.19
464838967,3.2238202893780884e+18,82.049834153992,2.49618978701214,1.08295,13.6489,,,14.133,0.126,13.06,0.032,12.762,0.027,12.671,0.029,14.0828,0.000362,14.4172,0.002518,13.5899,0.00185,,,,,,,,,Theia7289,1621.8100973589333,Kounkel2020,6423.6,1.0252,1.3
713163752,3.223974770761877e+18,82.7043397542845,3.1925733284151,1.03769,15.5726,,,16.2574,0.0464,,,,,,,16.0734,0.001425,16.4523,0.018162,15.4918,0.007541,,,,,,,,,Theia7289,1621.8100973589333,Kounkel2020,5649.0,0.570934,1.0
449365201,3.2370818083585577e+18,80.2635388620983,4.4780598250847,2.66515,8.42258,8.378,0.0,8.4,0.03,8.394,0.021,8.424,0.029,8.424,0.021,8.37132,0.000579,8.37355,0.001819,8.38581,0.002328,8.405,0.023,8.431,0.02,8.454,0.023,7.862,0.196,ASCC 16,11.0,Pang2022,11166.0,2.55238,2.923
713214619,3.2346011383281377e+18,80.106559040564,2.8244517948244,1.71407,16.7598,,,,,,,,,,,18.005,0.003496,19.6383,0.170375,16.562,0.021955,,,,,,,,,ASCC 16,11.0,Pang2022,,,
264745886,3.236913376920966e+18,82.5175754166347,5.39494854559868,2.4727,10.9939,12.584,0.371,11.861,0.026,10.26,0.026,9.941,0.024,9.828,0.019,11.4739,0.002671,11.8593,0.008789,10.9342,0.007041,9.786,0.023,9.806,0.019,9.743,0.046,8.536,,Collinder 69,14.0,Pang2022,6595.0,1.85119,1.38
138828264,3.223770154225193e+18,82.6239253586293,2.21433339191405,2.33848,17.0007,,,,,15.194,0.058,14.579,0.061,14.234,0.067,18.429,0.003734,20.2951,0.115828,17.1089,0.012808,14.11,0.028,13.919,0.04,12.337,,8.807,,LP 2371,20.0,Pang2022,3096.0,0.436728,0.432237
138856879,3.2235795263963505e+18,82.7459240260047,2.05896969745004,1.8873,16.9759,20.719,0.175,,,15.218,0.067,14.583,0.074,14.459,0.098,18.4294,0.003294,20.2793,0.121318,17.0848,0.011145,14.146,0.029,13.918,0.04,12.667,,8.866,,LP 2371,20.0,Pang2022,3093.0,0.473812,0.471587
264630810,3.223858566126602e+18,82.1687030661913,2.64463898326532,,16.6576,20.216,0.167,,,14.751,0.041,14.117,0.04,13.96,0.059,17.8885,0.002644,19.7055,0.044496,16.6095,0.010074,13.778,0.027,13.556,0.033,12.363,,8.636,,LP 2371,20.0,Pang2022,,,
264623903,3.236176390596533e+18,80.8901441405091,3.58658446438509,2.42012,16.6541,,,,,14.683,0.038,14.023,0.048,13.688,0.047,18.1214,0.00215,19.9526,0.089733,16.7628,0.006019,13.628,0.026,13.386,0.032,12.118,,8.686,,LP 2373 gp2,9.0,Pang2022,3095.0,0.505452,0.503418
449429219,3.234638006327297e+18,80.5239644035093,3.16234238584446,3.08474,16.6455,,,,,14.695,0.039,14.116,0.035,13.798,0.058,18.1222,0.002605,20.0446,0.047157,16.7614,0.006731,13.675,0.026,13.451,0.031,12.021,,9.135,,LP 2373 gp2,9.0,Pang2022,3053.0,0.408195,0.400701
457229605,3.236066095837536e+18,81.7797736600961,3.53807546865656,2.26785,16.2209,,,,,14.39,0.035,13.752,0.051,13.548,0.039,17.6505,0.002219,19.5626,0.081558,16.333,0.015631,13.221,0.025,13.056,0.027,11.936,0.278,8.74,,LP 2373 gp2,9.0,Pang2022,3077.0,0.555461,0.55014
464838682,3.235878805198811e+18,81.9815222075581,2.90272269826453,2.46443,16.019,,,,,14.088,0.035,13.557,0.029,13.316,0.039,17.4807,0.00245,19.48,0.063825,16.1398,0.006713,13.161,0.025,12.913,0.028,12.024,0.305,8.558,,LP 2373 gp2,9.0,Pang2022,3029.0,0.564018,0.557691
264483256,3.235915497104584e+18,81.3884143104417,2.85303699316473,2.68827,16.5041,,,,,14.522,0.042,13.931,0.049,13.579,0.047,17.9943,0.002043,20.0529,0.101737,16.6309,0.009731,13.465,0.026,13.246,0.03,12.163,0.41,8.534,,LP 2373 gp2,9.0,Pang2022,2995.0,0.489161,0.487241
264483287,3.2358682911188106e+18,81.4145682709888,2.81936836967245,3.10393,16.7254,,,,,14.736,0.043,14.199,0.035,13.926,0.058,18.2733,0.0024,20.4293,0.1537,16.8634,0.009147,13.627,0.027,13.346,0.034,12.163,0.344,8.756,,LP 2373 gp2,9.0,Pang2022,2941.0,0.3905,0.380716
457229503,3.236072418030295e+18,81.8064543112178,3.67048819740306,2.78818,16.755,,,,,14.844,0.044,14.213,0.045,13.864,0.092,18.2713,0.003583,19.9839,0.161022,16.8585,0.007572,13.707,0.033,13.474,0.039,11.465,0.214,8.018,,LP 2373 gp2,9.0,Pang2022,3124.0,0.431311,0.426326
457229757,3.235954392327934e+18,81.785022769422,3.29120798785391,3.0263,17.0121,,,,,15.002,0.046,14.446,0.044,14.106,0.066,18.533,0.002854,20.5892,0.163317,17.1407,0.009582,13.998,0.029,13.756,0.035,12.381,,8.923,,LP 2373 gp2,9.0,Pang2022,2985.0,0.374142,0.362027
457229685,3.235959443209549e+18,81.7390580076914,3.42276610223701,2.86508,16.5245,,,,,14.513,0.036,13.913,0.039,13.59,0.053,18.0424,0.002342,20.0429,0.07796,16.6492,0.005556,13.433,0.026,13.192,0.028,12.217,,8.878,,LP 2373 gp2,9.0,Pang2022,3007.0,0.463818,0.461187
264463437,3.236183125105442e+18,81.2641423662666,3.75740857678822,2.46821,15.9888,19.945,0.166,,,14.121,0.038,13.513,0.029,13.331,0.039,17.3974,0.001725,19.0451,0.136775,16.0803,0.007351,13.105,0.026,12.88,0.028,12.14,,8.94,,LP 2373 gp2,9.0,Pang2022,3200.0,0.558899,0.553189
264482542,3.23628331810384e+18,81.4417812702055,3.93979362261686,2.59328,16.6451,,,,,14.562,0.036,14.015,0.039,13.697,0.05,18.1439,0.002912,19.8904,0.114768,16.7499,0.007885,13.541,0.025,13.292,0.03,12.636,,8.866,,LP 2373 gp2,9.0,Pang2022,3117.0,0.482912,0.480916
457229404,3.2362679593011896e+18,81.7667961933569,3.78593455880638,2.76455,16.5677,16.254,0.071,,,14.493,0.035,13.938,0.039,13.586,0.064,18.1564,0.002854,20.5232,0.089236,16.7239,0.006322,12.848,0.024,12.719,0.027,12.034,0.318,8.286,,LP 2373 gp2,9.0,Pang2022,2874.0,0.475062,0.472877
264462372,3.222314508204024e+18,81.2943165958243,2.15356713709963,2.6013,16.4581,20.665,0.164,,,14.476,0.036,13.962,0.041,13.553,0.048,17.9784,0.002796,20.0777,0.079565,16.5901,0.00976,13.494,0.029,13.251,0.035,12.425,,8.687,,LP 2373 gp2,9.0,Pang2022,2970.0,0.501452,0.499488
264630551,3.235883679985445e+18,82.1292942538012,2.96685926756529,2.34774,16.4173,,,,,14.516,0.037,13.914,0.036,13.615,0.043,17.8552,0.002517,19.731,0.059975,16.5272,0.008451,13.541,0.026,13.291,0.031,12.058,,8.688,,LP 2373 gp2,9.0,Pang2022,3088.0,0.531447,0.528261
138828868,3.223970574577692e+18,82.6557477609742,3.02593788365413,3.00356,16.5666,,,,,14.642,0.039,14.021,0.04,13.693,0.055,18.0651,0.002072,20.1124,0.084211,16.6932,0.007108,13.607,0.026,13.366,0.032,12.505,,8.618,,LP 2373 gp2,9.0,Pang2022,2996.0,0.43091,0.425887
713162412,3.2239534677243505e+18,82.8390031152563,2.90351488473769,3.24475,16.5155,,,,,,,,,,,17.7137,0.002253,19.2626,0.173349,16.3911,0.001643,,,,,,,,,LP 2373 gp2,9.0,Pang2022,3326.0,,
138899444,3.2239534677243505e+18,82.8390031152563,2.90351488473769,3.24475,16.5155,19.631,0.167,,,13.998,0.042,13.482,0.041,13.196,0.045,17.7137,0.002253,19.2626,0.173349,16.3911,0.001643,12.881,0.025,12.731,0.027,11.872,,8.731,,LP 2373 gp2,9.0,Pang2022,3326.0,0.412734,0.35
138855750,3.236040983163852e+18,82.7256718215461,3.67875803428633,2.72535,16.6645,19.865,0.171,,,14.876,0.05,14.205,0.044,13.73,0.059,18.1716,0.002378,20.0031,0.111829,16.776,0.01616,13.268,0.026,12.773,0.027,11.252,0.171,8.584,,LP 2373 gp2,9.0,Pang2022,3078.0,0.457925,0.454982
264686594,3.2366840213716603e+18,82.3960414958319,4.36336795882836,,14.724,19.268,0.162,,,12.982,0.024,12.425,0.027,12.174,0.023,16.0787,0.001733,17.7539,0.023211,14.8142,0.003779,11.999,0.024,11.797,0.022,11.649,,8.565,,LP 2373 gp2,9.0,Pang2022,3212.0,0.672716,0.643894
464837989,3.236104716183886e+18,82.0122798758437,3.83559506450361,3.00158,16.8702,,,,,14.669,0.039,14.044,0.05,13.779,0.06,18.5057,0.003087,20.8764,0.159328,17.0299,0.007147,13.582,0.026,13.299,0.032,12.383,0.383,8.527,0.299,LP 2373 gp2,9.0,Pang2022,2864.0,0.41936,0.413154
264740246,3.2237482670718034e+18,82.3565236048784,2.15252825504528,2.7102,16.8227,,,,,14.894,0.041,14.295,0.044,13.975,0.067,18.3199,0.00266,20.3848,0.072353,16.9504,0.009162,13.894,0.028,13.648,0.033,12.125,,8.92,,LP 2373 gp2,9.0,Pang2022,2990.0,0.423092,0.417285
264682371,3.2237665120916306e+18,82.2966321446728,2.29233844082748,2.73417,16.4169,,,,,14.406,0.038,13.826,0.035,13.604,0.042,17.9449,0.002221,20.0813,0.077319,16.5522,0.009793,13.365,0.025,13.116,0.028,12.496,,8.828,,LP 2373 gp2,9.0,Pang2022,2954.0,0.476528,0.474385
264683669,3.2361101793824256e+18,82.2147677364133,3.93804158038196,2.81637,16.9339,,,,,14.704,0.041,14.168,0.041,13.691,0.052,18.5408,0.003006,20.571,0.150391,17.0669,0.008362,13.339,0.026,12.732,0.028,10.93,0.125,8.285,,LP 2373 gp2,9.0,Pang2022,2964.0,0.455997,0.45294
138941496,3.223670682782023e+18,83.2862776672121,2.32505272497219,3.16336,16.7961,,,,,14.711,0.038,14.067,0.037,13.914,0.061,18.4087,0.002494,20.8788,0.172796,16.9614,0.018052,13.597,0.026,13.342,0.032,12.55,0.471,8.343,,LP 2373 gp2,9.0,Pang2022,2852.0,0.384633,0.374034
220045407,3.223679307076523e+18,83.4322231721518,2.44748143804676,3.04809,16.5321,,,,,14.539,0.037,13.993,0.033,13.624,0.045,17.9953,0.003615,20.1023,0.075456,16.6605,0.013804,13.046,0.025,12.587,0.025,11.481,0.213,8.886,0.485,LP 2373 gp2,9.0,Pang2022,2987.0,0.437176,0.432724
220066413,3.223604200984257e+18,83.968432673437,2.1004175206445,2.48784,16.9704,19.611,0.176,,,15.047,0.061,14.423,0.063,14.139,0.079,18.4794,0.003287,20.7032,0.295414,17.1103,0.009369,13.68,0.025,13.505,0.033,12.221,0.385,8.807,,LP 2373 gp2,9.0,Pang2022,2932.0,0.428989,0.42378
264622426,3.234393944809496e+18,80.8931842596276,2.42364237506233,3.02318,11.2653,12.297,0.037,11.742,0.057,10.728,0.026,10.506,0.026,10.451,0.026,11.6363,0.000979,11.9164,0.002942,11.2105,0.001834,10.371,0.026,10.376,0.026,10.263,0.074,8.672,,Orion,5.0,Various-Kounkel+2018;2020;Kos+2018;Chen+2020;Sanchez-Sanjuan+2024;Zerjat+2024;Kos+2021,6140.1,1.25695,1.164
264592546,3.236198866162114e+18,80.7126442357684,3.55222242943281,2.5579,7.27228,,,7.17,0.03,7.351,0.018,7.464,0.044,7.485,0.026,7.13776,0.000773,7.10124,0.002896,7.24603,0.001406,7.489,0.026,7.526,0.02,7.569,0.019,7.321,0.122,Orion,5.0,Various-Kounkel+2018;2020;Kos+2018;Chen+2020;Sanchez-Sanjuan+2024;Zerjat+2024;Kos+2021,14467.0,,
264487404,3.236164643862783e+18,81.5214777695982,3.57604955953553,2.84549,12.5572,14.934,0.027,13.549,0.08,11.09,0.036,10.551,0.037,10.223,0.026,13.3472,0.003267,14.0334,0.016597,12.4101,0.02426,10.04,0.023,9.987,0.02,9.861,0.047,8.426,,Orion,5.0,Various-Kounkel+2018;2020;Kos+2018;Chen+2020;Sanchez-Sanjuan+2024;Zerjat+2024;Kos+2021,4264.16,,
264536945,3.236266005091323e+18,81.5902204605093,3.81044652076482,2.84797,13.91,,,15.73,0.08,12.225,0.027,11.496,0.027,11.157,0.019,14.8884,0.004684,15.9626,0.024258,13.828,0.011156,10.706,0.023,10.152,0.02,7.697,0.018,6.395,0.065,Orion,5.0,Various-Kounkel+2018;2020;Kos+2018;Chen+2020;Sanchez-Sanjuan+2024;Zerjat+2024;Kos+2021,3811.0,1.07221,0.58
457229353,3.2362706436559764e+18,81.784596367532,3.85555117064115,2.85251,6.9109,6.574,0.022,6.73692,0.023,7.082,0.024,7.209,0.046,7.163,0.029,6.70361,0.000738,6.6353,0.002849,6.88295,0.002957,7.201,0.039,7.268,0.021,7.306,0.018,7.255,0.125,Orion,5.0,Various-Kounkel+2018;2020;Kos+2018;Chen+2020;Sanchez-Sanjuan+2024;Zerjat+2024;Kos+2021,,,
264540104,3.23607193699284e+18,81.7261535479587,3.61467365971005,2.72164,7.3414,7.039,0.023,7.17823,0.023,7.506,0.029,7.619,0.053,7.617,0.026,7.15752,0.000572,7.10142,0.002105,7.3118,0.002748,7.601,0.029,7.658,0.019,7.715,0.018,7.77,0.206,Orion,5.0,Various-Kounkel+2018;2020;Kos+2018;Chen+2020;Sanchez-Sanjuan+2024;Zerjat+2024;Kos+2021,,,
459990361,3.234344368002824e+18,81.0756743787351,2.36835902819958,2.88194,10.0086,10.282,0.063,10.07,0.005,9.748,0.026,9.676,0.028,9.666,0.021,10.1663,0.000591,10.293,0.001286,9.97185,0.001475,,,,,,,,,Orion,5.0,Various-Kounkel+2018;2020;Kos+2018;Chen+2020;Sanchez-Sanjuan+2024;Zerjat+2024;Kos+2021,7870.0,1.57704,1.88
457230552,3.22230619314728e+18,81.7496601399364,2.15168456663484,2.76048,11.4738,12.606,0.301,11.946,0.021,10.891,0.024,10.621,0.022,10.564,0.021,11.8842,0.00115,12.1999,0.003783,11.419,0.003356,10.51,0.024,10.533,0.02,10.494,0.081,8.622,,Orion,5.0,Various-Kounkel+2018;2020;Kos+2018;Chen+2020;Sanchez-Sanjuan+2024;Zerjat+2024;Kos+2021,6206.13,1.1843,1.19
264739473,3.235980303865975e+18,82.389704573543,3.14793147266557,2.70499,7.2771,6.974,0.023,7.11688,0.023,7.379,0.019,7.517,0.042,7.529,0.034,7.0892,0.000694,7.03312,0.00186,7.2402,0.002951,7.535,0.032,7.61,0.02,7.581,0.018,7.206,0.133,Orion,5.0,Various-Kounkel+2018;2020;Kos+2018;Chen+2020;Sanchez-Sanjuan+2024;Zerjat+2024;Kos+2021,,,
264740276,3.2237478547548124e+18,82.3480411592524,2.12085718249119,2.69826,11.557,12.77,0.045,12.07,0.046,10.95,0.027,10.666,0.024,10.62,0.023,11.981,0.000859,12.3102,0.002268,11.5027,0.002105,10.566,0.023,10.575,0.021,10.502,0.079,8.502,0.418,Orion,5.0,Various-Kounkel+2018;2020;Kos+2018;Chen+2020;Sanchez-Sanjuan+2024;Zerjat+2024;Kos+2021,5996.0,1.23434,1.11
264743741,3.223849048479211e+18,82.4661794840023,2.63545725433018,2.96536,16.4243,,,,,14.514,0.039,13.984,0.036,13.626,0.043,17.8676,0.005342,19.7221,0.074458,16.5331,0.013486,13.322,0.116,13.007,0.091,11.169,0.196,8.527,0.435,Orion,5.0,Various-Kounkel+2018;2020;Kos+2018;Chen+2020;Sanchez-Sanjuan+2024;Zerjat+2024;Kos+2021,3095.0,0.445069,0.441263
220062965,3.2236208998169784e+18,83.7792571919211,2.18785193414318,2.40063,10.6842,11.359,0.142,11.151,0.011,10.389,0.026,10.269,0.023,10.203,0.021,10.8852,0.000653,11.0372,0.002151,10.6369,0.001773,10.174,0.022,10.128,0.021,9.945,0.059,7.828,0.192,Orion,5.0,Various-Kounkel+2018;2020;Kos+2018;Chen+2020;Sanchez-Sanjuan+2024;Zerjat+2024;Kos+2021,7668.0,1.46803,1.8
264458961,3.236153850608915e+18,81.2456391884544,3.36308077656474,3.0715,15.8856,,,,,13.961,0.029,13.341,0.041,13.11,0.032,17.3308,0.001876,19.346,0.057131,16.0064,0.004877,12.963,0.025,12.725,0.027,12.389,,8.667,,Orion,5.0,Various-Kounkel+2018;2020;Kos+2018;Chen+2020;Sanchez-Sanjuan+2024;Zerjat+2024;Kos+2021,3029.0,0.513566,0.511302
138856834,3.2235814891969275e+18,82.782526475539,2.11847686635447,2.62931,16.3141,20.115,0.168,,,14.659,0.043,14.032,0.045,13.736,0.056,17.6428,0.001797,19.2393,0.043795,16.3959,0.006961,13.54,0.026,13.349,0.032,12.594,0.529,8.944,,Orion,5.0,Various-Kounkel+2018;2020;Kos+2018;Chen+2020;Sanchez-Sanjuan+2024;Zerjat+2024;Kos+2021,3258.0,0.467566,0.465106
220050179,3.236567855391899e+18,83.5908439623522,4.55593652278867,2.36327,16.6497,,,,,14.715,0.041,14.093,0.032,13.765,0.049,18.14,0.002854,20.2415,0.072464,16.7796,0.007397,13.664,0.028,13.402,0.032,12.316,0.473,9.086,,Orion,5.0,Various-Kounkel+2018;2020;Kos+2018;Chen+2020;Sanchez-Sanjuan+2024;Zerjat+2024;Kos+2021,2979.0,0.500919,0.498963
138941395,3.223690340848017e+18,83.2687588102031,2.46853549386921,2.70412,10.2223,5.85,0.473,10.7724,0.0464,9.37,0.042,8.717,0.038,8.044,0.032,10.6399,0.003835,10.9651,0.017918,10.1702,0.013231,6.976,0.05,6.518,0.022,4.957,0.015,3.077,0.023,Orion,5.0,Various-Kounkel+2018;2020;Kos+2018;Chen+2020;Sanchez-Sanjuan+2024;Zerjat+2024;Kos+2021,6076.0,2.24644,1.14
220069336,3.332741858299507e+18,83.9750831822515,5.28301035494297,2.1833,16.7422,,,,,14.874,0.043,14.263,0.045,14.055,0.054,18.1662,0.002313,20.0475,0.055953,16.8513,0.012502,13.918,0.028,13.7,0.038,12.413,,8.834,,Orion,5.0,Various-Kounkel+2018;2020;Kos+2018;Chen+2020;Sanchez-Sanjuan+2024;Zerjat+2024;Kos+2021,3092.0,0.482139,0.480128
220056846,3.2243032842205174e+18,83.6978195985018,3.19507727490111,2.27301,15.7407,,,,,14.015,0.023,13.345,0.029,13.042,0.03,17.0503,0.004327,18.5833,0.062382,15.8168,0.01103,12.95,0.025,12.805,0.027,12.144,0.34,9.044,,Orion,5.0,Various-Kounkel+2018;2020;Kos+2018;Chen+2020;Sanchez-Sanjuan+2024;Zerjat+2024;Kos+2021,3295.0,0.640707,0.620114
138904053,3.223902576657399e+18,83.0251595571324,2.79939894804586,2.95929,16.9023,19.528,0.171,,,14.835,0.046,14.217,0.05,13.909,0.054,18.4325,0.002553,20.3545,0.26416,17.022,0.008767,13.707,0.026,13.464,0.031,12.45,,8.875,,Orion,5.0,Various-Kounkel+2018;2020;Kos+2018;Chen+2020;Sanchez-Sanjuan+2024;Zerjat+2024;Kos+2021,3032.0,0.406785,0.399119
138899408,3.223905467169844e+18,82.9195434259234,2.85128047699027,2.76801,8.9043,8.916,0.031,8.913,0.003,8.755,0.023,8.709,0.021,8.708,0.022,8.88105,0.00077,8.90281,0.001888,8.86632,0.000916,8.672,0.023,8.707,0.021,8.69,0.025,8.318,0.312,Orion,5.0,Various-Kounkel+2018;2020;Kos+2018;Chen+2020;Sanchez-Sanjuan+2024;Zerjat+2024;Kos+2021,10625.0,2.09617,2.75
264743597,3.223793140889173e+18,82.484068661271,2.46252597972229,2.70719,16.2694,20.671,0.164,,,14.278,0.034,13.719,0.032,13.407,0.042,17.7847,0.002403,19.9629,0.062421,16.4068,0.005914,13.241,0.025,12.992,0.028,12.249,,8.449,,Orion,5.0,Various-Kounkel+2018;2020;Kos+2018;Chen+2020;Sanchez-Sanjuan+2024;Zerjat+2024;Kos+2021,2945.0,0.511296,0.509108
138856639,3.223782150068609e+18,82.7407146321195,2.38967167275232,2.83702,15.9319,20.468,0.165,,,14.185,0.041,13.561,0.046,13.14,0.049,17.359,0.001801,19.3185,0.047582,16.0473,0.007456,12.934,0.025,12.745,0.026,12.339,0.456,8.929,,Orion,5.0,Various-Kounkel+2018;2020;Kos+2018;Chen+2020;Sanchez-Sanjuan+2024;Zerjat+2024;Kos+2021,3059.0,0.537366,0.533749
220078102,3.224137940863431e+18,84.1930885246477,3.18008847104895,2.37237,16.7355,,,,,14.946,0.035,14.253,0.031,14.073,0.065,18.1411,0.002508,20.148,0.083238,16.8524,0.005754,13.914,0.027,13.69,0.035,11.812,,8.585,,Orion,5.0,Various-Kounkel+2018;2020;Kos+2018;Chen+2020;Sanchez-Sanjuan+2024;Zerjat+2024;Kos+2021,3048.0,0.451262,0.447902
264487333,3.2359754935022607e+18,81.5900510747766,3.49092063527582,2.70197,16.1919,20.872,0.163,,,14.194,0.032,13.651,0.039,13.332,0.039,17.8568,0.002552,19.9457,0.089968,16.3337,0.009491,13.057,0.024,12.805,0.027,12.478,0.398,9.156,,Orion,5.0,Various-Kounkel+2018;2020;Kos+2018;Chen+2020;Sanchez-Sanjuan+2024;Zerjat+2024;Kos+2021,2926.0,0.525834,0.522999
264540376,3.2359522963838505e+18,81.697494944179,3.23810529337689,2.58026,16.1665,20.773,0.162,,,14.225,0.026,13.665,0.032,13.38,0.041,17.6115,0.00169,19.4818,0.088007,16.2766,0.006854,13.242,0.026,13.057,0.03,12.31,0.428,8.399,0.289,Orion,5.0,Various-Kounkel+2018;2020;Kos+2018;Chen+2020;Sanchez-Sanjuan+2024;Zerjat+2024;Kos+2021,3088.0,0.532289,0.529046
264630603,3.2358812103804897e+18,82.1007396046273,2.91217305754011,2.93367,16.0668,,,,,14.177,0.033,13.617,0.032,13.287,0.039,17.5076,0.002288,19.5795,0.088401,16.1913,0.006842,13.239,0.026,13.016,0.029,11.983,,9.055,,Orion,5.0,Various-Kounkel+2018;2020;Kos+2018;Chen+2020;Sanchez-Sanjuan+2024;Zerjat+2024;Kos+2021,3009.0,0.502222,0.500247
464838166,3.2360624580002524e+18,82.0401981936273,3.62316168392548,2.7459,9.2629,9.606,0.0,9.46,0.03,9.024,0.023,8.854,0.055,8.826,0.019,9.40217,0.000929,9.51892,0.001656,9.2263,0.001917,8.746,0.024,8.759,0.021,8.785,0.027,8.248,,Orion,5.0,Various-Kounkel+2018;2020;Kos+2018;Chen+2020;Sanchez-Sanjuan+2024;Zerjat+2024;Kos+2021,7468.61,2.62389,1.72
138856156,3.2239727392412795e+18,82.7220352677129,3.08711399758613,2.6994,16.5534,20.436,0.171,,,14.737,0.055,14.164,0.058,13.917,0.067,18.0286,0.002664,20.0328,0.059353,16.6752,0.008131,13.52,0.027,13.16,0.03,11.902,0.368,8.612,0.414,Orion,5.0,Various-Kounkel+2018;2020;Kos+2018;Chen+2020;Sanchez-Sanjuan+2024;Zerjat+2024;Kos+2021,3021.0,0.432025,0.427107
138829326,3.2360389902990505e+18,82.5804022204662,3.61562593429829,2.85682,10.3065,10.941,0.088,10.485,0.006,9.892,0.028,9.726,0.039,9.684,0.037,10.5886,0.000371,10.8005,0.000885,10.2581,0.000605,9.662,0.026,9.675,0.024,9.487,0.043,6.462,0.087,Orion,5.0,Various-Kounkel+2018;2020;Kos+2018;Chen+2020;Sanchez-Sanjuan+2024;Zerjat+2024;Kos+2021,6740.29,1.79853,1.44
264744003,3.223963432048277e+18,82.4690631584877,2.94670602244995,3.03423,14.6324,18.216,0.165,,,12.748,0.032,12.099,0.027,11.907,0.026,15.818,0.001683,17.3619,0.016732,14.5827,0.006066,11.609,0.023,11.469,0.021,11.348,0.158,8.26,,Orion,5.0,Various-Kounkel+2018;2020;Kos+2018;Chen+2020;Sanchez-Sanjuan+2024;Zerjat+2024;Kos+2021,3423.0,0.997198,0.41
138856521,3.2237985353693184e+18,82.7110663647427,2.57364353617919,2.97923,16.4729,,,,,14.63,0.045,14.033,0.05,13.668,0.05,17.907,0.00207,19.7304,0.120233,16.5787,0.004087,13.585,0.026,13.358,0.03,12.412,0.362,9.167,,Orion,5.0,Various-Kounkel+2018;2020;Kos+2018;Chen+2020;Sanchez-Sanjuan+2024;Zerjat+2024;Kos+2021,3112.0,0.436953,0.432482
264593239,3.2343994423689487e+18,80.7565276230751,2.535902509311,2.79308,14.0522,,,15.173,0.366,12.461,0.039,11.806,0.045,11.583,0.033,15.0524,0.001693,16.165,0.006911,13.9556,0.010786,,,,,,,,,Orion,5.0,Various-Kounkel+2018;2020;Kos+2018;Chen+2020;Sanchez-Sanjuan+2024;Zerjat+2024;Kos+2021,3745.0,1.05797,0.56
457250322,3.223837400527802e+18,81.8787365449335,2.59960045539721,2.58355,12.0389,13.301,0.014,12.576,0.069,11.428,0.023,11.111,0.024,11.077,0.026,12.4707,0.001839,12.8063,0.006854,11.9832,0.005108,11.017,0.024,11.035,0.021,11.32,0.176,8.601,,Orion,5.0,Various-Kounkel+2018;2020;Kos+2018;Chen+2020;Sanchez-Sanjuan+2024;Zerjat+2024;Kos+2021,6178.54,0.990215,1.18
457229661,3.236053417093982e+18,81.7786256596917,3.45075843881229,2.93736,16.0785,17.887,0.168,15.987,0.172,13.497,0.03,12.214,0.031,11.312,0.024,17.0556,0.034645,18.0955,0.087095,15.9653,0.116514,10.221,0.021,9.309,0.018,6.998,0.015,5.075,0.03,Orion,5.0,Various-Kounkel+2018;2020;Kos+2018;Chen+2020;Sanchez-Sanjuan+2024;Zerjat+2024;Kos+2021,3816.0,,
457229511,3.236072422324267e+18,81.8001499291447,3.66515123177424,2.87388,15.4577,15.887,0.062,17.6023,0.1305,12.762,,12.665,0.06,12.452,0.041,16.5314,0.002097,17.7003,0.142678,15.254,0.008805,11.996,0.022,11.923,0.023,10.994,0.123,7.95,,Orion,5.0,Various-Kounkel+2018;2020;Kos+2018;Chen+2020;Sanchez-Sanjuan+2024;Zerjat+2024;Kos+2021,3596.0,0.596183,0.51
220061109,3.224531669105005e+18,83.8566464410813,4.24681861272275,2.28616,16.0909,20.146,0.167,,,14.309,0.043,13.627,0.043,13.348,0.039,17.473,0.001747,19.1883,0.054658,16.1853,0.004222,13.083,0.024,12.91,0.03,11.7,0.237,8.169,,Orion,5.0,Various-Kounkel+2018;2020;Kos+2018;Chen+2020;Sanchez-Sanjuan+2024;Zerjat+2024;Kos+2021,3182.0,0.58209,0.573224
449307498,3.237092219359307e+18,80.0031723982853,4.52228978892443,2.35292,10.3395,10.634,0.087,10.327,0.006,10.074,0.023,10.042,0.023,9.956,0.021,10.4769,0.000493,10.5874,0.001372,10.2964,0.001525,9.914,0.023,9.929,0.02,9.843,0.051,8.452,,Orion,5.0,Various-Kounkel+2018;2020;Kos+2018;Chen+2020;Sanchez-Sanjuan+2024;Zerjat+2024;Kos+2021,8159.0,1.62091,1.99
457251004,3.236054928922548e+18,81.9216154963851,3.51226121325698,2.97967,15.7457,19.847,0.164,,,13.993,0.029,13.441,0.035,13.17,0.039,17.1003,0.001559,18.7336,0.035498,15.8324,0.005151,12.972,0.026,12.741,0.028,12.094,,8.865,,Orion,5.0,Various-Kounkel+2018;2020;Kos+2018;Chen+2020;Sanchez-Sanjuan+2024;Zerjat+2024;Kos+2021,3230.0,0.514355,0.512062
138829061,3.2240025634943616e+18,82.6480294490191,3.27416294496638,2.89623,16.3587,21.073,0.164,,,14.508,0.036,13.883,0.034,13.68,0.047,17.8182,0.00327,19.6874,0.062815,16.4697,0.012922,13.421,0.027,13.184,0.029,12.456,,8.926,,Orion,5.0,Various-Kounkel+2018;2020;Kos+2018;Chen+2020;Sanchez-Sanjuan+2024;Zerjat+2024;Kos+2021,3082.0,0.444366,0.440507
264744326,3.23599335627044e+18,82.4528943961165,3.36366849301181,2.61583,15.5103,20.172,0.163,,,13.7,0.033,13.118,0.029,12.769,0.031,16.8933,0.001295,18.6635,0.066352,15.6091,0.004433,12.711,0.024,12.484,0.025,11.87,0.257,8.954,,Orion,5.0,Various-Kounkel+2018;2020;Kos+2018;Chen+2020;Sanchez-Sanjuan+2024;Zerjat+2024;Kos+2021,3157.0,0.635895,0.616443
220055914,3.223619899088548e+18,83.6588139578532,2.17357659874701,2.84369,16.2363,20.36,0.165,,,14.281,0.037,13.685,0.033,13.497,0.05,17.707,0.00202,19.5952,0.143528,16.3496,0.004399,13.254,0.025,13.001,0.026,11.992,,8.966,,Orion,5.0,Various-Kounkel+2018;2020;Kos+2018;Chen+2020;Sanchez-Sanjuan+2024;Zerjat+2024;Kos+2021,3070.0,0.479724,0.477663
343840712,3.3326715969305784e+18,84.3641665638913,4.99668416853643,2.4034,11.8503,12.722,0.546,12.891,0.065,11.103,0.024,10.769,0.024,10.639,0.02,12.3812,0.000542,12.8105,0.003627,11.7903,0.001459,10.558,0.023,10.561,0.021,10.39,0.079,8.984,,Orion,5.0,Various-Kounkel+2018;2020;Kos+2018;Chen+2020;Sanchez-Sanjuan+2024;Zerjat+2024;Kos+2021,5680.0,1.44445,1.01
713140668,3.22360808363456e+18,83.8497136870916,2.15780065908935,2.34827,14.9442,,,17.0543,0.0542,,,,,,,15.9999,0.001689,17.119,0.01541,14.6921,0.030241,,,,,,,,,Orion,5.0,Various-Kounkel+2018;2020;Kos+2018;Chen+2020;Sanchez-Sanjuan+2024;Zerjat+2024;Kos+2021,,,
138900730,3.23653943559322e+18,82.9280519949545,4.73843785928516,2.67129,16.196,20.565,0.165,,,14.377,0.039,13.753,0.037,13.621,0.048,17.5581,0.00174,19.1919,0.048374,16.283,0.005489,13.371,0.025,13.154,0.03,12.319,0.519,9.033,,Orion,5.0,Various-Kounkel+2018;2020;Kos+2018;Chen+2020;Sanchez-Sanjuan+2024;Zerjat+2024;Kos+2021,3226.0,0.480841,0.478804
713156944,3.2238699692635013e+18,82.2637606550875,2.83702783025844,2.78544,15.5545,,,,,,,,,,,16.7898,0.001173,18.485,0.019041,15.4556,0.016605,,,,,,,,,Orion,5.0,Various-Kounkel+2018;2020;Kos+2018;Chen+2020;Sanchez-Sanjuan+2024;Zerjat+2024;Kos+2021,,,
264592849,3.2361226176064763e+18,80.7742627680665,3.10079513463883,3.01376,15.9286,20.769,0.163,,,13.94,0.028,13.354,0.032,12.996,0.031,17.415,0.020447,19.1302,0.116922,16.0307,0.052758,12.907,0.024,12.671,0.026,10.914,0.123,8.301,,Orion,5.0,Various-Kounkel+2018;2020;Kos+2018;Chen+2020;Sanchez-Sanjuan+2024;Zerjat+2024;Kos+2021,3136.0,0.539872,0.536054
264630937,3.2238428637261865e+18,82.1704926355377,2.47130459542057,2.63874,14.9405,18.024,0.167,17.1058,0.0466,13.365,0.028,12.718,0.029,12.482,0.027,16.1061,0.001401,17.3471,0.007445,14.9856,0.006088,12.424,0.023,12.332,0.023,12.315,0.44,8.819,,Orion,5.0,Various-Kounkel+2018;2020;Kos+2018;Chen+2020;Sanchez-Sanjuan+2024;Zerjat+2024;Kos+2021,3511.0,0.685754,0.653317
323346101,3.22455747326935e+18,84.4555149712373,4.53936355924524,2.37903,16.1317,20.252,0.165,,,14.32,0.036,13.605,0.022,13.149,0.037,17.5176,0.012618,19.2263,0.076888,16.2259,0.033184,12.956,0.026,12.665,0.026,11.671,,8.763,,Orion,5.0,Various-Kounkel+2018;2020;Kos+2018;Chen+2020;Sanchez-Sanjuan+2024;Zerjat+2024;Kos+2021,3183.0,0.603411,0.590863
220071300,3.236588466939457e+18,84.097857204305,4.72843868999097,2.43665,16.7999,,,,,14.902,0.04,14.312,0.037,14.118,0.058,18.2253,0.002299,20.2096,0.065295,16.9165,0.008353,13.906,0.027,13.76,0.036,12.22,,8.989,,Orion,5.0,Various-Kounkel+2018;2020;Kos+2018;Chen+2020;Sanchez-Sanjuan+2024;Zerjat+2024;Kos+2021,3049.0,0.436174,0.431634
713165459,3.224000467549825e+18,82.8107949835804,3.2926001528013,2.96652,6.7467,,,6.8019,0.0465,,,,,,,6.78155,0.002896,6.07239,0.16523,5.96466,0.015172,,,,,,,,,Orion,5.0,Various-Kounkel+2018;2020;Kos+2018;Chen+2020;Sanchez-Sanjuan+2024;Zerjat+2024;Kos+2021,,,
220058917,3.332945439749061e+18,83.6882045814598,5.42936589033106,2.51403,16.6996,,,,,14.841,0.043,14.152,0.039,13.846,0.054,18.1434,0.003281,20.2316,0.095502,16.8251,0.007778,13.747,0.027,13.535,0.033,11.825,,9.053,,Orion,5.0,Various-Kounkel+2018;2020;Kos+2018;Chen+2020;Sanchez-Sanjuan+2024;Zerjat+2024;Kos+2021,3001.0,0.465864,0.463329
264630758,3.2238600092356065e+18,82.1743262343689,2.71356795503843,2.18215,15.3981,17.421,0.077,17.1509,0.0466,14.094,0.046,13.382,0.04,13.184,0.044,16.4224,0.001101,17.4213,0.01151,15.4151,0.002587,,,,,,,,,Orion,5.0,Various-Kounkel+2018;2020;Kos+2018;Chen+2020;Sanchez-Sanjuan+2024;Zerjat+2024;Kos+2021,3765.0,0.629692,0.611669
138937774,3.2365222900836224e+18,83.1434826820698,4.60327557909456,2.34131,11.0527,11.766,0.178,11.345,0.013,10.542,0.024,10.355,0.02,10.314,0.022,11.3392,0.000486,11.5566,0.002578,10.9736,0.000961,10.262,0.023,10.258,0.02,9.753,0.082,8.169,0.344,Orion,5.0,Various-Kounkel+2018;2020;Kos+2018;Chen+2020;Sanchez-Sanjuan+2024;Zerjat+2024;Kos+2021,6848.54,1.93976,1.48
220079986,3.3327364294606546e+18,84.1347810621333,5.1821155333077,2.39327,11.7116,12.924,0.418,12.439,0.08,10.834,0.029,10.479,0.023,10.302,0.024,12.2918,0.001797,12.7748,0.007271,11.6566,0.005819,10.304,0.022,10.316,0.02,10.316,0.078,8.951,,Orion,5.0,Various-Kounkel+2018;2020;Kos+2018;Chen+2020;Sanchez-Sanjuan+2024;Zerjat+2024;Kos+2021,6129.0,1.60813,1.159
264537227,3.236364617540215e+18,81.5604513966689,4.24329879336861,3.00608,15.3934,15.724,0.076,,,13.549,0.043,12.988,0.046,12.688,0.041,16.8205,0.001417,18.4277,0.029758,15.4837,0.004835,,,,,,,,,Orion,5.0,Various-Kounkel+2018;2020;Kos+2018;Chen+2020;Sanchez-Sanjuan+2024;Zerjat+2024;Kos+2021,3209.0,0.594341,0.583447
457229782,3.2359527430614385e+18,81.7400836137426,3.2486985254746,2.92379,14.1941,17.32,0.167,16.131,0.057,12.691,0.03,11.985,0.036,11.773,0.027,15.2174,0.003073,16.4014,0.014367,14.1319,0.007485,11.56,0.082,11.475,0.102,11.077,,8.042,,Orion,5.0,Various-Kounkel+2018;2020;Kos+2018;Chen+2020;Sanchez-Sanjuan+2024;Zerjat+2024;Kos+2021,3720.0,0.97722,0.55
264739651,3.223963118514338e+18,82.4041106819165,2.9218449473926,2.74168,16.3916,,,,,14.41,0.034,13.825,0.033,13.527,0.044,17.8912,0.002172,19.896,0.070036,16.5153,0.004184,13.287,0.025,13.005,0.028,11.959,0.275,8.611,,Orion,5.0,Various-Kounkel+2018;2020;Kos+2018;Chen+2020;Sanchez-Sanjuan+2024;Zerjat+2024;Kos+2021,3012.0,0.486649,0.484707
464838693,3.2358807980636314e+18,82.0783183778151,2.89211666476611,2.79423,14.8025,19.044,0.163,17.182,0.0469,13.23,0.024,12.583,0.023,12.371,0.024,16.0221,0.001064,17.4106,0.010807,14.8622,0.002991,12.232,0.027,12.112,0.026,11.946,0.308,8.846,,Orion,5.0,Various-Kounkel+2018;2020;Kos+2018;Chen+2020;Sanchez-Sanjuan+2024;Zerjat+2024;Kos+2021,3406.0,0.683424,0.651641
220052116,3.223698071789333e+18,83.6360394881877,2.43086107731821,2.75199,16.2731,20.357,0.165,,,14.348,0.038,13.766,0.029,13.469,0.033,17.6812,0.002525,19.399,0.136469,16.3694,0.007381,13.279,0.025,13.093,0.029,12.516,,8.94,,Orion,5.0,Various-Kounkel+2018;2020;Kos+2018;Chen+2020;Sanchez-Sanjuan+2024;Zerjat+2024;Kos+2021,3169.0,0.49405,0.492145
264683354,3.236011704370937e+18,82.2714341997352,3.51390490596092,2.59624,16.2909,20.671,0.163,,,14.278,0.029,13.786,0.032,13.41,0.038,17.8267,0.001963,20.0687,0.094737,16.4345,0.009785,13.275,0.025,13.04,0.028,12.341,0.403,8.502,,Orion,5.0,Various-Kounkel+2018;2020;Kos+2018;Chen+2020;Sanchez-Sanjuan+2024;Zerjat+2024;Kos+2021,2919.0,0.525569,0.522749
220066759,3.223655362634478e+18,83.9824180416655,2.48879745989699,2.31218,10.4195,10.862,0.091,10.626,0.007,10.09,0.023,10.009,0.023,9.942,0.019,10.5885,0.000365,10.7234,0.00127,10.3695,0.001155,9.953,0.023,9.968,0.02,9.717,0.051,8.251,0.246,Orion,5.0,Various-Kounkel+2018;2020;Kos+2018;Chen+2020;Sanchez-Sanjuan+2024;Zerjat+2024;Kos+2021,8053.99,1.69944,1.95
138979969,3.223910483691798e+18,83.3286662671714,2.77261851100376,2.71409,9.843,10.281,0.068,9.919,0.005,9.548,0.024,9.465,0.023,9.409,0.021,10.0315,0.000772,10.1785,0.002085,9.80222,0.001484,9.373,0.024,9.382,0.02,9.359,0.039,8.959,,Orion,5.0,Various-Kounkel+2018;2020;Kos+2018;Chen+2020;Sanchez-Sanjuan+2024;Zerjat+2024;Kos+2021,7699.0,1.88193,1.81
138937891,3.2366331045348874e+18,83.1265175427409,4.78265969106212,2.34728,11.6775,12.835,0.056,12.285,0.103,10.972,0.024,10.666,0.02,10.555,0.022,12.1303,0.001668,12.4897,0.006077,11.6152,0.00511,10.496,0.023,10.487,0.02,10.403,0.096,9.099,0.506,Orion,5.0,Various-Kounkel+2018;2020;Kos+2018;Chen+2020;Sanchez-Sanjuan+2024;Zerjat+2024;Kos+2021,5992.73,1.75065,1.1
713066804,3.222255095922312e+18,81.8955648696123,2.06924543877888,2.98683,15.284,,,17.607,0.0606,,,,,,,16.3976,0.005671,17.783,0.039789,15.1795,0.016514,,,,,,,,,Orion,5.0,Various-Kounkel+2018;2020;Kos+2018;Chen+2020;Sanchez-Sanjuan+2024;Zerjat+2024;Kos+2021,3474.0,0.669425,0.44
264486586,3.2358363666259845e+18,81.5729476958852,2.39956448976341,2.81258,15.7756,20.573,0.164,,,13.998,0.034,13.401,0.035,13.095,0.027,17.1449,0.001636,18.8731,0.032059,15.8702,0.004234,13.0,0.027,12.794,0.027,12.491,0.542,8.619,,Orion,5.0,Various-Kounkel+2018;2020;Kos+2018;Chen+2020;Sanchez-Sanjuan+2024;Zerjat+2024;Kos+2021,3182.0,0.548861,0.544229
457229473,3.23607860278322e+18,81.7966769198294,3.70508338649815,2.90045,16.4572,18.761,0.172,,,14.546,0.047,14.082,0.075,13.748,0.06,17.9091,0.002417,19.5745,0.057615,16.5528,0.006369,13.316,0.039,13.048,0.04,11.38,0.194,7.727,,Orion,5.0,Various-Kounkel+2018;2020;Kos+2018;Chen+2020;Sanchez-Sanjuan+2024;Zerjat+2024;Kos+2021,3173.0,0.433705,0.428943
138902845,3.236513493991494e+18,82.9731948443081,4.45492621799414,2.434,15.4253,,,,,13.41,0.045,12.792,0.045,12.487,0.044,16.6914,0.003976,18.5052,0.027731,15.376,0.012616,12.132,0.024,11.946,0.024,11.246,0.189,8.008,,Orion,5.0,Various-Kounkel+2018;2020;Kos+2018;Chen+2020;Sanchez-Sanjuan+2024;Zerjat+2024;Kos+2021,3186.0,,
264739266,3.2360068940074424e+18,82.3373309208091,3.42554954914375,2.85309,17.0374,,,,,15.032,0.048,14.491,0.057,14.184,0.071,18.5417,0.002922,20.4033,0.107386,17.1508,0.015076,14.006,0.028,13.807,0.036,12.162,,9.097,,Orion,5.0,Various-Kounkel+2018;2020;Kos+2018;Chen+2020;Sanchez-Sanjuan+2024;Zerjat+2024;Kos+2021,3067.0,0.378384,0.366889
464838971,3.2238206630396554e+18,82.056847130087,2.49180483775433,2.71512,16.3573,,,19.046,0.0652,14.579,0.052,13.915,0.048,13.669,0.055,17.7134,0.002544,19.1664,0.047976,16.4307,0.006691,13.463,0.028,13.23,0.032,11.988,,8.456,,Orion,5.0,Various-Kounkel+2018;2020;Kos+2018;Chen+2020;Sanchez-Sanjuan+2024;Zerjat+2024;Kos+2021,3311.0,0.467075,0.464594
138904185,3.2238813079791534e+18,83.0137923772332,2.63575441288152,2.7966,16.2877,,,,,14.303,0.035,13.672,0.038,13.337,0.046,17.7796,0.005043,19.7519,0.059534,16.4085,0.008528,12.713,0.023,12.181,0.023,10.921,0.118,8.743,0.489,Orion,5.0,Various-Kounkel+2018;2020;Kos+2018;Chen+2020;Sanchez-Sanjuan+2024;Zerjat+2024;Kos+2021,3027.0,0.510607,0.50844
138940700,3.224372381654251e+18,83.2229491358401,3.46138991315402,2.30632,10.8213,11.921,0.217,11.424,0.015,10.21,0.025,9.914,0.021,9.84,0.023,11.2311,0.001223,11.552,0.001506,10.7705,0.001119,9.791,0.022,9.816,0.02,9.796,0.055,8.905,,Orion,5.0,Various-Kounkel+2018;2020;Kos+2018;Chen+2020;Sanchez-Sanjuan+2024;Zerjat+2024;Kos+2021,6317.79,1.95145,1.24
457229480,3.236079328631678e+18,81.7858039178007,3.70282309449294,2.77456,9.3577,9.803,0.05,9.648,0.004,9.011,0.024,8.778,0.033,8.765,0.019,9.53616,0.000535,9.67491,0.002201,9.31778,0.001998,8.671,0.022,8.685,0.021,8.636,0.028,8.68,,Orion,5.0,Various-Kounkel+2018;2020;Kos+2018;Chen+2020;Sanchez-Sanjuan+2024;Zerjat+2024;Kos+2021,7721.0,2.26947,1.82
220071957,3.224513664602848e+18,84.0262459002809,4.05512492035297,2.31563,9.8401,9.938,0.048,9.882,0.004,9.68,0.026,9.716,0.022,9.685,0.024,9.85903,0.000502,9.89985,0.001548,9.80072,0.002406,9.634,0.021,9.655,0.019,9.347,0.04,8.472,0.37,Orion,5.0,Various-Kounkel+2018;2020;Kos+2018;Chen+2020;Sanchez-Sanjuan+2024;Zerjat+2024;Kos+2021,9658.0,1.74618,2.46
220050808,3.224421855383135e+18,83.6295823617214,3.87972492692781,2.43044,12.3303,14.062,0.109,13.191,0.08,11.53,0.024,11.091,0.023,10.932,0.024,12.9077,0.001567,13.3918,0.00484,12.2771,0.003267,10.878,0.024,10.898,0.021,10.757,0.1,8.468,,Orion,5.0,Various-Kounkel+2018;2020;Kos+2018;Chen+2020;Sanchez-Sanjuan+2024;Zerjat+2024;Kos+2021,5462.0,1.24831,0.95
264539441,3.236381037198163e+18,81.7079420739493,4.57997912325595,2.91737,16.7385,,,,,14.691,0.038,14.196,0.05,13.855,0.052,18.2247,0.00271,20.224,0.059808,16.8606,0.009783,13.66,0.028,13.446,0.034,11.959,,9.012,,Orion,5.0,Various-Kounkel+2018;2020;Kos+2018;Chen+2020;Sanchez-Sanjuan+2024;Zerjat+2024;Kos+2021,3019.0,0.41664,0.410133
138828794,3.223951474859308e+18,82.6509710872179,2.91843578164815,3.10418,16.3737,,,,,14.583,0.036,13.962,0.045,13.668,0.048,17.7973,0.002589,19.6325,0.061249,16.4797,0.006039,13.506,0.026,13.302,0.031,12.633,,8.532,,Orion,5.0,Various-Kounkel+2018;2020;Kos+2018;Chen+2020;Sanchez-Sanjuan+2024;Zerjat+2024;Kos+2021,3112.0,0.423753,0.418015
220061603,3.2243562970011013e+18,83.8870561738332,3.68851616035456,2.32007,15.9739,20.165,0.163,,,13.964,0.027,13.346,0.032,12.978,0.03,17.5422,0.002303,19.8323,0.08478,16.1234,0.007826,12.771,0.025,12.515,0.025,12.432,0.444,9.057,,Orion,5.0,Various-Kounkel+2018;2020;Kos+2018;Chen+2020;Sanchez-Sanjuan+2024;Zerjat+2024;Kos+2021,2897.0,0.645556,0.623786
138982021,3.2368849227618734e+18,83.3276388673744,5.48599070092076,2.55829,15.367,19.231,0.165,,,13.59,0.034,12.983,0.037,12.702,0.039,16.7142,0.001223,18.369,0.048813,15.4549,0.003317,12.526,0.04,12.361,0.034,11.931,0.338,8.806,,Orion,5.0,Various-Kounkel+2018;2020;Kos+2018;Chen+2020;Sanchez-Sanjuan+2024;Zerjat+2024;Kos+2021,3224.0,0.656501,0.631977
138855101,3.2367199616594627e+18,82.7406148737599,4.6660940927328,2.37761,11.4251,,,12.0012,0.0459,10.669,0.025,10.454,0.024,10.395,0.023,11.8579,0.00031,12.1903,0.001653,11.358,0.001,,,,,,,,,Orion,5.0,Various-Kounkel+2018;2020;Kos+2018;Chen+2020;Sanchez-Sanjuan+2024;Zerjat+2024;Kos+2021,6649.0,1.47303,1.4
220067063,3.2240896353675945e+18,83.919439469003,2.81620980484099,2.92259,10.3515,11.014,0.097,10.665,0.007,10.04,0.024,9.92,0.024,9.85,0.021,10.5686,0.000589,10.7349,0.001944,10.3058,0.001771,9.785,0.023,9.793,0.021,9.703,0.047,8.335,,Orion,5.0,Various-Kounkel+2018;2020;Kos+2018;Chen+2020;Sanchez-Sanjuan+2024;Zerjat+2024;Kos+2021,7574.0,1.44011,1.76
138828986,3.2239774465255383e+18,82.6287127096906,3.18879538027179,2.801,16.3209,20.769,0.164,,,14.455,0.037,13.937,0.04,13.565,0.04,17.7811,0.001798,19.7838,0.065249,16.4416,0.006453,13.431,0.026,13.176,0.031,12.367,,8.401,,Orion,5.0,Various-Kounkel+2018;2020;Kos+2018;Chen+2020;Sanchez-Sanjuan+2024;Zerjat+2024;Kos+2021,3028.0,0.472407,0.470134
264683394,3.236035416886134e+18,82.2956190470681,3.56603423308001,2.76186,9.9411,10.818,0.076,10.396,0.005,9.426,0.023,9.263,0.024,9.184,0.019,10.2932,0.000479,10.5651,0.00136,9.89329,0.001223,9.143,0.023,9.16,0.019,9.122,0.033,8.462,,Orion,5.0,Various-Kounkel+2018;2020;Kos+2018;Chen+2020;Sanchez-Sanjuan+2024;Zerjat+2024;Kos+2021,6373.79,2.42526,1.27
220058294,3.236622178138207e+18,83.6505068126752,4.78347494423823,2.28366,15.5371,17.015,0.078,18.0253,0.0493,13.724,0.047,12.093,,12.845,0.045,16.7067,0.00185,18.1951,0.018224,15.4741,0.005631,,,,,,,,,Orion,5.0,Various-Kounkel+2018;2020;Kos+2018;Chen+2020;Sanchez-Sanjuan+2024;Zerjat+2024;Kos+2021,3464.0,0.846654,0.44
264589133,3.236190722904175e+18,80.5651177442495,3.39743199629151,2.74594,9.5074,10.377,0.067,9.964,0.005,8.986,0.023,8.754,0.051,8.684,0.023,9.84212,0.000384,10.0987,0.001151,9.45868,0.001236,8.587,0.023,8.608,0.02,8.562,0.025,8.639,0.398,Orion,5.0,Various-Kounkel+2018;2020;Kos+2018;Chen+2020;Sanchez-Sanjuan+2024;Zerjat+2024;Kos+2021,6764.0,2.68009,1.45
264458790,3.236179452910046e+18,81.1904687467716,3.60170192305662,2.78498,16.5317,19.79,0.18,18.2042,0.1232,15.374,0.07,13.745,0.039,12.201,0.026,17.4689,0.029943,18.3936,0.102575,16.3777,0.118259,10.056,0.024,9.271,0.02,7.002,0.016,5.057,0.031,Orion,5.0,Various-Kounkel+2018;2020;Kos+2018;Chen+2020;Sanchez-Sanjuan+2024;Zerjat+2024;Kos+2021,3904.0,,
264539942,3.236272189844216e+18,81.6511545720167,3.86325819232799,2.56967,16.1323,20.773,0.164,,,14.216,0.036,13.62,0.036,13.275,0.033,17.6452,0.002034,19.8065,0.057071,16.2685,0.004309,13.142,0.024,12.901,0.028,12.735,,8.962,,Orion,5.0,Various-Kounkel+2018;2020;Kos+2018;Chen+2020;Sanchez-Sanjuan+2024;Zerjat+2024;Kos+2021,2951.0,0.551458,0.546564
464839010,3.2238190524275144e+18,82.0665300896284,2.42747993817912,2.75551,15.2766,19.757,0.163,17.7148,0.0466,13.747,0.029,13.052,0.035,12.837,0.033,16.5132,0.002101,17.9344,0.008061,15.3396,0.004217,12.705,0.028,12.556,0.028,12.27,0.42,8.706,,Orion,5.0,Various-Kounkel+2018;2020;Kos+2018;Chen+2020;Sanchez-Sanjuan+2024;Zerjat+2024;Kos+2021,3382.0,0.60108,0.588969
138899484,3.2239552544307133e+18,82.9057729317843,2.95794836953291,2.87985,16.0186,20.572,0.164,,,14.092,0.038,13.509,0.037,13.117,0.041,17.4471,0.010834,19.2183,0.070914,16.1205,0.042611,12.97,0.024,12.7,0.027,11.093,0.147,8.715,0.417,Orion,5.0,Various-Kounkel+2018;2020;Kos+2018;Chen+2020;Sanchez-Sanjuan+2024;Zerjat+2024;Kos+2021,3137.0,0.536238,0.532709
138828233,3.2237688528500454e+18,82.6788521919099,2.16253929613929,2.80542,14.7138,18.604,0.168,16.239,1.133,13.264,0.043,12.561,0.038,12.371,0.042,15.8739,0.002831,17.1425,0.024015,14.7605,0.007929,12.252,0.025,12.13,0.026,11.889,,8.842,,Orion,5.0,Various-Kounkel+2018;2020;Kos+2018;Chen+2020;Sanchez-Sanjuan+2024;Zerjat+2024;Kos+2021,3499.0,0.681744,0.650431
138828389,3.2237768243091814e+18,82.6002294591819,2.37336873783568,2.57507,14.1981,17.218,0.182,15.715,0.046,12.893,0.023,12.186,0.023,12.007,0.026,15.0677,0.002962,15.9551,0.017039,14.1321,0.008419,11.936,0.023,11.935,0.023,11.817,0.248,8.924,,Orion,5.0,Various-Kounkel+2018;2020;Kos+2018;Chen+2020;Sanchez-Sanjuan+2024;Zerjat+2024;Kos+2021,4013.0,0.923688,0.63
713151132,3.2237751406820106e+18,82.6200653205337,2.29271405772278,2.87214,13.279,,,14.7196,0.0463,,,,,,,14.1354,0.002,14.9941,0.006377,13.2051,0.007543,,,,,,,,,Orion,5.0,Various-Kounkel+2018;2020;Kos+2018;Chen+2020;Sanchez-Sanjuan+2024;Zerjat+2024;Kos+2021,4036.0,,
713228762,3.236001709982984e+18,82.1070762264329,3.33700874165104,2.32598,12.0,,,12.5123,0.046,,,,,,,12.3925,0.000282,12.6455,0.005881,11.8969,0.011237,,,,,,,,,Orion,5.0,Various-Kounkel+2018;2020;Kos+2018;Chen+2020;Sanchez-Sanjuan+2024;Zerjat+2024;Kos+2021,6424.0,,
138979496,3.2236628487614664e+18,83.3189181814438,2.12608856202271,2.76123,16.3763,,,,,14.504,0.042,13.85,0.043,13.684,0.048,17.7742,0.002664,19.6312,0.072063,16.4819,0.0072,13.531,0.026,13.286,0.031,12.348,0.387,8.84,,Orion,5.0,Various-Kounkel+2018;2020;Kos+2018;Chen+2020;Sanchez-Sanjuan+2024;Zerjat+2024;Kos+2021,3113.0,0.460262,0.457449
323346521,3.2244695810589604e+18,84.3797043644365,4.04308849598992,2.33617,15.9521,,,,,14.088,0.03,13.428,0.041,13.119,0.036,17.4008,0.00208,19.3278,0.073962,16.0667,0.007889,12.956,0.024,12.741,0.026,11.905,,9.036,,Orion,5.0,Various-Kounkel+2018;2020;Kos+2018;Chen+2020;Sanchez-Sanjuan+2024;Zerjat+2024;Kos+2021,3063.0,0.615457,0.60052
713224485,3.2359324407501834e+18,80.9962753154115,3.07952258363568,2.80921,16.1778,,,,,,,,,,,17.4618,0.002013,19.3444,0.050046,16.1165,0.005864,,,,,,,,,Orion,5.0,Various-Kounkel+2018;2020;Kos+2018;Chen+2020;Sanchez-Sanjuan+2024;Zerjat+2024;Kos+2021,,,
457250209,3.223830597299617e+18,81.9285127960959,2.4702196471561,2.75594,15.5909,19.744,0.163,18.1007,0.0516,13.931,0.027,13.289,0.031,13.124,0.039,16.8579,0.001909,18.2973,0.024895,15.6573,0.005595,,,,,,,,,Orion,5.0,Various-Kounkel+2018;2020;Kos+2018;Chen+2020;Sanchez-Sanjuan+2024;Zerjat+2024;Kos+2021,3359.0,0.550457,0.545666
264683576,3.236090869209304e+18,82.2647894457133,3.81927716881527,2.9693,16.0715,20.257,0.163,,,14.233,0.029,13.685,0.026,13.412,0.039,17.462,0.002038,19.1851,0.064688,16.1671,0.007897,13.243,0.024,13.068,0.028,12.063,0.317,8.578,,Orion,5.0,Various-Kounkel+2018;2020;Kos+2018;Chen+2020;Sanchez-Sanjuan+2024;Zerjat+2024;Kos+2021,3174.0,0.477328,0.475207
264740014,3.223793896802838e+18,82.3903371441767,2.48778888207339,2.9159,12.6927,14.317,0.066,13.375,0.08,11.979,0.024,11.584,0.024,11.474,0.024,13.231,0.000794,13.6784,0.004121,12.6393,0.002012,11.35,0.022,11.438,0.022,11.719,0.217,8.74,,Orion,5.0,Various-Kounkel+2018;2020;Kos+2018;Chen+2020;Sanchez-Sanjuan+2024;Zerjat+2024;Kos+2021,5355.0,0.842756,0.93
220051956,3.2237159732127534e+18,83.5478123561108,2.60027253375014,2.39768,14.1301,16.838,0.064,15.269,0.08,12.778,0.029,12.121,0.024,11.968,0.026,14.9371,0.004041,15.7171,0.024385,14.0637,0.009829,11.944,0.024,11.93,0.023,11.466,0.181,8.938,,Orion,5.0,Various-Kounkel+2018;2020;Kos+2018;Chen+2020;Sanchez-Sanjuan+2024;Zerjat+2024;Kos+2021,4246.0,0.893371,0.66
449312411,3.236964190678828e+18,80.1438477016152,3.69367706686496,2.6959,16.4557,,,,,14.553,0.032,13.9,0.035,13.679,0.056,17.9094,0.002956,19.7945,0.102367,16.5673,0.009901,13.443,0.026,13.243,0.032,12.115,0.383,8.701,,Orion,5.0,Various-Kounkel+2018;2020;Kos+2018;Chen+2020;Sanchez-Sanjuan+2024;Zerjat+2024;Kos+2021,3078.0,0.468579,0.466161
264683351,3.2360115712277207e+18,82.2224227292902,3.51117233903413,3.0331,16.4591,20.242,0.165,,,14.456,0.037,13.948,0.044,13.592,0.05,17.9296,0.002201,20.147,0.067596,16.596,0.005102,13.503,0.026,13.231,0.03,12.543,,8.844,,Orion,5.0,Various-Kounkel+2018;2020;Kos+2018;Chen+2020;Sanchez-Sanjuan+2024;Zerjat+2024;Kos+2021,2947.0,0.442562,0.438561
343840795,3.332668191020264e+18,84.2771565000151,4.86882146309356,2.36795,16.6311,,,,,14.752,0.051,14.078,0.032,13.751,0.05,18.0813,0.001929,20.0433,0.058497,16.748,0.009751,13.681,0.027,13.461,0.033,11.745,,9.023,,Orion,5.0,Various-Kounkel+2018;2020;Kos+2018;Chen+2020;Sanchez-Sanjuan+2024;Zerjat+2024;Kos+2021,3048.0,0.501916,0.499946
457230174,3.235848461253884e+18,81.7970638331412,2.67132010592097,2.59324,11.228,12.338,0.239,11.603,0.017,10.749,0.022,10.547,0.023,10.499,0.021,11.5662,0.000761,11.816,0.001931,11.1722,0.000951,10.456,0.023,10.476,0.02,10.547,0.085,8.494,,Orion,5.0,Various-Kounkel+2018;2020;Kos+2018;Chen+2020;Sanchez-Sanjuan+2024;Zerjat+2024;Kos+2021,6352.24,1.40247,1.26
138900719,3.236725699734866e+18,82.8418153968611,4.71910074419007,2.39487,16.0026,19.168,0.168,18.7038,0.0792,14.157,0.038,13.562,0.037,13.262,0.042,17.3601,0.001694,18.8244,0.066927,16.0771,0.007578,13.105,0.026,12.942,0.028,12.41,0.489,8.627,,Orion,5.0,Various-Kounkel+2018;2020;Kos+2018;Chen+2020;Sanchez-Sanjuan+2024;Zerjat+2024;Kos+2021,3305.0,0.579406,0.570952
138904555,3.2235715935922145e+18,82.9973025020217,2.09481238590918,2.31896,9.4867,9.487,0.04,9.443,0.004,9.404,0.025,9.448,0.022,9.412,0.022,9.4674,0.000352,9.4941,0.001755,9.45076,0.001832,9.375,0.023,9.416,0.021,9.384,0.036,8.863,0.495,Orion,5.0,Various-Kounkel+2018;2020;Kos+2018;Chen+2020;Sanchez-Sanjuan+2024;Zerjat+2024;Kos+2021,10559.0,1.92371,2.73
220045563,3.223717107084373e+18,83.5150822368056,2.63525602059491,2.30329,10.9164,11.721,0.175,11.155,0.012,10.542,0.024,10.399,0.023,10.335,0.021,11.1795,0.000713,11.3694,0.00199,10.8598,0.001244,10.286,0.024,10.301,0.021,10.204,0.07,8.299,,Orion,5.0,Various-Kounkel+2018;2020;Kos+2018;Chen+2020;Sanchez-Sanjuan+2024;Zerjat+2024;Kos+2021,7222.0,1.49896,1.62
457229303,3.236274178412164e+18,81.7669854328991,3.9304047568048,2.9667,16.179,20.358,0.163,,,14.33,0.03,13.707,0.029,13.438,0.048,17.5983,0.001966,19.3259,0.054414,16.2769,0.005344,13.308,0.025,13.066,0.029,12.325,,8.982,,Orion,5.0,Various-Kounkel+2018;2020;Kos+2018;Chen+2020;Sanchez-Sanjuan+2024;Zerjat+2024;Kos+2021,3160.0,0.473087,0.470838
264739322,3.2359939060281354e+18,82.3643342524677,3.35033716434203,2.75888,16.4739,18.039,0.078,,,14.605,0.048,14.021,0.045,13.699,0.051,17.8978,0.002124,19.7205,0.090211,16.5789,0.003764,13.132,0.025,12.741,0.028,12.43,0.505,8.854,0.476,Orion,5.0,Various-Kounkel+2018;2020;Kos+2018;Chen+2020;Sanchez-Sanjuan+2024;Zerjat+2024;Kos+2021,3117.0,0.457446,0.454475
138899048,3.2235898729729864e+18,82.8989526223446,2.29586550995341,2.8042,15.9333,20.368,0.164,,,14.09,0.033,13.523,0.033,13.182,0.041,17.3116,0.002195,19.0058,0.063691,16.026,0.00473,13.036,0.036,12.83,0.038,12.303,,8.515,,Orion,5.0,Various-Kounkel+2018;2020;Kos+2018;Chen+2020;Sanchez-Sanjuan+2024;Zerjat+2024;Kos+2021,3193.0,0.534516,0.531115
220046539,3.224396497896186e+18,83.41919971417,3.74665425091324,2.33092,11.7532,13.046,0.058,12.471,0.092,11.079,0.027,10.8,0.024,10.695,0.021,12.2098,0.001307,12.5693,0.003763,11.6968,0.003161,10.643,0.023,10.668,0.02,10.41,0.077,8.631,,Orion,5.0,Various-Kounkel+2018;2020;Kos+2018;Chen+2020;Sanchez-Sanjuan+2024;Zerjat+2024;Kos+2021,6121.54,1.34227,1.16
264744317,3.235993115752259e+18,82.4880025092978,3.35425122698793,2.82567,16.4361,20.869,0.164,,,14.543,0.034,13.989,0.036,13.737,0.049,17.869,0.002048,19.8086,0.092716,16.5502,0.006307,13.565,0.025,13.323,0.033,12.63,,8.709,,Orion,5.0,Various-Kounkel+2018;2020;Kos+2018;Chen+2020;Sanchez-Sanjuan+2024;Zerjat+2024;Kos+2021,3064.0,0.443845,0.439945
713229084,3.236006516050334e+18,82.3862388142739,3.43468665771884,2.80321,15.7768,,,,,,,,,,,17.0483,0.001615,18.6124,0.027183,15.4436,0.003258,,,,,,,,,Orion,5.0,Various-Kounkel+2018;2020;Kos+2018;Chen+2020;Sanchez-Sanjuan+2024;Zerjat+2024;Kos+2021,,,
200545048,3.333801615710603e+18,83.2862511784149,6.29637026702552,2.05582,16.0215,19.227,0.17,17.9415,0.0484,14.541,0.044,13.853,0.046,13.703,0.057,17.1118,0.001774,18.1948,0.019479,16.0491,0.006381,13.539,0.026,13.481,0.032,12.143,,9.027,,Orion,5.0,Various-Kounkel+2018;2020;Kos+2018;Chen+2020;Sanchez-Sanjuan+2024;Zerjat+2024;Kos+2021,3654.0,0.559572,0.553783
713164823,3.223990885477982e+18,83.3040076076835,3.27080926553623,2.84981,16.2102,,,,,,,,,,,17.3987,0.001371,18.9095,0.036875,16.0734,0.007859,,,,,,,,,Orion,5.0,Various-Kounkel+2018;2020;Kos+2018;Chen+2020;Sanchez-Sanjuan+2024;Zerjat+2024;Kos+2021,3348.0,0.527984,0.37
713151564,3.223781737751756e+18,82.7152030854249,2.37122066136644,2.70676,16.0187,,,,,,,,,,,17.1907,0.001381,18.4234,0.054391,15.5702,0.038094,,,,,,,,,Orion,5.0,Various-Kounkel+2018;2020;Kos+2018;Chen+2020;Sanchez-Sanjuan+2024;Zerjat+2024;Kos+2021,,,
264743564,3.223789876713968e+18,82.496154505144,2.42610452643175,2.7735,14.7134,18.383,0.165,16.633,1.133,13.24,0.026,12.594,0.023,12.352,0.024,15.8306,0.001532,17.0207,0.008413,14.7514,0.002763,12.295,0.023,12.188,0.024,11.953,,8.914,,Orion,5.0,Various-Kounkel+2018;2020;Kos+2018;Chen+2020;Sanchez-Sanjuan+2024;Zerjat+2024;Kos+2021,3568.0,0.690403,0.656649
138979457,3.2236154323224776e+18,83.4005469534918,2.08560559477305,2.63988,11.1293,12.198,0.346,11.82,0.025,10.423,0.025,10.046,0.022,9.992,0.022,11.6211,0.000281,12.0199,0.000785,11.0772,0.000763,9.927,0.024,9.973,0.021,9.959,0.052,8.721,0.406,Orion,5.0,Various-Kounkel+2018;2020;Kos+2018;Chen+2020;Sanchez-Sanjuan+2024;Zerjat+2024;Kos+2021,5437.59,1.89153,0.95
138941683,3.2235693945689057e+18,83.179037002024,2.08463027284302,2.71531,10.3497,10.978,0.13,10.828,0.011,9.914,0.025,9.713,0.023,9.663,0.022,10.6283,0.000403,10.8365,0.000996,10.3009,0.000903,9.625,0.023,9.63,0.021,9.57,0.047,8.492,,Orion,5.0,Various-Kounkel+2018;2020;Kos+2018;Chen+2020;Sanchez-Sanjuan+2024;Zerjat+2024;Kos+2021,7056.0,1.69083,1.56
138828285,3.223771704708327e+18,82.6398432577526,2.23908034083218,2.79999,16.9474,,,,,15.113,0.046,14.479,0.06,14.215,0.074,18.3262,0.004378,20.145,0.142372,17.0486,0.017239,14.126,0.029,13.957,0.044,12.378,,8.553,,Orion,5.0,Various-Kounkel+2018;2020;Kos+2018;Chen+2020;Sanchez-Sanjuan+2024;Zerjat+2024;Kos+2021,3138.0,0.380688,0.369526
713228759,3.236001709982015e+18,82.1069956115326,3.33762374467421,2.3372,12.0264,,,12.5353,0.0459,,,,,,,12.4166,0.000286,12.6845,0.008237,11.9402,0.00245,,,,,,,,,Orion,5.0,Various-Kounkel+2018;2020;Kos+2018;Chen+2020;Sanchez-Sanjuan+2024;Zerjat+2024;Kos+2021,6439.0,1.07236,1.3
138856654,3.223781737751756e+18,82.7152030854249,2.37122066136644,2.70676,16.0187,19.243,0.164,,,13.446,0.03,12.912,0.035,12.659,0.04,17.1907,0.001381,18.4234,0.054391,15.5702,0.038094,12.369,0.024,12.167,0.024,12.466,0.518,8.699,,Orion,5.0,Various-Kounkel+2018;2020;Kos+2018;Chen+2020;Sanchez-Sanjuan+2024;Zerjat+2024;Kos+2021,,,
138900038,3.236405329533343e+18,82.8865165329043,3.73886588022709,2.10051,17.0958,20.915,0.173,,,15.46,0.06,14.916,0.077,14.479,0.092,18.3701,0.002978,19.9251,0.026824,17.1702,0.017672,14.487,0.031,14.441,0.056,12.022,,8.502,,Orion,5.0,Various-Kounkel+2018;2020;Kos+2018;Chen+2020;Sanchez-Sanjuan+2024;Zerjat+2024;Kos+2021,3301.0,0.431037,0.426025
264630925,3.223842962509227e+18,82.1707419916638,2.49069428967116,2.40793,11.2702,12.386,0.283,11.661,0.02,10.795,0.027,10.621,0.024,10.574,0.025,11.6001,0.000445,11.8447,0.001815,11.2159,0.001191,10.515,0.023,10.535,0.02,10.552,0.085,8.376,,Orion,5.0,Various-Kounkel+2018;2020;Kos+2018;Chen+2020;Sanchez-Sanjuan+2024;Zerjat+2024;Kos+2021,6433.62,1.45581,1.3
220050614,3.2244355992780764e+18,83.6290154132817,4.09133944230057,2.44068,17.1173,,,,,15.111,0.054,14.508,0.056,14.077,0.065,18.618,0.002913,20.6356,0.116245,17.2416,0.009096,14.025,0.036,13.794,0.046,12.391,,8.579,,Orion,5.0,Various-Kounkel+2018;2020;Kos+2018;Chen+2020;Sanchez-Sanjuan+2024;Zerjat+2024;Kos+2021,3006.0,0.443053,0.43909
220049892,3.236623449448531e+18,83.5825945461116,4.82508103001079,2.23776,8.6058,,,8.53,0.03,8.641,0.019,8.699,0.038,8.671,0.021,8.50356,0.000587,8.48314,0.001279,8.55841,0.002502,8.663,0.023,8.698,0.02,8.72,0.03,8.589,0.398,Orion,5.0,Various-Kounkel+2018;2020;Kos+2018;Chen+2020;Sanchez-Sanjuan+2024;Zerjat+2024;Kos+2021,,,
138936367,3.223688893445848e+18,83.1394366919589,2.53069576971667,2.84014,15.3831,,,,,13.526,0.055,12.933,0.044,12.668,0.051,16.764,0.002104,18.2266,0.048176,15.4595,0.010925,,,,,,,,,Orion,5.0,Various-Kounkel+2018;2020;Kos+2018;Chen+2020;Sanchez-Sanjuan+2024;Zerjat+2024;Kos+2021,3295.0,0.621438,0.605238
457229576,3.236068642753053e+18,81.7658830726233,3.58112712974955,2.86337,12.2876,13.686,0.043,12.865,0.057,11.61,0.028,11.249,0.031,11.183,0.026,12.7634,0.000233,13.1411,0.001219,12.2302,0.00089,10.996,0.023,11.02,0.02,11.212,0.144,8.499,,Orion,5.0,Various-Kounkel+2018;2020;Kos+2018;Chen+2020;Sanchez-Sanjuan+2024;Zerjat+2024;Kos+2021,5672.0,0.917413,1.01
264684050,3.2366886642325304e+18,82.2356319707085,4.40073751059309,2.78541,12.2179,13.499,0.049,12.831,0.08,11.56,0.026,11.275,0.024,11.231,0.021,12.6663,0.000449,13.0187,0.001881,12.1629,0.001177,11.167,0.024,11.203,0.021,11.144,0.158,8.473,,Orion,5.0,Various-Kounkel+2018;2020;Kos+2018;Chen+2020;Sanchez-Sanjuan+2024;Zerjat+2024;Kos+2021,5725.16,0.965929,1.022
449201449,3.234442873077337e+18,79.6246850430132,2.09137264063223,2.83246,9.56181,9.7,0.0,9.65,0.03,9.454,0.024,9.463,0.023,9.431,0.021,9.60385,0.000502,9.65889,0.001978,9.53304,0.001218,9.387,0.023,9.406,0.021,9.357,0.045,8.558,0.366,Orion,5.0,Various-Kounkel+2018;2020;Kos+2018;Chen+2020;Sanchez-Sanjuan+2024;Zerjat+2024;Kos+2021,8926.0,1.69091,2.25
264537317,3.236370797996034e+18,81.5649502800612,4.35561048784863,2.66202,16.8689,,,,,14.773,0.047,14.274,0.048,13.868,0.056,18.4489,0.002735,20.6525,0.108467,17.0125,0.017192,13.499,0.026,12.968,0.027,11.296,0.164,8.352,,Orion,5.0,Various-Kounkel+2018;2020;Kos+2018;Chen+2020;Sanchez-Sanjuan+2024;Zerjat+2024;Kos+2021,2917.0,0.444229,0.440359
457230050,3.2358776326713457e+18,81.8122352736233,2.85495350027465,2.44501,11.1801,12.093,0.034,11.548,0.046,10.717,0.022,10.581,0.023,10.523,0.019,11.5037,0.000527,11.744,0.001763,11.1265,0.001208,10.454,0.023,10.47,0.02,10.437,0.07,8.954,,Orion,5.0,Various-Kounkel+2018;2020;Kos+2018;Chen+2020;Sanchez-Sanjuan+2024;Zerjat+2024;Kos+2021,6462.76,1.48852,1.31
457251471,3.2363018422983726e+18,81.8720164326124,4.11645619738484,2.75679,10.1454,11.306,0.127,10.789,0.009,9.483,0.024,9.153,0.024,9.04,0.023,10.6318,0.001532,11.0256,0.006291,10.0939,0.003786,8.952,0.023,8.97,0.02,8.909,0.026,8.621,0.384,Orion,5.0,Various-Kounkel+2018;2020;Kos+2018;Chen+2020;Sanchez-Sanjuan+2024;Zerjat+2024;Kos+2021,5703.0,2.58817,1.016
264540697,3.2358652631661486e+18,81.6181612169145,2.79069134684805,,15.3472,19.444,0.165,,,13.632,0.036,12.983,0.03,12.801,0.031,16.6888,0.001495,18.2601,0.046664,15.4286,0.00466,12.622,0.024,12.442,0.024,12.286,0.394,9.017,,Orion,5.0,Various-Kounkel+2018;2020;Kos+2018;Chen+2020;Sanchez-Sanjuan+2024;Zerjat+2024;Kos+2021,3264.0,0.644898,0.623289
457250903,3.2360489159681987e+18,81.8530520098114,3.36865102379522,3.02551,16.3337,,,,,14.332,0.033,13.75,0.047,13.469,0.048,17.8411,0.002104,19.8337,0.060124,16.4571,0.006687,13.294,0.024,13.059,0.027,11.964,,8.698,,Orion,5.0,Various-Kounkel+2018;2020;Kos+2018;Chen+2020;Sanchez-Sanjuan+2024;Zerjat+2024;Kos+2021,3014.0,0.463718,0.461082
264486527,3.22232422771571e+18,81.5688368350582,2.31283864678837,2.68576,15.6418,16.425,0.016,15.661,0.119,13.8,0.055,13.175,0.065,12.976,0.049,16.7912,0.001927,18.239,0.059541,15.5144,0.000471,12.475,0.024,12.355,0.024,11.511,0.211,8.637,,Orion,5.0,Various-Kounkel+2018;2020;Kos+2018;Chen+2020;Sanchez-Sanjuan+2024;Zerjat+2024;Kos+2021,3397.0,0.678073,0.4
264743966,3.2239520890383165e+18,82.5553026675734,2.91655334185304,2.64817,16.2742,,,,,14.432,0.032,13.802,0.029,13.514,0.042,17.6334,0.001646,19.25,0.06043,16.3597,0.006884,13.45,0.029,13.312,0.032,12.636,,8.694,,Orion,5.0,Various-Kounkel+2018;2020;Kos+2018;Chen+2020;Sanchez-Sanjuan+2024;Zerjat+2024;Kos+2021,3235.0,0.500534,0.498584
264459602,3.2343433672759296e+18,81.1503230198924,2.35508399640583,,13.6546,,,14.8579,0.0519,10.165,,10.613,,11.114,0.019,14.4115,0.004581,14.9267,0.041546,13.373,0.013906,,,,,,,,,Orion,5.0,Various-Kounkel+2018;2020;Kos+2018;Chen+2020;Sanchez-Sanjuan+2024;Zerjat+2024;Kos+2021,,,
264743399,3.223773452760103e+18,82.5638666663113,2.24813005391357,2.36493,16.1175,19.823,0.164,,,14.276,0.027,13.625,0.026,13.377,0.03,17.5189,0.001631,19.3386,0.072486,16.2209,0.005711,13.231,0.03,13.011,0.031,11.8,,8.75,,Orion,5.0,Various-Kounkel+2018;2020;Kos+2018;Chen+2020;Sanchez-Sanjuan+2024;Zerjat+2024;Kos+2021,3128.0,0.565489,0.558976
713162978,3.2239626761327365e+18,82.4860817986302,2.94271286996226,2.60544,17.2653,,,,,,,,,,,17.6953,0.003468,,0.0,,0.0,,,,,,,,,Orion,5.0,Various-Kounkel+2018;2020;Kos+2018;Chen+2020;Sanchez-Sanjuan+2024;Zerjat+2024;Kos+2021,,,
264739696,3.22386883968833e+18,82.3723162513705,2.86907723954254,2.45635,9.2672,9.347,0.0,9.33,0.03,9.178,0.024,9.092,0.024,9.022,0.019,9.28515,0.000415,9.3317,0.001843,9.22845,0.001861,8.988,0.023,9.006,0.02,8.972,0.027,8.804,0.495,Orion,5.0,Various-Kounkel+2018;2020;Kos+2018;Chen+2020;Sanchez-Sanjuan+2024;Zerjat+2024;Kos+2021,9914.0,2.13627,2.54
264540534,3.235896088147081e+18,81.7118919525515,3.02681335564892,2.47615,15.1607,20.661,0.163,17.3233,0.0501,13.656,0.027,12.977,0.027,12.75,0.027,16.3298,0.003424,17.559,0.022535,15.205,0.008448,12.652,0.024,12.533,0.025,12.171,,8.852,,Orion,5.0,Various-Kounkel+2018;2020;Kos+2018;Chen+2020;Sanchez-Sanjuan+2024;Zerjat+2024;Kos+2021,3515.0,0.660281,0.634777
138899362,3.2239046081764045e+18,82.9092451046037,2.79601505225582,3.02348,14.8363,19.148,0.164,17.1483,0.048,13.275,0.029,12.649,0.029,12.352,0.03,16.0412,0.002569,17.3798,0.011654,14.8914,0.0109,12.281,0.024,12.149,0.023,11.927,0.293,8.764,,Orion,5.0,Various-Kounkel+2018;2020;Kos+2018;Chen+2020;Sanchez-Sanjuan+2024;Zerjat+2024;Kos+2021,3438.0,0.654499,0.630487
138828552,3.2238016621045115e+18,82.6685824262088,2.59322298489302,2.98885,16.0537,,,,,14.131,0.029,13.498,0.031,13.131,0.031,17.5604,0.00414,19.6799,0.072306,16.1864,0.011781,12.933,0.024,12.673,0.025,12.738,0.538,8.959,,Orion,5.0,Various-Kounkel+2018;2020;Kos+2018;Chen+2020;Sanchez-Sanjuan+2024;Zerjat+2024;Kos+2021,2967.0,0.519983,0.517453
264739774,3.2238557786928865e+18,82.4208485559894,2.78691314950171,2.73043,16.6875,,,,,14.595,0.043,14.005,0.056,13.718,0.056,18.2513,0.002985,20.2809,0.108543,16.8175,0.011014,13.468,0.025,13.267,0.03,12.143,,8.924,,Orion,5.0,Various-Kounkel+2018;2020;Kos+2018;Chen+2020;Sanchez-Sanjuan+2024;Zerjat+2024;Kos+2021,2979.0,0.458965,0.45608
713151128,3.223775136389284e+18,82.62071382392,2.29242018240778,2.53909,14.2238,,,16.7041,0.0522,,,,,,,15.3668,0.001142,16.8211,0.024182,14.0805,0.009645,,,,,,,,,Orion,5.0,Various-Kounkel+2018;2020;Kos+2018;Chen+2020;Sanchez-Sanjuan+2024;Zerjat+2024;Kos+2021,,,
264630118,3.236058742853538e+18,82.1585017407438,3.54507505479349,2.7054,16.2891,20.343,0.165,,,14.55,0.036,13.862,0.035,13.566,0.041,17.6464,0.00329,19.2517,0.048108,16.3737,0.008144,13.475,0.026,13.293,0.03,12.135,,8.564,,Orion,5.0,Various-Kounkel+2018;2020;Kos+2018;Chen+2020;Sanchez-Sanjuan+2024;Zerjat+2024;Kos+2021,3241.0,0.48457,0.4826
264630712,3.223863647072767e+18,82.1455254163398,2.77341648827936,2.94284,16.1834,20.672,0.164,,,14.239,0.034,13.682,0.035,13.363,0.042,17.6313,0.001917,19.4063,0.12669,16.2869,0.005655,13.293,0.025,13.045,0.029,12.556,,8.926,,Orion,5.0,Various-Kounkel+2018;2020;Kos+2018;Chen+2020;Sanchez-Sanjuan+2024;Zerjat+2024;Kos+2021,3127.0,0.488393,0.486468
264629876,3.236102311002231e+18,82.1030006462497,3.85836027101086,2.92888,16.0126,20.872,0.164,,,14.229,0.038,13.644,0.032,13.311,0.032,17.4703,0.002007,19.3001,0.056199,16.1208,0.018783,,,,,,,,,Orion,5.0,Various-Kounkel+2018;2020;Kos+2018;Chen+2020;Sanchez-Sanjuan+2024;Zerjat+2024;Kos+2021,3100.0,0.497752,0.495829
138899211,3.2238793881285115e+18,82.8584024276983,2.5453423656824,2.88488,16.2555,,,,,14.514,0.044,13.937,0.045,13.534,0.051,17.5996,0.00176,19.2562,0.051436,16.3428,0.006555,13.512,0.026,13.294,0.029,12.393,0.394,8.941,,Orion,5.0,Various-Kounkel+2018;2020;Kos+2018;Chen+2020;Sanchez-Sanjuan+2024;Zerjat+2024;Kos+2021,3224.0,0.467482,0.465018
264540134,3.2360701159276646e+18,81.7174848642652,3.57564888342982,3.10429,16.3568,,,,,14.469,0.036,13.868,0.035,13.562,0.044,17.8526,0.0023,19.7671,0.089449,16.4737,0.005296,13.43,0.026,13.204,0.029,12.564,,9.021,,Orion,5.0,Various-Kounkel+2018;2020;Kos+2018;Chen+2020;Sanchez-Sanjuan+2024;Zerjat+2024;Kos+2021,3049.0,0.439415,0.435156
138899464,3.2239081472294154e+18,82.9267808688195,2.92553299407918,2.62887,16.4281,,,,,14.582,0.042,14.017,0.045,13.659,0.057,17.8629,0.001984,19.8075,0.057694,16.5428,0.006688,13.582,0.026,13.37,0.032,11.954,,8.765,,Orion,5.0,Various-Kounkel+2018;2020;Kos+2018;Chen+2020;Sanchez-Sanjuan+2024;Zerjat+2024;Kos+2021,3061.0,0.480362,0.478315
464838702,3.2358807250478577e+18,82.0848939846626,2.8844302251158,2.5798,16.5032,,,,,14.74,0.043,14.172,0.036,13.867,0.06,17.8904,0.002431,19.6862,0.087849,16.6036,0.008471,13.734,0.028,13.493,0.034,12.137,,9.06,,Orion,5.0,Various-Kounkel+2018;2020;Kos+2018;Chen+2020;Sanchez-Sanjuan+2024;Zerjat+2024;Kos+2021,3144.0,0.455406,0.452313
713158836,3.2238994542144067e+18,82.7546286997488,2.78548629156511,2.98294,16.5688,,,,,,,,,,,16.9988,0.003449,,0.0,,0.0,,,,,,,,,Orion,5.0,Various-Kounkel+2018;2020;Kos+2018;Chen+2020;Sanchez-Sanjuan+2024;Zerjat+2024;Kos+2021,,,
138900080,3.2364058449294403e+18,82.8874725406125,3.80040055233135,2.5245,16.4198,20.871,0.164,,,14.482,0.036,13.852,0.043,13.658,0.057,17.9005,0.001828,19.8183,0.101757,16.5358,0.008275,13.483,0.028,13.177,0.032,11.03,0.152,8.437,0.423,Orion,5.0,Various-Kounkel+2018;2020;Kos+2018;Chen+2020;Sanchez-Sanjuan+2024;Zerjat+2024;Kos+2021,3054.0,0.494387,0.492481
138904502,3.2235850969693763e+18,82.949718644542,2.1815357956177,2.68258,16.2282,20.562,0.166,,,14.436,0.042,13.859,0.041,13.549,0.045,17.6236,0.002182,19.4708,0.058916,16.333,0.006464,13.455,0.025,13.219,0.031,11.866,,8.791,,Orion,5.0,Various-Kounkel+2018;2020;Kos+2018;Chen+2020;Sanchez-Sanjuan+2024;Zerjat+2024;Kos+2021,3119.0,0.489441,0.487523
138899202,3.2238792463953664e+18,82.834427609577,2.53013873014041,2.68316,16.3738,,,,,14.415,0.04,13.835,0.042,13.588,0.049,17.8209,0.002581,19.8288,0.08476,16.494,0.009605,13.41,0.025,13.197,0.029,12.754,,8.498,,Orion,5.0,Various-Kounkel+2018;2020;Kos+2018;Chen+2020;Sanchez-Sanjuan+2024;Zerjat+2024;Kos+2021,3031.0,0.484319,0.482346
713151563,3.2237817377506606e+18,82.7148066749202,2.37125536390937,2.82545,16.8235,,,,,,,,,,,17.2535,0.003883,,0.0,,0.0,,,,,,,,,Orion,5.0,Various-Kounkel+2018;2020;Kos+2018;Chen+2020;Sanchez-Sanjuan+2024;Zerjat+2024;Kos+2021,,,
138904325,3.2238740580764744e+18,82.9710720908647,2.43290777414217,2.57421,16.2118,17.095,0.0,16.487,0.06,14.168,0.045,13.633,0.045,13.43,0.05,17.661,0.002231,19.4531,0.062404,16.3166,0.007859,13.072,0.026,12.884,0.028,12.19,,8.975,,Orion,5.0,Various-Kounkel+2018;2020;Kos+2018;Chen+2020;Sanchez-Sanjuan+2024;Zerjat+2024;Kos+2021,3119.0,0.524186,0.521443
264739813,3.223853755763201e+18,82.3612869163868,2.74155950965828,2.75592,16.1289,20.563,0.164,,,14.414,0.032,13.775,0.032,13.556,0.044,17.4526,0.001641,19.0343,0.023461,16.2094,0.00538,13.434,0.026,13.253,0.031,12.635,0.523,8.544,,Orion,5.0,Various-Kounkel+2018;2020;Kos+2018;Chen+2020;Sanchez-Sanjuan+2024;Zerjat+2024;Kos+2021,3267.0,0.478976,0.476898
138899199,3.223879177675888e+18,82.8457176415287,2.52278775824756,2.67963,16.488,20.23,0.168,,,14.602,0.045,14.03,0.042,13.714,0.048,17.9279,0.002148,20.0673,0.093218,16.6171,0.007187,13.575,0.026,13.352,0.031,12.298,0.383,8.946,,Orion,5.0,Various-Kounkel+2018;2020;Kos+2018;Chen+2020;Sanchez-Sanjuan+2024;Zerjat+2024;Kos+2021,2984.0,0.464982,0.462407
713229219,3.236008547570756e+18,82.247152148808,3.42184834258929,3.075,14.8284,,,,,,,,,,,15.2584,0.006012,,0.0,,0.0,,,,,,,,,Orion,5.0,Various-Kounkel+2018;2020;Kos+2018;Chen+2020;Sanchez-Sanjuan+2024;Zerjat+2024;Kos+2021,,,
713229113,3.236006898303453e+18,82.3319636317619,3.43337511498198,2.67225,16.1994,,,,,,,,,,,16.6294,0.003367,,0.0,,0.0,,,,,,,,,Orion,5.0,Various-Kounkel+2018;2020;Kos+2018;Chen+2020;Sanchez-Sanjuan+2024;Zerjat+2024;Kos+2021,,,
713145436,3.2236833314598845e+18,83.2869076034831,2.41265786645469,2.68271,15.6725,,,,,,,,,,,16.1025,0.003269,,0.0,,0.0,,,,,,,,,Orion,5.0,Various-Kounkel+2018;2020;Kos+2018;Chen+2020;Sanchez-Sanjuan+2024;Zerjat+2024;Kos+2021,,,
138904191,3.2238812392648765e+18,83.0170940658031,2.63163493435545,2.5434,16.6418,,,,,14.881,0.049,14.309,0.053,13.985,0.067,17.9938,0.002814,19.7068,0.062451,16.7336,0.011995,13.692,0.027,13.486,0.033,12.01,,8.765,,Orion,5.0,Various-Kounkel+2018;2020;Kos+2018;Chen+2020;Sanchez-Sanjuan+2024;Zerjat+2024;Kos+2021,3196.0,0.440669,0.436514
220066400,3.223604372782952e+18,83.8927858976582,2.08287586958838,2.78152,14.061,15.869,0.074,15.027,0.044,13.075,0.057,12.595,0.055,12.258,0.05,17.0301,0.003254,,0.0,,0.0,11.779,0.023,11.648,0.022,11.637,0.222,8.872,,Orion,5.0,Various-Kounkel+2018;2020;Kos+2018;Chen+2020;Sanchez-Sanjuan+2024;Zerjat+2024;Kos+2021,,,
138936252,3.223684946369161e+18,83.0583446002751,2.36131396670141,2.65577,14.9561,18.469,0.166,17.0504,0.0483,13.448,0.028,12.795,0.027,12.599,0.032,16.0931,0.002074,17.3067,0.018335,14.9971,0.003813,12.431,0.024,12.333,0.024,11.656,0.211,8.89,,Orion,5.0,Various-Kounkel+2018;2020;Kos+2018;Chen+2020;Sanchez-Sanjuan+2024;Zerjat+2024;Kos+2021,3543.0,0.660195,0.634713
220045564,3.223717072724385e+18,83.4919717393821,2.63582867365086,2.76713,9.4116,10.008,0.054,9.721,0.004,9.019,0.027,8.854,0.061,8.721,0.019,9.62505,0.000697,9.79332,0.002663,9.37307,0.00231,8.666,0.024,8.672,0.021,8.644,0.028,8.586,0.474,Orion,5.0,Various-Kounkel+2018;2020;Kos+2018;Chen+2020;Sanchez-Sanjuan+2024;Zerjat+2024;Kos+2021,7527.0,2.329,1.74
264682262,3.223760155541284e+18,82.294969814499,2.15842437692768,3.05428,16.4651,20.766,0.164,,,14.541,0.034,14.049,0.049,13.733,0.042,17.9144,0.002354,19.8653,0.061992,16.5813,0.006102,13.6,0.027,13.366,0.031,12.51,,8.981,,Orion,5.0,Various-Kounkel+2018;2020;Kos+2018;Chen+2020;Sanchez-Sanjuan+2024;Zerjat+2024;Kos+2021,3053.0,0.420682,0.414619
220066493,3.2236319636527063e+18,83.9398277395393,2.19999378397526,2.73619,16.2729,19.492,0.166,,,14.263,0.033,13.621,0.033,13.32,0.042,17.81,0.00529,20.0099,0.114213,16.4135,0.013178,13.138,0.024,12.9,0.028,12.597,,8.773,,Orion,5.0,Various-Kounkel+2018;2020;Kos+2018;Chen+2020;Sanchez-Sanjuan+2024;Zerjat+2024;Kos+2021,2931.0,0.52111,0.518527
138904036,3.2239034743050004e+18,83.0309616455704,2.82062099108293,2.86573,14.654,18.551,0.163,16.803,0.332,12.643,0.024,11.985,0.026,11.715,0.024,15.8098,0.003285,17.1631,0.015113,14.4625,0.00951,11.635,0.023,11.46,0.022,11.59,0.204,9.068,,Orion,5.0,Various-Kounkel+2018;2020;Kos+2018;Chen+2020;Sanchez-Sanjuan+2024;Zerjat+2024;Kos+2021,3453.0,0.994335,0.43
138903819,3.2239817414941747e+18,83.0207053604056,3.10131236423516,2.47727,16.5325,,,,,14.693,0.045,14.042,0.05,13.784,0.051,17.9673,0.001878,19.8272,0.063102,16.641,0.006343,13.655,0.026,13.459,0.035,12.433,,8.988,,Orion,5.0,Various-Kounkel+2018;2020;Kos+2018;Chen+2020;Sanchez-Sanjuan+2024;Zerjat+2024;Kos+2021,3096.0,0.481132,0.479102
220073028,3.224091456433914e+18,84.0230950486994,2.86369025353102,2.60377,12.3235,13.925,0.067,13.118,0.092,11.545,0.024,11.122,0.022,11.005,0.021,12.8542,0.001061,13.2887,0.004356,12.2667,0.002593,10.969,0.025,10.959,0.021,10.908,0.13,8.871,,Orion,5.0,Various-Kounkel+2018;2020;Kos+2018;Chen+2020;Sanchez-Sanjuan+2024;Zerjat+2024;Kos+2021,5465.0,1.09418,0.96
138940982,3.223936627157169e+18,83.2715443434928,3.05668987968184,2.60574,16.8748,,,,,14.96,0.05,14.319,0.06,13.985,0.067,18.3961,0.002752,20.5316,0.106026,17.0092,0.010023,13.812,0.027,13.536,0.034,12.209,0.355,8.529,,Orion,5.0,Various-Kounkel+2018;2020;Kos+2018;Chen+2020;Sanchez-Sanjuan+2024;Zerjat+2024;Kos+2021,2957.0,0.433994,0.429258
220077226,3.222879446731523e+18,84.1842440529762,2.20528473512603,2.54578,15.9313,20.265,0.162,,,14.063,0.026,13.494,0.032,13.195,0.038,17.3727,0.001469,19.2883,0.068752,16.0446,0.003259,13.03,0.024,12.806,0.026,12.155,0.379,8.84,,Orion,5.0,Various-Kounkel+2018;2020;Kos+2018;Chen+2020;Sanchez-Sanjuan+2024;Zerjat+2024;Kos+2021,3071.0,0.568953,0.561987
713143470,3.2236530605320407e+18,83.7962557312579,2.47339394458623,2.57129,16.389,,,,,,,,,,,16.819,0.004968,,0.0,,0.0,,,,,,,,,Orion,5.0,Various-Kounkel+2018;2020;Kos+2018;Chen+2020;Sanchez-Sanjuan+2024;Zerjat+2024;Kos+2021,,,
220051743,3.2237261050406973e+18,83.6376871794503,2.80139652743603,2.79032,16.3223,,,,,14.263,0.055,13.78,0.066,13.349,0.052,17.8511,0.001697,20.0635,0.061229,16.4632,0.006488,13.181,0.028,12.965,0.029,11.964,,8.284,,Orion,5.0,Various-Kounkel+2018;2020;Kos+2018;Chen+2020;Sanchez-Sanjuan+2024;Zerjat+2024;Kos+2021,2930.0,0.50898,0.50686
138941042,3.223929141029481e+18,83.2292598714049,2.97235527906465,2.93169,15.706,20.373,0.163,,,13.839,0.031,13.203,0.034,12.871,0.036,17.1787,0.003324,19.1544,0.111426,15.826,0.00942,12.543,0.023,12.201,0.023,11.106,0.135,9.043,0.481,Orion,5.0,Various-Kounkel+2018;2020;Kos+2018;Chen+2020;Sanchez-Sanjuan+2024;Zerjat+2024;Kos+2021,3034.0,0.571948,0.564575
220077121,3.2228759763928617e+18,84.1750177983576,2.08346285656906,2.97027,16.4057,,,,,14.565,0.03,13.946,0.035,13.701,0.049,17.8216,0.004166,19.7601,0.066084,16.5185,0.016961,13.544,0.026,13.333,0.031,12.233,,8.337,,Orion,5.0,Various-Kounkel+2018;2020;Kos+2018;Chen+2020;Sanchez-Sanjuan+2024;Zerjat+2024;Kos+2021,3072.0,0.433354,0.42856
713216475,3.234634325541652e+18,80.6385424365987,3.1345468808758,2.78725,16.1704,,,,,,,,,,,16.6004,0.002793,,0.0,,0.0,,,,,,,,,Orion,5.0,Various-Kounkel+2018;2020;Kos+2018;Chen+2020;Sanchez-Sanjuan+2024;Zerjat+2024;Kos+2021,,,
713239086,3.236164643861324e+18,81.521893553199,3.57600174991071,2.59741,14.3825,,,,,,,,,,,14.8125,0.005234,,0.0,,0.0,,,,,,,,,Orion,5.0,Various-Kounkel+2018;2020;Kos+2018;Chen+2020;Sanchez-Sanjuan+2024;Zerjat+2024;Kos+2021,,,
220066897,3.223708826387363e+18,83.9286523447927,2.63708475474861,2.64524,9.1831,9.492,0.036,9.282,0.003,8.973,0.032,8.933,0.055,8.886,0.024,9.29307,0.000568,9.39609,0.002192,9.14781,0.001549,8.838,0.023,8.865,0.019,8.858,0.027,8.707,0.496,Orion,5.0,Various-Kounkel+2018;2020;Kos+2018;Chen+2020;Sanchez-Sanjuan+2024;Zerjat+2024;Kos+2021,8506.0,2.37777,2.12
457251216,3.2360808061004145e+18,81.8962210824358,3.78451923697259,3.19099,15.5552,18.537,0.168,,,13.777,0.033,13.116,0.038,12.911,0.034,16.9452,0.002073,18.6155,0.028509,15.6472,0.004043,,,,,,,,,Orion,5.0,Various-Kounkel+2018;2020;Kos+2018;Chen+2020;Sanchez-Sanjuan+2024;Zerjat+2024;Kos+2021,3198.0,0.532687,0.529416
713153525,3.2238147231006536e+18,82.1900656193181,2.36731074256575,2.65509,14.6183,,,,,,,,,,,15.0483,0.002947,,0.0,,0.0,,,,,,,,,Orion,5.0,Various-Kounkel+2018;2020;Kos+2018;Chen+2020;Sanchez-Sanjuan+2024;Zerjat+2024;Kos+2021,,,
264744466,3.236032148416943e+18,82.5234835609918,3.54081071066409,,12.893,9.18,,13.8284,0.0573,11.458,0.045,10.878,0.044,10.721,0.03,13.5277,0.003351,13.8822,0.075543,12.6234,0.015998,10.837,0.106,10.77,0.103,11.048,0.23,8.251,,Orion,5.0,Various-Kounkel+2018;2020;Kos+2018;Chen+2020;Sanchez-Sanjuan+2024;Zerjat+2024;Kos+2021,,,
264483067,3.2359471810778803e+18,81.4837696455581,3.13813924290153,4.29115,10.4223,11.355,0.119,10.86,0.008,9.9,0.023,9.713,0.027,9.635,0.024,10.7803,0.000415,11.0537,0.000937,10.3742,0.000861,9.588,0.022,9.62,0.017,9.657,0.041,8.78,,Orion,5.0,Various-Kounkel+2018;2020;Kos+2018;Chen+2020;Sanchez-Sanjuan+2024;Zerjat+2024;Kos+2021,6519.78,1.1237,1.341
457250425,3.235872276847546e+18,81.9684627296369,2.75880838707435,,12.6553,15.041,0.057,13.573,0.041,10.711,0.023,10.076,0.025,9.918,0.023,13.5374,0.002222,13.8187,0.0112,11.93,0.002973,9.749,0.022,9.754,0.02,9.621,0.039,8.475,,Orion,5.0,Various-Kounkel+2018;2020;Kos+2018;Chen+2020;Sanchez-Sanjuan+2024;Zerjat+2024;Kos+2021,3970.77,,
459989249,3.236334411034945e+18,81.0681697363872,4.00389318081361,,11.5572,12.421,0.436,11.954,0.03,10.964,0.021,10.696,0.024,10.728,0.023,11.9484,0.000376,12.2414,0.00142,11.499,0.001006,10.61,0.023,10.631,0.02,10.603,0.086,8.23,,Orion,5.0,Various-Kounkel+2018;2020;Kos+2018;Chen+2020;Sanchez-Sanjuan+2024;Zerjat+2024;Kos+2021,6117.06,,
264682567,3.223841862997596e+18,82.2997221954946,2.52806643898066,5.76903,12.5462,14.662,0.03,13.199,0.092,11.119,0.023,10.469,0.023,10.351,0.026,13.3019,0.018041,13.6551,0.005453,12.1044,0.005025,10.221,0.023,10.274,0.02,10.302,0.069,8.494,,Orion,5.0,Various-Kounkel+2018;2020;Kos+2018;Chen+2020;Sanchez-Sanjuan+2024;Zerjat+2024;Kos+2021,4434.87,,
138828805,3.2239516122985144e+18,82.6695635621153,2.93086160580984,,11.733,13.137,0.043,12.308,0.046,11.041,0.022,10.638,0.021,10.598,0.022,12.227,0.001332,12.6087,0.003675,11.6584,0.002269,10.513,0.023,10.559,0.02,10.592,0.083,8.996,,Orion,5.0,Various-Kounkel+2018;2020;Kos+2018;Chen+2020;Sanchez-Sanjuan+2024;Zerjat+2024;Kos+2021,5430.51,,
264739861,3.223852553172364e+18,82.3708281676191,2.68687677857579,4.0629,11.5153,13.014,0.035,12.209,0.08,10.785,0.024,10.43,0.024,10.33,0.023,12.0306,0.000552,12.4539,0.002536,11.4639,0.001347,10.269,0.024,10.279,0.021,10.144,0.055,9.048,,Orion,5.0,Various-Kounkel+2018;2020;Kos+2018;Chen+2020;Sanchez-Sanjuan+2024;Zerjat+2024;Kos+2021,5472.96,1.04026,0.96
220049908,3.23662334636932e+18,83.575133,4.814804,2.55246,15.5657,18.655,0.168,,,13.752,0.037,13.151,0.03,12.854,0.033,16.9109,0.004625,18.409,0.048251,15.642,0.01354,12.378,0.023,12.051,0.023,9.648,0.045,7.254,0.123,OSFC,10.0,roquette25,3295.0,0.62996,0.611876
459989537,3.2361742302296586e+18,81.046655,3.589323,2.90118,13.1551,15.815,0.729,14.503,0.16,11.548,0.021,10.789,0.022,10.57,0.023,13.9884,0.023365,14.8453,0.081492,13.1158,0.065616,10.073,0.023,9.797,0.02,7.956,0.021,5.795,0.039,OSFC,10.0,roquette25,4360.61,1.02743,0.682
10001949706,,79.571425,6.975822,,15.79,,,,,14.04,,13.062,,12.643,,,,,,,,12.884,,12.694,,10.954,,9.812,,OSFC,10.0,roquette25,,,
264744691,3.2360939272260577e+18,82.516839,3.847824,3.03975,15.0054,19.872,0.162,,,13.203,0.026,12.586,0.03,12.31,0.024,16.4109,0.001554,18.1959,0.013521,15.1071,0.002038,12.092,0.023,11.767,0.023,10.483,0.08,8.482,0.388,OSFC,10.0,roquette25,3141.0,0.660769,0.635137
449311078,3.237405339655438e+18,80.030205,5.047388,,13.8143,17.371,-0.136,16.444,0.172,11.92,0.023,11.065,0.022,10.674,0.023,14.9306,0.005297,16.3727,0.020427,13.7317,0.018577,10.389,0.024,10.117,0.021,8.644,0.026,6.276,0.057,OSFC,10.0,roquette25,,,
449430631,3.23619559769129e+18,80.525929,3.497704,,18.1958,18.167,0.133,19.0986,0.0498,16.325,0.115,15.547,0.134,15.255,0.193,18.8142,0.008982,18.7195,0.036952,17.4981,0.015281,13.874,0.029,12.203,0.023,7.927,0.02,4.825,0.029,OSFC,10.0,roquette25,,,
459989613,3.2361712409325967e+18,81.07363,3.501511,2.64916,15.7739,20.372,0.162,,,13.936,0.026,13.263,0.028,13.028,0.035,17.2163,0.001789,19.0548,0.047529,15.8818,0.007256,12.629,0.025,12.181,0.023,10.714,0.097,8.278,0.277,OSFC,10.0,roquette25,3102.0,0.583268,0.574218
264458699,3.2361830220262067e+18,81.221679,3.735286,,16.0296,20.766,0.162,,,13.879,0.023,13.188,0.027,12.815,0.027,17.6378,0.015587,19.9542,0.103024,16.1839,0.037071,12.412,0.024,11.84,0.022,10.446,0.077,8.284,,OSFC,10.0,roquette25,2881.0,0.505621,0.503583
264463229,3.236157050360632e+18,81.319312,3.472236,2.70667,16.0224,20.673,0.164,,,14.095,0.036,13.465,0.035,13.077,0.034,17.464,0.005856,19.2547,0.075246,16.1266,0.021694,12.693,0.024,12.215,0.025,10.705,0.091,9.009,0.537,OSFC,10.0,roquette25,3123.0,0.56582,0.559264
264483125,3.2359227856639703e+18,81.457495,3.04621,3.13563,15.5457,20.072,0.163,,,13.631,0.03,12.999,0.036,12.659,0.032,17.0068,0.002653,18.9126,0.034478,15.6599,0.006641,12.168,0.023,11.671,0.021,9.82,0.049,7.744,0.173,OSFC,10.0,roquette25,3067.0,0.583416,0.574343
264487471,3.236260232655297e+18,81.565887,3.676313,2.72543,16.1445,20.05,0.165,,,14.145,0.038,13.404,0.033,13.031,0.029,17.573,0.020982,19.4931,0.060953,16.2571,0.083073,12.685,0.024,12.299,0.023,10.932,0.113,8.268,,OSFC,10.0,roquette25,3074.0,0.571523,0.564209
264540196,3.2360664050751314e+18,81.674395,3.492879,,16.2464,20.762,0.163,,,13.79,0.029,13.069,0.032,12.706,0.027,17.5313,0.00295,19.0666,0.048507,15.7283,0.006672,12.419,0.024,12.03,0.023,11.049,0.125,8.664,,OSFC,10.0,roquette25,,,
457229780,3.2359527473556127e+18,81.74009289,3.248693645,2.98886,13.9948,16.655,0.321,15.296,0.126,12.092,0.058,11.192,0.063,10.572,0.039,14.9623,0.014701,16.0114,0.04864,13.9116,0.040239,9.974,0.03,9.273,0.024,7.774,0.024,5.436,0.053,OSFC,10.0,roquette25,3844.0,0.965002,0.59
457250938,3.236049470019196e+18,81.886373,3.406139,2.96842,16.0203,20.773,0.163,,,14.221,0.033,13.523,0.032,13.123,0.041,17.4124,0.013269,19.1293,0.055943,16.1156,0.041563,12.523,0.024,12.093,0.022,10.592,0.093,8.651,0.395,OSFC,10.0,roquette25,3176.0,0.523746,0.521027
264629974,3.2360882965234744e+18,82.163251,3.734693,,16.6359,20.469,0.164,,,14.154,0.033,13.554,0.026,13.243,0.041,17.9012,0.015668,19.5726,0.075483,16.3246,0.012862,12.822,0.025,12.299,0.023,10.337,0.073,8.197,0.301,OSFC,10.0,roquette25,,,
264630091,3.236059258249661e+18,82.196961,3.576103,2.86052,16.2379,20.354,0.164,18.9208,0.1244,14.392,0.033,13.784,0.037,13.415,0.042,17.5894,0.014371,19.0457,0.117732,16.3113,0.024656,12.831,0.024,12.192,0.023,10.216,0.063,8.063,,OSFC,10.0,roquette25,3311.0,0.489623,0.487706
264683215,3.236004729345721e+18,82.260206,3.361913,2.58505,15.3767,17.205,0.07,,,13.357,0.038,12.783,0.036,12.423,0.032,16.6313,0.001483,18.3797,0.031203,15.3091,0.007043,12.083,0.023,11.696,0.023,9.856,0.049,7.876,0.197,OSFC,10.0,roquette25,3222.0,,
264682965,3.2359779674037847e+18,82.281835,3.06009,,14.8018,19.062,0.163,,,12.952,0.027,12.297,0.027,11.952,0.021,15.9682,0.004578,17.5114,0.0096,14.6804,0.005426,11.708,0.023,11.374,0.02,10.063,0.054,8.3,0.289,OSFC,10.0,roquette25,,,
264739337,3.235992153679211e+18,82.378665,3.330159,,11.4796,14.048,0.211,12.876,0.092,9.995,0.026,9.361,0.027,9.106,0.019,12.2959,0.006457,13.0392,0.01763,11.3311,0.013676,8.798,0.023,8.637,0.021,6.849,0.016,4.641,0.027,OSFC,10.0,roquette25,,,
264744356,3.23601727494452e+18,82.562804,3.40711,,14.3078,,,16.5195,0.0599,12.648,0.023,11.916,0.024,11.581,0.023,15.389,0.008357,16.7259,0.031914,14.2108,0.028534,11.014,0.024,10.428,0.021,8.043,0.021,5.609,0.04,OSFC,10.0,roquette25,,,
10001183841,,83.100491,3.832934,,16.414,,,,,14.664,,13.663,,12.815,,,,,,,,13.059,,12.645,,9.97,,7.573,,OSFC,10.0,roquette25,,,
10001183858,,83.229632,4.825064,,16.415,,,,,14.665,,13.885,,13.424,,,,,,,,,,,,,,,,OSFC,10.0,roquette25,,,
713160219,3.223920963411967e+18,83.545934,2.965141,1.34167,16.1521,,,17.94,0.0513,,,,,,,17.1178,0.006153,17.8097,0.023283,15.6741,0.0182,,,,,,,,,OSFC,10.0,roquette25,,,
457229657,3.2360534213891133e+18,81.779017,3.454748,2.77986,15.0922,19.872,0.162,,,13.403,0.028,12.671,0.022,12.398,0.026,16.4648,0.002186,18.1589,0.040656,15.1849,0.00414,11.963,0.023,11.465,0.02,9.156,0.033,6.547,0.069,OSFC,10.0,roquette25,3195.0,0.681146,0.65
264739659,3.223962504335346e+18,82.451633,2.913159,2.74142,12.9996,15.358,0.124,14.378,0.194,11.54,0.024,10.649,0.024,9.969,0.019,13.7542,0.016773,14.4136,0.06228,12.899,0.050637,8.932,0.023,8.353,0.019,5.773,0.015,3.307,0.023,OSFC,10.0,roquette25,4502.0,1.1764,0.71
264687029,3.2360960918895585e+18,82.339804,3.83648,,15.2229,18.718,0.165,,,13.227,0.032,12.639,0.024,12.361,0.03,16.3743,0.00306,17.8935,0.028476,15.1206,0.005035,11.946,0.024,11.504,0.022,9.61,0.046,8.078,0.255,OSFC,10.0,roquette25,,,
138853683,3.23691925243621e+18,82.668726,5.467216,2.6052,15.3538,20.163,0.162,,,13.193,0.025,12.462,0.026,12.023,0.027,16.6166,0.003605,18.4475,0.03851,15.2708,0.010368,11.559,0.024,11.084,0.021,9.576,0.05,7.538,0.171,OSFC,10.0,roquette25,3136.0,,
449259287,3.2375121254270234e+18,79.916479,5.638577,,14.9507,19.269,0.162,,,12.957,0.023,12.322,0.025,11.984,0.024,16.415,0.003214,18.1205,0.062499,15.051,0.007289,11.566,0.024,11.175,0.022,9.589,0.051,5.771,0.057,OSFC,10.0,roquette25,3150.0,0.621529,0.605309
220050432,3.236544520833272e+18,83.585275,4.292081,,14.486,17.569,0.166,16.713,0.126,12.547,0.027,11.832,0.023,11.563,0.023,15.5738,0.006172,16.7864,0.009969,14.2481,0.002712,11.371,0.023,11.106,0.021,8.597,0.027,7.12,0.118,OSFC,10.0,roquette25,,,
365783648,3.334092097234699e+18,82.130982,6.87642,1.38861,14.1292,15.788,0.083,14.731,0.042,12.783,0.029,12.355,0.041,12.243,0.029,14.7752,0.001496,15.2099,0.037371,13.9251,0.027522,12.02,0.024,12.048,0.024,11.758,0.321,8.734,,OSFC,10.0,roquette25,,,
713287377,3.23693828773006e+18,83.25653,5.656664,2.6871,14.484,,,16.3314,0.0583,,,,,,,15.4675,0.004317,16.3836,0.037334,14.1928,0.028046,,,,,,,,,OSFC,10.0,roquette25,,,
220059911,3.3329561642830275e+18,83.849554,5.66769,-0.0154473,14.7396,17.142,0.0,15.602,0.057,13.083,0.038,12.385,0.04,12.062,0.029,15.6787,0.000727,16.4837,0.0325,14.6225,0.023953,11.778,0.024,11.836,0.023,11.537,0.205,8.518,,OSFC,10.0,roquette25,4713.0,,
464836582,3.237738560396568e+18,81.99521,5.774004,3.28899,14.3466,17.277,0.041,15.617,0.035,12.648,0.032,12.015,0.038,11.783,0.029,15.343,0.001427,16.3249,0.025315,14.0934,0.033378,11.532,0.024,11.54,0.022,11.596,0.264,8.965,,OSFC,10.0,roquette25,,,
426183617,3.3330462898777595e+18,83.402356,6.181251,0.781228,13.3319,15.55,0.027,14.415,0.149,12.291,0.023,11.758,0.031,11.619,0.027,14.0291,0.000359,14.6585,0.002031,13.2814,0.00107,11.521,0.023,11.602,0.022,11.354,0.192,8.865,,OSFC,10.0,roquette25,4772.0,3.07584,
345773303,3.237921972681344e+18,81.077838,6.219526,1.02619,13.6468,,,14.3099,0.0473,12.342,0.031,12.144,0.037,12.003,0.027,14.134,0.000838,14.0863,0.026564,13.15,0.022684,11.855,0.023,11.872,0.023,11.92,0.47,8.883,,OSFC,10.0,roquette25,6474.26,,
715600345,3.333112702955424e+18,84.359268,6.328342,3.02658,13.597,,,14.5491,0.0481,,,,,,,14.2399,0.002106,14.235,0.020386,12.9572,0.024557,,,,,,,,,OSFC,10.0,roquette25,,,
365571993,3.2380185536107315e+18,81.28532,6.362645,0.559626,13.6371,,,14.3966,0.046,12.348,,12.152,,12.199,0.018,14.1787,0.001077,14.5453,0.008838,13.4895,0.001772,,,,,,,,,OSFC,10.0,roquette25,6976.0,2.53004,1.53
144612267,3.333115456030004e+18,84.493794,6.437171,3.91779,15.0051,18.316,0.165,16.9875,0.0725,12.853,0.03,12.147,0.034,11.959,0.031,16.0269,0.002754,16.8669,0.055275,14.5533,0.041831,11.703,0.024,11.624,0.025,11.345,0.226,8.775,,OSFC,10.0,roquette25,,,
365748372,3.2379880120982984e+18,81.854905,6.450962,2.34262,13.8027,17.73,0.163,15.992,0.286,12.106,0.023,11.369,0.029,11.127,0.019,14.9342,0.006229,16.177,0.027149,13.8314,0.014115,11.021,0.023,10.899,0.021,11.05,0.164,8.826,,OSFC,10.0,roquette25,4005.0,1.77201,
365690980,3.237980659114192e+18,81.544673,6.460303,0.729147,13.2263,15.516,0.24,14.407,0.103,12.126,0.022,11.727,0.033,11.604,0.021,13.9505,0.000426,14.5825,0.002383,13.1764,0.002208,11.566,0.023,11.543,0.021,11.28,0.203,8.871,,OSFC,10.0,roquette25,6771.24,2.75475,1.45
200544609,3.333831066302644e+18,83.241738,6.466144,1.23566,13.3246,14.846,0.067,14.045,0.092,12.521,0.027,12.162,0.025,12.09,0.03,13.8516,0.000308,14.2747,0.00151,13.2628,0.000985,12.003,0.024,12.02,0.023,11.993,,8.952,,OSFC,10.0,roquette25,5818.93,1.37462,1.05
457251847,3.236756318557385e+18,81.890993,4.647343,2.83069,13.1421,16.188,0.13,14.771,0.069,11.714,0.024,10.978,0.022,10.781,0.025,14.0474,0.001606,15.0093,0.008176,13.0808,0.00498,10.505,0.023,10.294,0.02,7.885,0.022,5.541,0.044,OSFC,10.0,roquette25,3954.0,1.38923,
264591649,3.2372145056683356e+18,80.726608,4.948775,2.90086,13.7987,17.506,0.164,15.555,0.137,12.141,0.023,11.366,0.026,11.058,0.019,14.7923,0.006718,15.8931,0.033847,13.7278,0.016858,10.61,0.023,10.328,0.019,8.965,0.03,5.606,0.042,OSFC,10.0,roquette25,3810.0,1.13301,0.582
220066720,3.2236522015385687e+18,83.89512500000001,2.452305555555556,2.82891,14.9859,18.765,0.163,16.26,1.133,12.563,0.029,11.641,0.024,11.033,0.024,16.0197,0.049479,17.128,0.181026,14.8366,0.148242,10.265,0.022,9.634,0.019,7.558,0.019,5.7,0.039,OSFC,10.0,roquette25,3718.0,0.712134,0.55
138828140,3.223556647106159e+18,82.63191666666668,2.051444444444445,2.64502,13.4534,16.856,1.142,15.513,0.697,11.974,0.021,11.023,0.021,10.48,0.021,14.2823,0.016043,15.0823,0.078478,13.37,0.041786,9.838,0.023,9.467,0.019,7.538,0.019,5.31,0.038,OSFC,10.0,roquette25,3881.13,1.45608,
138936031,3.223567814020965e+18,83.12166666666666,2.067805555555556,2.33073,13.4411,15.939,0.131,14.717,0.092,12.288,0.026,11.679,0.024,11.516,0.023,14.2216,0.003208,14.9691,0.0117,13.3818,0.008723,11.418,0.023,11.435,0.022,11.387,0.186,8.713,,OSFC,10.0,roquette25,4341.0,1.19085,0.68
459989979,3.235927660452082e+18,81.06649999999999,2.9645,,15.7707,20.659,0.163,,,13.633,0.027,13.043,0.03,12.712,0.035,17.4605,0.00302,19.9807,0.085356,15.9458,0.008305,12.475,0.024,12.229,0.023,11.884,0.31,8.322,,OSFC,10.0,roquette25,2837.0,0.325974,0.306445
264630874,3.223856092225456e+18,82.09979166666668,2.550472222222222,2.58753,14.5459,17.941,0.167,16.148,0.206,13.151,0.032,12.474,0.023,12.263,0.03,15.4722,0.001098,16.4644,0.005876,14.4831,0.004264,12.231,0.024,12.207,0.023,12.086,0.332,8.276,,OSFC,10.0,roquette25,3933.0,0.813819,0.61
457249965,3.2238037236881137e+18,81.922875,2.145277777777778,2.81092,15.4782,19.647,0.163,,,13.794,0.026,13.177,0.035,12.969,0.031,16.8108,0.001394,18.4006,0.044697,15.5603,0.003923,12.763,0.024,12.594,0.025,12.698,0.501,9.06,,OSFC,10.0,roquette25,3259.0,0.569975,0.562872
457251215,3.2360808061004145e+18,81.89622802,3.784514204,2.87222,15.0542,18.59,0.173,,,13.385,0.059,12.73,0.073,12.545,0.052,16.3508,0.001054,17.8952,0.011465,15.1307,0.002814,11.898,0.025,11.734,0.026,11.46,,8.131,,OSFC,10.0,roquette25,3296.0,0.638518,0.618447
220066670,3.223648486391761e+18,83.91787500000001,2.391888888888889,2.52883,17.039,,,,,15.167,0.05,14.592,0.035,14.291,0.071,18.5015,0.002839,20.3617,0.176406,17.1492,0.01387,14.11,0.028,13.933,0.038,12.523,,8.57,,OSFC,10.0,roquette25,3085.0,0.401409,0.393071
264540367,3.2359554617749627e+18,81.62341666666667,3.25225,2.7821,13.047,16.352,0.024,14.813,0.172,11.594,0.029,10.893,0.027,10.661,0.019,13.9927,0.001366,15.0311,0.007266,12.9833,0.004554,10.602,0.024,10.559,0.021,10.439,0.082,8.688,0.402,OSFC,10.0,roquette25,3866.0,1.54921,
457250759,3.2359053652763817e+18,81.94375,3.204333333333333,2.54864,13.1532,16.591,0.217,15.115,0.137,11.482,0.024,10.715,0.025,10.416,0.023,14.0999,0.015214,15.0702,0.045761,13.0333,0.035353,10.276,0.023,10.038,0.021,9.499,0.039,6.68,0.077,OSFC,10.0,roquette25,3899.0,1.61269,
264631000,3.223815994410791e+18,82.16945833333334,2.399833333333333,3.03557,14.1378,,,16.4393,0.0479,12.329,0.026,11.689,0.023,11.439,0.022,15.2516,0.002973,16.6488,0.012767,14.0693,0.008017,11.349,0.023,11.195,0.021,11.043,0.132,9.118,,OSFC,10.0,roquette25,3512.0,1.10685,0.47
264739190,3.2360315685955866e+18,82.43079166666666,3.523472222222222,2.78757,14.4414,18.662,0.163,16.848,1.133,12.546,0.026,11.887,0.023,11.629,0.025,15.6275,0.00397,17.2303,0.01591,14.3863,0.010939,11.462,0.024,11.273,0.022,11.599,0.251,9.036,,OSFC,10.0,roquette25,3331.0,1.21735,0.36
264630952,3.223816436791781e+18,82.17437499999998,2.459111111111111,2.85079,13.5496,16.421,0.036,15.058,0.092,12.199,0.027,11.512,0.026,11.344,0.024,14.4213,0.003991,15.32,0.016753,13.4864,0.011327,11.272,0.023,11.257,0.02,11.321,0.173,9.042,,OSFC,10.0,roquette25,3998.0,1.12383,0.62
264630632,3.2238711074310794e+18,82.19534302,2.87057209,2.42722,12.6855,14.864,0.092,13.875,0.149,11.391,0.026,10.821,0.024,10.625,0.019,13.4461,0.004615,14.1578,0.015863,12.6172,0.011497,10.572,0.024,10.527,0.021,10.408,0.074,8.205,,OSFC,10.0,roquette25,4313.07,1.65295,
264483736,3.2223115876262574e+18,81.40441666666666,2.0864166666666666,2.68155,15.3768,19.966,0.163,17.9871,0.0521,13.751,0.03,13.112,0.032,12.85,0.033,16.6656,0.001758,18.1739,0.02545,15.4499,0.004817,12.743,0.024,12.565,0.026,12.126,0.364,8.89,,OSFC,10.0,roquette25,3316.0,0.609338,0.595641
464838946,3.2238327276033746e+18,82.03179166666668,2.530805555555556,2.84264,16.2308,20.016,0.167,,,14.548,0.041,13.856,0.033,13.546,0.059,17.5893,0.003657,19.1895,0.059247,16.3151,0.004125,13.288,0.025,12.885,0.026,11.769,0.247,9.132,,OSFC,10.0,roquette25,3243.0,0.470873,0.468545
264682185,3.2237463772861164e+18,82.33220833333333,2.044277777777778,2.68439,16.0741,,,,,13.997,0.031,13.418,0.029,13.125,0.036,17.5916,0.0019,19.7825,0.053043,16.2127,0.007702,12.971,0.025,12.726,0.028,11.911,0.26,9.069,,OSFC,10.0,roquette25,2940.0,0.562258,0.556148
264682672,3.2238471243337165e+18,82.25999999999999,2.659388888888889,2.78156,13.5795,16.237,0.056,14.825,0.08,12.409,0.022,11.757,0.022,11.671,0.021,14.3711,0.002252,15.1356,0.008702,13.5224,0.00687,11.588,0.022,11.585,0.023,11.518,0.18,8.901,,OSFC,10.0,roquette25,4313.0,0.957986,0.67
264463478,3.236277653042656e+18,81.34458333333333,3.821583333333333,2.74215,13.9135,17.2,0.035,15.726,0.114,12.163,0.024,11.448,0.024,11.243,0.019,14.9271,0.00269,16.0885,0.015605,13.8416,0.008194,11.224,0.023,11.124,0.021,10.906,0.124,8.824,0.526,OSFC,10.0,roquette25,3726.0,1.16929,0.56
264683777,3.2361157499543086e+18,82.28508333333332,4.0545277777777775,2.84079,12.737,15.245,0.073,14.166,0.126,11.299,0.027,10.673,0.023,10.471,0.024,13.6018,0.001493,14.4886,0.005692,12.6711,0.003723,10.454,0.024,10.42,0.022,10.291,0.079,8.153,,OSFC,10.0,roquette25,4003.0,1.62727,
138856923,3.223575957279112e+18,82.72316666666667,2.002,2.83008,12.3417,14.519,0.041,13.408,0.069,11.201,0.025,10.614,0.023,10.454,0.025,13.0572,0.002263,13.7206,0.007812,12.285,0.006732,10.407,0.023,10.407,0.02,10.382,0.073,8.462,,OSFC,10.0,roquette25,4513.0,1.45722,0.71
138855721,3.236041494264341e+18,82.75166666666665,3.717111111111111,2.60456,15.0898,19.358,0.163,17.4351,0.0577,13.316,0.029,12.645,0.026,12.392,0.03,16.2172,0.004814,17.6339,0.03634,15.0211,0.011166,12.294,0.024,12.122,0.024,11.491,0.205,8.697,0.505,OSFC,10.0,roquette25,3502.0,0.850124,0.46
464839215,3.22375658642339e+18,82.01129166666666,2.11375,2.24745,14.5224,18.296,0.165,16.168,0.069,13.033,0.026,12.287,0.023,12.16,0.024,15.4771,0.002334,16.5358,0.013537,14.4579,0.006821,12.104,0.023,12.038,0.022,11.934,0.257,9.014,,OSFC,10.0,roquette25,3834.0,0.986619,0.59
264624119,3.236230030445024e+18,80.84162500000001,3.748916666666666,2.8528,13.759,16.941,0.0,15.811,0.103,12.302,0.024,11.565,0.023,11.388,0.023,14.7084,0.002832,15.7591,0.012464,13.6898,0.007465,11.249,0.023,11.168,0.022,11.044,0.138,9.047,,OSFC,10.0,roquette25,3803.58,1.12434,0.58
220067051,3.2240894635691126e+18,83.924125,2.8010277777777777,1.24323,17.9648,,,20.485,0.1571,16.227,0.103,15.477,0.087,15.117,0.164,19.1393,0.004631,20.7261,0.154175,17.9767,0.027304,15.18,0.038,15.229,0.09,12.614,,8.585,,OSFC,10.0,roquette25,3435.0,0.539985,0.42
264744464,3.2360321527111286e+18,82.524,3.53983,2.71419,9.2381,9.174,0.034,9.168,0.003,9.152,0.018,9.264,0.03,9.2,0.033,9.19586,0.00043,9.20434,0.001891,9.20263,0.0014,9.159,0.033,9.19,0.031,8.945,0.039,7.592,0.304,OSFC,10.0,roquette25,10820.0,1.7724,2.81
343861823,3.2240472010908575e+18,84.26004166666667,2.8834166666666663,0.300867,16.7959,17.519,0.121,17.5261,0.0463,15.962,0.102,15.621,0.125,15.626,0.247,17.3236,0.00131,17.758,0.013688,16.7445,0.009187,,,,,,,,,OSFC,10.0,roquette25,5754.0,0.900734,1.03
264739059,3.236085028053618e+18,82.36979166666667,3.696777777777777,2.85066,15.0384,19.672,0.162,,,13.208,0.027,12.65,0.026,12.32,0.027,16.4304,0.001114,18.2713,0.017805,15.1432,0.00321,12.22,0.024,11.969,0.022,11.571,,9.069,,OSFC,10.0,roquette25,3123.0,0.685555,0.653174
457250980,3.236054314741249e+18,81.89062499999999,3.463305555555556,,13.9864,17.698,0.0,16.291,0.103,12.003,0.024,11.352,0.026,11.122,0.026,15.0943,0.013159,16.3376,0.010157,13.7271,0.004145,10.991,0.022,10.83,0.02,10.795,0.145,8.75,,OSFC,10.0,roquette25,,,
264683316,3.2360072719650826e+18,82.31229166666667,3.4683888888888887,3.33549,17.1087,,,,,14.96,0.047,14.315,0.051,13.949,0.067,18.704,0.003915,20.9687,0.136315,17.2577,0.011585,,,,,,,,,OSFC,10.0,roquette25,2896.0,0.365434,0.352016
264540944,3.2238266072742426e+18,81.62841666666667,2.406055555555556,2.77372,14.899,19.463,0.163,17.328,0.0471,13.32,0.031,12.685,0.032,12.374,0.023,16.1344,0.001465,17.5476,0.011193,14.9616,0.003788,12.329,0.023,12.203,0.023,12.386,0.489,8.735,,OSFC,10.0,roquette25,3386.0,0.686227,0.653657
457251258,3.236082038755952e+18,81.87591666666665,3.839583333333333,2.80645,12.176,14.536,0.158,13.163,0.08,10.938,0.026,10.356,0.022,10.225,0.026,12.9131,0.003176,13.6006,0.011376,12.1101,0.00777,10.137,0.023,10.119,0.021,10.002,0.056,8.357,0.284,OSFC,10.0,roquette25,4420.0,1.64866,
264630308,3.235998480167445e+18,82.13850000000001,3.308777777777778,2.85559,14.936,19.041,0.164,17.4345,0.0469,13.27,0.03,12.647,0.026,12.435,0.033,16.1861,0.001235,17.6492,0.009784,15.0032,0.003579,12.303,0.023,12.16,0.023,11.293,0.155,8.361,,OSFC,10.0,roquette25,3356.0,0.661864,0.635945
264683586,3.236096096184057e+18,82.32724999999998,3.832916666666668,,13.6714,17.201,0.055,15.919,0.229,11.559,0.024,10.914,0.026,10.667,0.024,14.7662,0.019979,15.7977,0.006102,13.2346,0.003347,10.528,0.023,10.376,0.021,10.364,0.071,8.337,,OSFC,10.0,roquette25,,,
264630136,3.2360572310250266e+18,82.15375000000002,3.526333333333333,3.0554,14.5845,,,16.7495,0.0545,12.872,0.023,12.155,0.024,11.974,0.023,15.6689,0.006417,16.9865,0.029324,14.5288,0.015978,11.893,0.024,11.767,0.022,11.788,0.253,8.668,,OSFC,10.0,roquette25,3612.0,0.849818,0.51
264487064,3.2359437751685647e+18,81.58804166666667,3.1012500000000003,2.87885,13.1432,16.615,0.059,15.072,0.103,11.444,0.023,10.767,0.022,10.543,0.019,14.1492,0.012154,15.291,0.057176,13.0837,0.028488,10.411,0.023,10.285,0.02,10.155,0.066,8.391,,OSFC,10.0,roquette25,3772.0,1.57723,
264486587,3.235836370921968e+18,81.57291666666666,2.3995833333333336,0.953786,14.4014,16.01,0.048,15.096,0.092,13.671,0.032,13.306,0.03,13.29,0.038,14.9308,0.000497,15.3683,0.003694,14.3482,0.003044,13.197,0.028,13.258,0.034,12.028,,8.933,,OSFC,10.0,roquette25,5419.0,1.12824,0.94
138829159,3.2360140794887506e+18,82.64445833333335,3.3983888888888893,,13.9482,18.036,0.163,16.107,1.133,12.339,0.022,11.655,0.026,11.43,0.025,15.1789,0.002738,16.5113,0.012219,14.0051,0.002544,11.353,0.023,11.23,0.021,11.176,0.157,8.346,,OSFC,10.0,roquette25,3429.0,0.670462,0.642251
264630085,3.236059881019874e+18,82.10019625,3.58162674,2.95673,13.9215,16.438,0.028,15.872,0.103,12.446,0.027,11.774,0.026,11.555,0.026,14.8795,0.00257,15.9361,0.011709,13.8614,0.007782,11.463,0.025,11.409,0.024,11.334,0.197,7.863,,OSFC,10.0,roquette25,3860.0,0.993636,0.59
138940864,3.2239902283496376e+18,83.24083333333334,3.2305,2.83167,15.1938,19.662,0.163,17.818,0.0505,13.538,0.029,12.91,0.033,12.707,0.035,16.4843,0.001618,18.0048,0.021746,15.268,0.004295,12.559,0.023,12.411,0.025,12.278,,8.555,,OSFC,10.0,roquette25,3310.0,0.614044,0.599398
264630339,3.235997960475212e+18,82.13279166666666,3.254138888888889,2.85359,15.5069,19.648,0.164,,,13.784,0.03,13.154,0.029,12.902,0.031,16.8344,0.001157,18.4843,0.013932,15.5929,0.003858,12.812,0.024,12.63,0.024,12.24,0.391,8.745,,OSFC,10.0,roquette25,3235.0,0.576113,0.568147
264462323,3.222312858936593e+18,81.293125,2.07775,2.68143,15.3042,19.767,0.163,,,13.528,0.03,12.875,0.032,12.632,0.029,16.6509,0.001744,18.3198,0.028988,15.3931,0.00366,12.519,0.023,12.325,0.024,12.099,0.347,8.92,,OSFC,10.0,roquette25,3218.0,0.650759,0.627695
713141126,3.2236152991797156e+18,83.37858333333334,2.069638888888889,2.2917,15.6041,,,17.9569,0.0499,,,,,,,16.7187,0.002626,17.6594,0.019246,15.0245,0.008761,,,,,,,,,OSFC,10.0,roquette25,,,
264744304,3.236013426653734e+18,82.559,3.3431944444444444,2.47411,14.4435,17.636,0.167,16.209,0.08,12.886,0.03,12.227,0.029,11.99,0.026,15.3895,0.002174,16.318,0.009558,14.2834,0.004387,11.891,0.024,11.811,0.022,11.783,0.26,8.696,,OSFC,10.0,roquette25,3901.0,0.915144,0.6
457230025,3.2358896972357524e+18,81.792,2.8971388888888887,2.76162,14.9435,19.138,0.163,17.5012,0.0481,13.409,0.024,12.612,0.027,12.42,0.029,16.2115,0.001961,17.7046,0.014285,15.0142,0.005609,12.286,0.024,12.12,0.022,11.771,0.26,8.876,,OSFC,10.0,roquette25,3333.0,0.678919,0.648392
138979413,3.223521325295277e+18,83.31349999999999,2.030388888888889,2.50455,16.1121,19.927,0.166,,,14.34,0.038,13.692,0.03,13.424,0.041,17.5002,0.001626,19.2527,0.027806,16.2096,0.006646,13.251,0.024,13.084,0.028,12.345,,9.017,,OSFC,10.0,roquette25,3163.0,0.534935,0.531503
220073201,3.223662440740546e+18,84.03916666666667,2.667527777777778,2.31911,13.9233,16.743,0.112,15.286,0.023,12.639,0.022,12.017,0.022,11.814,0.023,14.7303,0.004744,15.5038,0.02408,13.859,0.012773,11.764,0.024,11.701,0.022,12.326,0.382,9.1,,OSFC,10.0,roquette25,4306.0,1.00218,0.67
264739431,3.2359871070941635e+18,82.42545833333334,3.198638888888889,,15.3045,19.772,0.162,,,13.303,0.026,12.699,0.027,12.442,0.027,16.5154,0.002,18.2035,0.034515,15.1922,0.002892,12.317,0.023,12.084,0.023,11.915,0.26,9.06,,OSFC,10.0,roquette25,,,
264588520,3.2343730197291694e+18,80.57725,2.3829166666666666,2.69331,15.3756,19.866,0.163,,,13.643,0.03,13.028,0.03,12.765,0.032,16.7299,0.001507,18.371,0.024947,15.463,0.004894,12.638,0.024,12.446,0.024,12.473,,8.998,,OSFC,10.0,roquette25,3227.0,0.623794,0.607083
457250193,3.223830288061973e+18,81.94383333333333,2.4490833333333337,2.93767,15.2573,20.172,0.162,,,13.551,0.027,12.937,0.031,12.74,0.031,16.5599,0.001601,18.0942,0.026141,15.3333,0.004316,12.583,0.024,12.417,0.024,12.194,0.396,8.713,,OSFC,10.0,roquette25,3298.0,0.593578,0.582817
220077660,3.224036618291495e+18,84.14137500000001,2.659555555555556,6.06954,14.2944,17.558,0.095,16.629,1.133,12.852,0.034,12.23,0.076,11.966,0.065,15.4733,0.000604,16.78,0.006572,14.3455,0.001482,11.817,0.035,11.713,0.036,11.714,0.348,7.897,,OSFC,10.0,roquette25,3468.0,0.460828,0.458045
264459376,3.2359067740258166e+18,81.20258333333334,2.708083333333333,3.31756,14.5635,18.383,0.165,16.472,0.069,13.237,0.026,12.584,0.03,12.337,0.023,15.6602,0.000789,16.7839,0.013946,14.5953,0.005023,12.184,0.024,12.106,0.024,11.986,0.292,8.943,,OSFC,10.0,roquette25,3623.0,0.619135,0.603427
220052265,3.223623713024537e+18,83.63720833333333,2.2459166666666666,3.60281,16.7091,,,,,14.841,0.056,14.181,0.055,13.873,0.059,18.1643,0.002521,20.0317,0.073888,16.8194,0.006693,13.634,0.026,13.463,0.032,12.346,,8.548,,OSFC,10.0,roquette25,3085.0,0.352255,0.336813
457249949,3.223803453106356e+18,81.94387499999999,2.12175,3.07634,14.7792,18.729,0.163,16.654,1.133,13.121,0.024,12.487,0.023,12.269,0.027,16.0539,0.00514,17.5377,0.028629,14.8498,0.014405,12.135,0.023,11.984,0.023,11.736,0.228,8.986,,OSFC,10.0,roquette25,3334.0,0.662899,0.636708
138941636,3.223663639035406e+18,83.27516666666666,2.142388888888889,,12.9382,15.654,0.092,14.324,0.114,11.498,0.024,10.844,0.023,10.669,0.022,13.7835,0.002424,14.6168,0.007634,12.8306,0.004988,10.595,0.023,10.526,0.021,10.337,0.069,8.407,,OSFC,10.0,roquette25,,,
464838528,3.235900657992394e+18,82.05174999999998,3.105777777777778,2.76433,15.0575,19.668,0.162,17.5901,0.0485,13.398,0.023,12.827,0.031,12.522,0.027,16.3259,0.001099,17.7892,0.016792,15.1261,0.003084,12.436,0.024,12.261,0.024,11.794,0.235,8.785,,OSFC,10.0,roquette25,3347.0,0.658893,0.63375
269118771,3.2344086894328714e+18,80.93441666666666,2.7120277777777777,3.62719,15.3854,19.02,0.165,,,13.515,0.029,12.919,0.03,12.641,0.037,16.8134,0.001964,18.6894,0.026222,15.4952,0.007272,12.298,0.025,11.79,0.023,9.871,0.051,8.44,0.365,OSFC,10.0,roquette25,3093.0,0.53174,0.528534
264682373,3.223766580811116e+18,82.33254166666666,2.2970000000000006,3.06323,16.5135,,,,,14.558,0.036,14.011,0.033,13.577,0.044,18.0162,0.00243,20.0601,0.090503,16.6402,0.007163,13.501,0.026,13.222,0.028,12.009,,8.705,,OSFC,10.0,roquette25,2996.0,0.442491,0.438484
264739708,3.223868083774086e+18,82.382375,2.856138888888889,,14.5129,19.272,0.162,,,12.802,0.026,12.189,0.023,11.921,0.023,15.8544,0.001704,17.4613,0.008497,14.5974,0.002307,11.673,0.024,11.374,0.021,9.812,0.048,8.138,0.287,OSFC,10.0,roquette25,3248.0,0.670945,0.642603
138937459,3.236456598559028e+18,83.07237500000001,4.132972222222223,4.29117,13.4496,16.588,0.041,15.022,0.149,12.017,0.026,11.364,0.022,11.15,0.022,14.3733,0.001728,15.3813,0.007531,13.3923,0.003274,11.064,0.023,11.032,0.021,10.797,0.113,8.526,,OSFC,10.0,roquette25,3904.0,0.810712,0.605
220062537,3.223708379709288e+18,83.85108333333332,2.648694444444445,2.31139,13.9721,17.014,0.167,15.526,0.149,12.425,0.026,11.797,0.026,11.557,0.022,14.9078,0.002993,15.8584,0.009354,13.8489,0.007895,11.439,0.023,11.36,0.02,11.242,0.174,9.039,,OSFC,10.0,roquette25,3911.0,1.19973,0.61
457251144,3.2360757165645286e+18,81.9365,3.703833333333333,2.83333,15.7002,18.98,0.166,,,13.861,0.033,13.301,0.034,13.047,0.038,17.1582,0.002293,18.8048,0.070848,15.7954,0.010433,12.806,0.026,12.586,0.026,12.289,,8.434,,OSFC,10.0,roquette25,3178.0,0.554857,0.549603
264683603,3.236091114021995e+18,82.290625,3.858111111111111,2.92201,14.7879,19.159,0.162,17.3804,0.0543,13.101,0.024,12.445,0.024,12.194,0.024,16.0664,0.004785,17.5769,0.027357,14.8608,0.012771,12.084,0.023,11.918,0.023,12.386,0.45,8.637,,OSFC,10.0,roquette25,3320.0,0.699541,0.663163
264683455,3.2360837610380134e+18,82.23195833333334,3.6469166666666673,3.49688,14.4366,18.009,0.165,16.816,0.229,12.614,0.027,11.976,0.026,11.7,0.023,15.5385,0.004785,16.873,0.020114,14.3359,0.008402,11.589,0.024,11.431,0.021,11.451,0.2,8.674,,OSFC,10.0,roquette25,3541.0,0.822482,0.48
138979473,3.223568776093578e+18,83.30016666666667,2.105444444444444,,13.7377,16.913,0.086,15.397,0.035,12.024,0.026,11.355,0.024,11.158,0.025,14.6947,0.008507,15.6301,0.013093,13.5213,0.013433,11.051,0.024,10.998,0.021,10.803,0.098,8.555,,OSFC,10.0,roquette25,,,
138829053,3.2240023616317834e+18,82.64641666666667,3.2626388888888886,2.86926,13.9622,,,16.1688,0.0468,12.257,0.022,11.589,0.025,11.381,0.026,15.0543,0.001501,16.4024,0.009145,13.9055,0.005189,11.25,0.023,11.126,0.021,11.209,0.165,8.922,,OSFC,10.0,roquette25,3574.0,1.22147,0.5
457230445,3.22380963356303e+18,81.81941666666667,2.2808888888888887,,13.7237,17.059,0.156,15.477,0.16,11.92,0.028,11.23,0.028,11.006,0.021,14.705,0.002817,15.6271,0.015706,13.4433,0.014185,10.871,0.023,10.789,0.021,10.741,0.107,8.465,,OSFC,10.0,roquette25,,,
457230543,3.22230650238492e+18,81.79083333333334,2.158916666666667,2.78969,15.843,,,,,14.069,0.024,13.453,0.022,13.208,0.04,17.2108,0.001834,18.9349,0.030334,15.9371,0.00546,13.06,0.025,12.857,0.025,12.605,,8.989,,OSFC,10.0,roquette25,3184.0,0.532121,0.52889
220077807,3.224087505063991e+18,84.15891666666667,2.8116944444444445,2.32513,14.6128,17.821,0.167,16.164,0.446,13.181,0.026,12.487,0.029,12.306,0.029,15.5733,0.002021,16.6248,0.014271,14.5612,0.00502,12.191,0.024,12.158,0.023,12.068,0.471,8.852,,OSFC,10.0,roquette25,3900.0,0.918268,0.6
264682548,3.223840488608721e+18,82.25291666666665,2.508083333333333,3.62208,16.8415,,,,,14.771,0.043,14.286,0.051,13.928,0.055,18.3885,0.003223,20.6394,0.199216,16.9862,0.010263,13.771,0.027,13.515,0.034,12.549,,8.838,,OSFC,10.0,roquette25,2913.0,0.347158,0.330923
343862487,3.2228614465189274e+18,84.33958333333334,2.0279444444444445,,14.0871,17.478,0.089,16.286,0.149,12.437,0.024,11.718,0.026,11.495,0.025,15.1172,0.00349,16.3388,0.012942,13.9979,0.008121,11.328,0.023,11.145,0.021,10.411,0.074,8.993,0.535,OSFC,10.0,roquette25,,,
220066951,3.223710059043064e+18,83.91908333333333,2.694027777777778,2.92881,15.5769,20.17,0.163,,,13.833,0.03,13.131,0.024,12.938,0.03,16.9272,0.002246,18.6124,0.025276,15.6672,0.006291,12.795,0.023,12.599,0.026,12.606,0.486,8.521,,OSFC,10.0,roquette25,3209.0,0.560338,0.554459
264682719,3.223865158901207e+18,82.25533333333333,2.725055555555556,2.71656,15.6784,20.372,0.163,,,13.897,0.03,13.323,0.023,13.02,0.033,17.0408,0.001474,18.7049,0.026791,15.7679,0.004644,12.93,0.025,12.733,0.027,12.538,,8.49,,OSFC,10.0,roquette25,3213.0,0.574153,0.56647
264483518,3.2343389348679905e+18,81.40620833333332,2.420305555555556,2.78018,16.7078,,,,,14.867,0.054,14.222,0.046,13.893,0.049,18.1784,0.002797,20.2198,0.071729,16.8319,0.007574,13.826,0.027,13.577,0.035,11.869,,8.562,,OSFC,10.0,roquette25,3009.0,0.428714,0.423478
138856851,3.223579874289253e+18,82.720125,2.094777777777778,2.80027,14.7747,18.734,0.164,16.853,0.435,13.057,0.03,12.375,0.027,12.132,0.031,15.8893,0.00454,17.3037,0.026048,14.7133,0.012257,12.04,0.024,11.898,0.022,12.132,0.346,8.75,,OSFC,10.0,roquette25,3497.0,0.898754,0.46
457250825,3.2359066666513316e+18,81.91966666666666,3.2776666666666663,2.77755,16.0097,20.672,0.163,,,14.183,0.03,13.558,0.032,13.266,0.045,17.4625,0.001853,19.3434,0.0465,16.1213,0.008991,13.114,0.025,12.86,0.027,11.914,,8.915,,OSFC,10.0,roquette25,3080.0,0.524259,0.521513
220066620,3.2236352965473e+18,83.99533333333333,2.3241666666666667,2.01061,17.6642,,,,,15.462,0.047,14.977,0.062,14.449,0.085,19.159,0.00509,20.884,0.152411,17.7666,0.012457,14.257,0.029,13.964,0.04,12.038,,8.875,,OSFC,10.0,roquette25,3128.0,0.455414,0.452322
457251067,3.2360619383089777e+18,81.967875,3.587,2.79434,13.4663,16.323,0.1,14.919,0.16,12.101,0.027,11.443,0.032,11.238,0.026,14.3294,0.001804,15.1857,0.006168,13.3772,0.007224,11.053,0.022,10.987,0.021,10.409,0.082,7.78,0.184,OSFC,10.0,roquette25,4017.0,1.18321,0.63
264462555,3.2343382820331254e+18,81.306321,2.408403,3.06386,16.8362,,,,,14.805,0.047,14.299,0.056,13.859,0.063,18.4003,0.003168,20.7395,0.140255,16.9885,0.009515,13.301,0.032,12.707,0.031,11.297,0.218,8.434,0.517,OSFC,10.0,roquette25,2886.0,0.401471,0.39314
457251118,3.23607554906058e+18,81.90708333333332,3.674555555555556,,14.1968,,,,,12.288,0.027,11.636,0.024,11.425,0.024,15.3517,0.006423,16.8497,0.008774,14.0633,0.005914,11.239,0.023,11.065,0.021,10.611,0.099,8.529,,OSFC,10.0,roquette25,,,
264543751,3.234312104208573e+18,80.62383333333334,2.1349722222222223,2.92432,13.0609,15.607,0.128,14.334,0.126,11.704,0.023,11.121,0.022,10.933,0.023,13.8672,0.002544,14.663,0.010136,12.998,0.006053,10.827,0.023,10.778,0.021,10.826,0.121,9.044,,OSFC,10.0,roquette25,4157.0,1.22886,0.65
264744486,3.2360332135672566e+18,82.47845833333334,3.567527777777778,2.91437,12.4233,14.623,0.097,13.334,0.08,11.365,0.026,10.796,0.024,10.678,0.023,13.1053,0.002967,13.7253,0.012121,12.3712,0.009026,10.638,0.024,10.65,0.019,10.682,0.1,8.146,,OSFC,10.0,roquette25,4673.0,1.27561,0.74
457229551,3.236068848911481e+18,81.77904166666667,3.61075,2.95204,14.8767,19.151,0.163,16.922,1.133,13.232,0.024,12.558,0.027,12.356,0.026,16.1608,0.001253,17.6946,0.01348,14.9515,0.002979,12.194,0.023,12.054,0.023,12.049,0.354,8.492,,OSFC,10.0,roquette25,3307.0,0.663332,0.637026
264740348,3.2237431818304333e+18,82.37662499999999,2.021472222222222,2.6218,16.224,20.56,0.164,,,14.485,0.034,13.952,0.046,13.626,0.045,17.5692,0.002359,19.2435,0.048227,16.3127,0.00665,13.559,0.026,13.373,0.032,12.493,,8.962,,OSFC,10.0,roquette25,3216.0,0.486331,0.484385
459990140,3.234406383035632e+18,81.07533333333333,2.716666666666667,2.9933,15.8631,19.808,0.167,18.1571,0.0563,14.421,0.038,13.719,0.047,13.519,0.049,17.0702,0.001738,18.3807,0.03722,15.9157,0.006571,13.375,0.026,13.253,0.03,12.39,,9.004,,OSFC,10.0,roquette25,3451.0,0.457335,0.454358
464838828,3.2238622082588764e+18,82.00241666666666,2.7130277777777776,2.92011,13.5659,16.436,0.072,14.845,0.114,12.254,0.023,11.553,0.022,11.4,0.024,14.4224,0.001901,15.2903,0.009195,13.503,0.00581,11.341,0.023,11.333,0.021,11.625,0.236,8.868,,OSFC,10.0,roquette25,4043.0,1.07216,0.63
264459342,3.2359075986595287e+18,81.22466666666665,2.768361111111111,,14.2039,17.918,0.164,15.845,0.435,12.432,0.024,11.77,0.027,11.544,0.019,15.2186,0.006294,16.2968,0.023468,14.0064,0.012042,11.383,0.022,11.271,0.02,11.146,0.137,8.65,,OSFC,10.0,roquette25,,,
138899978,3.236025379546976e+18,82.87745833333332,3.638611111111112,2.81289,14.1347,17.504,0.094,16.199,0.08,12.626,0.024,11.951,0.024,11.756,0.024,15.1293,0.002246,16.2402,0.009153,14.0714,0.008029,11.644,0.023,11.568,0.022,11.659,0.255,8.716,,OSFC,10.0,roquette25,3807.0,1.00188,0.58
264459492,3.2343548477229926e+18,81.172875,2.526694444444445,2.80032,13.8278,16.814,0.152,15.508,0.206,12.437,0.03,11.769,0.026,11.567,0.021,14.7401,0.003968,15.7137,0.020507,13.7649,0.012488,11.465,0.023,11.43,0.021,11.368,0.168,8.487,,OSFC,10.0,roquette25,3942.0,1.02918,0.61
264459520,3.234351441812793e+18,81.20904166666666,2.478611111111112,2.49991,15.4969,19.742,0.164,17.7491,0.0481,13.967,0.028,13.367,0.029,13.102,0.039,16.6733,0.001051,18.0006,0.016059,15.5486,0.004946,13.05,0.026,12.893,0.028,11.68,,9.026,,OSFC,10.0,roquette25,3459.0,0.590811,0.580526
264682975,3.2359784140803855e+18,82.25008333333332,3.072222222222223,3.16002,13.635,17.077,0.193,15.587,0.114,11.895,0.026,11.222,0.024,10.975,0.021,14.6691,0.002466,15.8663,0.012815,13.5695,0.006037,10.93,0.023,10.822,0.02,10.682,0.09,9.093,,OSFC,10.0,roquette25,3710.0,1.18807,0.55
220052411,3.223612481681134e+18,83.587,2.073527777777778,,14.9423,19.569,0.162,,,13.25,0.026,12.628,0.026,12.341,0.023,16.5667,0.00675,17.9386,0.011184,15.0301,0.004039,12.158,0.024,12.018,0.023,11.822,0.282,8.896,,OSFC,10.0,roquette25,3227.0,0.409951,0.402668
264740287,3.223747824690069e+18,82.34191666666666,2.1015277777777777,2.81587,12.4224,14.554,0.027,13.421,0.08,11.397,0.029,10.869,0.026,10.754,0.021,13.0968,0.000903,13.7049,0.003114,12.3666,0.002496,10.655,0.023,10.662,0.021,10.653,0.088,8.862,,OSFC,10.0,roquette25,4679.0,1.30497,0.75
264483662,3.2223163936933504e+18,81.391375,2.199194444444444,2.40303,16.2447,20.343,0.166,,,14.555,0.04,14.024,0.046,13.633,0.055,17.5972,0.001869,19.268,0.020872,16.3337,0.009764,13.575,0.027,13.425,0.033,12.621,,8.863,,OSFC,10.0,roquette25,3214.0,0.514939,0.512624
264540924,3.2238285657793777e+18,81.69508333333333,2.4344722222222224,2.89477,13.1472,15.877,0.108,14.507,0.149,11.868,0.027,11.214,0.023,11.045,0.024,13.9753,0.005131,14.7905,0.016805,13.076,0.012891,10.947,0.022,10.931,0.021,10.74,0.101,8.68,,OSFC,10.0,roquette25,4118.0,1.24341,0.64
457250611,3.2358862913255895e+18,81.94558333333333,2.996694444444445,2.88377,14.7949,19.152,0.163,17.2841,0.0466,13.222,0.024,12.54,0.027,12.385,0.027,16.0471,0.001194,17.4949,0.00866,14.8613,0.003076,12.198,0.024,12.06,0.024,11.809,0.251,8.908,,OSFC,10.0,roquette25,3362.0,0.667809,0.640312
220077414,3.223641511363493e+18,84.15504166666669,2.3934444444444445,2.13684,16.0074,20.15,0.164,,,14.256,0.033,13.592,0.029,13.348,0.037,17.3799,0.001794,19.0886,0.031268,16.1007,0.008485,13.198,0.025,12.994,0.027,12.597,,8.473,,OSFC,10.0,roquette25,3189.0,0.608196,0.594724
138855954,3.236014594884821e+18,82.72366666666666,3.3826944444444447,2.32063,14.5963,18.162,-0.248,16.221,0.08,13.102,0.026,12.409,0.028,12.18,0.025,15.5865,0.005333,16.7007,0.013057,14.5415,0.012648,12.135,0.024,12.057,0.023,11.682,,8.424,,OSFC,10.0,roquette25,3809.0,0.973764,0.58
264629815,3.236104510025586e+18,82.18929166666666,3.930277777777778,3.01785,15.1546,19.769,0.162,,,13.471,0.026,12.831,0.026,12.541,0.027,16.4676,0.001535,18.0444,0.017416,15.2345,0.004296,12.461,0.023,12.281,0.024,12.074,0.319,8.805,0.506,OSFC,10.0,roquette25,3274.0,0.619499,0.603714
264744372,3.236018095282158e+18,82.45475,3.4290833333333337,2.86516,14.5326,18.204,0.166,16.734,0.137,12.866,0.032,12.186,0.026,11.971,0.029,15.5973,0.002826,16.8607,0.011161,14.4722,0.006682,11.903,0.023,11.78,0.022,12.089,0.326,8.824,,OSFC,10.0,roquette25,3660.0,0.902227,0.53
457250345,3.223837842909077e+18,81.853125,2.6325833333333337,,14.4361,18.665,0.162,16.774,1.133,12.475,0.026,11.829,0.025,11.596,0.026,15.5905,0.007352,17.0563,0.020326,14.2719,0.007726,11.445,0.023,11.282,0.022,11.233,0.142,8.753,,OSFC,10.0,roquette25,,,
264683181,3.236004561841124e+18,82.21562500000002,3.328666666666668,,15.3276,19.658,0.164,17.862,0.0536,13.627,0.034,12.984,0.027,12.74,0.027,16.6133,0.00347,18.041,0.028778,15.3947,0.007505,12.624,0.024,12.464,0.026,12.408,0.458,8.995,,OSFC,10.0,roquette25,3355.0,0.652374,0.628903
464838154,3.2360744151894e+18,81.97591666666666,3.639861111111111,2.80578,15.1274,19.346,0.164,17.7605,0.0479,13.511,0.033,12.865,0.028,12.594,0.029,16.4164,0.001701,17.9502,0.013762,15.2025,0.004372,12.493,0.025,12.317,0.025,11.883,,9.086,,OSFC,10.0,roquette25,3305.0,0.638876,0.618721
138899426,3.223952986688024e+18,82.82479166666666,2.877861111111111,2.94233,14.0872,18.57,0.162,16.367,0.32,12.223,0.026,11.571,0.024,11.304,0.024,15.2292,0.001584,16.6855,0.00935,14.0252,0.003676,11.25,0.023,11.082,0.022,10.902,0.111,8.505,,OSFC,10.0,roquette25,3473.0,1.22863,0.44
264739258,3.236006516050334e+18,82.38616666666667,3.4347777777777773,2.80321,15.7768,20.367,0.163,,,13.493,0.027,12.849,0.027,12.63,0.032,17.0483,0.001615,18.6124,0.027183,15.4436,0.003258,12.446,0.024,12.211,0.024,12.102,0.333,8.98,,OSFC,10.0,roquette25,,,
264744539,3.2360370962177623e+18,82.48479166666665,3.643305555555556,2.77486,14.6406,18.407,0.165,16.812,1.133,13.033,0.027,12.364,0.027,12.138,0.026,15.7022,0.001112,16.9726,0.009687,14.5855,0.003286,12.035,0.024,11.928,0.023,12.029,0.341,8.953,,OSFC,10.0,roquette25,3652.0,0.882022,0.53
264631025,3.223814723100653e+18,82.189875,2.367305555555556,2.43825,13.8723,16.263,0.0,14.846,0.151,12.056,0.034,11.506,0.039,11.24,0.027,14.7233,0.004164,15.4425,0.0389,13.6405,0.035104,11.013,0.023,10.994,0.02,10.956,0.123,8.451,,OSFC,10.0,roquette25,4035.36,,
264686949,3.236098393992172e+18,82.41704166666668,3.933527777777777,3.08354,16.3449,,,,,14.335,0.03,13.831,0.032,13.413,0.037,17.8567,0.002808,19.3896,0.184776,16.4353,0.01713,12.534,0.023,12.423,0.027,11.561,0.209,8.435,,OSFC,10.0,roquette25,3205.0,0.465679,0.463136
264683275,3.236006898302463e+18,82.33170833333334,3.433361111111111,,14.7671,18.767,0.163,,,12.522,0.03,11.886,0.032,11.571,0.024,15.957,0.004723,17.2931,0.03093,14.3685,0.016175,11.416,0.023,11.215,0.021,11.105,0.125,8.87,,OSFC,10.0,roquette25,,,
464837868,3.2362963748032343e+18,82.0115,4.012138888888889,2.99804,15.9303,20.773,0.163,,,14.196,0.033,13.564,0.026,13.329,0.043,17.355,0.001836,19.1663,0.043585,16.0349,0.010319,13.089,0.025,12.931,0.028,11.938,,8.493,,OSFC,10.0,roquette25,3122.0,0.486361,0.484415
264739332,3.2359921536792105e+18,82.37529166666667,3.3342777777777783,2.62515,12.8541,15.019,0.066,14.007,0.137,11.702,0.024,11.106,0.023,10.959,0.019,13.5856,0.005427,14.2637,0.020711,12.7913,0.01588,10.863,0.023,10.831,0.022,10.473,0.085,7.158,0.121,OSFC,10.0,roquette25,4307.28,1.42585,
264486696,3.235840047413966e+18,81.61,2.5455,2.35976,13.4291,16.023,0.083,14.714,0.126,12.348,0.022,11.728,0.022,11.56,0.021,14.1935,0.001549,14.9224,0.006081,13.3712,0.003869,11.463,0.022,11.499,0.022,11.211,0.17,8.715,,OSFC,10.0,roquette25,4373.0,1.15004,0.68
264682989,3.2359786889582935e+18,82.22758333333334,3.084361111111111,2.98556,13.661,16.965,0.174,15.389,0.126,11.848,0.03,11.141,0.026,10.888,0.023,14.6808,0.003094,15.8462,0.013796,13.5947,0.008235,10.816,0.023,10.713,0.02,10.531,0.087,8.519,,OSFC,10.0,roquette25,3688.86,1.27569,0.54
220067835,3.2243579162045727e+18,84.00395833333333,3.63775,2.35311,14.315,16.917,0.063,15.833,0.137,12.996,0.024,12.324,0.023,12.186,0.026,15.1736,0.002429,16.026,0.016561,14.2594,0.005236,12.126,0.024,12.093,0.024,12.336,0.468,9.111,,OSFC,10.0,roquette25,4170.0,0.918538,0.65
264744548,3.236037233656734e+18,82.50945833333334,3.663444444444445,2.72282,15.554,20.661,0.163,,,13.671,0.03,13.082,0.023,12.859,0.034,17.0034,0.002155,18.9355,0.040974,15.6692,0.009565,12.669,0.024,12.435,0.025,12.141,,9.022,,OSFC,10.0,roquette25,3061.0,0.603121,0.590628
264739351,3.235992050599997e+18,82.37291666666668,3.3057222222222222,,11.3849,13.852,0.062,12.558,0.114,10.052,0.024,9.435,0.024,9.223,0.021,12.151,0.004065,12.8828,0.00663,11.3057,0.011264,9.118,0.022,9.087,0.022,8.986,0.031,8.135,,OSFC,10.0,roquette25,,,
264743659,3.2238002920104817e+18,82.47141666666667,2.5371944444444448,2.71741,13.8518,17.104,0.196,15.654,0.172,12.273,0.027,11.581,0.023,11.37,0.03,14.8336,0.005547,15.9181,0.022335,13.7898,0.014452,11.27,0.023,11.204,0.022,10.916,0.11,8.834,,OSFC,10.0,roquette25,3768.68,1.23333,0.57
457251354,3.2362954170273106e+18,81.92433333333335,3.979222222222222,2.88151,14.5727,,,16.6959,0.0475,12.957,0.026,12.284,0.028,12.1,0.023,15.6476,0.002128,16.9292,0.012051,14.5095,0.007689,11.918,0.024,11.822,0.021,11.709,0.216,8.618,,OSFC,10.0,roquette25,3643.0,0.892858,0.53
138829427,3.2360455186491607e+18,82.592,3.757166666666667,2.8217,15.1869,19.56,0.163,,,13.484,0.026,12.869,0.026,12.601,0.03,16.4718,0.001186,18.0356,0.01664,15.2638,0.00319,12.528,0.024,12.343,0.024,11.584,0.212,8.843,0.511,OSFC,10.0,roquette25,3293.0,0.635297,0.615985
220066983,3.223710716173241e+18,83.90204166666666,2.7161666666666666,3.4248,13.6404,16.474,0.046,14.861,0.103,12.38,0.024,11.702,0.023,11.546,0.026,14.4703,0.001903,15.2981,0.013347,13.5824,0.00886,11.519,0.023,11.527,0.022,11.372,0.18,9.025,,OSFC,10.0,roquette25,4132.0,0.838123,0.65
138902761,3.236533152055798e+18,82.95525,4.582861111111111,2.23466,13.0784,15.678,0.058,14.42,0.206,11.856,0.025,11.208,0.022,11.033,0.025,13.8811,0.002351,14.6446,0.009181,13.031,0.006677,10.985,0.024,10.953,0.022,11.063,0.156,8.684,,OSFC,10.0,roquette25,4473.0,1.49314,
220066942,3.223709646726201e+18,83.95708333333333,2.688555555555555,2.29919,16.4903,20.213,0.166,,,14.774,0.037,14.147,0.039,13.764,0.048,17.8332,0.003413,19.5239,0.042054,16.5799,0.008339,13.745,0.027,13.558,0.033,12.562,,8.672,,OSFC,10.0,roquette25,3210.0,0.509651,0.507513
264630021,3.236063660591081e+18,82.11233333333332,3.654111111111112,3.07442,15.0408,19.462,0.164,,,13.335,0.032,12.678,0.03,12.423,0.029,16.3595,0.001467,17.9288,0.014482,15.1206,0.005908,12.344,0.024,12.142,0.023,11.962,,8.337,,OSFC,10.0,roquette25,3275.0,0.634008,0.614996
264744552,3.23604011987476e+18,82.55070833333332,3.665833333333334,,13.8726,18.059,0.163,16.317,0.003,12.006,0.026,11.358,0.023,11.139,0.021,15.0024,0.00327,16.469,0.009124,13.778,0.00259,11.009,0.024,10.828,0.021,11.005,0.133,9.133,,OSFC,10.0,roquette25,,,
264744583,3.236044178619378e+18,82.499875,3.709916666666667,2.38857,15.2939,20.166,0.162,,,13.277,0.026,12.721,0.024,12.417,0.021,16.5845,0.002522,18.4991,0.026861,15.2521,0.014207,12.287,0.023,12.059,0.023,11.697,,8.765,,OSFC,10.0,roquette25,3124.0,,
457250831,3.236000468737076e+18,81.945125,3.2804722222222225,2.98314,15.6413,20.168,0.163,,,13.895,0.03,13.257,0.03,13.041,0.035,17.0176,0.001529,18.7287,0.022523,15.7352,0.003036,12.849,0.024,12.62,0.025,11.791,,8.847,,OSFC,10.0,roquette25,3186.0,0.53539,0.531924
138829266,3.2360205691834634e+18,82.60658333333335,3.530416666666667,2.40765,15.7936,20.669,0.163,,,13.84,0.03,13.272,0.028,12.948,0.034,17.2563,0.001893,19.2477,0.040327,15.914,0.008748,12.808,0.025,12.573,0.026,12.019,,9.095,,OSFC,10.0,roquette25,3032.0,0.635878,0.61643
449307157,3.2346011340313754e+18,80.10704166666666,2.824111111111111,2.8346,14.3745,18.759,0.163,16.621,1.133,12.706,0.03,12.025,0.033,11.73,0.024,15.4031,0.003002,16.6023,0.012534,14.3045,0.008468,11.579,0.024,11.475,0.021,11.278,0.174,9.012,,OSFC,10.0,roquette25,3691.0,0.931871,0.54
264483787,3.222308873206935e+18,81.41204166666665,2.025027777777778,2.8499,12.9009,15.354,0.078,13.985,0.08,11.756,0.026,11.138,0.026,10.98,0.027,13.6458,0.002676,14.3502,0.011331,12.8411,0.007023,10.962,0.023,10.961,0.021,10.622,0.091,8.998,,OSFC,10.0,roquette25,4350.05,1.21746,0.68
138980879,3.23643707793204e+18,83.40854166666668,3.9952222222222233,2.31453,14.364,17.258,0.0,15.997,0.126,12.979,0.024,12.253,0.024,12.133,0.027,15.3016,0.002815,16.2657,0.01459,14.323,0.00904,12.001,0.024,11.963,0.023,11.774,0.265,9.038,,OSFC,10.0,roquette25,4064.0,1.04872,0.64
457229508,3.236073281317729e+18,81.745875,3.667444444444444,2.85868,14.1442,17.903,0.164,16.287,0.126,12.575,0.024,11.833,0.023,11.672,0.023,15.1681,0.003101,16.3476,0.013414,14.0741,0.006926,11.502,0.023,11.415,0.021,11.273,0.163,8.912,,OSFC,10.0,roquette25,3715.0,1.02331,0.55
457230456,3.2238093586853345e+18,81.83787500000001,2.264111111111111,2.98686,16.4629,,,,,14.557,0.037,13.929,0.038,13.73,0.057,17.931,0.001981,19.664,0.120319,16.5646,0.006784,13.526,0.026,13.321,0.031,12.052,,9.11,,OSFC,10.0,roquette25,3136.0,0.42737,0.422002
464838652,3.2358848525127593e+18,82.018875,2.938138888888889,2.81022,14.1602,17.192,-0.112,15.989,0.057,12.713,0.026,12.029,0.025,11.828,0.026,15.1371,0.001889,16.2155,0.013605,14.1075,0.005938,11.674,0.023,11.601,0.022,11.076,0.116,8.47,,OSFC,10.0,roquette25,3871.0,0.961565,0.6
269118573,3.234347043766624e+18,80.94337499999999,2.4008888888888893,2.77185,13.3011,15.984,0.046,14.786,0.092,12.152,0.023,11.513,0.024,11.343,0.023,14.1153,0.001232,14.9225,0.003937,13.2469,0.003365,11.195,0.023,11.201,0.021,11.179,0.168,8.723,,OSFC,10.0,roquette25,4190.0,1.16274,0.66
713194312,3.224468829438677e+18,84.21112500000001,4.031361111111111,1.91844,14.2625,,,16.1025,0.0505,,,,,,,15.2438,0.005081,15.7745,0.019822,13.5905,0.018012,,,,,,,,,OSFC,10.0,roquette25,,,
220062920,3.223621724450685e+18,83.80816666666666,2.243138888888889,2.74591,16.0384,18.826,0.169,,,14.152,0.037,13.578,0.041,13.382,0.048,17.4456,0.002094,19.1881,0.052656,16.1366,0.015376,13.044,0.024,12.833,0.028,11.965,0.294,8.451,,OSFC,10.0,roquette25,3159.0,0.508845,0.506729
264740074,3.2237878194254817e+18,82.43020833333333,2.374138888888889,2.90526,13.1233,15.307,0.091,14.372,0.126,12.101,0.024,11.526,0.026,11.397,0.019,13.808,0.002073,14.4288,0.008298,13.0661,0.005413,11.27,0.023,11.254,0.021,11.047,0.138,8.918,,OSFC,10.0,roquette25,4443.42,1.05464,0.7
264739109,3.236037615909372e+18,82.38425,3.633666666666667,2.41404,13.0659,15.71,0.118,14.293,0.137,11.654,0.028,11.009,0.024,10.809,0.024,13.916,0.003462,14.7697,0.013033,13.0012,0.009056,10.739,0.023,10.695,0.019,10.662,0.105,8.777,,OSFC,10.0,roquette25,3913.69,1.82992,
264630795,3.223858664910572e+18,82.18383333333333,2.660722222222222,2.74601,15.2617,19.34,0.164,,,13.591,0.03,12.941,0.026,12.689,0.029,16.5512,0.001738,18.0983,0.014358,15.3377,0.004396,12.611,0.023,12.434,0.025,11.775,,8.623,,OSFC,10.0,roquette25,3298.0,0.629928,0.611851
264459405,3.2343582794018575e+18,81.23295833333334,2.6654722222222222,2.9001,16.5743,,,,,14.73,0.044,14.087,0.037,13.717,0.054,17.9827,0.002653,19.5813,0.135029,16.6619,0.008842,13.635,0.027,13.415,0.033,12.128,,8.733,,OSFC,10.0,roquette25,3221.0,0.439459,0.435203
138829466,3.2360459653258993e+18,82.68758333333334,3.809583333333333,,15.0516,19.671,0.162,,,12.949,0.024,12.365,0.028,12.059,0.025,16.298,0.001254,18.1323,0.014104,14.9685,0.004914,11.914,0.024,11.679,0.022,11.93,0.329,8.827,,OSFC,10.0,roquette25,,,
264629931,3.2361006660292864e+18,82.09820833333333,3.793444444444445,3.07101,14.8366,18.935,0.164,17.2398,0.0466,13.25,0.027,12.562,0.023,12.379,0.027,16.0603,0.001458,17.4683,0.008762,14.898,0.003122,12.264,0.023,12.142,0.023,11.939,,9.038,,OSFC,10.0,roquette25,3395.0,0.64254,0.621505
264630210,3.236009131686315e+18,82.17116666666666,3.4367222222222225,2.78568,14.0229,17.12,0.143,15.614,0.137,12.755,0.027,12.083,0.027,11.856,0.027,14.9118,0.000594,15.8374,0.003848,13.9689,0.002031,11.767,0.023,11.753,0.023,11.32,0.18,8.035,,OSFC,10.0,roquette25,3996.0,0.947091,0.62
220056202,3.2236997897747866e+18,83.67450000000001,2.509138888888889,3.1825,17.081,19.926,0.179,,,15.247,0.07,14.55,0.059,14.3,0.082,18.598,0.007266,20.6777,0.17973,17.211,0.010697,13.809,0.029,13.551,0.034,11.788,,8.934,,OSFC,10.0,roquette25,2978.0,0.335755,0.317742
457230244,3.2238356825409014e+18,81.78816666666667,2.5615277777777785,2.62556,15.7152,20.572,0.163,18.377,0.098,14.065,0.03,13.423,0.035,13.186,0.036,17.0314,0.001467,18.5394,0.090228,15.7901,0.002964,13.003,0.025,12.815,0.026,12.639,,9.201,,OSFC,10.0,roquette25,3304.0,0.5579,0.552306
264744487,3.236033424021451e+18,82.46770833333333,3.5765277777777778,3.02628,15.1808,19.56,0.163,,,13.493,0.03,12.918,0.023,12.634,0.03,16.4744,0.001463,18.0383,0.016068,15.2583,0.004423,12.485,0.024,12.302,0.022,11.954,0.289,8.831,,OSFC,10.0,roquette25,3289.0,0.601316,0.589161
457251161,3.236077468911216e+18,81.92695833333335,3.726861111111111,3.08587,16.2047,,,,,14.202,0.036,13.639,0.044,13.358,0.04,17.7845,0.002736,20.1249,0.085006,16.3586,0.010298,13.129,0.027,12.849,0.027,11.83,,9.059,,OSFC,10.0,roquette25,2882.0,0.473469,0.471233
464839019,3.2238182277926287e+18,82.00895833333333,2.415861111111111,2.55067,17.0002,,,,,15.061,0.051,14.484,0.062,14.132,0.081,18.5162,0.003517,20.5859,0.15464,17.1294,0.021011,13.872,0.027,13.372,0.031,11.782,0.296,8.425,,OSFC,10.0,roquette25,2982.0,0.420435,0.414346
220045765,3.2239120943037706e+18,83.45216666666667,2.858388888888889,2.36702,14.5509,17.104,0.0,16.042,0.229,13.233,0.027,12.498,0.026,12.289,0.024,15.4567,0.003058,16.4219,0.012852,14.4963,0.0075,12.2,0.024,12.17,0.024,11.566,0.218,8.71,,OSFC,10.0,roquette25,3960.0,0.870324,0.62
264483776,3.2223104193951534e+18,81.45583333333332,2.0380277777777778,2.88473,15.0456,19.873,0.163,,,13.289,0.03,12.677,0.029,12.404,0.025,16.3828,0.001813,17.9719,0.025286,15.1282,0.003168,12.317,0.024,12.134,0.024,11.845,0.303,8.84,,OSFC,10.0,roquette25,3258.0,0.663531,0.637173
264630107,3.236058334831649e+18,82.10392916666666,3.5605130555555555,2.92354,13.3055,16.139,0.218,14.705,0.103,11.896,0.026,11.241,0.027,11.064,0.024,14.1842,0.003104,15.0903,0.013094,13.2485,0.007702,10.987,0.024,10.945,0.021,10.782,0.117,8.973,,OSFC,10.0,roquette25,4011.0,1.24451,0.63
464838678,3.2358817214802934e+18,82.03266666666669,2.906111111,2.7232,14.0481,17.171,0.057,15.753,0.309,12.571,0.024,11.846,0.022,11.702,0.021,15.0237,0.001289,16.1002,0.004755,13.9963,0.002437,11.575,0.023,11.525,0.022,11.344,0.165,8.963,,OSFC,10.0,roquette25,3875.0,1.04228,0.6
457250930,3.236050737034348e+18,81.95645833333333,3.3983888888888893,2.88589,16.3788,21.073,0.164,,,14.497,0.035,13.956,0.035,13.566,0.047,17.8246,0.002608,19.8089,0.045176,16.4971,0.006976,13.474,0.025,13.239,0.031,12.639,,8.663,,OSFC,10.0,roquette25,3041.0,0.463867,0.461238
264483739,3.2223115876265206e+18,81.3965,2.0835555555555554,2.59427,15.2999,19.658,0.163,17.9313,0.0529,13.624,0.027,12.977,0.026,12.717,0.035,16.5873,0.001254,18.1225,0.02718,15.3749,0.004286,12.634,0.024,12.464,0.025,12.048,0.304,8.477,,OSFC,10.0,roquette25,3305.0,0.647632,0.625349
220055837,3.223612752262108e+18,83.65395833333332,2.0949722222222222,1.74087,16.3263,19.629,0.17,18.5908,0.0531,14.933,0.042,14.2,0.035,14.044,0.064,17.5017,0.001628,18.8463,0.030473,16.3788,0.005108,13.857,0.028,13.834,0.038,12.648,,8.912,,OSFC,10.0,roquette25,3450.0,0.564271,0.557912
220066418,3.223627428167392e+18,84.008625,2.1066388888888894,1.91186,16.9957,20.438,0.174,19.3491,0.0697,15.667,0.056,14.923,0.067,14.744,0.098,18.1986,0.002771,19.591,0.057796,17.0532,0.012567,14.399,0.03,14.181,0.045,12.125,,9.073,,OSFC,10.0,roquette25,3412.0,0.421491,0.415515
264541110,3.222317497501221e+18,81.61649999999999,2.158,2.83264,13.5793,16.429,0.101,14.933,0.195,12.132,0.027,11.51,0.024,11.29,0.024,14.4341,0.004375,15.3086,0.016607,13.5115,0.011465,11.311,0.024,11.282,0.022,11.052,0.133,8.838,,OSFC,10.0,roquette25,4004.0,1.09164,0.63
264630642,3.235880450169891e+18,82.12275000000001,2.864305555555556,0.841571,13.6084,14.899,0.07,14.291,0.08,12.873,0.031,12.575,0.026,12.492,0.029,14.0686,0.000347,14.4211,0.00181,13.5418,0.001608,12.393,0.024,12.378,0.024,12.514,0.505,8.825,,OSFC,10.0,roquette25,5971.0,1.58603,1.1
264740349,3.2237402999073766e+18,82.33687499999998,2.0213888888888887,,14.7286,19.064,0.163,17.016,0.0519,12.894,0.027,12.261,0.026,12.016,0.023,15.828,0.004586,17.1812,0.025242,14.6014,0.008216,11.948,0.024,11.802,0.023,11.918,0.272,9.02,,OSFC,10.0,roquette25,,,
264543689,3.2343102831413565e+18,80.58279166666667,2.027527777777778,,12.5894,15.196,0.056,14.054,0.149,11.347,0.024,10.715,0.022,10.554,0.023,13.3844,0.004182,14.1458,0.009799,12.494,0.007489,10.432,0.023,10.427,0.02,10.264,0.071,8.613,,OSFC,10.0,roquette25,4088.54,1.09661,
264739875,3.223849284702e+18,82.42199081,2.659778135,3.66423,13.3141,16.82,0.091,15.368,0.206,11.61,0.026,10.932,0.026,10.712,0.021,14.3714,0.001627,15.6124,0.007655,13.2583,0.004649,10.639,0.023,10.52,0.02,10.339,0.068,8.706,,OSFC,10.0,roquette25,3692.0,1.2279,0.55
264486320,3.222297775011424e+18,81.58633333333333,2.0112222222222225,3.4575,15.0977,19.669,0.162,,,13.374,0.026,12.77,0.029,12.48,0.026,16.4462,0.001718,18.1323,0.010617,15.1881,0.00388,12.357,0.025,12.139,0.024,12.032,0.277,8.824,,OSFC,10.0,roquette25,3209.0,0.577059,0.568955
220073712,3.2228766678830546e+18,84.045125,2.0859722222222223,2.78974,16.3263,20.248,0.163,,,14.381,0.027,13.757,0.024,13.507,0.042,17.7971,0.002035,19.8026,0.077829,16.448,0.008084,13.365,0.025,13.093,0.03,12.459,0.524,8.853,,OSFC,10.0,roquette25,3023.0,0.483806,0.481824
264744335,3.235993498005484e+18,82.47579166666667,3.3747222222222217,2.86234,14.86,19.044,0.164,17.2799,0.0491,13.242,0.029,12.593,0.027,12.323,0.029,16.0877,0.001483,17.507,0.019111,14.9225,0.003603,12.262,0.023,12.093,0.023,12.276,0.371,8.88,,OSFC,10.0,roquette25,3387.0,0.682603,0.651051
138899298,3.223894953089967e+18,82.82962500000001,2.699055555555556,2.34926,14.2845,17.595,-0.148,16.379,0.24,12.825,0.028,12.112,0.026,11.908,0.028,15.2764,0.002233,16.3782,0.011348,14.2262,0.006224,11.771,0.023,11.69,0.022,12.404,0.412,9.019,,OSFC,10.0,roquette25,3834.0,1.11084,0.59
264743292,3.223745316429154e+18,82.47158333333331,2.0934444444444447,2.61935,14.4106,17.618,0.167,16.085,0.332,13.003,0.026,12.331,0.023,12.104,0.023,15.3329,0.002282,16.3205,0.011321,14.3454,0.00624,12.069,0.023,12.043,0.023,11.637,0.211,8.811,,OSFC,10.0,roquette25,3929.0,0.850513,0.611
264631274,3.223751191944464e+18,82.16029166666665,2.005138888888889,1.97272,15.6068,20.051,0.164,17.8084,0.0495,14.142,0.032,13.449,0.029,13.221,0.046,16.7801,0.001238,18.0501,0.021853,15.6542,0.004739,13.169,0.024,13.022,0.028,12.037,,8.951,,OSFC,10.0,roquette25,3491.0,0.665432,0.63857
220062707,3.223653060530583e+18,83.79618749999999,2.473194444444444,,14.6733,18.13,0.164,17.033,1.133,12.508,0.027,11.819,0.029,11.401,0.028,15.8137,0.007858,17.0447,0.015058,14.3138,0.012903,10.945,0.023,10.595,0.02,9.644,0.045,6.965,0.089,OSFC,10.0,roquette25,,,
264540075,3.236072903360608e+18,81.73249999999999,3.656138888888888,2.98283,14.6528,19.168,0.162,16.853,1.133,12.887,0.023,12.211,0.023,12.003,0.024,15.7626,0.001489,17.1435,0.010772,14.5846,0.003617,11.919,0.023,11.768,0.022,11.723,0.238,8.942,,OSFC,10.0,roquette25,3532.0,0.881808,0.48
264682820,3.223870312860902e+18,82.221,2.86875,2.42809,13.7618,17.222,0.13,15.994,0.118,11.991,0.026,11.337,0.024,11.057,0.021,14.8727,0.001856,16.2539,0.009169,13.7015,0.004587,10.963,0.024,10.811,0.021,10.624,0.085,8.291,,OSFC,10.0,roquette25,3545.0,1.6307,
264682414,3.223766963064308e+18,82.31725,2.3435277777777777,2.93834,13.9955,17.427,-0.125,15.672,0.16,12.438,0.027,11.758,0.022,11.573,0.021,14.942,0.004906,15.9703,0.020108,13.9198,0.010259,11.505,0.023,11.431,0.02,11.246,0.166,9.06,,OSFC,10.0,roquette25,3863.0,0.950382,0.6
457230267,3.2238354377272166e+18,81.75658333333332,2.530638888888889,2.73653,16.5545,19.319,0.172,,,14.693,0.051,14.019,0.047,13.701,0.05,17.9781,0.003241,19.6521,0.127298,16.6487,0.010642,12.956,0.025,12.424,0.025,11.38,0.19,8.66,0.415,OSFC,10.0,roquette25,3181.0,0.461237,0.458476
264483542,3.2343343005995756e+18,81.39958333333333,2.3766944444444444,2.64949,15.2219,20.171,0.163,,,13.415,0.03,12.847,0.027,12.538,0.03,16.6056,0.001477,18.3758,0.023378,15.3209,0.004683,12.417,0.023,12.201,0.024,11.708,0.23,8.67,,OSFC,10.0,roquette25,3157.0,0.673499,0.644463
464839205,3.2237567195660114e+18,82.03920833333333,2.127111111111111,2.44674,16.3029,,,,,14.563,0.036,13.89,0.029,13.692,0.052,17.6772,0.001962,19.451,0.068974,16.4009,0.005834,13.577,0.026,13.344,0.032,12.203,,8.445,,OSFC,10.0,roquette25,3159.0,0.500272,0.498324
264682154,3.2237400250294815e+18,82.25587499999999,2.0056666666666665,1.25174,12.8041,14.06,0.023,13.338,0.069,12.153,0.027,11.882,0.024,11.809,0.019,13.2416,0.000324,13.5809,0.001411,12.7468,0.00091,11.782,0.023,11.821,0.023,12.071,0.344,8.493,,OSFC,10.0,roquette25,5981.0,1.51044,1.1
220077832,3.224087814301632e+18,84.15045833333333,2.8396666666666666,2.23327,15.7246,19.953,0.164,,,14.002,0.032,13.356,0.027,13.153,0.032,17.0374,0.004933,18.6919,0.026902,15.8098,0.012203,13.006,0.024,12.818,0.027,12.239,,8.831,,OSFC,10.0,roquette25,3239.0,0.627454,0.609934
264462447,3.2343263935633285e+18,81.36220833333334,2.247888888888889,2.58996,16.4213,,,,,14.44,0.033,13.82,0.04,13.606,0.041,17.9901,0.002451,20.1444,0.077205,16.5608,0.014027,13.365,0.025,13.125,0.032,12.36,0.498,8.906,,OSFC,10.0,roquette25,2935.0,0.494646,0.49274
457229599,3.236066886111533e+18,81.74579166666669,3.5488888888888885,2.92432,15.1584,19.555,0.163,,,13.567,0.03,12.877,0.023,12.669,0.03,16.4714,0.003018,18.0262,0.01776,15.2368,0.009785,12.476,0.024,12.334,0.024,12.314,0.461,8.62,,OSFC,10.0,roquette25,3284.0,0.608467,0.594942
264743485,3.2237880943033795e+18,82.5375,2.346805555555556,2.66644,13.4558,15.855,0.068,14.847,0.172,12.377,0.024,11.732,0.023,11.6,0.021,14.2145,0.002264,14.9363,0.00852,13.3986,0.004692,11.521,0.023,11.52,0.022,11.44,0.214,8.959,,OSFC,10.0,roquette25,4387.0,0.995986,0.69
264682315,3.223761396786715e+18,82.28179166666666,2.22,2.94161,13.6623,17.164,0.038,15.873,0.103,12.071,0.028,11.417,0.022,11.193,0.023,14.7029,0.000918,15.9318,0.005144,13.6034,0.002436,11.065,0.023,10.967,0.021,10.98,0.126,8.799,,OSFC,10.0,roquette25,3680.0,1.26754,0.541
459990323,3.234347765321539e+18,81.07591666666669,2.4269166666666666,1.80469,17.4981,,,,,15.935,0.095,15.388,0.126,14.895,0.145,18.8807,0.00426,20.6966,0.215635,17.5991,0.021547,14.807,0.034,14.594,0.056,11.797,,8.604,,OSFC,10.0,roquette25,3137.0,0.425978,0.42047
264593505,3.234309763450545e+18,80.76629166666666,2.1161111111111106,3.03846,14.8149,,,17.1699,0.0496,13.213,0.027,12.562,0.027,12.334,0.03,16.0355,0.003408,17.392,0.019482,14.8724,0.008151,12.259,0.024,12.094,0.023,11.915,0.303,8.855,,OSFC,10.0,roquette25,3421.0,0.655665,0.631355
138856483,3.223892857145954e+18,82.747375,2.6339722222222224,3.03782,13.3638,16.762,0.027,15.46,0.137,11.715,0.024,11.056,0.024,10.798,0.018,14.406,0.003409,15.6001,0.014844,13.3111,0.00998,10.649,0.023,10.537,0.02,10.409,0.078,8.938,,OSFC,10.0,roquette25,3753.0,1.41928,
457251309,3.2362939051988285e+18,81.94895833333335,3.912222222222223,2.93289,14.3453,,,16.3732,0.0471,12.73,0.024,12.014,0.021,11.85,0.023,15.3933,0.001709,16.6274,0.011247,14.29,0.006226,11.688,0.023,11.605,0.021,10.758,0.102,8.268,,OSFC,10.0,roquette25,3689.0,0.939144,0.54
264630223,3.2360086807138365e+18,82.19779166666666,3.4249722222222223,2.74033,15.6242,20.27,0.162,,,13.899,0.026,13.269,0.03,12.981,0.034,16.9933,0.001071,18.7021,0.02238,15.7174,0.00349,12.815,0.024,12.596,0.027,12.097,0.322,8.585,,OSFC,10.0,roquette25,3190.0,0.577478,0.569313
457229378,3.236269539847964e+18,81.829375,3.819111111111111,,16.0817,,,18.0325,0.0497,13.695,0.029,13.116,0.033,12.825,0.032,17.0948,0.003309,17.9145,0.023179,15.6294,0.005208,12.685,0.026,12.461,0.025,12.051,,8.911,,OSFC,10.0,roquette25,,,
138853092,3.2367194849177364e+18,82.67787500000001,4.637805555555555,2.89189,12.8942,15.406,0.071,14.116,0.252,11.793,0.022,11.164,0.023,10.988,0.022,13.6588,0.001281,14.3875,0.005675,12.8467,0.005064,10.909,0.024,10.929,0.02,10.495,0.119,8.92,,OSFC,10.0,roquette25,4451.0,1.19299,0.7
464838906,3.2238571874417126e+18,82.06233333333333,2.5941388888888888,,13.9656,17.656,-0.158,15.917,0.092,12.334,0.026,11.644,0.023,11.446,0.019,14.9662,0.007499,16.0759,0.029267,13.831,0.017372,11.284,0.023,11.196,0.02,11.049,0.113,8.988,,OSFC,10.0,roquette25,,,
264739075,3.2360848949093647e+18,82.33875,3.6795,2.87286,14.9642,19.472,0.162,16.287,0.195,12.977,0.028,12.442,0.024,12.135,0.03,16.2159,0.001202,18.0297,0.022838,14.9267,0.00424,12.015,0.023,11.801,0.02,12.304,0.451,8.991,,OSFC,10.0,roquette25,3183.0,,
464838964,3.223831971689138e+18,82.00454166666668,2.497638888888889,2.96283,14.9442,17.455,0.168,,,13.283,0.029,12.628,0.022,12.416,0.021,16.2406,0.001635,17.7741,0.013529,15.0199,0.006005,12.168,0.025,11.982,0.023,11.675,,9.012,,OSFC,10.0,roquette25,3301.0,0.650227,0.627297
220062492,3.2237119531233234e+18,83.79479166666667,2.699333333333334,2.6104,15.7204,20.057,0.164,,,14.032,0.032,13.398,0.024,13.173,0.024,17.0764,0.002128,18.7717,0.031197,15.8117,0.006676,12.918,0.024,12.689,0.026,11.74,0.239,8.778,,OSFC,10.0,roquette25,3202.0,0.562448,0.556314
457230222,3.2238361635772273e+18,81.84124999999999,2.593388888888889,2.88064,14.7346,19.372,0.162,,,12.883,0.024,12.246,0.021,12.08,0.027,15.9177,0.001181,17.5026,0.017192,14.6742,0.002968,11.883,0.024,11.69,0.022,11.527,0.198,8.871,,OSFC,10.0,roquette25,3344.0,1.02094,0.37
264682835,3.2238720695037414e+18,82.30050000000001,2.8926388888888885,2.91554,14.312,16.784,0.121,15.962,0.446,12.569,0.027,11.908,0.03,11.684,0.026,15.3597,0.00402,16.5819,0.016618,14.2521,0.011388,11.546,0.023,11.466,0.023,11.427,0.202,8.641,,OSFC,10.0,roquette25,3678.63,0.978088,0.54
264739977,3.2237944508549637e+18,82.43929166666666,2.525027777777778,2.58853,14.5181,17.771,-0.175,16.267,0.286,13.093,0.026,12.397,0.027,12.236,0.024,15.4845,0.001971,16.5458,0.008522,14.4652,0.004583,12.062,0.024,12.035,0.023,12.197,0.333,8.994,,OSFC,10.0,roquette25,3887.0,0.869941,0.6
264486777,3.2358568149662e+18,81.54212500000001,2.6794166666666666,2.59094,15.4582,20.069,0.162,,,13.768,0.024,13.136,0.022,12.874,0.026,16.7756,0.001657,18.376,0.039126,15.54,0.005314,12.752,0.024,12.58,0.025,12.131,0.314,8.749,,OSFC,10.0,roquette25,3261.0,0.619093,0.603394
264739874,3.2238522782944584e+18,82.38120833333333,2.6643611111111114,2.82433,13.8662,17.086,0.233,15.693,0.137,12.448,0.023,11.75,0.024,11.536,0.021,14.8107,0.002816,15.821,0.015039,13.8096,0.006854,11.452,0.023,11.362,0.022,11.429,0.161,8.755,,OSFC,10.0,roquette25,3944.0,1.05136,0.61
220052065,3.223678997838936e+18,83.53729166666666,2.494388888888889,3.06272,17.0642,,,,,15.042,0.055,14.43,0.037,14.287,0.078,18.5878,0.003366,20.9338,0.14804,17.214,0.012136,13.98,0.027,13.816,0.038,12.664,,9.117,,OSFC,10.0,roquette25,2894.0,0.345888,0.329455
220077443,3.2236430919114803e+18,84.15687500000001,2.4240000000000004,1.99424,17.2448,,,,,15.277,0.061,14.637,0.043,14.4,0.082,18.6716,0.003703,20.3398,0.213812,17.3384,0.006062,14.233,0.029,13.998,0.04,11.93,,8.852,,OSFC,10.0,roquette25,3182.0,0.465614,0.463067
713239087,3.236164643862783e+18,81.52154166666665,3.576111111111111,2.84549,12.5572,,,13.8323,0.0489,,,,,,,13.3472,0.003267,14.0334,0.016597,12.4101,0.02426,,,,,,,,,OSFC,10.0,roquette25,4220.0,,
264486727,3.235843414668245e+18,81.55408333333334,2.596611111111112,2.57893,15.0829,19.257,0.162,,,13.231,0.024,12.581,0.023,12.338,0.023,16.2758,0.001862,17.8918,0.007558,15.0335,0.003737,12.235,0.023,12.059,0.023,11.714,0.231,9.026,,OSFC,10.0,roquette25,3330.0,0.989956,0.36
264682438,3.223791216743657e+18,82.31320833333334,2.3703333333333334,3.42276,16.3828,,,,,14.386,0.027,13.81,0.031,13.541,0.044,17.8656,0.002278,19.8108,0.092632,16.501,0.005557,13.393,0.026,13.112,0.028,12.578,,8.849,,OSFC,10.0,roquette25,3042.0,0.41243,0.40544
457229365,3.236269642927183e+18,81.82245833333333,3.840972222222222,,16.648,,,,,13.926,0.028,13.351,0.036,13.09,0.037,18.033,0.017145,20.1144,0.068268,16.2654,0.005371,12.84,0.027,12.588,0.027,12.433,,8.715,,OSFC,10.0,roquette25,,,
138856157,3.2239726404581146e+18,82.71462499999998,3.086583333333333,3.05968,15.3471,19.439,0.165,,,13.703,0.034,13.057,0.034,12.818,0.033,16.6899,0.0026,18.3687,0.027762,15.4364,0.007488,12.621,0.024,12.414,0.025,11.853,0.357,8.857,,OSFC,10.0,roquette25,3215.0,0.564334,0.557967
264683362,3.236011601291744e+18,82.22633333333333,3.528861111111111,2.86373,14.8674,18.833,0.163,17.3733,0.0478,13.168,0.024,12.589,0.026,12.291,0.021,16.1209,0.001452,17.5853,0.014085,14.935,0.003651,12.211,0.023,12.056,0.024,11.914,0.281,8.955,,OSFC,10.0,roquette25,3353.0,0.688634,0.655383
138936125,3.2235857498043597e+18,83.09179167,2.1965,3.64819,13.0411,16.005,0.08,14.689,0.092,11.563,0.021,10.891,0.023,10.658,0.021,13.9692,0.006586,14.9754,0.025233,12.9817,0.016602,10.558,0.022,10.495,0.021,10.305,0.072,8.741,0.418,OSFC,10.0,roquette25,3913.0,1.15756,0.607
464838025,3.2360811110435727e+18,81.97820833333333,3.7930833333333336,2.97743,14.7278,18.312,0.164,16.903,0.549,12.89,0.024,12.206,0.024,12.043,0.023,15.8465,0.00369,17.2771,0.026442,14.663,0.011014,11.904,0.023,11.769,0.023,11.928,0.332,9.16,,OSFC,10.0,roquette25,3473.0,0.872908,0.444
220077155,3.222877664315437e+18,84.23062499999999,2.124055555555556,3.18468,15.5656,18.408,0.167,,,13.867,0.028,13.247,0.023,12.954,0.024,16.9037,0.001045,18.5339,0.021918,15.651,0.005316,12.838,0.024,12.642,0.026,12.139,,8.528,,OSFC,10.0,roquette25,3239.0,0.526023,0.523178
138856859,3.2235795994113464e+18,82.73891666666665,2.078083333333333,2.50907,16.0748,,,,,14.291,0.043,13.78,0.039,13.461,0.049,17.499,0.001949,19.4451,0.085568,16.1889,0.004679,13.224,0.025,12.994,0.028,12.043,0.335,8.421,,OSFC,10.0,roquette25,3065.0,0.529514,0.526455
457229537,3.2360692569336064e+18,81.80854166666666,3.6350555555555553,2.91394,15.2581,20.07,0.162,,,13.279,0.023,12.689,0.029,12.395,0.027,16.7482,0.002304,18.7803,0.022603,15.3837,0.004445,12.196,0.023,11.953,0.022,11.919,0.279,8.807,,OSFC,10.0,roquette25,3005.0,0.661652,0.635788
264683438,3.2360828676848113e+18,82.29124999999998,3.628583333333333,2.90935,14.4148,18.21,0.164,16.581,0.263,12.804,0.023,12.18,0.026,11.938,0.021,15.467,0.001228,16.7267,0.00793,14.3596,0.002919,11.833,0.025,11.732,0.022,11.916,0.293,8.892,,OSFC,10.0,roquette25,3655.0,0.920449,0.53
457250797,3.235906494852614e+18,81.87812500000001,3.248333333333333,3.04509,16.3774,,,,,14.551,0.035,13.989,0.046,13.541,0.05,17.8373,0.002598,19.7974,0.050921,16.495,0.005642,13.438,0.026,13.175,0.03,12.492,,8.685,,OSFC,10.0,roquette25,3045.0,0.450463,0.447049
138904142,3.2238883560201574e+18,83.01425000000002,2.696555555555556,2.69841,14.2373,17.738,-0.189,16.701,0.4,12.495,0.024,11.841,0.023,11.582,0.027,15.3766,0.002818,16.8266,0.011614,14.1898,0.005388,11.489,0.023,11.354,0.02,11.215,0.148,8.484,,OSFC,10.0,roquette25,3502.0,1.23536,0.46
138859411,3.22357795014388e+18,82.82666666666665,2.068361111111112,2.79892,14.6604,18.196,0.0,17.235,0.06,12.926,0.025,12.254,0.026,12.016,0.03,15.7455,0.001823,17.0884,0.010016,14.5997,0.004582,11.961,0.023,11.847,0.022,11.792,0.25,8.521,,OSFC,10.0,roquette25,3565.0,0.898958,0.49
264682585,3.2238450627494246e+18,82.26491666666668,2.5490555555555554,2.7517,15.9102,20.158,0.164,,,14.123,0.033,13.467,0.025,13.253,0.037,17.3115,0.001673,19.1511,0.026206,16.0151,0.004898,13.043,0.025,12.863,0.026,12.098,,8.97,,OSFC,10.0,roquette25,3119.0,0.533614,0.530278
264683608,3.2360913545401656e+18,82.25216666666667,3.863388888888889,2.76021,16.19,20.873,0.164,,,14.263,0.036,13.672,0.039,13.388,0.042,17.6457,0.002285,19.5916,0.080034,16.3064,0.010035,13.249,0.026,12.984,0.028,12.114,0.304,8.763,,OSFC,10.0,roquette25,3052.0,0.506515,0.504458
264630146,3.236011502508252e+18,82.18845833333334,3.5044166666666667,2.78371,13.4403,,,15.411,0.092,11.723,0.027,11.044,0.026,10.801,0.024,14.462,0.005382,15.6286,0.025671,13.3745,0.013609,10.689,0.023,10.579,0.021,10.458,0.076,9.087,,OSFC,10.0,roquette25,3741.0,1.45124,
264540883,3.235838844823125e+18,81.64020833333335,2.4985,,15.1137,19.772,0.162,,,13.088,0.027,12.465,0.026,12.2,0.026,16.3288,0.004104,18.0446,0.046456,15.0156,0.007459,11.978,0.023,11.613,0.022,10.208,0.064,8.609,,OSFC,10.0,roquette25,,,
264630028,3.236060602574359e+18,82.17945833333333,3.645472222222222,3.06081,12.5176,14.688,0.066,13.561,0.005,11.102,0.024,10.545,0.024,10.386,0.021,13.2741,0.003428,13.9853,0.013489,12.4517,0.008522,10.373,0.023,10.334,0.021,10.149,0.061,9.221,0.524,OSFC,10.0,roquette25,4386.0,1.33511,0.686
220051802,3.223719645409684e+18,83.57279166666666,2.7514166666666666,2.27394,16.1905,20.554,0.164,,,14.585,0.034,13.877,0.033,13.762,0.056,17.495,0.001651,19.0575,0.034904,16.2682,0.004836,13.528,0.026,13.353,0.03,11.625,,8.992,,OSFC,10.0,roquette25,3284.0,0.513148,0.510899
457250772,3.235905429699667e+18,81.93087499999999,3.2189999999999994,2.98415,11.5344,13.54,0.076,12.305,0.08,10.378,0.023,9.849,0.024,9.708,0.025,12.2059,0.002562,12.7884,0.008837,11.4567,0.006606,9.545,0.023,9.284,0.02,6.041,0.016,3.426,0.021,OSFC,10.0,roquette25,4693.0,1.84417,
264483603,3.23433237645423e+18,81.42120833333334,2.2803611111111106,,12.8591,15.356,0.068,14.098,0.114,11.57,0.03,10.931,0.024,10.749,0.021,13.661,0.005012,14.4243,0.004623,12.7545,0.005199,10.646,0.023,10.625,0.021,10.491,0.088,8.461,,OSFC,10.0,roquette25,,,
264739026,3.2360856808881777e+18,82.38616666666667,3.7366944444444448,2.90044,13.506,16.57,0.008,15.302,0.137,12.071,0.027,11.37,0.023,11.21,0.024,14.4234,0.00491,15.3901,0.019111,13.4395,0.010786,11.09,0.023,11.035,0.021,11.228,0.168,8.786,,OSFC,10.0,roquette25,3868.34,1.26304,0.6
264593083,3.2344193065920486e+18,80.66112500000001,2.7639722222222223,2.84067,13.7452,16.743,-0.077,15.665,0.126,12.129,0.03,11.428,0.024,11.259,0.023,14.7322,0.004315,15.8242,0.024494,13.6625,0.010291,11.113,0.024,11.011,0.02,10.88,0.116,8.654,,OSFC,10.0,roquette25,3789.0,1.1752,0.58
457229307,3.2362714339299446e+18,81.84879166666667,3.924972222222223,2.79749,14.7961,19.05,0.163,17.2848,0.0479,13.15,0.023,12.475,0.023,12.296,0.03,16.049,0.002037,17.4947,0.013971,14.8624,0.004706,12.168,0.025,12.042,0.023,11.902,0.259,8.872,,OSFC,10.0,roquette25,3362.0,0.697752,0.661891
264631001,3.2238152041371284e+18,82.19982083333332,2.399178055555556,,13.9963,17.238,0.166,16.074,0.069,12.469,0.026,11.823,0.026,11.641,0.024,14.9406,0.002564,15.9754,0.007465,13.9051,0.004988,11.517,0.023,11.443,0.021,11.68,0.241,8.694,,OSFC,10.0,roquette25,3815.7,,
464838250,3.236056754283696e+18,82.08858333333333,3.4960000000000004,2.91133,14.0972,17.319,0.114,15.615,0.114,12.715,0.028,12.003,0.026,11.867,0.024,15.0217,0.001187,16.0003,0.015102,14.0325,0.003992,11.714,0.023,11.7,0.023,11.624,0.225,8.702,,OSFC,10.0,roquette25,3951.0,0.893942,0.62
459990266,3.234354499830373e+18,81.10570833333333,2.5002222222222223,3.02496,16.8364,,,,,15.031,0.045,14.508,0.06,14.248,0.085,18.338,0.002822,20.2765,0.142595,16.9552,0.010199,13.979,0.027,13.707,0.037,12.169,,8.801,,OSFC,10.0,roquette25,3037.0,0.354417,0.33931
264593266,3.2343984502308844e+18,80.742125,2.491277777777778,2.94469,15.5315,19.763,0.162,,,13.618,0.023,12.93,0.027,12.535,0.027,16.9178,0.010684,18.6988,0.047835,15.6313,0.02954,12.054,0.024,11.519,0.022,10.746,0.105,8.764,,OSFC,10.0,roquette25,3151.0,0.630745,0.612483
138899120,3.2237806382402755e+18,82.84983333333335,2.406333333333333,2.94654,14.3596,18.544,0.163,16.44,0.343,12.734,0.027,12.066,0.026,11.826,0.029,15.4189,0.003875,16.6741,0.019443,14.2952,0.008971,11.717,0.022,11.6,0.022,11.551,0.287,8.345,,OSFC,10.0,roquette25,3658.0,0.94264,0.53
457230103,3.235853413352061e+18,81.74824999999998,2.7826944444444446,2.7212,13.8471,17.157,0.0,16.078,0.172,12.176,0.022,11.478,0.023,11.316,0.024,14.914,0.001975,16.1939,0.01186,13.7891,0.00536,11.178,0.024,11.079,0.021,10.884,0.115,8.438,,OSFC,10.0,roquette25,3669.08,1.27159,0.54
264540967,3.22382571821682e+18,81.65979166666665,2.369638888888889,2.9117,13.579,16.71,0.192,15.323,0.069,12.163,0.024,11.45,0.023,11.284,0.024,14.5139,0.003573,15.5269,0.017088,13.5139,0.009893,11.131,0.023,11.077,0.021,11.106,0.139,8.789,,OSFC,10.0,roquette25,3900.0,1.13991,0.6
220062795,3.2236499982202435e+18,83.80008333333333,2.372527777777778,2.16891,16.2266,,,,,14.262,0.03,13.707,0.04,13.461,0.045,17.6859,0.002137,19.6045,0.097401,16.3412,0.004562,13.28,0.026,13.019,0.029,11.848,0.27,8.784,,OSFC,10.0,roquette25,3062.0,0.585931,0.576455
264629954,3.236088640120857e+18,82.13308333333333,3.76375,2.84973,14.7557,19.065,0.162,,,12.877,0.024,12.265,0.024,12.027,0.026,15.9687,0.00181,17.6631,0.013834,14.7053,0.004533,11.845,0.023,11.649,0.022,11.54,0.212,8.501,,OSFC,10.0,roquette25,3256.0,,
138936800,3.2239822955447327e+18,83.06791666666666,3.1391666666666667,2.41678,12.9995,15.055,0.087,14.003,0.092,11.94,0.026,11.38,0.02,11.255,0.024,13.679,0.002904,14.2889,0.00842,12.9375,0.007458,11.217,0.024,11.216,0.021,11.398,0.184,8.666,,OSFC,10.0,roquette25,4645.0,1.17767,0.74
264459454,3.234356733213505e+18,81.17833333333334,2.582527777777778,3.02418,14.7378,18.835,0.164,17.1943,0.0491,13.148,0.031,12.48,0.027,12.21,0.03,15.9823,0.000947,17.4083,0.01886,14.802,0.003565,12.046,0.023,11.896,0.021,12.216,0.419,8.886,,OSFC,10.0,roquette25,3376.0,0.681591,0.650321
138936937,3.2239957302023823e+18,83.104625,3.338,2.54617,14.7518,18.294,0.165,16.853,0.183,13.047,0.03,12.361,0.028,12.078,0.027,15.8361,0.003154,17.1431,0.01544,14.701,0.006746,11.93,0.023,11.717,0.024,10.528,0.086,7.487,0.146,OSFC,10.0,roquette25,3637.0,0.942379,0.52
264483380,3.2358572272830735e+18,81.42291666666667,2.66,1.54391,15.3278,17.319,0.071,16.415,0.366,14.333,0.03,13.783,0.035,13.701,0.056,15.9992,0.000692,16.6082,0.005629,15.2794,0.002824,,,,,,,,,OSFC,10.0,roquette25,4728.0,0.61319,0.76
264462425,3.23432612298185e+18,81.29641666666666,2.226194444444445,2.80263,13.5978,16.457,0.118,15.086,0.023,12.311,0.024,11.619,0.024,11.429,0.024,14.4657,0.005514,15.341,0.024233,13.5112,0.017205,11.33,0.024,11.282,0.022,11.137,0.143,9.125,,OSFC,10.0,roquette25,3991.0,1.10835,0.62
457230305,3.2238284283404954e+18,81.78104166666665,2.475583333333333,2.91415,14.5795,18.959,0.162,16.563,0.103,12.907,0.024,12.2,0.021,12.029,0.026,15.6339,0.006228,16.8943,0.028435,14.5139,0.018386,11.939,0.024,11.859,0.023,11.868,0.26,8.515,,OSFC,10.0,roquette25,3640.0,0.854654,0.53
264630115,3.2360586097095434e+18,82.20820833333333,3.5480555555555555,2.36782,13.5856,15.843,0.134,14.732,0.126,12.477,0.024,11.893,0.024,11.772,0.023,14.3009,0.002949,14.9628,0.010171,13.5305,0.007715,11.741,0.024,11.751,0.023,12.227,0.36,8.323,,OSFC,10.0,roquette25,4540.0,0.977268,0.72
138856064,3.2239980666644756e+18,82.78062500000001,3.2175,2.87021,14.2316,17.348,-0.119,16.176,0.297,12.723,0.025,12.0,0.028,11.822,0.025,15.2448,0.005116,16.4086,0.020463,14.1631,0.01259,11.623,0.023,11.523,0.021,10.975,0.161,8.963,,OSFC,10.0,roquette25,3727.0,0.965013,0.56
457229417,3.236080256344606e+18,81.80773333333332,3.778113055555555,2.79682,13.9773,18.258,0.162,16.301,0.195,12.216,0.024,11.504,0.023,11.328,0.023,15.0794,0.002737,16.4511,0.013924,13.9054,0.005615,11.168,0.024,11.005,0.021,10.896,0.12,9.003,,OSFC,10.0,roquette25,3528.0,1.26985,
264540132,3.236070188941284e+18,81.69983333333333,3.579194444444445,2.62757,15.334,19.97,0.162,17.9887,0.0522,13.637,0.027,13.025,0.029,12.759,0.027,16.6489,0.001589,18.1518,0.025881,15.4086,0.001869,12.643,0.024,12.479,0.025,12.581,0.512,8.941,,OSFC,10.0,roquette25,3307.0,0.63484,0.615635
264459603,3.234343367274552e+18,81.15812500000001,2.354972222222222,2.81221,14.7438,,,16.273,1.133,13.167,0.028,12.494,0.023,12.304,0.024,15.9889,0.001938,17.3601,0.011766,14.8041,0.004316,12.022,0.025,11.883,0.023,11.683,0.215,8.151,,OSFC,10.0,roquette25,3402.0,0.69396,0.65919
457251247,3.2360820731162854e+18,81.91766666666666,3.822921944444445,2.96065,14.4219,,,16.5038,0.047,12.745,0.024,12.03,0.024,11.816,0.021,15.4779,0.002067,16.7426,0.009151,14.3495,0.007995,11.734,0.023,11.626,0.022,12.047,0.328,8.904,,OSFC,10.0,roquette25,3625.0,0.907036,0.52
464837923,3.236106782062607e+18,82.00570833333333,3.950916666666666,3.01511,16.0331,20.771,0.163,,,14.032,0.032,13.473,0.024,13.22,0.033,17.5394,0.001739,19.5994,0.07871,16.1615,0.003798,13.005,0.024,12.76,0.025,11.96,0.287,8.771,,OSFC,10.0,roquette25,2989.0,0.501846,0.499877
264486327,3.2222984278464604e+18,81.49620833333334,2.030694444444444,2.4268,14.9965,19.263,0.164,,,13.129,0.032,12.483,0.023,12.199,0.023,16.1644,0.00221,17.7159,0.022014,14.9357,0.005326,12.106,0.024,11.946,0.023,11.895,0.3,8.795,,OSFC,10.0,roquette25,3369.0,1.04191,0.38
264743872,3.223948794799746e+18,82.50175000000002,2.809055555555556,2.78678,14.2432,17.43,-0.122,16.336,0.263,12.643,0.024,11.936,0.023,11.761,0.023,15.2742,0.002434,16.4411,0.010772,14.183,0.014444,11.699,0.023,11.616,0.021,11.311,0.144,8.767,,OSFC,10.0,roquette25,3770.0,1.01467,0.57
457251085,3.2360690507751583e+18,81.862875,3.620722222222222,2.94701,15.0972,19.458,0.163,,,13.418,0.027,12.785,0.022,12.66,0.034,16.3969,0.001393,17.9241,0.009787,15.1726,0.003541,12.452,0.024,12.267,0.025,12.019,,8.755,,OSFC,10.0,roquette25,3303.0,0.607096,0.59384
264686838,3.236112142181844e+18,82.37808333333332,4.045416666666667,2.87061,13.1495,15.793,0.033,14.483,0.126,11.87,0.026,11.234,0.026,11.053,0.019,13.9429,0.003452,14.7135,0.014061,13.0856,0.011976,11.007,0.024,11.0,0.022,10.952,0.133,8.434,,OSFC,10.0,roquette25,4251.77,1.14066,0.66
457251333,3.2362949703507195e+18,81.8950375,3.950193888888889,2.89787,13.7412,16.372,0.119,14.975,0.137,12.333,0.024,11.7,0.022,11.539,0.023,14.5896,0.001981,15.437,0.008715,13.6787,0.005161,11.449,0.023,11.408,0.021,10.963,0.118,8.643,0.391,OSFC,10.0,roquette25,4099.0,0.977423,0.64
264743272,3.2237450415513646e+18,82.49333333333333,2.066611111111111,2.55605,12.9783,15.178,0.055,14.167,0.16,11.842,0.024,11.296,0.024,11.103,0.019,13.6936,0.002571,14.3519,0.009758,12.916,0.006903,11.038,0.024,11.021,0.021,11.066,0.127,8.631,,OSFC,10.0,roquette25,4580.79,1.14867,0.724
264682796,3.2238699735597097e+18,82.26391666666667,2.83675,4.38528,15.5108,18.719,0.17,,,13.222,0.05,12.654,0.056,12.209,0.042,16.8091,0.003,18.7141,0.038189,15.3881,0.008919,11.665,0.023,11.398,0.022,10.73,0.096,8.133,,OSFC,10.0,roquette25,,,
264540103,3.2360713528776207e+18,81.62887500000001,3.615555555555555,3.08502,13.5642,17.755,0.163,15.813,0.08,11.767,0.026,11.153,0.024,10.882,0.023,14.6399,0.006595,15.9425,0.034902,13.4884,0.015935,10.766,0.023,10.649,0.02,10.596,0.085,8.443,,OSFC,10.0,roquette25,3590.0,1.33164,
464838184,3.2360623506261427e+18,81.98762500000001,3.596361111111111,2.38484,16.5585,,,,,14.644,0.041,14.107,0.038,13.9,0.06,17.9865,0.002142,19.8098,0.082564,16.6638,0.014932,13.57,0.025,13.39,0.033,12.602,,8.866,,OSFC,10.0,roquette25,3115.0,0.475745,0.47358
220056535,3.2237310872017e+18,83.65079166666668,2.8851111111111107,2.68618,17.2337,,,,,15.297,0.054,14.789,0.051,14.436,0.08,18.6975,0.00361,20.8256,0.107075,17.3633,0.011588,14.277,0.029,14.017,0.041,12.379,,8.955,,OSFC,10.0,roquette25,2979.0,0.365206,0.351754
138829470,3.236046579504815e+18,82.60162500000001,3.815944444444444,0.225897,10.9684,15.837,0.107,14.554,0.137,8.77,0.022,7.781,0.02,7.451,0.034,12.3243,0.009964,14.5044,0.052674,10.956,0.025156,7.329,0.03,7.454,0.021,7.054,0.016,6.782,0.095,OSFC,10.0,roquette25,3012.0,,
264483548,3.2343348847140326e+18,81.468368,2.368148,,15.3416,19.264,0.163,,,13.105,0.03,12.408,0.026,11.976,0.024,16.4894,0.028813,17.7502,0.085324,14.9913,0.034899,11.35,0.027,10.894,0.022,9.847,0.059,7.969,0.236,OSFC,10.0,roquette25,,,
264462290,3.2223093843067735e+18,81.306294,2.018518,2.27018,17.4437,,,,,14.997,0.042,14.316,0.049,14.108,0.066,18.9231,0.005902,21.7581,0.351646,17.4265,0.014477,13.892,0.028,13.626,0.037,12.054,,9.09,,OSFC,10.0,roquette25,,,
264462375,3.2223145039077217e+18,81.294321,2.153568,1.4801,14.4849,16.258,0.092,15.449,0.24,13.611,0.032,13.177,0.029,13.058,0.032,15.0784,0.000479,15.5856,0.006679,14.4286,0.002547,13.034,0.026,13.121,0.033,12.017,,8.69,,OSFC,10.0,roquette25,5057.0,0.806115,0.84
264541015,3.2223210322589665e+18,81.663355,2.301568,2.75601,17.0636,,,,,15.026,0.052,14.438,0.054,14.082,0.063,18.5276,0.0027,20.323,0.142883,17.1692,0.008149,13.973,0.029,13.699,0.035,12.617,,8.83,,OSFC,10.0,roquette25,3111.0,0.405086,0.397211
459990401,3.2343299025529743e+18,81.128501,2.297806,2.75197,15.7148,20.472,0.164,18.3245,0.0635,14.038,0.035,13.418,0.034,13.242,0.04,17.0285,0.001635,18.4827,0.046463,15.7856,0.004582,13.036,0.024,12.829,0.028,12.512,,8.566,,OSFC,10.0,roquette25,3330.0,0.530646,0.527514
269118419,3.234305605921575e+18,81.005855,2.196481,2.69553,16.8506,,,,,14.868,0.046,14.294,0.046,13.964,0.072,18.3031,0.004103,20.0388,0.093434,16.9512,0.012606,13.613,0.026,13.144,0.031,11.444,0.206,8.882,,OSFC,10.0,roquette25,3142.0,0.426872,0.421454
713070886,3.2223242320099226e+18,81.568841,2.312837,0.435324,15.0156,,,15.6555,0.0459,,,,,,,15.4894,0.000701,15.8519,0.005748,14.9455,0.002543,,,,,,,,,OSFC,10.0,roquette25,5780.0,1.56462,1.04
459990576,3.234299249370263e+18,81.13449,2.029726,2.48027,17.2325,,,,,15.189,0.043,14.536,0.06,14.43,0.093,18.805,0.011079,20.7292,0.145957,17.3552,0.023782,13.921,0.029,13.424,0.033,12.016,0.313,8.571,,OSFC,10.0,roquette25,3015.0,0.389022,0.379034
457249905,3.222255100216321e+18,81.895571,2.069243,1.13451,12.772,14.041,0.041,13.367,0.08,12.078,0.039,11.824,0.057,11.645,0.038,13.2214,0.000318,13.5681,0.001388,12.7104,0.001093,11.264,0.023,11.241,0.02,11.421,0.17,8.806,,OSFC,10.0,roquette25,5852.0,1.73192,1.06
264459692,3.234325573225939e+18,81.208799,2.234633,,15.7064,18.609,0.169,18.3794,0.0939,14.062,0.038,13.433,0.041,13.199,0.039,17.1395,0.00157,18.4092,0.087563,15.7724,0.016034,12.928,0.024,12.757,0.026,12.23,0.364,9.01,,OSFC,10.0,roquette25,3360.0,0.533496,0.530168
264543714,3.2343107598829353e+18,80.642333,2.065406,,16.9132,,,,,14.882,0.045,14.315,0.042,14.112,0.059,18.4053,0.006657,20.2066,0.159389,17.0213,0.01061,13.876,0.027,13.631,0.035,12.571,0.515,8.976,,OSFC,10.0,roquette25,3097.0,0.340243,0.322929
264483440,3.235842448299157e+18,81.459979,2.560634,2.34065,17.2299,,,,,15.456,0.059,14.716,0.072,14.623,0.114,18.7243,0.003245,20.9311,0.147997,17.3674,0.010663,14.295,0.03,14.072,0.045,12.092,,8.796,,OSFC,10.0,roquette25,2942.0,0.382913,0.372069
264541016,3.223821354530049e+18,81.724689,2.30151,2.70568,16.9382,,,,,15.065,0.055,14.317,0.05,13.897,0.056,18.407,0.003645,20.4623,0.104968,17.063,0.008912,13.83,0.027,13.474,0.036,11.923,0.326,8.653,,OSFC,10.0,roquette25,3004.0,0.436209,0.431672
457230303,3.2238284283404954e+18,81.777317,2.476202,2.90721,16.0773,20.567,0.163,,,14.311,0.032,13.716,0.044,13.513,0.044,17.4815,0.002382,19.2405,0.059872,16.1764,0.009305,13.379,0.053,13.173,0.054,12.369,,9.058,,OSFC,10.0,roquette25,3153.0,0.468331,0.465903
457249873,3.222253927689968e+18,81.95486,2.022142,3.47006,17.5145,,,,,15.403,0.055,14.831,0.075,14.619,0.099,19.1382,0.004804,21.4135,0.125734,17.6662,0.015634,14.409,0.03,14.165,0.043,12.605,,8.811,,OSFC,10.0,roquette25,2887.0,0.282183,0.256425
264621837,3.2342953366562386e+18,80.864011,2.006077,3.5785,17.0088,,,,,15.0,0.042,14.501,0.056,14.074,0.063,18.5769,0.003804,20.7385,0.16769,17.1485,0.019292,14.001,0.027,13.802,0.038,12.234,,9.128,,OSFC,10.0,roquette25,2933.0,0.330172,0.31129
457230409,3.223823136941554e+18,81.816829,2.334708,,17.2124,,,,,14.851,0.054,14.32,0.063,14.087,0.086,18.3764,0.003884,19.7457,0.132369,16.9242,0.028118,,,,,,,,,OSFC,10.0,roquette25,,,
459990229,3.234402740903161e+18,81.070345,2.572748,3.5372,17.4653,,,,,15.585,0.063,14.913,0.082,14.604,0.102,19.0185,0.003896,21.0525,0.220255,17.5944,0.014164,14.452,0.032,14.255,0.047,12.471,,9.018,,OSFC,10.0,roquette25,2981.0,0.273901,0.247147
264593312,3.2343741922556114e+18,80.694876,2.416353,3.06196,15.1808,19.663,0.163,17.6441,0.047,13.531,0.027,12.949,0.024,12.669,0.029,16.4315,0.001439,17.8519,0.010442,15.2449,0.003833,12.595,0.024,12.468,0.025,12.074,,8.876,,OSFC,10.0,roquette25,3375.0,0.590828,0.58054
264540996,3.223825267244287e+18,81.65838,2.323317,2.61138,16.549,20.868,0.164,19.2572,0.1514,14.595,0.033,14.041,0.045,13.671,0.052,17.9502,0.0023,19.3288,0.152569,16.6201,0.00609,13.608,0.026,13.397,0.031,12.55,,8.723,,OSFC,10.0,roquette25,3324.0,0.481116,0.479085
264486445,3.222320035826605e+18,81.606002,2.203017,2.97154,17.5556,,,,,15.119,0.051,14.553,0.06,14.161,0.079,19.199,0.003984,21.345,0.197009,17.6993,0.013363,13.938,0.027,13.682,0.035,12.666,,8.963,,OSFC,10.0,roquette25,2915.0,0.374243,0.362143
269118371,3.234303303819056e+18,80.971637,2.138645,2.22875,17.3233,,,,,15.368,0.07,14.683,0.071,14.42,0.097,18.8437,0.002933,20.7456,0.080733,17.4405,0.009673,14.249,0.03,14.027,0.046,12.226,,8.871,,OSFC,10.0,roquette25,3044.0,0.423899,0.418177
138899293,3.223894712572001e+18,82.8732645,2.6884408,,15.3742,18.94,0.164,17.737,0.1365,13.188,0.029,12.388,0.026,11.871,0.027,16.4911,0.013981,17.7254,0.121823,15.0821,0.065899,10.982,0.023,10.392,0.021,9.279,0.033,8.874,0.512,OSFC,10.0,roquette25,,,
459990291,3.234348869128542e+18,81.0335171,2.4630366,2.78429,9.5789,9.868,0.0,9.71,0.03,9.238,0.024,8.735,0.034,7.901,0.029,9.69026,0.00046,9.78574,0.001684,9.54453,0.001368,6.725,0.072,6.01,0.039,4.315,0.015,1.538,0.018,OSFC,10.0,roquette25,8213.0,1.87837,2.01
264740157,3.223785787905968e+18,82.4379862,2.2610152,2.63985,11.9677,13.92,0.072,13.08,0.08,10.795,0.024,10.101,0.024,9.693,0.021,12.6541,0.003041,13.2736,0.011422,11.9077,0.010509,9.133,0.023,8.759,0.019,7.112,0.018,4.77,0.033,OSFC,10.0,roquette25,4396.26,2.04287,
459990408,3.23434154620798e+18,81.075996,2.288884,2.60104,16.0498,19.971,0.162,,,13.598,0.022,12.591,0.024,11.875,0.027,17.2694,0.033315,18.8834,0.110643,15.8995,0.09311,10.616,0.022,9.962,0.021,8.937,0.031,6.909,0.099,OSFC,10.0,roquette25,3241.0,,
457250338,3.223837228727908e+18,81.963335,2.620837,,14.838,19.047,0.163,,,13.193,0.026,12.533,0.032,12.378,0.031,16.8402,0.006473,,0.0,,0.0,12.137,0.023,11.998,0.022,11.685,0.228,8.449,,OSFC,10.0,roquette25,,,
264483176,3.2359181084448174e+18,81.472794,2.964494,3.46783,16.2599,20.663,0.164,,,14.512,0.034,13.854,0.033,13.646,0.047,17.688,0.001881,19.4898,0.061592,16.3639,0.005412,13.45,0.026,13.231,0.03,12.548,0.453,8.939,,OSFC,10.0,roquette25,3124.0,0.393538,0.384166
264622120,3.234315535886633e+18,80.882988,2.178747,3.34987,15.6974,20.169,0.163,,,13.846,0.029,13.273,0.023,12.971,0.027,17.1692,0.002552,19.0969,0.038755,15.8139,0.005051,12.717,0.024,12.423,0.024,11.039,0.127,8.907,,OSFC,10.0,roquette25,3053.0,0.506278,0.504225
264739956,3.2238416954952223e+18,82.378804,2.555628,2.50701,16.3078,,,,,14.397,0.03,13.798,0.041,13.548,0.042,17.7625,0.001963,19.6839,0.066368,16.4223,0.005023,13.37,0.025,13.153,0.03,11.578,0.18,8.495,,OSFC,10.0,roquette25,3063.0,0.517711,0.515284
264483002,3.235961951471227e+18,81.450228,3.243914,2.99096,16.4468,20.871,0.165,,,14.489,0.039,13.869,0.036,13.631,0.046,17.9507,0.00173,20.004,0.044999,16.5743,0.007202,13.266,0.026,12.751,0.026,9.866,0.055,6.836,0.091,OSFC,10.0,roquette25,2992.0,0.441247,0.43714
264630846,3.223856672045634e+18,82.127237,2.59285,3.04895,16.5225,20.66,0.165,,,14.578,0.039,13.992,0.039,13.576,0.052,18.0263,0.004626,20.1568,0.050293,16.6555,0.014257,13.506,0.026,13.075,0.028,11.29,0.173,8.695,,OSFC,10.0,roquette25,2965.0,0.443535,0.439611
220066357,3.2236032045518474e+18,83.94618988,2.038579941,2.54089,9.3991,9.444,0.034,9.417,0.003,9.352,0.026,9.376,0.023,9.329,0.023,9.37469,0.000339,9.39678,0.001437,9.36364,0.001496,9.302,0.023,9.328,0.021,9.13,0.03,8.502,0.335,OSFC,10.0,roquette25,10561.0,1.81655,2.73
220045032,3.223611549672043e+18,83.52326202,2.046959877,,13.7051,16.503,0.0,15.085,0.08,12.494,0.026,11.799,0.024,11.601,0.024,14.5622,0.0009869999,15.4469,0.002353,13.6282,0.001594,11.515,0.023,11.493,0.022,11.451,0.198,8.959,,OSFC,10.0,roquette25,,,
138859399,3.2235770911504113e+18,82.86702728,2.055470943,2.71343,11.7132,13.087,0.048,12.297,0.046,11.049,0.021,10.716,0.022,10.605,0.023,12.1874,0.00258,12.5676,0.008726,11.66,0.007581,10.558,0.023,10.573,0.02,10.618,0.084,8.558,,OSFC,10.0,roquette25,5573.33,1.30869,0.98
264541173,3.222304127267517e+18,81.70042419,2.068295002,2.65511,8.5848,,,8.51,0.03,8.598,0.032,8.641,0.031,8.658,0.019,8.49483,0.000717,8.4748,0.001858,8.55176,0.001833,8.666,0.023,8.708,0.02,8.703,0.026,8.568,0.373,OSFC,10.0,roquette25,12346.0,,
264682209,3.2237533866726917e+18,82.24649048,2.080245018,2.91064,11.7726,13.488,0.027,12.594,0.057,10.999,0.028,10.573,0.026,10.445,0.019,12.336,0.001296,12.8106,0.004421,11.7182,0.003345,10.354,0.022,10.386,0.02,10.453,0.079,8.936,,OSFC,10.0,roquette25,5208.0,1.35755,0.89
269118344,3.234302311683109e+18,80.9598465,2.082159996,2.6926,8.02,7.786,0.0,7.91,0.03,8.124,0.03,8.174,0.061,8.272,0.021,7.8702,0.001166,7.82503,0.003948,7.97991,0.002453,8.254,0.023,8.292,0.02,8.303,0.023,8.384,0.306,OSFC,10.0,roquette25,,,
220063063,3.223604578941383e+18,83.87989807,2.08488512,2.74652,13.8123,16.876,0.056,15.45,0.149,12.479,0.023,11.809,0.024,11.607,0.025,14.7375,0.001803,15.7249,0.006628,13.7548,0.004606,11.487,0.023,11.467,0.021,11.242,0.162,8.327,,OSFC,10.0,roquette25,3950.0,1.07981,0.61
138936048,3.223569463288385e+18,83.16452026,2.092168093,2.75351,8.65088,8.496,0.0,8.57,0.03,8.695,0.018,8.725,0.023,8.73,0.02,8.5463,0.000489,8.52054,0.002022,8.61324,0.001867,8.729,0.023,8.779,0.021,8.78,0.029,8.152,,OSFC,10.0,roquette25,13645.0,,
264743326,3.2237489199067013e+18,82.48148346,2.142158985,2.59758,8.2458,8.023,0.0,8.15,0.03,8.287,0.027,8.398,0.057,8.425,0.023,8.12132,0.001069,8.08638,0.00215,8.21273,0.00174,8.399,0.024,8.454,0.02,8.518,0.025,8.54,0.335,OSFC,10.0,roquette25,14314.0,,
457230556,3.222306291931031e+18,81.77934265,2.142893076,2.72858,11.7078,13.718,0.049,12.624,0.069,10.638,0.023,10.077,0.022,9.968,0.021,12.3627,0.002921,12.948,0.010369,11.6486,0.007632,9.897,0.023,9.892,0.02,9.784,0.045,8.292,,OSFC,10.0,roquette25,4683.0,1.81783,
459990504,3.2343013496104105e+18,81.10606384,2.144459963,0.0717985,12.9231,15.233,0.073,14.009,0.114,11.803,0.022,11.15,0.022,11.062,0.023,13.6442,0.000439,14.3128,0.002222,12.8677,0.001702,10.948,0.023,11.01,0.022,10.85,0.114,8.573,,OSFC,10.0,roquette25,4529.0,21.8551,
264486418,3.2223180472570455e+18,81.5276947,2.163828135,2.37715,11.8064,13.776,0.022,12.632,0.069,10.853,0.024,10.382,0.024,10.249,0.019,12.4215,0.001596,12.9571,0.005369,11.7509,0.004756,10.206,0.023,10.212,0.021,10.063,0.056,8.469,,OSFC,10.0,roquette25,4912.0,1.832,
264631173,3.2237607052956006e+18,82.20191193,2.164706945,2.67609,7.4424,7.206,0.0,7.14,0.03,7.438,0.024,7.495,0.053,7.38,0.029,7.3148,0.000699,7.27998,0.001612,7.41679,0.002416,7.37,0.032,7.21,0.021,6.287,0.016,5.162,0.032,OSFC,10.0,roquette25,13805.0,,
464839176,3.2237586136479416e+18,82.04143524,2.173985004,2.8298,12.239,14.142,0.07,13.096,0.08,11.256,0.027,10.752,0.023,10.645,0.023,12.884,0.001983,13.4593,0.006737,12.1865,0.003967,10.504,0.022,10.512,0.021,10.338,0.073,8.195,,OSFC,10.0,roquette25,4826.66,1.30465,0.78
138936127,3.223574204932246e+18,83.16921997,2.199645996,2.30693,11.0196,11.788,0.206,11.405,0.015,10.6,0.021,10.443,0.023,10.42,0.022,11.2996,0.000406,11.5049,0.001317,10.9665,0.001213,10.353,0.022,10.373,0.02,10.329,0.076,8.979,,OSFC,10.0,roquette25,7055.0,1.46221,1.56
138936133,3.2235744067945446e+18,83.12059021,2.209464073,2.77821,10.5996,11.638,0.138,10.952,0.009,10.031,0.021,9.787,0.023,9.7,0.022,11.0074,0.001322,11.3229,0.003368,10.5469,0.00367,9.659,0.022,9.68,0.02,9.623,0.046,8.758,0.503,OSFC,10.0,roquette25,5876.05,1.99395,1.06
457230499,3.2238081260307753e+18,81.83579254,2.215867996,2.83225,9.2175,9.207,0.0,9.2,0.03,9.139,0.029,9.151,0.024,9.147,0.019,9.19566,0.000355,9.21671,0.00112,9.18466,0.001412,9.094,0.022,9.118,0.019,9.126,0.032,8.718,0.417,OSFC,10.0,roquette25,10263.0,1.78822,2.64
138936148,3.2235862609042816e+18,83.13028717,2.226849079,,11.2435,12.134,0.045,11.521,0.034,10.458,0.022,10.188,0.021,10.102,0.021,11.65,0.005618,11.7664,0.00136,10.9939,0.002102,10.061,0.022,10.093,0.02,10.101,0.06,8.576,,OSFC,10.0,roquette25,5862.63,,
464839112,3.223807438835979e+18,81.98885345,2.276257038,2.65996,10.5804,11.26,0.108,10.78,0.007,10.222,0.029,10.078,0.023,10.031,0.024,10.8481,0.000431,11.0463,0.00182,10.5316,0.001073,9.96,0.023,9.977,0.021,9.935,0.053,8.541,,OSFC,10.0,roquette25,6860.77,1.62316,1.486
138904431,3.2235903497139036e+18,82.94026184,2.284455061,2.78531,10.3505,11.14,0.117,10.684,0.008,9.897,0.024,9.74,0.023,9.698,0.022,10.6621,0.000341,10.8984,0.000875,10.3039,0.000621,9.651,0.022,9.683,0.02,9.586,0.049,7.979,0.267,OSFC,10.0,roquette25,6490.69,1.88767,1.33
138904427,3.2235903497131453e+18,82.94798279,2.286938906,2.43828,10.8086,11.632,0.161,11.121,0.011,10.248,0.024,10.03,0.023,9.945,0.02,11.1703,0.000599,11.4448,0.001698,10.757,0.000803,9.919,0.022,9.944,0.02,9.999,0.074,8.846,,OSFC,10.0,roquette25,6232.97,1.85504,1.21
138828336,3.2237751406820106e+18,82.62029266,2.292563915,2.87214,13.279,15.884,0.168,14.817,0.046,11.512,0.027,10.786,0.026,10.491,0.021,14.1354,0.002,14.9941,0.006377,13.2051,0.007543,10.385,0.022,10.323,0.02,10.451,0.105,8.548,,OSFC,10.0,roquette25,3905.97,,
138828351,3.223775552998865e+18,82.64571381,2.315191031,2.79863,12.0294,13.74,0.014,12.703,0.069,11.097,0.023,10.609,0.023,10.5,0.025,12.6267,0.003635,13.1407,0.012207,11.974,0.009854,10.429,0.023,10.456,0.021,10.478,0.105,8.951,,OSFC,10.0,roquette25,4621.14,1.66939,
264631047,3.2238130738330424e+18,82.14335632,2.338398933,2.81916,10.5329,11.274,0.129,11.073,0.01,10.099,0.023,9.925,0.024,9.882,0.019,10.8299,0.000455,11.0526,0.001833,10.4868,0.002272,9.862,0.023,9.872,0.02,9.781,0.053,8.642,,OSFC,10.0,roquette25,6627.6,1.61802,1.39
138828368,3.2237765150715346e+18,82.64665222,2.345091105,2.80609,11.4983,13.202,0.009,12.143,0.057,10.577,0.022,10.177,0.021,10.063,0.021,12.049,0.002307,12.5071,0.008165,11.441,0.005817,10.077,0.022,10.057,0.021,9.51,0.049,7.764,0.196,OSFC,10.0,roquette25,5248.0,1.56186,0.9
264459606,3.234343371570405e+18,81.15042114,2.353173971,2.69304,6.4596,6.161,0.021,6.31413,0.023,6.6,0.019,6.668,0.021,6.728,0.018,6.28173,0.000837512,6.21774,0.002017,6.41869,0.003371,6.691,0.069,6.719,0.023,6.831,0.017,6.749,0.086,OSFC,10.0,roquette25,16668.0,,
264540970,3.2238258556557676e+18,81.70080566,2.36737299,2.75684,10.7554,11.997,0.151,11.174,0.011,10.17,0.024,9.839,0.023,9.722,0.023,11.2079,0.002955,11.5676,0.009605,10.7037,0.007181,9.611,0.023,9.603,0.02,9.292,0.036,8.397,0.307,OSFC,10.0,roquette25,6018.76,1.73306,1.11
459990362,3.234344368002824e+18,81.07565308,2.368334055,3.01145,9.5017,9.652,0.044,9.59,0.004,9.323,0.027,9.224,0.026,9.173,0.021,9.54706,0.000387,9.60306,0.001484,9.46867,0.001382,8.874,0.022,8.852,0.019,8.903,0.03,8.553,0.391,OSFC,10.0,roquette25,8993.0,1.64273,2.27
138941435,3.223684053015916e+18,83.22711945,2.408336878,2.81333,10.6505,11.612,0.152,11.078,0.01,10.148,0.02,9.927,0.023,9.857,0.025,10.9845,0.000426,11.234,0.001341,10.5961,0.000677,9.774,0.023,9.767,0.021,9.706,0.046,8.583,,OSFC,10.0,roquette25,6731.0,1.54354,1.435
138941394,3.2236904439272315e+18,83.26996613,2.469347,2.5243,9.6408,9.766,0.05,9.641,0.004,9.483,0.021,9.501,0.028,9.433,0.031,9.65089,0.000511,9.68736,0.00223,9.60745,0.001225,,,,,,,,,OSFC,10.0,roquette25,9590.0,1.73606,2.44
138941379,3.2236935019439406e+18,83.26243591,2.496119976,2.7127,8.7903,8.662,0.03,8.706,0.003,8.82,0.021,8.882,0.023,8.871,0.023,8.70005,0.000563,8.68367,0.00247,8.75979,0.002669,8.851,0.023,8.896,0.021,8.888,0.028,8.066,,OSFC,10.0,roquette25,12482.0,,
464838966,3.223831971689138e+18,81.99999237,2.496676922,2.74645,9.9735,11.077,0.085,10.49,0.006,9.477,0.027,9.233,0.023,9.14,0.019,10.3399,0.000568,10.621,0.001737,9.92445,0.001911,9.055,0.024,9.076,0.021,9.05,0.033,8.396,,OSFC,10.0,roquette25,6175.1,2.46362,1.18
264462631,3.2343528204984166e+18,81.31721497,2.528124094,2.80914,9.9399,10.201,0.053,10.085,0.005,9.759,0.028,9.691,0.027,9.648,0.024,10.0409,0.000925,10.1359,0.001331,9.90493,0.001309,9.592,0.023,9.612,0.019,9.611,0.044,8.53,,OSFC,10.0,roquette25,7557.13,1.89147,1.75
264739961,3.2238414506814643e+18,82.42777252,2.546863079,2.92222,13.9846,,,16.1625,0.0465,12.3,0.024,11.647,0.023,11.417,0.021,15.0746,0.001355,16.3999,0.007839,13.9337,0.00392,11.332,0.023,11.214,0.022,11.074,0.12,8.955,,OSFC,10.0,roquette25,3610.54,1.18749,0.51
138941316,3.223695456153096e+18,83.22553253,2.595081091,2.80541,10.456,11.357,0.135,10.811,0.009,9.953,0.02,9.751,0.023,9.673,0.022,10.792,0.000468,11.0463,0.002783,10.4041,0.000966,9.635,0.023,9.641,0.02,9.638,0.046,8.339,,OSFC,10.0,roquette25,6307.86,1.94085,1.24
457230202,3.2358461290876467e+18,81.79493713,2.630129099,2.64395,9.611,9.757,0.039,9.67,0.003,9.49,0.024,9.499,0.024,9.464,0.023,9.65459,0.000468,9.71225,0.001117,9.57691,0.00243,9.397,0.023,9.42,0.02,9.427,0.039,8.961,,OSFC,10.0,roquette25,7575.11,2.35952,1.76
264743742,3.223849044182908e+18,82.46278381,2.635601044,2.37275,10.8159,11.649,0.157,11.216,0.011,10.316,0.026,10.171,0.024,10.055,0.027,11.1141,0.001269,11.336,0.002325,10.76,0.001054,10.052,0.022,10.062,0.018,9.901,0.046,8.684,,OSFC,10.0,roquette25,7106.0,1.60386,1.58
138979879,3.22369659432034e+18,83.363915,2.641712488,2.82366,13.3854,17.391,0.165,14.738,0.114,12.172,0.026,11.534,0.024,11.341,0.028,14.1939,0.001451,14.9927,0.006764,13.3239,0.003287,11.156,0.022,11.165,0.021,10.787,0.11,8.644,,OSFC,10.0,roquette25,4160.0,1.09843,0.65
138979892,3.2237208136400067e+18,83.36430359,2.651584148,2.7809,9.0745,9.034,0.0,9.05,0.03,9.072,0.024,9.075,0.023,9.038,0.022,9.03855,0.000677,9.05189,0.00145,9.04472,0.00152,9.017,0.022,9.039,0.02,8.675,0.026,7.318,0.132,OSFC,10.0,roquette25,10406.0,1.90341,2.68
138936491,3.223888596538492e+18,83.0565567,2.711320877,2.58951,9.8668,10.044,0.06,9.922,0.005,9.674,0.024,9.663,0.022,9.639,0.022,9.94088,0.000741,10.0215,0.00205,9.82971,0.001702,9.596,0.023,9.624,0.021,9.177,0.032,7.488,0.162,OSFC,10.0,roquette25,9009.0,1.68003,2.27
138856399,3.2238983203443277e+18,82.78601074,2.737061024,2.8897,10.3333,11.239,0.116,10.783,0.008,9.835,0.021,9.656,0.018,9.566,0.022,10.6936,0.000315,10.9706,0.000962,10.2838,0.000948,9.504,0.023,9.53,0.021,9.522,0.038,8.751,0.473,OSFC,10.0,roquette25,6557.0,1.812,1.36
264462787,3.2358619689269693e+18,81.31147003,2.753673077,2.81972,8.9082,8.814,0.029,8.818,0.003,8.877,0.021,8.977,0.022,8.94,0.023,8.84819,0.000546,8.84312,0.002719,8.87426,0.001511,8.899,0.022,8.926,0.02,8.751,0.028,7.591,0.167,OSFC,10.0,roquette25,11043.0,1.91787,2.88
138856364,3.223899449921318e+18,82.75475311,2.785965919,2.86766,12.4707,14.771,0.109,13.414,0.092,11.241,0.02,10.678,0.018,10.586,0.025,13.1711,0.002931,13.8049,0.012565,12.4099,0.008671,10.515,0.023,10.492,0.021,10.656,0.1,8.278,,OSFC,10.0,roquette25,4403.24,1.50426,
264630673,3.2238697674012887e+18,82.18695068,2.82794404,2.81268,13.6577,16.687,0.168,15.181,0.137,12.296,0.028,11.588,0.024,11.395,0.024,14.5614,0.00341,15.5141,0.015628,13.5959,0.009817,11.31,0.024,11.252,0.022,11.154,0.136,8.354,,OSFC,10.0,roquette25,3904.88,1.16596,0.61
138899398,3.223905089212728e+18,82.92176819,2.832803965,2.66597,7.663,,,7.55,0.03,7.741,0.018,7.818,0.024,7.813,0.021,7.51399,0.000602,7.47084,0.002165,7.62369,0.002266,7.786,0.026,7.856,0.021,7.889,0.018,8.066,0.252,OSFC,10.0,roquette25,,,
264459296,3.23591329808131e+18,81.20655823,2.841222048,2.90525,12.5842,14.924,0.066,13.58,0.114,11.578,0.024,11.023,0.027,10.881,0.019,13.2686,0.002665,13.8922,0.010432,12.527,0.008393,10.788,0.023,10.802,0.02,10.779,0.105,8.999,,OSFC,10.0,roquette25,4507.03,1.27538,0.71
464838728,3.235874505940481e+18,82.07094574,2.848326921,7.78302,11.9068,13.693,0.036,12.742,0.08,11.041,0.023,10.528,0.022,10.467,0.024,12.5033,0.000251,13.0174,0.002189,11.8515,0.001402,,,,,,,,,OSFC,10.0,roquette25,4688.09,0.60907,0.748
264483228,3.235915913716184e+18,81.37968445,2.88339901,2.77265,10.0242,10.361,0.06,10.123,0.005,9.713,0.029,9.647,0.026,9.547,0.024,10.1597,0.000876,10.2722,0.001372,9.98554,0.00135,9.502,0.023,9.517,0.021,9.456,0.036,8.834,0.533,OSFC,10.0,roquette25,7484.72,1.82966,1.72
138940926,3.223940372368397e+18,83.28716278,3.13105011,2.73239,7.69611,7.442,0.0,7.58,0.03,7.78,0.02,7.858,0.026,7.839,0.029,7.55721,0.000779,7.52363,0.002183,7.66614,0.003875,7.861,0.026,7.916,0.019,7.942,0.02,8.105,0.274,OSFC,10.0,roquette25,,,
264683046,3.235980814965558e+18,82.32900238,3.155303001,2.82344,12.2305,14.48,0.014,13.257,0.103,11.205,0.027,10.63,0.024,10.504,0.024,12.9092,0.001665,13.5208,0.006314,12.1729,0.00393,10.455,0.022,10.435,0.021,10.437,0.073,8.634,,OSFC,10.0,roquette25,4428.41,1.6658,
264487158,3.235955427415226e+18,81.60936737,3.24524498,2.93595,11.6873,13.57,0.109,12.62,0.103,10.783,0.024,10.327,0.024,10.174,0.021,12.2965,0.004145,12.825,0.013674,11.631,0.011308,10.079,0.024,10.092,0.021,9.822,0.055,8.464,,OSFC,10.0,roquette25,4583.41,1.87697,
264683216,3.2360047336387343e+18,82.24877167,3.363519907,2.80859,10.0246,10.59,0.071,10.363,0.006,9.701,0.024,9.621,0.024,9.544,0.021,10.2349,0.000764,10.4041,0.001181,9.98547,0.002217,9.512,0.023,9.519,0.021,9.04,0.03,6.62,0.069,OSFC,10.0,roquette25,7115.62,1.98178,1.58
264589150,3.2361916119615217e+18,80.57667542,3.423645973,,10.1867,11.2,0.114,10.596,0.008,9.632,0.026,9.421,0.024,9.346,0.023,10.5785,0.000528,10.8755,0.000513,10.1319,0.001087,9.271,0.023,9.309,0.02,9.278,0.036,8.577,,OSFC,10.0,roquette25,6314.09,,
138829186,3.2360173050077215e+18,82.57531738,3.432049036,2.78757,11.7958,13.684,0.063,12.552,0.092,10.8,0.021,10.311,0.023,10.19,0.023,12.4142,0.001983,12.9537,0.007431,11.741,0.005287,10.169,0.023,10.172,0.02,10.17,0.076,8.204,,OSFC,10.0,roquette25,4538.03,1.957,
464838286,3.2360504320918467e+18,82.06594849,3.446791887,2.99987,11.0434,12.851,0.071,11.863,0.057,10.163,0.022,9.699,0.025,9.57,0.023,11.6414,0.00175,12.1535,0.006292,10.9889,0.004953,9.431,0.022,9.434,0.021,9.335,0.035,8.336,,OSFC,10.0,roquette25,5325.15,1.76329,0.92
264540201,3.2359725729244943e+18,81.65314484,3.489538908,2.6783,12.869,15.457,0.115,14.172,0.069,11.649,0.024,11.0,0.023,10.868,0.024,13.666,0.003323,14.4428,0.014361,12.8118,0.007814,10.759,0.023,10.743,0.021,10.687,0.097,8.699,,OSFC,10.0,roquette25,4264.17,1.40547,0.67
264630134,3.236057269679763e+18,82.12362671,3.527109861,2.78451,9.7957,10.08,0.051,9.947,0.004,9.613,0.024,9.616,0.024,9.575,0.023,9.86652,0.000531,9.94027,0.001069,9.75639,0.000925,9.547,0.024,9.558,0.02,9.38,0.036,8.316,0.448,OSFC,10.0,roquette25,8959.0,1.60855,2.26
464838231,3.236060774373087e+18,82.02885437,3.535755873,2.8889,7.6791,7.461,0.023,7.558,0.003,7.765,0.023,7.826,0.029,7.857,0.021,7.54441,0.000543,7.50975,0.001832,7.64815,0.001859,7.877,0.025,7.912,0.021,7.605,0.018,6.588,0.084,OSFC,10.0,roquette25,,,
264739154,3.236034660971883e+18,82.35865021,3.554463148,2.87267,11.2396,13.092,0.417,12.248,0.031,10.503,0.027,10.09,0.023,9.994,0.024,11.7515,0.001998,12.165,0.007454,11.1804,0.00478,9.941,0.024,9.965,0.02,9.906,0.059,8.248,,OSFC,10.0,roquette25,5226.77,1.77121,0.89
264744482,3.2360331835032806e+18,82.49371338,3.561965942,2.74464,9.0394,8.982,0.032,8.98,0.003,8.971,0.018,9.051,0.024,9.027,0.019,8.98837,0.000513,8.99409,0.001959,9.004,0.001853,9.014,0.023,9.039,0.019,8.622,0.025,6.734,0.078,OSFC,10.0,roquette25,11336.0,1.85341,2.98
264683456,3.236083864117227e+18,82.24386597,3.647017002,2.64574,9.013,8.951,0.029,8.964,0.003,8.893,0.029,8.886,0.051,8.879,0.023,8.96328,0.000658,8.96856,0.001838,8.97954,0.00293,8.86,0.023,8.893,0.02,8.779,0.026,9.085,0.523,OSFC,10.0,roquette25,7527.38,3.28575,1.74
264630012,3.236063866749507e+18,82.12639618,3.674491882,2.6288,8.8996,8.835,0.028,8.835,0.003,8.838,0.027,8.838,0.036,8.891,0.021,8.83939,0.000417,8.8375,0.001254,8.86437,0.001814,8.871,0.023,8.91,0.02,8.611,0.024,6.89,0.088,OSFC,10.0,roquette25,7520.8,3.50842,1.74
457251138,3.236075819643268e+18,81.88757324,3.696873903,2.822,13.4166,16.489,0.064,15.0,0.114,12.169,0.022,11.482,0.024,11.334,0.023,14.2793,0.001584,15.1691,0.006349,13.3575,0.004015,11.184,0.023,11.155,0.022,11.108,0.141,8.509,,OSFC,10.0,roquette25,4007.0,1.1953,0.63
264739038,3.236085341585957e+18,82.35350037,3.725142956,2.71245,9.6981,9.828,0.041,9.728,0.004,9.57,0.03,9.543,0.024,9.543,0.021,9.73905,0.000497,9.79557,0.001231,9.6642,0.002153,9.485,0.024,9.521,0.019,9.197,0.033,6.785,0.089,OSFC,10.0,roquette25,9202.0,1.65128,2.33
138829403,3.2360422888339133e+18,82.63343048,3.728812933,2.31048,9.7507,10.078,0.054,9.906,0.004,9.473,0.021,9.445,0.025,9.382,0.022,9.87831,0.000874,9.99255,0.004151,9.7129,0.00229,9.32,0.022,9.349,0.021,9.306,0.035,8.304,0.348,OSFC,10.0,roquette25,8388.0,2.14453,2.08
264744610,3.23604397246094e+18,82.55389404,3.746530056,2.21262,9.7485,9.838,0.046,9.774,0.004,9.594,0.023,9.553,0.023,9.537,0.023,9.76297,0.000393,9.8011,0.001328,9.70783,0.001565,9.502,0.022,9.515,0.02,9.461,0.041,8.16,,OSFC,10.0,roquette25,9787.0,1.89064,2.5
138829413,3.236042426272864e+18,82.64466858,3.746963024,2.70674,9.1824,9.177,0.034,9.113,0.003,9.1,0.021,9.114,0.023,9.075,0.021,9.16162,0.000608,9.18529,0.002104,9.14677,0.001785,9.048,0.023,9.085,0.021,9.06,0.03,8.668,0.434,OSFC,10.0,roquette25,10460.0,1.90029,2.7
457229373,3.2362696085667676e+18,81.82366943,3.82585907,2.9369,8.6953,8.629,0.03,8.686,0.003,8.671,0.019,8.68,0.047,8.774,0.029,8.6309,0.00063,8.627,0.001982,8.66573,0.001705,8.671,0.024,8.693,0.02,8.747,0.027,8.527,0.432,OSFC,10.0,roquette25,11124.0,2.01059,2.91
264536972,3.2362671733224274e+18,81.54447937,3.850905895,2.8728,10.2311,11.479,0.152,10.683,0.011,9.667,0.024,9.43,0.024,9.316,0.021,10.6444,0.001522,10.9656,0.006092,10.1795,0.003631,9.245,0.023,9.276,0.02,9.208,0.037,8.621,0.452,OSFC,10.0,roquette25,5989.0,2.10435,1.1
264539945,3.236272877038986e+18,81.61524963,3.858850002,2.8106,13.4974,16.654,0.0,15.006,0.103,11.824,0.032,11.103,0.023,10.925,0.023,14.4324,0.002691,15.4285,0.010674,13.4144,0.012409,10.891,0.023,10.809,0.022,10.582,0.082,9.057,,OSFC,10.0,roquette25,3822.49,1.3077,0.59
264683627,3.236103139930424e+18,82.25852966,3.886292934,2.6879,9.8382,10.243,0.053,10.063,0.004,9.562,0.024,9.497,0.026,9.418,0.021,9.96965,0.000605,10.0799,0.001018,9.80042,0.00145,9.381,0.023,9.374,0.021,9.292,0.034,8.518,,OSFC,10.0,roquette25,8170.0,1.77477,2.0
464837935,3.236107915933972e+18,82.05040741,3.924433947,3.24465,9.95467,10.75,0.072,10.334,0.005,9.551,0.022,9.377,0.022,9.335,0.021,10.2581,0.000603,10.4891,0.001452,9.90733,0.000973,9.259,0.023,9.28,0.019,9.227,0.034,8.123,0.254,OSFC,10.0,roquette25,6741.55,1.86047,1.439
457251338,3.23629462675333e+18,81.9232254,3.961972952,2.76337,10.0079,10.34,0.062,10.139,0.005,9.776,0.024,9.741,0.024,9.717,0.021,10.1296,0.000508,10.2335,0.000794,9.96497,0.000985,9.651,0.024,9.676,0.02,9.353,0.036,7.655,0.17,OSFC,10.0,roquette25,8412.0,1.58179,2.08
264537066,3.2362867927313234e+18,81.57933044,3.991703033,,10.4806,11.576,0.049,10.862,0.023,10.025,0.024,9.832,0.026,9.757,0.023,10.8531,0.000974,11.1318,0.002751,10.4259,0.002104,9.682,0.024,9.692,0.021,9.695,0.042,8.901,0.46,OSFC,10.0,roquette25,6216.89,,
264686854,3.2361128637363543e+18,82.35559082,4.033932209,,13.0876,,,14.916,0.137,11.538,0.026,10.901,0.023,10.682,0.019,14.0251,0.001842,15.0513,0.006951,13.0013,0.004025,10.491,0.024,10.434,0.021,10.385,0.079,8.753,,OSFC,10.0,roquette25,,,
138829645,3.236476321048741e+18,82.60075378,4.052076817,3.19256,10.8668,11.922,0.189,11.455,0.013,10.308,0.021,10.059,0.021,9.97,0.021,11.2423,0.000439,11.5249,0.001589,10.8113,0.000516,9.907,0.023,9.91,0.019,9.929,0.059,8.187,,OSFC,10.0,roquette25,6317.31,1.32556,1.24
457251500,3.23630235769444e+18,81.88696289,4.150629044,4.59908,13.8563,17.443,0.0,16.226,0.206,12.308,0.024,11.614,0.024,11.421,0.023,15.0453,0.001997,16.3267,0.01424,13.9066,0.008674,11.323,0.023,11.214,0.021,11.131,0.133,8.971,,OSFC,10.0,roquette25,3477.0,0.659032,0.633853
264745056,3.2365022927164155e+18,82.54420471,4.366376877,2.75261,9.9171,10.455,0.058,10.219,0.005,9.618,0.024,9.532,0.024,9.489,0.019,10.1121,0.000598,10.266,0.001897,9.87747,0.001529,9.447,0.023,9.461,0.021,9.315,0.04,7.943,0.203,OSFC,10.0,roquette25,7676.0,1.8098,1.8
264588484,3.2343662207963377e+18,80.53739929199219,2.334199905395508,2.82786,13.0461,15.291,0.034,14.273,0.069,11.949,0.027,11.347,0.026,11.194,0.024,13.7867,0.001608,14.4882,0.006247,12.9868,0.004821,11.089,0.023,11.103,0.021,10.901,0.112,8.861,0.502,OSFC,10.0,roquette25,4390.0,1.10603,0.69
264740133,3.223786921777333e+18,82.41880035,2.299999952316284,2.54844,13.5419,16.042,0.061,14.631,0.149,12.448,0.026,11.79,0.023,11.679,0.021,14.2869,0.00209,14.9879,0.007347,13.4825,0.005745,11.609,0.024,11.622,0.021,11.661,0.287,8.831,,OSFC,10.0,roquette25,4426.0,0.97748,0.69
264683088,3.2359844613943153e+18,82.33039855957031,3.2174999713897705,2.47975,13.3399,15.463,0.058,14.401,0.16,12.226,0.027,11.698,0.023,11.544,0.021,14.0373,0.002238,14.6741,0.007928,13.2832,0.006751,11.508,0.024,11.513,0.024,11.353,0.173,8.542,,OSFC,10.0,roquette25,4686.97,0.959959,0.75
264630484,3.2358846807140475e+18,82.18229675292969,3.055299997329712,2.56389,13.2074,15.146,0.169,14.153,0.069,12.195,0.024,11.689,0.024,11.576,0.023,13.8736,0.002093,14.4648,0.009271,13.154,0.006223,11.479,0.024,11.506,0.021,11.565,0.196,8.946,,OSFC,10.0,roquette25,4852.0,0.962794,0.79
264486363,3.2223107930558797e+18,81.52030181884766,2.074500084,2.62099,12.498,14.253,0.101,13.151,0.092,11.664,0.024,11.229,0.023,11.135,0.023,13.053,0.001535,13.5152,0.002895,12.4385,0.004329,11.111,0.023,11.153,0.021,11.126,0.13,8.684,,OSFC,10.0,roquette25,5174.0,1.06937,0.88
464839300,3.2237510201457797e+18,82.09169769,2.011699914932251,2.73302,11.1651,12.197,0.299,11.97,0.023,10.626,0.023,10.392,0.023,10.325,0.019,11.5135,0.000414,11.7708,0.00184,11.109,0.001146,10.258,0.023,10.261,0.02,10.255,0.059,8.166,,OSFC,10.0,roquette25,6250.1,1.3804,1.213
138828771,3.2239510281827164e+18,82.62210083007812,2.881700038909912,2.92586,12.2764,14.465,0.036,13.291,0.092,11.185,0.022,10.583,0.023,10.442,0.022,12.9897,0.001626,13.646,0.005779,12.2191,0.004294,10.332,0.023,10.33,0.021,10.294,0.07,8.367,,OSFC,10.0,roquette25,4553.0,1.44267,0.72
264683099,3.2359854234669937e+18,82.27149963378906,3.234600067138672,2.96599,11.9136,13.697,0.056,12.634,0.057,11.078,0.024,10.655,0.024,10.538,0.023,12.4618,0.004241,12.9159,0.015072,11.8561,0.011651,10.501,0.023,10.492,0.021,10.345,0.072,8.728,0.421,OSFC,10.0,roquette25,5301.0,1.21018,0.91
264537226,3.236364617540215e+18,81.56045751,4.243296372,2.76057,13.2723,15.896,0.107,14.701,0.126,11.878,0.038,11.253,0.036,11.052,0.033,14.123,0.004676,14.9798,0.016212,13.199,0.012203,10.756,0.023,10.67,0.02,10.492,0.084,8.631,,OSFC,10.0,roquette25,4026.0,1.28725,0.63
264630654,3.2238709356323896e+18,82.19490051269531,2.852099895477295,2.83972,12.5649,15.053,0.014,13.898,0.114,11.264,0.026,10.637,0.026,10.453,0.019,13.3614,0.001329,14.1334,0.005427,12.5,0.005042,10.376,0.024,10.344,0.021,10.3,0.066,8.871,,OSFC,10.0,roquette25,4240.0,1.53296,
138899365,3.2239047456153687e+18,82.85980224609375,2.798599958,2.97732,12.5423,14.773,0.011,13.547,0.08,11.358,0.024,10.775,0.023,10.657,0.022,13.2511,0.00335,13.8897,0.015086,12.4748,0.00964,10.585,0.023,10.606,0.019,10.567,0.08,8.213,,OSFC,10.0,roquette25,4585.0,1.24199,0.72
138936448,3.223887389652768e+18,83.10359954833984,2.652600049972534,2.80279,11.0898,12.443,0.049,11.736,0.046,10.412,0.024,10.068,0.023,9.954,0.02,11.5778,0.001678,11.9716,0.006102,11.0371,0.003982,9.906,0.023,9.947,0.02,9.853,0.046,8.212,,OSFC,10.0,roquette25,5652.57,1.74243,1.003
138899047,3.2235913504417347e+18,82.90229797363281,2.2957000732421875,2.78225,13.3238,16.074,0.078,14.839,0.08,12.057,0.026,11.388,0.024,11.221,0.027,14.1672,0.001172,15.0174,0.005458,13.2603,0.003341,11.074,0.022,11.076,0.02,11.184,0.208,8.569,,OSFC,10.0,roquette25,4059.0,1.23261,0.64
138979939,3.223909143662007e+18,83.30310059,2.725500106811523,2.85662,12.6485,14.802,0.126,13.611,0.08,11.518,0.025,10.946,0.024,10.818,0.022,13.3596,0.002407,14.0152,0.0095,12.5901,0.006156,10.721,0.022,10.749,0.021,10.677,0.096,9.076,,OSFC,10.0,roquette25,4530.0,1.24348,0.713
220045483,3.2237036037069594e+18,83.51699829101562,2.540499925613404,2.32034,12.7958,14.565,0.029,13.725,0.092,11.92,0.024,11.462,0.023,11.352,0.021,13.3905,0.002566,13.8995,0.010704,12.7421,0.007798,11.268,0.022,11.291,0.022,11.097,0.146,9.028,0.51,OSFC,10.0,roquette25,5347.26,1.00726,0.92
345772521,3.24104888067151e+18,80.80994945,6.731314754,8.57307,13.303,,,,,11.645,0.022,11.012,0.03,10.755,0.021,14.6067,0.001218,16.1908,0.007871,13.3838,0.003003,10.655,0.024,10.472,0.02,10.462,0.126,9.008,,OSFC,10.0,roquette25,3276.0,0.535857,0.532357
264462369,3.2223159169532943e+18,81.314194,2.15088,5.98795,13.4082,16.631,0.062,15.552,0.217,11.819,0.03,11.109,0.029,10.884,0.023,14.669,0.002854,16.0928,0.010552,13.4742,0.006327,9.943,0.021,9.788,0.02,9.75,0.054,8.14,,OSFC,10.0,roquette25,3370.0,0.652767,0.629197
449260853,3.237508762467678e+18,79.93333213,5.583759282,10.7721,12.5426,16.619,0.08,15.357,0.08,10.897,0.023,10.281,0.022,9.997,0.021,13.8329,0.001452,15.39,0.007234,12.6209,0.004758,9.885,0.023,9.701,0.02,9.568,0.041,8.627,,OSFC,10.0,roquette25,3294.0,0.581736,0.572925
138901588,3.237712515716136e+18,82.88712437,5.94978379,10.0198,13.1292,,,,,11.384,0.026,10.79,0.022,10.532,0.022,14.4646,0.001485,16.1253,0.006609,13.2179,0.003652,10.422,0.024,10.223,0.021,10.099,0.072,8.636,,OSFC,10.0,roquette25,3227.0,0.516666,0.514283
345773622,3.238048652740273e+18,81.12545356,6.676238581,9.84312,13.972,19.056,0.163,,,11.975,0.024,11.42,0.03,11.133,0.022,15.4954,0.001608,17.6473,0.018024,14.1094,0.003761,10.933,0.023,10.684,0.02,10.157,0.072,8.39,0.324,OSFC,10.0,roquette25,2951.0,0.428759,0.423527
365637508,3.2379737528067994e+18,81.38562061,6.425895117,10.0012,12.1685,16.107,0.034,14.507,0.034,10.66,0.023,10.021,0.031,9.779,0.019,13.3619,0.004153,14.6836,0.020642,12.2229,0.011126,9.669,0.023,9.53,0.019,9.355,0.045,8.56,,OSFC,10.0,roquette25,3454.0,0.651759,0.628444
311268329,3.2410628607892767e+18,80.68996681,6.81374857,3.50071,15.8184,20.472,0.162,,,14.035,0.023,13.389,0.031,13.156,0.036,17.2067,0.001684,18.9645,0.028682,15.9165,0.004939,12.987,0.025,12.751,0.027,12.086,0.467,8.354,,OSFC,10.0,roquette25,3160.0,0.461082,0.458312
269118314,3.2342958176925676e+18,80.91448377,2.033373103,3.20677,14.7276,19.267,0.163,,,13.008,0.029,12.37,0.03,12.144,0.024,16.0334,0.00133,17.6049,0.012311,14.8068,0.003217,12.046,0.024,11.869,0.023,11.535,0.259,8.338,,OSFC,10.0,roquette25,3280.0,0.670094,0.641982
264593127,3.234415045984755e+18,80.69961805,2.692059234,3.14858,13.1156,15.757,0.032,14.389,0.183,11.99,0.027,11.349,0.024,11.193,0.019,13.9078,0.000356,14.6834,0.003232,13.0598,0.001427,11.12,0.023,11.165,0.021,11.199,0.172,8.897,,OSFC,10.0,roquette25,4376.28,0.971986,0.68
264459566,3.2343381789537367e+18,81.24230505,2.410937628,3.09655,16.606,,,,,14.703,0.043,14.099,0.045,13.793,0.054,18.0791,0.002232,20.1043,0.048725,16.7292,0.006562,13.709,0.027,13.485,0.034,11.774,,8.72,,OSFC,10.0,roquette25,3014.0,0.407357,0.399761
264459471,3.2343564282709504e+18,81.22695742,2.560719037,3.37994,14.8734,19.771,0.162,,,13.047,0.027,12.402,0.032,12.173,0.026,16.3089,0.001784,18.1535,0.008934,14.9817,0.003501,12.001,0.023,11.766,0.021,11.459,0.207,8.408,,OSFC,10.0,roquette25,3103.0,0.643007,0.621859
449201500,3.2344719800715177e+18,79.78438652,2.299564923,3.10494,13.6805,16.555,0.008,15.48,0.029,12.019,0.027,11.312,0.027,11.042,0.019,14.7474,0.001479,16.0328,0.008393,13.6156,0.00388,10.943,0.023,10.803,0.022,10.681,0.122,8.779,,OSFC,10.0,roquette25,3621.0,1.23795,0.52
264487143,3.2359495175402317e+18,81.59813321,3.222483304,3.03424,13.9143,17.218,-0.118,15.912,0.023,12.304,0.022,11.634,0.022,11.428,0.019,14.9034,0.005822,16.0135,0.026104,13.8429,0.014743,11.322,0.022,11.209,0.021,10.968,0.115,8.385,,OSFC,10.0,roquette25,3779.0,1.02216,0.57
457229794,3.235951746628034e+18,81.77844748,3.232975375,3.20846,14.4554,19.073,0.162,,,12.506,0.026,11.865,0.025,11.62,0.021,15.68,0.001678,17.3859,0.01376,14.4023,0.003911,11.459,0.024,11.259,0.021,11.105,0.138,8.45,,OSFC,10.0,roquette25,3253.0,,
264739212,3.236031048908635e+18,82.40218372,3.499165742,2.90386,12.7306,14.758,0.105,13.753,0.08,11.565,0.027,10.947,0.027,10.842,0.025,13.4598,0.002762,14.1448,0.011255,12.675,0.00813,10.83,0.032,10.847,0.03,10.722,0.104,8.038,,OSFC,10.0,roquette25,4458.0,1.21715,0.7
464838291,3.236050432090786e+18,82.06984978,3.440723252,3.20893,14.0681,17.601,0.164,16.411,0.195,12.29,0.024,11.603,0.027,11.37,0.024,15.1483,0.003702,16.3992,0.022974,13.9559,0.016328,11.139,0.022,10.948,0.021,10.187,0.064,6.866,0.088,OSFC,10.0,roquette25,3622.0,1.0203,0.518
457229821,3.2359513386063447e+18,81.77979841,3.195695214,3.09477,14.6389,19.269,0.162,,,12.949,0.024,12.316,0.022,12.052,0.026,15.9399,0.002629,17.4903,0.019198,14.7163,0.005994,11.913,0.023,11.729,0.022,11.709,0.304,8.752,,OSFC,10.0,roquette25,3292.0,0.703434,0.665926
264630114,3.2360580900185134e+18,82.10228505,3.549024107,3.10943,15.3352,19.656,0.163,,,13.661,0.029,13.022,0.036,12.82,0.033,16.6213,0.00167,18.1859,0.023245,15.4121,0.005808,12.69,0.025,12.504,0.026,11.846,,8.879,,OSFC,10.0,roquette25,3292.0,0.557784,0.552203
264487339,3.23597538612818e+18,81.56663544,3.495649299,3.08041,15.8277,20.573,0.163,,,14.036,0.03,13.457,0.032,13.107,0.024,17.2128,0.001428,18.9811,0.029532,15.9263,0.005823,13.033,0.025,12.801,0.026,12.239,,8.631,,OSFC,10.0,roquette25,3157.0,0.513167,0.510917
464838193,3.236061976963928e+18,81.97859581,3.588430074,3.35791,13.0148,14.301,0.095,14.773,0.081,11.679,0.07,10.989,0.084,10.797,0.062,13.9096,0.002021,14.8473,0.007037,12.9486,0.006176,10.721,0.034,10.642,0.034,10.631,0.111,8.391,,OSFC,10.0,roquette25,3969.0,1.23516,0.62
269200030,3.23617192383044e+18,81.0117899,3.513816909,3.21335,15.3035,20.073,0.162,,,13.538,0.027,12.907,0.024,12.655,0.026,16.6754,0.001274,18.3729,0.011527,15.3963,0.003297,12.487,0.023,12.305,0.024,11.839,0.258,8.753,,OSFC,10.0,roquette25,3194.0,0.57529,0.567444
264686903,3.23611124453436e+18,82.35957156,3.975660303,3.09114,15.497,20.068,0.165,,,13.782,0.038,13.139,0.029,12.954,0.023,16.816,0.002151,18.3996,0.02595,15.5776,0.005409,12.755,0.024,12.544,0.026,11.912,0.385,8.535,,OSFC,10.0,roquette25,3268.0,0.53749,0.533864
457251347,3.2362952409318216e+18,81.86462208,3.969659212,3.0082,16.1295,20.463,0.165,,,14.317,0.039,13.663,0.046,13.424,0.045,17.5644,0.001707,19.4699,0.044658,16.2414,0.005207,13.244,0.025,13.056,0.03,11.675,0.209,9.001,,OSFC,10.0,roquette25,3077.0,0.470688,0.468353
220052216,3.2236265691738117e+18,83.61501658,2.318472905,3.10736,14.0225,18.571,0.162,15.995,0.755,12.16,0.028,11.458,0.023,11.234,0.024,15.1946,0.001211,16.7583,0.009042,13.9662,0.004066,11.099,0.023,10.931,0.02,10.643,0.099,8.849,,OSFC,10.0,roquette25,3364.0,1.28778,
138941632,3.223663746410594e+18,83.27614352,2.150623216,3.07946,15.4509,19.868,0.163,,,13.58,0.03,12.958,0.026,12.682,0.033,16.9025,0.001621,18.8981,0.022916,15.571,0.004137,12.524,0.024,12.326,0.024,11.911,0.268,8.693,,OSFC,10.0,roquette25,3034.0,0.586154,0.576642
264686693,3.236493707076097e+18,82.34715094,4.225160337,3.02259,13.3069,16.445,0.217,14.977,0.069,11.84,0.027,11.179,0.026,10.907,0.021,14.2377,0.002071,15.2401,0.009136,13.2411,0.005473,10.797,0.024,10.728,0.02,10.593,0.105,8.449,,OSFC,10.0,roquette25,3913.0,1.23951,0.61
264682733,3.2238654037145134e+18,82.31044657,2.738802752,3.0577,15.3691,19.869,0.163,,,13.569,0.029,12.998,0.026,12.697,0.021,16.7008,0.004784,18.3542,0.023984,15.4558,0.013708,12.584,0.024,12.395,0.025,12.02,,8.349,,OSFC,10.0,roquette25,3231.0,0.585788,0.576336
264682639,3.223846334059739e+18,82.26136798,2.609553279,3.1182,15.6548,20.066,0.162,,,13.861,0.026,13.308,0.025,13.022,0.027,17.041,0.001438,18.8056,0.016501,15.7534,0.0046,12.924,0.024,12.73,0.027,12.416,,8.908,,OSFC,10.0,roquette25,3158.0,0.522552,0.519896
138904361,3.223779779246808e+18,82.95170411,2.383788283,3.00826,15.3064,19.658,0.164,,,13.627,0.031,12.999,0.028,12.82,0.033,16.6096,0.001324,18.1783,0.015237,15.3849,0.003751,12.66,0.024,12.497,0.025,12.187,,8.948,,OSFC,10.0,roquette25,3282.0,0.570367,0.563211
138856450,3.223896464918477e+18,82.73310724,2.679088043,3.0192,15.5995,19.964,0.163,,,13.793,0.03,13.164,0.032,12.956,0.036,16.9659,0.001504,18.7381,0.024716,15.6972,0.00372,12.791,0.024,12.587,0.025,12.421,0.442,8.93,,OSFC,10.0,roquette25,3164.0,0.545586,0.541267
138936598,3.2239040584205245e+18,83.09091798,2.868806103,3.00456,14.7329,18.503,0.165,17.1117,0.048,13.17,0.031,12.566,0.025,12.261,0.032,15.9578,0.001838,17.3338,0.014966,14.7921,0.005311,12.097,0.023,11.976,0.022,11.957,0.29,8.87,,OSFC,10.0,roquette25,3410.0,0.674293,0.64504
138856392,3.2238990418988365e+18,82.74851392,2.752762301,3.31416,14.5259,19.073,0.162,,,12.493,0.024,11.817,0.022,11.557,0.026,15.7648,0.005531,17.4934,0.032931,14.4655,0.015254,11.451,0.024,11.256,0.022,11.127,0.131,8.947,,OSFC,10.0,roquette25,3235.0,,
138899431,3.2239077349125693e+18,82.91607827,2.883719804,3.09369,15.4459,20.372,0.163,,,13.678,0.03,13.052,0.031,12.798,0.036,16.8062,0.001443,18.5596,0.025359,15.5418,0.00382,12.691,0.024,12.513,0.026,12.098,0.351,8.868,,OSFC,10.0,roquette25,3175.0,0.563695,0.557408
457250009,3.2238051023737856e+18,81.9437607,2.195766108,3.05622,15.0512,19.243,0.163,17.5207,0.0476,13.455,0.024,12.754,0.022,12.554,0.023,16.2974,0.001189,17.735,0.01357,15.1163,0.003812,12.467,0.024,12.312,0.024,12.299,0.345,8.498,,OSFC,10.0,roquette25,3369.0,0.611868,0.597665
464839061,3.2238170209071524e+18,82.05493053,2.361601919,3.01832,14.6402,19.054,0.163,17.015,0.0476,13.088,0.026,12.362,0.022,12.26,0.024,15.861,0.002316,17.2413,0.011843,14.6995,0.007593,12.051,0.023,11.902,0.022,12.359,0.441,9.222,,OSFC,10.0,roquette25,3410.0,0.672467,0.643712
138856096,3.223996997216646e+18,82.80421376,3.16458726,3.21738,15.5556,20.372,0.164,,,13.714,0.035,13.13,0.04,12.904,0.036,17.0397,0.002121,19.1032,0.038597,15.6829,0.006917,12.557,0.024,12.338,0.024,11.945,0.383,8.66,,OSFC,10.0,roquette25,2996.0,0.53179,0.528581
264744004,3.223963427751857e+18,82.46907285,2.946703225,0.997352,14.0548,15.291,0.045,14.614,0.103,13.36,0.03,13.041,0.032,13.034,0.033,14.5076,0.000411,14.8558,0.001588,13.9904,0.001639,,,,,,,,,OSFC,10.0,roquette25,6159.0,1.07251,1.17
220067202,3.224104788012192e+18,83.95436109,2.959987135,3.04573,15.9647,20.263,0.162,,,14.122,0.023,13.537,0.027,13.231,0.033,17.3861,0.001419,19.2712,0.023041,16.0743,0.005099,13.117,0.026,12.902,0.028,12.035,,8.775,,OSFC,10.0,roquette25,3092.0,0.497846,0.495923
264481938,3.237153654571796e+18,81.38460907,4.805877487,3.05806,14.1469,17.788,0.165,15.948,0.847,12.598,0.027,11.814,0.022,11.611,0.024,15.1695,0.002838,16.343,0.017865,14.0796,0.006448,11.471,0.024,11.403,0.022,10.882,0.11,8.871,,OSFC,10.0,roquette25,3728.0,0.955066,0.56
449260621,3.2372890663004826e+18,79.91279016,4.702151345,3.79123,13.0721,15.825,0.149,14.501,0.137,11.851,0.022,11.196,0.023,11.006,0.021,13.908,0.002651,14.7525,0.010674,13.0126,0.007897,10.873,0.023,10.873,0.02,10.868,0.116,8.603,,OSFC,10.0,roquette25,4069.0,1.00606,0.637
449307731,3.237507869114481e+18,79.95673358,5.557612122,3.55168,14.4257,18.537,0.163,16.922,0.172,12.827,0.024,12.161,0.023,11.917,0.026,15.6415,0.003755,16.986,0.026739,14.4822,0.01048,11.794,0.023,11.653,0.02,11.533,0.223,8.863,,OSFC,10.0,roquette25,3430.0,0.671077,0.6427
464836761,3.237590229407541e+18,81.99428033,5.522967435,3.12898,14.6161,18.194,0.167,16.507,0.126,12.947,0.039,12.237,0.044,12.002,0.033,15.678,0.002593,16.9301,0.011181,14.5649,0.005038,11.701,0.023,11.587,0.022,12.042,0.349,9.018,,OSFC,10.0,roquette25,3689.0,0.793609,0.54
264481254,3.2376566081270277e+18,81.39672208,5.775877162,3.24728,11.9352,12.634,0.067,12.836,0.08,10.992,0.026,10.475,0.023,10.32,0.023,12.5815,0.001684,13.149,0.006516,11.8786,0.005097,10.246,0.024,10.277,0.021,10.165,0.063,8.267,,OSFC,10.0,roquette25,5181.76,1.13585,0.88
264626576,3.237811609201881e+18,80.81357422,5.494773518,3.38396,14.8883,19.152,0.164,,,13.216,0.032,12.577,0.029,12.321,0.026,16.1854,0.001332,17.732,0.009648,14.9651,0.003042,12.175,0.024,12.019,0.022,11.292,0.163,9.05,,OSFC,10.0,roquette25,3295.0,0.61448,0.599745
264627483,3.2377457759427886e+18,82.15534378,5.89958582,3.01115,13.7885,16.773,0.121,15.351,0.103,12.49,0.029,11.801,0.032,11.588,0.026,14.6871,0.002335,15.6044,0.008916,13.7424,0.00539,11.447,0.024,11.441,0.023,11.206,0.202,8.512,,OSFC,10.0,roquette25,4080.0,0.993532,0.638
345773644,3.2380496878284687e+18,81.0835925,6.713600337,3.41124,14.2371,18.329,0.163,16.47,0.195,12.721,0.024,12.019,0.031,11.802,0.02,15.3516,0.002085,16.5613,0.009484,14.2495,0.00416,11.736,0.023,11.644,0.022,11.426,0.25,8.39,,OSFC,10.0,roquette25,4006.0,0.975258,0.626
672648457,3.2405250321007647e+18,79.96294605,5.875341173,2.66847,13.2298,,,14.6193,0.0463,,,,,,,14.0693,0.001235,14.8808,0.005123,13.1473,0.009212,,,,,,,,,OSFC,10.0,roquette25,4140.0,,
449307789,3.2405250321007647e+18,79.96335682,5.874732532,2.66847,13.2298,15.49,0.038,14.17,0.229,11.673,0.042,11.092,0.061,10.591,0.029,14.0693,0.001235,14.8808,0.005123,13.1473,0.009212,10.355,0.023,10.325,0.02,10.181,0.07,8.815,,OSFC,10.0,roquette25,4140.0,,
443756681,3.240989369604824e+18,80.05791125,6.649745267,0.413522,11.5022,13.664,0.005,12.519,0.046,10.491,0.029,9.912,0.038,9.772,0.03,12.1822,0.00022,12.8036,0.002056,11.4564,0.001594,9.678,0.027,9.786,0.026,9.677,0.063,8.657,,OSFC,10.0,roquette25,4711.0,12.6395,
264459599,3.234343440289882e+18,81.14294776,2.35833266,2.76393,15.1413,,,17.6588,0.0582,13.445,0.035,12.791,0.027,12.525,0.027,16.4433,0.001581,17.8158,0.039136,15.2056,0.003698,12.165,0.024,12.054,0.024,11.723,0.257,8.984,,OSFC,10.0,roquette25,3374.0,0.658027,0.633109
264462511,3.2343341975202365e+18,81.3545396,2.352379245,2.82731,14.7309,18.727,0.163,16.8029,0.0493,13.135,0.024,12.46,0.026,12.212,0.021,15.7839,0.004223,17.0438,0.017937,14.659,0.011371,12.084,0.024,11.989,0.023,12.291,0.394,9.065,,OSFC,10.0,roquette25,3629.0,0.819634,0.521
269118295,3.23429258787716e+18,80.94939234,2.009457348,2.68584,15.3349,19.863,0.163,17.9114,0.0533,13.725,0.03,13.067,0.032,12.811,0.026,16.6199,0.001308,18.0979,0.028597,15.4056,0.004561,12.664,0.025,12.522,0.026,12.35,,8.909,,OSFC,10.0,roquette25,3332.0,0.616264,0.60116
264588413,3.2343611011953316e+18,80.59191955,2.200966493,2.88373,14.4344,18.432,0.164,16.4477,0.051,12.779,0.026,12.105,0.026,11.904,0.024,15.4725,0.005075,16.6944,0.024642,14.3628,0.010541,11.688,0.024,11.544,0.022,11.044,0.155,8.997,0.466,OSFC,10.0,roquette25,3667.0,0.902242,0.54
264588421,3.2343612729940214e+18,80.58640027,2.22480401,2.94948,14.382,18.454,0.163,,,12.495,0.024,11.883,0.023,11.625,0.023,15.5462,0.002514,17.0893,0.016044,14.318,0.006683,11.47,0.023,11.278,0.021,11.138,0.158,8.828,,OSFC,10.0,roquette25,3371.0,1.13313,0.38
264622174,3.234316708413477e+18,80.88089584,2.220212916,2.73814,15.3332,19.871,0.162,,,13.129,0.026,12.42,0.023,12.031,0.024,16.6536,0.001903,18.6776,0.025577,15.255,0.00689,11.675,0.023,11.229,0.02,10.305,0.067,8.861,0.442,OSFC,10.0,roquette25,3042.0,,
459990546,3.234299150587174e+18,81.02079031,2.071864833,2.89126,15.2083,19.872,0.162,,,13.411,0.026,12.802,0.024,12.591,0.034,16.5823,0.001378,18.2568,0.023848,15.2997,0.004508,12.42,0.024,12.211,0.023,11.908,0.324,8.584,,OSFC,10.0,roquette25,3203.0,0.627255,0.609779
269118345,3.234302174244151e+18,81.00303099,2.08434015,2.66903,15.0393,19.561,0.163,17.4406,0.0484,13.473,0.026,12.823,0.026,12.532,0.024,16.2687,0.001848,17.6618,0.016563,15.0999,0.004723,12.456,0.024,12.321,0.023,11.859,,8.97,,OSFC,10.0,roquette25,3399.0,0.671171,0.642768
449367332,3.234269360693716e+18,80.35431471,2.165692207,2.85192,14.8431,18.732,0.163,17.1289,0.0471,13.085,0.023,12.402,0.022,12.151,0.026,15.9509,0.001381,17.3434,0.011541,14.7747,0.003387,12.077,0.023,11.951,0.023,12.166,0.376,8.943,,OSFC,10.0,roquette25,3510.0,0.844423,0.465
264459685,3.2343285281634386e+18,81.19748081,2.242548388,2.73241,14.9577,19.046,0.164,17.3128,0.0507,13.208,0.03,12.557,0.024,12.296,0.023,16.0821,0.002835,17.4874,0.019289,14.8606,0.013071,12.095,0.023,11.914,0.023,11.813,0.256,8.972,0.476,OSFC,10.0,roquette25,3471.0,0.861917,0.44
459990588,3.2342979436997857e+18,81.05305724,2.020212466,2.82323,15.6122,20.167,0.163,,,13.908,0.029,13.253,0.021,13.053,0.034,16.9708,0.002643,18.596,0.02435,15.6986,0.003724,12.88,0.025,12.683,0.026,11.831,,8.309,,OSFC,10.0,roquette25,3232.0,0.553754,0.548619
264459485,3.2343550538814223e+18,81.16459581,2.538325231,2.68888,16.1042,19.925,0.167,,,14.359,0.043,13.844,0.035,13.403,0.044,17.475,0.001484,19.1988,0.041974,16.1984,0.003146,13.475,0.063,13.263,0.06,11.789,,8.986,,OSFC,10.0,roquette25,3183.0,0.512873,0.510633
459990416,3.234329795177447e+18,81.09913321,2.27499545,2.67795,14.4287,18.433,0.163,16.193,0.092,12.772,0.022,12.064,0.026,11.913,0.026,15.4404,0.004835,16.603,0.024319,14.3546,0.012144,11.853,0.023,11.745,0.023,12.043,0.364,8.301,,OSFC,10.0,roquette25,3717.0,0.940379,0.55
459990482,3.2343052666205896e+18,81.03602307,2.168515523,2.64278,15.4995,20.272,0.163,,,13.766,0.029,13.145,0.03,12.888,0.03,16.8957,0.001367,18.6822,0.019812,15.6004,0.00638,12.7,0.024,12.473,0.025,12.227,0.373,8.761,,OSFC,10.0,roquette25,3145.0,0.608549,0.595008
459990380,3.2343427874548654e+18,81.05275318,2.335957686,2.64873,14.0365,,,16.2996,0.0494,12.312,0.026,11.638,0.024,11.456,0.026,15.14,0.003916,16.5244,0.017841,13.9763,0.009345,11.312,0.022,11.16,0.021,10.893,0.107,9.029,,OSFC,10.0,roquette25,3529.0,1.30493,
449426373,3.2343789338995384e+18,80.46773657,2.358403932,2.85179,15.636,19.851,0.163,,,13.931,0.028,13.284,0.027,13.088,0.04,16.9829,0.001509,18.6111,0.025071,15.7218,0.00937,12.927,0.024,12.718,0.026,12.689,0.527,9.001,,OSFC,10.0,roquette25,3236.0,0.543873,0.53971
264593237,3.234399446663288e+18,80.75652833,2.535902449,1.03629,9.7228,11.719,0.144,10.666,0.013,8.772,0.023,8.233,0.038,8.099,0.023,10.3775,0.000326,10.9693,0.000928,9.67701,0.000792,8.04,0.031,8.159,0.029,8.0,0.027,7.614,0.284,OSFC,10.0,roquette25,4781.0,11.5875,
459990319,3.234347971479977e+18,81.01870188,2.431411261,2.80974,15.4676,20.273,0.163,,,13.745,0.03,13.117,0.034,12.875,0.032,16.8144,0.001376,18.4065,0.032003,15.5509,0.004735,12.721,0.024,12.544,0.025,12.006,,9.005,,OSFC,10.0,roquette25,3252.0,0.586619,0.577031
269118551,3.2343457767521126e+18,80.92266495,2.364937825,2.77099,14.7136,19.272,0.162,17.018,1.133,12.772,0.026,12.14,0.027,11.864,0.021,15.9017,0.002299,17.5229,0.013146,14.6535,0.005649,11.736,0.023,11.557,0.022,12.089,0.377,9.057,,OSFC,10.0,roquette25,3303.0,1.09383,0.34
449308601,3.2345750893494973e+18,80.12716578,2.550666587,2.73836,14.7053,18.841,0.163,16.8422,0.048,13.069,0.024,12.327,0.023,12.114,0.026,15.7734,0.001739,17.0833,0.015336,14.6394,0.00557,12.036,0.024,11.909,0.022,12.077,0.347,8.861,,OSFC,10.0,roquette25,3583.0,0.877019,0.5
264486545,3.222324365153595e+18,81.59811987,2.337612954,2.72967,14.8021,18.722,0.164,16.549,1.133,13.185,0.026,12.468,0.032,12.277,0.023,15.8552,0.001566,17.1099,0.012091,14.7347,0.003357,12.176,0.023,12.071,0.022,11.479,0.205,8.976,,OSFC,10.0,roquette25,3644.0,0.822182,0.53
457249923,3.2223021043384074e+18,81.88062198,2.085051213,2.73326,14.7747,19.059,0.163,16.653,1.133,13.006,0.027,12.374,0.025,12.116,0.027,15.8541,0.002844,17.1305,0.019068,14.6723,0.005991,11.982,0.023,11.871,0.021,12.106,0.321,9.011,,OSFC,10.0,roquette25,3595.0,0.864835,0.51
264483805,3.222309216804324e+18,81.38087732,2.010296863,2.6499,15.019,19.566,0.163,17.5604,0.048,13.344,0.029,12.676,0.027,12.51,0.03,16.2883,0.001433,17.7598,0.01455,15.0882,0.003736,12.393,0.026,12.23,0.024,12.155,0.423,8.859,,OSFC,10.0,roquette25,3343.0,0.678436,0.648043
264486407,3.222317218327945e+18,81.55291317,2.147382168,2.96813,15.4243,19.216,0.166,,,13.754,0.034,13.079,0.037,12.87,0.039,16.7517,0.001385,18.3459,0.015995,15.5064,0.002699,12.698,0.024,12.501,0.024,12.446,,8.475,,OSFC,10.0,roquette25,3260.0,0.566609,0.559951
264486497,3.22232344173595e+18,81.56596809,2.26154481,2.93089,15.0009,19.46,0.163,17.5834,0.0498,13.386,0.03,12.778,0.03,12.49,0.027,16.2775,0.002999,17.7805,0.019271,15.0729,0.006804,12.387,0.023,12.223,0.024,12.038,0.329,9.07,,OSFC,10.0,roquette25,3325.0,0.640657,0.620076
464839285,3.222253760186713e+18,81.98004796,2.031409511,2.96326,15.9375,,,,,14.072,0.03,13.453,0.031,13.152,0.034,17.3674,0.001927,19.2088,0.039108,16.0446,0.005869,12.992,0.025,12.751,0.026,12.407,,8.705,,OSFC,10.0,roquette25,3106.0,0.520235,0.517694
457230604,3.222302791533192e+18,81.74780596,2.088465109,2.88204,14.2516,,,16.5392,0.0463,12.586,0.026,11.902,0.029,11.657,0.026,15.3598,0.001116,16.7589,0.0062,14.1887,0.004017,11.541,0.023,11.39,0.021,11.364,0.172,8.597,,OSFC,10.0,roquette25,3509.0,1.09802,0.46
264459827,3.222289528674267e+18,81.14167166,2.010355936,2.82601,15.7984,20.672,0.163,,,13.968,0.029,13.45,0.04,13.18,0.037,17.175,0.001949,18.9183,0.030492,15.8946,0.006737,13.041,0.025,12.775,0.025,12.004,,9.139,,OSFC,10.0,roquette25,3172.0,0.531649,0.52845
264541184,3.2223036505266714e+18,81.64712148,2.043608433,2.76804,15.1932,19.66,0.163,17.6755,0.0472,13.584,0.027,12.943,0.023,12.72,0.024,16.4342,0.001343,17.8981,0.011716,15.2598,0.003297,12.61,0.024,12.454,0.026,12.389,0.407,8.737,,OSFC,10.0,roquette25,3359.0,0.620578,0.604563
449200668,3.235522941388548e+18,79.58249266,3.754858874,2.87589,15.3882,19.969,0.163,,,13.645,0.029,13.04,0.025,12.755,0.029,16.7146,0.001209,18.3264,0.020613,15.4715,0.003897,12.652,0.023,12.47,0.024,12.185,,8.929,,OSFC,10.0,roquette25,3252.0,0.599348,0.587557
454225614,3.2355483332351816e+18,79.52449461,3.976400637,2.94746,15.1706,19.351,0.164,,,13.436,0.03,12.746,0.026,12.44,0.028,16.5242,0.001414,18.2303,0.017558,15.2628,0.004114,12.373,0.024,12.172,0.023,12.472,0.531,8.961,,OSFC,10.0,roquette25,3198.0,0.648115,0.625712
343862453,3.2228735755065733e+18,84.2672297,2.069990437,2.76429,15.6729,20.167,0.163,,,13.925,0.03,13.269,0.024,12.976,0.037,17.0702,0.001825,18.9034,0.023134,15.7772,0.004526,12.883,0.024,12.65,0.027,11.728,0.241,8.818,,OSFC,10.0,roquette25,3124.0,0.57508,0.567264
269199713,3.2359308258424914e+18,80.93913722,3.040842887,2.89461,15.1291,19.244,0.164,17.7606,0.0485,13.439,0.029,12.836,0.023,12.601,0.024,16.4215,0.001257,17.9463,0.015834,15.2038,0.004312,12.478,0.023,12.32,0.024,12.278,,8.987,,OSFC,10.0,roquette25,3307.0,0.624848,0.607906
264483238,3.2359157075577523e+18,81.39516213,2.874632652,2.99737,14.6466,19.369,0.163,16.884,1.133,13.041,0.03,12.429,0.027,12.177,0.019,15.8517,0.002938,17.1827,0.022248,14.7012,0.007161,12.085,0.023,11.942,0.024,11.785,,8.867,,OSFC,10.0,roquette25,3442.0,0.691832,0.65767
264483312,3.235861517954828e+18,81.44414993,2.781852738,2.86074,15.9338,20.261,0.164,,,14.158,0.034,13.543,0.036,13.202,0.037,17.3244,0.002034,19.0666,0.04146,16.0308,0.004995,13.109,0.026,12.89,0.028,12.011,,9.044,,OSFC,10.0,roquette25,3166.0,0.524724,0.521951
457230094,3.2358535851507497e+18,81.75470081,2.795172997,2.87484,15.8283,20.263,0.164,,,14.114,0.033,13.492,0.036,13.265,0.04,17.1833,0.001739,18.9096,0.040236,15.9217,0.004122,13.126,0.024,12.938,0.026,12.368,0.41,9.004,,OSFC,10.0,roquette25,3189.0,0.511608,0.50941
264630583,3.2358820650777073e+18,82.0923252,2.93564283,2.79184,14.1025,17.446,-0.141,16.02,0.126,12.554,0.027,11.854,0.026,11.668,0.024,15.0925,0.001762,16.2102,0.007767,14.0467,0.003522,11.598,0.024,11.51,0.022,11.503,0.178,8.521,,OSFC,10.0,roquette25,3798.0,1.01836,0.58
457250777,3.235906189910101e+18,81.93199593,3.227035421,2.96871,14.8519,19.166,0.162,,,12.946,0.023,12.269,0.028,11.98,0.029,16.0422,0.002793,17.6592,0.032218,14.8068,0.007516,11.504,0.023,11.065,0.021,10.297,0.076,6.777,0.083,OSFC,10.0,roquette25,3331.0,0.952409,0.36
464838754,3.2358742009938755e+18,81.99834632,2.815131858,2.62378,15.0771,20.457,0.165,,,13.398,0.036,12.637,0.023,12.424,0.027,16.4893,0.002635,18.3274,0.012558,15.1831,0.010719,12.162,0.023,11.98,0.023,11.736,0.23,8.964,,OSFC,10.0,roquette25,3116.0,0.700392,0.663768
713220816,3.2358701121849016e+18,81.63197388,2.914530001,2.71779,14.7452,,,,,,,,,,,15.9278,0.001219,17.5306,0.008403,14.6863,0.00268,,,,,,,,,OSFC,10.0,roquette25,3321.0,1.08366,0.35
264459199,3.2359214756992133e+18,81.24613324,3.002658151,2.96001,14.9338,19.36,0.163,,,13.292,0.026,12.636,0.03,12.397,0.027,16.2294,0.001478,17.781,0.011343,15.0107,0.003178,12.263,0.023,12.096,0.023,12.206,0.383,8.362,,OSFC,10.0,roquette25,3294.0,0.654438,0.630442
464838592,3.2358866392191524e+18,81.98098388,3.010471645,2.70008,15.0089,19.461,0.163,17.6347,0.0469,13.365,0.029,12.709,0.023,12.465,0.031,16.294,0.001598,17.828,0.009228,15.0838,0.003521,12.349,0.025,12.175,0.025,12.459,0.43,8.767,,OSFC,10.0,roquette25,3306.0,0.679798,0.649027
457229877,3.2358975956805827e+18,81.75991455,3.112974286,2.9966,14.4019,19.85,0.163,16.4746,0.0545,12.69,0.022,11.944,0.026,11.77,0.023,15.4602,0.004802,16.7117,0.032376,14.3324,0.012921,11.704,0.023,11.591,0.022,11.625,0.219,8.673,,OSFC,10.0,roquette25,3655.0,0.907351,0.53
264630579,3.235882649193266e+18,82.19569134,2.941194297,2.64156,14.9551,19.367,0.162,17.019,1.133,13.125,0.023,12.447,0.026,12.237,0.026,16.1175,0.003279,17.6129,0.015783,14.9055,0.008919,12.122,0.023,11.952,0.023,11.856,0.231,8.9,,OSFC,10.0,roquette25,3463.0,0.94445,0.438
464838614,3.2358854022685665e+18,82.07612258,2.97514136,2.71349,14.8228,19.166,0.162,,,12.958,0.022,12.273,0.022,12.132,0.023,16.0281,0.001328,17.666,0.01471,14.7867,0.003897,11.958,0.024,11.785,0.022,11.663,0.207,8.367,,OSFC,10.0,roquette25,3335.0,1.07801,0.36
464838696,3.2358807980636314e+18,82.0783279,2.892113554,2.7212,14.2956,16.82,-0.072,15.336,0.172,13.174,0.026,12.554,0.023,12.497,0.027,15.0751,0.000645,15.8278,0.004347,14.2408,0.001715,12.216,0.025,12.263,0.025,12.017,0.312,8.73,,OSFC,10.0,roquette25,4329.0,0.689971,0.68
269199739,3.2359324407490504e+18,80.99628159,3.079521691,2.71438,16.0823,19.633,0.171,,,13.975,0.057,13.176,0.065,12.953,0.057,17.2898,0.001501,18.9207,0.040316,16.011,0.005894,12.431,0.023,12.217,0.023,12.025,0.33,8.968,,OSFC,10.0,roquette25,3301.0,,
464838660,3.2358847494335457e+18,82.01433118,2.925907602,2.9572,15.3811,19.654,0.163,,,13.691,0.028,13.089,0.029,12.872,0.033,16.6891,0.001983,18.2703,0.031113,15.4609,0.007046,12.724,0.024,12.546,0.025,12.407,0.401,8.77,,OSFC,10.0,roquette25,3274.0,0.576597,0.568561
713224484,3.2359324407490504e+18,80.99688688,3.079224596,2.71438,16.0823,,,,,,,,,,,17.2898,0.001501,18.9207,0.040316,16.011,0.005894,,,,,,,,,OSFC,10.0,roquette25,3301.0,,
464838572,3.2358880093125427e+18,82.04457942,3.033540026,2.79821,15.1166,19.459,0.162,,,13.411,0.024,12.763,0.023,12.55,0.027,16.4225,0.002239,17.9963,0.020664,15.1958,0.004318,12.408,0.023,12.211,0.023,12.126,0.315,8.793,,OSFC,10.0,roquette25,3279.0,0.648493,0.625997
457230111,3.235852519998975e+18,81.81212567,2.771482469,2.89089,14.5262,17.095,0.165,16.427,1.133,12.958,0.022,12.244,0.022,12.029,0.023,15.5792,0.001045,16.8326,0.008726,14.4727,0.00319,11.846,0.023,11.754,0.022,11.929,0.275,8.686,,OSFC,10.0,roquette25,3669.0,0.881785,0.54
264683360,3.236011601291742e+18,82.23072096,3.527405124,2.91722,15.2002,19.873,0.162,,,13.327,0.026,12.759,0.023,12.505,0.027,16.5935,0.001254,18.3896,0.026528,15.3018,0.003959,12.352,0.023,12.132,0.023,12.471,0.498,8.499,,OSFC,10.0,roquette25,3142.0,0.639841,0.619455
264630157,3.236056681270135e+18,82.09522669,3.487198713,2.93231,15.8585,19.396,0.169,,,14.133,0.047,13.501,0.052,13.178,0.042,17.2234,0.001955,18.9727,0.042733,15.9543,0.004091,12.832,0.024,12.7,0.028,11.79,0.272,8.893,,OSFC,10.0,roquette25,3174.0,0.518795,0.516321
138829250,3.236019748845572e+18,82.62197483,3.508738403,2.64825,14.3003,17.325,0.166,16.246,0.16,12.653,0.022,11.955,0.025,11.754,0.024,15.3124,0.005241,16.4592,0.024498,14.2182,0.016321,,,,,,,,,OSFC,10.0,roquette25,3731.0,1.01163,0.56
264540363,3.2359554961348946e+18,81.6421596,3.256631145,2.73806,16.3882,20.766,0.164,,,14.548,0.037,13.931,0.036,13.579,0.046,17.8216,0.002097,19.6932,0.041636,16.4975,0.008936,13.57,0.027,13.297,0.033,12.326,,8.83,,OSFC,10.0,roquette25,3092.0,0.479571,0.477507
464838258,3.236051703402169e+18,81.99891963,3.483786559,2.92482,14.7037,19.366,0.163,17.1626,0.048,13.153,0.028,12.395,0.028,12.248,0.024,15.9482,0.002485,17.3772,0.014845,14.7682,0.003903,12.065,0.024,11.919,0.023,11.776,0.246,8.784,0.45,OSFC,10.0,roquette25,3374.0,0.688676,0.655412
264744208,3.2359866904809523e+18,82.47012951,3.203402582,2.68679,15.2309,20.259,0.164,,,13.221,0.032,12.646,0.027,12.339,0.024,16.7316,0.001248,18.8123,0.026389,15.3608,0.003761,12.151,0.023,11.915,0.024,11.143,0.147,8.56,0.396,OSFC,10.0,roquette25,2984.0,0.707298,0.668662
464838234,3.2360578194355876e+18,82.03569701,3.528859463,2.93253,14.1687,,,16.053,0.126,12.714,0.023,12.005,0.022,11.829,0.021,15.1621,0.000882,16.2743,0.004457,14.0965,0.009693,11.59,0.022,11.563,0.022,11.444,0.184,8.689,0.466,OSFC,10.0,roquette25,3781.0,0.947124,0.57
264630269,3.2360021910191826e+18,82.11677933,3.369251843,2.84019,14.8364,19.049,0.164,17.31,0.0471,13.162,0.031,12.556,0.026,12.259,0.028,16.0823,0.001315,17.5255,0.010863,14.902,0.003947,12.212,0.025,12.039,0.023,11.423,0.187,8.935,,OSFC,10.0,roquette25,3367.0,0.698661,0.662537
457250974,3.236052837273551e+18,81.87991228,3.450806745,2.94679,15.6029,20.758,0.162,,,13.715,0.023,13.142,0.034,12.823,0.033,17.0675,0.002041,19.0135,0.038978,15.7202,0.003762,12.697,0.024,12.461,0.024,11.847,,8.801,,OSFC,10.0,roquette25,3049.0,0.578399,0.570096
264744470,3.236031667378981e+18,82.4832884,3.54615332,2.77955,14.0596,18.023,0.164,15.855,0.206,12.483,0.026,11.801,0.024,11.575,0.021,15.0497,0.002391,16.1625,0.011373,13.9947,0.005962,11.545,0.024,11.442,0.021,11.381,0.186,8.608,,OSFC,10.0,roquette25,3789.0,1.04369,0.58
264739025,3.2360444835615933e+18,82.44879945,3.73765898,2.9461,14.1617,17.555,0.166,16.0191,0.0498,12.648,0.028,11.922,0.023,11.738,0.024,15.1595,0.004563,16.2925,0.02071,14.1073,0.013379,11.642,0.024,11.567,0.025,11.503,0.222,8.899,,OSFC,10.0,roquette25,3784.0,0.951242,0.57
138855875,3.236016553389896e+18,82.71629761,3.496462027,2.88672,12.6492,14.885,0.09,13.508,0.08,11.476,0.025,10.873,0.022,10.752,0.022,13.3587,0.002349,14.0075,0.007631,12.584,0.006228,10.754,0.023,10.724,0.021,10.438,0.086,8.264,,OSFC,10.0,roquette25,4514.0,1.22969,0.71
264739156,3.2360317017387244e+18,82.44664142,3.550133453,2.66595,15.0096,19.358,0.163,,,13.314,0.026,12.682,0.024,12.454,0.028,16.3092,0.001169,17.8739,0.016551,15.0877,0.004227,12.309,0.024,12.136,0.023,11.737,,8.417,,OSFC,10.0,roquette25,3286.0,0.688259,0.655114
264686893,3.236099944475003e+18,82.41193929,3.986086126,2.97463,14.0727,17.152,0.008,15.862,0.023,12.515,0.023,11.814,0.026,11.608,0.019,15.0447,0.004504,16.1261,0.019702,14.0058,0.017504,11.574,0.024,11.522,0.022,11.426,0.184,8.614,,OSFC,10.0,roquette25,3815.0,0.943962,0.58
264739495,3.235979891549118e+18,82.38760213,3.116861855,2.74522,15.1234,20.07,0.162,,,13.283,0.023,12.676,0.027,12.368,0.021,16.5239,0.001333,18.2852,0.023607,15.223,0.003457,12.286,0.024,12.066,0.023,11.906,0.278,8.785,,OSFC,10.0,roquette25,3154.0,0.692154,0.6579
264744554,3.2360381313054356e+18,82.45448295,3.67020513,2.75088,14.8073,18.516,0.166,17.0979,0.0567,13.05,0.034,12.444,0.029,12.13,0.029,15.9214,0.006355,17.3173,0.032157,14.7503,0.017442,12.054,0.024,11.885,0.023,12.219,0.405,8.987,,OSFC,10.0,roquette25,3532.0,0.895147,0.48
264683080,3.235984530113795e+18,82.30645625,3.20982873,2.65347,15.3867,19.865,0.163,,,13.684,0.027,13.078,0.032,12.801,0.036,16.7116,0.001414,18.3372,0.043898,15.4709,0.003605,12.687,0.024,12.457,0.025,12.468,,8.604,,OSFC,10.0,roquette25,3247.0,0.623276,0.606678
264683054,3.235980883685125e+18,82.31328785,3.1620578,2.81013,16.0262,20.364,0.164,,,14.2,0.032,13.595,0.035,13.269,0.037,17.411,0.001755,19.1899,0.054035,16.1255,0.006121,13.199,0.025,12.998,0.028,12.024,,8.68,,OSFC,10.0,roquette25,3153.0,0.519266,0.51677
264739117,3.236036756915907e+18,82.44115073,3.620775334,2.74455,14.156,18.136,0.164,16.309,0.16,12.441,0.027,11.751,0.023,11.591,0.03,15.1897,0.004367,16.3899,0.019186,14.0895,0.012485,11.506,0.024,11.388,0.021,11.45,0.203,8.902,,OSFC,10.0,roquette25,3703.0,1.07394,0.55
138855812,3.2360246966478684e+18,82.80101459,3.587895201,2.72617,15.3965,19.656,0.164,,,13.652,0.032,13.07,0.032,12.785,0.038,16.7282,0.001648,18.3165,0.03022,15.4784,0.002885,12.615,0.024,12.44,0.024,11.827,,8.908,,OSFC,10.0,roquette25,3260.0,0.614912,0.600088
264739022,3.2360914232596367e+18,82.44403905,3.740783526,2.68643,15.2437,19.556,0.163,,,13.552,0.026,12.918,0.026,12.642,0.024,16.5484,0.000927,18.154,0.015055,15.325,0.004147,12.45,0.022,12.295,0.024,12.054,,8.481,,OSFC,10.0,roquette25,3265.0,0.647601,0.625326
264540145,3.236069914063381e+18,81.63980114,3.561303331,2.77475,14.9165,19.041,0.163,17.4277,0.0481,13.279,0.027,12.624,0.027,12.422,0.027,16.1702,0.001498,17.6404,0.014689,14.9845,0.005202,12.307,0.023,12.183,0.022,12.393,0.434,8.763,,OSFC,10.0,roquette25,3351.0,0.676568,0.64669
264739242,3.236007585498064e+18,82.33273643,3.462849138,2.8947,14.3484,18.221,0.166,16.462,0.092,12.704,0.035,12.013,0.029,11.782,0.031,15.3821,0.002335,16.5779,0.012055,14.2798,0.012331,11.565,0.022,11.496,0.022,11.865,0.246,8.851,,OSFC,10.0,roquette25,3707.0,0.931828,0.55
264458685,3.236183159465173e+18,81.24142184,3.748891723,2.94951,15.744,20.473,0.163,,,13.914,0.032,13.28,0.035,12.967,0.027,17.1744,0.001477,19.033,0.032327,15.8525,0.00477,12.88,0.025,12.695,0.027,11.973,,8.926,,OSFC,10.0,roquette25,3099.0,0.55372,0.548588
264683786,3.2361157843140454e+18,82.29581836,4.066889601,2.76402,14.8859,18.933,0.164,17.2509,0.0468,13.27,0.027,12.635,0.023,12.456,0.031,16.1007,0.001152,17.4822,0.009824,14.9447,0.003258,12.316,0.025,12.187,0.025,12.231,0.381,8.94,,OSFC,10.0,roquette25,3412.0,0.671506,0.643012
449367407,3.2362139157273907e+18,80.30644517,3.676753001,2.95288,16.0673,,,,,14.294,0.03,13.646,0.022,13.348,0.038,17.4616,0.002463,19.2172,0.03023,16.1655,0.007678,13.249,0.026,13.02,0.03,11.902,0.323,8.219,,OSFC,10.0,roquette25,3159.0,0.488487,0.486563
264536959,3.2362666879891077e+18,81.53174344,3.829015263,2.60154,15.4024,19.968,0.164,,,13.705,0.033,13.074,0.032,12.812,0.034,16.7323,0.00178,18.2827,0.02418,15.4815,0.002798,12.63,0.024,12.45,0.025,11.344,0.176,8.66,,OSFC,10.0,roquette25,3278.0,0.628971,0.61111
264536938,3.236266520487505e+18,81.49609995,3.804411138,2.58874,14.8222,19.264,0.163,16.849,1.133,13.088,0.03,12.433,0.027,12.174,0.029,15.926,0.00227,17.3162,0.013964,14.7478,0.007998,12.052,0.023,11.914,0.022,11.491,0.217,8.842,,OSFC,10.0,roquette25,3498.0,0.93539,0.46
269199909,3.2361448827171814e+18,80.9189144,3.349461406,2.62807,16.019,20.469,0.164,,,14.165,0.034,13.505,0.029,13.273,0.041,17.4726,0.002373,19.3303,0.042916,16.1289,0.009373,13.137,0.025,12.905,0.028,12.646,0.531,8.822,,OSFC,10.0,roquette25,3090.0,0.544033,0.539857
264458889,3.2361584591085005e+18,81.16374872,3.468179063,2.92362,15.042,19.77,0.162,15.642,1.133,12.996,0.026,12.381,0.027,12.1,0.027,16.2965,0.002,18.092,0.019832,14.9794,0.006229,11.963,0.024,11.776,0.022,11.304,0.172,8.183,,OSFC,10.0,roquette25,3180.0,,
264539924,3.2362730789004897e+18,81.63057069,3.886786685,2.51002,16.0056,20.571,0.163,,,14.154,0.033,13.59,0.038,13.298,0.042,17.4363,0.002437,19.345,0.046166,16.1176,0.005016,13.109,0.025,12.899,0.028,11.993,,9.079,,OSFC,10.0,roquette25,3078.0,0.556767,0.551301
457229331,3.2362708154546627e+18,81.81939046,3.879739862,2.99844,16.2618,20.672,0.162,,,14.217,0.028,13.612,0.029,13.387,0.043,17.7674,0.002984,19.8433,0.047522,16.3911,0.007391,13.199,0.024,12.977,0.029,12.749,0.532,8.671,,OSFC,10.0,roquette25,2983.0,0.479213,0.477141
264536954,3.236266864084787e+18,81.5465676,3.822766404,2.58048,15.5227,20.369,0.163,,,13.543,0.029,12.964,0.024,12.681,0.023,17.0341,0.001396,19.0808,0.029869,15.6507,0.00467,12.531,0.024,12.281,0.024,11.821,,8.949,,OSFC,10.0,roquette25,2992.0,0.657885,0.633004
264458920,3.23615797377759e+18,81.17292389,3.419476197,2.91844,15.8976,21.055,0.163,,,13.957,0.029,13.376,0.026,13.089,0.036,17.39,0.002601,19.4619,0.045144,16.0259,0.006449,12.948,0.024,12.699,0.025,12.691,,9.049,,OSFC,10.0,roquette25,2990.0,0.536346,0.532808
457251346,3.236294759895484e+18,81.94994015,3.969341221,2.86753,15.5257,20.563,0.162,,,13.611,0.024,13.019,0.026,12.754,0.031,17.035,0.00147,19.1282,0.043884,15.657,0.003885,12.515,0.023,12.318,0.022,11.301,0.151,8.454,0.302,OSFC,10.0,roquette25,2976.0,0.600946,0.58886
264536960,3.2362661768900116e+18,81.59991214,3.831221204,2.71907,14.763,19.058,0.163,17.0542,0.05,13.023,0.026,12.368,0.027,12.162,0.027,15.8759,0.001845,17.273,0.021471,14.704,0.004897,12.025,0.023,11.915,0.023,11.673,0.241,8.789,,OSFC,10.0,roquette25,3526.0,0.922712,0.47
264537147,3.236292457793217e+18,81.58191472,4.122849666,2.9471,14.2262,18.567,0.162,16.832,0.48,12.325,0.026,11.654,0.026,11.361,0.021,15.3572,0.008787,16.8082,0.043976,14.156,0.024751,11.228,0.023,11.041,0.021,10.891,0.104,8.98,,OSFC,10.0,roquette25,3452.0,1.13605,0.432
459989371,3.2362344628509696e+18,81.12196989,3.835494036,2.92223,15.4203,20.272,0.162,,,13.597,0.022,13.005,0.028,12.78,0.033,16.8004,0.001521,18.5394,0.019352,15.5166,0.00329,12.602,0.026,12.421,0.025,12.312,0.404,8.428,,OSFC,10.0,roquette25,3172.0,0.588745,0.578808
459989387,3.2362330498053253e+18,81.04480615,3.815291727,2.91183,15.0167,19.772,0.162,,,13.273,0.026,12.597,0.026,12.376,0.03,16.3755,0.00117,18.0792,0.019333,15.1092,0.004054,12.227,0.023,12.022,0.024,12.158,,8.68,,OSFC,10.0,roquette25,3197.0,0.665725,0.638785
264592652,3.2361489028066273e+18,80.75978746,3.393935731,2.93564,14.2548,17.803,0.165,16.215,0.023,12.471,0.027,11.79,0.029,11.553,0.026,15.3051,0.003117,16.4032,0.016641,14.0534,0.010133,11.37,0.022,11.275,0.021,11.379,0.177,8.347,,OSFC,10.0,roquette25,3676.0,0.980386,0.54
464837691,3.236320843233653e+18,81.987669,4.255503984,2.84768,13.9717,17.456,0.166,15.822,0.08,12.544,0.024,11.8,0.021,11.66,0.023,14.9213,0.002084,15.9603,0.007675,13.9109,0.005084,11.551,0.023,11.494,0.023,11.337,0.165,8.558,,OSFC,10.0,roquette25,3882.0,0.993836,0.6
464837713,3.2363088173252234e+18,82.02146882,4.231487062,2.85352,14.7207,18.639,0.163,17.0169,0.053,12.901,0.024,12.235,0.026,12.002,0.023,15.8329,0.004154,17.2272,0.028052,14.6519,0.00801,11.847,0.024,11.669,0.023,11.546,0.184,8.942,,OSFC,10.0,roquette25,3514.0,0.89786,0.467
264629583,3.23630672138117e+18,82.13644721,4.217832371,2.86776,14.3379,18.006,0.165,16.589,1.133,12.647,0.028,11.95,0.023,11.716,0.024,15.4429,0.001697,16.8201,0.008808,14.2877,0.003827,11.592,0.025,11.499,0.022,11.478,0.191,8.833,0.422,OSFC,10.0,roquette25,3559.0,1.04769,0.49
464837778,3.23630424748003e+18,82.07126307,4.125471224,2.55381,15.9617,20.571,0.163,,,14.154,0.029,13.542,0.032,13.281,0.039,17.3708,0.001937,19.2025,0.032375,16.0665,0.00432,13.063,0.024,12.876,0.027,12.636,,8.793,,OSFC,10.0,roquette25,3119.0,0.553223,0.548144
464837769,3.236307477295437e+18,82.04363635,4.147776131,2.90038,14.6346,,,16.9547,0.0466,13.095,0.026,12.432,0.021,12.17,0.027,15.8366,0.00107,17.1917,0.008757,14.6907,0.002709,12.067,0.023,11.9,0.024,11.98,0.294,8.659,,OSFC,10.0,roquette25,3432.0,0.707208,0.668598
457228935,3.236326512590493e+18,81.79083622,4.364741125,2.79193,14.2671,18.229,0.163,16.365,0.252,12.616,0.024,11.879,0.022,11.739,0.023,15.3006,0.006902,16.5085,0.042942,14.1915,0.019604,11.595,0.023,11.532,0.022,11.511,0.182,8.85,,OSFC,10.0,roquette25,3676.0,0.999877,0.54
138900034,3.236404543555499e+18,82.91948107,3.731297791,2.84323,14.9952,19.262,0.162,,,13.15,0.024,12.504,0.027,12.307,0.027,16.363,0.003956,17.9424,0.025369,15.0793,0.00846,12.211,0.023,12.012,0.022,12.208,,8.768,,OSFC,10.0,roquette25,3248.0,0.688881,0.655559
138904627,3.22356410316929e+18,82.97371952,2.010077767,2.90564,14.5873,18.084,0.166,16.489,0.332,12.931,0.03,12.245,0.028,12.049,0.028,15.6603,0.002706,16.962,0.013835,14.5323,0.008742,11.884,0.022,11.77,0.022,11.681,0.215,8.63,,OSFC,10.0,roquette25,3621.0,0.877149,0.52
138904527,3.2235838256590607e+18,82.97824581,2.145749686,2.66655,15.8791,19.844,0.165,,,14.031,0.035,13.456,0.032,13.15,0.04,17.2813,0.001454,19.1588,0.028566,15.9868,0.003991,13.014,0.024,12.804,0.026,12.25,,8.942,,OSFC,10.0,roquette25,3103.0,0.558476,0.552815
220063099,3.223602723515514e+18,83.8406674,2.043723128,2.62844,16.0679,20.36,0.164,,,14.279,0.032,13.711,0.03,13.357,0.048,17.467,0.001801,19.306,0.043437,16.1726,0.005577,13.292,0.025,13.073,0.029,12.412,,9.033,,OSFC,10.0,roquette25,3121.0,0.528946,0.525924
264743394,3.2237737963574917e+18,82.49081067,2.243331022,2.66565,15.8409,20.259,0.164,,,14.207,0.034,13.545,0.033,13.324,0.039,17.1419,0.001806,18.7455,0.02714,15.9215,0.004762,13.188,0.025,12.974,0.026,12.035,,8.644,,OSFC,10.0,roquette25,3267.0,0.529407,0.526355
264743378,3.2237736632132884e+18,82.4689485,2.221817084,2.88288,15.5496,20.271,0.163,,,13.88,0.033,13.298,0.035,12.963,0.037,16.8704,0.001522,18.5084,0.01234,15.6343,0.005107,12.88,0.024,12.706,0.025,11.826,,9.027,,OSFC,10.0,roquette25,3243.0,0.56131,0.555315
138979911,3.223721122878377e+18,83.35495629,2.681779213,2.64051,15.7476,20.065,0.163,,,13.87,0.03,13.364,0.033,12.995,0.036,17.2065,0.001662,19.1905,0.041424,15.8672,0.004001,12.844,0.025,12.615,0.026,11.999,,8.767,,OSFC,10.0,roquette25,3036.0,0.590725,0.580455
264743392,3.2237739380911944e+18,82.4565362,2.240081421,2.54769,16.0092,20.569,0.164,,,14.262,0.034,13.634,0.041,13.377,0.039,17.3597,0.001571,19.0367,0.03499,16.0986,0.005234,13.3,0.025,13.102,0.029,12.452,,8.73,0.464,OSFC,10.0,roquette25,3212.0,0.537274,0.533665
138941493,3.223682369388751e+18,83.23453052,2.332654154,2.81558,15.0385,19.24,0.164,17.4858,0.0474,13.483,0.03,12.857,0.029,12.584,0.032,16.2727,0.001106,17.7102,0.012435,15.1027,0.004238,12.503,0.024,12.33,0.023,11.807,0.262,8.972,,OSFC,10.0,roquette25,3375.0,0.639046,0.61885
220052126,3.2236753557065754e+18,83.6203105,2.420091508,2.78031,16.1658,20.568,0.163,,,14.289,0.029,13.622,0.026,13.298,0.033,17.5835,0.002396,19.4026,0.047888,16.2703,0.007544,13.158,0.024,12.7,0.026,10.995,0.145,8.61,0.401,OSFC,10.0,roquette25,3121.0,0.518792,0.516317
138941504,3.2236703434803185e+18,83.27715846,2.312179255,2.85315,15.6397,19.955,0.164,,,13.971,0.032,13.353,0.033,13.049,0.039,16.974,0.001912,18.6344,0.022831,15.727,0.00852,12.947,0.024,12.739,0.026,11.933,0.27,8.678,,OSFC,10.0,roquette25,3227.0,0.550269,0.545497
138979514,3.2236633641575654e+18,83.34826622,2.153469525,2.98815,14.7029,19.168,0.162,,,12.898,0.027,12.275,0.025,12.061,0.03,15.891,0.001204,17.4934,0.012548,14.6626,0.005062,11.898,0.023,11.717,0.022,11.419,0.193,9.102,,OSFC,10.0,roquette25,3354.0,1.00369,0.37
138941325,3.223695254290593e+18,83.20580367,2.568254864,2.76073,14.7404,18.41,0.164,16.925,0.16,13.007,0.025,12.377,0.029,12.154,0.031,15.8194,0.005234,17.1097,0.035464,14.6778,0.011915,12.062,0.024,11.942,0.022,12.337,0.503,8.94,,OSFC,10.0,roquette25,3636.0,0.868371,0.52
220045339,3.223676562592918e+18,83.43145116,2.376502901,2.93326,15.4866,20.273,0.162,,,13.723,0.024,13.109,0.029,12.863,0.032,16.8388,0.001729,18.4911,0.034323,15.5747,0.005756,12.751,0.024,12.561,0.025,11.956,0.304,8.871,,OSFC,10.0,roquette25,3223.0,0.572638,0.565169
138941457,3.223682850425078e+18,83.23260105,2.377219851,2.86855,14.827,,,17.2371,0.0468,13.273,0.025,12.595,0.028,12.365,0.032,16.0542,0.001643,17.4629,0.00909,14.8888,0.00454,12.227,0.025,12.127,0.023,11.629,0.234,8.839,,OSFC,10.0,roquette25,3393.0,0.673346,0.644352
264682257,3.223759880663373e+18,82.32084112,2.153273316,2.77181,14.8216,19.152,0.164,17.312,0.0473,13.228,0.031,12.565,0.026,12.317,0.029,16.0667,0.001285,17.5313,0.011913,14.8886,0.003353,12.213,0.024,12.079,0.025,11.986,0.3,8.629,,OSFC,10.0,roquette25,3357.0,0.697482,0.661699
264740187,3.223762114046422e+18,82.38699341,2.223612635,2.61214,16.0348,20.36,0.164,,,14.281,0.033,13.719,0.029,13.454,0.037,17.3823,0.001646,19.0981,0.036578,16.1268,0.006717,13.318,0.026,13.126,0.027,12.051,,9.013,0.492,OSFC,10.0,roquette25,3197.0,0.514526,0.512227
464839199,3.223757028803666e+18,81.99075808,2.139832568,2.89703,16.2247,,,,,14.403,0.039,13.84,0.045,13.564,0.052,17.6597,0.002717,19.4609,0.052762,16.3291,0.012542,13.398,0.026,13.207,0.031,12.446,0.447,8.929,,OSFC,10.0,roquette25,3121.0,0.463007,0.460337
138936290,3.223686282107453e+18,83.052622,2.412372447,2.89695,14.8283,19.572,0.162,,,13.061,0.028,12.426,0.027,12.181,0.027,16.1998,0.00147,17.9239,0.014317,14.9233,0.005581,12.037,0.023,11.858,0.023,11.474,0.191,8.671,,OSFC,10.0,roquette25,3183.0,0.706109,0.667821
138979896,3.2236973502345825e+18,83.35427446,2.657693864,2.85012,15.5741,20.273,0.163,,,13.743,0.031,13.169,0.031,12.866,0.035,16.9807,0.001605,18.7816,0.014225,15.6768,0.003331,12.679,0.024,12.472,0.025,11.881,,9.043,,OSFC,10.0,roquette25,3134.0,0.58315,0.574119
264682252,3.223759884957198e+18,82.32094669,2.146733571,2.81083,15.9065,20.672,0.164,,,14.037,0.038,13.47,0.04,13.174,0.038,17.4706,0.001824,19.1868,0.048342,16.0143,0.014109,12.916,0.024,12.69,0.026,12.624,0.508,9.024,,OSFC,10.0,roquette25,3103.0,0.535821,0.532323
138979536,3.2236648072665974e+18,83.40019708,2.17763532,2.66557,16.0987,,,,,14.376,0.032,13.679,0.034,13.463,0.039,17.4357,0.001792,19.1345,0.030153,16.1887,0.005573,13.348,0.025,13.182,0.029,12.511,0.491,8.939,,OSFC,10.0,roquette25,3209.0,0.506922,0.504855
138941393,3.223690409567497e+18,83.25456566,2.470683583,2.96743,14.1663,18.566,0.162,16.601,0.0487,12.341,0.022,11.733,0.025,11.471,0.027,15.3164,0.003489,16.792,0.015125,14.1071,0.007656,11.376,0.028,11.218,0.022,11.204,0.133,8.632,,OSFC,10.0,roquette25,3460.0,1.19067,0.437
264631119,3.223764592242392e+18,82.18960554,2.242160075,2.89763,13.7768,16.318,0.0,15.29,0.08,12.34,0.024,11.651,0.023,11.51,0.021,14.6743,0.002219,15.6226,0.010371,13.7104,0.010601,11.457,0.023,11.422,0.022,11.353,0.167,8.364,,OSFC,10.0,roquette25,3955.0,1.00199,0.62
138941368,3.2236937081023816e+18,83.20594959,2.506652581,2.98671,16.2703,,,,,14.4,0.04,13.835,0.042,13.487,0.047,17.7241,0.002606,19.8121,0.044153,16.3968,0.011611,13.397,0.026,13.184,0.029,12.204,,8.809,,OSFC,10.0,roquette25,2998.0,0.464107,0.461491
138936369,3.2236888977390177e+18,83.13944434,2.530690153,0.552944,11.7154,13.961,0.042,12.774,0.057,10.618,0.033,10.038,0.027,9.883,0.028,12.4434,0.000246,13.1101,0.001528,11.6692,0.000788,9.783,0.023,9.848,0.02,9.701,0.057,7.626,,OSFC,10.0,roquette25,4989.33,8.21202,
138828231,3.223768784130568e+18,82.67886136,2.162536968,0.0330193,14.5997,16.489,0.066,15.6,0.206,13.6,0.026,13.063,0.026,13.002,0.042,15.2511,0.000757,15.8282,0.003733,14.5489,0.002102,12.904,0.031,12.94,0.035,12.016,,8.562,,OSFC,10.0,roquette25,4894.0,6.11548,
138941362,3.223693811181589e+18,83.22595817,2.517124877,2.77364,14.6999,18.842,0.163,16.8472,0.0468,13.063,0.025,12.428,0.028,12.191,0.031,15.7814,0.001837,17.0958,0.009646,14.6554,0.004357,12.064,0.024,11.948,0.023,11.506,0.204,8.812,,OSFC,10.0,roquette25,3631.0,0.88259,0.52
220045522,3.2237157627590973e+18,83.50733228,2.584642134,2.7127,16.0537,20.141,0.164,,,14.373,0.032,13.749,0.023,13.43,0.042,17.3844,0.001831,19.1101,0.028808,16.1452,0.005073,13.346,0.026,13.119,0.03,12.045,,8.744,0.439,OSFC,10.0,roquette25,3200.0,0.504886,0.502863
138899074,3.2237791607715313e+18,82.86500948,2.332398033,2.87644,15.2297,19.451,0.164,,,13.538,0.031,12.883,0.028,12.617,0.035,16.5428,0.00097,18.1652,0.016183,15.3129,0.007311,12.538,0.024,12.365,0.025,11.659,,8.654,,OSFC,10.0,roquette25,3254.0,0.624518,0.607648
264740274,3.223747962129015e+18,82.37199248,2.124760132,2.97544,15.8917,20.056,0.164,,,14.064,0.032,13.474,0.033,13.189,0.041,17.2955,0.002044,19.1355,0.027902,15.9969,0.003584,13.082,0.025,12.853,0.028,12.432,0.418,8.665,,OSFC,10.0,roquette25,3118.0,0.511944,0.509735
138856690,3.2237773397054054e+18,82.79851032,2.297364094,2.53108,14.8409,17.578,0.329,16.716,0.04,13.013,0.027,12.366,0.028,12.16,0.033,15.9998,0.001751,17.5124,0.021609,14.7794,0.004811,11.937,0.024,11.778,0.023,11.293,0.205,8.753,,OSFC,10.0,roquette25,3413.0,1.04684,0.41
220056344,3.2237113346480384e+18,83.76003369,2.665860777,2.85629,11.8781,13.699,0.085,12.658,0.103,11.081,0.026,10.585,0.023,10.461,0.024,12.4589,0.001493,12.9553,0.00747,11.8261,0.005777,10.436,0.023,10.451,0.02,10.435,0.083,8.419,,OSFC,10.0,roquette25,5137.0,1.3616,0.87
138941427,3.223683400180878e+18,83.27381691,2.417895348,2.9088,14.0332,17.387,0.112,16.116,0.137,12.507,0.024,11.862,0.025,11.633,0.029,15.0115,0.004709,16.1061,0.022275,13.9655,0.011387,11.536,0.023,11.458,0.021,11.519,0.198,9.084,,OSFC,10.0,roquette25,3797.0,0.992715,0.58
138941429,3.2236833314613996e+18,83.28696633,2.412158711,2.86446,12.1289,14.182,0.057,13.155,0.069,10.958,0.02,10.415,0.023,10.259,0.023,12.7953,0.002242,13.3741,0.007218,12.0524,0.007109,10.177,0.023,10.143,0.019,10.219,0.069,8.863,,OSFC,10.0,roquette25,4840.32,1.33137,0.79
264740188,3.2237504016704154e+18,82.44956335,2.223019967,2.88975,15.7201,,,,,13.92,0.023,13.322,0.029,13.044,0.032,17.0916,0.001643,18.8542,0.02728,15.8174,0.005044,12.963,0.024,12.73,0.025,12.504,,8.254,,OSFC,10.0,roquette25,3166.0,0.54672,0.542295
220045257,3.2236666326285527e+18,83.42565984,2.289970946,2.7682,14.2401,17.293,0.168,16.022,0.149,12.856,0.029,12.165,0.026,11.924,0.024,15.1968,0.001635,16.2499,0.008595,14.1742,0.006997,11.821,0.023,11.802,0.022,11.523,0.213,8.587,,OSFC,10.0,roquette25,3851.0,0.914864,0.59
220051744,3.2237286863159137e+18,83.61065304,2.800094004,2.9603,16.0049,,,,,14.159,0.026,13.541,0.029,13.208,0.03,17.4442,0.001828,19.3699,0.039037,16.1188,0.00705,13.091,0.025,12.856,0.026,12.282,0.457,8.848,,OSFC,10.0,roquette25,3067.0,0.510213,0.508058
264744882,3.2364895495480105e+18,82.52455858,4.133141096,2.76309,15.0933,18.685,0.165,17.5957,0.0466,13.522,0.024,12.859,0.022,12.615,0.025,16.357,0.001452,17.7952,0.008051,15.1597,0.003402,12.481,0.024,12.302,0.024,12.364,0.521,8.879,,OSFC,10.0,roquette25,3361.0,0.641014,0.620347
264686718,3.236492435766039e+18,82.41379162,4.190869064,2.81255,14.5773,18.077,0.165,16.553,1.133,12.987,0.026,12.303,0.027,12.089,0.023,15.6283,0.000965,16.8788,0.013149,14.5239,0.002557,11.997,0.024,11.898,0.023,11.742,0.268,8.651,,OSFC,10.0,roquette25,3670.0,0.882728,0.54
264744931,3.2364904085414523e+18,82.56812857,4.185970877,2.81485,14.0353,17.799,0.164,15.885,0.114,12.506,0.022,11.805,0.022,11.628,0.03,14.9906,0.002106,16.0334,0.014613,13.9677,0.006563,11.377,0.024,11.113,0.021,10.732,0.116,8.705,,OSFC,10.0,roquette25,3869.0,0.985353,0.597
457250262,3.223831829954679e+18,81.91114069,2.523762875,2.66258,15.9659,20.468,0.162,,,14.19,0.024,13.557,0.034,13.301,0.049,17.3608,0.002054,19.1285,0.050946,16.0651,0.005227,13.142,0.025,12.947,0.028,12.185,,8.99,,OSFC,10.0,roquette25,3153.0,0.533284,0.529972
138979946,3.2239090706478346e+18,83.34447989,2.737303126,2.62523,15.9875,20.468,0.164,,,14.203,0.037,13.587,0.032,13.24,0.036,17.3828,0.002004,19.1973,0.026487,16.0901,0.004658,13.181,0.025,12.935,0.028,12.333,0.389,8.996,,OSFC,10.0,roquette25,3133.0,0.548935,0.544296
138936675,3.223928586978304e+18,83.15243366,2.974622096,2.74644,15.1132,19.017,0.165,17.5271,0.0476,13.537,0.031,12.867,0.029,12.639,0.032,16.3408,0.00172,17.7529,0.013554,15.175,0.004419,12.517,0.023,12.373,0.025,12.178,0.375,8.295,,OSFC,10.0,roquette25,3391.0,0.638917,0.618752
138899171,3.223878151178062e+18,82.87970819,2.482345203,2.67596,14.8374,18.926,0.165,16.743,1.133,13.349,0.03,12.721,0.029,12.467,0.031,16.0112,0.002192,17.3126,0.012066,14.8875,0.004877,12.345,0.024,12.231,0.024,12.256,0.398,8.616,,OSFC,10.0,roquette25,3474.0,0.682654,0.651087
264631083,3.2238125240772413e+18,82.09680902,2.290929569,2.78115,16.0178,19.933,0.164,,,14.267,0.03,13.607,0.036,13.437,0.043,17.4101,0.002302,19.2015,0.03642,16.1185,0.006472,13.283,0.026,13.045,0.028,11.803,,8.713,,OSFC,10.0,roquette25,3144.0,0.495642,0.493732
464839050,3.2238173000808694e+18,82.02831065,2.374606723,2.85948,13.8686,17.299,0.011,15.811,0.206,12.331,0.026,11.605,0.022,11.412,0.024,14.843,0.004779,15.9296,0.020219,13.7975,0.012291,11.34,0.023,11.235,0.022,11.337,0.185,9.006,,OSFC,10.0,roquette25,3799.0,1.08297,0.579
264743503,3.223788369181287e+18,82.51068369,2.368490881,2.99168,14.2268,17.474,0.165,15.993,0.034,12.41,0.024,11.712,0.023,11.512,0.023,15.2828,0.003424,16.5246,0.017632,14.1567,0.009296,11.441,0.023,11.301,0.022,11.034,0.139,8.367,,OSFC,10.0,roquette25,3665.0,0.982618,0.54
264740038,3.223791976953822e+18,82.3749676,2.439454695,2.85117,15.5918,20.373,0.162,,,13.798,0.027,13.183,0.027,12.988,0.034,16.9704,0.001788,18.7343,0.023471,15.6898,0.006573,12.844,0.024,12.615,0.026,12.461,0.532,8.596,,OSFC,10.0,roquette25,3162.0,0.561357,0.555356
264682705,3.223853274726874e+18,82.30399022,2.711325345,2.63594,13.9559,17.718,0.164,16.251,0.149,12.232,0.023,11.567,0.023,11.345,0.023,15.0093,0.000839,16.2507,0.006611,13.8908,0.002878,11.244,0.024,11.124,0.022,11.074,0.122,8.774,,OSFC,10.0,roquette25,3670.0,1.25821,0.54
138904020,3.223903744887336e+18,83.0118045,2.849702036,2.84504,15.7672,20.062,0.163,,,13.946,0.029,13.321,0.029,13.094,0.035,17.1451,0.001906,18.967,0.034704,15.8692,0.006722,12.809,0.024,12.462,0.026,10.371,0.078,8.219,0.259,OSFC,10.0,roquette25,3137.0,0.54447,0.540254
138941068,3.22392745310689e+18,83.18353037,2.928758889,2.59133,16.068,20.467,0.164,,,14.208,0.037,13.699,0.038,13.366,0.041,17.5243,0.002589,19.5307,0.051655,16.1889,0.008512,13.112,0.026,12.869,0.027,12.28,,9.07,,OSFC,10.0,roquette25,3028.0,0.532379,0.52913
138856466,3.2238961857461837e+18,82.74900856,2.654766863,2.9367,15.5969,19.748,0.164,,,13.876,0.031,13.205,0.036,13.006,0.036,16.9233,0.001333,18.5518,0.017432,15.6813,0.003577,12.861,0.024,12.663,0.026,12.174,0.388,8.848,,OSFC,10.0,roquette25,3245.0,0.546966,0.542517
457230480,3.2238089506644956e+18,81.81345329,2.236617066,2.8102,15.0544,19.566,0.163,17.6321,0.0534,13.337,0.028,12.646,0.021,12.495,0.026,16.3369,0.003535,17.8217,0.027061,15.1255,0.009729,12.38,0.024,12.212,0.023,11.732,0.227,8.516,,OSFC,10.0,roquette25,3330.0,0.657214,0.632505
138941105,3.223915190975955e+18,83.21282717,2.873184831,2.53715,15.7493,,,,,13.935,0.032,13.327,0.038,13.073,0.04,17.1284,0.002922,18.9615,0.053801,15.8522,0.009216,12.952,0.026,12.737,0.026,11.902,,8.622,,OSFC,10.0,roquette25,3132.0,0.591145,0.580804
138904089,3.2239009316843894e+18,82.98957885,2.760925461,2.81568,15.7453,19.841,0.165,,,14.07,0.033,13.418,0.031,13.062,0.037,17.1081,0.002405,18.8453,0.017337,15.8401,0.004365,12.984,0.025,12.801,0.027,11.88,,8.625,,OSFC,10.0,roquette25,3180.0,0.553218,0.54814
138936375,3.223882446145332e+18,83.14155318,2.540816944,2.7023,14.5036,18.331,0.164,16.793,1.133,12.697,0.026,12.068,0.026,11.812,0.026,15.686,0.001523,17.224,0.013205,14.4666,0.00511,11.708,0.023,11.549,0.021,11.04,0.142,8.736,,OSFC,10.0,roquette25,3447.0,1.17438,0.43
457230484,3.223808499691838e+18,81.8510818,2.232228824,2.93549,14.6266,19.17,0.162,17.1241,0.0477,12.805,0.026,12.157,0.024,11.939,0.029,15.7868,0.002108,17.3136,0.012334,14.573,0.005971,11.773,0.023,11.588,0.021,11.643,0.211,8.991,,OSFC,10.0,roquette25,3405.0,1.0015,0.4
138904158,3.223887325228177e+18,83.03917459,2.670026625,2.73815,15.3073,19.34,0.164,,,13.593,0.028,12.978,0.029,12.773,0.031,16.6244,0.001667,18.2582,0.016536,15.3916,0.004622,12.631,0.024,12.459,0.024,12.047,,8.771,,OSFC,10.0,roquette25,3247.0,0.615343,0.60043
138904184,3.2238819994685875e+18,82.97471884,2.636615862,2.69822,15.3692,19.655,0.164,,,13.671,0.031,13.034,0.026,12.77,0.029,16.7061,0.001304,18.3806,0.018322,15.4578,0.003851,12.641,0.024,12.447,0.025,12.073,0.295,8.818,,OSFC,10.0,roquette25,3220.0,0.622033,0.605705
138856457,3.2238934026126495e+18,82.79251981,2.671572826,2.55583,15.5825,19.964,0.163,,,13.8,0.03,13.177,0.03,12.915,0.04,16.9356,0.001241,18.5933,0.044136,15.6709,0.005009,12.81,0.025,12.585,0.026,12.113,0.34,8.742,,OSFC,10.0,roquette25,3220.0,0.617214,0.601911
138828610,3.223896774156286e+18,82.67180052,2.664736429,2.65206,15.223,19.662,0.163,,,13.534,0.029,12.882,0.027,12.663,0.034,16.5457,0.002316,18.1449,0.024017,15.3052,0.007567,12.516,0.024,12.343,0.024,11.918,0.266,8.71,,OSFC,10.0,roquette25,3260.0,0.648891,0.626295
264682458,3.2238149979785487e+18,82.2476855,2.386826972,2.70642,16.056,20.259,0.165,,,14.207,0.036,13.515,0.029,13.393,0.042,17.5104,0.002522,19.395,0.022228,16.1679,0.00563,13.159,0.025,12.893,0.027,11.739,0.282,8.768,,OSFC,10.0,roquette25,3078.0,0.513868,0.511593
264682749,3.22386615533366e+18,82.23710229,2.763780408,2.91612,15.9505,,,,,14.131,0.029,13.523,0.03,13.3,0.03,17.3667,0.002393,19.181,0.034422,16.0546,0.007152,13.153,0.025,12.937,0.029,12.656,,8.956,,OSFC,10.0,roquette25,3124.0,0.500824,0.498869
264740091,3.223787677690574e+18,82.41169877,2.353949812,2.65443,16.2011,20.77,0.164,,,14.42,0.034,13.735,0.032,13.543,0.043,17.5857,0.002664,19.4195,0.019999,16.3042,0.007706,13.394,0.026,13.204,0.03,11.648,,9.044,,OSFC,10.0,roquette25,3129.0,0.497443,0.495523
138828464,3.223796168841865e+18,82.63121235,2.477958068,2.65656,15.9756,20.469,0.164,,,14.156,0.035,13.568,0.035,13.287,0.043,17.3612,0.001558,19.182,0.029641,16.078,0.004239,13.174,0.025,12.966,0.028,12.361,0.386,8.913,,OSFC,10.0,roquette25,3134.0,0.536399,0.532857
457250341,3.223837228729098e+18,81.95611113,2.623821024,2.72344,15.3778,19.759,0.163,,,13.695,0.027,13.052,0.03,12.921,0.035,16.6717,0.001629,18.2225,0.018793,15.4543,0.00385,12.721,0.024,12.573,0.024,12.71,,8.871,,OSFC,10.0,roquette25,3295.0,0.590549,0.580309
138899295,3.223894300254923e+18,82.9149082,2.691423557,2.80559,14.5517,17.742,0.0,16.425,0.195,12.895,0.028,12.22,0.026,11.99,0.03,15.6202,0.001663,16.8781,0.010123,14.502,0.004107,11.909,0.024,11.807,0.023,11.261,0.144,8.703,,OSFC,10.0,roquette25,3692.0,0.919465,0.55
138856641,3.22378215006861e+18,82.74072283,2.389667478,0.559913,14.7915,15.985,0.073,15.422,0.138,14.181,0.041,13.968,0.052,13.811,0.066,15.23,0.000429,15.5665,0.002409,14.7298,0.001661,,,,,,,,,OSFC,10.0,roquette25,6112.0,1.30227,1.15
713159097,3.2239034743050004e+18,83.03096639,2.820620953,2.86573,14.654,,,17.1091,0.049,,,,,,,15.8098,0.003285,17.1631,0.015113,14.4625,0.00951,,,,,,,,,OSFC,10.0,roquette25,3453.0,,
457230446,3.2238096722189967e+18,81.79271868,2.279484165,2.77589,14.8897,19.258,0.163,17.05,1.133,13.218,0.029,12.554,0.024,12.35,0.027,16.1558,0.003592,17.6073,0.020813,14.9572,0.008742,12.286,0.023,12.117,0.023,11.749,0.241,8.703,0.442,OSFC,10.0,roquette25,3354.0,0.690362,0.656619
264743674,3.223800601248119e+18,82.51716911,2.555113559,2.955,13.8423,17.29,0.165,16.01,0.183,12.08,0.024,11.438,0.026,11.221,0.025,14.9147,0.001883,16.1893,0.011145,13.7786,0.005754,11.148,0.024,11.005,0.022,10.804,0.093,8.911,,OSFC,10.0,roquette25,3649.0,1.2146,0.53
264739727,3.223867774536439e+18,82.42437409,2.836358478,2.94543,14.0682,17.927,0.163,16.329,0.206,12.34,0.024,11.655,0.023,11.46,0.021,15.1468,0.005534,16.4209,0.025538,14.0119,0.015896,11.312,0.024,11.192,0.02,10.84,0.093,8.531,,OSFC,10.0,roquette25,3671.0,1.10895,0.54
264739731,3.223867774536439e+18,82.43071638,2.830511563,2.78354,16.2218,,,,,14.385,0.036,13.706,0.037,13.506,0.041,17.6524,0.002061,19.5827,0.044437,16.3352,0.007853,13.387,0.026,13.179,0.027,12.784,,9.112,,OSFC,10.0,roquette25,3069.0,0.48402,0.482042
138828584,3.2238028646954276e+18,82.64159626,2.63609758,2.83649,15.4742,19.538,0.164,,,13.808,0.029,13.191,0.03,12.9,0.034,16.7915,0.001421,18.4199,0.022311,15.558,0.003471,12.791,0.024,12.615,0.024,12.391,0.425,8.921,,OSFC,10.0,roquette25,3249.0,0.57863,0.570292
138899158,3.22378434909184e+18,82.81771424,2.463127178,2.79953,14.7998,18.715,0.165,16.353,1.133,13.263,0.03,12.61,0.026,12.41,0.028,15.9948,0.001218,17.3621,0.009914,14.8562,0.001876,12.273,0.023,12.138,0.022,11.747,,8.854,,OSFC,10.0,roquette25,3429.0,0.674985,0.645543
264739801,3.223855164512468e+18,82.40490865,2.759830431,2.76691,15.6615,20.67,0.162,,,13.91,0.026,13.322,0.03,13.072,0.032,17.0197,0.001225,18.7208,0.020858,15.7534,0.003413,12.918,0.025,12.688,0.027,12.205,,8.821,,OSFC,10.0,roquette25,3198.0,0.557907,0.552312
138856578,3.2237852080853007e+18,82.78172741,2.486001518,2.64951,15.1168,18.916,0.165,17.6467,0.0476,13.446,0.03,12.779,0.034,12.606,0.028,16.3836,0.001344,17.8471,0.013374,15.1852,0.00221,12.479,0.023,12.326,0.024,12.562,,8.879,,OSFC,10.0,roquette25,3347.0,0.660155,0.634683
264743504,3.223789017721695e+18,82.48986787,2.368573815,2.96751,14.0099,17.267,-0.151,16.066,0.06,12.265,0.023,11.587,0.023,11.363,0.026,15.1113,0.003792,16.4693,0.018102,13.9509,0.008702,11.239,0.023,11.084,0.021,11.066,0.15,8.794,,OSFC,10.0,roquette25,3569.0,1.1726,0.49
457230398,3.2238233430999844e+18,81.80219094,2.34714653,2.87577,15.6512,,,,,13.875,0.022,13.239,0.032,12.989,0.027,17.0383,0.001348,18.7275,0.021123,15.7443,0.005533,12.443,0.024,12.173,0.024,12.085,0.313,9.088,,OSFC,10.0,roquette25,3191.0,0.557795,0.552212
220051612,3.2239210321314437e+18,83.54035546,2.971798468,2.86683,12.3821,14.32,0.108,13.211,0.08,11.166,0.027,10.633,0.026,10.481,0.024,13.0834,0.003956,13.7051,0.013665,12.3055,0.00987,10.389,0.022,10.38,0.019,10.271,0.068,8.621,,OSFC,10.0,roquette25,4589.0,1.37336,0.725
264682745,3.2238657086570573e+18,82.30061972,2.758935779,2.81227,15.8706,,,,,14.059,0.029,13.458,0.032,13.232,0.036,17.25,0.001395,18.9953,0.025426,15.9671,0.003166,13.107,0.026,12.898,0.028,12.652,0.501,9.002,,OSFC,10.0,roquette25,3170.0,0.524824,0.522046
138899333,3.223901412720747e+18,82.90807429,2.756941128,2.77101,14.859,19.671,0.163,17.387,0.047,13.252,0.029,12.624,0.028,12.333,0.027,16.1155,0.001212,17.5991,0.010974,14.9282,0.00207,12.229,0.024,12.074,0.023,12.124,0.336,8.857,,OSFC,10.0,roquette25,3343.0,0.694588,0.659637
138828435,3.2237949619564805e+18,82.60247196,2.448995081,2.57332,16.0084,20.361,0.165,,,14.27,0.038,13.685,0.038,13.431,0.043,17.332,0.001463,18.9719,0.025453,16.0932,0.005379,13.323,0.025,13.162,0.029,12.701,,8.896,,OSFC,10.0,roquette25,3241.0,0.523532,0.520825
264541004,3.223822179163771e+18,81.70855517,2.311334578,2.75959,14.6635,19.271,0.162,17.1344,0.0489,12.883,0.024,12.214,0.026,12.017,0.023,15.8169,0.00228,17.3385,0.016746,14.6187,0.005542,11.87,0.023,11.706,0.022,11.674,0.257,8.208,,OSFC,10.0,roquette25,3416.0,1.03352,0.41
264683990,3.23668591115725e+18,82.23429363,4.337081657,2.94247,16.1417,,,,,14.328,0.034,13.774,0.036,13.492,0.044,17.5315,0.001735,19.4363,0.042795,16.2503,0.005508,13.359,0.027,13.169,0.028,12.085,,8.933,,OSFC,10.0,roquette25,3097.0,0.467401,0.464934
264629382,3.2367022019694413e+18,82.1831514,4.489020295,2.99229,15.1168,19.668,0.162,,,13.382,0.026,12.82,0.025,12.519,0.023,16.4382,0.001526,18.0649,0.017984,15.201,0.003135,12.42,0.024,12.213,0.023,11.75,0.244,8.836,,OSFC,10.0,roquette25,3248.0,0.626942,0.609536
138855009,3.2367283840899123e+18,82.80605266,4.775597929,2.50909,15.595,19.746,0.165,,,13.908,0.035,13.163,0.029,12.933,0.034,16.9163,0.005926,18.5033,0.038269,15.676,0.017499,12.819,0.025,12.649,0.025,12.043,,9.056,,OSFC,10.0,roquette25,3266.0,0.620662,0.604629
264745493,3.2367479347810796e+18,82.48840425,4.916381013,2.80268,14.221,18.672,0.162,,,12.182,0.023,11.581,0.023,11.329,0.021,15.4816,0.001409,17.2653,0.008255,14.1804,0.004793,11.182,0.023,10.966,0.02,10.896,0.124,8.591,,OSFC,10.0,roquette25,3220.0,,
138828829,3.2239583811667154e+18,82.64942215,2.959188801,2.95127,15.0579,19.669,0.162,,,13.341,0.025,12.65,0.03,12.344,0.031,16.4121,0.001421,18.1074,0.013898,15.1494,0.004411,12.253,0.023,12.079,0.023,11.904,,8.897,,OSFC,10.0,roquette25,3203.0,0.666038,0.639014
138855981,3.224003804740768e+18,82.79742463,3.331480782,2.81583,14.4218,,,16.3939,0.0498,12.854,0.025,12.18,0.028,11.95,0.019,15.4473,0.003408,16.6354,0.020692,14.3391,0.011903,11.787,0.024,11.691,0.022,11.956,0.349,9.086,,OSFC,10.0,roquette25,3684.0,0.913159,0.54
264744173,3.223976351309873e+18,82.49344911,3.157478725,2.78915,15.8697,20.267,0.163,,,14.027,0.032,13.435,0.029,13.209,0.034,17.272,0.002,19.0549,0.044089,15.9706,0.00634,13.066,0.024,12.882,0.029,11.934,,8.86,,OSFC,10.0,roquette25,3143.0,0.531428,0.528244
220073189,3.2240377521628713e+18,84.043478,2.675399255,2.52505,15.1305,19.35,0.163,,,13.455,0.024,12.833,0.022,12.522,0.027,16.4472,0.001394,18.056,0.01835,15.213,0.003826,12.425,0.024,12.23,0.024,12.208,,8.573,,OSFC,10.0,roquette25,3258.0,0.696871,0.661264
264739655,3.223962951011948e+18,82.42907926,2.919496057,2.87722,14.8662,19.571,0.162,17.4844,0.0517,13.187,0.027,12.521,0.023,12.289,0.021,16.1473,0.003883,17.6813,0.022503,14.9409,0.009793,12.196,0.023,12.033,0.022,12.328,0.364,8.94,,OSFC,10.0,roquette25,3308.0,0.687094,0.654278
138899825,3.224011393947205e+18,82.82463567,3.436857864,2.95412,16.333,,,,,14.312,0.036,13.724,0.031,13.408,0.04,17.8616,0.002262,19.9885,0.045751,16.4677,0.006287,13.287,0.025,13.016,0.027,12.005,,8.907,,OSFC,10.0,roquette25,2957.0,0.479456,0.477389
138828789,3.2239518871761725e+18,82.61436711,2.912428336,2.88844,15.6821,20.754,0.163,,,13.646,0.028,13.072,0.029,12.757,0.032,17.2286,0.001815,19.4657,0.042279,15.8264,0.005336,12.555,0.024,12.311,0.024,12.099,0.364,8.125,,OSFC,10.0,roquette25,2917.0,0.598155,0.586581
264739635,3.223966112107883e+18,82.36147025,2.937885043,2.81841,14.7948,19.052,0.163,17.2823,0.0468,13.125,0.027,12.465,0.03,12.232,0.024,16.0472,0.000954,17.4926,0.01023,14.861,0.001603,12.175,0.023,12.005,0.022,11.945,,8.646,,OSFC,10.0,roquette25,3363.0,0.707428,0.668754
264739628,3.2239662151870966e+18,82.36117262,2.951233881,2.81335,14.8048,18.94,0.163,17.2499,0.0469,13.189,0.026,12.534,0.026,12.321,0.019,16.0409,0.001167,17.4718,0.010137,14.8688,0.003197,12.224,0.024,12.095,0.023,12.301,0.356,8.948,,OSFC,10.0,roquette25,3378.0,0.690305,0.656578
264743853,3.223948519921838e+18,82.53170696,2.791487019,2.89709,14.7679,18.727,0.164,17.2714,0.047,13.141,0.026,12.496,0.024,12.275,0.024,16.0494,0.00115,17.4503,0.010456,14.833,0.00335,12.112,0.023,11.97,0.022,11.465,0.179,8.247,,OSFC,10.0,roquette25,3370.0,0.687006,0.654216
138903906,3.2239321303267574e+18,83.0240249,2.978548693,2.84191,13.2529,16.218,0.034,14.633,0.092,11.847,0.026,11.178,0.022,10.999,0.023,14.1067,0.004878,14.9618,0.01931,13.1894,0.011743,10.944,0.023,10.879,0.021,10.713,0.092,8.797,,OSFC,10.0,roquette25,4083.0,1.26125,0.64
138828722,3.223945908581979e+18,82.63683706,2.810200451,2.97483,14.8593,19.061,0.162,,,12.966,0.024,12.302,0.024,12.075,0.024,16.0647,0.001637,17.7086,0.014705,14.8058,0.004212,11.934,0.024,11.74,0.022,11.559,0.185,8.962,,OSFC,10.0,roquette25,3304.0,0.97648,0.34
138856208,3.223959064065329e+18,82.71370284,3.0184652,2.76465,13.9581,17.425,-0.133,15.609,0.137,12.397,0.026,11.713,0.025,11.468,0.018,14.9269,0.001479,15.9973,0.006456,13.8855,0.006286,11.401,0.023,11.311,0.022,11.073,0.144,8.462,,OSFC,10.0,roquette25,3820.0,1.06473,0.58
138856104,3.223974289725545e+18,82.71202919,3.150354795,2.90232,14.5171,18.642,0.163,16.776,1.133,12.858,0.027,12.091,0.026,11.922,0.024,15.6298,0.001143,17.0286,0.005954,14.453,0.002533,11.777,0.023,11.632,0.022,11.948,0.358,8.938,,OSFC,10.0,roquette25,3514.0,0.970547,0.47
138856288,3.223954189278884e+18,82.72655901,2.904533519,2.94463,15.0937,19.345,0.164,17.6424,0.0531,13.529,0.03,12.855,0.029,12.64,0.035,16.3582,0.003992,17.8483,0.026612,15.1638,0.009702,12.43,0.023,12.285,0.023,12.15,0.373,8.433,,OSFC,10.0,roquette25,3336.0,0.610892,0.596885
264743930,3.223961782780844e+18,82.4752777,2.874995107,2.80545,14.8347,19.472,0.162,,,12.996,0.026,12.308,0.024,12.079,0.024,16.0352,0.00125,17.6333,0.014894,14.8008,0.002977,11.982,0.024,11.836,0.021,11.875,0.254,8.529,,OSFC,10.0,roquette25,3387.0,1.01368,0.39
264739637,3.223966279610285e+18,82.33994158,2.936922625,2.97986,15.4219,20.172,0.163,,,13.48,0.032,12.9,0.029,12.625,0.029,16.9159,0.001113,18.9843,0.02999,15.5504,0.004036,12.467,0.025,12.225,0.023,12.026,,8.526,,OSFC,10.0,roquette25,2990.0,0.60962,0.595867
138903660,3.2240059694042706e+18,82.94740868,3.334472368,2.90758,12.0202,14.504,0.083,13.128,0.103,10.856,0.024,10.235,0.021,10.075,0.022,12.7881,0.002526,13.5181,0.011829,11.967,0.007561,9.971,0.023,9.964,0.02,9.675,0.045,8.342,,OSFC,10.0,roquette25,4423.0,1.78955,
138828927,3.22397239993996e+18,82.58339352,3.091648562,2.81814,12.6038,,,13.809,0.114,11.537,0.024,10.918,0.023,10.792,0.022,13.323,0.002298,13.9892,0.008795,12.5476,0.006097,10.716,0.022,10.747,0.021,10.629,0.096,8.158,,OSFC,10.0,roquette25,4526.0,1.3027,0.71
264744065,3.223965596711776e+18,82.55297535,3.015027789,2.6187,12.3455,14.583,0.06,13.451,0.137,11.251,0.023,10.687,0.023,10.556,0.019,13.061,0.002046,13.721,0.006133,12.2932,0.004526,10.449,0.022,10.449,0.02,10.385,0.072,8.896,,OSFC,10.0,roquette25,4623.75,1.52653,
138982022,3.2368849270576655e+18,83.32763747,5.485992025,2.53533,12.9996,15.248,0.118,14.168,0.126,11.806,0.026,11.207,0.024,11.027,0.025,13.7558,0.001592,14.4406,0.006282,12.9439,0.005091,10.923,0.022,10.929,0.02,11.22,0.172,8.812,,OSFC,10.0,roquette25,4512.63,1.41975,0.709
138938226,3.2368743056023803e+18,83.15870875,5.250596174,2.77629,14.0564,17.582,0.165,16.185,0.561,12.445,0.026,11.752,0.026,11.54,0.027,15.1015,0.002238,16.2582,0.012944,14.0123,0.005506,11.444,0.022,11.351,0.02,11.022,0.138,8.866,,OSFC,10.0,roquette25,3864.0,1.12778,0.6
220062207,3.2241093234976614e+18,83.82719782,3.033144325,2.90308,15.1776,19.766,0.163,,,13.544,0.027,12.847,0.023,12.634,0.027,16.4725,0.001127,18.0065,0.024049,15.2531,0.00321,12.518,0.025,12.335,0.024,11.936,,9.002,,OSFC,10.0,roquette25,3302.0,0.617597,0.602214
138901931,3.2369542306499517e+18,83.03155423,5.759203218,2.87019,15.275,19.557,0.164,,,13.541,0.031,12.907,0.029,12.653,0.032,16.6166,0.001329,18.2726,0.012652,15.3626,0.002687,12.525,0.024,12.338,0.024,11.546,0.259,8.757,,OSFC,10.0,roquette25,3226.0,0.618796,0.60316
449310917,3.2370722907110764e+18,80.0703145,4.290796167,2.57393,12.0032,13.776,0.054,12.777,0.103,11.114,0.024,10.696,0.023,10.556,0.021,12.5927,0.000965,13.0998,0.004075,11.9516,0.00215,10.511,0.023,10.559,0.021,10.384,0.075,8.731,0.443,OSFC,10.0,roquette25,5083.0,1.45225,0.85
264592184,3.23700807236018e+18,80.69941493,4.141232426,2.77541,14.4188,18.659,0.163,16.956,0.286,12.603,0.03,11.881,0.026,11.606,0.027,15.5708,0.003206,17.0672,0.021585,14.3523,0.007444,11.476,0.023,11.301,0.022,10.977,0.133,8.806,,OSFC,10.0,roquette25,3419.0,1.14696,0.41
264592236,3.2370062126391685e+18,80.68514073,4.037031999,2.59042,15.4579,20.37,0.164,,,13.578,0.035,12.998,0.024,12.685,0.028,16.9168,0.001984,18.8475,0.033785,15.5738,0.003921,12.513,0.024,12.287,0.023,12.092,0.348,8.694,,OSFC,10.0,roquette25,3057.0,0.655275,0.631066
269201242,3.237242096538189e+18,80.91836166,5.281657551,2.62541,12.4921,15.022,0.117,13.723,0.149,10.842,0.028,10.219,0.029,9.995,0.026,13.3245,0.002284,14.0511,0.012439,12.3459,0.016206,9.855,0.022,9.808,0.021,9.732,0.043,8.602,0.39,OSFC,10.0,roquette25,4597.81,1.41585,0.73
138940721,3.2243719349776604e+18,83.19693046,3.428132151,2.92868,14.7526,18.846,0.163,17.3894,0.0513,13.012,0.026,12.366,0.028,12.157,0.031,16.0468,0.004014,17.5739,0.021486,14.8278,0.010086,12.026,0.023,11.843,0.022,11.95,0.342,8.984,,OSFC,10.0,roquette25,3305.0,0.705838,0.667629
449257500,3.2375128169168005e+18,79.91374174,5.677667408,2.87505,14.3269,18.021,0.164,16.445,0.126,12.497,0.024,11.789,0.023,11.543,0.026,15.4334,0.003173,16.7898,0.013738,14.2659,0.007057,11.402,0.024,11.266,0.022,11.21,0.186,8.733,,OSFC,10.0,roquette25,3577.0,1.05091,0.498
343860634,3.224549918422375e+18,84.3289306,4.388026189,2.59883,15.386,19.868,0.162,,,13.576,0.027,12.921,0.028,12.672,0.034,16.7872,0.003272,18.5852,0.03061,15.4882,0.006703,12.483,0.024,12.278,0.025,12.021,0.428,8.972,,OSFC,10.0,roquette25,3137.0,0.65633,0.63185
220071551,3.22456462439041e+18,84.10362771,4.459517764,2.61392,16.0539,19.713,0.166,,,14.276,0.035,13.624,0.031,13.417,0.046,17.3974,0.00266,19.0923,0.044165,16.1441,0.005826,13.221,0.029,13.037,0.031,11.994,0.346,8.149,,OSFC,10.0,roquette25,3208.0,0.521099,0.518516
138940570,3.224391137776299e+18,83.22003049,3.659234672,2.63079,16.2813,,,,,14.587,0.052,13.912,0.049,13.678,0.056,17.6619,0.001798,19.3653,0.048104,16.3747,0.004107,13.538,0.026,13.402,0.035,12.337,,8.907,,OSFC,10.0,roquette25,3187.0,0.476013,0.473856
264538143,3.237634106793505e+18,81.59886866,5.514483264,2.87019,16.0893,20.771,0.164,,,14.392,0.035,13.741,0.037,13.478,0.051,17.4383,0.002321,19.2111,0.046323,16.1855,0.006597,13.269,0.025,13.102,0.029,12.595,0.531,8.586,,OSFC,10.0,roquette25,3171.0,0.478987,0.476909
264538229,3.237645028894294e+18,81.60351338,5.644611952,2.55106,15.302,19.546,0.163,17.676,0.0485,13.704,0.028,13.03,0.026,12.821,0.03,16.5141,0.002049,17.9122,0.016663,15.3616,0.005811,12.703,0.024,12.566,0.025,11.987,,9.099,,OSFC,10.0,roquette25,3405.0,0.63463,0.615473
264626678,3.237812914871928e+18,80.77935153,5.572193153,2.86591,15.9353,20.673,0.165,,,14.079,0.04,13.515,0.03,13.253,0.033,17.334,0.001564,19.1008,0.041218,16.0348,0.007018,13.103,0.024,12.878,0.026,12.361,0.4,8.575,,OSFC,10.0,roquette25,3152.0,0.514807,0.512497
264591116,3.2378314347708856e+18,80.73748394,5.728308361,2.95559,15.5925,19.96,0.163,,,13.886,0.031,13.274,0.03,12.968,0.029,16.9372,0.003643,18.5013,0.021917,15.6735,0.011582,12.85,0.024,12.667,0.026,12.281,0.401,8.691,,OSFC,10.0,roquette25,3265.0,0.551,0.546153
264627185,3.237888815533897e+18,80.83144042,5.991977181,2.78788,14.8442,18.846,0.163,17.2951,0.0475,13.011,0.027,12.383,0.029,12.11,0.019,15.995,0.002181,17.4971,0.011763,14.7957,0.00557,11.881,0.023,11.73,0.023,11.238,0.16,8.773,,OSFC,10.0,roquette25,3437.0,0.931955,0.42
220069246,3.332738697203513e+18,83.94631935,5.188523244,2.55932,16.1824,,,,,14.468,0.036,13.83,0.03,13.54,0.033,17.5422,0.001845,19.1756,0.054097,16.2692,0.009941,13.397,0.026,13.214,0.03,11.767,,8.949,0.532,OSFC,10.0,roquette25,3228.0,0.507652,0.505568
323422980,3.332724717085942e+18,84.50780775,5.4772032,2.74422,14.6239,19.271,0.162,,,12.86,0.024,12.212,0.032,11.949,0.026,15.8286,0.001422,17.3675,0.012551,14.6025,0.00543,11.827,0.023,11.67,0.022,10.877,0.128,8.282,,OSFC,10.0,roquette25,3504.0,1.11733,0.46
436152728,3.3331599175324785e+18,84.05079784,6.42999353,2.50272,12.1067,,,12.9017,0.0459,11.297,0.038,10.881,0.04,10.764,0.033,12.6705,0.000261,13.1446,0.001706,12.0538,0.000567,10.864,0.096,10.818,0.095,10.758,0.162,7.993,,OSFC,10.0,roquette25,5347.06,1.92372,0.924
435934214,3.333072471998344e+18,83.569687,6.308960541,2.87587,14.5787,17.846,0.166,16.462,1.133,13.014,0.023,12.351,0.022,12.086,0.025,15.6249,0.0019,16.8303,0.008753,14.529,0.004542,11.952,0.023,11.868,0.022,11.611,0.244,8.511,,OSFC,10.0,roquette25,3744.0,0.862315,0.56
200522664,3.3338981365116324e+18,83.12148322,6.730442004,2.54077,14.2994,18.562,0.162,,,12.435,0.024,11.726,0.023,11.469,0.027,15.5388,0.001071,17.1991,0.007576,14.2809,0.002547,11.381,0.024,11.187,0.021,10.932,0.134,8.055,,OSFC,10.0,roquette25,3375.0,1.51843,
436102374,3.3339456903901225e+18,83.74434231,6.933851844,2.9733,13.225,14.975,0.04,14.304,0.114,12.111,0.033,11.495,0.03,11.372,0.027,13.9959,0.000412,14.7366,0.002105,13.1691,0.00224,11.022,0.023,11.108,0.022,10.998,0.134,8.849,0.5,OSFC,10.0,roquette25,4312.38,1.04335,0.674
449202158,3.2405216992060073e+18,79.6380987,5.82908676,2.28375,14.52,18.313,0.164,16.245,0.297,12.876,0.022,12.131,0.024,11.895,0.023,15.5288,0.003374,16.6677,0.016729,14.4511,0.00886,11.834,0.023,11.736,0.022,11.472,0.22,9.116,,OSFC,10.0,roquette25,3764.0,1.05474,0.57
459990425,3.234341030811876e+18,81.04115932,2.252443099,2.43773,16.223,,,,,14.417,0.03,13.745,0.04,13.65,0.06,17.6125,0.001568,19.3932,0.048012,16.3226,0.004369,13.425,0.026,13.197,0.031,11.923,,8.601,,OSFC,10.0,roquette25,3150.0,0.50694,0.504872
264459829,3.2222894599547863e+18,81.18002465,2.009841247,2.48409,14.1638,17.568,-0.186,16.021,0.092,12.46,0.024,11.81,0.023,11.564,0.019,15.1856,0.002752,16.3735,0.017212,14.0912,0.008245,11.507,0.024,11.386,0.021,10.909,0.114,8.482,,OSFC,10.0,roquette25,3694.0,1.16027,0.55
457249894,3.2222549284178227e+18,81.9104389,2.050063176,2.37402,15.2653,19.668,0.162,,,13.39,0.024,12.808,0.025,12.496,0.029,16.4626,0.0017,18.1141,0.028524,15.2023,0.004837,12.378,0.024,12.174,0.022,11.772,0.28,9.055,,OSFC,10.0,roquette25,3273.0,,
343862398,3.2228809972100424e+18,84.33861398,2.157603508,2.30825,15.1966,18.992,0.166,17.3444,0.0496,13.764,0.03,13.081,0.028,12.854,0.03,16.3454,0.002519,17.6021,0.021087,15.2414,0.008359,12.733,0.024,12.658,0.025,12.609,,9.002,,OSFC,10.0,roquette25,3511.0,0.669187,0.64132
464838700,3.235880798063632e+18,82.07815717,2.886809185,2.43414,15.3002,19.866,0.162,,,13.651,0.022,12.98,0.025,12.809,0.029,16.6077,0.002588,18.1445,0.045001,15.3768,0.003703,12.618,0.026,12.469,0.026,12.251,0.37,8.952,,OSFC,10.0,roquette25,3295.0,0.65672,0.632139
264683055,3.235983769903149e+18,82.26231937,3.164110476,2.43535,15.7507,19.628,0.165,,,14.029,0.031,13.393,0.033,13.119,0.033,17.1033,0.002943,18.7351,0.02785,15.8372,0.014387,12.99,0.024,12.774,0.027,12.061,0.34,8.895,,OSFC,10.0,roquette25,3232.0,0.598501,0.586864
464838386,3.236000056419334e+18,82.06371934,3.303677246,2.4842,16.2335,21.073,0.164,,,14.483,0.035,13.893,0.029,13.711,0.055,17.5979,0.00153,19.331,0.052254,16.3279,0.0054,13.484,0.026,13.275,0.031,12.26,,9.045,,OSFC,10.0,roquette25,3181.0,0.490874,0.488964
264744227,3.2359868665759867e+18,82.50149481,3.229922347,2.39937,15.1077,20.049,0.163,,,12.885,0.024,12.249,0.023,11.924,0.029,16.4404,0.001344,18.4633,0.040624,15.0655,0.007794,11.763,0.023,11.538,0.023,11.071,0.143,8.945,,OSFC,10.0,roquette25,3073.0,,
264539827,3.2362878578848845e+18,81.72965523,4.03096942,2.34903,15.128,18.806,0.166,17.3956,0.0498,13.445,0.032,12.73,0.023,12.523,0.026,16.232,0.003603,17.6155,0.019303,15.063,0.009311,12.345,0.024,12.225,0.024,11.794,0.254,8.918,,OSFC,10.0,roquette25,3524.0,0.890821,0.47
264458859,3.2361609630738775e+18,81.15351981,3.49933247,2.36005,16.2456,20.669,0.165,,,14.371,0.038,13.835,0.041,13.546,0.041,17.6085,0.004551,19.3184,0.040177,16.3382,0.012936,13.398,0.025,13.227,0.031,12.238,0.392,8.706,,OSFC,10.0,roquette25,3192.0,0.536434,0.532889
220050470,3.2364507230436864e+18,83.53020682,4.254776181,2.36263,15.6834,20.161,0.164,18.3107,0.0511,14.06,0.036,13.365,0.03,13.195,0.039,16.9781,0.001388,18.4929,0.023371,15.7572,0.002588,13.042,0.026,12.861,0.026,11.78,,8.643,,OSFC,10.0,roquette25,3311.0,0.59614,0.584929
138828343,3.223775346840433e+18,82.66891003,2.305539056,2.39687,15.2204,19.756,0.163,17.5708,0.0483,13.759,0.029,13.056,0.033,12.873,0.033,16.4265,0.003294,17.8093,0.014962,15.2785,0.00783,12.729,0.024,12.584,0.025,11.907,,9.081,,OSFC,10.0,roquette25,3415.0,0.650232,0.627301
138828306,3.2237747240704323e+18,82.63203355,2.259409958,2.40646,14.942,19.032,0.164,16.726,0.297,13.383,0.026,12.576,0.027,12.34,0.028,15.9806,0.003022,17.149,0.014216,14.8311,0.006676,12.286,0.025,12.187,0.023,11.614,,8.328,,OSFC,10.0,roquette25,3690.0,0.857736,0.54
220056473,3.223727415005584e+18,83.71567695,2.809623436,2.40517,15.3541,19.426,0.164,17.766,0.0489,13.845,0.026,13.156,0.029,12.952,0.038,16.5793,0.002604,17.9942,0.017141,15.4158,0.007392,12.798,0.024,12.662,0.025,11.875,,9.003,,OSFC,10.0,roquette25,3390.0,0.633587,0.614672
220052035,3.2237025041953285e+18,83.56042408,2.516896227,2.3076,16.0331,20.153,0.164,,,14.2,0.034,13.639,0.023,13.346,0.04,17.4404,0.002023,19.3431,0.03268,16.143,0.005218,13.117,0.024,12.906,0.028,11.716,,8.801,,OSFC,10.0,roquette25,3090.0,0.579761,0.571253
220045615,3.2237206117774387e+18,83.41861377,2.687214473,2.30726,14.2969,17.283,0.168,15.578,0.195,12.92,0.027,12.245,0.024,12.083,0.024,15.1653,0.003389,16.0487,0.016682,14.2294,0.009324,12.001,0.024,11.966,0.023,11.992,0.338,8.62,,OSFC,10.0,roquette25,4016.0,0.982726,0.63
220073207,3.223662436445671e+18,84.0381105,2.662852074,2.42239,15.4013,19.55,0.162,,,13.655,0.022,13.071,0.027,12.795,0.031,16.7308,0.001973,18.3685,0.016027,15.4867,0.005321,12.646,0.025,12.462,0.025,12.254,0.4,9.164,,OSFC,10.0,roquette25,3239.0,0.661168,0.635431
138856646,3.22377898897284e+18,82.80343024,2.376756213,2.28125,14.4599,18.425,0.164,16.518,0.069,12.863,0.028,12.165,0.029,11.958,0.024,15.5068,0.001838,16.7457,0.007218,14.4007,0.004732,11.86,0.023,11.76,0.023,11.568,0.285,8.689,,OSFC,10.0,roquette25,3673.0,1.14005,0.54
464839269,3.2237551733777444e+18,81.97835199,2.050177948,2.33861,15.028,,,17.4282,0.0471,13.305,0.024,12.658,0.025,12.38,0.026,16.1616,0.001362,17.6349,0.010884,14.9692,0.004105,12.273,0.024,12.127,0.023,12.342,0.418,8.943,,OSFC,10.0,roquette25,3439.0,0.994597,0.42
220051695,3.2237303312874527e+18,83.6158839,2.867105521,2.36523,15.6823,19.629,0.164,,,14.011,0.03,13.321,0.023,13.133,0.032,16.9779,0.002584,18.5156,0.024457,15.7578,0.007861,13.016,0.024,12.842,0.027,11.897,,8.201,,OSFC,10.0,roquette25,3300.0,0.607079,0.593826
264683896,3.2364936727163597e+18,82.3259291,4.227147857,2.41514,15.7811,20.371,0.163,,,13.996,0.028,13.368,0.03,13.11,0.04,17.1394,0.001874,18.8862,0.027839,15.8763,0.005491,13.005,0.025,12.83,0.026,12.082,,8.571,,OSFC,10.0,roquette25,3178.0,0.603101,0.590612
138900723,3.2365394012334797e+18,82.92153834,4.726178639,2.46736,15.0015,18.923,0.165,16.987,1.133,13.384,0.03,12.699,0.03,12.484,0.028,16.1105,0.003069,17.4003,0.020194,14.9816,0.007866,12.34,0.024,12.243,0.023,12.552,,9.093,,OSFC,10.0,roquette25,3758.0,0.903952,0.57
220060834,3.2365571695132186e+18,83.85552911,4.585772706,2.31377,14.9123,19.256,0.163,17.1929,0.0547,13.249,0.028,12.473,0.024,12.277,0.023,16.0386,0.005804,17.4168,0.026587,14.8747,0.019346,12.163,0.023,12.053,0.023,11.65,0.251,9.072,,OSFC,10.0,roquette25,3610.0,1.02322,0.51
220058164,3.2365730780722104e+18,83.6634679,4.646049369,2.35339,15.0992,19.12,0.165,17.2533,0.0487,13.61,0.031,12.871,0.026,12.661,0.027,16.2634,0.002387,17.4928,0.018607,15.1432,0.006876,12.545,0.024,12.434,0.025,11.903,0.304,8.941,,OSFC,10.0,roquette25,3518.0,0.699074,0.662831
343840918,3.2365864740746373e+18,84.26935935,4.733830967,2.39277,14.1544,17.01,-0.104,15.816,0.035,12.81,0.03,12.163,0.035,11.958,0.027,15.0447,0.003228,15.917,0.014045,14.1123,0.011192,11.723,0.023,11.709,0.022,11.437,0.204,8.757,0.454,OSFC,10.0,roquette25,4345.0,0.977404,0.68
138902847,3.236513493990604e+18,82.97319195,4.454927257,0.67818,15.2479,16.656,0.112,16.111,0.229,14.306,0.041,13.837,0.053,13.68,0.06,15.895,0.000775,16.4529,0.004998,15.1991,0.003804,,,,,,,,,OSFC,10.0,roquette25,5408.0,1.25568,0.94
138852779,3.2364844643066967e+18,82.65974773,4.20492058,2.31695,15.5843,19.531,0.165,18.1806,0.0609,13.891,0.033,13.227,0.029,12.956,0.034,16.8693,0.004763,18.3697,0.040627,15.6564,0.010511,12.9,0.025,12.757,0.026,11.637,0.266,8.8,,OSFC,10.0,roquette25,3322.0,0.648655,0.626118
138855464,3.2364785887914394e+18,82.80776056,4.059198821,2.37915,14.8783,19.047,0.163,16.845,1.133,13.2,0.027,12.568,0.028,12.33,0.031,15.9731,0.001439,17.3291,0.011405,14.8307,0.003224,12.217,0.025,12.104,0.024,11.905,0.309,8.636,,OSFC,10.0,roquette25,3580.0,0.967792,0.5
138829639,3.2364733661112346e+18,82.66143582,4.038720188,2.47612,14.9515,18.596,0.165,16.9999,0.0472,13.335,0.025,12.638,0.028,12.397,0.023,16.001,0.00194,17.2487,0.012445,14.8882,0.004204,12.298,0.024,12.194,0.023,11.646,,8.875,,OSFC,10.0,roquette25,3657.0,0.840407,0.53
220071427,3.236577166880927e+18,84.00927418,4.591182273,2.47981,15.3762,19.551,0.163,,,13.642,0.029,13.014,0.027,12.751,0.027,16.6979,0.002682,18.2587,0.026474,15.4555,0.005787,12.603,0.024,12.411,0.024,12.27,0.475,9.063,,OSFC,10.0,roquette25,3277.0,0.660149,0.634679
464838962,3.2238206630442266e+18,82.05297234,2.500015746,2.26962,14.9457,18.508,0.165,17.4433,0.0479,13.123,0.027,12.475,0.027,12.268,0.024,16.1058,0.001443,17.6202,0.013849,14.8794,0.004019,12.031,0.024,11.829,0.021,12.086,0.39,8.973,,OSFC,10.0,roquette25,3404.0,1.11595,0.4
138856520,3.2237987458222147e+18,82.70508893,2.576086292,2.38435,14.8063,19.054,0.163,16.817,1.133,13.095,0.028,12.396,0.029,12.189,0.024,15.9232,0.003269,17.282,0.019727,14.7601,0.007739,12.085,0.024,11.935,0.022,12.095,0.276,8.601,,OSFC,10.0,roquette25,3612.0,1.02833,0.51
138828419,3.2237945882939116e+18,82.61066451,2.418837098,2.39956,15.227,18.888,0.166,17.5883,0.0491,13.697,0.033,13.029,0.031,12.841,0.035,16.4366,0.001931,17.825,0.019246,15.2858,0.004545,12.615,0.023,12.522,0.026,11.463,0.169,8.572,,OSFC,10.0,roquette25,3411.0,0.655894,0.631526
220045734,3.223911273965769e+18,83.4303832,2.815571299,2.26857,14.7544,18.035,0.167,16.238,0.08,13.287,0.03,12.583,0.024,12.404,0.026,15.6966,0.00142,16.7125,0.008738,14.6841,0.00542,12.311,0.024,12.266,0.024,11.661,0.21,8.357,,OSFC,10.0,roquette25,3898.0,0.858686,0.6
138856372,3.223899419855956e+18,82.73154637,2.780353565,2.32274,15.4767,19.423,0.166,17.9187,0.053,13.876,0.039,13.197,0.038,13.066,0.042,16.7032,0.004306,18.151,0.026746,15.5408,0.010471,12.795,0.024,12.651,0.027,11.911,0.302,8.623,,OSFC,10.0,roquette25,3374.0,0.626904,0.609506
264682586,3.223842206595712e+18,82.32179191,2.549473851,2.47383,15.875,20.048,0.164,,,14.179,0.029,13.525,0.029,13.341,0.049,17.2026,0.001973,18.8548,0.028842,15.961,0.006566,13.184,0.024,13.021,0.028,11.79,0.245,8.67,,OSFC,10.0,roquette25,3234.0,0.554086,0.548915
138856642,3.2237805351610655e+18,82.80810018,2.387422805,2.45656,16.0869,20.668,0.166,,,14.381,0.044,13.721,0.046,13.439,0.053,17.4624,0.00192,19.2106,0.051495,16.1832,0.009552,13.305,0.025,13.098,0.029,11.732,,9.024,,OSFC,10.0,roquette25,3170.0,0.53991,0.536089
220058726,3.2366755731714063e+18,83.70535176,5.232328877,2.28868,13.8151,16.971,0.064,15.538,0.149,12.266,0.023,11.548,0.026,11.34,0.021,14.8015,0.001403,15.8814,0.005904,13.7621,0.004019,11.221,0.023,11.152,0.022,11.312,0.161,8.848,,OSFC,10.0,roquette25,3890.0,1.40035,
138939900,3.2366165044864133e+18,83.22619359,4.653163909,2.40651,14.8457,18.5,0.164,16.578,1.133,13.199,0.024,12.514,0.026,12.304,0.03,15.8898,0.003596,17.0949,0.013494,14.7907,0.010241,12.225,0.024,12.15,0.023,11.15,0.162,7.56,0.147,OSFC,10.0,roquette25,3731.0,0.906901,0.56
138855100,3.236725085555066e+18,82.76865201,4.666148517,2.38972,13.2809,17.722,0.164,14.662,0.126,12.189,0.025,11.571,0.024,11.425,0.025,14.0326,0.001179,14.7187,0.004952,13.2336,0.00307,11.166,0.024,11.175,0.022,10.547,0.192,8.813,,OSFC,10.0,roquette25,4775.0,1.14005,0.77
220049915,3.2366233420734863e+18,83.57176716,4.811868847,2.32792,15.1951,19.562,0.163,17.425,0.0655,13.448,0.026,12.76,0.024,12.55,0.027,16.3022,0.009371,17.6349,0.046399,15.1286,0.02417,12.417,0.024,12.273,0.023,11.652,0.214,8.944,,OSFC,10.0,roquette25,3606.0,0.870424,0.51
464837534,3.236703370200641e+18,82.03466657,4.467423725,2.29258,15.4622,20.173,0.163,,,13.591,0.029,12.97,0.022,12.757,0.027,16.9009,0.001363,18.7839,0.041028,15.5732,0.008063,12.546,0.025,12.344,0.024,11.82,0.28,8.782,,OSFC,10.0,roquette25,3085.0,0.692043,0.657821
138853023,3.236716461260788e+18,82.61593221,4.539395582,2.47213,15.3585,19.966,0.163,17.8742,0.0494,13.761,0.027,13.034,0.027,12.819,0.03,16.6141,0.001438,18.0851,0.019523,15.4264,0.003005,12.598,0.024,12.471,0.025,11.553,0.227,8.927,,OSFC,10.0,roquette25,3349.0,0.647618,0.625339
220050031,3.2366198073162967e+18,83.53461717,4.689634708,2.32225,13.8028,16.343,0.049,15.023,0.137,12.413,0.034,11.729,0.036,11.576,0.038,14.6298,0.00147,15.4166,0.00698,13.713,0.011787,11.315,0.023,11.266,0.021,11.122,0.144,9.097,,OSFC,10.0,roquette25,4173.0,1.12529,0.65
138854910,3.2367333662519424e+18,82.78004871,4.902258308,2.48559,16.118,20.673,0.164,,,14.131,0.034,13.6,0.04,13.251,0.045,17.6046,0.001862,19.584,0.038531,16.2391,0.005956,13.073,0.025,12.843,0.026,11.869,,8.821,0.543,OSFC,10.0,roquette25,3027.0,0.56837,0.561482
220058296,3.2366221738423654e+18,83.650071,4.784342751,2.44521,14.5558,17.167,0.175,16.7731,0.0488,12.911,0.056,11.913,,11.952,0.057,15.658,0.003104,17.001,0.01738,14.5035,0.007422,11.402,0.022,11.274,0.02,11.138,0.151,9.026,,OSFC,10.0,roquette25,3605.0,1.10318,0.51
220049651,3.236667219460615e+18,83.58928705,5.113558207,2.48319,15.2616,19.543,0.164,17.5895,0.0499,13.747,0.029,12.996,0.023,12.756,0.029,16.4684,0.003041,17.822,0.021006,15.3176,0.007021,12.63,0.023,12.527,0.026,11.57,0.282,8.451,,OSFC,10.0,roquette25,3430.0,0.658229,0.633258
264745523,3.236748690695304e+18,82.52277016,4.963402988,2.25848,14.2656,17.971,0.0,16.025,0.126,12.632,0.026,11.914,0.023,11.685,0.019,15.2731,0.003656,16.396,0.014404,14.2057,0.009542,11.623,0.024,11.532,0.022,11.098,0.151,8.374,,OSFC,10.0,roquette25,3816.0,1.19319,0.58
138941011,3.2239363222147814e+18,83.27551434,3.02485417,2.29207,15.2502,19.22,0.166,17.4849,0.0466,13.713,0.035,13.047,0.039,12.811,0.042,16.4245,0.001981,17.7348,0.008667,15.3008,0.004345,12.638,0.024,12.519,0.026,11.91,,9.036,,OSFC,10.0,roquette25,3469.0,0.680856,0.649791
138856173,3.22396105693021e+18,82.7945324,3.063131648,2.4409,16.1089,20.244,0.168,,,14.44,0.047,13.853,0.048,13.62,0.053,17.4329,0.004293,19.046,0.044421,16.1917,0.01164,13.422,0.025,13.254,0.031,11.997,,8.604,,OSFC,10.0,roquette25,3253.0,0.511722,0.50952
264744001,3.2239626761340314e+18,82.48314184,2.944885708,2.3624,15.4021,19.545,0.163,,,13.716,0.026,13.078,0.029,12.786,0.027,16.6992,0.001861,18.2318,0.025338,15.4776,0.00547,12.723,0.025,12.511,0.025,12.229,0.365,8.994,0.504,OSFC,10.0,roquette25,3301.0,0.673083,0.64416
138902390,3.236836617265734e+18,83.03022526,5.10725869,2.49041,15.9628,19.841,0.165,,,14.08,0.033,13.43,0.032,13.186,0.036,17.3879,0.002138,19.0729,0.043889,16.0582,0.006466,13.027,0.025,12.8,0.028,12.483,,8.556,,OSFC,10.0,roquette25,3176.0,0.579206,0.570782
138938274,3.236875615568673e+18,83.11932874,5.31467979,2.37425,15.8134,20.472,0.163,,,13.962,0.032,13.316,0.029,13.013,0.035,17.215,0.001448,19.0778,0.035216,15.92,0.004026,12.865,0.024,12.677,0.026,12.208,,8.693,,OSFC,10.0,roquette25,3109.0,0.628917,0.611068
220047980,3.2368657886837617e+18,83.49119573,5.270993076,2.27005,14.902,,,16.951,0.0498,13.166,0.024,12.598,0.023,12.363,0.026,15.9693,0.004059,17.2113,0.020031,14.8717,0.011704,12.281,0.024,12.184,0.024,11.733,,9.015,,OSFC,10.0,roquette25,3751.0,0.967314,0.56
264745814,3.2369102501847864e+18,82.50408499,5.307328475,2.47985,13.741,16.808,-0.08,15.221,0.137,12.283,0.028,11.609,0.027,11.426,0.025,14.6631,0.001838,15.6056,0.008461,13.6965,0.005335,11.342,0.022,11.299,0.021,10.871,0.137,8.982,,OSFC,10.0,roquette25,4077.0,1.27353,0.64
138938270,3.2368756155686753e+18,83.11735365,5.309513768,2.31681,16.0046,20.151,0.165,,,14.243,0.036,13.504,0.036,13.208,0.039,17.3409,0.002349,18.9529,0.022735,16.0882,0.005392,13.026,0.025,12.866,0.027,11.985,,8.625,,OSFC,10.0,roquette25,3248.0,0.602521,0.590141
138939261,3.236888771057175e+18,83.19328386,5.532177015,2.37332,15.245,19.761,0.17,17.7103,0.05,13.664,0.056,12.939,0.037,12.646,0.036,16.4923,0.004213,17.9224,0.018373,15.3095,0.010709,12.487,0.024,12.351,0.024,12.227,,8.875,,OSFC,10.0,roquette25,3372.0,0.699532,0.663156
138902367,3.236849119914052e+18,82.9545607,5.146259507,2.3058,16.4647,20.555,0.166,,,14.577,0.043,13.857,0.045,13.527,0.055,17.8934,0.002386,19.6239,0.040335,16.5634,0.006709,13.375,0.025,13.164,0.029,12.449,,8.935,,OSFC,10.0,roquette25,3154.0,0.548464,0.543871
343861576,3.2241384949154627e+18,84.24960599,3.217203116,2.39697,15.2613,19.458,0.163,17.5201,0.054,13.427,0.026,12.777,0.028,12.566,0.033,16.3771,0.002385,17.7126,0.030899,15.1833,0.009323,12.344,0.023,12.209,0.023,11.613,0.261,8.773,,OSFC,10.0,roquette25,3597.0,0.828945,0.51
323347366,3.2240730396140703e+18,84.40029467,2.994439657,2.46776,15.3657,19.87,0.162,,,13.531,0.024,12.916,0.023,12.667,0.029,16.7736,0.001756,18.5401,0.017688,15.4661,0.003317,12.503,0.024,12.271,0.024,12.355,,8.878,,OSFC,10.0,roquette25,3148.0,0.679565,0.648859
323421155,3.224133306595105e+18,84.49701355,3.242880915,2.28589,13.3515,16.1,0.097,14.818,0.08,12.096,0.024,11.37,0.021,11.206,0.021,14.1909,0.001092,15.0149,0.00655,13.3007,0.003205,11.142,0.023,11.127,0.021,11.012,0.154,8.977,,OSFC,10.0,roquette25,4270.0,1.39637,0.67
449428478,3.237028619483734e+18,80.42347164,4.303434375,2.42999,15.0521,19.025,0.165,17.2355,0.0486,13.46,0.03,12.777,0.025,12.573,0.027,16.2244,0.002373,17.4734,0.017665,15.0981,0.007442,12.459,0.024,12.319,0.024,11.093,0.166,8.564,,OSFC,10.0,roquette25,3503.0,0.70293,0.665568
138937053,3.2243847511599237e+18,83.16531356,3.523695841,,15.9164,20.166,0.165,,,13.957,0.039,13.343,0.035,13.08,0.039,17.1161,0.003045,18.7456,0.034671,15.7809,0.006552,12.925,0.026,12.733,0.028,12.135,,8.618,,OSFC,10.0,roquette25,,,
220067558,3.224332180760442e+18,83.98726999,3.337870952,2.28402,15.3932,19.435,0.164,17.903,0.0534,13.748,0.029,13.062,0.026,12.768,0.027,16.6595,0.003296,18.1004,0.027874,15.4597,0.009832,12.72,0.024,12.555,0.026,12.106,0.326,9.01,,OSFC,10.0,roquette25,3358.0,0.691357,0.657331
220062036,3.2243063422362445e+18,83.86876111,3.228990056,2.28651,15.6145,20.062,0.163,,,13.937,0.029,13.266,0.033,12.964,0.03,17.0646,0.003722,18.4749,0.033533,15.692,0.01226,12.834,0.024,12.661,0.025,12.313,,8.796,,OSFC,10.0,roquette25,3287.0,0.653348,0.62963
220067976,3.224365234828555e+18,83.97380293,3.799138258,2.35599,15.7091,19.73,0.164,,,14.106,0.029,13.443,0.029,13.196,0.034,17.0064,0.001753,18.5521,0.017457,15.7853,0.004079,13.051,0.025,12.891,0.027,12.085,0.371,8.854,,OSFC,10.0,roquette25,3295.0,0.597634,0.586155
220061235,3.224526034108426e+18,83.78374384,4.120339504,2.45399,15.895,18.927,0.169,,,14.242,0.04,13.566,0.03,13.367,0.039,17.2248,0.002023,18.8664,0.022036,15.9804,0.004666,13.165,0.025,12.992,0.028,12.036,,9.003,,OSFC,10.0,roquette25,3237.0,0.552008,0.547057
343840999,3.224574584418459e+18,84.28714905,4.641353541,2.29075,15.9173,20.369,0.163,,,14.069,0.032,13.415,0.028,13.143,0.033,17.2698,0.001713,18.9428,0.030904,16.0066,0.006505,13.041,0.025,12.87,0.028,11.855,0.324,8.716,,OSFC,10.0,roquette25,3213.0,0.618621,0.603022
220060112,3.33275783557876e+18,83.76852841,5.405798819,2.42896,16.3245,,,,,14.363,0.029,13.729,0.036,13.455,0.041,17.7968,0.001892,19.7861,0.042322,16.4451,0.005507,13.225,0.025,12.993,0.027,11.914,0.295,9.04,,OSFC,10.0,roquette25,3028.0,0.541442,0.537493
220071030,3.3326857832063416e+18,84.10457927,5.021748427,2.34556,15.6552,,,,,13.656,0.026,13.022,0.027,12.721,0.026,17.1762,0.001971,19.3474,0.037776,15.7929,0.006677,12.571,0.024,12.335,0.024,12.44,,8.501,,OSFC,10.0,roquette25,2945.0,0.689894,0.656285
220049119,3.33296622739105e+18,83.56396353,5.676614725,2.27149,16.5098,20.433,0.165,,,14.766,0.034,14.077,0.03,13.879,0.057,17.8846,0.001993,19.636,0.046293,16.6061,0.006187,13.682,0.026,13.501,0.034,12.082,,8.667,,OSFC,10.0,roquette25,3169.0,0.495439,0.493529
220059997,3.332948394686732e+18,83.81488217,5.553294145,2.4692,16.174,,,,,14.286,0.022,13.688,0.029,13.366,0.041,17.6027,0.001528,19.4893,0.045143,16.2842,0.007372,13.241,0.026,13.035,0.028,12.501,,8.788,,OSFC,10.0,roquette25,3088.0,0.550211,0.545444
200544877,3.333041582593457e+18,83.17665906,6.099712293,2.46767,15.2235,20.072,0.163,,,13.45,0.03,12.802,0.031,12.591,0.038,16.6054,0.001664,18.346,0.022081,15.3202,0.006908,12.405,0.023,12.22,0.024,11.508,0.231,8.081,,OSFC,10.0,roquette25,3171.0,0.693566,0.658908
436106446,3.3330536772214477e+18,83.83192386,6.128406479,2.29483,14.9034,19.054,0.163,17.3672,0.0539,13.085,0.024,12.352,0.026,12.104,0.021,16.0829,0.004047,17.5517,0.024423,14.8671,0.017317,12.032,0.023,11.866,0.023,11.858,0.267,8.511,,OSFC,10.0,roquette25,3551.0,1.12376,0.49
371692484,3.241025790927395e+18,80.31386445,6.993060838,2.10396,16.0444,20.363,0.164,,,14.219,0.033,13.5,0.036,13.196,0.029,17.438,0.00202,19.1369,0.038,16.1385,0.005715,13.078,0.026,12.89,0.027,12.357,,8.977,,OSFC,10.0,roquette25,3184.0,0.645108,0.623447
457250513,3.2358769841326863e+18,81.86900718,2.871522971,2.19843,15.8108,19.84,0.165,18.4175,0.0538,14.093,0.035,13.484,0.037,13.272,0.043,17.1109,0.003417,18.5907,0.028468,15.8824,0.007835,13.081,0.024,12.934,0.028,12.219,,8.996,,OSFC,10.0,roquette25,3324.0,0.610856,0.596857
138899973,3.2360278190883876e+18,82.82517856,3.625364018,2.1015,15.6319,18.971,0.167,18.2412,0.0527,13.936,0.035,13.351,0.035,13.106,0.034,16.924,0.001162,18.424,0.027235,15.7045,0.002733,12.908,0.024,12.762,0.027,12.428,,8.897,,OSFC,10.0,roquette25,3319.0,0.659963,0.634541
457229280,3.236298131446654e+18,81.82939221,3.969411221,2.20603,15.8195,20.371,0.163,,,13.976,0.028,13.315,0.036,13.033,0.037,17.2332,0.00178,19.0258,0.028315,15.9219,0.003331,12.889,0.025,12.652,0.025,11.642,0.195,9.13,,OSFC,10.0,roquette25,3134.0,0.654559,0.630532
220077423,3.223641511363502e+18,84.15854863,2.403126565,2.1835,15.9724,19.931,0.164,,,14.291,0.03,13.671,0.035,13.409,0.035,17.3093,0.001553,18.9608,0.036906,16.059,0.005045,13.25,0.025,13.064,0.028,12.117,,8.851,,OSFC,10.0,roquette25,3230.0,0.588714,0.578782
220051724,3.2237296483877535e+18,83.54382266,2.819376833,2.08262,15.8976,20.053,0.164,,,14.104,0.034,13.447,0.03,13.229,0.037,17.3256,0.001709,19.0031,0.035834,15.9927,0.006976,13.02,0.025,12.824,0.027,12.258,,8.693,,OSFC,10.0,roquette25,3178.0,0.641219,0.620503
138902995,3.236458419625151e+18,83.04310969,4.225109896,2.20289,15.3663,19.66,0.163,17.8137,0.0487,13.586,0.028,12.857,0.027,12.686,0.027,16.5404,0.002411,18.021,0.014321,15.3481,0.009939,12.624,0.023,12.485,0.025,12.593,,8.78,,OSFC,10.0,roquette25,3553.0,0.937977,0.49
138981091,3.2364627790156815e+18,83.30790051,4.283279824,2.11713,16.1174,,,,,14.42,0.038,13.775,0.035,13.41,0.045,17.5847,0.009314,19.4457,0.042219,16.2285,0.033589,13.013,0.025,12.719,0.026,11.958,,8.981,,OSFC,10.0,roquette25,3082.0,0.602517,0.590137
264740089,3.223787677690579e+18,82.406292,2.356975579,2.16189,16.0783,20.143,0.166,,,14.355,0.039,13.599,0.039,13.172,0.042,17.4419,0.009238,19.1423,0.041488,16.1703,0.034719,12.579,0.024,12.063,0.023,10.892,0.139,8.181,,OSFC,10.0,roquette25,3196.0,0.640413,0.61989
138899315,3.2238955028444815e+18,82.88932529,2.732970371,2.24837,15.8903,19.832,0.165,,,14.184,0.035,13.517,0.04,13.22,0.042,17.2873,0.002863,18.7276,0.029877,15.966,0.009262,13.027,0.024,12.85,0.027,11.884,0.244,8.81,,OSFC,10.0,roquette25,3298.0,0.612459,0.598137
138936532,3.223890314525392e+18,83.14222206,2.762754439,2.22442,15.6588,20.063,0.163,,,13.931,0.031,13.33,0.032,12.991,0.036,16.9892,0.001492,18.5698,0.029134,15.74,0.005331,12.887,0.024,12.746,0.027,12.407,,8.758,,OSFC,10.0,roquette25,3264.0,0.659667,0.634323
220051545,3.223921925484626e+18,83.59726733,3.039359086,2.18417,15.3062,19.443,0.163,17.3854,0.0479,13.653,0.026,12.957,0.026,12.726,0.021,16.3707,0.002302,17.6334,0.015104,15.2538,0.005932,12.648,0.024,12.572,0.025,12.133,0.398,9.0,,OSFC,10.0,roquette25,3674.0,0.827143,0.54
457250299,3.2238363997999534e+18,81.9375847,2.567716764,2.14547,16.1735,20.667,0.163,,,14.412,0.032,13.832,0.047,13.7,0.051,17.5206,0.002306,19.1134,0.03952,16.2565,0.005463,13.497,0.026,13.326,0.03,12.098,,8.816,,OSFC,10.0,roquette25,3251.0,0.544345,0.54014
138936486,3.2238890775748183e+18,83.15917453,2.704192528,2.23735,15.848,19.834,0.165,,,14.164,0.036,13.58,0.038,13.265,0.041,17.1609,0.00225,18.7377,0.042872,15.9275,0.007407,13.205,0.025,12.986,0.028,12.058,,8.493,,OSFC,10.0,roquette25,3274.0,0.60616,0.593086
220047844,3.2366694571380045e+18,83.43234849,5.120456658,2.11485,13.1755,15.286,0.018,14.141,0.126,11.925,0.033,11.312,0.03,11.239,0.037,13.9256,0.00182,14.62,0.007953,13.121,0.005033,10.904,0.023,10.86,0.021,10.326,0.07,8.192,0.259,OSFC,10.0,roquette25,4565.0,1.38443,0.72
138828749,3.223949413275021e+18,82.58973508,2.856084375,2.14873,16.1316,20.557,0.165,,,14.533,0.037,13.865,0.041,13.621,0.053,17.4455,0.001939,19.1607,0.048655,16.2211,0.007382,13.467,0.026,13.307,0.031,12.123,,8.995,,OSFC,10.0,roquette25,3212.0,0.557856,0.552267
138980168,3.2239356994442245e+18,83.31274847,3.047738394,2.24195,15.296,18.782,0.166,17.4242,0.0472,13.646,0.033,12.976,0.028,12.69,0.035,16.3747,0.002398,17.6701,0.011487,15.249,0.005846,12.681,0.024,12.574,0.024,12.066,,8.94,,OSFC,10.0,roquette25,3653.0,0.825362,0.53
713282596,3.236855789998411e+18,82.93562068,5.304259807,2.18206,13.9125,,,15.6712,0.0466,,,,,,,14.8905,0.002578,15.9355,0.009257,13.8562,0.005734,,,,,,,,,OSFC,10.0,roquette25,3942.0,1.39531,
138854708,3.2368476811015434e+18,82.76129213,5.198202861,2.21185,14.9023,18.589,0.166,16.818,1.133,13.389,0.03,12.602,0.029,12.359,0.032,15.9239,0.002037,17.0643,0.009366,14.863,0.004247,12.269,0.024,12.226,0.024,11.985,,8.707,,OSFC,10.0,roquette25,3859.0,0.924059,0.59
138902391,3.236836308028098e+18,83.00447762,5.105698724,2.1171,16.4223,20.554,0.166,,,14.589,0.041,13.905,0.044,13.631,0.045,17.8436,0.002254,19.5753,0.05071,16.5205,0.007817,13.476,0.027,13.322,0.032,12.374,,8.998,,OSFC,10.0,roquette25,3157.0,0.563164,0.556943
138939575,3.236834040284013e+18,83.19985648,5.100097089,2.09537,14.9778,19.039,0.164,17.047,0.0541,13.297,0.031,12.538,0.028,12.336,0.03,16.0487,0.005447,17.2874,0.027342,14.9276,0.020642,12.179,0.024,12.096,0.024,11.397,0.243,8.862,,OSFC,10.0,roquette25,3727.0,1.01569,0.56
264625459,3.237137196257223e+18,80.84019761,4.693781437,2.23866,14.9242,18.817,0.164,16.974,0.0473,13.336,0.027,12.673,0.026,12.417,0.019,15.9788,0.001287,17.2327,0.01322,14.8766,0.004003,12.355,0.023,12.231,0.024,11.995,0.391,9.114,,OSFC,10.0,roquette25,3680.0,0.94873,0.54
264464078,3.2371518979295785e+18,81.34318837,4.750031361,2.2305,15.6058,19.959,0.163,,,13.904,0.029,13.221,0.03,13.025,0.032,16.9052,0.002302,18.4559,0.02662,15.6826,0.004793,12.876,0.024,12.719,0.026,12.012,,8.997,,OSFC,10.0,roquette25,3292.0,0.65072,0.627666
459988474,3.2372247792300503e+18,81.07045843,5.161197542,2.07506,14.0449,17.924,0.163,15.73,0.16,12.371,0.022,11.664,0.026,11.468,0.019,15.0658,0.002487,16.2268,0.012773,13.9812,0.006082,11.381,0.023,11.284,0.022,11.201,0.133,8.764,,OSFC,10.0,roquette25,3754.0,1.46808,
449307637,3.2374101843785405e+18,79.94514152,5.171552404,2.015,14.5767,17.691,0.168,16.033,0.343,13.268,0.03,12.597,0.029,12.374,0.029,15.4706,0.00073,16.3951,0.006739,14.5281,0.00243,12.258,0.022,12.258,0.024,12.22,0.401,8.103,,OSFC,10.0,roquette25,4024.0,1.02622,0.63
343861023,3.2244582466406426e+18,84.29010223,3.92108589,2.18508,14.4244,18.428,0.163,16.743,0.48,12.827,0.024,12.109,0.025,11.891,0.026,15.5443,0.003469,16.8866,0.015577,14.3769,0.010631,11.759,0.023,11.641,0.022,12.269,0.403,8.632,,OSFC,10.0,roquette25,3641.0,1.34647,
220061265,3.224525041971888e+18,83.83525221,4.08595694,2.23982,15.9602,,,,,14.253,0.032,13.604,0.029,13.309,0.039,17.2749,0.002482,18.8471,0.033046,16.0395,0.005956,13.196,0.025,13.048,0.028,12.439,,9.046,,OSFC,10.0,roquette25,3275.0,0.597011,0.585644
457228355,3.2375648676240783e+18,81.81982254,5.179756765,2.21772,14.8652,18.71,0.164,16.721,1.133,13.304,0.024,12.6,0.022,12.397,0.024,15.8951,0.002796,17.0924,0.014711,14.8219,0.005193,12.263,0.024,12.157,0.025,12.175,0.351,8.734,,OSFC,10.0,roquette25,3741.0,0.953818,0.56
345839120,3.237700318008918e+18,82.21431509,5.901251421,2.00984,13.2014,15.364,0.075,14.237,0.16,12.126,0.022,11.641,0.029,11.549,0.02,13.9071,0.000346,14.5238,0.001972,13.1545,0.001123,11.466,0.023,11.51,0.021,11.225,0.179,8.336,,OSFC,10.0,roquette25,5802.41,1.05803,1.04
365782825,3.2377710260555167e+18,81.92082388,6.229179464,2.03463,13.0687,15.638,0.056,14.443,0.172,11.841,0.024,11.337,0.031,11.156,0.02,13.9031,0.000366,14.665,0.001991,13.0426,0.001513,11.048,0.022,11.064,0.022,11.132,0.157,8.709,,OSFC,10.0,roquette25,5954.54,1.36896,1.09
365691048,3.2379783183562476e+18,81.50234953,6.378293065,2.12494,15.3039,20.565,0.163,17.4349,0.0464,13.647,0.027,12.797,0.03,12.516,0.028,16.4583,0.001333,17.681,0.007659,15.3477,0.004226,12.365,0.024,12.386,0.024,11.507,0.301,8.816,0.533,OSFC,10.0,roquette25,4313.0,0.953397,0.67
365691203,3.2379543395547346e+18,81.53301734,6.165767656,2.23248,12.5546,14.455,0.014,13.545,0.069,11.558,0.024,11.176,0.03,11.032,0.022,13.2118,0.00031,13.7652,0.003957,12.4949,0.000929,10.924,0.023,10.922,0.021,10.22,0.103,8.471,0.368,OSFC,10.0,roquette25,6409.73,1.14744,1.29
365692120,3.2380794090022e+18,81.55672575,6.90185065,2.18787,15.3817,20.371,0.162,17.9385,0.0493,13.633,0.026,12.787,0.031,12.535,0.024,16.6187,0.002158,18.1353,0.018181,15.413,0.005421,12.392,0.024,12.275,0.023,12.277,,8.835,,OSFC,10.0,roquette25,3673.0,1.02313,0.538
220069240,3.3327386284840335e+18,83.95663471,5.185631439,2.04189,15.2555,19.225,0.164,17.2605,0.0491,13.657,0.029,12.875,0.026,12.686,0.024,16.3131,0.001758,17.5139,0.021496,15.2167,0.003735,12.584,0.024,12.514,0.024,11.9,,8.98,,OSFC,10.0,roquette25,3799.0,0.900349,0.58
220070708,3.3327473945133353e+18,84.11966394,5.332921223,2.12561,15.1795,19.347,0.163,17.524,0.0518,13.493,0.027,12.714,0.024,12.557,0.027,16.3358,0.002713,17.7266,0.025246,15.1466,0.00848,12.399,0.023,12.25,0.025,11.753,,8.626,,OSFC,10.0,roquette25,3645.0,1.02686,0.53
343840076,3.3328000679920737e+18,84.28647849,5.758946661,2.2321,15.274,19.335,0.165,17.4375,0.0488,13.645,0.033,12.819,0.021,12.598,0.031,16.3942,0.00264,17.6707,0.018658,15.2569,0.006213,12.478,0.024,12.388,0.025,11.907,0.296,9.083,,OSFC,10.0,roquette25,3816.0,0.895112,0.58
220070973,3.3326871575958963e+18,84.04092211,5.078859554,2.01789,15.5045,19.237,0.164,,,13.524,0.029,12.853,0.026,12.605,0.026,16.7424,0.001844,18.353,0.037851,15.476,0.004482,12.474,0.024,12.281,0.023,12.142,0.507,8.942,,OSFC,10.0,roquette25,3432.0,1.07701,0.42
343840358,3.332747252778508e+18,84.29227202,5.443246878,2.18398,15.5448,19.639,0.165,17.9664,0.0474,13.897,0.033,13.25,0.034,12.978,0.037,16.7787,0.00171,18.186,0.012404,15.6065,0.005012,12.819,0.024,12.694,0.027,11.981,,8.515,,OSFC,10.0,roquette25,3390.0,0.668921,0.641125
343839867,3.3329921689934566e+18,84.35931906,5.986401502,2.20881,13.303,15.875,0.164,14.605,0.149,12.206,0.02,11.586,0.024,11.414,0.023,14.0873,0.004177,14.8107,0.015491,13.2622,0.011231,11.269,0.024,11.257,0.022,12.113,0.386,8.942,,OSFC,10.0,roquette25,4795.0,1.27429,0.774
220048969,3.3329772611634227e+18,83.5680699,5.832050067,2.1699,12.735,14.219,0.044,13.72,0.103,11.838,0.029,11.311,0.024,11.193,0.024,13.3816,0.003152,13.9387,0.01156,12.6746,0.014358,,,,,,,,,OSFC,10.0,roquette25,5309.26,1.16906,0.91
436156803,3.3331573018970235e+18,84.08111982,6.379886174,2.01176,15.6421,19.96,0.163,18.0459,0.0471,13.879,0.027,13.03,0.024,12.755,0.033,16.8567,0.002227,18.2697,0.010517,15.6886,0.005158,12.709,0.025,12.638,0.026,11.921,,8.726,,OSFC,10.0,roquette25,3868.0,0.953233,0.6
436157632,3.33301423224199e+18,84.05350106,6.204266194,2.24595,12.5271,14.596,0.056,13.52,0.172,11.49,0.026,10.953,0.022,10.829,0.019,13.1978,0.002703,13.7748,0.010437,12.4754,0.006998,10.785,0.023,10.772,0.021,10.827,0.134,8.87,,OSFC,10.0,roquette25,5079.37,1.69322,0.85
345838666,3.3340713095929984e+18,82.27825967,6.609262463,2.15719,15.1375,19.009,0.165,17.0664,0.0462,13.614,0.029,12.847,0.033,12.641,0.024,16.1903,0.000936,17.3404,0.00659,15.1338,0.003124,12.432,0.024,12.503,0.026,12.188,0.473,8.195,,OSFC,10.0,roquette25,3977.0,0.910742,0.62
264459811,3.2222900784300703e+18,81.194077,2.040529,8.06418,8.45144,9.358,0.031,8.939,0.002,7.987,0.027,7.757,0.046,7.651,0.038,8.79496,0.000469,9.06111,0.001705,8.41,0.001789,7.602,0.031,7.636,0.02,7.631,0.017,7.669,0.197,OSFC,10.0,roquette25,6212.32,1.61953,1.196
464839047,3.223817128282175e+18,82.044431,2.376459,2.85931,8.73861,9.401,0.0,9.1,0.03,8.348,0.03,8.203,0.061,8.116,0.029,9.00301,0.000462,9.20832,0.003641,8.7006,0.00269,8.067,0.023,8.084,0.021,8.066,0.021,8.161,0.239,OSFC,10.0,roquette25,7063.0,3.33019,1.562
464839144,3.2237591247476337e+18,82.064743,2.21214,,9.4036,11.089,0.077,10.252,0.006,8.488,0.027,8.009,0.04,7.895,0.02,9.98056,0.003207,10.4451,0.002348,9.31653,0.003308,7.809,0.027,7.902,0.021,7.829,0.019,7.687,0.173,OSFC,10.0,roquette25,5052.97,,
269118374,3.2343035486336855e+18,80.938538,2.143571,3.97449,9.3423,10.236,0.06,9.75,0.004,8.848,0.024,8.724,0.063,8.626,0.019,9.65712,0.000498,9.89386,0.001105,9.29467,0.000991,8.596,0.024,8.609,0.019,8.592,0.029,8.075,0.251,OSFC,10.0,roquette25,6450.82,2.1059,1.308
264459505,3.234351411749162e+18,81.169106,2.495941,4.15348,9.5441,10.531,0.064,10.116,0.004,9.059,0.03,8.838,0.057,8.768,0.021,9.89887,0.000436,10.1723,0.000908,9.49873,0.001395,8.698,0.024,8.721,0.02,8.693,0.025,8.518,,OSFC,10.0,roquette25,6176.48,1.95248,1.18
264483641,3.222322307864608e+18,81.423645,2.221531,0.968017,9.8112,11.472,0.093,10.677,0.007,8.879,0.018,8.391,0.046,8.297,0.023,10.4399,0.000247,10.9993,0.001297,9.76461,0.001594,8.151,0.023,8.256,0.021,8.151,0.02,8.093,0.262,OSFC,10.0,roquette25,4882.0,11.2909,
464839086,3.223813417430437e+18,82.068977,2.324097,1.17566,9.7083,11.305,0.084,10.362,0.007,8.92,0.019,8.481,0.047,8.404,0.026,10.2635,0.000234,10.737,0.001091,9.66143,0.001211,8.305,0.022,8.37,0.02,8.301,0.023,8.148,0.274,OSFC,10.0,roquette25,5230.0,8.45529,
449364617,3.23436425799552e+18,80.407379,2.237292,5.58724,9.86247,11.174,0.111,10.457,0.008,9.355,0.024,9.02,0.023,8.956,0.024,10.2807,0.000589,10.6129,0.001442,9.81707,0.001896,8.901,0.022,8.956,0.02,8.894,0.029,8.623,,OSFC,10.0,roquette25,5931.0,1.3023,1.082
457230602,3.2223026540942326e+18,81.789635,2.095076,1.93762,9.8008,11.412,0.09,10.679,0.006,8.991,0.029,8.537,0.057,8.502,0.021,10.3414,0.000436,10.7955,0.001246,9.75086,0.001124,8.398,0.022,8.45,0.019,8.394,0.022,8.167,0.251,OSFC,10.0,roquette25,5043.59,5.47569,
459990274,3.234354293671415e+18,81.119583,2.485584,4.45578,9.8631,10.751,0.077,10.286,0.005,9.38,0.023,9.123,0.024,9.136,0.025,10.2097,0.000516,10.4664,0.001085,9.80922,0.001258,9.023,0.022,9.048,0.02,9.03,0.029,8.563,,OSFC,10.0,roquette25,6314.73,1.48065,1.243
264483537,3.2343358124269696e+18,81.42054,2.389531,2.27165,10.1645,11.154,0.096,10.742,0.007,9.674,0.028,9.443,0.024,9.346,0.022,10.5413,0.000455,10.832,0.001408,10.116,0.002293,9.288,0.023,9.313,0.02,9.328,0.046,8.433,,OSFC,10.0,roquette25,6158.0,2.6939,1.17
457230353,3.2238249966622874e+18,81.808762,2.41696,3.76836,9.90746,10.928,0.072,10.414,0.005,9.413,0.023,9.171,0.022,9.141,0.021,10.2703,0.00032,10.548,0.000554,9.85812,0.001074,9.061,0.023,9.094,0.021,9.082,0.031,8.701,0.396,OSFC,10.0,roquette25,6129.05,1.89092,1.159
459990579,3.2342980167158707e+18,81.093605,2.0285,1.0323,9.9365,11.737,0.056,10.733,0.046,9.036,0.024,8.578,0.033,8.508,0.023,10.5317,0.000386,11.0483,0.001173,9.88943,0.000687,8.413,0.023,8.471,0.02,8.386,0.026,8.197,0.311,OSFC,10.0,roquette25,5057.74,9.48541,
269118609,3.2343944258458307e+18,80.903595,2.462302,1.03538,9.9945,10.185,0.065,10.099,0.006,9.791,0.03,9.743,0.023,9.683,0.023,10.0791,0.000492,10.1607,0.000794,9.95077,0.001655,9.633,0.023,9.664,0.02,9.644,0.044,8.948,,OSFC,10.0,roquette25,7648.74,5.01108,1.79
264486726,3.235844097566576e+18,81.511917,2.595887,1.79779,10.592,12.108,0.165,11.163,0.013,9.715,0.023,9.251,0.022,9.169,0.023,11.1837,0.000563,11.695,0.002219,10.5428,0.001105,9.064,0.023,9.126,0.021,9.069,0.032,8.399,0.275,OSFC,10.0,roquette25,5010.8,4.13252,
449424286,3.234262694904495e+18,80.359985,2.010706,0.790692,10.2252,12.281,0.31,11.234,0.028,9.217,0.023,8.613,0.029,8.496,0.034,10.9026,0.000663,11.5281,0.002577,10.1835,0.000947,8.426,0.025,8.51,0.02,8.397,0.022,8.974,0.473,OSFC,10.0,roquette25,4676.0,12.5097,
449361152,3.234363368938087e+18,80.396935,2.205004,3.56908,10.2228,11.452,0.167,11.013,0.012,9.686,0.023,9.423,0.022,9.337,0.023,10.6264,0.000285,10.9424,0.000822,10.1751,0.000426,9.3,0.022,9.329,0.02,9.273,0.035,8.471,,OSFC,10.0,roquette25,6073.0,1.67209,1.135
457230654,3.222300077113869e+18,81.757668,2.025399,2.61569,10.1661,11.237,0.098,10.764,0.007,9.607,0.024,9.313,0.023,9.263,0.023,10.5786,0.000394,10.9016,0.001757,10.1167,0.000762,9.218,0.024,9.255,0.02,9.177,0.03,8.689,0.399,OSFC,10.0,roquette25,5901.09,2.51326,1.07
459990365,3.234343680808053e+18,81.11203,2.36092,2.50429,10.1913,11.286,0.029,10.711,0.034,9.613,0.024,9.294,0.022,9.258,0.021,10.5854,0.000678,10.8905,0.00173,10.1403,0.001619,9.174,0.024,9.194,0.021,9.098,0.031,8.916,0.474,OSFC,10.0,roquette25,6238.39,2.40346,1.21
264462398,3.222316088751978e+18,81.351593,2.185861,0.736713,10.3615,11.797,0.145,11.266,0.01,9.482,0.026,8.898,0.053,8.832,0.021,10.9844,0.00033,11.5348,0.002346,10.3131,0.000711,8.738,0.023,8.811,0.02,8.715,0.028,8.346,,OSFC,10.0,roquette25,4787.69,12.0512,
264621963,3.2343087025944586e+18,80.842354,2.076173,0.895307,10.3595,12.269,0.364,11.668,0.025,9.413,0.026,8.856,0.036,8.751,0.023,11.0131,0.000606,11.5998,0.001683,10.3133,0.001166,8.67,0.024,8.733,0.02,8.618,0.025,8.305,0.31,OSFC,10.0,roquette25,4929.4,9.40734,
449364576,3.234266783713364e+18,80.288246,2.059824,3.55122,10.4167,11.559,0.189,11.111,0.013,9.923,0.024,9.663,0.022,9.619,0.019,10.7767,0.000474,11.051,0.000836,10.3675,0.000779,9.579,0.023,9.613,0.02,9.565,0.043,8.854,0.503,OSFC,10.0,roquette25,6378.0,1.42616,1.27
264462394,3.2343256419455135e+18,81.30999,2.183149,2.70831,10.4908,11.412,0.109,10.87,0.007,10.026,0.024,9.825,0.024,9.77,0.021,10.8285,0.000346,11.084,0.001392,10.4429,0.000892,9.738,0.023,9.749,0.021,9.781,0.054,9.078,,OSFC,10.0,roquette25,6334.7,1.83699,1.25
459990430,3.234329318437433e+18,81.074394,2.245214,0.703309,10.4839,12.824,0.304,11.568,0.036,9.502,0.022,8.933,0.024,8.862,0.021,11.1428,0.000747,11.7412,0.003119,10.4402,0.000716,8.745,0.023,8.827,0.02,8.729,0.027,8.609,,OSFC,10.0,roquette25,4810.37,11.6845,
264462680,3.23435409180873e+18,81.312851,2.598027,3.07804,10.6342,11.514,0.112,10.913,0.008,10.165,0.027,9.947,0.024,9.858,0.023,10.9693,0.000456,11.2189,0.001681,10.5804,0.000761,9.833,0.023,9.859,0.02,9.756,0.05,8.522,,OSFC,10.0,roquette25,6276.83,1.60154,1.226
264593424,3.234320350545753e+18,80.753998,2.252318,0.637992,10.5313,12.35,0.258,11.115,0.03,9.567,0.027,9.024,0.023,8.914,0.028,11.1865,0.000868,11.7816,0.002547,10.4891,0.001114,8.82,0.023,8.922,0.019,8.794,0.031,8.355,,OSFC,10.0,roquette25,4898.65,11.9767,
457230483,3.223808190454022e+18,81.82869,2.23275,1.83328,10.4409,10.877,0.076,10.461,0.005,10.106,0.022,9.996,0.022,9.999,0.019,10.6117,0.000541,10.7437,0.001242,10.3961,0.001344,9.948,0.023,9.974,0.02,9.942,0.056,8.648,,OSFC,10.0,roquette25,7297.59,2.36162,1.65
459990231,3.2343561533930537e+18,81.108604,2.568976,2.73526,10.6341,12.126,0.228,11.399,0.016,9.797,0.02,9.345,0.025,9.267,0.023,11.2344,0.000431,11.7629,0.002342,10.5889,0.001327,9.171,0.024,9.237,0.02,9.155,0.032,8.832,,OSFC,10.0,roquette25,5087.92,2.49766,
264541146,3.222305265434367e+18,81.633087,2.11017,0.711189,10.6745,12.918,0.037,11.613,0.046,9.661,0.026,9.14,0.024,8.964,0.021,11.3576,0.000574,11.993,0.001902,10.6329,0.000981,8.874,0.022,9.0,0.02,8.861,0.03,8.779,0.433,OSFC,10.0,roquette25,4522.13,12.1824,
264631213,3.223754112522219e+18,82.118851,2.087144,2.34208,10.6945,12.516,0.245,11.379,0.025,9.86,0.024,9.359,0.022,9.308,0.027,11.2592,0.000515,11.741,0.002167,10.6446,0.000713,9.235,0.023,9.298,0.021,9.255,0.032,8.348,,OSFC,10.0,roquette25,4952.32,3.08308,
264462513,3.234334231879973e+18,81.362701,2.355011,2.1289,10.6186,11.263,0.112,11.012,0.009,10.223,0.023,10.129,0.024,10.089,0.019,10.8741,0.000867,11.063,0.002916,10.5713,0.001816,10.009,0.023,10.021,0.021,9.945,0.057,8.61,,OSFC,10.0,roquette25,7118.0,1.84009,1.582
264459763,3.234300181379386e+18,81.170937,2.097636,2.09625,10.7175,11.554,0.128,11.042,0.009,10.213,0.024,10.013,0.026,9.917,0.024,11.0646,0.000697,11.3108,0.001704,10.651,0.001794,9.872,0.022,9.892,0.02,9.957,0.055,8.893,,OSFC,10.0,roquette25,6378.15,2.12984,1.27
264486440,3.2223185239978875e+18,81.58757,2.192993,2.09514,10.7497,11.894,0.16,11.421,0.011,10.121,0.023,9.759,0.026,9.684,0.024,11.2068,0.001318,11.569,0.004124,10.6961,0.002928,9.612,0.023,9.619,0.019,9.56,0.042,8.19,,OSFC,10.0,roquette25,5862.0,2.43199,1.06
264462587,3.234340210474441e+18,81.333496,2.460581,2.68725,10.8529,11.716,0.154,11.354,0.011,10.427,0.027,10.199,0.026,10.142,0.021,11.1808,0.000607,11.4234,0.001554,10.7994,0.000955,10.112,0.024,10.124,0.02,10.079,0.057,8.233,,OSFC,10.0,roquette25,6529.81,1.51103,1.35
264543679,3.234307259485476e+18,80.608078,2.011811,1.91115,10.7716,12.484,0.41,11.718,0.029,9.908,0.023,9.454,0.022,9.332,0.019,11.3767,0.000512,11.9083,0.001674,10.7259,0.000949,9.261,0.022,9.335,0.021,9.24,0.034,9.002,,OSFC,10.0,roquette25,5095.2,3.38164,
264483358,3.235857570880456e+18,81.399246,2.693722,0.452215,11.0729,13.176,0.363,12.14,0.032,10.081,0.026,9.546,0.026,9.416,0.023,11.7475,0.000243,12.3601,0.001573,11.0285,0.000996,9.291,0.022,9.399,0.02,9.258,0.036,8.47,,OSFC,10.0,roquette25,4761.07,14.1904,
457249867,3.2222536227477647e+18,81.962471,2.00907,2.34769,10.7833,11.671,0.124,11.089,0.008,10.326,0.022,10.201,0.023,10.145,0.021,11.093,0.000792,11.3253,0.001961,10.7362,0.00083,10.097,0.023,10.122,0.02,10.082,0.06,8.636,,OSFC,10.0,roquette25,6522.27,1.77113,1.34
264459493,3.2343531984555464e+18,81.250099,2.523565,0.957097,10.8477,12.295,0.227,11.513,0.016,9.964,0.026,9.46,0.026,9.32,0.019,11.4533,0.000508,11.9771,0.00173,10.7984,0.000903,9.258,0.023,9.325,0.02,9.209,0.035,8.777,,OSFC,10.0,roquette25,5097.9,6.72971,
264462719,3.235858876550525e+18,81.33712,2.662495,2.50769,10.9984,12.212,0.02,11.5,0.046,10.468,0.028,10.174,0.024,10.111,0.026,11.422,0.000371,11.7558,0.001959,10.9487,0.000841,10.033,0.023,10.083,0.02,9.974,0.057,8.34,,OSFC,10.0,roquette25,5856.39,1.85841,1.06
264588507,3.2343728865855754e+18,80.554794,2.357327,1.03765,10.8751,12.614,0.038,11.703,0.046,9.977,0.026,9.509,0.024,9.457,0.024,11.4568,0.000394,11.9567,0.002692,10.824,0.001181,9.376,0.023,9.429,0.02,9.357,0.038,8.724,,OSFC,10.0,roquette25,5082.0,5.89278,
264622222,3.234320694143134e+18,80.777496,2.26068,2.01838,10.8245,11.444,0.189,11.273,0.016,10.512,0.029,10.394,0.024,10.378,0.023,11.0205,0.000625,11.1681,0.001759,10.7794,0.001306,10.32,0.023,10.329,0.019,10.378,0.082,8.85,,OSFC,10.0,roquette25,7264.29,1.76912,1.64
264622076,3.234315054849475e+18,80.867157,2.141735,1.48501,10.9353,13.419,0.583,11.757,0.057,10.043,0.023,9.606,0.027,9.5,0.024,11.5252,0.000283,12.0316,0.001516,10.8846,0.001149,9.393,0.023,9.44,0.019,9.401,0.041,8.441,,OSFC,10.0,roquette25,5032.5,4.27771,
264486451,3.222318734451806e+18,81.529472,2.209818,0.533697,11.2192,13.371,0.04,12.206,0.057,10.219,0.023,9.642,0.024,9.509,0.023,11.8902,0.000258,12.5028,0.002527,11.1701,0.000741,9.411,0.023,9.506,0.02,9.327,0.037,8.693,0.41,OSFC,10.0,roquette25,4683.61,11.2566,
264622308,3.23432292752611e+18,80.846825,2.3366,0.596653,10.9463,13.235,0.042,11.919,0.069,9.92,0.024,9.351,0.023,9.214,0.023,11.6429,0.000296,12.2903,0.002725,10.9018,0.000791,9.104,0.024,9.23,0.02,9.093,0.031,8.465,0.313,OSFC,10.0,roquette25,4757.84,11.1295,
264593419,3.2343675264663844e+18,80.711929,2.268268,0.634891,10.9674,13.153,0.042,11.892,0.057,9.953,0.026,9.426,0.023,9.265,0.024,11.6459,0.000268,12.2677,0.001976,10.9206,0.000492,9.197,0.022,9.293,0.019,9.124,0.036,8.851,,OSFC,10.0,roquette25,4701.6,10.7954,
264593460,3.2343141657928617e+18,80.684952,2.189,2.65295,10.9532,11.78,0.282,11.454,0.046,10.392,0.027,10.136,0.023,10.096,0.028,11.3476,0.000656,11.6502,0.001347,10.9006,0.000959,10.04,0.023,10.074,0.02,10.037,0.066,8.578,,OSFC,10.0,roquette25,6055.62,1.64413,1.13
264622057,3.234314956066836e+18,80.82444,2.130708,0.556919,11.0123,12.897,0.457,11.831,0.041,9.999,0.026,9.471,0.023,9.325,0.021,11.7017,0.000269,12.3371,0.003289,10.9697,0.001024,9.199,0.024,9.325,0.02,9.176,0.036,8.25,,OSFC,10.0,roquette25,4792.03,11.6021,
269118733,3.234404566264268e+18,80.995903,2.6518,2.01671,11.0857,11.874,0.207,11.356,0.014,10.605,0.024,10.429,0.022,10.398,0.023,11.4145,0.000626,11.6593,0.001961,11.0308,0.000846,10.33,0.023,10.345,0.02,10.297,0.074,8.618,,OSFC,10.0,roquette25,6563.35,1.85563,1.36
264540935,3.2238270539503713e+18,81.668671,2.416175,0.562057,11.161,13.312,0.037,12.09,0.034,10.168,0.026,9.565,0.024,9.466,0.019,11.8324,0.00028,12.4418,0.002313,11.1134,0.000918,9.385,0.022,9.488,0.021,9.445,0.041,8.731,,OSFC,10.0,roquette25,4736.0,11.0442,
457249961,3.223803727984263e+18,81.928284,2.140388,0.959972,11.0535,11.476,0.13,11.14,0.009,10.7,0.022,10.651,0.025,10.585,0.019,11.2275,0.000566,11.3535,0.001632,10.9995,0.001427,10.544,0.023,10.55,0.021,10.656,0.086,8.752,,OSFC,10.0,roquette25,7335.5,3.34033,1.66
459990597,3.2222881199249976e+18,81.133575,2.005557,0.723468,11.1768,13.441,0.066,12.13,0.069,10.101,0.022,9.528,0.022,9.402,0.019,11.8801,0.000253,12.5287,0.002275,11.128,0.001048,9.29,0.023,9.389,0.02,9.261,0.042,8.367,,OSFC,10.0,roquette25,4620.0,9.18524,
459990378,3.234342753095128e+18,81.042526,2.338476,1.56018,11.2148,12.55,0.388,11.995,0.027,10.416,0.026,10.014,0.026,9.943,0.021,11.7693,0.000269,12.2358,0.001377,11.1628,0.001056,9.824,0.022,9.868,0.021,9.796,0.057,8.243,,OSFC,10.0,roquette25,5248.87,3.21624,
264631088,3.223812622860268e+18,82.129478,2.282163,2.31769,11.2397,12.258,0.031,11.717,0.046,10.691,0.023,10.473,0.024,10.436,0.021,11.5997,0.000674,11.8679,0.001433,11.1843,0.001024,10.39,0.023,10.413,0.021,10.413,0.081,8.745,,OSFC,10.0,roquette25,6241.84,1.56253,1.21
457230249,3.223835785620114e+18,81.815819,2.550751,2.69914,11.2823,12.167,0.208,11.546,0.014,10.668,0.023,10.339,0.021,10.326,0.024,11.7072,0.000236,12.0346,0.001129,11.2254,0.001247,10.242,0.023,10.277,0.021,10.302,0.07,8.654,,OSFC,10.0,roquette25,5713.83,1.56926,1.02
269118672,3.234397552582016e+18,80.89959,2.556261,2.33753,11.2652,12.5,0.018,11.82,0.069,10.669,0.027,10.364,0.022,10.268,0.023,11.6982,0.000257,12.0375,0.001263,11.212,0.000938,10.248,0.024,10.288,0.021,10.254,0.066,8.751,,OSFC,10.0,roquette25,5909.18,1.73588,1.07
449427802,3.2342651000861527e+18,80.454849,2.119003,0.896723,11.3188,12.382,0.032,11.826,0.057,10.778,0.024,10.591,0.024,10.491,0.021,11.6992,0.000258,11.9875,0.001442,11.2637,0.000752,10.444,0.023,10.467,0.021,10.468,0.073,9.08,,OSFC,10.0,roquette25,6363.0,3.7493,1.27
264483584,3.2343329219134193e+18,81.455711,2.314367,0.456007,11.5205,13.612,0.041,12.455,0.08,10.589,0.028,10.016,0.024,9.881,0.021,12.1771,0.000209,12.7709,0.003266,11.4712,0.001199,9.798,0.023,9.891,0.02,9.766,0.052,8.404,,OSFC,10.0,roquette25,4726.0,11.1091,
264462445,3.234327252556591e+18,81.293327,2.243742,0.566057,11.4231,13.535,0.042,12.395,0.057,10.409,0.026,9.85,0.026,9.688,0.019,12.0956,0.000274,12.7056,0.00161,11.3749,0.001213,9.627,0.024,9.71,0.021,9.602,0.042,8.535,0.354,OSFC,10.0,roquette25,4732.0,9.74571,
264543773,3.234360860677167e+18,80.582642,2.175407,0.807754,11.3097,12.591,0.037,11.922,0.057,10.671,0.024,10.391,0.023,10.315,0.021,11.7602,0.000255,12.1136,0.001015,11.2537,0.000887,10.262,0.023,10.292,0.02,10.203,0.063,8.989,,OSFC,10.0,roquette25,5912.78,4.70391,
264621870,3.2342962257128535e+18,80.810562,2.018596,1.0311,11.3886,11.875,0.284,11.628,0.022,10.852,0.027,10.686,0.026,10.584,0.021,11.7478,0.000278,12.0148,0.001336,11.3294,0.001101,10.542,0.023,10.556,0.021,10.505,0.097,8.281,,OSFC,10.0,roquette25,6477.51,3.18069,1.32
264462485,3.234330757249902e+18,81.266907,2.314578,1.36749,11.5344,12.594,0.389,12.326,0.029,10.876,0.024,10.539,0.023,10.488,0.019,11.9845,0.000188,12.3368,0.001232,11.4778,0.001126,10.455,0.023,10.477,0.02,10.706,0.093,8.558,,OSFC,10.0,roquette25,5908.35,2.54279,1.07
449364605,3.234364361074735e+18,80.354202,2.233968,,11.5667,12.833,0.031,12.164,0.069,10.908,0.024,10.596,0.022,10.562,0.024,12.02,0.000794,12.3558,0.002609,11.4893,0.000898,10.461,0.023,10.508,0.021,10.363,0.081,8.359,,OSFC,10.0,roquette25,5933.78,1.92009,
264593295,3.234375218752084e+18,80.664795,2.448056,0.483768,11.4966,13.56,0.034,12.416,0.057,10.481,0.027,9.969,0.026,9.834,0.021,12.153,0.000212,12.7449,0.001972,11.446,0.000716,9.751,0.023,9.833,0.02,9.434,0.038,8.441,,OSFC,10.0,roquette25,4846.25,9.99554,
464839201,3.2237569600841206e+18,82.000687,2.136491,2.03344,11.5284,12.869,0.367,12.039,0.027,10.676,0.026,10.174,0.022,10.147,0.023,12.1086,0.000259,12.6057,0.003595,11.4752,0.000938,10.029,0.023,10.079,0.021,10.159,0.062,8.684,,OSFC,10.0,roquette25,5064.0,2.25695,
269118298,3.2342955771744026e+18,80.908546,2.014038,0.807663,11.5493,13.674,0.065,12.48,0.195,10.53,0.027,9.99,0.026,9.896,0.024,12.2223,0.000205,12.831,0.002124,11.5011,0.001429,9.778,0.023,9.872,0.02,9.704,0.044,8.566,,OSFC,10.0,roquette25,4759.0,6.54524,
264622144,3.2343191436590766e+18,80.787598,2.192417,1.91433,11.5628,12.796,0.478,12.017,0.034,10.917,0.026,10.626,0.024,10.569,0.026,12.0266,0.000199,12.397,0.00163,11.5105,0.000718,10.493,0.023,10.538,0.02,10.502,0.099,8.601,,OSFC,10.0,roquette25,5838.21,1.82576,1.05
464839276,3.223755035938775e+18,82.022629,2.042371,0.737779,11.6762,13.622,0.035,12.561,0.069,10.751,0.023,10.278,0.023,10.158,0.019,12.3009,0.000264,12.8501,0.002101,11.6249,0.001274,10.055,0.023,10.118,0.02,10.15,0.061,8.655,,OSFC,10.0,roquette25,4914.0,6.15222,
457250154,3.2238297340099656e+18,81.901566,2.404228,0.781432,11.6861,13.715,0.025,12.601,0.08,10.756,0.024,10.198,0.024,10.124,0.021,12.3288,0.000288,12.9014,0.002001,11.6365,0.000657,10.028,0.024,10.098,0.02,10.01,0.052,8.775,,OSFC,10.0,roquette25,4881.97,5.87346,
264462482,3.2343307271866737e+18,81.286995,2.311538,0.382306,11.8442,14.225,0.037,12.862,0.08,10.733,0.024,10.152,0.024,10.012,0.024,12.5634,0.000224,13.237,0.00175,11.7971,0.000806,9.927,0.023,10.055,0.021,9.931,0.052,8.594,,OSFC,10.0,roquette25,4543.0,12.54,
449424306,3.2343589365318385e+18,80.476639,2.12802,0.225963,11.7589,13.576,0.031,12.697,0.069,10.835,0.023,10.312,0.024,10.186,0.023,12.3754,0.000253,12.9083,0.001522,11.7016,0.000549,10.103,0.022,10.138,0.021,9.985,0.059,8.634,,OSFC,10.0,roquette25,4962.0,15.6248,
264486496,3.222320516862712e+18,81.599297,2.261442,0.479128,11.8062,13.772,0.042,12.715,0.092,10.841,0.026,10.258,0.026,10.151,0.023,12.4468,0.000335,12.976,0.002772,11.718,0.002878,10.051,0.023,10.133,0.02,10.025,0.06,8.653,,OSFC,10.0,roquette25,4890.0,8.91769,
264462763,3.2358603153639204e+18,81.266777,2.722498,0.884224,11.8846,13.903,0.024,12.777,0.08,10.931,0.029,10.436,0.022,10.295,0.019,12.5276,0.000196,13.099,0.002684,11.8367,0.001577,10.221,0.023,10.299,0.02,10.225,0.068,8.557,,OSFC,10.0,roquette25,4899.0,4.83301,
459990462,3.2343279053916216e+18,81.122803,2.191996,1.80854,11.7494,13.586,0.044,12.557,0.103,10.873,0.024,10.382,0.022,10.352,0.021,12.3521,0.000186,12.8753,0.001794,11.6974,0.001498,10.226,0.024,10.292,0.02,10.293,0.075,8.111,,OSFC,10.0,roquette25,5109.4,2.24718,
459990473,3.234304579425816e+18,81.076042,2.17816,2.26725,11.7173,13.08,0.417,12.178,0.032,11.103,0.022,10.787,0.024,10.757,0.023,12.1608,0.000224,12.5082,0.001198,11.6621,0.001037,10.69,0.022,10.719,0.021,10.696,0.092,8.956,,OSFC,10.0,roquette25,5947.1,1.37378,1.09
264540846,3.235840249276417e+18,81.634453,2.550999,0.925978,11.8641,13.173,0.031,12.449,0.08,11.215,0.028,10.862,0.024,10.814,0.021,12.3186,0.000246,12.6748,0.00183,11.807,0.001023,10.772,0.023,10.802,0.022,11.005,0.126,9.081,,OSFC,10.0,roquette25,6066.21,3.06709,1.13
264540890,3.2238290854711567e+18,81.699791,2.487932,1.03566,12.0218,14.076,0.033,12.883,0.057,11.03,0.026,10.496,0.023,10.408,0.019,12.6698,0.000269,13.2488,0.002466,11.973,0.001624,10.338,0.023,10.416,0.022,10.306,0.071,8.755,,OSFC,10.0,roquette25,4804.2,4.02093,
264621833,3.2342961913531156e+18,80.802711,2.004621,0.835565,12.0752,13.295,0.048,12.622,0.069,11.409,0.026,11.167,0.026,11.028,0.021,12.5142,0.000214,12.8533,0.001528,12.0157,0.001316,11.009,0.024,11.037,0.021,11.01,0.128,9.136,,OSFC,10.0,roquette25,6096.0,3.11461,1.14
264459550,3.234349968640151e+18,81.240875,2.430204,0.62283,12.2603,14.222,0.033,13.187,0.08,11.298,0.026,10.76,0.023,10.658,0.021,12.8956,0.000229,13.4553,0.001894,12.2091,0.001306,10.599,0.023,10.662,0.02,10.595,0.091,9.027,,OSFC,10.0,roquette25,4981.22,5.42488,
459990349,3.234344471082032e+18,81.115051,2.387473,0.496794,12.1734,14.532,0.04,13.196,0.126,11.085,0.023,10.459,0.024,10.368,0.025,12.895,0.000297,13.567,0.002761,12.1227,0.000994,10.255,0.024,10.346,0.021,10.217,0.064,8.886,,OSFC,10.0,roquette25,4545.0,8.52078,
264459760,3.234323541704852e+18,81.222939,2.118002,1.02126,12.2308,13.843,0.068,12.984,0.103,11.388,0.027,10.917,0.026,10.796,0.019,12.805,0.002888,13.2945,0.011246,12.1794,0.006925,10.75,0.023,10.774,0.02,10.653,0.097,8.453,,OSFC,10.0,roquette25,5163.0,3.14221,
264593362,3.234369961712118e+18,80.744568,2.359858,1.52268,12.2016,13.777,0.041,13.022,0.114,11.42,0.028,10.97,0.023,10.897,0.027,12.7421,0.000222,13.1903,0.00123,12.1452,0.000642,10.814,0.023,10.845,0.021,10.799,0.114,9.004,,OSFC,10.0,roquette25,5274.0,2.02889,0.9
264541090,3.222307086500479e+18,81.715042,2.178571,0.453644,12.2219,14.526,0.029,13.195,0.103,11.155,0.024,10.63,0.024,10.475,0.024,12.9182,0.000472,13.5594,0.002243,12.1728,0.001647,10.392,0.023,10.512,0.019,10.285,0.07,8.943,,OSFC,10.0,roquette25,4624.0,8.71127,
264621907,3.234296642326289e+18,80.891174,2.046999,0.930029,12.235,13.539,0.051,12.846,0.092,11.544,0.024,11.284,0.026,11.156,0.019,12.6953,0.000216,13.055,0.001183,12.1757,0.000928,11.126,0.023,11.149,0.021,11.145,0.159,8.705,,OSFC,10.0,roquette25,5925.0,2.72038,1.08
264459788,3.222290280292074e+18,81.206863,2.068991,0.345915,12.3408,14.393,0.082,13.278,0.092,11.363,0.024,10.798,0.024,10.664,0.021,12.9958,0.000465,13.5798,0.002233,12.2873,0.001248,10.596,0.023,10.663,0.021,10.583,0.092,8.963,,OSFC,10.0,roquette25,4787.0,9.6543,
457230296,3.223834205072155e+18,81.848572,2.486478,0.16842,12.3914,14.695,0.038,13.4,0.08,11.266,0.022,10.676,0.024,10.585,0.023,13.0995,0.00033,13.7494,0.002406,12.3369,0.000976,10.457,0.024,10.559,0.021,10.439,0.086,8.356,,OSFC,10.0,roquette25,4594.0,19.0106,
264593474,3.2343136847565297e+18,80.667305,2.164845,0.852554,12.3269,13.833,0.208,12.977,0.069,11.642,0.03,11.253,0.026,11.191,0.028,12.8141,0.000302,13.2027,0.0012,12.2692,0.001762,11.146,0.023,11.176,0.022,11.24,0.163,8.809,,OSFC,10.0,roquette25,5673.0,3.00528,1.01
264543708,3.2343107641787817e+18,80.631989,2.061001,0.40004,12.4163,14.509,0.058,13.473,0.103,11.378,0.024,10.782,0.022,10.676,0.023,13.0956,0.000474,13.7058,0.002434,12.3588,0.002356,10.599,0.023,10.65,0.02,10.595,0.085,8.72,,OSFC,10.0,roquette25,4696.0,8.60345,
269118704,3.234401130290445e+18,80.905342,2.610769,0.324244,12.6777,14.68,0.021,13.594,0.15,11.622,0.039,11.081,0.041,10.833,,13.3582,0.000335,13.9714,0.001799,12.6261,0.001202,10.639,0.023,10.7,0.021,10.654,0.108,8.734,,OSFC,10.0,roquette25,4750.0,9.17041,
464839263,3.2237551433143864e+18,82.025803,2.05853,0.901413,12.4351,14.21,0.044,13.263,0.092,11.567,0.024,11.152,0.027,11.028,0.023,13.016,0.000541,13.5071,0.002505,12.3771,0.001895,10.916,0.023,10.952,0.021,10.985,0.126,8.653,,OSFC,10.0,roquette25,5115.0,3.27614,
459990236,3.234355908579114e+18,81.118675,2.558251,0.38946,12.55,14.769,0.04,13.593,0.103,11.475,0.021,10.887,0.024,10.781,0.025,13.2457,0.000313,13.8748,0.002647,12.4967,0.000735,10.679,0.023,10.746,0.02,10.628,0.089,8.824,,OSFC,10.0,roquette25,4715.0,8.51943,
457249956,3.2238034874660977e+18,81.923218,2.130002,0.935346,12.5663,14.233,0.031,13.326,0.103,11.726,0.024,11.323,0.025,11.239,0.021,13.1205,0.000358,13.5814,0.001956,12.51,0.000907,11.172,0.023,11.213,0.021,11.242,0.143,8.95,,OSFC,10.0,roquette25,5312.0,2.80262,
269118438,3.234305644577708e+18,81.01416,2.217636,1.0827,12.6348,14.363,0.047,13.459,0.114,11.798,0.023,11.391,0.023,11.296,0.021,13.2091,0.000353,13.6958,0.002224,12.5805,0.000939,11.22,0.023,11.266,0.021,11.293,0.159,8.522,,OSFC,10.0,roquette25,5230.35,2.38739,
264462374,3.234324091460665e+18,81.281288,2.155674,0.864765,12.6647,14.413,0.025,13.492,0.114,11.815,0.027,11.349,0.026,11.265,0.023,13.247,0.000329,13.7408,0.002503,12.6091,0.001081,11.199,0.022,11.247,0.022,11.267,0.16,8.664,,OSFC,10.0,roquette25,5150.0,3.06293,
264588471,3.234368763416969e+18,80.621658,2.308362,0.837886,12.6117,14.289,0.047,13.617,0.103,11.682,0.024,11.126,0.023,11.035,0.026,13.1872,0.001347,13.6626,0.003874,12.5437,0.004527,10.797,0.023,10.763,0.021,10.621,0.112,9.104,,OSFC,10.0,roquette25,5777.82,2.43368,1.04
457230582,3.2223032725697096e+18,81.80275,2.119741,0.620793,12.6495,14.84,0.046,13.618,0.092,11.629,0.024,11.086,0.024,10.942,0.021,13.328,0.000306,13.9456,0.001814,12.5948,0.001189,10.861,0.022,10.953,0.02,10.894,0.105,8.515,,OSFC,10.0,roquette25,4629.0,5.20542,
269118513,3.234342439561687e+18,80.967537,2.313646,0.770728,12.6752,14.695,0.042,13.6,0.114,11.751,0.023,11.248,0.024,11.181,0.024,13.3125,0.000389,13.8749,0.002641,12.6237,0.001274,11.072,0.023,11.158,0.021,11.031,0.138,8.683,,OSFC,10.0,roquette25,4911.44,3.76537,
457250186,3.223830150623026e+18,81.910072,2.442401,0.621387,12.7381,14.379,0.038,13.537,0.114,11.888,0.021,11.485,0.024,11.434,0.021,13.2886,0.000731,13.7424,0.002157,12.6788,0.001964,11.345,0.024,11.376,0.022,11.503,0.199,8.396,,OSFC,10.0,roquette25,5342.0,3.80547,
264622460,3.234394979897307e+18,80.806107,2.454081,0.113596,12.7829,15.419,0.033,13.9,0.08,11.547,0.03,10.905,0.024,10.686,0.021,13.5639,0.00034,14.32,0.002538,12.7271,0.0009,10.599,0.023,10.726,0.021,10.625,0.087,8.791,0.502,OSFC,10.0,roquette25,4309.0,22.0224,
264543704,3.2343104205814006e+18,80.605499,2.055637,0.205889,12.7835,14.855,0.051,13.842,0.114,11.765,0.024,11.205,0.022,11.111,0.024,13.4451,0.00028,14.0355,0.002779,12.7291,0.001391,10.993,0.023,11.086,0.022,10.973,0.128,8.925,,OSFC,10.0,roquette25,4773.0,12.1241,
264622110,3.234316257441054e+18,80.857559,2.171487,0.150814,12.798,15.004,0.108,13.787,0.126,11.767,0.024,11.204,0.024,11.074,0.023,13.4766,0.000304,14.0897,0.002568,12.7462,0.000912,10.973,0.024,11.079,0.021,10.999,0.122,9.059,,OSFC,10.0,roquette25,4726.0,15.3204,
264540875,3.2358389479023386e+18,81.649315,2.508181,0.244377,12.8581,14.83,0.032,13.708,0.103,11.912,0.028,11.32,0.023,11.229,0.024,13.4963,0.000311,14.0571,0.001805,12.8039,0.001234,11.174,0.023,11.245,0.022,11.325,0.18,8.872,,OSFC,10.0,roquette25,4889.0,9.81063,
264459588,3.2343436464483087e+18,81.138023,2.375175,0.0647585,12.9518,15.038,0.048,14.055,0.114,11.797,0.034,11.184,0.027,11.038,0.024,13.6753,0.000268,14.3438,0.003954,12.899,0.001246,10.925,0.024,11.028,0.022,11.146,0.143,8.932,,OSFC,10.0,roquette25,4575.0,22.5249,
264631113,3.223765210717688e+18,82.133392,2.249901,0.2673,13.086,15.17,0.044,14.061,0.114,12.021,0.023,11.474,0.024,11.368,0.021,13.7505,0.000281,14.3472,0.003103,13.0327,0.001047,11.313,0.023,11.371,0.022,11.083,0.151,8.751,,OSFC,10.0,roquette25,4736.0,8.72426,
457230304,3.223829149894405e+18,81.746613,2.475942,0.157666,13.0516,15.413,0.037,14.086,0.172,11.914,0.024,11.266,0.024,11.144,0.026,13.7741,0.000331,14.4422,0.004284,12.9989,0.001345,11.049,0.023,11.15,0.022,11.157,0.165,8.76,,OSFC,10.0,roquette25,4489.28,14.8446,
264459832,3.222288978918444e+18,81.224365,2.005039,0.366849,13.0628,14.966,0.048,13.895,0.069,12.129,0.023,11.612,0.026,11.499,0.024,13.6859,0.000293,14.2288,0.002067,13.0063,0.001329,11.409,0.023,11.478,0.023,11.392,0.182,8.925,,OSFC,10.0,roquette25,4972.88,5.99645,
269118647,3.234397178920544e+18,80.89801,2.525895,0.51508,13.0931,15.172,0.035,14.033,0.137,12.089,0.029,11.575,0.025,11.456,0.026,13.7505,0.000339,14.3359,0.00218,13.0428,0.00094,11.375,0.023,11.455,0.022,11.245,0.174,8.812,,OSFC,10.0,roquette25,4854.0,4.75901,
269118516,3.234342508281164e+18,80.997841,2.319807,0.191919,13.1144,15.095,0.027,14.073,0.114,12.107,0.023,11.624,0.027,11.51,0.024,13.7585,0.000327,14.3278,0.003072,13.0605,0.000884,11.413,0.023,11.477,0.021,11.5,0.205,8.866,,OSFC,10.0,roquette25,4848.0,10.5219,
457250004,3.2238050680140493e+18,81.939651,2.19307,0.38852,13.0848,15.084,0.049,14.081,0.092,12.144,0.024,11.518,0.022,11.484,0.023,13.7265,0.000263,14.2899,0.003226,13.0301,0.00126,11.41,0.024,11.466,0.022,11.291,0.15,8.816,,OSFC,10.0,roquette25,4896.0,6.01771,
264588466,3.234362883605984e+18,80.605659,2.290832,0.205309,13.0442,15.0,0.032,14.075,0.149,12.073,0.024,11.54,0.024,11.464,0.024,13.6774,0.000322,14.235,0.003134,12.9895,0.000668,11.38,0.024,11.465,0.022,11.684,0.23,8.968,,OSFC,10.0,roquette25,4851.0,10.3764,
457230497,3.2238081603905157e+18,81.822449,2.21838,0.105283,13.2398,15.543,0.04,14.252,0.08,12.135,0.023,11.505,0.024,11.428,0.024,13.9468,0.000366,14.5962,0.00237,13.1866,0.001287,11.303,0.022,11.407,0.02,11.435,0.186,8.571,,OSFC,10.0,roquette25,4605.0,16.3042,
269118351,3.2343030675973524e+18,80.946147,2.09811,0.159042,13.3252,15.395,0.056,14.353,0.114,12.281,0.027,11.729,0.026,11.612,0.024,13.9942,0.00034,14.5914,0.002841,13.2731,0.002141,11.529,0.023,11.611,0.022,11.76,0.252,8.379,,OSFC,10.0,roquette25,4766.11,11.4866,
264593532,3.234307843601018e+18,80.668552,2.062378,0.268312,13.4731,15.933,0.049,14.558,0.103,12.369,0.026,11.771,0.024,11.634,0.024,14.2148,0.000399,14.9161,0.002249,13.4224,0.001604,11.515,0.024,11.626,0.022,11.646,0.224,9.057,,OSFC,10.0,roquette25,4464.0,8.28807,
269118366,3.2343039566540744e+18,81.001316,2.124561,,14.5822,19.172,0.163,16.832,1.133,12.744,0.029,12.078,0.024,11.825,0.024,15.6986,0.010484,17.0276,0.014931,14.3863,0.00855,11.711,0.023,11.546,0.022,11.401,0.196,8.998,,OSFC,10.0,roquette25,,,
264462551,3.234337599134329e+18,81.349467,2.40383,4.09743,14.528,18.734,0.163,16.492,1.133,13.06,0.024,12.447,0.026,12.223,0.026,15.665,0.000559,16.89,0.007763,14.57,0.002575,12.086,0.023,11.99,0.023,12.354,0.439,8.86,,OSFC,10.0,roquette25,3536.0,0.557781,0.5522
459990375,3.234343470353382e+18,81.098102,2.346025,8.75106,14.5941,,,16.56,0.2,13.139,0.026,12.611,0.026,12.392,0.024,15.7528,0.000776,17.0254,0.008455,14.6411,0.003251,12.192,0.023,12.026,0.023,11.583,0.197,8.747,,OSFC,10.0,roquette25,3497.0,0.298138,0.274494
264459595,3.234343818246999e+18,81.158914,2.36356,2.75879,14.9776,,,,,12.869,0.027,12.256,0.026,12.007,0.024,16.1874,0.001412,17.792,0.058419,14.8704,0.0032,11.815,0.026,11.623,0.025,11.397,0.196,8.608,,OSFC,10.0,roquette25,3292.0,,
264486443,3.2223187000920653e+18,81.551208,2.201609,,15.1157,18.938,0.164,17.4555,0.0497,13.218,0.029,12.59,0.026,12.321,0.029,16.2274,0.010719,17.5044,0.017158,14.8804,0.003468,12.221,0.024,12.061,0.023,11.928,0.273,9.088,,OSFC,10.0,roquette25,,,
264588542,3.234373642499805e+18,80.606356,2.428643,4.78084,14.8801,19.148,0.164,17.374,0.0476,13.286,0.029,12.704,0.032,12.431,0.027,16.147,0.001318,17.5683,0.013326,14.9456,0.003628,12.242,0.023,12.097,0.022,11.526,0.219,8.548,,OSFC,10.0,roquette25,3367.0,0.468773,0.466363
264459396,3.2344054596175923e+18,81.192319,2.680951,,15.0667,19.144,0.164,16.807,1.133,13.342,0.029,12.741,0.03,12.51,0.03,16.1776,0.004287,17.5825,0.016039,14.9612,0.003414,12.361,0.023,12.195,0.024,12.442,0.481,8.878,,OSFC,10.0,roquette25,,,
457249855,3.2222541725035904e+18,81.864332,2.00178,2.82623,15.2933,19.548,0.164,17.734,0.056,13.677,0.029,13.047,0.025,12.829,0.031,16.5376,0.002825,17.945,0.034231,15.3559,0.008917,12.706,0.024,12.558,0.025,11.874,,8.887,,OSFC,10.0,roquette25,3385.0,0.593154,0.582467
264622200,3.2343212095392015e+18,80.865099,2.244696,,15.8307,19.863,0.163,,,13.726,0.026,13.107,0.033,12.833,0.027,17.0501,0.012801,18.6579,0.03837,15.611,0.003953,12.707,0.024,12.5,0.025,11.804,,8.338,,OSFC,10.0,roquette25,,,
449425298,3.2342631759408384e+18,80.306775,2.020653,9.7594,15.3517,,,18.3,0.2,13.597,0.028,12.946,0.022,12.7,0.029,16.731,0.001286,18.4771,0.022712,15.4486,0.002907,12.505,0.025,12.343,0.024,11.812,,9.026,,OSFC,10.0,roquette25,3169.0,0.241601,0.211826
264541084,3.222317738019386e+18,81.614844,2.187893,2.94903,15.3396,19.759,0.163,17.832,0.0473,13.699,0.03,13.112,0.033,12.79,0.036,16.5832,0.000847,18.0531,0.01216,15.4066,0.002638,12.682,0.025,12.574,0.026,12.534,0.543,9.001,,OSFC,10.0,roquette25,3355.0,0.583052,0.574036
464839245,,81.990242,2.073935,,15.624,20.372,0.162,,,13.739,0.026,13.119,0.027,12.89,0.033,,,,,,,12.705,0.023,12.529,0.025,12.277,,8.963,,OSFC,10.0,roquette25,,,
457250207,3.2238305586436787e+18,81.928405,2.47002,1.59333,12.94,14.243,0.023,13.506,0.103,12.027,0.024,11.643,0.03,11.587,0.027,13.438,0.000351,13.7456,0.008374,12.7902,0.010455,11.364,0.023,11.374,0.021,11.34,0.191,8.626,,OSFC,10.0,roquette25,5621.0,1.25654,1.0
264593534,3.2343091106154926e+18,80.729625,2.061253,3.95623,15.5759,20.062,0.163,18.1847,0.0585,13.936,0.027,13.41,0.035,13.102,0.027,16.8682,0.001574,18.3673,0.038068,15.6485,0.003285,12.995,0.025,12.81,0.027,12.124,0.366,8.554,,OSFC,10.0,roquette25,3319.0,0.429458,0.424294
449427049,3.23421713389012e+18,80.443152,2.02738,,16.4121,19.961,0.164,,,13.862,0.033,13.236,0.034,12.928,0.039,17.5923,0.009563,18.5243,0.022895,15.6387,0.005236,12.755,0.025,12.588,0.026,12.154,0.383,8.81,,OSFC,10.0,roquette25,,,
464839095,3.22381348614992e+18,82.038716,2.312428,2.54605,15.6305,19.632,0.165,18.2649,0.0756,13.98,0.033,13.36,0.022,13.163,0.038,16.9309,0.004088,18.4416,0.061678,15.7044,0.011402,12.985,0.026,12.789,0.027,11.816,,9.022,,OSFC,10.0,roquette25,3310.0,0.574101,0.566425
264462532,3.2343371825212846e+18,81.3479,2.371822,3.56943,15.6855,19.839,0.165,17.96,0.2,14.101,0.033,13.448,0.032,13.178,0.039,16.943,0.001326,18.3632,0.039551,15.7498,0.005251,13.092,0.026,12.981,0.029,12.456,0.483,8.751,,OSFC,10.0,roquette25,3372.0,0.451023,0.447646
264462505,3.234336804564138e+18,81.310195,2.344778,3.75358,15.73,19.727,0.164,18.3278,0.047,14.137,0.03,13.413,0.03,13.183,0.037,17.0119,0.001387,18.5205,0.01027,15.8024,0.003926,13.043,0.025,12.956,0.028,12.443,,8.994,,OSFC,10.0,roquette25,3319.0,0.434206,0.42949
269118686,3.234397934834777e+18,80.943274,2.576298,3.24194,15.8149,20.038,0.165,18.2546,0.0483,14.317,0.034,13.555,0.039,13.286,0.038,17.0626,0.001256,18.461,0.016419,15.8768,0.003629,13.194,0.025,13.116,0.029,12.042,,8.131,,OSFC,10.0,roquette25,3387.0,0.466379,0.463867
264621854,3.2342962600725996e+18,80.785105,2.012564,,16.2385,20.673,0.165,,,14.145,0.039,13.559,0.033,13.31,0.039,17.5256,0.003716,19.4739,0.055465,16.1252,0.007046,13.103,0.027,12.899,0.027,12.178,,8.236,,OSFC,10.0,roquette25,,,
264486618,3.235836783238827e+18,81.574498,2.449785,2.79819,15.9679,19.935,0.165,,,14.246,0.036,13.683,0.035,13.466,0.044,17.3256,0.003424,18.9237,0.070586,16.0521,0.011891,13.275,0.025,13.097,0.029,12.331,0.427,9.026,,OSFC,10.0,roquette25,3244.0,0.48917,0.48725
449430535,3.234364777687344e+18,80.439915,2.27309,,16.0186,20.464,0.164,,,14.296,0.033,13.736,0.036,13.382,0.038,17.5042,0.003906,19.0183,0.05107,16.1059,0.008395,13.25,0.026,13.076,0.028,12.214,0.414,8.803,,OSFC,10.0,roquette25,3225.0,0.456672,0.453655
269118304,3.2342957790362685e+18,80.901459,2.020715,1.8969,16.1357,,,,,14.373,0.037,13.807,0.032,13.41,0.043,17.4802,0.002228,19.0506,0.027447,16.2169,0.008211,13.398,0.026,13.169,0.03,12.18,,8.823,,OSFC,10.0,roquette25,3263.0,0.64626,0.624316
264593311,3.2343715079007355e+18,80.74607,2.417819,15.0185,16.1268,,,,,13.809,0.027,13.203,0.027,12.815,0.031,17.8194,0.001854,20.3197,0.096028,16.3005,0.010341,12.647,0.023,12.435,0.024,11.976,0.332,8.939,,OSFC,10.0,roquette25,2838.0,0.160592,0.131792
457249994,3.223804960638726e+18,81.923132,2.180278,2.87604,16.2549,,,,,14.534,0.04,13.847,0.046,13.638,0.049,17.6332,0.001773,19.3606,0.055475,16.3498,0.00486,13.529,0.026,13.336,0.031,12.161,,8.876,,OSFC,10.0,roquette25,3178.0,0.453308,0.450082
264621852,3.2342962600725996e+18,80.788176,2.012161,3.04369,16.3851,,,,,14.477,0.045,13.886,0.049,13.584,0.052,17.8552,0.002152,19.7731,0.0779,16.5004,0.007749,13.412,0.029,13.186,0.031,12.502,,8.709,,OSFC,10.0,roquette25,3058.0,0.442862,0.438884
264631157,3.22376087709538e+18,82.204437,2.181179,3.02221,16.3796,,,,,14.429,0.033,13.878,0.035,13.562,0.049,17.8345,0.002797,19.7016,0.087569,16.4901,0.007672,13.432,0.027,13.301,0.03,12.667,,8.761,,OSFC,10.0,roquette25,3085.0,0.448795,0.445264
464839028,3.2238175019435715e+18,82.030444,2.402729,3.15634,16.3965,20.443,0.166,,,14.652,0.038,14.069,0.031,13.726,0.053,17.7743,0.001937,19.4482,0.046202,16.4875,0.007099,13.658,0.026,13.438,0.033,12.35,0.442,8.043,,OSFC,10.0,roquette25,3202.0,0.410057,0.402787
264486436,3.222318489638286e+18,81.562827,2.190211,2.6257,16.4319,20.33,0.166,,,14.7,0.037,14.031,0.036,13.786,0.06,17.7801,0.001973,19.4895,0.039922,16.5232,0.007671,13.683,0.028,13.543,0.035,12.11,,8.937,,OSFC,10.0,roquette25,3199.0,0.460315,0.457505
264459650,3.234330241854056e+18,81.236957,2.287122,2.72162,16.6681,,,,,14.896,0.045,14.293,0.046,14.01,0.071,18.1048,0.002538,19.9498,0.092007,16.7755,0.008265,13.773,0.028,13.56,0.034,12.112,,8.882,,OSFC,10.0,roquette25,3102.0,0.416706,0.410206
264486409,3.222317561925333e+18,81.577589,2.153189,2.95957,16.6545,,,,,14.745,0.038,14.157,0.055,13.921,0.057,18.1121,0.002223,20.1332,0.089611,16.7762,0.006452,13.762,0.027,13.53,0.035,12.11,,8.978,,OSFC,10.0,roquette25,3022.0,0.403963,0.395947
459990490,3.234304884367038e+18,81.020702,2.157707,2.82852,16.7048,,,,,14.553,0.033,13.997,0.051,13.659,0.05,18.2617,0.004154,20.1727,0.128203,16.8257,0.014659,13.317,0.025,12.836,0.028,11.466,0.19,7.921,,OSFC,10.0,roquette25,3026.0,0.457333,0.454356
464839202,3.22375750984e+18,82.082768,2.136493,3.0918,16.8075,20.311,0.169,,,14.898,0.047,14.336,0.061,14.001,0.063,18.2192,0.002342,19.763,0.173214,16.8913,0.013481,13.949,0.028,13.695,0.035,12.081,,8.866,,OSFC,10.0,roquette25,3244.0,0.379586,0.368266
264631252,3.2237527681974477e+18,82.164801,2.038815,3.37856,16.8766,,,,,14.885,0.041,14.319,0.049,13.831,0.043,18.3994,0.003808,20.6017,0.076726,17.016,0.017904,13.833,0.027,13.36,0.031,11.599,0.194,8.545,,OSFC,10.0,roquette25,2935.0,0.377908,0.366344
264486425,3.22231807732142e+18,81.537308,2.176296,2.44013,17.0491,,,,,15.087,0.054,14.484,0.055,14.255,0.078,18.5376,0.002945,20.4841,0.143387,17.1674,0.009921,14.066,0.029,13.77,0.037,12.11,,8.321,,OSFC,10.0,roquette25,3039.0,0.415843,0.409246
264622349,3.2343701678708644e+18,80.826939,2.369488,4.24824,17.1306,,,,,15.213,0.054,14.699,0.064,14.332,0.072,18.6327,0.004575,20.5344,0.141531,17.2466,0.010509,14.199,0.03,13.977,0.041,12.654,,8.688,,OSFC,10.0,roquette25,3051.0,0.260611,0.232432
464839105,3.223813172616323e+18,82.035079,2.285022,2.46577,17.1485,,,,,15.188,0.048,14.476,0.058,14.515,0.097,18.6846,0.004249,21.1123,0.219677,17.3051,0.010884,14.157,0.031,13.921,0.041,12.513,,9.013,,OSFC,10.0,roquette25,2873.0,0.381742,0.370732
264540923,3.223827328829448e+18,81.655444,2.435156,1.72717,17.3465,,,,,15.0,0.052,14.435,0.048,13.983,0.059,18.7561,0.003302,21.071,0.159999,17.2394,0.022459,13.883,0.028,13.618,0.034,12.286,,8.965,,OSFC,10.0,roquette25,,,
459990543,3.234299111930926e+18,81.046921,2.075008,3.66998,17.3002,,,,,15.275,0.062,14.669,0.064,14.491,0.09,18.8263,0.004281,20.8621,0.151625,17.4276,0.010867,14.289,0.031,14.076,0.044,12.401,,8.836,,OSFC,10.0,roquette25,2990.0,0.276466,0.250012
459990589,,81.017708,2.020214,,16.334,20.35,0.164,,,15.486,,15.634,0.161,14.597,,,,,,,,,,,,,,,,OSFC,10.0,roquette25,,,
449429972,3.234365254428937e+18,80.498116,2.252082,2.55615,17.7254,,,,,15.683,0.069,15.143,0.095,14.54,0.102,19.2919,0.004937,20.8684,0.235511,17.8222,0.014766,14.504,0.031,14.341,0.049,12.612,,8.953,,OSFC,10.0,roquette25,3161.0,0.37119,0.358637
269118288,3.2342954010795576e+18,80.913673,2.003102,2.98396,17.7165,,,,,15.625,0.081,15.022,0.087,14.586,0.114,19.3391,0.005537,21.3201,0.185567,17.8467,0.02623,14.49,0.032,14.164,0.046,12.084,,8.962,,OSFC,10.0,roquette25,2975.0,0.322071,0.301943
264459833,3.222289528672961e+18,81.14682,2.002348,,18.31,,,,,15.959,0.104,15.269,0.106,15.086,0.149,19.5743,0.006204,21.3737,0.348604,18.1302,0.014797,14.835,0.034,14.806,0.069,12.587,,8.911,,OSFC,10.0,roquette25,,,
264541111,3.222307047845274e+18,81.707558,2.156832,1.03022,13.0805,14.116,0.031,13.642,0.114,12.481,0.026,12.276,0.03,12.19,0.024,13.4531,0.000686,13.7133,0.002646,13.0042,0.003034,12.086,0.023,12.092,0.023,11.636,0.224,8.396,,OSFC,10.0,roquette25,6383.37,1.4579,1.28
269118487,3.2343188687823754e+18,80.946167,2.283071,,18.8821,,,21.3478,0.4199,16.174,0.116,15.615,0.138,15.507,0.262,20.0219,0.008888,21.3113,0.437337,18.5826,0.029452,15.264,0.043,14.979,0.077,12.546,,9.036,,OSFC,10.0,roquette25,,,
713153106,3.223807709417802e+18,81.834091,2.188327,0.722338,18.0148,,,19.7975,0.0835,,,,,,,18.9857,0.003809,20.0308,0.092248,17.9092,0.017823,,,,,,,,,OSFC,10.0,roquette25,3807.0,0.595893,0.58
264483475,3.235840837686885e+18,81.473694,2.492114,,18.9924,,,21.4686,0.4931,15.926,0.086,15.441,0.13,15.057,0.139,20.1345,0.007361,21.3321,0.513233,18.5948,0.027607,14.789,0.034,14.623,0.058,12.695,,9.085,,OSFC,10.0,roquette25,,,
264540880,3.235838879181898e+18,81.62468,2.50192,,18.6721,,,,,15.79,0.082,15.169,0.102,14.611,0.102,19.98,0.009437,21.8787,0.145884,18.4305,0.029281,14.47,0.031,13.914,0.043,11.81,,8.113,,OSFC,10.0,roquette25,,,
264486575,3.2343352583762985e+18,81.499619,2.388394,,18.9016,,,,,15.432,0.077,14.647,0.071,14.045,0.066,20.0766,0.007682,21.3273,0.468037,18.4623,0.054596,13.915,0.027,13.622,0.035,12.345,0.415,8.849,,OSFC,10.0,roquette25,,,
457230620,3.2223018294591217e+18,81.81929,2.067048,,19.2956,,,21.1298,0.4241,16.367,0.113,15.936,0.19,16.713,,20.2752,0.008971,20.9487,0.549535,18.7701,0.066217,15.416,0.043,15.355,0.099,12.014,,8.611,,OSFC,10.0,roquette25,,,
264621957,3.2343025822664817e+18,80.885185,2.069367,,18.9663,,,,,16.49,0.149,16.057,0.203,16.381,,20.2184,0.007599,21.8983,0.251209,18.7094,0.035648,15.411,0.047,15.068,0.088,12.52,,9.05,,OSFC,10.0,roquette25,,,
713206811,3.2343137491802337e+18,80.663811,2.173188,-1.1331,19.6491,,,20.7118,0.0853,,,,,,,20.3444,0.010678,20.8039,0.130481,19.4024,0.061758,,,,,,,,,OSFC,10.0,roquette25,,,
713206834,3.2343140627127096e+18,80.681847,2.170144,0.949855,19.4696,,,20.8538,0.1857,,,,,,,20.2986,0.008666,20.805,0.290868,19.0629,0.045888,,,,,,,,,OSFC,10.0,roquette25,,,
264543729,3.234311550158195e+18,80.578148,2.098203,,18.176,,,,,16.426,0.141,15.801,0.166,15.33,0.208,21.0401,0.026053,,0.0,,0.0,15.293,0.042,15.103,0.088,12.292,,8.696,,OSFC,10.0,roquette25,,,
713209803,3.2343681062864794e+18,80.757118,2.312794,0.0702043,18.7072,,,19.4164,0.0505,,,,,,,19.2222,0.003979,19.5908,0.043562,18.6005,0.040167,,,,,,,,,OSFC,10.0,roquette25,5511.0,,
713203812,3.2342173013942323e+18,80.499458,2.025444,0.148372,17.6521,,,18.2946,0.0463,,,,,,,18.1275,0.002184,18.4928,0.013345,17.5832,0.011446,,,,,,,,,OSFC,10.0,roquette25,5752.0,0.555404,1.03
713206337,3.2343044376904433e+18,81.061699,2.16174,-0.636533,19.6036,,,20.7408,0.1323,,,,,,,20.3322,0.009151,20.7385,0.220942,19.2557,0.087612,,,,,,,,,OSFC,10.0,roquette25,,,
713154246,3.223826607274235e+18,81.623474,2.39921,0.230646,17.1187,,,17.8983,0.0476,,,,,,,17.6738,0.001976,18.1296,0.022343,17.0563,0.024439,,,,,,,,,OSFC,10.0,roquette25,5314.0,,
264540817,3.235840631529515e+18,81.662529,2.603493,1.90752,14.3155,16.24,0.07,15.201,0.183,13.331,0.028,12.884,0.026,12.742,0.023,14.9453,0.000549,15.495,0.006299,14.2582,0.002266,12.704,0.024,12.754,0.027,11.965,0.294,9.167,,OSFC,10.0,roquette25,4885.0,0.731073,0.8
449260863,3.237512159786454e+18,79.9225,5.645278,2.80475,8.6077,9.698,0.0,9.15,0.03,8.041,0.023,7.706,0.023,7.482,0.024,9.00926,0.000594,9.31953,0.002186,8.55504,0.002493,,,,,,,,,OSFC,10.0,roquette25,6242.0,4.41876,1.21
264588686,3.2344166265324677e+18,80.63267,2.68292,1.78161,11.1828,12.822,0.023,11.927,0.069,10.397,0.024,9.955,0.024,9.826,0.023,11.7379,0.000267,12.2059,0.001803,11.1309,0.001035,9.802,0.023,9.854,0.02,9.829,0.045,8.928,,OSFC,10.0,roquette25,5325.47,2.74291,
264589224,3.2361985526286797e+18,80.63358,3.53094,1.70932,9.6669,10.378,0.069,10.031,0.005,9.312,0.024,9.184,0.024,9.123,0.021,9.91775,0.000535,10.1122,0.001345,9.62384,0.00153,9.049,0.023,9.052,0.021,9.074,0.029,8.613,,OSFC,10.0,roquette25,7326.0,3.51527,1.66
264588657,3.2344129156807276e+18,80.65521,2.63022,0.294626,12.9572,15.22,0.016,13.987,0.126,11.886,0.026,11.295,0.026,11.159,0.024,13.6575,0.000331,14.3008,0.002929,12.9055,0.000848,11.084,0.022,11.195,0.022,11.129,0.137,8.985,,OSFC,10.0,roquette25,4634.31,9.02147,
264592899,3.23462065465959e+18,80.66837,3.03314,0.272882,12.5159,14.706,0.024,13.518,0.08,11.419,0.028,10.812,0.023,10.684,0.025,13.2131,0.000257,13.8453,0.002095,12.4616,0.001208,10.61,0.023,10.7,0.02,10.784,0.105,9.051,,OSFC,10.0,roquette25,4677.0,11.8644,
264592595,3.2361973886933893e+18,80.68046,3.47747,1.8434,11.6833,12.395,0.364,11.892,0.025,10.969,0.024,10.687,0.023,10.61,0.024,12.1487,0.00017,12.5145,0.001318,11.6251,0.000948,10.554,0.023,10.575,0.021,10.582,0.091,8.527,,OSFC,10.0,roquette25,5924.0,1.80888,1.08
264593157,3.2344132206227067e+18,80.68692,2.65089,1.73015,10.9567,12.701,0.016,11.834,0.069,10.138,0.027,9.589,0.023,9.486,0.021,11.548,0.000336,12.0562,0.001779,10.9035,0.000691,9.409,0.023,9.458,0.02,9.281,0.038,8.547,,OSFC,10.0,roquette25,4961.95,3.66822,
264593286,3.234374879450373e+18,80.69479,2.46733,0.856927,11.9429,12.211,0.393,12.154,0.037,11.47,0.024,11.324,0.023,11.284,0.021,12.2395,0.000402,12.4529,0.001888,11.8846,0.001044,11.226,0.024,11.237,0.022,11.09,0.141,8.554,,OSFC,10.0,roquette25,6397.73,3.0281,1.28
264592720,3.236139045857668e+18,80.69529,3.29172,0.577652,11.9302,14.22,0.048,12.957,0.103,10.86,0.024,10.279,0.023,10.145,0.021,12.6391,0.000253,13.2921,0.002272,11.882,0.001388,10.044,0.022,10.144,0.02,10.052,0.06,8.51,,OSFC,10.0,roquette25,4668.18,7.92105,
264592532,3.236199652140307e+18,80.75825,3.56914,0.982303,11.3977,13.505,0.047,12.296,0.057,10.394,0.023,9.848,0.023,9.741,0.021,12.0676,0.000194,12.6751,0.002373,11.347,0.000885,9.644,0.023,9.727,0.02,9.571,0.041,8.682,,OSFC,10.0,roquette25,4783.05,5.55216,
264592738,3.2361381181447245e+18,80.77304,3.26831,0.393196,11.9901,14.177,0.042,13.026,0.103,10.956,0.027,10.314,0.023,10.151,0.019,12.6883,0.000284,13.3249,0.001305,11.9391,0.00093,10.094,0.023,10.173,0.021,9.987,0.057,8.945,,OSFC,10.0,roquette25,4678.0,10.8642,
264592958,3.2346162909728164e+18,80.77625,2.95689,1.20988,10.7562,13.499,0.478,11.729,0.166,9.794,0.027,9.249,0.024,9.179,0.027,11.4052,0.000436,11.9854,0.001797,10.7082,0.000897,9.04,0.023,9.114,0.02,9.01,0.03,8.74,0.445,OSFC,10.0,roquette25,4863.81,6.02472,
264622224,3.2343206941431337e+18,80.78279,2.26106,0.236917,12.3673,14.943,0.066,13.176,0.114,11.485,0.027,11.052,0.024,10.925,0.024,12.9657,0.000397,13.4807,0.002823,12.3145,0.00085,10.839,0.023,10.888,0.02,10.827,0.133,8.602,,OSFC,10.0,roquette25,5071.0,11.3067,
264623353,3.236123274737883e+18,80.81625,3.16372,2.14696,11.3295,11.751,0.171,11.368,0.012,10.648,0.037,10.444,0.04,10.253,0.03,11.7235,0.000306,11.96,0.015402,11.2103,0.018426,10.07,0.022,10.108,0.02,10.157,0.071,8.969,,OSFC,10.0,roquette25,6172.07,1.68182,1.18
264624049,3.236225284505127e+18,80.84662,3.68683,0.755564,10.5934,12.483,0.059,11.397,0.023,9.732,0.026,9.228,0.026,9.137,0.024,11.2092,0.001182,11.7526,0.002151,10.5496,0.000947,9.018,0.022,9.081,0.018,9.016,0.032,8.606,0.415,OSFC,10.0,roquette25,4999.32,9.72321,
264623030,3.2344284119226757e+18,80.85554,2.92003,0.203738,12.151,14.268,0.038,13.113,0.297,11.13,0.024,10.569,0.022,10.438,0.019,12.8224,0.000413,13.4235,0.003643,12.0966,0.000951,10.349,0.023,10.456,0.02,10.239,0.073,8.68,,OSFC,10.0,roquette25,4801.91,15.2862,
264623397,3.236124924005316e+18,80.86392,3.20517,2.29645,11.0105,11.824,0.187,11.387,0.013,10.414,0.026,10.147,0.023,10.099,0.021,11.4139,0.000475,11.7214,0.002316,10.9533,0.001587,10.023,0.023,10.053,0.019,9.978,0.059,9.009,,OSFC,10.0,roquette25,6486.69,1.64966,1.33
269200245,3.2362310268771615e+18,80.90254,3.84389,,13.1409,15.873,0.12,14.358,0.069,11.97,0.026,11.348,0.023,11.2,0.021,13.9366,0.000468,14.7247,0.002799,13.0711,0.001035,11.102,0.024,11.118,0.021,11.135,0.149,8.672,,OSFC,10.0,roquette25,4312.27,,
269200072,3.236175467180253e+18,80.93025,3.56492,0.604036,11.6895,13.771,0.057,12.628,0.057,10.702,0.024,10.177,0.024,10.048,0.021,12.3545,0.000205,12.948,0.001895,11.6405,0.000989,9.948,0.023,10.008,0.02,9.929,0.048,8.825,,OSFC,10.0,roquette25,4899.06,7.75253,
269199745,3.236120074985803e+18,80.93637,3.08428,0.244481,12.6691,14.673,0.061,13.594,0.126,11.629,0.026,11.079,0.022,10.936,0.019,13.3408,0.000298,13.9409,0.001556,12.614,0.001282,10.842,0.022,10.918,0.021,10.911,0.122,8.772,,OSFC,10.0,roquette25,4795.09,11.2689,
269118772,3.234408719497837e+18,80.93892,2.71369,,13.5861,17.505,0.164,15.78,0.2,12.157,0.026,11.544,0.024,11.328,0.024,14.7185,0.000743,15.9129,0.002698,13.6261,0.002371,11.183,0.024,11.085,0.022,10.848,0.127,8.254,,OSFC,10.0,roquette25,3557.0,0.541665,0.537696
269199874,3.236132654946434e+18,80.94421,3.288,0.0523376,13.5896,16.174,0.161,14.789,0.114,12.377,0.026,11.655,0.022,11.516,0.021,14.354,0.000488,15.0797,0.003085,13.5323,0.002465,11.438,0.023,11.542,0.022,11.442,0.198,8.442,,OSFC,10.0,roquette25,4298.73,16.4174,
459989525,3.236177253886635e+18,81.03162,3.60092,2.24009,11.4136,12.902,0.048,12.061,0.057,10.69,0.021,10.36,0.024,10.329,0.023,11.9161,0.000221,12.3255,0.001527,11.3611,0.000973,10.229,0.023,10.278,0.02,10.228,0.065,9.008,,OSFC,10.0,roquette25,5591.0,1.8308,0.99
459990103,3.234410059526771e+18,81.04087,2.75786,0.755854,11.882,13.592,0.022,12.7,0.103,11.065,0.026,10.636,0.026,10.551,0.023,12.4528,0.0003,12.9352,0.003056,11.8307,0.001163,10.457,0.024,10.499,0.02,10.424,0.08,8.709,,OSFC,10.0,roquette25,5272.63,4.91292,
459989975,3.235926393436238e+18,81.04758,2.97319,0.949842,11.4857,13.876,0.015,12.508,0.092,10.405,0.022,9.843,0.024,9.723,0.023,12.2073,0.000277,12.8842,0.002883,11.4379,0.000775,9.588,0.022,9.706,0.021,9.657,0.044,8.595,,OSFC,10.0,roquette25,4527.0,6.36219,
459990138,3.234409307908147e+18,81.05671,2.71742,0.0254188,13.1045,15.895,0.106,14.377,0.137,11.825,0.024,11.07,0.022,10.959,0.026,13.917,0.00049,14.7094,0.002784,13.0585,0.001456,10.802,0.024,10.913,0.02,10.79,0.113,8.491,,OSFC,10.0,roquette25,4150.94,30.1805,
459989548,3.2361739854152786e+18,81.07679,3.57989,1.62015,11.0458,11.613,0.173,11.245,0.012,10.553,0.021,10.362,0.026,10.309,0.022,11.3813,0.000756,11.6309,0.001719,10.9912,0.001285,10.235,0.023,10.259,0.02,10.23,0.068,8.854,,OSFC,10.0,roquette25,6438.16,2.38891,1.3
459989208,3.2363352399639956e+18,81.09346,4.05744,0.185681,12.9978,15.054,0.042,13.852,0.103,12.029,0.021,11.509,0.025,11.438,0.023,13.6482,0.000363,14.2249,0.001685,12.9463,0.001526,11.298,0.023,11.39,0.022,11.736,0.246,8.496,,OSFC,10.0,roquette25,4958.46,11.0467,
459990240,3.234355530621992e+18,81.10258,2.55203,4.13782,8.70308,9.167,0.035,8.933,0.003,8.414,0.023,8.375,0.04,8.369,0.021,8.87337,0.000328,9.00858,0.001312,8.66971,0.001571,8.303,0.023,8.33,0.02,8.291,0.022,8.265,0.288,OSFC,10.0,roquette25,7656.0,2.03952,1.791
459989721,3.2361338918970015e+18,81.10342,3.34769,0.701206,11.5709,13.725,0.033,12.528,0.08,10.561,0.024,9.983,0.025,9.85,0.023,12.2527,0.00021,12.8718,0.002163,11.5206,0.001365,9.721,0.023,9.818,0.019,9.681,0.051,8.804,,OSFC,10.0,roquette25,4609.69,8.01795,
459990009,3.2359250834715663e+18,81.10392,2.91939,3.71547,10.2816,11.272,0.111,10.726,0.008,9.8,0.024,9.574,0.024,9.515,0.021,10.6535,0.00101,10.9447,0.001022,10.2385,0.0009869999,9.454,0.022,9.493,0.02,9.459,0.04,8.448,,OSFC,10.0,roquette25,6212.44,1.52516,1.196
459989598,3.2361727871208177e+18,81.1165,3.515,1.30098,9.8297,9.947,0.058,9.863,0.005,9.669,0.023,9.68,0.026,9.682,0.022,9.86176,0.000583,9.90945,0.001197,9.78915,0.001413,9.601,0.023,9.638,0.02,9.639,0.041,8.683,,OSFC,10.0,roquette25,9456.0,3.16045,2.4
459989278,3.236333315818657e+18,81.11821,3.96258,0.112103,13.3061,15.835,0.05,14.39,0.092,12.147,0.024,11.475,0.026,11.353,0.023,14.0479,0.000355,14.7458,0.001964,13.2526,0.000971,11.248,0.023,11.347,0.021,11.316,0.176,9.023,,OSFC,10.0,roquette25,4394.71,16.3532,
459989215,3.2363349994458225e+18,81.13312,4.04989,0.992245,12.7068,14.668,0.067,13.569,0.092,11.767,0.021,11.271,0.024,11.235,0.019,13.3348,0.000283,13.8844,0.001856,12.6548,0.000788,11.121,0.023,11.176,0.021,11.183,0.139,8.65,,OSFC,10.0,roquette25,4981.58,2.83817,
264459028,3.2361290428775096e+18,81.14275,3.25892,0.496225,11.6708,13.634,0.035,12.563,0.103,10.698,0.026,10.166,0.027,10.01,0.023,12.3143,0.000211,12.8752,0.002548,11.6095,0.002323,9.95,0.023,10.012,0.02,9.922,0.056,8.546,,OSFC,10.0,roquette25,4812.68,9.47567,
264459210,3.2359273211491645e+18,81.14867,2.97747,0.425266,12.6041,14.651,0.029,13.552,0.126,11.614,0.027,11.038,0.026,10.918,0.023,13.2654,0.000315,13.8522,0.002306,12.5491,0.001373,10.818,0.023,10.896,0.021,10.812,0.113,8.229,,OSFC,10.0,roquette25,4743.55,7.49681,
264459160,3.235934291881439e+18,81.16942,3.05567,1.55984,11.4493,13.417,0.422,12.246,0.043,10.599,0.027,10.167,0.03,10.053,0.024,12.0388,0.000174,12.5368,0.002129,11.3912,0.00168,9.926,0.023,9.975,0.021,9.982,0.061,8.496,,OSFC,10.0,roquette25,5161.0,3.04271,
264458732,3.236181377055206e+18,81.18508,3.69653,5.03792,10.1835,11.333,0.127,10.705,0.009,9.617,0.024,9.423,0.026,9.278,0.021,10.606,0.000501,10.9406,0.001118,10.1362,0.000994,9.235,0.023,9.266,0.021,9.226,0.033,8.161,,OSFC,10.0,roquette25,6002.63,1.22608,1.108
264458558,3.2363292957292646e+18,81.18679,3.92589,1.03477,11.9586,12.672,0.52,12.289,0.037,11.425,0.023,11.218,0.023,11.166,0.019,12.3167,0.000172,12.5828,0.001082,11.901,0.001265,11.104,0.022,11.131,0.019,11.235,0.152,8.183,,OSFC,10.0,roquette25,6264.38,2.54226,1.22
264458509,3.23633108243585e+18,81.20854,4.01758,2.81218,13.614,16.62,0.054,14.953,0.114,12.377,0.026,11.681,0.024,11.525,0.023,14.4591,0.000389,15.314,0.005738,13.5468,0.001969,11.427,0.022,11.459,0.021,11.758,0.256,8.92,,OSFC,10.0,roquette25,4034.0,1.07233,0.63
264458726,3.2361814414784983e+18,81.21258,3.69858,0.560697,11.2814,13.252,0.04,12.111,0.057,10.359,0.023,9.835,0.024,9.729,0.021,11.9112,0.000168,12.4664,0.002031,11.2346,0.001574,9.661,0.023,9.719,0.022,9.648,0.047,8.178,,OSFC,10.0,roquette25,4954.58,9.71865,
264459440,3.234357218544927e+18,81.23587,2.60569,1.43226,11.9749,12.662,0.404,12.303,0.028,11.444,0.027,11.225,0.029,11.179,0.023,12.3328,0.000251,12.5953,0.003342,11.9123,0.000917,11.092,0.023,11.099,0.02,10.93,0.129,8.832,,OSFC,10.0,roquette25,5892.18,2.15216,1.07
264458741,3.2361804149827087e+18,81.24537,3.67953,0.473677,11.0107,11.011,0.14,11.09,0.015,10.915,0.023,10.966,0.024,10.977,0.023,10.9781,0.000513,10.9698,0.004727,10.9439,0.001877,10.932,0.023,10.96,0.021,10.969,0.135,8.364,,OSFC,10.0,roquette25,11251.0,4.17611,2.95
264458619,3.2361870421158845e+18,81.25512,3.84319,1.15107,11.2884,13.275,0.039,12.145,0.057,10.402,0.024,9.868,0.023,9.733,0.019,11.918,0.00022,12.4745,0.001787,11.2379,0.001269,9.67,0.023,9.746,0.02,9.678,0.046,8.274,,OSFC,10.0,roquette25,4988.0,4.57833,
264462427,3.2343268101765146e+18,81.26267,2.22739,1.46883,11.9105,12.852,0.348,12.039,0.025,11.352,0.024,11.171,0.024,11.11,0.023,12.2687,0.000226,12.5334,0.001389,11.8518,0.000962,11.076,0.023,11.093,0.022,10.96,0.121,8.894,,OSFC,10.0,roquette25,6488.0,1.70524,1.33
264463775,3.2363578443760113e+18,81.27442,4.29472,2.23481,10.9078,11.885,0.242,11.405,0.017,10.361,0.03,10.081,0.022,10.025,0.021,11.3029,0.000662,11.6031,0.001566,10.8513,0.001154,9.978,0.023,10.0,0.02,9.927,0.049,8.386,,OSFC,10.0,roquette25,6032.36,2.06191,1.12
264463502,3.2362810202968535e+18,81.29004,3.86642,3.12299,10.0283,11.014,0.11,10.478,0.008,9.547,0.027,9.287,0.026,9.209,0.019,10.3971,0.000587,10.6795,0.001315,9.97896,0.000936,9.142,0.023,9.164,0.019,9.152,0.032,8.277,0.241,OSFC,10.0,roquette25,6367.53,1.94598,1.27
264463542,3.236282600844807e+18,81.30217,3.92681,0.325551,11.7971,13.896,0.041,12.68,0.069,10.814,0.023,10.312,0.026,10.167,0.023,12.4554,0.000338,13.047,0.002064,11.7475,0.001424,10.063,0.023,10.147,0.02,10.004,0.06,8.458,,OSFC,10.0,roquette25,4861.87,11.8818,
264462956,3.235921750576937e+18,81.31471,3.0275,0.754134,11.1348,13.191,0.032,12.011,0.057,10.174,0.024,9.617,0.024,9.478,0.021,11.7883,0.000247,12.3724,0.001702,11.0851,0.001199,9.415,0.024,9.474,0.021,9.35,0.036,8.303,,OSFC,10.0,roquette25,4851.75,8.03124,
264463701,3.236342760451363e+18,81.338,4.17689,0.447242,11.8287,14.029,0.052,12.766,0.069,10.804,0.027,10.225,0.022,10.07,0.019,12.5156,0.000227,13.1469,0.002259,11.7806,0.0014,9.998,0.024,10.105,0.021,9.979,0.053,8.383,,OSFC,10.0,roquette25,4700.56,10.0081,
264463625,3.236332078868036e+18,81.3415,4.04492,1.89938,10.4596,12.261,0.258,11.185,0.024,9.635,0.026,9.114,0.022,9.028,0.021,11.0548,0.000491,11.5738,0.003594,10.4128,0.000978,8.941,0.022,9.003,0.02,8.925,0.029,8.286,0.281,OSFC,10.0,roquette25,5065.73,3.99151,
264463483,3.2362776874023905e+18,81.36012,3.82756,1.84767,9.8153,10.606,0.092,10.182,0.006,9.382,0.024,9.186,0.023,9.13,0.019,10.1185,0.000488,10.3497,0.001045,9.77015,0.000826,9.103,0.023,9.114,0.02,9.123,0.035,8.47,,OSFC,10.0,roquette25,6858.0,3.2849,1.49
264463224,3.2361620668824305e+18,81.36429,3.46922,0.988961,11.0028,12.818,0.39,11.706,0.037,10.089,0.026,9.512,0.022,9.448,0.023,11.6349,0.000339,12.1924,0.001828,10.9533,0.001062,9.336,0.023,9.401,0.021,9.336,0.038,8.69,,OSFC,10.0,roquette25,4839.66,6.70196,
264463311,3.2361669116055286e+18,81.36862,3.58119,0.561645,12.6669,14.483,0.053,13.469,0.092,11.769,0.024,11.251,0.023,11.173,0.023,13.2649,0.000294,13.7736,0.00165,12.6106,0.001158,11.107,0.023,11.182,0.022,10.975,0.138,8.494,,OSFC,10.0,roquette25,5054.22,4.93794,
264483072,3.2359242631323986e+18,81.39592,3.12642,0.736101,12.8803,14.674,0.03,13.688,0.114,11.947,0.029,11.473,0.03,11.365,0.026,13.4881,0.00028,14.0054,0.004683,12.8189,0.001354,11.266,0.023,11.343,0.021,11.278,0.164,8.994,,OSFC,10.0,roquette25,5121.18,3.25271,
264482841,3.236162612341885e+18,81.40617,3.494,,12.1084,13.835,0.054,12.762,0.069,11.343,0.027,10.997,0.024,10.868,0.021,12.6709,0.001135,13.1355,0.001454,12.0387,0.001187,10.756,0.024,10.821,0.021,10.748,0.096,8.772,,OSFC,10.0,roquette25,5401.28,,
264483124,3.2359227169443517e+18,81.42058,3.04753,1.21064,11.7322,13.711,0.033,12.606,0.069,10.784,0.026,10.332,0.027,10.189,0.023,12.3713,0.000178,12.9371,0.001613,11.6835,0.000993,10.087,0.023,10.16,0.02,10.072,0.064,9.023,,OSFC,10.0,roquette25,4916.0,3.78892,
264482641,3.23627679404919e+18,81.42433,3.80131,2.78945,10.1015,11.198,0.135,10.597,0.009,9.606,0.026,9.333,0.024,9.236,0.019,10.4871,0.000242,10.7847,0.000984,10.0517,0.000747,9.186,0.023,9.209,0.019,9.187,0.034,8.259,,OSFC,10.0,roquette25,6066.29,2.34419,1.13
264482704,3.2362640465862676e+18,81.43137,3.70836,2.84101,9.8357,10.119,0.072,9.902,0.006,9.597,0.026,9.516,0.024,9.445,0.024,9.96851,0.000496,10.0833,0.001567,9.80049,0.001423,9.403,0.023,9.418,0.019,9.429,0.042,8.499,,OSFC,10.0,roquette25,7779.39,1.82901,1.84
264482510,3.2362837347163167e+18,81.44271,3.97119,0.222664,12.6822,14.644,0.059,13.524,0.08,11.699,0.023,11.231,0.024,11.106,0.019,13.3112,0.000222,13.8612,0.002383,12.6259,0.001,11.041,0.023,11.107,0.021,11.046,0.123,9.169,,OSFC,10.0,roquette25,4993.96,10.6973,
264482556,3.2362802987424835e+18,81.47275,3.91842,0.825142,10.427,13.006,0.449,11.088,0.117,9.345,0.023,8.736,0.051,8.56,0.021,11.1498,0.000754,11.8377,0.002903,10.385,0.00162,8.452,0.022,8.571,0.02,8.456,0.022,8.606,,OSFC,10.0,roquette25,4404.07,12.6416,
264483332,3.2358582237154714e+18,81.48012,2.7435,2.7683,10.9971,12.1,0.193,11.443,0.013,10.434,0.024,10.171,0.026,10.09,0.019,11.4003,0.000515,11.7116,0.001189,10.9449,0.000805,10.027,0.023,10.074,0.02,9.996,0.051,8.212,,OSFC,10.0,roquette25,6016.94,1.54198,1.113
264482637,3.236266584911394e+18,81.48633,3.80422,1.44759,9.1134,9.203,0.041,9.107,0.004,9.01,0.023,9.025,0.061,8.971,0.021,9.14207,0.000363,9.18813,0.001294,9.08175,0.001468,8.924,0.023,8.949,0.02,8.957,0.028,8.296,,OSFC,10.0,roquette25,9185.0,3.94599,2.33
264483031,3.2359483836687186e+18,81.48683,3.18675,0.409568,12.9691,15.056,0.049,13.941,0.137,11.998,0.024,11.464,0.023,11.305,0.019,13.6258,0.000301,14.2115,0.001983,12.9182,0.000807,11.262,0.023,11.343,0.021,11.14,0.143,8.707,,OSFC,10.0,roquette25,4916.31,5.93833,
264482478,3.2362901556903014e+18,81.48912,4.01972,0.231773,12.7254,14.97,0.073,13.662,0.092,11.688,0.024,11.149,0.027,10.998,0.019,13.4052,0.000295,14.022,0.002163,12.6739,0.001103,10.92,0.023,11.015,0.022,10.874,0.107,8.624,0.445,OSFC,10.0,roquette25,4801.31,11.2002,
264487247,3.235969751131423e+18,81.49621,3.36114,0.542592,12.0364,14.138,0.069,12.976,0.092,11.014,0.027,10.447,0.027,10.338,0.023,12.7032,0.000283,13.3012,0.001815,11.9854,0.001116,10.247,0.024,10.324,0.02,10.156,0.064,8.521,,OSFC,10.0,roquette25,4774.33,7.59663,
264487305,3.2359744627101174e+18,81.4965,3.45389,2.04205,9.9016,10.212,0.071,10.049,0.006,9.664,0.027,9.619,0.026,9.517,0.024,10.0387,0.000421,10.1494,0.001082,9.86171,0.000671,9.483,0.023,9.497,0.021,9.481,0.037,8.511,,OSFC,10.0,roquette25,7671.91,2.47686,1.8
264487363,3.235976455574938e+18,81.49825,3.52714,0.250809,13.2225,15.337,0.029,14.181,0.114,12.182,0.031,11.609,0.026,11.484,0.024,13.8953,0.000342,14.4928,0.002197,13.1633,0.001662,11.38,0.023,11.429,0.022,10.78,0.11,8.311,,OSFC,10.0,roquette25,4719.35,8.99629,
264487395,3.236164575143308e+18,81.52604,3.56453,0.675491,11.446,13.675,0.045,12.42,0.057,10.389,0.028,9.814,0.024,9.643,0.019,12.1366,0.000243,12.7698,0.002443,11.3945,0.000966,9.57,0.024,9.672,0.021,9.595,0.045,8.706,,OSFC,10.0,roquette25,4582.62,8.71328,
264487219,3.2359685871948646e+18,81.55121,3.3225,1.25566,12.2108,14.248,0.034,13.039,0.08,11.275,0.023,10.78,0.024,10.66,0.019,12.8486,0.000319,13.4137,0.003965,12.1619,0.001164,10.593,0.023,10.679,0.021,10.587,0.108,8.99,,OSFC,10.0,roquette25,4902.0,2.93378,
264487224,3.235968690274078e+18,81.55692,3.32919,0.211837,12.9719,15.224,0.068,14.021,0.137,11.919,0.024,11.319,0.023,11.188,0.021,13.6629,0.000333,14.2934,0.002397,12.9226,0.000858,11.124,0.023,11.246,0.022,10.882,0.128,8.264,,OSFC,10.0,roquette25,4699.06,11.3078,
264487050,3.235943642024992e+18,81.56637,3.08386,2.96776,11.0448,12.71,0.43,12.251,0.03,10.177,0.022,9.705,0.022,9.589,0.019,11.6432,0.003799,12.155,0.013428,10.9893,0.00907,9.459,0.022,9.483,0.02,9.414,0.041,8.538,0.33,OSFC,10.0,roquette25,5085.0,1.98704,
264486982,3.235894984340085e+18,81.58242,2.99203,0.429091,11.8681,13.855,0.054,12.766,0.08,10.84,0.022,10.287,0.022,10.194,0.019,12.5174,0.000272,13.0875,0.001429,11.8161,0.000954,10.14,0.025,10.19,0.022,10.178,0.07,8.43,,OSFC,10.0,roquette25,5083.83,9.01158,
264487394,3.2360706012581514e+18,81.58579,3.56411,1.36574,11.6705,12.134,0.349,11.82,0.025,11.401,0.027,11.316,0.026,11.302,0.023,11.7996,0.000353,11.8897,0.002021,11.6149,0.001739,11.249,0.022,11.262,0.02,11.286,0.167,8.84,,OSFC,10.0,roquette25,8168.0,1.48211,2.0
264540010,3.236262461741189e+18,81.63608,3.75381,0.320356,12.7167,15.274,0.062,13.791,0.103,11.559,0.026,10.976,0.022,10.778,0.021,13.4634,0.000492,14.1712,0.002312,12.6673,0.001651,10.713,0.023,10.847,0.021,10.865,0.125,8.549,,OSFC,10.0,roquette25,4526.62,9.98768,
264540655,3.235866710570808e+18,81.67371,2.85692,,13.4312,16.341,0.032,14.751,0.126,12.214,0.026,11.526,0.024,11.371,0.024,14.2713,0.000943,15.1295,0.002771,13.3575,0.001523,11.277,0.023,11.299,0.021,11.337,0.18,8.847,,OSFC,10.0,roquette25,4161.26,,
264539808,3.2362882014822697e+18,81.691,4.05614,3.00232,8.6664,8.757,0.037,8.69,0.03,8.539,0.023,8.503,0.044,8.536,0.023,8.68947,0.000492,8.736,0.001269,8.63491,0.001983,8.48,0.022,8.516,0.021,8.544,0.025,8.283,0.303,OSFC,10.0,roquette25,9402.0,2.33806,2.39
264540144,3.2360700128474967e+18,81.71096,3.56244,1.19638,11.4529,12.482,0.386,12.03,0.027,10.902,0.023,10.669,0.026,10.589,0.021,11.83,0.000314,12.1095,0.001654,11.3911,0.000677,10.548,0.023,10.564,0.019,10.411,0.076,8.361,,OSFC,10.0,roquette25,6340.99,2.73994,1.26
264540672,3.2358656110591795e+18,81.71283,2.8275,0.322263,13.1408,15.904,0.064,14.197,0.126,12.064,0.026,11.501,0.023,11.299,0.027,13.8562,0.000329,14.5153,0.002714,13.0897,0.001869,11.212,0.022,11.328,0.02,11.271,0.153,8.97,,OSFC,10.0,roquette25,4552.46,8.21966,
264540541,3.235895985067866e+18,81.72187,3.01694,1.68693,12.1177,13.379,0.03,12.706,0.092,11.431,0.023,11.12,0.023,11.08,0.023,12.564,0.00023,12.9075,0.001026,12.0553,0.001184,11.029,0.024,11.06,0.021,10.95,0.121,8.887,,OSFC,10.0,roquette25,6130.25,1.54851,1.16
457229604,3.2360668904064e+18,81.74892,3.54033,0.229978,12.873,14.989,0.036,13.813,0.092,11.871,0.026,11.339,0.025,11.21,0.024,13.5363,0.000377,14.1301,0.002041,12.8233,0.002683,11.097,0.023,11.201,0.021,11.308,0.168,8.999,,OSFC,10.0,roquette25,4841.36,9.81882,
457230184,3.235847228599275e+18,81.75012,2.66333,0.219735,12.9613,15.18,0.04,13.938,0.092,11.91,0.024,11.348,0.023,11.241,0.023,13.6491,0.000371,14.273,0.002783,12.9111,0.001371,11.134,0.023,11.207,0.022,11.139,0.138,9.11,,OSFC,10.0,roquette25,4768.14,10.8573,
457228971,3.236325722316518e+18,81.77775,4.32556,4.40784,13.7115,17.711,0.164,15.907,0.114,12.296,0.022,11.672,0.023,11.447,0.021,14.8034,0.000732,15.9421,0.004907,13.7445,0.002175,11.306,0.023,11.284,0.021,11.357,0.169,8.83,,OSFC,10.0,roquette25,3617.0,0.671727,0.643173
457228909,3.236373478056954e+18,81.79471,4.39433,1.37957,11.7743,13.634,0.066,12.62,0.057,10.886,0.022,10.379,0.023,10.31,0.023,12.3861,0.000206,12.919,0.001566,11.7218,0.001605,10.2,0.022,10.272,0.022,10.238,0.071,8.872,,OSFC,10.0,roquette25,4934.07,3.17564,
457229935,3.2358933350717676e+18,81.80037,3.02997,0.999141,12.1569,13.987,0.041,12.94,0.069,11.243,0.022,10.786,0.021,10.684,0.019,12.7615,0.000206,13.2796,0.002132,12.1027,0.000935,10.606,0.022,10.655,0.021,10.65,0.095,8.605,,OSFC,10.0,roquette25,5182.1,3.38446,
457229648,3.2360537606912543e+18,81.80462,3.46881,0.586917,11.127,13.152,0.037,11.995,0.057,10.159,0.026,9.622,0.023,9.5,0.023,11.7935,0.000216,12.3973,0.003317,11.0832,0.001142,9.352,0.023,9.435,0.019,9.424,0.039,8.632,,OSFC,10.0,roquette25,4803.0,10.6061,
457229095,3.2363147615599985e+18,81.80758,4.17353,1.56874,9.4825,9.893,0.062,9.693,0.005,9.23,0.023,9.163,0.022,9.147,0.024,9.62249,0.000384,9.74113,0.001086,9.44335,0.002064,9.065,0.022,9.097,0.019,9.125,0.028,8.789,0.437,OSFC,10.0,roquette25,8206.0,3.63748,2.01
457228920,3.2363265770140826e+18,81.83212,4.37819,2.71755,10.4407,11.514,0.162,10.927,0.011,9.931,0.024,9.737,0.025,9.641,0.021,10.7997,0.000392,11.0731,0.002831,10.3902,0.00068,9.573,0.023,9.596,0.021,9.574,0.04,8.332,,OSFC,10.0,roquette25,6360.26,1.90343,1.26
457251241,3.2360819356767386e+18,81.88071,3.81722,0.707915,10.5143,12.553,0.045,11.388,0.034,9.582,0.027,9.036,0.028,8.954,0.021,11.1586,0.000505,11.733,0.001966,10.4672,0.001023,8.817,0.024,8.915,0.021,8.778,0.029,8.189,,OSFC,10.0,roquette25,4828.38,11.625,
457251033,3.2360559983694694e+18,81.90117,3.54122,0.672287,11.9577,14.075,0.046,12.856,0.057,10.995,0.024,10.457,0.026,10.365,0.023,12.6188,0.000215,13.2128,0.001943,11.9106,0.0009869999,10.242,0.024,10.315,0.021,10.356,0.066,8.497,,OSFC,10.0,roquette25,4862.77,6.17715,
457251407,3.236300330469891e+18,81.90904,4.04086,0.302043,12.7074,15.032,0.095,13.736,0.103,11.602,0.022,11.002,0.024,10.902,0.021,13.4176,0.00026,14.07,0.001743,12.6569,0.000885,10.79,0.023,10.869,0.02,10.704,0.093,8.842,,OSFC,10.0,roquette25,4676.61,10.0177,
457251697,3.2363286729581204e+18,81.90975,4.44286,0.625301,11.8083,14.016,0.071,12.785,0.08,10.784,0.023,10.227,0.025,10.07,0.023,12.5023,0.000245,13.1393,0.002,11.761,0.000869,9.984,0.024,10.059,0.021,9.993,0.053,8.57,,OSFC,10.0,roquette25,4687.77,7.6163,
457251088,3.236074032936879e+18,81.92183,3.62175,1.53947,11.3061,13.123,0.045,12.138,0.057,10.424,0.024,9.946,0.022,9.87,0.021,11.9027,0.000192,12.4163,0.001743,11.2552,0.000516,9.764,0.022,9.825,0.021,9.771,0.056,9.052,0.533,OSFC,10.0,roquette25,4965.28,3.6017,
457250665,3.2358988369261153e+18,81.93354,3.07094,1.03018,12.0907,14.162,0.039,12.964,0.08,11.121,0.023,10.596,0.025,10.489,0.023,12.7481,0.000235,13.3348,0.001557,12.0425,0.000727,10.38,0.024,10.457,0.02,10.324,0.07,8.438,,OSFC,10.0,roquette25,4880.68,3.86713,
457251320,3.236293969621266e+18,81.936,3.92617,0.474469,11.6289,14.032,0.043,12.675,0.069,10.533,0.024,9.911,0.026,9.802,0.023,12.3572,0.000222,13.0379,0.002352,11.5847,0.000748,9.665,0.023,9.78,0.02,9.751,0.048,8.681,,OSFC,10.0,roquette25,4575.01,11.6339,
457250378,3.2238618303017646e+18,81.93721,2.68336,0.164695,12.3091,14.759,0.017,13.424,0.092,11.168,0.024,10.47,0.024,10.362,0.021,13.0572,0.000392,13.7591,0.001439,12.2586,0.001096,10.236,0.023,10.344,0.02,10.197,0.079,8.855,,OSFC,10.0,roquette25,4512.0,20.8556,
457251453,3.2363011508065756e+18,81.94158,4.09314,0.446899,12.1437,14.637,0.069,13.205,0.103,11.017,0.022,10.394,0.022,10.313,0.023,12.8785,0.000321,13.5679,0.002092,12.0968,0.000988,10.175,0.023,10.297,0.021,10.131,0.062,9.028,,OSFC,10.0,roquette25,4677.28,8.98238,
457250404,3.223862070820254e+18,81.95887,2.72261,0.850767,11.4339,12.128,0.252,11.744,0.018,10.986,0.021,10.862,0.024,10.842,0.024,11.6867,0.000572,11.8662,0.002252,11.3717,0.001922,10.744,0.023,10.757,0.021,10.771,0.096,8.723,,OSFC,10.0,roquette25,7280.24,3.18449,1.64
457251560,3.236320701497696e+18,81.96608,4.23642,1.43626,11.6831,12.132,0.298,11.927,0.024,11.302,0.024,11.213,0.024,11.21,0.023,11.9004,0.000353,12.0529,0.001681,11.6246,0.00118,11.138,0.022,11.155,0.022,11.054,0.125,8.924,,OSFC,10.0,roquette25,7581.67,1.55703,1.76
457251023,3.236055032001571e+18,81.96712,3.52958,1.08714,11.6047,13.636,0.043,12.459,0.057,10.692,0.026,10.163,0.026,10.108,0.024,12.2447,0.00015,12.8135,0.00168,11.5578,0.001053,9.966,0.023,10.062,0.021,9.986,0.056,8.802,,OSFC,10.0,roquette25,4989.69,4.3008,
464838662,3.235878908278025e+18,81.9815,2.92522,0.877488,11.7546,13.676,0.035,12.594,0.08,10.849,0.024,10.401,0.025,10.269,0.024,12.3825,0.000839,12.9266,0.004102,11.7027,0.003752,10.165,0.022,10.213,0.021,10.186,0.06,8.97,,OSFC,10.0,roquette25,5114.18,4.89728,
464837520,3.2367043966979666e+18,81.99287,4.48933,0.346787,11.6976,13.638,0.049,12.539,0.057,10.737,0.022,10.252,0.022,10.149,0.024,12.3296,0.000211,12.8884,0.002403,11.648,0.00158,10.044,0.023,10.117,0.021,10.126,0.074,8.266,,OSFC,10.0,roquette25,4878.47,12.327,
464838421,3.2359994765998746e+18,82.01025,3.25828,0.813151,12.371,14.33,0.027,13.249,0.103,11.38,0.022,10.914,0.022,10.852,0.021,13.0015,0.000414,13.5507,0.00178,12.3156,0.001069,10.727,0.023,10.793,0.019,10.662,0.089,8.887,,OSFC,10.0,roquette25,5005.81,3.96664,
464837865,3.2362963790999675e+18,82.01604,4.01569,0.306005,12.8192,14.961,0.081,13.788,0.057,11.816,0.024,11.241,0.022,11.128,0.025,13.4963,0.000283,14.1038,0.001482,12.7668,0.001307,10.989,0.023,11.077,0.021,10.754,0.094,8.227,,OSFC,10.0,roquette25,4796.25,8.93357,
464838436,3.23599920172197e+18,82.01754,3.23917,0.339506,12.459,14.899,0.065,13.564,0.08,11.294,0.021,10.662,0.022,10.556,0.019,13.2066,0.000255,13.9092,0.002302,12.4054,0.000565,10.389,0.023,10.486,0.019,10.319,0.069,8.296,,OSFC,10.0,roquette25,4533.87,10.7445,
464838603,3.235885638490376e+18,82.02496,2.99019,2.16735,10.8373,11.899,0.04,11.313,0.275,10.268,0.024,10.056,0.023,9.978,0.021,11.223,0.000389,11.5159,0.002206,10.7802,0.001148,9.892,0.025,9.897,0.02,9.947,0.052,8.753,,OSFC,10.0,roquette25,6216.27,2.15022,1.2
464837828,3.236296963215511e+18,82.03683,4.05281,3.23607,10.8297,11.833,0.174,11.366,0.012,10.126,0.023,9.711,0.028,9.634,0.021,11.3154,0.001166,11.7073,0.002206,10.7768,0.001841,9.516,0.023,9.525,0.02,9.54,0.038,8.554,,OSFC,10.0,roquette25,5635.92,1.64506,1.0
464837689,3.2363105353103293e+18,82.04087,4.25619,1.20124,10.5143,10.768,0.091,10.736,0.009,10.268,0.028,10.236,0.03,10.185,0.026,10.6106,0.00047,10.6711,0.002702,10.4465,0.004323,10.034,0.024,10.067,0.021,10.155,0.063,8.535,,OSFC,10.0,roquette25,8620.0,2.74666,2.15
464838290,3.2360504320918477e+18,82.06379,3.44097,0.0526786,12.7353,16.037,0.041,14.148,0.137,11.311,0.021,10.519,0.023,10.337,0.019,13.618,0.000645,14.5272,0.002824,12.6911,0.002071,10.185,0.022,10.302,0.021,10.196,0.061,8.586,,OSFC,10.0,roquette25,4053.49,32.0326,
464838649,3.235882241172641e+18,82.0655,2.94314,0.298811,12.7427,15.102,0.043,13.794,0.114,11.632,0.023,11.055,0.022,10.911,0.021,13.4652,0.000305,14.1305,0.002425,12.6962,0.001127,10.795,0.024,10.887,0.021,10.627,0.084,8.994,,OSFC,10.0,roquette25,4604.47,10.6063,
464838919,3.2238563671033605e+18,82.083,2.57867,0.571082,11.9455,13.787,0.036,12.81,0.103,11.061,0.027,10.506,0.022,10.427,0.021,12.5562,0.00028,13.082,0.001316,11.8909,0.001585,10.303,0.024,10.38,0.02,10.341,0.073,8.141,,OSFC,10.0,roquette25,5012.08,6.83848,
464837731,3.236309229642079e+18,82.09108,4.20478,0.283133,13.0359,15.044,0.075,14.008,0.137,12.034,0.023,11.508,0.022,11.407,0.021,13.6872,0.000309,14.2626,0.001903,12.9812,0.001194,11.314,0.024,11.371,0.022,11.535,0.194,9.048,,OSFC,10.0,roquette25,4825.08,8.40794,
264630349,3.2359964185831537e+18,82.09212,3.24189,0.384155,12.7618,14.808,0.023,13.678,0.126,11.745,0.028,11.178,0.024,11.114,0.022,13.4191,0.000205,13.998,0.001452,12.7069,0.000575,11.011,0.023,11.072,0.02,11.145,0.148,8.766,,OSFC,10.0,roquette25,4896.76,7.2003,
264629818,3.236107224444171e+18,82.09333,3.92811,1.09556,11.575,13.447,0.053,12.409,0.057,10.645,0.024,10.218,0.024,10.095,0.023,12.1786,0.000211,12.7028,0.00178,11.523,0.000887,10.028,0.023,10.092,0.019,9.995,0.049,8.84,,OSFC,10.0,roquette25,5147.86,3.90548,
264629775,3.2361084613947494e+18,82.09483,3.96183,0.295568,12.8477,15.076,0.068,13.837,0.103,11.731,0.026,11.192,0.024,11.066,0.023,13.5377,0.000301,14.1667,0.001982,12.7927,0.001135,10.98,0.023,11.055,0.02,10.935,0.115,8.425,,OSFC,10.0,roquette25,4735.0,8.92121,
264629741,3.2361089123663785e+18,82.099,4.01217,1.54458,10.4261,11.022,0.09,10.622,0.006,10.024,0.03,9.953,0.024,9.87,0.024,10.6496,0.000384,10.817,0.001377,10.3813,0.001077,9.866,0.023,9.874,0.02,9.888,0.045,9.078,0.537,OSFC,10.0,roquette25,7382.0,2.63239,1.68
264630143,3.236057132240814e+18,82.10246,3.50672,3.2788,15.5937,20.37,0.163,,,13.606,0.029,13.028,0.027,12.758,0.032,17.0734,0.001871,19.1381,0.062465,15.7207,0.0048,12.586,0.024,12.333,0.025,12.12,0.355,8.401,,OSFC,10.0,roquette25,2997.0,0.54916,0.544499
264630289,3.2360017099829837e+18,82.10696,3.33739,2.32598,12.0,13.207,0.417,12.293,0.033,10.958,0.046,10.73,0.046,10.652,0.04,12.3925,0.000282,12.6455,0.005881,11.8969,0.011237,10.294,0.023,10.317,0.02,10.29,0.072,8.51,,OSFC,10.0,roquette25,6287.13,,
264629398,3.236700449622798e+18,82.111,4.46192,3.24328,10.5277,11.618,0.139,10.98,0.009,10.03,0.024,9.859,0.022,9.783,0.026,10.8766,0.000516,11.1441,0.001095,10.4815,0.000917,9.721,0.023,9.753,0.019,9.778,0.051,8.609,,OSFC,10.0,roquette25,6350.45,1.50635,1.26
264630955,3.22381932730541e+18,82.13508,2.45106,0.498807,12.1559,14.28,0.043,13.117,0.092,11.113,0.027,10.575,0.026,10.416,0.021,12.8255,0.000335,13.4302,0.007883,12.1057,0.001214,10.352,0.023,10.438,0.02,10.37,0.087,8.992,,OSFC,10.0,roquette25,4752.62,7.72535,
264630476,3.235887700074673e+18,82.14867,3.06669,0.559348,12.4499,14.625,0.053,13.408,0.126,11.389,0.024,10.829,0.023,10.74,0.021,13.1394,0.000289,13.7566,0.00233,12.398,0.002618,10.635,0.023,10.708,0.02,10.523,0.077,8.835,,OSFC,10.0,roquette25,4898.13,5.98276,
264631040,3.223814551301789e+18,82.15121,2.34522,1.50503,10.4692,10.99,0.103,10.691,0.008,10.064,0.024,9.97,0.027,9.928,0.019,10.691,0.001233,10.855,0.004081,10.4224,0.003797,9.86,0.022,9.878,0.02,9.816,0.058,8.51,,OSFC,10.0,roquette25,7196.3,2.77386,1.61
264630285,3.236001847421798e+18,82.15246,3.34242,0.4892,11.6073,13.867,0.039,12.623,0.08,10.526,0.026,9.945,0.023,9.78,0.024,12.3138,0.000218,12.9597,0.001671,11.5605,0.000867,9.701,0.023,9.778,0.021,9.584,0.041,8.364,,OSFC,10.0,roquette25,4773.71,10.455,
264629429,3.2367005527020114e+18,82.18283,4.41553,0.416234,12.4223,14.541,0.073,13.376,0.08,11.35,0.022,10.821,0.023,10.687,0.021,13.1008,0.000429,13.7119,0.001826,12.3665,0.000773,10.594,0.023,10.665,0.019,10.688,0.097,8.895,,OSFC,10.0,roquette25,4769.55,7.9701,
264630258,3.236007894735741e+18,82.18379,3.38272,0.0848135,12.3588,15.125,0.051,13.584,0.092,11.064,0.03,10.367,0.023,10.196,0.021,13.1655,0.000351,13.9507,0.003377,12.3088,0.001242,10.07,0.023,10.193,0.021,10.179,0.063,8.609,,OSFC,10.0,roquette25,4323.0,29.0207,
264630378,3.2359851142293586e+18,82.18987,3.20311,1.72657,9.1788,9.283,0.034,9.239,0.003,9.029,0.027,9.019,0.023,9.009,0.021,9.19545,0.000473,9.23833,0.001334,9.13893,0.001178,8.98,0.022,9.015,0.02,8.921,0.027,8.182,,OSFC,10.0,roquette25,9852.0,3.14718,2.52
264630364,3.235985148589094e+18,82.191,3.21853,0.233865,12.1412,14.398,0.031,13.139,0.103,11.048,0.026,10.455,0.023,10.313,0.021,12.8434,0.000321,13.488,0.002337,12.0945,0.000985,10.239,0.023,10.323,0.021,10.312,0.073,8.756,,OSFC,10.0,roquette25,4697.31,14.7781,
264630559,3.235882756568705e+18,82.20133,2.96133,1.63244,10.9674,11.453,0.147,11.211,0.011,10.603,0.024,10.556,0.023,10.496,0.021,11.1524,0.000653,11.2925,0.002128,10.9133,0.001985,10.437,0.023,10.456,0.021,10.364,0.065,8.509,0.338,OSFC,10.0,roquette25,7523.35,2.04994,1.74
264631045,3.223767474164048e+18,82.21054,2.34011,1.14291,9.9265,10.662,0.076,10.242,0.005,9.458,0.024,9.298,0.027,9.241,0.021,10.2216,0.000516,10.4344,0.001047,9.86892,0.003197,9.169,0.024,9.174,0.02,9.13,0.038,8.32,,OSFC,10.0,roquette25,6686.96,5.41376,
264629651,3.236304900315038e+18,82.21087,4.14186,1.21645,11.4813,12.322,0.232,11.524,0.017,11.019,0.027,10.877,0.024,10.818,0.019,11.7692,0.000514,11.9772,0.002799,11.4229,0.001494,10.813,0.023,10.804,0.021,11.015,0.139,8.793,,OSFC,10.0,roquette25,7115.35,2.21096,1.58
264682491,3.2238160974899983e+18,82.21708,2.42261,0.325221,12.6249,14.686,0.045,13.548,0.08,11.647,0.031,11.087,0.022,10.947,0.026,13.278,0.000312,13.8568,0.002104,12.5694,0.001497,10.881,0.023,10.95,0.02,10.924,0.122,8.511,,OSFC,10.0,roquette25,4804.23,8.97835,
264682446,3.223814929259077e+18,82.21921,2.37383,0.251864,12.111,13.854,0.04,12.912,0.08,11.236,0.028,10.854,0.022,10.743,0.023,12.6889,0.000257,13.1824,0.002349,12.0604,0.001762,10.677,0.023,10.727,0.021,10.715,0.101,8.549,,OSFC,10.0,roquette25,5288.19,10.9973,
264682636,3.223846261044102e+18,82.21925,2.607,0.431929,12.7029,14.691,0.024,13.622,0.126,11.712,0.024,11.196,0.022,11.087,0.023,13.3458,0.00029,13.9098,0.001852,12.6482,0.001953,11.003,0.024,11.07,0.023,11.162,0.184,8.97,,OSFC,10.0,roquette25,4878.89,6.63039,
264683192,3.2360038402867507e+18,82.24296,3.33767,0.19401,12.7618,14.884,0.075,13.729,0.103,11.693,0.026,11.169,0.024,11.035,0.019,13.4342,0.000251,14.0344,0.00148,12.7102,0.000837,10.964,0.023,11.042,0.021,11.107,0.134,8.741,,OSFC,10.0,roquette25,4831.9,12.9647,
264683395,3.236059125105612e+18,82.24783,3.56886,0.0809497,12.9868,15.693,0.088,14.222,0.114,11.746,0.024,11.086,0.023,10.951,0.024,13.7552,0.000292,14.4878,0.002294,12.9383,0.001088,10.843,0.023,10.942,0.021,10.731,0.106,8.82,,OSFC,10.0,roquette25,4362.95,24.2131,
264682917,3.235883306324513e+18,82.24821,2.99719,,13.0875,15.871,0.035,14.312,0.103,11.848,0.03,11.204,0.024,11.027,0.024,13.9074,0.002419,14.7109,0.003623,12.9933,0.001951,10.951,0.023,10.955,0.02,10.758,0.098,8.814,,OSFC,10.0,roquette25,4131.29,,
264682597,3.2238451314689014e+18,82.25225,2.55892,0.463823,10.8294,13.499,0.433,11.79,0.156,9.718,0.022,9.112,0.022,8.994,0.024,11.5501,0.000466,12.2214,0.002488,10.7849,0.001188,8.87,0.023,8.984,0.02,8.885,0.031,8.877,0.539,OSFC,10.0,roquette25,4622.09,16.5004,
264682999,3.2359790282591647e+18,82.25958,3.09769,1.51947,11.6646,12.532,0.397,12.242,0.029,11.053,0.028,10.878,0.024,10.794,0.019,12.0527,0.000217,12.3468,0.001464,11.6073,0.001052,10.767,0.023,10.788,0.02,10.759,0.104,8.822,,OSFC,10.0,roquette25,6495.57,1.87827,1.33
264683260,3.236005622696647e+18,82.26629,3.41706,0.199653,12.8123,14.868,0.043,13.786,0.126,11.757,0.023,11.265,0.023,11.146,0.021,13.4681,0.000292,14.0453,0.001983,12.7558,0.001708,11.073,0.024,11.132,0.022,11.312,0.163,8.988,,OSFC,10.0,roquette25,4882.65,10.4423,
264682441,3.223767993856461e+18,82.27446,2.37075,1.11126,12.379,14.251,0.02,13.223,0.114,11.507,0.027,11.02,0.023,10.901,0.019,12.9845,0.000417,13.5102,0.001654,12.3276,0.000457,10.853,0.023,10.924,0.02,10.919,0.115,8.403,,OSFC,10.0,roquette25,5034.14,2.85117,
264683025,3.235980647463369e+18,82.286,3.12597,0.259513,13.2569,15.448,0.071,14.184,0.137,12.173,0.027,11.599,0.024,11.462,0.023,13.9469,0.000372,14.5687,0.002991,13.2016,0.001425,11.377,0.023,11.465,0.022,11.35,0.172,8.543,,OSFC,10.0,roquette25,4714.52,8.5385,
264682361,3.2237661384306e+18,82.28787,2.28453,0.198093,13.1326,15.264,0.047,14.132,0.103,12.111,0.028,11.539,0.022,11.438,0.021,13.8037,0.000269,14.4074,0.002525,13.0828,0.001259,11.337,0.024,11.412,0.021,11.198,0.171,8.431,,OSFC,10.0,roquette25,4796.0,10.7068,
264684087,3.2366891753338726e+18,82.29621,4.44936,1.69148,11.7324,13.459,0.068,12.538,0.08,10.843,0.023,10.452,0.023,10.308,0.019,12.3104,0.000207,12.8042,0.001597,11.6808,0.001214,10.241,0.023,10.297,0.02,10.273,0.065,8.772,,OSFC,10.0,roquette25,5244.52,2.31397,
264682652,3.223846059181824e+18,82.32046,2.62325,1.28571,11.3042,12.621,0.05,11.9,0.057,10.588,0.022,10.311,0.022,10.223,0.021,11.7711,0.000245,12.1397,0.001981,11.2471,0.000959,10.17,0.022,10.193,0.02,10.158,0.055,8.806,,OSFC,10.0,roquette25,5978.81,3.02813,1.1
284909145,3.2377858050379233e+18,82.32325,6.25906,1.56327,14.1002,16.212,0.058,15.163,0.046,13.089,0.025,12.71,0.035,12.521,0.023,14.7782,0.001118,15.3587,0.00632,14.0459,0.003276,12.445,0.024,12.454,0.023,12.059,,7.982,,OSFC,10.0,roquette25,5579.0,0.975712,0.985
264739665,3.223872168286749e+18,82.33721,2.90928,0.551303,12.8726,15.029,0.044,13.82,0.137,11.782,0.029,11.296,0.026,11.099,0.024,13.5592,0.000652,14.1749,0.002593,12.8176,0.002302,11.045,0.024,11.095,0.021,10.903,0.107,8.264,,OSFC,10.0,roquette25,4729.92,5.29615,
264686881,3.2361116912101535e+18,82.34467,4.00797,0.820233,12.4066,14.219,0.049,13.225,0.08,11.517,0.026,11.074,0.026,10.987,0.023,12.9956,0.000506,13.4983,0.001174,12.3529,0.002049,10.924,0.023,10.978,0.022,11.098,0.158,8.847,,OSFC,10.0,roquette25,5133.05,3.66955,
264686858,3.2361124814841344e+18,82.35275,4.03217,0.54745,11.5641,13.996,0.04,12.595,0.069,10.439,0.026,9.879,0.023,9.703,0.019,12.2903,0.000183,12.9742,0.00168,11.5193,0.001343,9.457,0.021,9.589,0.019,9.554,0.043,8.979,,OSFC,10.0,roquette25,4651.66,9.69832,
264739765,3.223867224780634e+18,82.38067,2.79644,0.127565,12.6567,14.949,0.065,13.821,0.069,11.453,0.024,10.777,0.026,10.638,0.019,13.4166,0.000318,14.1319,0.001803,12.607,0.000935,10.521,0.022,10.605,0.02,10.328,0.064,8.746,,OSFC,10.0,roquette25,4437.04,22.7385,
264740318,3.2237437358811986e+18,82.42271,2.06778,1.85488,10.7276,11.26,0.138,11.034,0.011,10.405,0.027,10.257,0.027,10.193,0.024,10.9503,0.000523,11.1173,0.001975,10.6824,0.002082,10.092,0.022,10.103,0.02,10.075,0.057,8.176,,OSFC,10.0,roquette25,7404.0,1.91194,1.69
264739954,3.223847532354425e+18,82.42337,2.56433,1.27881,9.9268,10.16,0.058,10.058,0.005,9.702,0.024,9.667,0.024,9.666,0.019,9.99922,0.0005,10.0764,0.00183,9.88156,0.001011,9.603,0.023,9.635,0.021,9.632,0.04,8.977,,OSFC,10.0,roquette25,7639.92,4.3369,1.78
264739134,3.2360364476782674e+18,82.43312,3.59156,1.39745,10.9212,11.61,0.156,11.198,0.011,10.391,0.028,10.207,0.026,10.113,0.022,11.284,0.000434,11.5573,0.001217,10.8658,0.000977,10.056,0.023,10.073,0.019,10.094,0.066,8.304,,OSFC,10.0,roquette25,5993.63,3.39956,1.1
264744396,3.236029988047624e+18,82.46587,3.46128,3.52344,10.0145,11.125,0.094,10.505,0.006,9.499,0.026,9.259,0.026,9.2,0.023,10.4011,0.000317,10.7041,0.001136,9.96905,0.001665,9.141,0.023,9.171,0.018,9.152,0.031,8.454,,OSFC,10.0,roquette25,6130.66,1.88695,1.16
264744752,3.2360982608475484e+18,82.46758,3.93383,1.56782,11.0639,12.015,0.183,11.435,0.013,10.598,0.027,10.46,0.027,10.367,0.026,11.3863,0.00047,11.624,0.001316,11.0089,0.001053,10.317,0.023,10.353,0.021,10.394,0.081,8.715,,OSFC,10.0,roquette25,6741.0,2.23555,1.44
264744175,3.22397638567006e+18,82.47592,3.16075,0.545962,11.9891,13.971,0.05,12.899,0.08,10.991,0.024,10.496,0.024,10.402,0.024,12.6316,0.000233,13.1992,0.001587,11.9412,0.000854,10.331,0.023,10.391,0.022,10.363,0.073,9.037,,OSFC,10.0,roquette25,5034.34,6.9723,
264743366,3.223773590198848e+18,82.48304,2.20942,2.47851,10.1188,10.654,0.082,10.373,0.006,9.849,0.026,9.762,0.026,9.71,0.023,10.2872,0.000666,10.4182,0.001425,10.0772,0.00137,9.681,0.022,9.709,0.018,9.731,0.055,8.598,,OSFC,10.0,roquette25,7835.0,1.76688,1.86
264743781,3.223850659090609e+18,82.48617,2.68558,1.78307,11.1209,12.085,0.233,11.512,0.016,10.492,0.026,10.282,0.023,10.213,0.024,11.5357,0.000368,11.8559,0.00155,11.0632,0.001107,10.153,0.022,10.169,0.021,10.078,0.054,9.038,,OSFC,10.0,roquette25,6277.95,2.2998,1.23
264744192,3.23598641560291e+18,82.49187,3.17825,0.987795,12.8103,14.555,0.045,13.586,0.103,11.956,0.024,11.553,0.023,11.458,0.024,13.3868,0.000243,13.8701,0.003058,12.7532,0.000969,11.396,0.023,11.458,0.023,11.837,0.246,8.912,,OSFC,10.0,roquette25,5411.31,2.30981,0.94
264744743,3.236095615147692e+18,82.49342,3.92119,0.828884,12.6252,13.885,0.061,13.244,0.092,11.979,0.026,11.668,0.023,11.609,0.023,13.0591,0.000451,13.3871,0.001779,12.5597,0.001745,11.557,0.024,11.585,0.023,12.088,0.331,8.877,,OSFC,10.0,roquette25,6063.99,2.44208,1.13
264743398,3.223773835011973e+18,82.49796,2.24747,,10.1358,11.109,0.095,10.505,0.007,9.626,0.026,9.347,0.026,9.265,0.023,10.4882,0.000456,10.7535,0.001625,10.0862,0.001697,9.219,0.023,9.237,0.019,9.24,0.043,8.521,0.357,OSFC,10.0,roquette25,6133.0,1.29123,
264743508,3.2237890177213926e+18,82.50154,2.3705,2.37434,9.4402,9.384,0.037,9.363,0.004,9.298,0.039,9.368,0.049,9.174,0.033,9.39249,0.000515,9.39304,0.002253,9.39641,0.0041,8.904,0.023,8.927,0.021,8.962,0.032,8.6,0.435,OSFC,10.0,roquette25,11339.0,1.78951,2.98
264744684,3.2360938928656973e+18,82.51004,3.83786,0.73259,11.1711,13.083,0.057,12.002,0.057,10.284,0.026,9.816,0.026,9.709,0.019,11.7836,0.00028,12.3206,0.001757,11.1252,0.001103,9.619,0.022,9.687,0.021,9.638,0.043,8.27,,OSFC,10.0,roquette25,5067.23,7.46536,
264744938,3.2364907864985836e+18,82.51067,4.19139,0.510055,10.799,13.035,0.063,11.753,0.046,9.762,0.022,9.196,0.022,9.064,0.027,11.4887,0.000384,12.124,0.002295,10.7556,0.000964,8.972,0.023,9.084,0.019,8.963,0.029,8.629,0.414,OSFC,10.0,roquette25,4652.64,15.0442,
264744563,3.2360431134674903e+18,82.51846,3.68219,0.912889,10.7538,12.336,0.254,11.535,0.018,9.839,0.024,9.234,0.023,9.062,0.019,11.4129,0.004135,11.9881,0.01291,10.6901,0.01082,8.918,0.023,8.946,0.02,8.852,0.032,8.48,0.342,OSFC,10.0,roquette25,4445.56,10.281,
264744659,3.23604668258403e+18,82.53154,3.80808,0.70989,11.3891,12.179,0.239,12.251,0.057,10.462,0.023,9.949,0.027,9.841,0.021,12.0059,0.000169,12.5453,0.001539,11.3383,0.000992,9.769,0.022,9.837,0.021,9.782,0.052,8.976,,OSFC,10.0,roquette25,5078.34,6.77576,
264744103,3.2239718115280353e+18,82.569,3.05931,0.437862,11.9407,14.142,0.041,12.934,0.069,10.864,0.024,10.302,0.023,10.175,0.019,12.6356,0.000243,13.272,0.001885,11.8949,0.000826,10.092,0.022,10.197,0.02,10.143,0.06,8.224,,OSFC,10.0,roquette25,4716.78,10.0418,
138829047,3.2359886189226373e+18,82.58304,3.25625,2.39399,9.2451,9.505,0.04,9.363,0.003,9.049,0.022,9.025,0.025,9.001,0.021,9.33411,0.000358,9.42349,0.001923,9.20566,0.001497,8.924,0.022,8.958,0.02,8.957,0.027,8.556,0.385,OSFC,10.0,roquette25,8878.0,2.471,2.24
138828933,3.2239723999399583e+18,82.58637,3.10064,0.744847,12.4243,13.605,0.021,12.942,0.114,11.893,0.022,11.682,0.021,11.661,0.026,12.7745,0.000313,13.0327,0.000979,12.364,0.000922,11.524,0.023,11.506,0.022,11.168,0.153,8.602,,OSFC,10.0,roquette25,6671.0,2.56532,1.41
138828936,3.223972434299696e+18,82.58746,3.10511,4.61012,10.0795,11.234,0.107,10.603,0.007,9.534,0.021,9.28,0.021,9.225,0.021,10.4762,0.000292,10.7875,0.000895,10.0334,0.000901,9.165,0.022,9.198,0.021,9.217,0.035,8.173,,OSFC,10.0,roquette25,6000.89,1.44984,1.107
138852725,3.2364782795538115e+18,82.58954,4.15164,1.51472,11.0365,11.744,0.142,11.25,0.01,10.668,0.021,10.584,0.021,10.527,0.021,11.2577,0.000554,11.4225,0.001696,10.9882,0.001275,10.496,0.023,10.505,0.02,10.605,0.105,8.918,,OSFC,10.0,roquette25,7471.66,2.02475,1.72
138852711,3.236477588064212e+18,82.59954,4.12128,0.168574,12.943,15.034,0.064,13.909,0.126,12.024,0.024,11.559,0.023,11.43,0.024,13.5808,0.00024,14.1445,0.003223,12.8931,0.001237,11.334,0.023,11.415,0.02,11.374,0.202,8.803,,OSFC,10.0,roquette25,5186.0,10.9078,
138828522,3.2238010822844416e+18,82.61442,2.54347,0.104522,13.1137,15.579,0.025,14.29,0.103,11.943,0.022,11.31,0.023,11.138,0.022,13.8635,0.000329,14.5644,0.002043,13.0675,0.001396,11.056,0.023,11.156,0.021,11.26,0.147,8.878,,OSFC,10.0,roquette25,4575.88,18.2597,
138828684,3.223944912149579e+18,82.62467,2.75675,2.95653,9.8183,11.055,0.084,10.341,0.006,9.262,0.021,8.981,0.021,8.903,0.022,10.2591,0.000438,10.6139,0.000725,9.77335,0.000569,8.841,0.022,8.903,0.019,8.867,0.026,8.673,0.499,OSFC,10.0,roquette25,5851.72,2.70161,1.06
138828289,3.2237717390679204e+18,82.62675,2.24028,1.74967,11.0246,12.746,0.031,11.804,0.046,10.197,0.023,9.73,0.019,9.648,0.021,11.5974,0.000451,12.0855,0.00184,10.9745,0.001515,9.583,0.022,9.639,0.02,9.618,0.056,8.446,,OSFC,10.0,roquette25,5154.48,3.30228,
138829670,3.236476492847422e+18,82.63671,4.08158,2.8736,10.4778,11.23,0.114,10.835,0.008,10.086,0.021,9.905,0.021,9.87,0.021,10.7677,0.000402,10.9853,0.001521,10.431,0.00094,9.836,0.022,9.86,0.019,9.954,0.057,9.045,,OSFC,10.0,roquette25,6633.76,1.65919,1.39
138828783,3.223951440499573e+18,82.63692,2.90372,0.525447,11.0249,13.005,0.041,11.902,0.057,10.084,0.022,9.548,0.021,9.456,0.021,11.6695,0.000374,12.2396,0.00282,10.9785,0.001243,9.356,0.023,9.43,0.021,9.358,0.038,9.001,,OSFC,10.0,roquette25,4957.12,11.849,
138829652,3.236473469190447e+18,82.65725,4.05861,1.53124,12.3448,13.354,0.077,12.841,0.092,11.81,0.021,11.562,0.023,11.474,0.022,12.7013,0.000304,12.962,0.001912,12.2832,0.001447,11.442,0.022,11.469,0.02,11.553,0.236,8.781,,OSFC,10.0,roquette25,6320.29,1.42791,1.25
138828618,3.223896941660421e+18,82.67042,2.67919,2.28229,11.3743,12.335,0.333,11.801,0.023,10.714,0.021,10.457,0.023,10.361,0.021,11.8198,0.000356,12.1675,0.001793,11.3174,0.000625,10.323,0.024,10.346,0.02,10.333,0.067,8.72,0.535,OSFC,10.0,roquette25,6008.28,1.62738,1.11
138852837,3.236497039969902e+18,82.67604,4.27644,-0.280674,13.7897,,,14.9243,0.052,12.237,0.024,11.757,0.027,11.655,0.03,14.5172,0.000794,15.0581,0.010479,13.5781,0.046121,11.482,0.023,11.532,0.022,11.513,0.244,8.611,,OSFC,10.0,roquette25,5034.04,,
138852786,3.2364847735443364e+18,82.67854,4.21386,2.57884,10.5399,11.37,0.117,10.862,0.008,10.117,0.021,9.927,0.021,9.86,0.021,10.824,0.000509,11.0344,0.000702,10.4895,0.001074,9.821,0.023,9.834,0.02,9.855,0.058,8.77,0.5,OSFC,10.0,roquette25,6752.29,1.75885,1.44
138828187,3.223580698922979e+18,82.68825,2.10914,1.12088,10.7388,11.684,0.158,11.157,0.011,10.277,0.021,10.119,0.021,10.065,0.021,11.0327,0.00093,11.252,0.002206,10.6861,0.001645,10.008,0.024,10.023,0.021,10.071,0.06,8.525,,OSFC,10.0,roquette25,7120.51,3.39074,1.58
138855456,3.2364738084979364e+18,82.69562,4.07725,2.68986,11.1401,12.069,0.232,11.588,0.016,10.55,0.018,10.261,0.018,10.206,0.023,11.5304,0.000374,11.827,0.001062,11.0855,0.001027,10.145,0.023,10.185,0.021,10.18,0.076,8.59,,OSFC,10.0,roquette25,5951.67,1.53172,1.09
138856061,3.2240011934006774e+18,82.69908,3.22219,1.53454,10.5434,11.214,0.133,10.899,0.01,10.159,0.018,10.064,0.019,10.013,0.014,10.7562,0.000922,10.9214,0.001758,10.5011,0.000889,9.994,0.023,10.023,0.02,10.076,0.066,8.836,,OSFC,10.0,roquette25,7571.0,2.48006,1.76
138855538,3.236471849986803e+18,82.706,3.96461,0.589963,11.3855,13.537,0.056,12.343,0.057,10.38,0.025,9.807,0.018,9.692,0.015,12.0584,0.000206,12.6684,0.002107,11.3382,0.000952,9.613,0.023,9.69,0.019,9.528,0.04,8.449,,OSFC,10.0,roquette25,4740.71,9.6024,
138856476,3.2238957433639823e+18,82.70925,2.63822,1.6537,11.7865,14.121,0.031,12.741,0.057,10.746,0.023,10.229,0.024,10.036,0.017,12.5,0.0002,13.1546,0.00164,11.7412,0.000845,9.943,0.023,10.038,0.02,9.896,0.049,8.423,,OSFC,10.0,roquette25,4713.0,3.11526,
138856222,3.223958896562778e+18,82.71896,2.99881,1.03032,11.1647,11.442,0.163,11.344,0.015,10.843,0.023,10.772,0.023,10.706,0.017,11.3216,0.000566,11.4396,0.00248,11.1119,0.001586,10.664,0.023,10.69,0.021,10.964,0.135,8.74,,OSFC,10.0,roquette25,8106.0,2.55949,1.97
138856633,3.2237829747023293e+18,82.72525,2.40622,3.62408,10.3977,11.311,0.116,10.775,0.008,9.906,0.022,9.633,0.021,9.592,0.017,10.7436,0.00042,11.0031,0.001046,10.3462,0.000972,9.543,0.022,9.552,0.019,9.533,0.041,8.566,,OSFC,10.0,roquette25,6330.48,1.44369,1.251
138855948,3.236014594884921e+18,82.72846,3.39044,0.356261,13.3339,15.359,0.05,14.279,0.08,12.33,0.022,11.805,0.023,11.662,0.021,13.9955,0.000352,14.5839,0.003165,13.2813,0.001152,11.606,0.024,11.687,0.022,11.9,0.364,8.815,,OSFC,10.0,roquette25,4891.21,5.82884,
138855698,3.236041876517034e+18,82.74392,3.75239,1.19833,10.9834,11.526,0.164,11.291,0.013,10.614,0.024,10.549,0.018,10.472,0.014,11.1706,0.000657,11.313,0.002162,10.9274,0.001007,10.418,0.023,10.431,0.02,10.326,0.075,8.256,0.329,OSFC,10.0,roquette25,7721.29,2.6777,1.82
138856867,3.2235795994113475e+18,82.74492,2.07192,1.39599,11.5673,12.971,0.477,12.29,0.033,11.135,0.025,10.996,0.023,10.963,0.026,11.8373,0.00071,12.0315,0.002338,11.5094,0.001463,10.89,0.024,10.909,0.02,10.959,0.12,8.671,,OSFC,10.0,roquette25,7179.0,1.84041,1.6
138856013,3.224002052394121e+18,82.74633,3.28367,2.39141,11.0233,11.619,0.184,11.291,0.013,10.599,0.021,10.437,0.022,10.386,0.015,11.3274,0.000513,11.5504,0.001396,10.971,0.001172,10.341,0.023,10.344,0.019,10.314,0.088,8.738,,OSFC,10.0,roquette25,6773.0,1.46225,1.45
138855908,3.236015453878268e+18,82.76962,3.45239,0.999444,11.3449,12.14,0.286,11.664,0.02,10.976,0.024,10.87,0.022,10.832,0.022,11.555,0.000435,11.7046,0.001362,11.2864,0.000954,10.79,0.023,10.802,0.021,11.023,0.159,8.662,,OSFC,10.0,roquette25,7226.69,2.88887,1.62
138855689,3.236417153579496e+18,82.77162,3.76011,1.0677,12.0942,12.521,0.426,12.268,0.033,11.585,0.025,11.401,0.022,11.314,0.019,12.3775,0.000671,12.5752,0.002093,12.0236,0.00147,11.283,0.022,11.282,0.021,11.492,0.198,8.709,,OSFC,10.0,roquette25,7067.55,2.0229,1.56
138855923,3.2360151790003625e+18,82.78033,3.43031,1.08606,11.8149,13.588,0.049,12.622,0.092,10.95,0.021,10.472,0.021,10.371,0.017,12.4061,0.000231,12.9112,0.001769,11.7631,0.000965,10.312,0.023,10.354,0.021,10.307,0.091,9.034,,OSFC,10.0,roquette25,5124.12,3.77351,
138855412,3.236480581656249e+18,82.78058,4.15844,3.00657,10.0638,11.097,0.092,10.544,0.006,9.588,0.02,9.362,0.018,9.333,0.022,10.407,0.000377,10.6692,0.001197,10.0168,0.000846,9.274,0.023,9.31,0.019,9.264,0.037,8.12,,OSFC,10.0,roquette25,6439.3,1.97933,1.303
138899374,3.223899729093579e+18,82.81225,2.80564,2.02957,12.0624,13.397,0.023,12.656,0.057,11.379,0.024,11.075,0.023,10.987,0.022,12.527,0.000188,12.8926,0.000994,12.0049,0.001089,10.963,0.023,10.989,0.021,10.987,0.128,8.74,,OSFC,10.0,roquette25,5825.99,1.42394,1.05
138899266,3.2238930633043697e+18,82.82171,2.64586,1.64985,12.8176,14.321,0.032,13.574,0.069,11.995,0.026,11.674,0.025,11.55,0.027,13.3507,0.000471,13.7757,0.001412,12.7505,0.001769,11.479,0.024,11.486,0.021,11.368,0.177,8.471,,OSFC,10.0,roquette25,6089.39,1.12794,1.14
138899659,3.223997654347611e+18,82.82383,3.20772,2.28976,12.1401,13.637,0.09,13.014,0.092,11.4,0.025,11.015,0.022,10.904,0.022,12.6558,0.002884,13.0767,0.010145,12.0849,0.006457,10.862,0.023,10.869,0.02,11.096,0.2,8.844,,OSFC,10.0,roquette25,5492.0,1.31885,0.96
138899955,3.236024834086816e+18,82.82929,3.60472,2.2613,10.141,10.982,0.091,10.428,0.006,9.684,0.021,9.492,0.019,9.447,0.021,10.4431,0.000679,10.6736,0.002626,10.093,0.001702,9.402,0.022,9.434,0.021,9.455,0.043,8.379,,OSFC,10.0,roquette25,6725.53,2.49187,1.43
138899084,3.223778709799883e+18,82.83021,2.35194,0.493963,11.3227,13.198,0.045,12.193,0.057,10.345,0.026,9.873,0.024,9.762,0.025,11.951,0.000207,12.503,0.001937,11.2738,0.001035,9.657,0.022,9.722,0.02,9.683,0.073,8.587,,OSFC,10.0,roquette25,4999.87,10.4184,
138859503,3.22358815498611e+18,82.85458,2.21533,3.00908,10.9036,11.843,0.182,11.274,0.012,10.394,0.025,10.174,0.02,10.125,0.025,11.2575,0.000609,11.5225,0.001841,10.8505,0.00106,10.076,0.023,10.107,0.02,10.252,0.073,8.8,,OSFC,10.0,roquette25,6209.97,1.42719,1.19
138899403,3.223905703391426e+18,82.87142,2.84197,2.7449,9.9996,10.812,0.09,10.352,0.006,9.374,0.024,9.073,0.023,8.975,0.022,10.3702,0.000745,10.6534,0.001569,9.94768,0.001883,8.921,0.023,8.925,0.02,8.851,0.026,8.191,,OSFC,10.0,roquette25,6625.36,2.14996,1.39
138899213,3.223879697366154e+18,82.875,2.54694,3.06952,9.7045,9.789,0.048,9.762,0.005,9.538,0.025,9.519,0.02,9.478,0.022,9.72103,0.00055,9.76496,0.002043,9.66257,0.001153,9.443,0.023,9.456,0.02,9.367,0.035,8.706,0.489,OSFC,10.0,roquette25,7666.94,2.03345,1.8
138859374,3.223563553413509e+18,82.88058,2.00664,0.310667,12.5177,14.569,0.064,13.391,0.069,11.531,0.021,10.985,0.022,10.853,0.023,13.1799,0.00029,13.7686,0.003405,12.4619,0.000887,10.787,0.023,10.862,0.021,10.832,0.107,8.529,,OSFC,10.0,roquette25,4789.0,10.0098,
138899587,3.2239840092351544e+18,82.88542,3.10394,,11.9146,13.176,0.053,12.529,0.08,11.214,0.025,10.885,0.022,10.821,0.022,12.3753,0.000988,12.7245,0.001842,11.843,0.001436,10.771,0.023,10.809,0.021,10.755,0.124,8.628,,OSFC,10.0,roquette25,5930.0,1.19561,
138899520,3.223955937328913e+18,82.895,2.9975,2.79255,10.7631,11.814,0.175,11.212,0.012,10.236,0.024,10.037,0.02,9.984,0.022,11.1318,0.00046,11.4134,0.000863,10.7129,0.001112,9.937,0.022,9.967,0.02,10.02,0.066,9.083,,OSFC,10.0,roquette25,6209.14,1.64534,1.19
138859465,3.2235848177960284e+18,82.89737,2.16489,1.75086,11.758,12.637,0.447,12.282,0.031,11.255,0.025,11.04,0.022,11.01,0.027,12.1039,0.000301,12.357,0.00163,11.698,0.000945,10.941,0.022,10.969,0.021,11.082,0.131,8.48,,OSFC,10.0,roquette25,6526.9,1.54734,1.34
138899149,3.223874818283441e+18,82.90658,2.44436,1.85959,12.3547,13.696,0.027,13.047,0.103,11.67,0.026,11.322,0.022,11.237,0.024,12.8325,0.000471,13.2134,0.003381,12.2994,0.00123,11.186,0.024,11.231,0.021,11.3,0.207,9.028,,OSFC,10.0,roquette25,5803.68,1.35805,1.04
138899133,3.223873993649721e+18,82.92742,2.42375,1.83361,11.966,13.215,0.04,12.528,0.057,11.236,0.025,10.937,0.02,10.88,0.025,12.4205,0.000191,12.7749,0.002404,11.9071,0.001982,10.836,0.023,10.876,0.02,11.073,0.158,8.844,,OSFC,10.0,roquette25,5857.17,1.6331,1.06
138904139,3.223894231535437e+18,82.94808,2.69703,0.172724,13.4863,15.865,0.028,14.624,0.126,12.305,0.022,11.673,0.023,11.571,0.027,14.2298,0.000391,14.9216,0.002888,13.4345,0.001624,11.452,0.023,11.53,0.021,11.135,0.132,8.9,,OSFC,10.0,roquette25,4550.0,11.5469,
138904178,3.223882171267283e+18,82.94821,2.64478,0.346349,12.764,15.024,0.066,13.826,0.092,11.666,0.022,11.094,0.023,10.945,0.024,13.4873,0.000274,14.1469,0.00187,12.7167,0.00089,10.867,0.024,10.932,0.02,10.721,0.091,8.811,0.505,OSFC,10.0,roquette25,4824.23,8.52798,
138904365,3.223685904145852e+18,82.98342,2.37908,1.27479,11.5005,12.636,0.049,12.028,0.046,10.91,0.024,10.651,0.02,10.611,0.022,11.9125,0.000225,12.2293,0.001257,11.444,0.000685,10.539,0.023,10.568,0.02,10.511,0.08,8.871,,OSFC,10.0,roquette25,6149.37,2.67172,1.17
138903948,3.2239076618981786e+18,82.99392,2.92936,2.87,12.6021,14.745,0.079,13.577,0.092,11.545,0.026,10.988,0.022,10.886,0.023,13.2883,0.002975,13.9072,0.010729,12.5425,0.007096,10.803,0.022,10.802,0.021,10.714,0.098,8.803,,OSFC,10.0,roquette25,4731.09,1.14309,0.76
138903757,3.2239864187133384e+18,83.00375,3.18639,0.693333,10.3885,12.552,0.254,11.25,0.033,9.454,0.024,8.932,0.023,8.808,0.02,11.0228,0.000723,11.5785,0.00172,10.3388,0.001192,8.739,0.024,8.81,0.02,8.729,0.029,8.185,,OSFC,10.0,roquette25,4879.77,12.6952,
138903755,3.223986384353597e+18,83.01971,3.18736,0.268408,12.1989,14.125,0.064,13.089,0.069,11.227,0.025,10.7,0.023,10.594,0.022,12.8426,0.000362,13.4073,0.002216,12.1473,0.001149,10.501,0.024,10.571,0.021,10.614,0.093,8.911,,OSFC,10.0,roquette25,4994.12,11.728,
138904148,3.223888149861728e+18,83.02604,2.68528,0.776867,10.3992,10.806,0.099,10.647,0.008,10.043,0.022,10.0,0.026,9.952,0.027,10.5588,0.000544,10.6846,0.001088,10.3445,0.000609,9.908,0.024,9.924,0.02,9.998,0.063,8.56,,OSFC,10.0,roquette25,7641.14,5.51994,
138903340,3.2364035127633224e+18,83.03542,3.78006,1.64389,11.4652,12.597,0.388,12.02,0.027,10.823,0.021,10.574,0.021,10.507,0.022,11.9078,0.000356,12.255,0.001239,11.4066,0.001074,10.427,0.023,10.449,0.021,10.325,0.081,8.53,,OSFC,10.0,roquette25,6170.72,2.32085,1.18
138904463,3.2235872959925827e+18,83.04517,2.24908,1.00163,12.5232,14.28,0.044,13.322,0.069,11.666,0.025,11.168,0.023,11.113,0.023,13.1173,0.000281,13.6217,0.002398,12.4681,0.001167,11.029,0.023,11.079,0.022,11.323,0.166,8.635,,OSFC,10.0,roquette25,5228.4,2.82132,
138904107,3.2238889744941496e+18,83.04625,2.74281,1.72199,12.6719,,,13.2314,0.0499,11.519,0.022,11.269,0.024,11.18,0.024,13.0956,0.015807,13.1172,0.027531,12.3105,0.029357,11.142,0.022,11.172,0.022,11.47,0.199,9.057,,OSFC,10.0,roquette25,5958.92,,
138904078,3.223902237354429e+18,83.04792,2.77175,0.310722,13.13,15.277,0.051,14.147,0.092,12.057,0.022,11.509,0.023,11.392,0.024,13.8203,0.000346,14.4408,0.001883,13.08,0.000862,11.312,0.023,11.379,0.022,11.297,0.177,8.807,0.502,OSFC,10.0,roquette25,4894.32,7.39063,
138936366,3.223876364471647e+18,83.05967,2.52972,0.301627,12.3642,14.531,0.047,13.4,0.08,11.283,0.025,10.731,0.023,10.606,0.022,13.0724,0.00029,13.7112,0.001551,12.3143,0.001278,10.518,0.024,10.572,0.02,10.479,0.075,8.622,,OSFC,10.0,roquette25,5045.7,10.3106,
138936437,3.2238869472710564e+18,83.06212,2.63797,3.36047,10.3831,11.447,0.134,10.816,0.009,9.801,0.024,9.533,0.023,9.468,0.022,10.802,0.000277,11.1339,0.000995,10.3347,0.001145,9.426,0.023,9.471,0.02,9.371,0.034,8.37,,OSFC,10.0,roquette25,5913.45,1.89041,1.08
138936808,3.2239830815238907e+18,83.06467,3.14731,1.52861,10.4484,12.94,0.298,11.529,0.045,9.47,0.025,8.968,0.02,8.812,0.02,11.1013,0.000576,11.6891,0.002959,10.4056,0.001537,8.755,0.024,8.845,0.02,8.767,0.031,8.458,,OSFC,10.0,roquette25,4836.59,5.6849,
138937249,3.236403581482792e+18,83.06608,3.79347,0.915666,11.7848,13.078,0.472,12.338,0.033,11.176,0.026,11.031,0.022,10.952,0.025,12.1284,0.000221,12.3859,0.001404,11.715,0.001376,10.888,0.023,10.901,0.02,10.775,0.16,8.364,,OSFC,10.0,roquette25,7761.86,2.48499,1.83
138936872,3.2239924316675297e+18,83.06942,3.23283,0.45418,10.7111,13.11,0.31,11.577,0.058,9.597,0.025,8.976,0.022,8.81,0.02,11.4387,0.000536,12.12,0.002225,10.6694,0.000906,8.727,0.023,8.822,0.02,8.692,0.031,8.725,0.498,OSFC,10.0,roquette25,4671.65,17.5092,
138936871,3.2239925347467433e+18,83.07521,3.23267,1.0841,11.5885,12.854,0.052,12.152,0.057,10.946,0.026,10.664,0.022,10.569,0.022,12.0414,0.000192,12.3977,0.001066,11.5329,0.000707,10.516,0.023,10.524,0.02,10.572,0.102,8.313,,OSFC,10.0,roquette25,5965.63,3.1753,1.09
138936156,3.223586540078325e+18,83.09683,2.24358,0.22754,12.7672,14.765,0.033,13.702,0.08,11.756,0.021,11.249,0.023,11.115,0.024,13.4266,0.000265,14.0095,0.002297,12.7158,0.001026,11.065,0.022,11.117,0.021,11.276,0.163,8.912,,OSFC,10.0,roquette25,5075.13,10.5381,
138936074,3.2235727618232684e+18,83.11667,2.13275,1.78642,12.5739,13.824,0.044,13.165,0.069,11.887,0.026,11.586,0.026,11.493,0.025,13.0344,0.000508,13.3894,0.001923,12.5097,0.001334,11.445,0.023,11.473,0.022,11.424,0.189,8.487,,OSFC,10.0,roquette25,5949.97,1.23706,1.09
138941631,3.223573002341417e+18,83.17504,2.15106,0.249792,13.2904,15.592,0.03,14.351,0.08,12.178,0.025,11.576,0.024,11.46,0.025,14.014,0.00052,14.6752,0.001193,13.2355,0.001576,11.373,0.023,11.46,0.022,11.535,0.202,8.941,,OSFC,10.0,roquette25,4754.29,8.67601,
138940883,3.2239886821612426e+18,83.20654,3.19911,2.67041,10.9072,12.233,0.049,11.453,0.046,10.261,0.02,9.983,0.021,9.906,0.023,11.3726,0.000649,11.7495,0.001456,10.86,0.000488,9.858,0.023,9.922,0.02,9.855,0.061,8.931,,OSFC,10.0,roquette25,5672.28,1.92065,1.008
138941173,3.2239133312552274e+18,83.2385,2.79336,0.187354,12.9057,14.984,0.048,13.889,0.103,11.837,0.021,11.275,0.024,11.124,0.022,13.5831,0.00071,14.1765,0.003013,12.8396,0.001563,11.08,0.023,11.141,0.021,11.19,0.168,8.916,,OSFC,10.0,roquette25,4807.68,12.4502,
138941131,3.2239149160980475e+18,83.24262,2.84694,1.89054,10.9998,11.715,0.204,11.347,0.014,10.488,0.021,10.291,0.024,10.194,0.02,11.3639,0.000535,11.6406,0.001504,10.9465,0.000894,10.162,0.024,10.184,0.02,10.153,0.07,8.767,0.454,OSFC,10.0,roquette25,6418.85,2.11915,1.29
138940781,3.2243673307727217e+18,83.27458,3.33706,0.385982,13.0267,14.828,0.046,13.951,0.126,11.976,0.038,11.454,0.041,11.34,0.027,13.6851,0.000238,14.2607,0.001499,12.971,0.001381,11.237,0.023,11.307,0.022,11.259,0.182,8.743,,OSFC,10.0,roquette25,5044.38,6.08295,
138979874,3.2236970753566915e+18,83.29217,2.63506,0.394362,11.8938,13.843,0.053,12.812,0.069,10.897,0.024,10.371,0.023,10.287,0.02,12.5428,0.000308,13.1153,0.001816,11.842,0.001179,10.183,0.023,10.263,0.021,10.157,0.065,8.586,,OSFC,10.0,roquette25,4987.07,9.88172,
138979660,3.2236710950986173e+18,83.30737,2.35261,0.751011,12.362,14.325,0.039,13.28,0.08,11.387,0.022,10.871,0.023,10.747,0.022,13.0092,0.000406,13.5817,0.002099,12.3101,0.001079,10.68,0.023,10.735,0.02,10.681,0.101,8.738,,OSFC,10.0,roquette25,4936.79,4.444,
138979913,3.2237211615332695e+18,83.33037,2.68644,0.530957,12.4046,14.368,0.043,13.341,0.08,11.422,0.025,10.891,0.021,10.753,0.022,13.0531,0.000291,13.6214,0.001638,12.3474,0.002232,10.696,0.022,10.769,0.021,10.74,0.104,8.191,,OSFC,10.0,roquette25,4882.0,6.25211,
138979677,3.223677112348752e+18,83.34108,2.37656,2.03655,8.64,8.617,0.0,8.64,0.03,8.58,0.029,8.622,0.031,8.565,0.02,8.60994,0.000452,8.6256,0.001948,8.60462,0.002931,8.54,0.023,8.578,0.02,8.575,0.026,8.727,0.43,OSFC,10.0,roquette25,10512.0,3.19463,2.72
138980298,3.2239436064792586e+18,83.34454,3.24044,0.69026,11.9354,13.852,0.055,12.8,0.092,10.99,0.024,10.517,0.023,10.418,0.022,12.5685,0.000669,13.1223,0.002796,11.8843,0.002123,10.311,0.024,10.376,0.02,10.289,0.078,9.018,,OSFC,10.0,roquette25,5252.2,5.16058,
138980110,3.22392339865765e+18,83.34658,2.97447,2.75226,13.0651,14.992,0.135,13.963,0.16,11.995,0.027,11.468,0.024,11.336,0.026,13.7012,0.009853,14.2295,0.030465,12.9835,0.027931,11.346,0.023,11.361,0.021,11.275,0.162,8.854,,OSFC,10.0,roquette25,4770.51,0.998926,0.77
138980138,3.2239236434715725e+18,83.35567,3.01425,,12.8886,14.173,0.061,13.394,0.069,12.166,0.027,11.842,0.025,11.771,0.027,13.3615,0.004511,13.6887,0.001539,12.7822,0.000939,11.699,0.023,11.728,0.021,11.723,0.243,8.847,,OSFC,10.0,roquette25,5708.82,,
138980515,3.224373820468916e+18,83.37433,3.52625,1.91114,11.5259,12.48,0.361,11.944,0.025,10.84,0.062,10.565,0.059,10.147,,11.972,0.000424,12.3083,0.001987,11.4565,0.000957,9.799,0.023,9.838,0.02,9.939,0.06,9.007,0.541,OSFC,10.0,roquette25,6650.47,1.64151,
138979836,3.223693123986775e+18,83.37671,2.57811,1.53245,12.413,13.525,0.045,12.954,0.16,11.806,0.025,11.51,0.023,11.478,0.025,12.8243,0.00027,13.1386,0.001497,12.3556,0.001128,11.431,0.023,11.475,0.021,11.504,0.198,8.92,,OSFC,10.0,roquette25,6062.31,1.46665,1.13
220045880,3.2239227114628823e+18,83.47187,2.98181,0.807013,10.5028,12.374,0.25,11.168,0.028,9.527,0.026,9.0,0.08,8.832,0.024,11.1777,0.000727,11.7913,0.002062,10.457,0.000736,8.723,0.023,8.816,0.019,8.715,0.028,8.871,0.522,OSFC,10.0,roquette25,4823.27,10.227,
220045883,3.2239227458226207e+18,83.48504,2.98619,0.37538,12.0723,14.309,0.047,13.01,0.08,11.006,0.024,10.398,0.023,10.274,0.023,12.7776,0.00028,13.4275,0.00162,12.0246,0.001205,10.179,0.023,10.26,0.019,10.122,0.057,8.932,,OSFC,10.0,roquette25,4641.0,11.1216,
220045078,3.223613409394083e+18,83.50004,2.08794,4.04719,13.2374,16.166,0.092,14.762,0.126,11.968,0.024,11.259,0.023,11.107,0.021,14.1322,0.000359,15.0756,0.003685,13.1763,0.001492,10.995,0.023,11.022,0.021,10.86,0.124,8.341,,OSFC,10.0,roquette25,3968.0,0.926328,0.62
220055790,3.223600524492173e+18,83.67571,2.03944,1.73751,11.2038,12.083,0.262,11.632,0.018,10.631,0.034,10.381,0.029,10.287,0.024,11.5781,0.000348,11.8494,0.003818,11.1369,0.002996,10.156,0.024,10.175,0.02,10.177,0.07,8.921,,OSFC,10.0,roquette25,6421.0,2.05236,1.29
220063024,3.223607671317708e+18,83.84896,2.12075,0.674866,12.0082,14.044,0.019,12.92,0.08,11.01,0.023,10.5,0.024,10.339,0.021,12.6735,0.000242,13.2701,0.001844,11.9584,0.001609,10.248,0.022,10.327,0.02,10.286,0.067,8.788,,OSFC,10.0,roquette25,4804.0,6.18634,
220066330,3.222852409907787e+18,83.99629,2.012,0.468992,11.9043,13.927,0.039,12.833,0.24,10.902,0.024,10.338,0.023,10.224,0.021,12.5684,0.000288,13.1613,0.001847,11.8535,0.001153,10.146,0.022,10.241,0.02,10.186,0.073,8.899,,OSFC,10.0,roquette25,4829.0,9.06208,
220073799,3.222851924575447e+18,84.04821,2.00058,0.373081,12.3551,14.547,0.047,13.342,0.092,11.27,0.022,10.666,0.022,10.551,0.021,13.0541,0.000438,13.6894,0.001753,12.302,0.001218,10.466,0.024,10.537,0.021,10.566,0.111,8.421,,OSFC,10.0,roquette25,4677.0,9.76021,
220077132,3.222876083767482e+18,84.18458,2.09719,2.87421,10.5099,11.349,0.122,10.922,0.009,10.052,0.023,9.897,0.023,9.833,0.021,10.8272,0.000316,11.0657,0.000991,10.4573,0.000665,9.772,0.023,9.801,0.02,9.869,0.054,8.404,,OSFC,10.0,roquette25,6889.0,1.57232,1.5
343860806,3.224519505758364e+18,84.24862,4.19731,2.1926,11.6777,12.883,0.46,12.095,0.033,10.853,0.027,10.375,0.025,10.247,0.025,12.2563,0.002292,12.7389,0.008307,11.6248,0.00606,10.182,0.024,10.162,0.02,10.085,0.06,9.075,,OSFC,10.0,roquette25,5927.0,1.79768,1.08
343862407,3.222875254837795e+18,84.294,2.15317,2.60217,12.6758,14.521,0.044,13.348,0.08,11.73,0.024,11.257,0.026,11.121,0.026,13.2763,0.003451,13.7834,0.013095,12.6146,0.008954,11.141,0.023,11.146,0.021,11.155,0.132,8.502,,OSFC,10.0,roquette25,5306.36,0.975417,0.913
343862502,3.222860381367039e+18,84.36246,2.00078,1.92414,11.1767,12.41,0.377,11.983,0.026,10.585,0.024,10.296,0.024,10.205,0.021,11.6056,0.00029,11.9377,0.001823,11.1179,0.000884,10.151,0.023,10.17,0.021,10.123,0.057,8.877,,OSFC,10.0,roquette25,6429.64,1.98827,1.3
449257077,3.235463602120522e+18,79.85383,3.56009,,14.7746,18.047,0.167,16.588,0.149,13.208,0.029,12.555,0.022,12.364,0.024,15.7526,0.001522,16.8599,0.010031,14.6863,0.00311,12.276,0.023,12.217,0.024,11.874,0.288,8.475,,OSFC,10.0,roquette25,,,
449307285,3.234707172480487e+18,80.0344,3.41636,,14.1227,18.251,0.163,16.4666,0.0472,12.34,0.023,11.616,0.022,11.392,0.021,15.2353,0.001248,16.6686,0.011798,14.0412,0.003293,11.302,0.023,11.156,0.021,11.064,0.151,8.489,,OSFC,10.0,roquette25,,,
449361190,3.2343831558520694e+18,80.30539,2.43479,,13.8482,17.726,0.163,15.998,0.137,12.151,0.022,11.475,0.021,11.242,0.019,14.8591,0.004552,16.0143,0.015578,13.7361,0.006843,11.19,0.023,11.05,0.021,10.784,0.11,8.906,,OSFC,10.0,roquette25,,,
459989166,3.236348227945097e+18,81.02967,4.12259,2.16448,15.0637,18.531,0.167,16.709,0.149,13.819,0.029,13.094,0.027,12.946,0.037,16.0744,0.000943,17.103,0.011135,15.0821,0.00291,12.815,0.024,12.78,0.026,12.483,0.436,8.886,0.494,OSFC,10.0,roquette25,3753.0,0.678068,0.647777
459989057,3.2363549624536433e+18,81.04613,4.28821,3.51085,14.4517,17.974,0.165,16.317,0.137,12.912,0.026,12.211,0.027,12.069,0.026,15.4258,0.00233,16.4401,0.011837,14.32,0.00784,11.9,0.023,11.83,0.023,12.049,0.309,8.461,,OSFC,10.0,roquette25,3825.0,,
264480524,3.2375988494064394e+18,81.26197,5.20119,2.28389,14.4384,17.377,0.168,15.697,0.355,13.057,0.027,12.419,0.026,12.258,0.024,15.301,0.002662,16.1762,0.01423,14.3801,0.006597,12.183,0.023,12.176,0.023,12.178,0.38,8.822,,OSFC,10.0,roquette25,4055.0,0.922763,0.63
264538359,3.23766052943214e+18,81.5981,5.81945,10.1623,14.4028,19.466,0.162,,,12.572,0.023,11.975,0.023,11.721,0.027,15.8064,0.00167,17.6553,0.016188,14.5094,0.004061,11.576,0.023,11.363,0.022,11.138,0.153,8.823,,OSFC,10.0,roquette25,3115.0,0.339477,0.322043
264486915,3.235869871666741e+18,81.6104,2.8839,1.11813,14.3133,15.938,0.069,14.983,0.057,13.545,0.027,13.153,0.033,13.058,0.035,14.8695,0.000509,15.3336,0.002163,14.258,0.002147,,,,,,,,,OSFC,10.0,roquette25,5300.0,1.05869,0.91
457252231,3.237560954910694e+18,81.96576,5.13744,,12.9912,15.938,0.088,14.722,0.297,11.645,0.023,10.972,0.025,10.81,0.025,13.8628,0.001926,14.7764,0.010284,12.9172,0.004778,10.63,0.023,10.567,0.021,10.439,0.076,8.592,,OSFC,10.0,roquette25,,,
264682934,3.2239680018934876e+18,82.31556,3.02226,2.39546,15.0537,18.238,0.167,17.0024,0.0499,13.472,0.03,12.774,0.024,12.554,0.026,16.0797,0.003411,17.2513,0.021053,14.985,0.012386,12.428,0.024,12.366,0.023,11.738,0.238,8.942,,OSFC,10.0,roquette25,3735.0,0.805052,0.56
138855679,3.236042907309187e+18,82.70583,3.77247,,14.4961,16.952,0.082,15.463,0.08,13.184,,12.51,0.039,12.405,0.039,15.2689,0.011086,15.8456,0.0096,14.2514,0.003641,12.219,0.024,12.273,0.025,10.497,0.086,8.216,0.263,OSFC,10.0,roquette25,,,
138856762,3.22377091013944e+18,82.73193,2.21811,,14.8514,19.064,0.163,,,12.888,0.027,12.261,0.026,12.03,0.03,16.0423,0.006122,17.6499,0.010952,14.721,0.004577,11.872,0.023,11.622,0.022,10.959,0.142,8.213,,OSFC,10.0,roquette25,,,
138855808,3.236027720304846e+18,82.78478,3.59457,18.5604,13.0934,,,15.56,0.2,11.57,0.024,11.051,0.022,10.809,0.022,14.3368,0.000702,15.7788,0.003785,13.1597,0.001597,,,,,,,,,OSFC,10.0,roquette25,3369.0,0.292967,0.268614
138855767,3.2360281626857907e+18,82.7929,3.64624,,15.025,16.904,0.249,15.927,0.092,14.137,0.035,13.774,0.037,13.682,0.05,15.6032,0.001541,16.0798,0.003855,14.9486,0.003067,13.517,0.026,13.601,0.033,12.179,,8.426,,OSFC,10.0,roquette25,,,
138899460,3.223908215948896e+18,82.91013,2.92359,,13.5929,16.657,0.064,15.146,0.057,12.001,0.025,11.325,0.024,11.142,0.024,14.5449,0.006419,15.5506,0.022842,13.457,0.011844,11.03,0.022,10.97,0.021,11.431,0.198,8.867,,OSFC,10.0,roquette25,,,
138937473,3.2364541246580367e+18,83.14959,4.15676,,14.2857,18.02,0.164,16.472,0.183,12.511,0.027,11.807,0.025,11.602,0.025,15.3569,0.003803,16.6709,0.020617,14.1907,0.004488,11.502,0.022,11.359,0.022,11.231,0.176,8.892,,OSFC,10.0,roquette25,,,
138941210,3.223886672393121e+18,83.21731,2.7323,,14.1829,17.853,0.0,16.411,0.06,12.398,0.024,11.736,0.025,11.484,0.027,15.3037,0.002082,16.755,0.01105,14.0973,0.004483,11.354,0.022,11.216,0.021,11.049,0.163,8.82,,OSFC,10.0,roquette25,,,
138941064,3.223928763072602e+18,83.25423,2.9331,2.31541,13.7162,16.105,0.07,15.015,0.15,12.659,,12.05,0.032,11.967,,14.4606,0.003227,15.1476,0.011902,13.6456,0.015516,11.705,0.023,11.699,0.022,11.377,0.2,8.399,,OSFC,10.0,roquette25,4442.0,0.989619,0.7
138980995,3.236448798898374e+18,83.36613,4.16325,,14.9029,18.404,0.165,16.84,1.133,13.06,0.028,12.342,0.027,12.144,0.025,15.9745,0.003755,17.239,0.011844,14.7574,0.007102,11.992,0.024,11.837,0.023,12.016,0.361,8.867,,OSFC,10.0,roquette25,,,
220050807,3.2244219627566223e+18,83.63489,3.88296,2.47101,13.1747,15.338,0.048,14.285,0.08,12.166,0.024,11.589,0.024,11.504,0.028,13.8621,0.002598,14.4728,0.008616,13.1214,0.006511,11.395,0.025,11.387,0.022,11.175,0.153,8.541,,OSFC,10.0,roquette25,4880.0,1.04131,0.8
220056266,3.2237044970601196e+18,83.71367,2.57537,2.4352,14.3818,17.606,0.293,15.894,0.092,13.176,0.028,12.43,0.026,12.257,0.025,15.2534,0.001729,16.1554,0.010053,14.3285,0.004707,12.181,0.023,12.164,0.023,11.885,0.311,9.073,,OSFC,10.0,roquette25,4013.0,0.900204,0.63
220057438,3.2244149877297254e+18,83.73596,3.85588,,14.359,18.668,0.162,17.047,0.183,12.389,0.024,11.802,0.026,11.527,0.019,15.5221,0.00648,17.014,0.007173,14.196,0.002787,11.416,0.024,11.207,0.021,11.143,0.154,8.982,,OSFC,10.0,roquette25,,,
220062994,3.22360808363456e+18,83.84975,2.15767,2.34827,14.9442,18.187,0.167,16.621,1.133,13.007,0.036,12.349,0.033,12.082,0.032,15.9999,0.001689,17.119,0.01541,14.6921,0.030241,11.806,0.023,11.676,0.021,11.125,0.14,8.686,,OSFC,10.0,roquette25,,,
323347513,3.2240425968859075e+18,84.41407,2.79676,2.66466,14.8604,,,16.827,0.0463,13.45,0.028,12.768,0.025,12.585,0.03,15.9512,0.001162,17.0997,0.007243,14.8934,0.003541,12.448,0.023,12.397,0.024,12.464,0.532,8.365,,OSFC,10.0,roquette25,3611.0,0.661436,0.635629
443757009,3.2409214060424223e+18,80.00123469,6.217692676,10.2551,10.3893,12.839,0.302,11.258,0.063,9.324,0.023,8.72,0.031,8.573,0.02,11.1088,0.002236,11.8068,0.006716,10.3463,0.006628,8.581,0.023,8.576,0.02,8.438,0.025,8.513,0.399,OSFC,10.0,roquette25,4384.0,1.01392,0.69
443757385,3.240923360251087e+18,80.13259878,6.269882722,10.2813,10.5711,12.66,0.337,11.549,0.032,9.245,0.027,8.69,0.046,8.567,0.019,11.3098,0.003122,12.0062,0.014568,10.4982,0.00952,8.58,0.023,8.537,0.021,8.407,0.025,8.307,0.342,OSFC,10.0,roquette25,4316.0,0.966775,0.67
313140177,3.241058050425836e+18,80.92693208,6.866193232,10.3764,11.2102,14.175,0.023,12.88,0.057,9.868,0.026,9.22,0.03,9.029,0.019,12.0565,0.001665,12.926,0.007966,11.137,0.004408,8.998,0.023,8.929,0.021,8.836,0.032,8.976,,OSFC,10.0,roquette25,3987.0,0.875816,0.62
464838153,3.236063347058245e+18,82.08679397,3.642391122,,10.7715,12.74,0.059,11.652,0.034,9.639,0.023,9.098,0.022,8.961,0.019,11.4398,0.006522,11.9819,0.01497,10.6449,0.012985,8.874,0.022,8.858,0.021,8.769,0.028,8.618,0.443,OSFC,10.0,roquette25,5521.05,1.24576,
