tic,GAIA,ra,dec,plx,tmag,Bmag,e_Bmag,Vmag,e_Vmag,Jmag,e_Jmag,Hmag,e_Hmag,Kmag,e_Kmag,GAIAmag,e_GAIAmag,gaiabp,e_gaiabp,gaiarp,e_gaiarp,w1mag,e_w1mag,w2mag,e_w2mag,w3mag,e_w3mag,w4mag,e_w4mag,assoc,age,ref,teff,rstar,mstar
156350427,3.336694675615812e+18,86.7737273078921,10.1517784895208,,16.0835,16.831,0.074,,,13.443,0.041,12.864,0.047,12.522,0.034,17.3264,0.003391,18.6286,0.122287,15.4806,0.021932,12.183,0.024,12.02,0.024,11.865,0.285,8.966,,Hyades,650.0,Jerabkova2021,,,
156353309,3.3352081358977603e+18,86.7693865784746,8.04155759265575,8.46528,8.70024,9.62,0.041,9.105,0.003,8.269,0.024,8.006,0.038,8.005,0.027,9.03816,0.000634,9.30431,0.002298,8.66389,0.002393,7.947,0.025,7.987,0.02,7.968,0.022,8.396,0.369,Hyades,650.0,Jerabkova2021,6431.0,1.282,1.299
144615423,3.3347909055944663e+18,84.6231698785562,8.76302776376073,7.88211,16.0714,,,,,14.127,0.033,13.564,0.027,13.222,0.036,17.5738,0.001598,19.6381,0.053578,16.1998,0.007489,13.113,0.025,12.887,0.028,12.267,,8.918,,Hyades,650.0,Jerabkova2021,2989.0,0.236061,0.205932
156427652,3.334933940888611e+18,87.0328274387842,7.39392808730163,10.0724,11.9338,14.735,0.042,13.318,0.092,10.746,0.026,10.072,0.023,9.919,0.026,12.7722,0.000432,13.6411,0.003009,11.8736,0.001559,9.846,0.023,9.862,0.021,9.774,0.059,8.617,,Hyades,650.0,Jerabkova2021,3998.0,0.642649,0.62
200526701,3.3405746116344e+18,83.1050414259145,11.2857108275609,7.22362,11.9902,14.375,0.033,13.065,0.08,10.981,0.021,10.366,0.023,10.223,0.019,12.7217,0.000303,13.4194,0.001904,11.9372,0.001179,10.16,0.023,10.221,0.019,10.056,0.064,8.866,,Hyades,650.0,Jerabkova2021,4306.86,0.744161,0.673
715860929,3.336280778208866e+18,86.1460974381578,9.70107345561956,14.2666,20.0893,,,21.1863,0.1152,,,,,,,20.8001,0.020146,20.5913,0.197356,19.1522,0.056769,,,,,,,,,Hyades,650.0,Lodieu2019,,,
156358248,3.3352400174393103e+18,86.8108838173623,8.29913119838587,,19.324,,,,,15.6,0.072,14.712,0.06,14.072,0.063,20.5726,0.011815,22.0336,0.330462,18.8601,0.067219,13.71,0.029,13.391,0.035,11.697,,8.72,,Hyades,650.0,Lodieu2019,,,
715842028,3.336083244072181e+18,86.1426564954232,8.85667128623022,10.3554,18.742,,,,,,,,,,,19.8929,0.03379,21.0467,0.237439,18.2757,0.002961,,,,,,,,,Hyades,650.0,Lodieu2019,,,
715857814,3.336249918869099e+18,86.7643798752601,9.77511940609451,11.0924,19.4323,,,20.9337,0.1772,,,,,,,20.3042,0.016828,20.5867,0.259648,18.7268,0.032425,,,,,,,,,Hyades,650.0,Lodieu2019,,,
144700586,3.340291448734176e+18,85.0301123846388,11.8074252170291,10.0205,16.4522,,,,,14.508,0.033,13.831,0.032,13.583,0.043,17.957,0.001933,19.8148,0.062963,16.5656,0.007928,13.382,0.026,13.182,0.031,12.125,,8.804,,Hyades,650.0,Lodieu2019,3068.0,0.167342,0.137928
715682783,3.334295502590848e+18,82.706882301274,7.73537739044198,10.5732,20.203,,,21.0604,0.1869,,,,,,,20.7981,0.01854,21.0653,0.431275,19.8964,0.074239,,,,,,,,,Hyades,650.0,Lodieu2019,,,
436334950,3.3347996329678587e+18,84.2374011029544,8.75677313139385,15.0469,15.6662,,,,,13.602,0.03,13.025,0.027,12.671,0.03,17.189,0.002308,19.2104,0.04849,15.7932,0.004696,12.457,0.025,12.269,0.024,12.02,,8.786,,Hyades,650.0,Roeser2019,2997.0,0.169241,0.139671
200639287,3.336095678002852e+18,85.889440008432,8.92972783218477,18.4671,11.0451,14.34,0.056,12.694,0.057,9.789,0.021,9.106,0.021,8.932,0.022,12.0516,0.000356,13.0827,0.002482,11.0656,0.001732,8.8,0.023,8.8,0.02,8.691,0.027,8.184,,Hyades,650.0,Roeser2019,3756.0,0.563507,0.557243
156146161,3.336989409156945e+18,86.1421421573612,10.9901162639076,10.6608,12.4066,15.614,0.067,14.166,0.092,10.946,0.023,10.242,0.022,10.044,0.023,13.4896,0.001108,14.6197,0.005296,12.439,0.005954,9.973,0.023,9.918,0.02,9.785,0.05,8.817,0.479,Hyades,650.0,Roeser2019,3629.0,0.57736,0.569212
156243729,3.336914268706467e+18,86.4602374055185,10.6271523622227,13.6278,15.5874,20.072,0.163,,,13.633,0.03,13.036,0.036,12.709,0.03,17.088,0.001587,19.1986,0.035929,15.7193,0.003132,12.492,0.024,12.306,0.024,11.884,,8.564,,Hyades,650.0,Roeser2019,2973.0,0.181132,0.150763
284286029,3.336974295169153e+18,85.9409217391568,10.7130594271723,11.9019,14.168,18.558,0.162,16.786,0.217,12.52,0.024,11.926,0.022,11.642,0.025,15.4765,0.001398,17.0303,0.011197,14.2464,0.003063,11.504,0.023,11.335,0.023,11.704,0.298,8.794,,Hyades,650.0,Roeser2019,3287.0,0.307767,0.285499
716013208,3.3382036522479324e+18,83.5524110850492,10.2549427584938,2.42622,16.2735,,,,,,,,,,,16.7035,0.002408,,0.0,,0.0,,,,,,,,,Collinder_69,12.589254117941662,Cantat-Gaudin2020,,,
715990833,3.337886443141609e+18,83.8504146152796,9.30931329031671,2.5952,15.1425,,,,,,,,,,,15.5725,0.001843,,0.0,,0.0,,,,,,,,,Collinder_69,12.589254117941662,Cantat-Gaudin2020,,,
200587333,3.3379764656578145e+18,83.3239559362705,9.8793863628562,,12.9839,14.463,0.015,13.756,0.137,12.176,0.026,11.862,0.024,11.733,0.025,13.5167,0.000415,13.9494,0.00101,12.917,0.00085,11.663,0.024,11.686,0.021,11.653,0.278,8.881,,Collinder_69,12.589254117941662,Cantat-Gaudin2020,6070.42,1.34187,
200540222,3.340605294880675e+18,83.1604608658577,11.4943150914288,2.49978,12.5849,13.951,0.031,13.21,0.195,11.924,0.027,11.595,0.025,11.506,0.028,13.062,0.000475,13.4385,0.001791,12.5234,0.000912,11.442,0.022,11.47,0.022,12.222,0.429,8.89,,Collinder_69,12.589254117941662,Cantat-Gaudin2020,5765.75,1.06981,1.032
715996595,3.3379609350540165e+18,83.133497899912,9.54770982225605,2.50669,14.7944,,,,,,,,,,,15.2244,0.014297,,0.0,,0.0,,,,,,,,,Collinder_69,12.589254117941662,Cantat-Gaudin2020,,,
715993480,3.3379200426707804e+18,84.1607566310164,9.58486096981709,2.33,14.4699,,,16.6338,0.0781,,,,,,,15.5393,0.006512,16.6309,0.03672,14.1571,0.062811,,,,,,,,,Collinder_69,12.589254117941662,Cantat-Gaudin2020,,,
715721821,3.3348028284218854e+18,84.372929144565,8.76719930422435,2.61334,16.6722,,,,,,,,,,,17.1022,0.003297,,0.0,,0.0,,,,,,,,,Collinder_69,12.589254117941662,Cantat-Gaudin2020,,,
156393168,3.3349348686016435e+18,87.0121250742297,7.43804286082899,0.357387,15.3909,16.842,0.032,16.257,0.298,14.579,0.035,14.29,0.042,14.353,0.073,15.907,0.000913,16.3228,0.007087,15.3306,0.006158,14.196,0.031,14.371,0.055,12.34,,8.821,,Collinder_74,1905.4607179632444,Cantat-Gaudin2020,6291.0,1.58671,1.23
156503585,3.33492249909593e+18,87.1669974226457,7.38376498753513,0.32346,17.188,18.901,0.138,18.2155,0.0467,16.281,0.12,15.835,0.132,15.327,0.164,17.8771,0.002083,18.4847,0.014913,17.1434,0.00965,15.555,0.056,15.81,0.181,11.931,,8.841,,Collinder_74,1905.4607179632444,Cantat-Gaudin2020,5232.0,0.938821,0.89
156503690,3.3349189256831104e+18,87.2349176194546,7.32725786146665,0.380636,16.736,19.665,0.172,18.3244,0.0472,15.426,0.047,14.707,0.057,14.667,0.1,17.6899,0.001749,18.608,0.015147,16.7404,0.007769,14.566,0.036,14.62,0.062,12.329,,8.9,,Collinder_74,1905.4607179632444,Cantat-Gaudin2020,5199.0,1.57423,0.88
156503796,3.334916215560134e+18,87.2563001497662,7.25316473955059,0.37409,16.1633,18.567,0.071,17.3397,0.0462,14.962,0.037,14.497,0.045,14.363,0.063,16.9293,0.001288,17.5985,0.010029,16.1123,0.004679,14.213,0.033,14.164,0.048,12.119,,8.957,,Collinder_74,1905.4607179632444,Cantat-Gaudin2020,5975.0,1.50342,1.1
156427608,3.334922469032369e+18,87.1538110392104,7.37124357333613,0.362596,14.2919,13.682,0.059,14.37,0.526,13.723,0.032,12.877,,13.353,0.081,14.5741,0.000502,14.777,0.001677,14.2045,0.002223,,,,,,,,,Collinder_74,1905.4607179632444,Cantat-Gaudin2020,7990.0,1.93904,1.93
156427685,3.334935383997707e+18,87.0890622385815,7.41776669032426,0.311587,15.1422,16.56,-0.074,15.9,1.133,14.385,0.032,14.017,0.035,13.969,0.05,15.6819,0.000767,16.1134,0.003896,15.0765,0.001829,13.873,0.03,13.998,0.044,12.433,,8.852,,Collinder_74,1905.4607179632444,Cantat-Gaudin2020,5995.0,2.10734,1.1
156393399,3.333419638499364e+18,87.0083770983628,7.26354642789845,0.326629,15.8287,17.003,0.075,16.5932,0.0459,14.952,0.04,14.723,0.065,14.527,0.083,16.3763,0.000823,16.822,0.004388,15.769,0.002994,14.548,0.035,14.647,0.064,11.995,,8.819,,Collinder_74,1905.4607179632444,Cantat-Gaudin2020,6060.0,1.4929,1.13
156427509,3.334920162633561e+18,87.1254448243283,7.30484951131375,0.497494,17.1559,19.043,0.114,18.2654,0.0475,16.177,0.093,15.738,0.126,15.803,0.258,17.8874,0.002347,18.5151,0.020406,17.0923,0.012655,14.838,0.048,14.824,0.087,11.748,0.329,8.622,0.42,Collinder_74,1905.4607179632444,Cantat-Gaudin2020,5337.0,0.774738,0.92
156503566,3.334922950068686e+18,87.203405245134,7.39363684033006,0.327473,15.2043,17.197,0.2,16.176,1.03,14.162,0.028,13.886,0.026,13.578,0.039,15.8836,0.00075,16.4679,0.00648,15.1537,0.001426,13.602,0.027,13.614,0.035,11.998,0.461,8.695,,Collinder_74,1905.4607179632444,Cantat-Gaudin2020,5853.0,2.48161,1.06
156503596,3.3349226751909417e+18,87.233165026022,7.37740798905847,0.323946,16.4466,18.852,0.079,17.7575,0.0468,15.338,0.051,14.811,0.062,14.439,0.083,17.2772,0.00154,18.031,0.015005,16.4162,0.006019,14.518,0.035,14.444,0.058,12.329,,8.909,,Collinder_74,1905.4607179632444,Cantat-Gaudin2020,6102.0,1.57619,1.15
156427579,3.3349216744620667e+18,87.1045372957385,7.35532316646918,0.414893,15.9728,17.09,0.077,16.7531,0.046,15.116,0.044,14.877,0.053,14.602,0.094,16.5295,0.000877,16.9899,0.007077,15.9189,0.003819,14.587,0.036,14.679,0.065,12.463,,8.868,,Collinder_74,1905.4607179632444,Cantat-Gaudin2020,6074.0,1.15754,1.14
156427589,3.334921708821808e+18,87.1293531347402,7.36095697012038,0.378421,15.8446,,,16.6282,0.0459,15.0,0.043,14.693,0.056,14.538,0.086,16.4031,0.000736,16.8529,0.003439,15.778,0.003867,14.546,0.033,14.788,0.075,12.243,,8.941,,Collinder_74,1905.4607179632444,Cantat-Gaudin2020,6095.0,1.32386,1.14
156503472,3.334924187019254e+18,87.1819015974933,7.45733928717386,0.285123,15.5833,17.32,0.069,16.505,0.16,14.591,0.028,14.138,0.033,14.093,0.061,16.2182,0.000779,16.7473,0.005276,15.5207,0.003574,13.949,0.029,13.945,0.044,11.733,,8.679,,Collinder_74,1905.4607179632444,Cantat-Gaudin2020,5662.0,2.15044,1.01
156503533,3.33492343110503e+18,87.1520813981629,7.41172934223868,0.187198,15.9426,17.347,0.082,16.486,1.133,15.039,0.052,14.801,0.058,14.631,0.089,16.5112,0.000913,16.9788,0.005097,15.8844,0.003346,14.628,0.035,14.636,0.065,11.878,,8.912,,Collinder_74,1905.4607179632444,Cantat-Gaudin2020,5966.0,1.96937,1.09
156503632,3.334922400312893e+18,87.1661324782082,7.35850316424688,0.335724,16.4154,18.079,0.088,17.2994,0.0461,15.588,0.061,15.085,0.078,15.057,0.132,17.0296,0.001259,17.5483,0.010838,16.3612,0.003871,,,,,,,,,Collinder_74,1905.4607179632444,Cantat-Gaudin2020,6298.0,1.17147,1.24
156427604,3.334921743181553e+18,87.1256662101083,7.37037740692233,0.538082,15.8068,17.262,0.071,16.391,1.133,14.868,0.033,14.488,0.033,14.56,0.077,16.4169,0.001156,16.9233,0.006822,15.7461,0.003901,14.354,0.033,14.452,0.059,11.893,0.316,8.854,,Collinder_74,1905.4607179632444,Cantat-Gaudin2020,5705.0,1.11487,1.02
156427620,3.3349232249466143e+18,87.1425574361993,7.37702393413376,0.16284,15.481,16.957,0.071,16.31,0.0459,14.592,0.033,14.238,0.038,14.044,0.051,16.0653,0.000753,16.55,0.00548,15.4246,0.003401,14.124,0.03,14.269,0.048,12.55,,8.773,,Collinder_74,1905.4607179632444,Cantat-Gaudin2020,5865.0,2.87173,1.06
156503567,3.334923362385556e+18,87.1656388267494,7.39340501228028,0.465992,15.4835,16.458,0.07,16.273,0.149,14.669,0.032,14.386,0.039,14.356,0.071,16.0408,0.000716,16.488,0.010526,15.4158,0.003246,13.967,0.031,13.869,0.042,12.178,,8.603,,Collinder_74,1905.4607179632444,Cantat-Gaudin2020,6021.0,1.33934,1.11
156503586,3.3349225377518305e+18,87.1921328445664,7.38292449560153,0.423265,14.6413,16.434,0.063,15.627,0.092,13.688,0.029,13.246,0.03,13.156,0.026,15.2895,0.000533,15.8349,0.003341,14.5827,0.001684,13.007,0.025,13.008,0.03,11.658,0.316,8.268,,Collinder_74,1905.4607179632444,Cantat-Gaudin2020,5971.0,2.46958,1.1
156503631,3.3349224003128914e+18,87.171083630631,7.35857246711917,0.399543,14.7598,16.442,0.077,15.531,0.206,13.856,0.028,13.548,0.032,13.459,0.038,15.3399,0.000634,15.8141,0.003558,14.6924,0.001705,13.35,0.026,13.395,0.036,11.972,,8.8,,Collinder_74,1905.4607179632444,Cantat-Gaudin2020,6482.0,2.18601,1.32
156503652,3.3349221597948687e+18,87.1936152297975,7.34639887010384,0.387987,9.3226,14.241,0.094,12.32,0.035,7.308,0.026,6.32,0.04,5.904,0.026,10.6481,0.001375,12.3919,0.007117,9.41123,0.00245,5.789,0.149,5.833,0.043,5.734,0.016,5.55,0.043,Collinder_74,1905.4607179632444,Cantat-Gaudin2020,3542.0,95.5857,
156503662,3.334922121138724e+18,87.1910498013638,7.34163970006366,0.410916,13.9308,15.618,0.068,14.941,0.069,12.9,0.026,12.561,0.027,12.354,0.026,14.5966,0.000439,15.1648,0.002043,13.8775,0.001369,,,,,,,,,Collinder_74,1905.4607179632444,Cantat-Gaudin2020,5913.0,3.63114,1.08
156503554,3.334922640831043e+18,87.1834344439861,7.40051820563127,0.424526,14.0074,15.554,0.031,14.673,0.08,13.15,0.026,12.805,0.027,12.736,0.029,14.559,0.000456,15.0092,0.002081,13.942,0.00158,12.694,0.024,12.738,0.027,12.187,,8.847,,Collinder_74,1905.4607179632444,Cantat-Gaudin2020,6599.0,2.8139,1.38
156503612,3.334922331593404e+18,87.1942523030402,7.37090654842848,0.482722,15.9271,17.122,0.078,16.8306,0.046,14.959,0.045,14.577,0.052,14.517,0.075,16.5524,0.000872,17.0815,0.007668,15.8745,0.003836,14.366,0.032,14.689,0.068,12.021,,8.653,,Collinder_74,1905.4607179632444,Cantat-Gaudin2020,6043.0,1.16105,1.12
156427502,3.3349201626335263e+18,87.1215144717633,7.30107230000073,0.284999,11.0326,14.468,0.035,12.693,0.057,9.488,0.023,8.635,0.051,8.435,0.019,12.0207,0.000273,13.0457,0.003236,11.0334,0.001339,8.283,0.024,8.394,0.02,8.218,0.028,7.809,0.218,Collinder_74,1905.4607179632444,Cantat-Gaudin2020,4249.0,35.2709,
156427832,3.334937209360092e+18,87.1184768706987,7.52194518986897,0.244279,15.0855,16.148,0.044,15.905,0.206,14.294,0.032,14.053,0.042,13.852,0.055,15.5918,0.000639,15.9868,0.002546,15.0134,0.002633,13.894,0.03,14.008,0.045,12.383,,8.608,,Collinder_74,1905.4607179632444,Cantat-Gaudin2020,6346.0,2.38597,1.26
156503505,3.33492311757125e+18,87.2432040561912,7.43395609651719,0.293025,16.2625,18.652,0.078,17.4147,0.0463,15.138,0.049,14.627,0.056,14.417,0.073,17.0165,0.001129,17.6735,0.010679,16.2108,0.004572,14.472,0.034,14.354,0.056,12.017,,8.528,,Collinder_74,1905.4607179632444,Cantat-Gaudin2020,6105.0,1.69666,1.15
156503657,3.3349192005610245e+18,87.2140679269573,7.34253436331656,0.28904,15.4357,,,16.4835,0.0461,14.39,0.03,13.941,0.029,13.865,0.059,16.1371,0.000713,16.7456,0.008321,15.3874,0.002644,13.697,0.027,13.809,0.037,12.021,,8.753,0.473,Collinder_74,1905.4607179632444,Cantat-Gaudin2020,5734.0,2.4729,1.02
715730816,3.3349209228441457e+18,87.1643599367064,7.35084073816267,0.286941,15.0762,,,15.8821,0.0459,,,,,,,15.6461,0.000592,16.093,0.00497,14.9896,0.002856,,,,,,,,,Collinder_74,1905.4607179632444,Cantat-Gaudin2020,6588.0,2.43477,1.37
715730824,3.334920991561945e+18,87.1382347289119,7.35769572576047,0.428169,16.1088,,,16.8571,0.0478,,,,,,,16.6451,0.001217,16.901,0.007484,15.8611,0.036238,,,,,,,,,Collinder_74,1905.4607179632444,Cantat-Gaudin2020,,,
156427538,3.334921197722076e+18,87.0842621835356,7.33283617341238,0.535917,14.3821,15.782,0.046,15.008,0.137,13.628,0.028,13.35,0.022,13.256,0.031,14.8974,0.000476,15.3059,0.001842,14.315,0.001555,13.179,0.027,13.153,0.031,12.229,,8.849,,Collinder_74,1905.4607179632444,Cantat-Gaudin2020,6315.0,1.81513,1.24
156427631,3.3349232936660915e+18,87.1347993334198,7.38256440588459,0.360809,14.2541,15.855,0.017,15.088,0.092,13.386,0.026,13.043,0.025,12.953,0.024,14.8195,0.000504,15.2787,0.002801,14.1906,0.002899,12.896,0.024,12.898,0.026,12.228,,8.696,0.437,Collinder_74,1905.4607179632444,Cantat-Gaudin2020,5982.0,3.00571,1.1
156503467,3.334929856376067e+18,87.2485144529069,7.46175768841774,0.514567,15.7648,,,16.9557,0.0463,14.618,0.035,14.237,0.041,14.111,0.061,16.5379,0.000757,17.2237,0.011431,15.7233,0.003943,13.904,0.028,13.879,0.041,12.468,,8.694,,Collinder_74,1905.4607179632444,Cantat-Gaudin2020,5798.0,1.49038,1.04
156503503,3.334924049580312e+18,87.1614228912194,7.43570599695295,0.268544,17.1182,18.833,0.112,18.1949,0.0485,16.027,0.091,15.723,0.128,15.116,0.138,17.8323,0.002027,18.4736,0.030818,17.082,0.007537,15.559,0.054,15.603,0.142,12.172,0.429,8.783,,Collinder_74,1905.4607179632444,Cantat-Gaudin2020,5201.0,1.08976,0.88
156503705,3.3349190974817976e+18,87.2050503627757,7.31910435843029,0.52434,16.8357,18.649,0.115,17.9283,0.0475,15.749,0.095,15.256,0.095,14.818,0.115,17.5593,0.001654,18.1794,0.024359,16.7747,0.005835,14.851,0.039,14.842,0.072,12.249,0.53,8.783,,Collinder_74,1905.4607179632444,Cantat-Gaudin2020,5473.0,0.851977,0.96
80564675,3.334917899187309e+18,87.3041171846125,7.2987290915899,0.337355,16.008,18.129,0.051,17.1648,0.0467,14.753,0.036,14.331,0.05,14.156,0.072,16.7626,0.000983,17.4201,0.016954,15.9496,0.003464,14.111,0.031,14.129,0.049,12.406,,8.515,,Collinder_74,1905.4607179632444,Cantat-Gaudin2020,6623.0,1.70113,1.39
156427776,3.334936590884823e+18,87.0851350993996,7.47759557566962,0.278606,15.5118,16.708,0.073,16.56,1.133,14.63,0.037,14.249,0.066,14.139,0.062,16.0727,0.000861,16.5288,0.004619,15.4496,0.002525,13.799,0.03,13.776,0.039,12.413,,8.927,,Collinder_74,1905.4607179632444,Cantat-Gaudin2020,6026.0,2.00625,1.12
156503708,3.3349189256831053e+18,87.2361414512786,7.31771892634626,0.467527,15.394,17.774,0.065,16.428,0.103,14.123,0.026,13.704,0.029,13.524,0.035,16.2427,0.000859,17.0255,0.007544,15.3752,0.002934,13.362,0.027,13.325,0.031,11.993,,8.413,,Collinder_74,1905.4607179632444,Cantat-Gaudin2020,5816.0,2.14193,1.05
156427494,3.334920132568519e+18,87.1211468918048,7.29361528222996,,16.1846,17.869,0.071,17.2213,0.0478,14.851,0.033,14.424,0.056,14.258,0.069,16.8679,0.001306,17.3617,0.025799,15.9889,0.01092,14.028,0.033,13.95,0.046,11.405,0.203,7.924,0.237,Collinder_74,1905.4607179632444,Cantat-Gaudin2020,,,
156427719,3.3349356288121585e+18,87.0913539362894,7.44300702326776,0.377526,14.0071,15.14,0.042,14.681,0.195,13.342,0.024,13.126,0.025,13.01,0.026,14.4283,0.000384,14.752,0.001457,13.9403,0.001916,13.015,0.025,13.02,0.027,12.385,,8.474,,Collinder_74,1905.4607179632444,Cantat-Gaudin2020,6764.0,2.58935,1.45
156503649,3.334919239217106e+18,87.2334768148359,7.34712158970319,0.39434,16.6701,19.684,0.175,18.2339,0.0482,15.312,0.056,14.807,0.064,14.746,0.1,17.6144,0.001712,18.5162,0.021821,16.6717,0.00685,14.43,0.064,14.464,0.084,11.951,,8.818,,Collinder_74,1905.4607179632444,Cantat-Gaudin2020,5374.0,1.54971,0.93
80564803,3.3349257675673907e+18,87.2846054580014,7.41136110433255,0.353584,14.7205,16.729,0.084,16.057,0.126,13.603,0.027,13.214,0.037,13.065,0.032,15.4385,0.000714,16.0615,0.003033,14.6682,0.00224,12.99,0.025,12.946,0.028,12.332,,8.632,,Collinder_74,1905.4607179632444,Cantat-Gaudin2020,6326.0,3.01706,1.25
156427550,3.3349208541246807e+18,87.1259296533329,7.33697067717364,0.565475,14.9133,16.344,0.08,15.621,0.172,14.059,0.026,13.748,0.033,13.801,0.049,15.4572,0.000662,15.8943,0.003629,14.8482,0.002914,13.575,0.029,13.527,0.036,12.365,,8.839,,Collinder_74,1905.4607179632444,Cantat-Gaudin2020,6123.0,1.4242,1.16
156427764,3.334935830673239e+18,87.0956151012522,7.46930343706219,0.324838,16.2853,17.887,0.078,17.213,0.0463,15.35,0.045,14.865,0.058,14.889,0.107,16.9232,0.000893,17.4706,0.013273,16.2367,0.004071,14.75,0.037,14.941,0.079,12.5,,8.713,,Collinder_74,1905.4607179632444,Cantat-Gaudin2020,5525.0,1.40067,0.97
156503593,3.3349225377518336e+18,87.1862456949171,7.37976689992454,0.358787,14.7045,16.55,-0.062,15.653,0.275,13.75,0.03,13.37,0.04,13.254,0.038,15.3268,0.000583,15.844,0.004185,14.6417,0.001915,13.077,0.025,13.105,0.03,11.519,,8.288,,Collinder_74,1905.4607179632444,Cantat-Gaudin2020,6224.0,2.639,1.2
156503665,3.3349221254351314e+18,87.1892215596751,7.34043022767157,0.279405,16.5658,17.492,0.085,17.5441,0.0474,15.505,0.056,14.966,0.064,14.975,0.117,17.2311,0.001397,17.7534,0.026034,16.4671,0.003385,,,,,,,,,Collinder_74,1905.4607179632444,Cantat-Gaudin2020,5967.0,1.27369,1.09
156427584,3.334920991563626e+18,87.1437010751184,7.35755935963816,0.434302,15.1723,16.165,0.069,16.057,1.133,14.339,0.029,14.033,0.027,13.833,0.045,15.6905,0.000722,16.1027,0.004233,15.1059,0.001647,13.815,0.03,13.762,0.042,12.244,,8.714,,Collinder_74,1905.4607179632444,Cantat-Gaudin2020,6333.0,1.53799,1.25
156427616,3.334923224946616e+18,87.1397615805269,7.37486044323634,0.519288,14.6195,16.048,0.053,15.276,0.275,13.795,0.026,13.456,0.027,13.383,0.038,15.1567,0.000691,15.584,0.003375,14.5511,0.001459,13.33,0.026,13.393,0.034,11.916,,8.946,,Collinder_74,1905.4607179632444,Cantat-Gaudin2020,6149.0,1.74674,1.17
156427743,3.334935555795323e+18,87.1195066441867,7.45765521504492,0.503559,16.8355,18.415,0.092,17.7828,0.0463,15.715,0.066,15.402,0.121,15.087,0.151,17.4836,0.00138,18.0242,0.013278,16.7688,0.006365,14.195,0.033,13.83,0.044,11.569,0.312,8.175,,Collinder_74,1905.4607179632444,Cantat-Gaudin2020,5439.0,0.792853,0.95
156503479,3.334924079643808e+18,87.1750730505582,7.45075093947305,0.349061,12.5793,15.221,0.033,13.836,0.103,11.284,0.024,10.638,0.024,10.515,0.024,13.4044,0.00029,14.1833,0.002688,12.5451,0.001321,10.386,0.023,10.449,0.02,10.42,0.099,8.835,,Collinder_74,1905.4607179632444,Cantat-Gaudin2020,4671.0,11.2854,
156503560,3.3349233924491346e+18,87.1765945440398,7.39740465282551,0.481914,15.7571,16.859,0.083,16.568,0.025,15.067,0.054,14.606,0.049,14.531,0.071,16.315,0.000848,16.7714,0.006572,15.6937,0.002791,14.287,0.032,14.271,0.055,12.124,,8.899,,Collinder_74,1905.4607179632444,Cantat-Gaudin2020,6481.0,1.12566,1.32
156503616,3.334922292937492e+18,87.2110531711061,7.36939010815153,0.426434,16.1343,17.838,0.076,17.2353,0.0461,15.004,0.043,14.659,0.065,14.409,0.068,16.8621,0.001014,17.4971,0.008179,16.0838,0.00375,14.375,0.033,14.521,0.059,12.395,,8.786,0.44,Collinder_74,1905.4607179632444,Cantat-Gaudin2020,5452.0,1.40249,0.95
156503577,3.334922606471312e+18,87.1698326408587,7.3888083311839,0.472778,14.8092,13.421,0.063,15.095,0.321,14.019,0.045,13.87,0.112,13.689,0.134,15.1637,0.00053,15.4226,0.003555,14.7263,0.004133,,,,,,,,,Collinder_74,1905.4607179632444,Cantat-Gaudin2020,7399.0,1.31944,1.69
156503609,3.3349225033921014e+18,87.1698152537802,7.37343668083438,0.420651,14.8085,16.09,0.047,15.659,0.149,13.959,0.05,13.638,0.056,13.516,0.05,15.3589,0.000517,15.8075,0.002494,14.7425,0.001998,13.299,0.025,13.363,0.032,12.101,,8.828,,Collinder_74,1905.4607179632444,Cantat-Gaudin2020,6609.0,1.95231,1.38
156393348,3.333420085176065e+18,87.0259724385791,7.30892163076695,0.38135,15.8937,16.606,0.079,16.6553,0.0459,15.13,0.049,14.766,0.074,14.689,0.09,16.4397,0.001047,16.8821,0.004945,15.8325,0.004142,14.456,0.033,14.465,0.061,12.519,,8.975,,Collinder_74,1905.4607179632444,Cantat-Gaudin2020,6003.0,1.28523,1.11
156503520,3.334923671623193e+18,87.1625771375103,7.42400743232571,0.467898,14.4199,15.961,0.051,15.218,0.217,13.543,0.03,13.203,0.033,13.014,0.03,15.0024,0.000499,15.4792,0.002966,14.3573,0.001455,12.998,0.027,12.979,0.029,12.03,0.441,8.698,,Collinder_74,1905.4607179632444,Cantat-Gaudin2020,5982.0,2.26916,1.1
156503529,3.334923048851762e+18,87.2099233197388,7.4140297749845,0.445032,16.0132,18.011,0.078,17.1854,0.047,14.742,0.047,14.342,0.054,13.848,0.057,16.7766,0.001046,17.4419,0.019324,15.9586,0.004524,13.563,0.026,13.514,0.034,11.553,0.268,8.73,0.482,Collinder_74,1905.4607179632444,Cantat-Gaudin2020,5506.0,1.51629,0.97
156503615,3.3349224346726216e+18,87.1838047684067,7.36949621995049,0.321922,14.2183,15.973,0.067,15.181,0.103,13.23,0.023,12.901,0.024,12.745,0.027,14.8395,0.000555,15.3551,0.003696,14.1547,0.001755,12.686,0.024,12.75,0.028,12.12,0.537,8.644,,Collinder_74,1905.4607179632444,Cantat-Gaudin2020,6242.0,3.63252,1.21
156503646,3.334920922844148e+18,87.1625829923443,7.34834912246412,0.354197,15.261,16.275,0.085,16.346,1.133,14.39,0.057,14.05,0.048,14.047,0.058,15.8311,0.000788,16.2968,0.003546,15.1993,0.001912,13.826,0.044,13.908,0.057,12.123,,8.52,,Collinder_74,1905.4607179632444,Cantat-Gaudin2020,6021.0,1.91718,1.11
156503592,3.3349223659531366e+18,87.2051045344148,7.37990160811105,0.499407,13.0146,16.321,0.058,14.684,0.194,11.437,0.022,10.692,0.024,10.474,0.019,13.9903,0.000296,14.984,0.003904,13.0048,0.001533,10.352,0.024,10.394,0.02,10.119,0.079,8.456,,Collinder_74,1905.4607179632444,Cantat-Gaudin2020,4310.0,8.60735,
156503772,3.334917074553596e+18,87.1593737577919,7.27435750162874,0.304367,14.7596,18.03,-0.276,16.373,0.06,13.321,0.028,12.608,0.029,12.326,0.026,15.7457,0.007834,16.7115,0.027903,14.7457,0.022386,12.041,0.025,11.989,0.023,11.037,0.139,8.61,,Collinder_74,1905.4607179632444,Cantat-Gaudin2020,4578.0,5.59062,
200602071,3.3337757428287744e+18,85.6524768766046,8.08868527968504,1.89539,15.8569,20.063,0.163,,,13.925,0.029,13.302,0.033,13.119,0.04,17.3174,0.001583,19.2,0.051053,15.9692,0.009831,12.905,0.024,12.688,0.026,11.83,,8.853,,UPK_398,10.71519305237607,Cantat-Gaudin2020,3076.0,0.703727,0.666134
309793788,3.333676718062276e+18,85.7044669889084,7.55584198495673,2.3285,15.9661,20.036,0.165,18.1851,0.048,14.331,0.035,13.764,0.044,13.458,0.046,17.1594,0.002598,18.4058,0.015566,16.013,0.005518,13.363,0.026,13.3,0.031,12.464,,9.034,,UPK_398,10.71519305237607,Cantat-Gaudin2020,3492.0,0.55931,0.553552
200476529,3.3343152594406e+18,82.6086241374392,7.9567751091645,2.11357,16.7191,20.618,0.172,19.0943,0.0575,15.13,0.057,14.555,0.065,14.288,0.102,17.966,0.001985,19.2875,0.038177,16.7749,0.009718,13.976,0.028,13.872,0.042,12.613,,8.891,,Theia13,4.897788193684466,Kounkel2020,3425.0,0.456036,0.452981
284157129,3.340630338832483e+18,82.6989502239896,11.4418302606768,2.9853,16.3714,,,18.7837,0.0557,14.747,0.04,14.186,0.048,13.967,0.064,17.6182,0.001502,18.9854,0.034996,16.4307,0.005922,,,,,,,,,Theia13,4.897788193684466,Kounkel2020,3403.0,0.39299,0.383545
200517045,3.340877728950819e+18,82.8394573979558,12.0955208704555,2.5589,13.2281,15.672,0.168,13.988,0.503,11.386,0.029,10.519,0.025,10.239,0.027,14.3184,0.002648,15.6261,0.008999,13.1674,0.008178,10.136,0.044,10.085,0.044,8.984,0.197,6.766,0.168,Theia13,4.897788193684466,Kounkel2020,3629.0,1.90787,
302762022,3.340973184598699e+18,82.8533214942101,12.1975726545283,2.60948,15.5105,20.433,0.163,,,13.103,0.02,12.482,0.021,12.166,0.019,17.0743,0.00467,19.3847,0.062771,15.6129,0.014168,11.929,0.023,11.596,0.022,11.924,,5.904,0.061,Theia13,4.897788193684466,Kounkel2020,3138.0,,
200478504,3.339008730981219e+18,82.5457334061312,10.4929051519005,2.16408,16.4345,20.52,0.174,18.6079,0.0501,15.009,0.064,14.27,0.053,14.123,0.081,17.5946,0.001584,18.858,0.023627,16.48,0.004895,13.96,0.028,13.998,0.041,12.314,,8.982,,Theia13,4.897788193684466,Kounkel2020,3501.0,0.472148,0.469866
716010697,3.338170460741077e+18,82.7614582256859,9.79188113638383,2.19879,14.644,,,16.911,0.0556,,,,,,,15.7629,0.001785,17.0934,0.03444,14.5583,0.008529,,,,,,,,,Theia13,4.897788193684466,Kounkel2020,3598.0,1.20732,0.51
200519849,3.337812191748486e+18,82.9167623212292,8.96041072876787,2.53388,16.5379,,,,,14.392,0.035,13.83,0.041,13.468,0.048,18.1205,0.002878,20.3787,0.101828,16.6859,0.00773,13.275,0.025,12.784,0.027,10.725,0.116,8.294,,Theia13,4.897788193684466,Kounkel2020,2902.0,0.525484,0.522669
716015762,3.338238149425172e+18,82.7156993181184,10.2543795135594,2.47125,8.0015,,,7.902,0.0459,,,,,,,7.88419,0.001243,7.70672,0.040463,7.76913,0.040583,,,,,,,,,Theia13,4.897788193684466,Kounkel2020,,,
200514130,3.337736153647811e+18,82.8184699228443,8.55040097035577,1.58668,16.4515,20.634,0.17,18.5841,0.0512,14.954,0.053,14.177,0.051,13.996,0.068,17.6009,0.001838,18.8355,0.027007,16.4941,0.006311,13.849,0.027,13.928,0.041,12.447,,8.388,,Theia13,4.897788193684466,Kounkel2020,3523.0,0.608158,0.594694
284158445,3.338238149425172e+18,82.7156993181184,10.2543795135594,2.47125,8.0015,,,7.47,0.03,7.548,0.027,7.598,0.031,7.58,0.021,7.88419,0.001243,7.70672,0.040463,7.76913,0.040583,7.57,0.033,7.637,0.02,7.649,0.018,6.639,0.07,Theia13,4.897788193684466,Kounkel2020,,,
284913023,3.3382460478683223e+18,82.3194887786446,10.189757389487,1.86309,16.2903,19.982,0.168,18.45,0.0494,14.844,0.04,14.164,0.042,13.963,0.047,17.4656,0.00107,18.676,0.021987,16.3331,0.004434,,,,,,,,,Theia13,4.897788193684466,Kounkel2020,3522.0,0.551588,0.54668
284157091,3.340642403398265e+18,82.6559924750163,11.4690488263252,2.61347,16.1278,18.94,0.073,16.861,0.389,14.87,0.045,14.093,0.038,13.716,0.051,16.8967,0.001871,17.6049,0.008085,16.0335,0.005703,13.563,0.026,13.325,0.033,10.936,0.158,7.671,0.155,Theia13,4.897788193684466,Kounkel2020,4291.0,,
200515334,3.338178775797664e+18,82.8045067152206,10.0238698218634,2.17187,15.4372,20.172,0.163,,,13.511,0.031,12.912,0.033,12.607,0.034,16.6874,0.001426,18.425,0.02625,15.3918,0.002809,,,,,,,,,Theia13,4.897788193684466,Kounkel2020,3254.0,,
200516514,3.340626078226595e+18,82.8153985919637,11.3843842822504,2.95557,15.936,19.592,0.168,18.1529,0.0507,14.369,0.042,13.766,0.043,13.546,0.052,17.1139,0.001641,18.3928,0.024972,15.9841,0.005259,13.467,0.027,13.327,0.032,12.215,0.399,8.885,,Theia13,4.897788193684466,Kounkel2020,3483.0,0.457558,0.454593
284997474,3.3390509977556864e+18,82.4060315413474,10.7291299232863,2.56492,11.5142,12.542,0.008,11.988,0.046,10.947,0.022,10.7,0.033,10.656,0.026,11.9017,0.000237,12.1949,0.001437,11.4549,0.001261,10.603,0.023,10.646,0.021,10.589,0.112,8.919,,Theia13,4.897788193684466,Kounkel2020,6354.21,1.29352,1.262
284999185,3.337833353050335e+18,82.5051415186676,9.1698837864253,2.57923,16.0378,,,,,14.091,0.022,13.455,0.035,13.167,0.026,17.5376,0.001518,19.5463,0.069925,16.162,0.004348,12.825,0.026,12.611,0.027,12.022,0.401,8.505,,Theia13,4.897788193684466,Kounkel2020,3010.0,0.568483,0.56158
302761631,3.340878381785848e+18,82.7548521327816,12.0968453738581,2.44981,12.8973,,,14.0821,0.0506,10.188,,10.155,0.132,10.533,0.027,13.6517,0.004073,14.2444,0.030291,12.7203,0.025129,,,,,,,,,Theia13,4.897788193684466,Kounkel2020,4426.0,1.38566,0.693
200516546,3.3406307898066744e+18,82.7836079920019,11.4246223582236,2.39393,14.9019,17.361,0.168,17.2346,0.0481,13.15,0.028,12.425,0.029,12.266,0.032,16.0583,0.003285,17.4487,0.012809,14.8819,0.009188,12.19,0.054,12.025,0.061,9.732,0.092,6.757,0.172,Theia13,4.897788193684466,Kounkel2020,3666.0,1.03842,0.54
716193898,3.34085560557285e+18,82.3496877236865,11.8663170604554,2.06832,12.8361,,,,,,,,,,,13.2661,0.00404,,0.0,,0.0,,,,,,,,,Theia13,4.897788193684466,Kounkel2020,,,
200546990,3.337894444665913e+18,83.3329760693575,9.2970348886663,2.95992,16.4915,19.467,0.168,,,14.464,0.04,13.872,0.042,13.467,0.053,17.9949,0.003584,19.6371,0.137948,16.5891,0.023674,13.028,0.025,12.532,0.026,11.008,0.152,8.968,0.471,Theia13,4.897788193684466,Kounkel2020,3160.0,0.471989,0.469702
436098170,3.3346631517905096e+18,83.7575820799098,8.22240312434637,1.67416,12.4596,13.686,0.023,12.998,0.08,11.817,0.024,11.52,0.022,11.473,0.024,12.9072,0.000263,13.2562,0.001283,12.4002,0.000863,11.38,0.023,11.42,0.022,11.585,0.205,8.899,,Theia13,4.897788193684466,Kounkel2020,6336.77,1.30307,1.25
436156228,3.334441359679843e+18,83.8674653773886,7.69827778332551,2.06474,16.6237,20.528,0.17,19.0118,0.0712,14.925,0.051,14.235,0.045,14.041,0.063,17.8694,0.001887,19.2095,0.061234,16.6808,0.007778,13.777,0.028,13.76,0.038,11.654,,8.815,,Theia13,4.897788193684466,Kounkel2020,3417.0,0.502357,0.500381
435931505,3.334707200978609e+18,83.4690179332479,8.21503208801559,1.61402,10.844,11.379,0.154,11.181,0.012,10.424,0.023,10.327,0.023,10.25,0.019,11.072,0.000765,11.2452,0.003328,10.7786,0.003072,10.215,0.023,10.228,0.02,10.082,0.061,8.462,,Theia13,4.897788193684466,Kounkel2020,7983.21,2.14086,1.92
200478256,3.338231346197e+18,82.6374331870296,10.1767377122438,1.9852,8.458,10.456,0.055,9.42,0.005,7.426,0.024,6.921,0.034,6.799,0.029,9.12845,0.000369,9.73162,0.001672,8.42284,0.00293,6.716,0.079,6.746,0.02,6.708,0.017,6.665,0.084,Theia13,4.897788193684466,Kounkel2020,5086.0,10.7936,
716096980,3.339798798804452e+18,83.2466638803117,10.8823595414771,2.49812,13.5888,,,15.1144,0.0484,,,,,,,14.4831,0.003865,15.3751,0.018848,13.5124,0.012882,,,,,,,,,Theia13,4.897788193684466,Kounkel2020,4042.0,,
436009479,3.334263444953976e+18,83.5314636138977,7.87998203495886,1.85514,16.3918,20.178,0.169,18.1599,0.0468,15.077,0.045,14.294,0.038,14.139,0.063,17.4161,0.001237,18.4379,0.012248,16.41,0.004337,14.001,0.028,13.952,0.04,12.577,,8.869,,Theia13,4.897788193684466,Kounkel2020,3747.0,0.523027,0.520346
436099220,3.334871479180585e+18,83.8290090381387,9.12351790734513,2.40784,16.6765,20.627,0.166,18.9593,0.0525,15.033,0.036,14.407,0.051,14.276,0.086,17.8863,0.001598,19.1761,0.029283,16.7273,0.005119,14.032,0.03,13.922,0.043,12.201,0.405,8.5,,Theia13,4.897788193684466,Kounkel2020,3460.0,0.415832,0.409233
200524697,3.3377913010274586e+18,83.1347573222689,9.07467561861145,2.46196,15.9951,19.353,0.169,18.2744,0.0464,14.465,0.042,13.786,0.044,13.547,0.045,17.2035,0.001638,18.4925,0.006911,16.0462,0.004624,,,,,,,,,Theia13,4.897788193684466,Kounkel2020,3462.0,0.520354,0.517807
715995747,3.337949699421689e+18,83.3108159391917,9.52972625858249,2.8096,15.5079,,,,,,,,,,,16.7612,0.001854,18.4085,0.003331,15.4522,0.000226,,,,,,,,,Theia13,4.897788193684466,Kounkel2020,3360.0,0.809352,0.38
200587836,3.339772380463403e+18,83.2615940372438,10.5850046343252,1.36426,13.1418,14.394,0.029,13.854,0.103,12.407,0.028,12.134,0.025,12.05,0.031,13.5983,0.000277,13.9489,0.0018,13.0733,0.001598,12.02,0.023,12.032,0.023,11.822,,8.275,,Theia13,4.897788193684466,Kounkel2020,6419.0,1.19916,1.29
435936700,3.339721832991439e+18,83.5053336787084,10.5060659154791,1.94484,15.0785,19.463,0.162,17.4656,0.0469,13.313,0.024,12.605,0.024,12.344,0.019,16.2321,0.001562,17.6725,0.009901,15.0427,0.003513,12.291,0.022,12.15,0.023,11.948,0.316,9.002,,Theia13,4.897788193684466,Kounkel2020,3557.0,1.17792,0.49
200546236,3.334705276829902e+18,83.3462764529669,8.15760344416664,2.10175,16.3779,,,,,14.405,0.034,13.805,0.031,13.54,0.049,17.8115,0.002308,19.5978,0.104233,16.481,0.004416,13.37,0.026,13.13,0.029,12.404,0.523,8.352,,Theia13,4.897788193684466,Kounkel2020,3128.0,0.582589,0.573645
200546453,3.334732111786062e+18,83.2848537345756,8.45674557338159,2.56945,16.1502,,,,,14.168,0.036,13.581,0.036,13.274,0.044,17.6537,0.001791,19.711,0.065677,16.2781,0.005649,13.035,0.025,12.784,0.026,12.245,0.495,9.008,,Theia13,4.897788193684466,Kounkel2020,2991.0,0.551508,0.546609
436160933,3.333993141188715e+18,83.9789227404501,7.24023839737256,2.50749,15.9084,20.249,0.164,18.1893,0.0534,14.365,0.033,13.704,0.039,13.431,0.043,17.1167,0.001299,18.4079,0.031587,15.9596,0.004444,13.333,0.025,13.22,0.029,11.823,,8.884,,Theia13,4.897788193684466,Kounkel2020,3461.0,0.533491,0.530163
200525216,3.33796547054142e+18,83.0755745637496,9.65295607561164,1.66694,16.2411,19.761,0.169,18.137,0.0486,14.81,0.043,14.059,0.043,13.752,0.058,17.3241,0.001883,18.39,0.02079,16.2668,0.005128,13.704,0.027,13.604,0.036,12.344,,8.926,,Theia13,4.897788193684466,Kounkel2020,3671.0,0.633087,0.614288
200526860,3.340603984913156e+18,83.0775451541692,11.4467765553395,1.56617,16.5949,20.271,0.177,18.4359,0.0479,15.232,0.068,14.549,0.063,14.253,0.084,17.6498,0.001728,18.7043,0.017927,16.6176,0.005664,14.196,0.029,14.178,0.043,12.497,,9.017,,Theia13,4.897788193684466,Kounkel2020,3699.0,0.567292,0.560546
716096981,3.33979880309936e+18,83.2462484557012,10.8818088690671,2.91062,15.0321,,,17.1419,0.0592,,,,,,,16.1056,0.003248,17.28,0.041819,14.8745,0.015111,,,,,,,,,Theia13,4.897788193684466,Kounkel2020,3661.0,0.715491,0.53
436156226,3.334752693268649e+18,83.9453047456604,8.74348531164619,2.0766,16.0913,,,,,14.042,0.029,13.388,0.036,13.138,0.033,17.6407,0.001976,19.7865,0.055378,16.229,0.005158,12.902,0.024,12.634,0.025,11.991,,8.795,,Theia13,4.897788193684466,Kounkel2020,2944.0,0.662648,0.636523
715681121,3.334271523788714e+18,83.1356220349322,7.82232560803136,2.75371,14.1775,,,16.1726,0.047,,,,,,,15.2028,0.003852,16.2191,0.009234,13.8941,0.006919,,,,,,,,,Theia13,4.897788193684466,Kounkel2020,,,
200543478,3.334271523788714e+18,83.1356220349322,7.82232560803136,2.75371,14.1775,17.039,0.166,16.121,0.137,12.264,0.024,11.605,0.026,11.326,0.024,15.2028,0.003852,16.2191,0.009234,13.8941,0.006919,11.199,0.023,11.07,0.021,11.057,0.162,8.954,,Theia13,4.897788193684466,Kounkel2020,,,
436103189,3.337929221017784e+18,83.8033170621484,9.6132646082493,1.66334,6.8583,,,6.72,0.03,6.994,0.02,7.063,0.055,7.076,0.02,6.67277,0.000671,6.62773,0.002178,6.79667,0.002453,7.062,0.047,7.121,0.021,7.19,0.018,7.137,0.119,Theia13,4.897788193684466,Kounkel2020,,,
144610596,3.3344612239046687e+18,84.4736318629933,7.94009881182455,3.68515,15.6461,19.846,0.164,18.1955,0.0487,14.01,0.03,13.301,0.028,13.127,0.039,16.9116,0.001218,18.4001,0.017265,15.7159,0.002674,12.943,0.025,12.862,0.027,12.29,0.507,8.952,,Theia13,4.897788193684466,Kounkel2020,3336.0,0.448483,0.44493
200543375,3.33427904857138e+18,83.2116624609739,7.92412483474458,,13.3129,16.494,0.164,15.148,0.103,11.247,0.021,10.54,0.023,10.289,0.022,14.3372,0.004802,15.4063,0.029155,13.0846,0.031983,10.135,0.023,10.029,0.02,9.874,0.058,8.816,0.53,Theia13,4.897788193684466,Kounkel2020,,,
144616244,3.3363993150095534e+18,84.6411052441652,9.45222785141929,1.42097,12.0264,14.656,0.029,13.142,0.114,10.755,0.024,10.158,0.022,9.989,0.019,12.8204,0.001645,13.5465,0.003119,11.9525,0.000863,9.878,0.024,9.949,0.02,9.972,0.059,8.303,,Theia13,4.897788193684466,Kounkel2020,4761.71,3.1871,
436248330,3.3379349934537457e+18,84.1282166023215,9.70922911089615,1.33814,13.3284,14.827,0.051,14.082,0.137,12.508,0.024,12.222,0.022,12.086,0.023,13.8563,0.000393,14.28,0.001737,13.2662,0.001436,12.055,0.024,12.082,0.022,11.572,0.262,8.779,,Theia13,4.897788193684466,Kounkel2020,6038.0,1.26151,1.12
716169250,3.340554335096985e+18,83.1455339144856,11.0226708201631,2.40539,14.8127,,,17.0783,0.051,,,,,,,15.9363,0.002877,17.2832,0.023498,14.755,0.008731,,,,,,,,,Theia13,4.897788193684466,Kounkel2020,3624.0,1.0259,0.52
284201295,3.3347790171250504e+18,84.4382337011641,8.57771401599993,1.57064,16.2064,20.199,0.167,17.8794,0.0494,14.904,0.037,14.276,0.042,14.056,0.054,17.1976,0.001318,18.1564,0.025961,16.2178,0.007911,13.889,0.028,13.936,0.041,11.841,,8.486,,Theia13,4.897788193684466,Kounkel2020,3826.0,0.599485,0.587669
436162569,3.3348791371068447e+18,84.0783515077453,9.22905812868303,1.38549,16.5002,19.846,0.171,18.514,0.0549,15.013,0.047,14.379,0.047,14.164,0.064,17.6321,0.001718,18.747,0.038132,16.5328,0.007437,13.957,0.029,13.904,0.039,11.915,,8.919,,Theia13,4.897788193684466,Kounkel2020,3605.0,0.630266,0.612112
144614821,3.3345689030276127e+18,84.6615682936066,8.23200082516765,2.11649,16.9019,,,19.4037,0.0521,15.331,0.045,14.655,0.055,14.256,0.079,18.1584,0.002251,19.6105,0.025514,16.9678,0.008215,14.397,0.031,14.226,0.05,12.355,,8.469,,Theia13,4.897788193684466,Kounkel2020,3357.0,0.459931,0.4571
436159066,3.339524165712854e+18,84.0344914227524,10.4420587471763,1.42702,13.4521,15.004,0.044,14.337,0.114,12.607,0.024,12.248,0.022,12.16,0.024,14.0049,0.000368,14.4532,0.002254,13.39,0.001478,12.076,0.024,12.089,0.022,11.494,0.229,8.815,,Theia13,4.897788193684466,Kounkel2020,6041.0,1.15915,1.12
436153473,3.334702974727157e+18,84.0797916555075,8.60702551917961,1.83382,15.4175,19.188,0.165,16.557,1.133,13.998,0.028,13.322,0.032,13.126,0.03,16.3792,0.001225,17.4031,0.014015,15.3666,0.003629,12.982,0.025,12.95,0.03,12.394,0.538,8.985,,Theia13,4.897788193684466,Kounkel2020,3961.0,0.816788,0.62
144616977,3.3394602222399826e+18,84.5950500439075,10.0544982564499,,16.679,20.292,0.172,19.0895,0.0648,15.064,0.056,14.406,0.047,14.124,0.064,18.0475,0.002143,19.1392,0.053671,16.7269,0.008427,13.99,0.028,13.879,0.04,12.272,,8.848,,Theia13,4.897788193684466,Kounkel2020,3481.0,0.486783,0.484843
284201275,3.3347791545639987e+18,84.4583112333527,8.59748981476137,2.26291,12.1458,13.441,0.018,12.738,0.08,11.472,0.024,11.205,0.023,11.115,0.02,12.6006,0.000283,12.9581,0.001388,12.0869,0.000579,11.068,0.024,11.097,0.021,10.905,0.122,8.756,,Theia13,4.897788193684466,Kounkel2020,6343.0,1.15306,1.26
436243334,3.3344403675433247e+18,84.1788062249068,7.89988236443537,1.49429,12.7915,14.119,0.032,13.39,0.08,12.086,0.023,11.763,0.022,11.729,0.023,13.2734,0.000286,13.652,0.00117,12.7293,0.000963,11.626,0.023,11.658,0.022,11.6,0.221,8.859,,Theia13,4.897788193684466,Kounkel2020,6083.0,1.35364,1.14
715994714,3.3379360242459e+18,84.0847472278085,9.73407031330302,2.15453,14.6557,,,16.7379,0.0652,,,,,,,15.7367,0.004786,16.917,0.050595,14.5536,0.023671,,,,,,,,,Theia13,4.897788193684466,Kounkel2020,3758.0,1.16515,0.57
715874493,3.336422065454024e+18,84.8215367848155,9.70208494200871,2.49264,17.2697,,,,,,,,,,,17.6997,0.003329,,0.0,,0.0,,,,,,,,,Theia13,4.897788193684466,Kounkel2020,,,
716076373,3.3395536120061937e+18,84.4326228731578,10.6206728390966,2.62798,15.8838,,,,,,,,,,,16.3138,0.003347,,0.0,,0.0,,,,,,,,,Theia13,4.897788193684466,Kounkel2020,,,
144697711,3.3364529548587566e+18,84.8907462002704,9.9280373707819,1.54425,10.8639,11.449,0.116,10.998,0.008,10.41,0.023,10.314,0.023,10.219,0.023,11.0923,0.00051,11.2647,0.002024,10.8016,0.001268,10.175,0.024,10.187,0.021,10.199,0.074,8.174,,Theia13,4.897788193684466,Kounkel2020,7922.0,2.18265,1.9
144696624,3.334824234540606e+18,84.8619016614888,9.01899491907837,1.72958,12.0239,13.1,0.046,12.491,0.069,11.448,0.023,11.236,0.024,11.151,0.023,12.4046,0.000205,12.6896,0.001187,11.9605,0.000763,11.106,0.023,11.127,0.022,11.17,0.165,8.858,,Theia13,4.897788193684466,Kounkel2020,6657.0,1.42002,1.4
715874913,3.3364268758149524e+18,84.7564255609271,9.80658175644567,2.05357,16.3271,,,17.8712,0.0724,,,,,,,17.2139,0.00185,17.8761,0.076744,15.9739,0.034585,,,,,,,,,Theia13,4.897788193684466,Kounkel2020,,,
436251699,3.3348591397389496e+18,84.1773594725768,8.99999623384308,2.17697,16.5246,,,,,14.434,0.028,13.881,0.025,13.631,0.053,18.0228,0.003931,19.9319,0.186178,16.6412,0.016239,13.446,0.026,13.167,0.029,12.016,,8.787,,Theia13,4.897788193684466,Kounkel2020,3050.0,0.553421,0.548321
200639028,3.336056031159595e+18,85.8118436324852,8.69308090750326,2.76993,10.8542,11.71,0.179,11.251,0.012,10.386,0.022,10.221,0.023,10.179,0.025,11.1701,0.000475,11.4072,0.002057,10.8013,0.001269,10.138,0.023,10.157,0.021,10.209,0.073,8.796,,Theia13,4.897788193684466,Kounkel2020,6907.0,1.38834,1.504
144776610,3.3346095892551066e+18,85.2304926432246,8.64556256130521,1.51583,11.0277,12.144,0.265,11.471,0.018,10.346,0.023,10.079,0.025,9.988,0.022,11.4701,0.000634,11.8144,0.002219,10.9682,0.000921,9.933,0.024,9.937,0.02,9.967,0.058,8.417,0.371,Theia13,4.897788193684466,Kounkel2020,6314.0,2.81457,1.24
284200678,3.334883642528064e+18,84.4169977495255,9.11612100816471,,14.232,18.554,0.162,16.034,0.046,12.592,0.023,11.876,0.023,11.646,0.023,15.2444,0.001136,16.4249,0.006842,14.142,0.002304,11.522,0.038,11.438,0.038,11.238,0.191,8.491,,Theia13,4.897788193684466,Kounkel2020,,,
290174143,3.3361661884827013e+18,85.5535946808907,9.24481961136733,,14.0091,18.154,0.163,16.342,1.133,12.195,0.024,11.453,0.022,11.234,0.025,15.113,0.001514,16.5229,0.009628,13.9272,0.006152,11.105,0.023,10.964,0.021,10.854,0.121,8.573,,Theia13,4.897788193684466,Kounkel2020,,,
200604396,3.3361648140931645e+18,85.6291038182583,9.18799731168991,1.18652,13.7281,15.287,0.036,14.279,0.126,12.957,0.029,12.632,0.031,12.545,0.035,14.2532,0.000355,14.6744,0.003256,13.6661,0.001231,12.482,0.024,12.482,0.026,12.018,0.359,8.53,,Theia13,4.897788193684466,Kounkel2020,5756.0,1.20015,1.03
200601731,3.333760250879821e+18,85.6392946498722,7.92700788786198,,15.783,19.328,0.164,18.214,0.0528,13.725,0.029,13.129,0.03,12.912,0.033,16.9152,0.002885,18.1178,0.022277,15.4177,0.016241,12.727,0.024,12.568,0.024,12.187,0.409,8.951,,Theia13,4.897788193684466,Kounkel2020,,,
284284999,3.336479927253795e+18,85.9604742055831,9.97198548489405,1.11322,13.1838,14.603,0.056,13.841,0.137,12.426,0.023,12.104,0.022,12.019,0.023,13.686,0.000335,14.0826,0.00167,13.1196,0.001123,11.968,0.023,11.973,0.025,12.593,0.514,9.018,,Theia13,4.897788193684466,Kounkel2020,6074.0,1.55268,1.14
290175633,3.339598962566856e+18,85.4981707310039,10.6734449904153,1.65046,11.8704,13.288,0.041,12.539,0.08,11.128,0.025,10.836,0.023,10.748,0.025,12.3721,0.000243,12.7723,0.002164,11.8083,0.000764,10.682,0.024,10.688,0.02,10.851,0.137,8.792,,Theia13,4.897788193684466,Kounkel2020,6529.18,1.78664,1.35
144777161,3.33451032397124e+18,85.2163730143465,8.19018907523366,2.38001,15.7424,19.588,0.167,17.5797,0.0469,14.399,0.036,13.735,0.04,13.54,0.052,16.7941,0.001179,17.8515,0.01239,15.7655,0.004451,13.356,0.026,13.346,0.032,12.142,,9.016,,Theia13,4.897788193684466,Kounkel2020,3700.0,0.53329,0.529977
200639584,3.336156121079561e+18,85.9149778085219,9.17803702894253,2.65827,15.4065,19.462,0.164,,,13.336,0.033,12.656,0.034,12.351,0.034,16.6918,0.002057,18.5329,0.057327,15.3644,0.007575,12.109,0.023,11.787,0.022,10.756,0.119,8.43,,Theia13,4.897788193684466,Kounkel2020,3185.0,,
284284095,3.336157942145399e+18,85.9601389172165,9.28756894355988,1.37494,16.1302,18.814,0.072,17.3823,0.0505,14.913,0.042,14.288,0.035,14.119,0.067,16.9198,0.001012,17.6479,0.037592,16.0648,0.004905,13.966,0.028,14.061,0.046,12.31,,8.749,,Theia13,4.897788193684466,Kounkel2020,4511.0,0.580237,0.71
200591756,3.336143197522029e+18,85.3743141421984,9.12230389757362,2.67587,16.3735,17.425,0.162,,,11.863,,11.232,,12.768,0.056,17.6496,0.001783,19.3068,0.099169,16.1611,0.005767,,,,,,,,,Theia13,4.897788193684466,Kounkel2020,3189.0,,
715876118,3.336441341267354e+18,85.3703314764517,9.94145231239029,2.54134,12.7819,,,14.1176,0.0521,,,,,,,13.5923,0.006612,14.1403,0.024618,12.4479,0.031841,,,,,,,,,Theia13,4.897788193684466,Kounkel2020,,,
309796915,3.3365709075431444e+18,85.7694253154599,10.2938908974934,1.94125,16.1074,18.624,0.09,17.9131,0.0488,14.658,0.068,13.867,0.065,13.614,0.07,17.1571,0.00188,18.1722,0.022698,16.1271,0.004218,13.014,0.025,13.054,0.028,11.899,0.328,8.823,,Theia13,4.897788193684466,Kounkel2020,3732.0,0.597798,0.586288
290173442,3.3345622071758505e+18,85.5112215824912,8.61128818747349,1.18438,12.9294,14.105,0.034,13.44,0.092,12.264,0.023,12.056,0.025,11.975,0.028,13.349,0.000332,13.6706,0.001772,12.8662,0.0024,11.907,0.024,11.917,0.024,11.863,0.311,8.955,,Theia13,4.897788193684466,Kounkel2020,6555.0,1.4361,1.36
715878312,3.336465805399246e+18,85.7782432563981,9.73010143381672,2.26032,16.3709,,,,,,,,,,,16.8009,0.003467,,0.0,,0.0,,,,,,,,,Theia13,4.897788193684466,Kounkel2020,,,
284284209,3.336163641566167e+18,85.9450001759028,9.37231788270702,2.41696,15.8877,20.064,0.164,,,13.91,0.032,13.309,0.029,13.002,0.032,17.3395,0.001939,19.2524,0.097985,16.0016,0.006253,12.909,0.026,12.688,0.028,12.194,,8.465,,Theia13,4.897788193684466,Kounkel2020,3068.0,0.623848,0.607125
200591862,3.336146191114802e+18,85.3845522238835,9.2158907262326,2.30479,16.311,,,,,14.559,0.046,13.898,0.044,13.544,0.051,17.7997,0.00312,19.7706,0.077858,16.4315,0.007999,13.19,0.026,12.765,0.026,11.059,0.156,8.273,,Theia13,4.897788193684466,Kounkel2020,3029.0,0.54641,0.542014
144773019,3.3400783882930483e+18,85.2549809753887,11.5202205084104,2.03772,8.8499,9.141,0.033,9.032,0.003,8.551,0.021,8.549,0.038,8.522,0.023,8.95431,0.000351,9.05696,0.002307,8.78407,0.002379,8.455,0.024,8.472,0.021,7.885,0.021,6.447,0.064,Theia13,4.897788193684466,Kounkel2020,9829.0,3.52956,2.511
715881035,3.336492915232557e+18,85.925387192597,10.0394094000072,2.62966,15.7111,,,,,,,,,,,16.1411,0.00305,,0.0,,0.0,,,,,,,,,Theia13,4.897788193684466,Kounkel2020,,,
156144310,3.336260437245097e+18,86.0999271111424,9.52673964269106,2.52106,11.9356,13.127,0.039,12.411,0.069,11.327,0.026,11.052,0.024,11.018,0.026,12.3499,0.000221,12.6703,0.002182,11.8791,0.000858,10.924,0.024,10.965,0.021,11.138,0.14,8.985,,Theia13,4.897788193684466,Kounkel2020,6091.04,1.18155,1.143
144733711,3.3363365054094305e+18,85.1673006504183,9.26898854706911,2.25847,16.6166,,,,,14.479,0.027,13.904,0.04,13.635,0.043,18.1849,0.002811,20.508,0.116691,16.7682,0.011367,13.448,0.026,13.2,0.032,12.338,0.456,8.575,,Theia13,4.897788193684466,Kounkel2020,2889.0,0.538846,0.535112
144734848,3.3395604152371907e+18,85.1244323141402,10.2471687754538,2.50361,15.9076,19.457,0.169,17.7627,0.0478,14.536,0.04,13.965,0.036,13.778,0.052,16.9734,0.001318,18.0221,0.017537,15.931,0.005419,13.625,0.027,13.529,0.035,12.512,,8.897,,Theia13,4.897788193684466,Kounkel2020,3695.0,0.477423,0.475305
144777450,3.3345023868717e+18,85.2419506717431,7.96119894667143,1.63318,11.4379,12.015,0.301,11.932,0.028,10.905,0.023,10.763,0.024,10.686,0.025,11.7627,0.00029,12.0064,0.001521,11.3743,0.00101,10.626,0.024,10.646,0.02,10.7,0.107,8.532,,Theia13,4.897788193684466,Kounkel2020,7223.0,1.80807,1.62
156391659,3.33526180580901e+18,86.9536227159935,8.55723090865556,2.46433,13.0895,15.304,0.063,15.001,0.217,11.465,0.023,10.654,0.022,10.256,0.023,13.9966,0.017208,14.9147,0.061396,13.0278,0.048859,9.033,0.022,8.476,0.02,7.064,0.017,5.211,0.042,Theia13,4.897788193684466,Kounkel2020,4046.0,1.6983,
144734524,3.336443815168308e+18,85.1612873342358,9.96094859460381,2.36946,16.4287,19.964,0.171,18.4855,0.0496,14.984,0.05,14.304,0.057,14.01,0.074,17.5665,0.001569,18.7267,0.023259,16.4651,0.004386,13.817,0.026,13.667,0.037,11.791,,8.676,,Theia13,4.897788193684466,Kounkel2020,3573.0,0.459884,0.45705
156142597,3.33376622947626e+18,86.1135046293528,8.09387594738371,1.26835,16.6013,19.326,0.085,18.0616,0.0479,15.346,0.062,14.74,0.068,14.263,0.079,17.5021,0.001586,18.3468,0.019738,16.5976,0.010122,14.458,0.031,14.505,0.054,12.044,,8.689,,Theia13,4.897788193684466,Kounkel2020,4024.0,0.647777,0.625459
156187590,3.336107364610774e+18,86.2190402529506,9.20937932677114,2.69581,15.3174,20.246,0.163,,,13.047,0.023,12.439,0.021,12.171,0.026,16.6622,0.001548,18.8018,0.034326,15.2669,0.005636,12.008,0.025,11.754,0.022,11.643,0.297,8.293,,Theia13,4.897788193684466,Kounkel2020,3008.0,,
156391663,3.33526180151345e+18,86.9503319571555,8.55489649482147,2.66097,14.0106,14.267,0.073,,,11.845,0.036,11.182,0.039,10.894,0.029,15.3079,0.001267,17.1424,0.021117,13.943,0.007732,,,,,,,,,Theia13,4.897788193684466,Kounkel2020,3178.0,,
156143923,3.336111071166289e+18,86.0698125445321,9.22251922820932,2.72299,15.6485,19.56,0.162,,,13.485,0.023,12.953,0.036,12.562,0.026,17.2584,0.001777,18.9675,0.060813,15.7592,0.007805,12.407,0.023,12.139,0.024,12.206,0.4,8.887,,Theia13,4.897788193684466,Kounkel2020,3086.0,0.65817,0.633215
156143874,3.336108391106616e+18,86.1027958373123,9.16320018464119,2.27302,16.4971,,,,,14.511,0.035,13.869,0.036,13.639,0.044,18.0044,0.002314,19.7738,0.140988,16.6042,0.007672,13.475,0.027,13.286,0.033,12.159,,8.733,,Theia13,4.897788193684466,Kounkel2020,3104.0,0.535401,0.531934
715863304,3.3363031807594245e+18,86.6415250251536,9.91396779344726,2.43901,16.3943,,,,,,,,,,,16.8243,0.011576,,0.0,,0.0,,,,,,,,,Theia13,4.897788193684466,Kounkel2020,,,
156286136,3.335333269769176e+18,86.5689259290774,8.89449777085946,1.89097,16.11,,,18.4007,0.047,14.515,0.036,13.883,0.038,13.63,0.046,17.3195,0.001823,18.6203,0.010527,16.162,0.005736,13.53,0.03,13.448,0.035,12.214,,8.341,,Theia13,4.897788193684466,Kounkel2020,3455.0,0.605741,0.592748
156501754,3.335365224324136e+18,87.1506287034863,8.736911128503,2.36903,16.3218,20.081,0.169,18.4341,0.0663,14.958,0.044,14.364,0.056,14.036,0.054,17.454,0.001482,18.7017,0.057415,16.3641,0.011493,13.883,0.027,13.83,0.038,12.429,,8.986,,Theia13,4.897788193684466,Kounkel2020,3525.0,0.457845,0.454897
436010190,3.334717478833208e+18,83.5775927264816,8.4335397898692,2.96053,15.4762,19.169,0.165,17.3448,0.0463,14.149,0.024,13.48,0.031,13.283,0.034,16.538,0.000999,17.6166,0.007885,15.5017,0.002104,,,,,,,,,Theia13,4.897788193684466,Kounkel2020,3677.0,0.497666,0.495744
436153598,3.3348488704729487e+18,84.072048001846,8.8429481614055,1.38693,14.9202,16.161,0.119,15.704,0.115,13.841,0.03,13.268,0.035,13.114,0.039,15.6489,0.001138,16.299,0.007784,14.8587,0.003182,12.944,0.027,12.988,0.03,12.466,,8.815,,Theia13,4.897788193684466,Kounkel2020,4761.0,0.889049,0.77
200518890,3.338185475946581e+18,82.9693891303739,10.0490364858699,1.69035,13.4409,15.432,0.066,14.207,0.126,12.63,0.022,12.22,0.023,12.139,0.029,13.9964,0.000329,14.4492,0.001595,13.3808,0.00131,11.969,0.024,12.0,0.023,12.254,0.483,8.915,,Theia13,4.897788193684466,Kounkel2020,5775.0,1.00927,1.03
284201748,3.3344850008434094e+18,84.3651003201133,8.14218853929143,0.480614,15.5067,16.885,0.057,16.206,0.115,14.74,0.043,14.533,0.056,14.319,0.079,15.9856,0.000937,16.3583,0.011467,15.4407,0.003168,14.438,0.031,14.529,0.055,12.478,0.537,9.125,,Theia13,4.897788193684466,Kounkel2020,6217.0,1.13118,1.2
144777335,3.334504139218347e+18,85.2294919995054,8.05105985249427,0.514395,14.2472,15.969,0.034,14.999,0.103,13.327,0.024,12.969,0.028,12.857,0.029,14.8504,0.000404,15.3491,0.003037,14.1861,0.001259,12.815,0.024,12.821,0.028,12.339,0.521,8.552,,Theia13,4.897788193684466,Kounkel2020,5898.0,2.33064,1.07
436103237,3.337932485192895e+18,83.858796271047,9.72679087749075,3.07283,14.8498,18.787,0.166,16.562,0.092,13.607,0.03,12.91,0.022,12.748,0.033,15.8536,0.000734,16.8392,0.007626,14.8647,0.003146,12.603,0.025,12.564,0.026,11.943,,8.598,0.376,Theia13,4.897788193684466,Kounkel2020,3793.0,0.574521,0.566785
156186691,3.3363107742616724e+18,86.2659118752515,9.92982080141887,1.75781,14.1597,16.008,0.076,15.07,0.103,13.275,0.026,12.787,0.03,12.633,0.028,14.7797,0.000405,15.3057,0.003315,14.0999,0.001141,12.599,0.024,12.647,0.027,12.06,0.366,8.637,,Theia13,4.897788193684466,Kounkel2020,5169.0,0.810762,0.88
436336914,3.3344926974247854e+18,84.3226712903984,8.3287080590685,0.895654,12.0971,13.319,0.011,12.653,0.057,11.376,0.022,11.159,0.023,11.085,0.023,12.5404,0.000276,12.8821,0.002069,12.0313,0.00115,10.981,0.024,10.988,0.02,10.755,0.199,8.59,,Theia13,4.897788193684466,Kounkel2020,6503.0,2.86682,1.33
436153531,3.334845297060185e+18,84.0413168584076,8.71157029660238,1.56764,14.2869,16.065,0.079,15.055,0.08,13.413,0.033,12.975,0.03,12.891,0.038,14.8911,0.000745,15.3996,0.003916,14.2317,0.00285,12.745,0.025,12.768,0.027,11.722,0.336,8.563,,Theia13,4.897788193684466,Kounkel2020,5465.0,0.81156,0.96
144776006,3.3363258238271764e+18,85.2498678466522,9.14101300975704,1.61697,15.7467,19.341,0.17,17.1599,0.046,14.548,0.043,13.747,0.035,13.605,0.049,16.5998,0.001056,17.4414,0.005312,15.6913,0.003358,13.569,0.026,13.651,0.036,12.468,,8.798,,Theia13,4.897788193684466,Kounkel2020,4209.0,0.676657,0.66
200525028,3.3378651057453624e+18,83.1238494101087,9.43512830164328,1.234,14.7566,16.667,0.105,15.557,0.137,13.811,0.028,13.373,0.03,13.251,0.04,15.382,0.000534,15.9132,0.003831,14.7003,0.001906,13.238,0.025,13.272,0.031,11.866,,9.033,,Theia13,4.897788193684466,Kounkel2020,5308.0,0.866325,0.91
200639180,3.33607124822902e+18,85.8557103623717,8.83070558885117,2.62578,16.3484,,,,,14.481,0.04,13.948,0.043,13.514,0.047,17.7919,0.002132,19.6597,0.060368,16.4582,0.006438,13.411,0.027,13.171,0.032,12.089,,8.671,,Theia36,11.748975549395302,Kounkel2020,3090.0,0.506356,0.504302
156392354,3.3350406622359854e+18,86.9740462739979,8.04497659170112,1.97228,12.9944,14.43,0.015,13.669,0.126,12.236,0.022,11.93,0.022,11.852,0.024,13.5014,0.000457,13.9079,0.002082,12.9357,0.001292,11.79,0.023,11.814,0.023,11.881,0.313,8.971,0.497,Theia36,11.748975549395302,Kounkel2020,5992.0,0.977591,1.104
144614195,3.334389755649076e+18,84.6936878191084,7.60279763161483,2.59098,15.2867,18.726,0.167,16.798,1.133,14.052,0.027,13.369,0.021,13.164,0.037,16.2983,0.000972,17.3027,0.005111,15.3033,0.004914,13.044,0.024,13.038,0.029,12.152,,8.837,,Theia36,11.748975549395302,Kounkel2020,3771.0,0.566215,0.559609
309794224,3.333760658902463e+18,85.7295248734726,7.97679199918179,1.36061,16.3568,19.839,0.172,18.1946,0.0471,15.061,0.05,14.201,0.043,14.076,0.074,17.4041,0.001607,18.4728,0.013501,16.38,0.00577,,,,,,,,,Theia36,11.748975549395302,Kounkel2020,3694.0,0.653483,0.62973
156246545,3.3352791918365194e+18,86.4251598052751,8.37312943505935,2.41133,9.88304,10.398,0.072,10.105,0.005,9.563,0.024,9.462,0.024,9.43,0.026,10.0806,0.000537,10.2401,0.001101,9.83424,0.001104,9.38,0.025,9.409,0.02,9.438,0.049,8.677,,Theia36,11.748975549395302,Kounkel2020,8034.0,2.12037,1.944
284281914,3.333665551146035e+18,85.9428838562793,7.55151191079476,2.40479,15.4916,20.172,0.163,,,13.466,0.033,12.777,0.033,12.477,0.027,16.7516,0.002321,18.4836,0.017756,15.4427,0.006674,12.399,0.028,12.162,0.028,11.184,0.171,8.817,,Theia36,11.748975549395302,Kounkel2020,3268.0,,
309793495,3.333650673379111e+18,85.7956145743227,7.28395239744941,3.57892,16.8844,,,,,15.319,0.049,14.73,0.07,14.495,0.107,18.1843,0.002739,19.736,0.03833,16.9606,0.007847,14.248,0.029,14.11,0.046,12.045,0.345,8.985,,Theia36,11.748975549395302,Kounkel2020,3291.0,0.280194,0.25419
156351818,3.335440506512409e+18,86.6958861684737,9.16898459079883,2.57979,16.5812,20.179,0.174,18.911,0.0532,15.071,0.061,14.44,0.051,14.052,0.064,17.7867,0.002093,19.1448,0.030327,16.6367,0.005404,14.026,0.029,13.928,0.039,12.146,,8.866,,Theia36,11.748975549395302,Kounkel2020,3428.0,0.426238,0.420755
156193089,3.3337000526204027e+18,86.3575000412805,7.83902578008915,1.51543,14.9269,16.973,0.021,16.039,0.046,13.863,0.027,13.337,0.033,13.176,0.034,15.6387,0.001382,16.2662,0.00776,14.8756,0.004141,13.171,0.025,13.202,0.031,12.298,,9.04,,Theia36,11.748975549395302,Kounkel2020,5092.0,0.759116,0.85
156284843,3.3351994428839864e+18,86.5930654138096,7.89790322195216,1.55004,13.1729,14.697,0.032,13.917,0.149,12.304,0.021,11.928,0.023,11.814,0.021,13.7258,0.000544,14.1625,0.001962,13.0991,0.003057,11.755,0.023,11.78,0.023,11.25,0.169,8.973,,Theia36,11.748975549395302,Kounkel2020,6050.0,1.21918,1.13
144545347,3.339479699915273e+18,84.5080576966515,10.2602207625293,3.52619,16.105,20.035,0.164,,,14.348,0.03,13.763,0.04,13.428,0.039,17.512,0.002994,19.2245,0.025142,16.201,0.007406,13.36,0.025,13.158,0.031,12.015,0.397,8.986,,Theia55,22.387211385683376,Kounkel2020,3172.0,0.418424,0.412115
144619218,3.340335944595457e+18,84.7055112734222,11.8483823960019,2.9774,15.6841,20.164,0.163,,,14.0,0.029,13.399,0.029,13.169,0.039,16.9981,0.001567,18.511,0.032574,15.7592,0.007253,13.021,0.024,12.837,0.027,11.985,,8.513,,Theia55,22.387211385683376,Kounkel2020,3303.0,0.515371,0.51304
436246446,3.3399654134734664e+18,84.2170224886099,11.6589689064833,3.31462,15.0978,16.103,0.075,17.5254,0.0483,13.47,0.041,12.8,0.039,12.614,0.033,16.3408,0.002965,17.7355,0.014364,15.1595,0.008161,12.258,0.023,12.165,0.023,12.078,,8.84,,Theia55,22.387211385683376,Kounkel2020,3392.0,0.569484,0.562447
200641386,3.336981850013866e+18,85.8745765461887,10.8822589852511,3.26892,10.3756,11.086,0.118,10.772,0.009,9.988,0.021,9.812,0.021,9.776,0.023,10.6736,0.000394,10.8973,0.000631,10.3288,0.000805,9.714,0.023,9.742,0.02,9.635,0.045,9.044,,Theia55,22.387211385683376,Kounkel2020,6730.13,1.47306,1.434
144666295,3.339457915840729e+18,84.7592181882926,10.0465345061364,4.46802,11.604,,,12.466,0.08,10.808,0.023,10.337,0.024,10.175,0.023,12.1888,0.00486,12.6859,0.016946,11.5466,0.014153,9.945,0.023,9.92,0.02,9.764,0.045,8.539,,Theia55,22.387211385683376,Kounkel2020,5075.0,1.00436,0.849
156244892,3.3362929415574707e+18,86.4255907996168,9.73594850761786,3.08824,13.469,15.757,0.179,14.625,0.126,12.32,0.023,11.715,0.025,11.55,0.025,14.2136,0.003284,14.9156,0.015471,13.4031,0.009638,11.437,0.023,11.423,0.021,11.284,0.146,8.901,,Theia55,22.387211385683376,Kounkel2020,4367.0,0.841781,0.683
290176399,3.3400608605300337e+18,85.4697655672161,11.3792303162387,2.79837,11.6175,12.393,0.35,12.358,0.033,11.023,0.022,10.807,0.023,10.717,0.022,12.0245,0.00049,12.3382,0.002022,11.5631,0.002217,10.693,0.023,10.716,0.02,10.665,0.119,8.461,0.35,Theia55,22.387211385683376,Kounkel2020,6228.0,1.11715,1.203
200640733,3.33652432003569e+18,85.9233335947663,10.2685642398054,3.08523,12.0734,13.362,0.074,12.623,0.069,11.355,0.026,11.014,0.022,10.936,0.022,12.5549,0.002282,12.9382,0.008377,12.0163,0.006065,10.878,0.023,10.899,0.021,10.915,0.139,8.708,,Theia55,22.387211385683376,Kounkel2020,5750.03,1.03605,1.028
284286335,3.336988142143684e+18,86.0065859933445,10.9358213178736,3.13643,15.6988,19.947,0.164,,,14.094,0.032,13.422,0.03,13.175,0.034,17.0031,0.001676,18.6041,0.024219,15.7795,0.005071,13.038,0.026,12.842,0.028,12.318,,8.843,,Theia55,22.387211385683376,Kounkel2020,3267.0,0.495225,0.493316
156247096,3.335198927487921e+18,86.4720362000746,7.88735666326006,3.40998,15.3864,19.757,0.163,,,13.731,0.03,13.131,0.028,12.853,0.034,16.6869,0.001885,18.234,0.020959,15.4632,0.00429,12.762,0.024,12.588,0.024,11.611,,8.444,,Theia55,22.387211385683376,Kounkel2020,3293.0,0.518454,0.515994
156352638,3.3352640048320614e+18,86.7817243910861,8.55306587653279,4.489,15.0111,19.567,0.162,,,13.315,0.023,12.714,0.025,12.481,0.024,16.3246,0.001002,17.9393,0.017319,15.0938,0.003503,12.323,0.024,12.117,0.024,12.088,,8.994,,Theia55,22.387211385683376,Kounkel2020,3257.0,0.482305,0.480298
200641728,3.3399971919353e+18,85.8465405791592,11.1465939373385,3.79632,16.0304,19.905,0.169,18.4194,0.0529,14.55,0.045,13.977,0.05,13.776,0.062,17.2504,0.001962,18.6488,0.028936,16.0902,0.005219,13.512,0.027,13.395,0.031,12.14,,9.033,,Theia55,22.387211385683376,Kounkel2020,3401.0,0.349266,0.33336
144735649,3.339665659115554e+18,85.1027786068708,10.8611070652038,3.77847,16.146,20.245,0.166,,,14.418,0.038,13.816,0.034,13.524,0.046,17.4861,0.001759,19.0619,0.042603,16.2273,0.004386,13.388,0.025,13.237,0.031,11.933,,8.805,,Theia55,22.387211385683376,Kounkel2020,3262.0,0.383689,0.372956
200593814,3.339629306512264e+18,85.4227752966607,11.0360502486837,3.00431,12.27,13.939,0.042,12.92,0.092,11.286,0.026,10.801,0.02,10.715,0.022,12.8745,0.003552,13.3963,0.012997,12.212,0.009467,10.65,0.023,10.683,0.021,10.687,0.15,8.727,,Theia55,22.387211385683376,Kounkel2020,4931.0,1.14755,0.81
200642325,3.340101340598357e+18,85.8688648697221,11.702401753358,3.27964,15.4308,20.172,0.164,,,13.709,0.034,13.145,0.036,12.87,0.04,16.7969,0.001286,18.4581,0.059171,15.5205,0.002813,12.697,0.025,12.494,0.025,11.974,,8.756,,Theia55,22.387211385683376,Kounkel2020,3213.0,0.529884,0.526801
156288192,3.3368993222203e+18,86.5582524256951,10.4563245784304,3.15451,13.4233,15.93,0.036,14.785,0.195,12.397,0.026,11.778,0.022,11.632,0.026,14.1708,0.002408,14.8781,0.01023,13.3605,0.007047,11.486,0.023,11.516,0.021,11.443,0.214,8.082,,Theia55,22.387211385683376,Kounkel2020,4372.0,0.844788,0.684
156240384,3.3369674189237647e+18,86.4081645806513,10.7680563151469,3.33071,11.4918,12.358,0.317,12.125,0.057,10.836,0.022,10.477,0.021,10.483,0.025,11.9147,0.00157,12.2534,0.005342,11.4279,0.007641,10.328,0.022,10.332,0.02,10.283,0.073,9.122,,Theia55,22.387211385683376,Kounkel2020,7178.0,1.00394,1.605
156147838,3.340146008258744e+18,86.1806661774241,11.7117227031359,4.90511,12.9455,15.755,0.064,14.151,0.103,11.573,0.026,10.913,0.025,10.767,0.026,13.8034,0.000857,14.6663,0.004642,12.8698,0.006019,10.645,0.023,10.625,0.021,10.555,0.092,8.242,,Theia55,22.387211385683376,Kounkel2020,4022.0,0.85406,0.629
144776940,3.33455124641941e+18,85.2275286073604,8.38646530913466,4.83098,15.5791,19.635,0.167,,,13.952,0.042,13.268,0.044,13.096,0.049,16.9109,0.001936,18.4927,0.040019,15.6605,0.005687,12.685,0.024,12.566,0.025,12.024,,8.254,,Theia55,22.387211385683376,Kounkel2020,3263.0,0.369747,0.356978
144736763,3.3402787742875976e+18,85.1445269059385,11.7756651180367,3.32613,9.78705,10.383,0.069,10.056,0.005,9.454,0.026,9.24,0.026,9.185,0.021,9.99618,0.000671,10.1631,0.00116,9.73277,0.001502,9.118,0.023,9.137,0.02,9.034,0.034,8.418,0.309,Theia55,22.387211385683376,Kounkel2020,7532.01,1.84321,1.741
156240482,3.3369692099280835e+18,86.3626009122553,10.8441721202112,3.77071,10.9435,11.646,0.181,11.063,0.012,10.418,0.024,10.155,0.022,10.107,0.026,11.3131,0.00052,11.603,0.001899,10.8838,0.001087,10.067,0.024,10.096,0.023,9.943,0.061,8.685,,Theia55,22.387211385683376,Kounkel2020,6154.89,1.43328,1.17
156501291,3.3354449389169183e+18,87.1821513021951,9.07735690231627,4.59893,11.1188,12.64,0.447,11.866,0.032,10.503,0.024,10.241,0.026,10.115,0.023,11.585,0.001556,11.9624,0.008057,11.0705,0.00364,10.007,0.022,10.028,0.02,9.924,0.07,8.713,,Theia55,22.387211385683376,Kounkel2020,5659.0,0.96982,1.005
156431665,3.33671604307967e+18,87.0836116899029,10.3704429403183,3.64318,15.244,19.869,0.162,,,13.563,0.024,12.895,0.022,12.671,0.023,16.5692,0.003521,18.1553,0.053731,15.3254,0.007237,12.527,0.024,12.341,0.025,11.479,0.197,8.66,,Theia55,22.387211385683376,Kounkel2020,3264.0,0.525168,0.522371
144704338,3.3346257383294674e+18,85.0661266890753,8.74825353987062,4.0556,14.9906,19.037,0.164,17.6119,0.0481,13.319,0.029,12.71,0.03,12.438,0.03,16.3512,0.002409,17.7181,0.014438,15.0588,0.004975,12.291,0.024,12.126,0.023,12.393,0.538,8.96,,Theia55,22.387211385683376,Kounkel2020,3349.0,0.525003,0.522215
156503215,3.334945696215416e+18,87.2156670573997,7.65529328824029,4.88241,15.7444,,,18.2705,0.0512,14.168,0.026,13.553,0.032,13.293,0.033,17.0135,0.002078,18.4672,0.024348,15.8119,0.003416,13.174,0.025,12.975,0.029,11.844,,8.61,,Theia55,22.387211385683376,Kounkel2020,3351.0,0.341414,0.324282
309908444,3.3399833793202007e+18,85.7567963882178,10.8833911893839,3.52839,14.8592,18.815,0.164,16.881,1.133,13.358,0.023,12.701,0.028,12.477,0.027,16.0649,0.001521,17.4228,0.011701,14.9157,0.003554,12.362,0.024,12.263,0.024,11.747,0.277,8.345,,Theia55,22.387211385683376,Kounkel2020,3428.0,0.569911,0.562816
80564932,3.3349312608291533e+18,87.3267494673989,7.52141426147766,3.42502,10.67,11.618,0.163,11.172,0.011,10.182,0.022,9.997,0.024,9.911,0.021,11.0177,0.000569,11.28,0.001371,10.619,0.000951,9.844,0.022,9.868,0.021,9.811,0.055,8.485,,Theia55,22.387211385683376,Kounkel2020,6505.0,1.28866,1.334
200593247,3.33957144471318e+18,85.400834800673,10.4872328041677,3.08486,13.7293,16.767,0.168,15.045,0.126,12.514,0.025,11.851,0.026,11.716,0.027,14.594,0.000412,15.4601,0.005043,13.6817,0.001691,11.576,0.023,11.588,0.022,11.094,0.169,8.861,,Theia55,22.387211385683376,Kounkel2020,4173.0,0.927796,0.653
200590978,3.334554888551858e+18,85.427766290652,8.39019686033112,4.1606,13.9762,17.226,0.008,15.883,0.137,12.596,0.03,11.865,0.026,11.689,0.027,15.0752,0.002528,16.2268,0.011351,14.0105,0.00529,11.542,0.022,11.486,0.022,11.217,0.186,8.852,,Theia55,22.387211385683376,Kounkel2020,3604.0,0.649094,0.626448
200601094,3.333722038557238e+18,85.5707433860536,7.62008298949103,4.7535,14.7341,19.369,0.163,,,13.073,0.029,12.422,0.027,12.166,0.029,16.0412,0.00185,17.6124,0.010407,14.8134,0.002789,12.016,0.024,11.83,0.023,11.536,0.236,8.967,,Theia55,22.387211385683376,Kounkel2020,3279.0,0.513273,0.511019
156142043,3.333686098269636e+18,86.110348930856,7.60246891840345,3.90422,15.7153,,,,,13.965,0.023,13.389,0.038,13.229,0.033,17.0874,0.001806,18.7979,0.02755,15.8089,0.005148,12.937,0.024,12.761,0.026,12.107,,8.867,,Theia55,22.387211385683376,Kounkel2020,3188.0,0.415041,0.408353
156145271,3.336526038022552e+18,86.1522265167043,10.2677805997062,3.26461,8.90751,9.437,0.044,9.197,0.003,8.569,0.026,8.496,0.065,8.457,0.02,9.1135,0.000258,9.2727,0.00127,8.86592,0.001793,8.416,0.023,8.437,0.019,8.408,0.024,7.979,0.217,Theia55,22.387211385683376,Kounkel2020,7565.0,2.475,1.754
156498482,3.337040884343027e+18,87.23012876885,11.080092421049,4.39178,15.5182,20.067,0.162,,,13.809,0.024,13.216,0.033,12.92,0.034,16.8524,0.001777,18.4176,0.047035,15.5986,0.006296,12.8,0.023,12.62,0.026,11.784,0.311,8.761,,Theia55,22.387211385683376,Kounkel2020,3270.0,0.422947,0.417125
200603459,3.336066197346113e+18,85.6600727491653,8.74547195276216,3.90895,12.0552,13.821,0.045,12.851,0.08,11.12,0.021,10.632,0.023,10.539,0.02,12.6497,0.00255,13.1606,0.008073,12.0027,0.006762,10.514,0.024,10.538,0.021,10.435,0.082,8.311,,Theia55,22.387211385683376,Kounkel2020,5091.0,0.942895,0.854
284287582,3.340198711801621e+18,86.0135427856414,11.8584955478834,3.50254,15.656,19.737,0.165,,,14.024,0.032,13.389,0.03,13.088,0.034,16.9512,0.001495,18.4963,0.029445,15.732,0.003959,13.003,0.025,12.819,0.028,12.377,0.496,8.977,,Theia55,22.387211385683376,Kounkel2020,3296.0,0.471159,0.468842
156148739,3.337010372894374e+18,86.24509777716,11.0278642335349,3.50205,14.724,18.389,0.165,16.865,0.286,13.193,0.026,12.523,0.026,12.309,0.026,15.9127,0.00132,17.2328,0.011495,14.7766,0.004568,12.222,0.024,12.091,0.025,12.505,0.52,8.85,,Theia55,22.387211385683376,Kounkel2020,3456.0,0.602878,0.590431
156500336,3.336608157797687e+18,87.2213493851543,9.76376888600348,3.32707,13.6316,16.4,0.068,14.839,0.103,12.372,0.024,11.725,0.028,11.547,0.023,14.4625,0.002719,15.2894,0.011256,13.5668,0.006325,11.497,0.023,11.473,0.022,11.438,0.223,8.513,,Theia55,22.387211385683376,Kounkel2020,4104.0,0.873474,0.642
156429859,3.335420612223684e+18,87.0546386848714,8.99848568711753,4.43082,15.3937,19.866,0.163,,,13.646,0.029,13.058,0.035,12.819,0.031,16.7428,0.001172,18.4425,0.015394,15.485,0.003774,12.637,0.025,12.463,0.025,10.889,0.196,8.014,0.233,Theia55,22.387211385683376,Kounkel2020,3203.0,0.434997,0.430353
156187150,3.336266862516141e+18,86.1898932239094,9.57637103364119,4.58064,16.5527,,,,,14.939,0.045,14.285,0.034,13.997,0.064,17.9201,0.001932,19.7398,0.059582,16.6533,0.006103,13.762,0.027,13.654,0.036,12.132,,9.046,,Theia55,22.387211385683376,Kounkel2020,3142.0,0.276103,0.249606
284285191,3.336516997115262e+18,86.0197397878094,10.1026906570425,3.08278,15.6397,19.853,0.162,18.2535,0.0521,13.912,0.023,13.363,0.033,13.067,0.037,16.9437,0.001908,18.4234,0.025633,15.7117,0.004945,12.954,0.025,12.764,0.026,12.511,0.523,8.901,,Theia55,22.387211385683376,Kounkel2020,3323.0,0.519724,0.517207
247631159,3.340155938222984e+18,86.5047785610191,11.8980251324635,3.86579,12.0062,13.781,0.059,12.732,0.126,11.159,0.022,10.656,0.022,10.549,0.017,12.589,0.005814,13.0817,0.020064,11.9441,0.015288,10.483,0.024,10.498,0.02,10.359,0.086,8.518,,Theia55,22.387211385683376,Kounkel2020,5011.0,0.968021,0.832
80568154,3.3366175723659694e+18,87.2716201665209,9.82971374269681,3.49516,12.6156,14.162,0.025,13.278,0.092,11.86,0.027,11.449,0.026,11.425,0.024,13.1451,0.001078,13.5796,0.007497,12.5581,0.005302,11.298,0.022,11.343,0.022,11.283,0.194,8.669,0.423,Theia55,22.387211385683376,Kounkel2020,5431.79,0.697708,0.95
156497563,3.3371456471848187e+18,87.2691018375068,11.6770697232099,,12.8823,15.514,0.077,14.003,0.137,11.666,0.022,11.042,0.022,10.894,0.025,13.6887,0.001408,14.4975,0.006098,12.8159,0.004122,10.796,0.022,10.809,0.021,10.697,0.11,8.823,,Theia55,22.387211385683376,Kounkel2020,,,
156433540,3.33713860343852e+18,87.0931575586358,11.6187179400334,3.90169,15.4074,20.07,0.162,,,13.738,0.026,13.075,0.028,12.782,0.03,16.7424,0.002142,18.4051,0.041222,15.4949,0.004868,12.717,0.025,12.539,0.025,12.428,,8.825,,Theia55,22.387211385683376,Kounkel2020,3226.0,0.48341,0.481422
302537561,3.34093280761006e+18,82.327365668486,12.1025022868655,3.90084,14.4861,17.651,0.0,16.207,0.252,13.117,0.023,12.434,0.024,12.277,0.024,15.5626,0.000759,16.6547,0.00712,14.5142,0.003798,12.109,0.023,12.078,0.023,11.375,,8.15,,Theia116,54.954087385762485,Kounkel2020,3658.0,0.566998,0.56029
284197740,3.3399507032081203e+18,84.4218032337769,11.6023174943392,4.97516,15.9384,,,,,14.134,0.036,13.596,0.041,13.266,0.035,17.4131,0.001917,19.2176,0.04053,16.0461,0.015936,12.929,0.025,12.73,0.028,11.938,,8.359,,Theia116,54.954087385762485,Kounkel2020,3103.0,0.339637,0.322229
309796601,3.336494598862128e+18,85.7285230389839,10.0074750101971,3.87471,14.3598,17.599,-0.196,16.175,0.035,13.075,0.024,12.388,0.027,12.223,0.032,15.3922,0.000716,16.4332,0.008602,14.3811,0.002611,12.041,0.023,12.083,0.024,11.397,0.18,8.431,,Theia116,54.954087385762485,Kounkel2020,3727.0,0.578963,0.570576
200594599,3.3402998368071875e+18,85.386421676793,11.7672304632225,4.34235,13.4936,16.275,0.119,14.719,0.103,12.336,0.024,11.684,0.023,11.502,0.026,14.3134,0.000366,15.1394,0.002342,13.4346,0.000976,11.41,0.022,11.478,0.022,11.508,0.247,8.569,,Theia116,54.954087385762485,Kounkel2020,4083.0,0.706223,0.639
156239409,3.336320154470194e+18,86.3927484991887,10.05644930584,3.1622,12.3716,13.954,0.044,13.001,0.103,11.659,0.024,11.274,0.023,11.189,0.023,12.8985,0.000345,13.3371,0.00228,12.323,0.00114,11.148,0.022,11.199,0.02,11.106,0.175,8.645,,Theia116,54.954087385762485,Kounkel2020,5497.0,0.87483,0.964
156384040,3.3366798322115533e+18,86.8178866335934,10.0419304889315,3.91132,13.2624,15.639,0.032,14.207,0.114,12.251,0.024,11.696,0.022,11.567,0.024,13.9774,0.000534,14.6419,0.005546,13.2014,0.00303,11.461,0.048,11.555,0.046,11.2,0.249,8.884,,Theia116,54.954087385762485,Kounkel2020,4466.0,0.694049,0.7
144698927,3.3396471349194235e+18,84.8568983538598,10.8950553006898,4.0624,15.7193,19.503,0.166,18.1457,0.0476,14.174,0.032,13.556,0.037,13.373,0.038,16.9608,0.00125,18.357,0.013641,15.7807,0.004202,13.181,0.025,13.068,0.03,11.756,,8.906,,Theia116,54.954087385762485,Kounkel2020,3391.0,0.382747,0.37188
302761893,3.340873605781688e+18,82.8988515700541,12.031791703122,4.48967,16.059,20.772,0.162,,,14.292,0.028,13.666,0.029,13.469,0.04,17.4553,0.001674,19.1455,0.038427,16.1527,0.005607,13.263,0.025,13.075,0.029,12.426,,8.885,,Theia116,54.954087385762485,Kounkel2020,3186.0,0.342197,0.325189
284285363,3.33652332360328e+18,85.9441487134759,10.2391181034239,3.34127,13.6659,16.094,0.09,14.8,0.126,12.613,0.023,12.012,0.022,11.914,0.027,14.4143,0.000603,15.1137,0.005483,13.6206,0.00243,11.847,0.024,11.9,0.023,11.787,0.285,9.011,,Theia116,54.954087385762485,Kounkel2020,4589.0,0.698773,0.725
156387166,3.337156844161964e+18,87.0106503958409,11.7815093591484,3.92099,11.3164,12.596,0.074,11.778,0.08,10.658,0.027,10.265,0.022,10.187,0.019,11.7797,0.002814,12.1421,0.008524,11.2569,0.006924,10.14,0.024,10.148,0.022,10.042,0.065,8.853,,Theia116,54.954087385762485,Kounkel2020,5937.0,1.01126,1.084
200527241,3.340679408836256e+18,83.0810504983407,11.8463321055937,5.33453,9.64952,10.638,0.066,10.077,0.005,9.18,0.017,8.977,0.018,8.929,0.014,9.98902,0.000313,10.2473,0.000719,9.60336,0.000296,8.882,0.023,8.903,0.02,8.902,0.032,8.735,0.418,Theia116,54.954087385762485,Kounkel2020,6458.0,1.31311,1.312
156244451,3.336319432915683e+18,86.421884037147,10.0607812721694,3.5389,15.8435,20.044,0.165,,,14.241,0.036,13.641,0.03,13.424,0.045,17.1293,0.00167,18.6686,0.046294,15.9183,0.003244,13.204,0.025,13.062,0.028,12.027,,9.055,,Theia116,54.954087385762485,Kounkel2020,3303.0,0.417521,0.411112
156242004,3.340205141368302e+18,86.43969194651,12.0300470804518,3.50033,12.9497,14.877,0.031,13.795,0.103,12.072,0.023,11.61,0.024,11.524,0.025,13.5806,0.000481,14.1304,0.00184,12.9048,0.001797,11.434,0.023,11.491,0.021,11.349,0.179,8.974,,Theia116,54.954087385762485,Kounkel2020,5236.0,0.722369,0.894
156243591,3.3369198693437773e+18,86.5112308427086,10.7480154556376,4.23309,9.89874,10.72,0.105,10.384,0.008,9.465,0.023,9.266,0.024,9.208,0.023,10.2143,0.000337,10.4609,0.001231,9.84715,0.001261,9.179,0.023,9.2,0.02,9.225,0.036,8.715,,Theia116,54.954087385762485,Kounkel2020,7226.0,1.4129,1.622
247717658,3.3371643689451904e+18,87.0262248721671,11.8781395963921,4.0415,14.3494,17.617,0.166,16.115,0.172,13.009,0.021,12.301,0.022,12.137,0.022,15.3895,0.00285,16.414,0.018135,14.3701,0.008303,12.016,0.023,11.979,0.023,11.656,0.269,8.857,,Theia116,54.954087385762485,Kounkel2020,3733.0,0.578115,0.569855
80569272,3.336726905052964e+18,87.3115062317761,10.5992386733728,3.94783,14.9292,17.3,0.044,16.36,0.103,13.488,0.026,12.88,0.028,12.691,0.033,15.7959,0.00263,16.6206,0.014045,14.7889,0.003498,12.54,0.025,12.462,0.025,12.213,,9.008,,Theia116,54.954087385762485,Kounkel2020,3984.0,,
156430592,3.336228036011912e+18,87.0377324821992,9.56657434275238,3.8512,12.8215,14.892,0.053,13.653,0.103,11.959,0.03,11.417,0.023,11.315,0.023,13.4774,0.000272,14.0628,0.001762,12.7716,0.002497,11.235,0.023,11.296,0.021,11.621,0.272,8.474,,Theia116,54.954087385762485,Kounkel2020,4839.0,0.758344,0.786
156387171,3.337156848459383e+18,87.0110786672234,11.778352183012,3.86901,12.4502,,,13.23,0.103,11.506,0.027,10.95,0.022,10.843,0.021,13.1014,0.001706,13.6759,0.006689,12.3963,0.004144,10.687,0.024,10.653,0.021,10.549,0.094,8.628,,Theia116,54.954087385762485,Kounkel2020,4609.37,1.03171,0.73
247717409,3.340175145316904e+18,87.0087802792414,12.1232796922166,4.37167,14.1824,17.675,0.0,15.702,0.092,12.948,0.021,12.293,0.024,12.112,0.024,15.1542,0.000436,16.1183,0.005517,14.1938,0.001779,12.005,0.024,11.981,0.023,11.616,0.252,8.803,,Theia116,54.954087385762485,Kounkel2020,3839.0,0.552724,0.547699
200587401,3.338188911920342e+18,83.2941834458417,9.9665200800646,,11.8403,14.86,0.023,13.384,0.114,10.615,0.024,9.941,0.021,9.774,0.02,12.7969,0.000405,13.7458,0.002167,11.8508,0.001133,9.656,0.022,9.688,0.02,9.477,0.039,8.408,,Theia133,54.954087385762485,Kounkel2020,3868.0,0.63304,0.614252
436157908,3.333990770366778e+18,83.8777004110216,7.27254351984906,9.05285,8.72531,9.69,0.045,9.2,0.03,8.235,0.024,8.05,0.029,7.991,0.016,9.08073,0.000351,9.35412,0.001608,8.68053,0.001204,7.902,0.024,7.958,0.019,7.91,0.023,7.583,0.178,Theia133,54.954087385762485,Kounkel2020,6321.0,1.21865,1.246
436009083,3.340589901718177e+18,83.5086199829269,11.3412162121974,9.48701,8.9934,10.055,0.055,9.488,0.004,8.452,0.02,8.195,0.047,8.118,0.026,9.39438,0.000405,9.71297,0.00202,8.95119,0.000821,8.097,0.024,8.137,0.02,8.103,0.023,7.903,0.198,Theia133,54.954087385762485,Kounkel2020,5972.0,1.12131,1.096
144667802,3.334813273784117e+18,84.7685650345639,8.80582793258571,10.9192,14.2102,19.358,0.162,,,12.309,0.022,11.763,0.026,11.413,0.021,15.6853,0.005301,17.7344,0.016144,14.3365,0.010333,11.262,0.023,11.021,0.021,10.969,0.138,9.037,,Theia133,54.954087385762485,Kounkel2020,3005.0,0.35894,0.34453
285000868,3.334192668188568e+18,82.4754043374453,7.54220827713637,10.3958,15.7405,20.37,0.162,,,14.039,0.025,13.385,0.037,13.219,0.029,17.1321,0.001554,18.9705,0.032145,15.8447,0.003905,12.984,0.025,12.774,0.026,12.344,,8.662,,Theia133,54.954087385762485,Kounkel2020,3124.0,0.186608,0.155974
436152918,3.333990770366779e+18,83.8740190300888,7.27241201548138,9.10599,10.6306,,,11.4479,0.0459,9.84,0.024,9.42,0.026,9.297,0.023,11.205,0.001014,11.7051,0.00267,10.5841,0.002266,9.144,0.022,9.18,0.019,9.016,0.033,8.376,0.322,Theia133,54.954087385762485,Kounkel2020,5010.0,0.768331,0.831
156388500,3.336949659236791e+18,86.9312731463485,10.9030210588924,9.45457,11.5628,14.093,0.033,12.597,0.08,10.51,0.026,9.899,0.022,9.707,0.02,12.3258,0.000204,13.0703,0.001289,11.5073,0.000805,9.664,0.023,9.729,0.021,9.604,0.049,8.028,,Theia133,54.954087385762485,Kounkel2020,4267.0,0.696279,0.667
436154365,3.334430849895853e+18,83.9927590512028,7.70589560045747,4.41798,16.0777,20.242,0.166,,,14.465,0.039,13.799,0.029,13.629,0.038,17.3925,0.002082,18.9125,0.039155,16.1531,0.004726,13.417,0.026,13.251,0.033,12.419,,8.943,,Theia224,117.48975549395304,Kounkel2020,3299.0,0.3265,0.307051
436339955,3.334374362486195e+18,84.26042706657,7.51816126398466,3.30117,15.8133,20.145,0.164,18.0542,0.0493,14.32,0.03,13.635,0.033,13.369,0.039,16.9952,0.001431,18.2957,0.020919,15.8633,0.003178,13.326,0.025,13.168,0.029,12.191,,8.684,,Theia224,117.48975549395304,Kounkel2020,3470.0,0.447632,0.444018
435935370,3.334657933406697e+18,83.4216091420922,8.133074966871,3.54917,15.5818,19.294,0.164,17.8586,0.0486,14.046,0.023,13.402,0.022,13.142,0.037,16.781,0.001817,18.0878,0.01614,15.6337,0.009502,13.028,0.025,12.923,0.028,11.792,,8.952,,Theia224,117.48975549395304,Kounkel2020,3457.0,0.458466,0.455553
144728238,3.3344934146831964e+18,85.0759141377073,7.81359598400296,3.21949,16.294,,,18.8136,0.0695,14.761,0.036,14.135,0.048,13.917,0.057,17.5528,0.00249,19.0209,0.055599,16.3615,0.007742,13.728,0.027,13.533,0.035,11.867,,8.843,,Theia224,117.48975549395304,Kounkel2020,3349.0,0.377247,0.365587
284281885,3.333661947670602e+18,86.0400286301222,7.52614619347298,3.43506,13.8838,16.744,0.026,15.405,0.16,12.615,0.026,11.966,0.027,11.804,0.023,14.823,0.001293,15.7269,0.005875,13.8887,0.00288,11.711,0.023,11.667,0.022,11.976,0.328,9.072,,Theia224,117.48975549395304,Kounkel2020,3925.0,0.707422,0.66875
144611332,3.334355533349697e+18,84.5161267669325,7.32718364705026,3.35867,12.8102,14.502,0.016,13.567,0.103,11.992,0.021,11.527,0.021,11.473,0.026,13.3909,0.000394,13.8817,0.001878,12.7587,0.00197,11.395,0.023,11.461,0.021,11.172,0.159,8.755,,Theia224,117.48975549395304,Kounkel2020,5353.0,0.737356,0.93
144776774,3.334560484892748e+18,85.2956850832095,8.52759762768045,3.55182,12.2454,13.782,0.035,12.835,0.069,11.536,0.023,11.13,0.024,11.042,0.023,12.7696,0.001064,13.2077,0.004686,12.1992,0.004704,10.981,0.022,11.029,0.022,11.1,0.151,8.768,,Theia224,117.48975549395304,Kounkel2020,5431.39,0.850341,0.947
144667724,3.3348141671373025e+18,84.7768390026597,8.87452935336025,8.85564,13.0073,16.473,0.033,14.785,0.103,11.711,0.022,11.089,0.026,10.854,0.019,14.0542,0.00048,15.135,0.002856,13.0332,0.001956,10.73,0.023,10.664,0.021,10.522,0.094,8.619,,Theia370,213.79620895022325,Kounkel2020,3687.0,0.507623,0.505539
247484102,3.340409405715511e+18,85.771485097419,12.1745997179064,5.79022,15.4388,19.957,0.162,17.8682,0.0485,13.943,0.024,13.345,0.026,13.093,0.032,16.6691,0.001335,18.0937,0.017201,15.5016,0.003336,12.945,0.024,12.791,0.027,12.598,,8.963,,Theia370,213.79620895022325,Kounkel2020,3383.0,0.320587,0.300233
80570900,3.3371425161517814e+18,87.3073343481393,11.6656169008924,4.12806,14.3804,18.08,0.161,16.096,0.423,12.962,0.021,12.322,0.025,12.124,0.025,15.4593,0.000792,16.5857,0.003916,14.4112,0.002256,12.0,0.022,11.955,0.023,11.829,,8.935,,Theia370,213.79620895022325,Kounkel2020,3633.0,0.572459,0.565015
436248287,3.3379162673963674e+18,84.1840366182831,9.52416871275936,8.43122,14.7029,19.367,0.162,17.2558,0.0469,13.125,0.022,12.525,0.023,12.283,0.024,15.9731,0.001126,17.4561,0.010549,14.7732,0.001653,12.12,0.024,11.945,0.023,11.668,0.243,8.678,,Theia370,213.79620895022325,Kounkel2020,3337.0,0.320231,0.299822
144775698,3.3363391897653417e+18,85.2723176038746,9.36803803087939,4.1248,15.1866,19.328,0.164,17.4745,0.0479,13.73,0.027,13.133,0.031,12.825,0.033,16.3863,0.001394,17.7062,0.015621,15.2397,0.002824,12.692,0.024,12.591,0.027,12.344,0.528,8.571,,Theia370,213.79620895022325,Kounkel2020,3450.0,0.457089,0.454097
200594414,3.3400855308210924e+18,85.4238700852952,11.5931342797573,3.73637,14.5299,17.919,0.167,16.076,0.023,13.298,0.028,12.669,0.029,12.463,0.034,15.5089,0.000578,16.4551,0.004101,14.5403,0.001686,12.328,0.024,12.299,0.024,11.768,,8.234,,Theia370,213.79620895022325,Kounkel2020,3849.0,0.550626,0.545817
144609971,3.334588939052267e+18,84.5905654337387,8.48730982913308,5.23364,5.6536,7.915,0.018,6.71701,0.023,4.694,0.248,3.879,0.25,3.862,0.036,6.34498,0.000507356,7.00168,0.004169,5.61624,0.002335,3.849,0.309,3.62,0.192,3.811,0.014,3.722,0.022,Theia370,213.79620895022325,Kounkel2020,4534.0,16.6029,
309795862,3.336175293813293e+18,85.7547698296828,9.39060560621949,4.30455,13.967,16.98,0.087,15.376,0.103,12.717,0.027,12.026,0.03,11.846,0.029,14.8367,0.000901,15.7062,0.006304,13.8845,0.003211,11.697,0.024,11.707,0.022,11.501,0.219,8.562,,Theia370,213.79620895022325,Kounkel2020,4016.0,,
436158572,3.334876113449376e+18,83.9716624657209,9.0965377505342,6.58691,11.5305,12.592,0.525,12.061,0.036,10.658,0.027,10.2,0.024,10.057,0.024,12.1555,0.000339,12.7018,0.002096,11.4832,0.001144,9.947,0.023,10.017,0.021,9.967,0.066,8.679,,Theia370,213.79620895022325,Kounkel2020,4840.57,0.847912,0.786
144544001,3.33989597244222e+18,84.5556793499943,11.3800759001703,6.43163,11.3104,13.445,0.056,12.344,0.069,10.338,0.024,9.751,0.024,9.65,0.023,11.9867,0.001736,12.6034,0.006183,11.254,0.004913,9.582,0.023,9.615,0.019,9.517,0.042,8.301,,Theia370,213.79620895022325,Kounkel2020,4597.0,0.971193,0.727
156148272,3.3400306969767547e+18,86.2438398500982,11.3791519387675,6.79365,14.278,17.878,0.576,16.235,1.03,12.837,0.029,12.276,0.044,11.98,0.029,15.4365,0.000727,16.7175,0.004382,14.3258,0.003522,11.662,0.023,11.542,0.022,11.533,0.214,9.024,,Theia370,213.79620895022325,Kounkel2020,3493.0,0.422206,0.416306
144666438,3.336452370743223e+18,84.7974747112703,9.92055399869945,6.99246,9.56434,10.642,0.044,10.09,0.03,9.063,0.034,8.802,0.051,8.741,0.019,9.95128,0.000303,10.253,0.001511,9.51876,0.000972,8.688,0.022,8.731,0.019,8.713,0.028,8.689,0.485,Theia370,213.79620895022325,Kounkel2020,6100.88,1.13221,1.147
144543938,3.339900198690045e+18,84.4727589915903,11.431862569472,6.13171,11.9966,14.028,0.022,12.902,0.08,11.069,0.026,10.493,0.024,10.436,0.026,12.6492,0.000573,13.2397,0.002725,11.9428,0.001641,10.36,0.023,10.437,0.02,10.132,0.071,8.63,,Theia370,213.79620895022325,Kounkel2020,4657.0,0.712215,0.741
80567872,3.335855606510194e+18,87.3208460744104,9.64874339648167,4.63673,9.18683,9.794,0.051,9.456,0.004,8.875,0.027,8.734,0.044,8.681,0.023,9.40574,0.00048,9.57639,0.001392,9.14656,0.001839,8.641,0.022,8.653,0.021,8.632,0.029,8.887,0.526,Theia370,213.79620895022325,Kounkel2020,7486.0,1.56586,1.722
309795707,3.3361615499179617e+18,85.8054165861635,9.27836545550117,5.48567,14.6651,18.724,0.163,16.9668,0.0462,13.167,0.023,12.488,0.024,12.284,0.029,15.8605,0.000829,17.2075,0.005813,14.7201,0.002916,12.135,0.024,12.032,0.024,11.657,0.243,8.371,0.28,Theia370,213.79620895022325,Kounkel2020,3439.0,0.445639,0.441877
80570719,3.337134583349097e+18,87.2940906967544,11.5437165108198,3.60926,14.7489,18.471,0.161,16.075,0.561,13.429,0.021,12.751,0.032,12.619,0.029,15.7734,0.003082,16.8259,0.011918,14.7702,0.005317,12.462,0.025,12.404,0.024,11.761,0.269,8.737,,Theia379,177.82794100389228,Kounkel2020,3724.0,0.536795,0.533223
144699185,3.3396866529155016e+18,84.9106278947717,11.10847040453,2.16207,16.1734,19.775,0.168,18.1278,0.0517,14.699,0.038,14.003,0.042,13.681,0.047,17.2758,0.001191,18.3784,0.030676,16.2032,0.00625,13.626,0.027,13.527,0.036,12.415,,9.031,,Theia614,251.1886431509582,Kounkel2020,3633.0,0.544988,0.540725
156289311,3.337115646837465e+18,86.6201273297756,11.3044900368342,2.5631,16.2496,19.991,0.165,18.5024,0.0497,14.771,0.029,14.038,0.041,13.883,0.06,17.4386,0.001753,18.7378,0.022077,16.2998,0.004563,13.696,0.027,13.657,0.036,12.095,,8.921,,Theia614,251.1886431509582,Kounkel2020,3467.0,0.453106,0.449868
716143931,3.3402845467216164e+18,84.9543181899478,11.7098054217825,2.98976,15.7595,,,18.1048,0.0526,,,,,,,16.8724,0.002653,17.8377,0.024271,15.2091,0.013717,,,,,,,,,Theia614,251.1886431509582,Kounkel2020,,,
290176788,3.340112988549555e+18,85.5419070951539,11.7756552210293,2.13536,15.2709,19.099,0.165,17.2032,0.0465,13.803,0.03,13.078,0.029,12.845,0.036,16.3519,0.001014,17.4753,0.009544,15.3011,0.002966,12.772,0.025,12.713,0.027,12.145,0.382,9.015,,Theia614,251.1886431509582,Kounkel2020,3633.0,0.704412,0.666619
290176016,3.340004136898797e+18,85.504377368773,11.0475535915408,2.5888,12.6139,14.016,0.026,13.226,0.103,11.929,0.027,11.602,0.024,11.552,0.026,13.1035,0.000577,13.4955,0.002426,12.5572,0.001926,11.462,0.023,11.481,0.022,11.158,0.166,8.656,,Theia614,251.1886431509582,Kounkel2020,6134.0,0.861907,1.16
309908072,3.336591076709419e+18,85.7087851442286,10.5581338319436,2.36077,9.3453,9.727,0.047,9.468,0.004,9.025,0.023,8.925,0.024,8.864,0.025,9.47312,0.00035,9.60922,0.001706,9.26423,0.002824,8.796,0.023,8.809,0.02,8.732,0.03,8.657,0.432,Theia614,251.1886431509582,Kounkel2020,11344.0,2.41367,2.98
156148710,3.33701033423772e+18,86.2960849540401,11.0455991676433,2.53304,14.6209,17.304,0.064,15.878,0.309,13.463,0.026,12.822,0.024,12.647,0.029,15.4342,0.000647,16.2354,0.005587,14.5604,0.00302,12.553,0.024,12.61,0.026,12.074,0.506,8.923,,Theia614,251.1886431509582,Kounkel2020,4183.0,0.692764,0.654
200612144,3.3400684239691244e+18,85.6585112972938,11.4778716529754,2.19163,13.8402,15.918,0.078,14.755,0.16,12.839,0.026,12.355,0.028,12.225,0.026,14.4989,0.000745,15.0768,0.00349,13.7899,0.0022,12.18,0.024,12.245,0.024,12.234,0.419,8.523,,Theia614,251.1886431509582,Kounkel2020,5048.0,0.810173,0.842
156288677,3.336944707138653e+18,86.5842253466084,10.832563446906,3.32301,16.0501,19.898,0.168,18.1602,0.0501,14.617,0.04,13.972,0.035,13.654,0.046,17.1873,0.001476,18.4207,0.024432,16.0919,0.004272,13.673,0.027,13.59,0.035,12.001,,8.956,,Theia614,251.1886431509582,Kounkel2020,3531.0,0.404434,0.396477
156148080,3.34003461398674e+18,86.293579373914,11.5261044869529,3.44311,12.6678,14.288,0.055,13.338,0.183,11.834,0.023,11.384,0.022,11.308,0.025,13.2241,0.001151,13.6696,0.001827,12.5921,0.00209,11.212,0.024,11.236,0.02,11.105,0.147,8.241,,Theia614,251.1886431509582,Kounkel2020,5231.0,0.751178,0.892
156290730,3.340135047502382e+18,86.7243570522606,11.714322530202,2.59117,13.9491,13.809,0.064,14.9925,0.0463,12.937,0.029,12.408,0.03,12.268,0.026,14.6396,0.001488,15.2587,0.010891,13.8869,0.006291,,,,,,,,,Theia614,251.1886431509582,Kounkel2020,4661.0,0.719565,0.742
156290728,3.340135047502382e+18,86.7252663506739,11.7145696772299,2.68275,13.2321,14.657,0.032,13.693,0.103,12.406,0.055,11.989,0.065,11.868,0.054,13.8059,0.000757,14.29,0.003049,13.1768,0.00168,11.31,0.024,11.368,0.021,11.112,0.163,8.461,,Theia614,251.1886431509582,Kounkel2020,5138.56,0.785933,0.867
156148704,3.3370134652708285e+18,86.2063662687271,11.0513557746789,2.98058,13.2939,15.285,0.044,14.041,0.103,12.41,0.024,11.959,0.032,11.821,0.027,13.9331,0.001013,14.4966,0.005044,13.2433,0.002438,11.733,0.024,11.792,0.023,11.653,0.278,9.119,,Theia614,251.1886431509582,Kounkel2020,4930.0,0.758514,0.81
247588135,3.340234415865352e+18,86.402507949679,12.1853032912566,2.14039,15.2754,19.077,0.165,16.409,1.133,13.988,0.026,13.293,0.027,13.049,0.03,16.2424,0.001158,17.1839,0.007545,15.2842,0.003539,13.046,0.024,13.035,0.03,12.078,,8.469,,Theia614,251.1886431509582,Kounkel2020,3863.0,0.663317,0.637016
284996080,3.3408555712144737e+18,82.3390610908335,11.8585928217319,14.0755,14.3219,19.369,0.162,,,12.561,0.023,11.968,0.031,11.69,0.022,15.7112,0.001002,17.4949,0.007244,14.4228,0.002589,11.514,0.023,11.342,0.021,10.963,,8.203,,Theia1004,645.6542290346563,Kounkel2020,3149.0,0.262909,0.234959
436104746,3.340701841449628e+18,83.9098078809544,11.7925332040914,13.5094,15.5149,20.272,0.162,,,13.604,0.023,13.007,0.027,12.707,0.03,16.9846,0.001263,18.9851,0.03486,15.6367,0.002788,12.518,0.027,12.316,0.028,11.84,0.389,8.854,,Theia1004,645.6542290346563,Kounkel2020,3025.0,0.182604,0.152157
284913077,3.3382466706403384e+18,82.3789921571445,10.2370771505323,4.02358,14.5782,18.276,0.165,16.498,1.133,13.194,0.027,12.49,0.031,12.327,0.025,15.6886,0.000602,16.8437,0.004767,14.6132,0.002376,12.188,0.024,12.145,0.023,12.12,0.414,8.875,,Theia1348,676.0829753919818,Kounkel2020,3594.0,0.546588,0.542176
436155062,3.334375839954983e+18,84.0959854854082,7.47930511385142,4.94707,15.7154,,,,,14.016,0.029,13.369,0.035,13.092,0.033,17.065,0.002648,18.7073,0.065007,15.8024,0.006101,12.94,0.024,12.747,0.027,12.715,,8.527,,Theia1348,676.0829753919818,Kounkel2020,3228.0,0.363467,0.34975
435934556,3.334757645367165e+18,83.5059434245835,8.59830767322947,5.03202,14.3115,18.864,0.162,16.728,0.149,12.696,0.026,12.031,0.023,11.772,0.027,15.5768,0.001125,17.0533,0.009901,14.3812,0.004838,11.658,0.025,11.5,0.022,11.087,0.156,8.764,,Theia1348,676.0829753919818,Kounkel2020,3342.0,0.559185,0.553442
436098843,3.3398201404994565e+18,83.8187460181319,11.1226087892697,4.67701,11.9881,13.682,0.022,12.777,0.057,11.235,0.026,10.789,0.026,10.687,0.024,12.551,0.000397,13.0296,0.00252,11.9368,0.001173,10.624,0.023,10.678,0.021,10.657,0.095,8.631,,Theia1348,676.0829753919818,Kounkel2020,5163.0,0.771173,0.874
436153668,3.3378820064397967e+18,83.9372500887709,9.2253236156156,4.77983,11.7985,13.558,0.046,12.561,0.092,11.02,0.024,10.583,0.022,10.497,0.023,12.3749,0.00067,12.8691,0.002483,11.7495,0.00163,10.425,0.023,10.485,0.02,10.27,0.068,8.739,,Theia1348,676.0829753919818,Kounkel2020,5157.0,0.83995,0.872
200641704,3.339996818274651e+18,85.8285148677187,11.1273299655085,5.02556,12.1285,14.123,0.024,12.953,0.092,11.218,0.02,10.753,0.022,10.644,0.023,12.7687,0.000579,13.341,0.002051,12.0799,0.001535,10.575,0.023,10.652,0.02,10.673,0.095,8.608,,Theia1348,676.0829753919818,Kounkel2020,4819.0,0.785067,0.781
436105718,3.3347561335387853e+18,83.8177654579492,8.74133027129199,5.92637,15.3681,19.861,0.164,,,13.766,0.033,13.189,0.039,12.941,0.047,16.6815,0.001296,18.2648,0.019054,15.4484,0.003174,12.463,0.024,12.327,0.025,10.81,0.158,9.057,,Theia1348,676.0829753919818,Kounkel2020,3271.0,0.332965,0.314517
436158243,3.33465003066697e+18,83.9062987511888,8.13849765072615,5.11644,10.6328,12.0,0.184,11.264,0.013,10.027,0.026,9.747,0.022,9.631,0.019,11.0839,0.000898,11.4461,0.002843,10.5848,0.002225,9.589,0.023,9.625,0.021,9.597,0.044,8.481,,Theia1348,676.0829753919818,Kounkel2020,5985.77,0.977161,1.101
144696916,3.336345542019043e+18,84.8577180705804,9.28604722909063,4.35256,15.6967,19.385,0.166,18.0365,0.0488,14.227,0.033,13.683,0.03,13.38,0.037,16.9098,0.001146,18.2637,0.01835,15.7529,0.004946,13.247,0.026,13.164,0.031,12.334,0.482,8.8,,Theia1348,676.0829753919818,Kounkel2020,3426.0,0.361944,0.347995
156390637,3.3354657995749023e+18,86.9155925242232,9.28245196619585,5.49831,12.717,15.265,0.043,13.778,0.092,11.62,0.024,10.992,0.026,10.855,0.024,13.4841,0.000359,14.2281,0.001945,12.6603,0.001271,10.802,0.023,10.846,0.021,10.948,0.13,9.055,,Theia1348,676.0829753919818,Kounkel2020,4244.45,0.72716,0.664
127304775,3.3403726450924314e+18,85.139278176989,12.1841573503712,4.57044,15.5298,19.066,0.166,17.8169,0.0487,14.069,0.03,13.44,0.041,13.201,0.039,16.7231,0.00095,18.0562,0.01812,15.5832,0.005966,13.053,0.028,12.912,0.031,11.65,,8.301,,Theia1348,676.0829753919818,Kounkel2020,3447.0,0.371594,0.359101
200541095,3.3382738835531674e+18,83.1538229762996,10.5581218096944,4.87936,12.7723,14.822,0.026,13.667,0.08,11.734,0.022,11.186,0.023,11.051,0.022,13.4442,0.000302,14.0482,0.004277,12.7131,0.003964,10.962,0.023,10.999,0.02,10.697,0.106,8.831,,Theia1348,676.0829753919818,Kounkel2020,4658.0,0.643034,0.741
309793795,3.3336767910774574e+18,85.7345073842388,7.56648412155112,5.69102,16.396,20.537,0.167,18.9968,0.0595,14.83,0.043,14.194,0.043,13.87,0.061,17.6931,0.001399,19.1723,0.038982,16.467,0.009244,13.757,0.029,13.642,0.038,12.345,,8.447,,Theia1348,676.0829753919818,Kounkel2020,3326.0,0.241486,0.211704
80565133,3.3349686485206246e+18,87.3257411223787,7.67504404411085,5.74812,14.3746,18.54,0.163,16.9286,0.0466,12.782,0.033,12.171,0.038,11.937,0.034,15.6413,0.000856,17.1333,0.008504,14.4455,0.001782,11.722,0.026,11.586,0.025,11.953,0.466,7.914,,Theia1348,676.0829753919818,Kounkel2020,3334.0,0.483747,0.481764
144732406,3.3345213878068265e+18,85.0959786768919,8.17637498856367,5.05366,12.3281,14.361,0.052,13.187,0.08,11.387,0.023,10.896,0.024,10.779,0.025,12.9824,0.0009869999,13.5614,0.004004,12.2811,0.002724,10.695,0.021,10.726,0.02,10.558,0.096,8.468,,Theia1348,676.0829753919818,Kounkel2020,4855.09,0.763497,0.79
156195192,3.336264732212325e+18,86.3557760387855,9.58455622004734,4.93541,13.6278,16.661,0.049,15.207,0.16,12.43,0.026,11.778,0.022,11.588,0.026,14.5675,0.000797,15.4744,0.003782,13.6331,0.001948,11.495,0.023,11.503,0.022,11.531,0.253,8.152,,Theia1348,676.0829753919818,Kounkel2020,3922.0,0.599253,0.587479
80565130,3.3349686442256466e+18,87.3249933523039,7.67369396419324,5.46867,16.0213,,,,,14.339,0.033,13.789,0.057,13.457,0.049,17.3385,0.001379,18.8707,0.042109,16.0978,0.006766,13.413,0.063,13.202,0.063,12.017,0.494,8.353,,Theia1348,676.0829753919818,Kounkel2020,3292.0,0.292879,0.268513
435931489,3.334658277004073e+18,83.5045632997806,8.09888965867551,2.74001,14.9403,17.381,0.065,16.179,0.195,13.685,0.026,13.0,0.022,12.898,0.029,15.7749,0.000699,16.5877,0.011318,14.8853,0.002328,12.772,0.026,12.763,0.029,12.414,0.454,8.903,,Theia1363,1318.2567385564048,Kounkel2020,4286.0,0.55645,0.67
144614380,3.3344092719802573e+18,84.6312126341145,7.7972224621113,1.09172,13.1303,14.478,0.015,13.711,0.092,12.392,0.024,12.085,0.024,11.973,0.026,13.6178,0.000282,14.0011,0.00151,13.0675,0.000781,11.924,0.024,11.932,0.023,12.284,0.467,8.652,,Theia1563,1905.4607179632444,Kounkel2020,6248.78,1.4811,1.21
436153502,3.3348496263872266e+18,83.9221786307036,8.77601208882247,1.02754,12.8213,,,13.557,0.114,12.004,0.029,11.66,0.027,11.535,0.029,13.3604,0.000332,13.7963,0.00129,12.7604,0.000982,11.46,0.043,11.449,0.038,11.727,0.34,8.872,,Theia1563,1905.4607179632444,Kounkel2020,5805.0,2.12906,1.04
715714402,3.334706277558584e+18,83.3357864869461,8.1946414582127,1.11452,15.3799,,,16.3396,0.0472,,,,,,,16.0266,0.001323,16.1043,0.015227,14.8179,0.019148,,,,,,,,,Theia1563,1905.4607179632444,Kounkel2020,,,
200521132,3.3342188159501885e+18,82.949866342449,7.3744254038414,1.46394,16.2908,19.602,0.173,17.758,0.0462,15.102,0.05,14.298,0.054,13.997,0.056,17.1654,0.001222,18.0405,0.007833,16.2382,0.004929,14.095,0.03,14.089,0.042,12.397,,8.264,,Theia1563,1905.4607179632444,Kounkel2020,4145.0,0.611591,0.65
200546253,3.334706277558584e+18,83.3357864869461,8.1946414582127,1.11452,15.3799,,,16.3396,0.0472,13.777,0.03,13.256,0.034,13.173,0.04,16.0266,0.001323,16.1043,0.015227,14.8179,0.019148,12.992,0.025,13.075,0.029,11.918,,8.364,,Theia1563,1905.4607179632444,Kounkel2020,,,
144614140,3.334368658769731e+18,84.6112190051116,7.54940528484083,1.2604,14.3044,15.896,0.054,14.977,0.115,13.509,0.03,13.116,0.03,12.97,0.034,14.8499,0.000353,15.2915,0.002013,14.2421,0.001362,12.913,0.024,12.941,0.028,12.128,0.476,8.807,0.49,Theia1563,1905.4607179632444,Kounkel2020,5631.0,0.902579,1.0
127105193,3.3403485589159834e+18,84.7330446870988,12.024114039982,1.49655,13.6804,15.434,0.065,14.591,0.137,12.799,0.023,12.406,0.023,12.313,0.019,14.2786,0.000442,14.7736,0.00253,13.6203,0.001187,12.239,0.023,12.253,0.024,11.996,,8.822,,Theia1563,1905.4607179632444,Kounkel2020,5758.0,1.0849,1.03
436157904,3.3339902893304453e+18,83.8920185305228,7.23341260084885,1.7175,11.9364,13.193,0.019,12.613,0.103,11.238,0.024,10.938,0.026,10.878,0.023,12.398,0.000253,12.7557,0.00191,11.873,0.00319,10.783,0.023,10.811,0.02,10.883,0.113,8.86,,Theia1563,1905.4607179632444,Kounkel2020,6079.43,1.72748,1.14
144546889,3.334831209567544e+18,84.571306398439,8.98945188655666,1.18382,15.7959,17.66,0.072,16.81,0.481,14.693,0.036,14.193,0.04,13.908,0.061,16.5135,0.000989,17.1551,0.009185,15.743,0.004105,13.978,0.029,14.049,0.042,12.422,,8.706,,Theia1563,1905.4607179632444,Kounkel2020,4863.0,0.67418,0.79
200600520,3.333572921587868e+18,85.5724792503866,7.35345449017603,1.8244,14.6949,16.77,-0.087,15.621,0.355,13.658,0.029,13.036,0.029,12.922,0.034,15.434,0.000501,16.0964,0.003481,14.6483,0.001531,12.837,0.025,12.886,0.026,12.505,,8.921,,Theia1563,1905.4607179632444,Kounkel2020,5010.0,0.738976,0.83
436097892,3.334062857097604e+18,83.7188313374467,7.52602123208177,1.54991,15.2463,17.738,0.0,16.492,0.263,14.043,0.026,13.496,0.03,13.33,0.036,16.0258,0.00103,16.7451,0.010471,15.2012,0.002987,13.216,0.025,13.243,0.031,12.026,0.386,8.632,0.419,Theia1563,1905.4607179632444,Kounkel2020,4720.0,0.74245,0.76
144778018,3.333625869944508e+18,85.2844409882821,7.46003743366093,1.2325,15.074,17.504,0.0,16.119,0.24,13.905,0.027,13.205,0.021,13.102,0.037,15.8621,0.000937,16.6017,0.006296,15.0312,0.002545,13.06,0.026,13.103,0.029,11.915,,8.876,,Theia1563,1905.4607179632444,Kounkel2020,4603.0,1.03322,0.73
144700521,3.340294785925419e+18,84.9992257641524,11.8546764936914,1.0211,14.9112,16.614,0.068,15.965,0.16,13.916,0.026,13.446,0.028,13.377,0.033,15.5736,0.001033,16.137,0.003983,14.8499,0.002892,13.3,0.026,13.279,0.032,12.358,,8.863,,Theia1563,1905.4607179632444,Kounkel2020,5274.0,1.02741,0.9
156386099,3.337124859543304e+18,86.7924090342458,11.5041519761522,1.60687,13.5928,15.487,0.048,14.387,0.114,12.692,0.027,12.261,0.023,12.15,0.026,14.2279,0.000432,14.7672,0.002031,13.5393,0.000999,12.069,0.024,12.115,0.023,12.133,,8.525,,Theia1563,1905.4607179632444,Kounkel2020,5566.0,1.12899,0.98
436153363,3.334671707364502e+18,84.0928729503193,8.18405783293792,1.08796,14.643,16.403,0.031,15.424,0.057,13.745,0.028,13.327,0.029,13.256,0.036,15.2344,0.000836,15.7252,0.003519,14.5815,0.002178,13.153,0.026,13.156,0.031,12.343,0.505,8.849,,Theia1563,1905.4607179632444,Kounkel2020,5386.0,0.974979,0.93
156144115,3.3362541837727427e+18,86.1345287362763,9.3828546006582,2.06464,11.4708,13.03,0.047,12.167,0.069,10.7,0.022,10.4,0.023,10.261,0.021,11.9997,0.000199,12.4336,0.00203,11.4179,0.001063,10.183,0.022,10.212,0.02,10.182,0.07,8.926,,Theia1563,1905.4607179632444,Kounkel2020,5743.0,1.982,1.026
156143401,3.3360774372787425e+18,86.1547841487751,8.74529904512571,1.4216,15.9366,19.129,0.168,17.6743,0.0481,14.428,0.035,13.717,0.034,13.554,0.054,16.9075,0.001447,17.9134,0.019561,15.8533,0.00329,13.428,0.027,13.433,0.033,12.461,,8.95,,Theia1563,1905.4607179632444,Kounkel2020,3951.0,0.838191,0.62
156143419,3.336077471638474e+18,86.1656370544127,8.76494472479431,1.00789,13.361,14.753,0.03,13.936,0.149,12.595,0.023,12.34,0.021,12.233,0.025,13.8534,0.000357,14.2442,0.001915,13.3012,0.001275,12.177,0.024,12.194,0.024,12.399,0.497,8.412,,Theia1563,1905.4607179632444,Kounkel2020,5976.0,1.56304,1.1
156352913,3.3352516353263104e+18,86.6676633495492,8.35126513122193,1.2526,14.0961,15.859,0.034,14.862,0.149,13.174,0.029,12.742,0.023,12.637,0.03,14.7028,0.00047,15.2102,0.00513,14.0371,0.001757,12.538,0.024,12.555,0.026,11.801,,9.029,,Theia1563,1905.4607179632444,Kounkel2020,5445.0,1.11023,0.95
156188723,3.335271357816227e+18,86.2419143317124,8.2592827618734,1.0433,13.1947,15.164,0.064,14.032,0.16,12.212,0.022,11.726,0.022,11.601,0.023,13.8503,0.000396,14.421,0.001832,13.142,0.000977,11.54,0.023,11.585,0.022,12.204,0.436,8.848,,Theia1563,1905.4607179632444,Kounkel2020,5094.0,2.23837,
200601827,3.333772586027772e+18,85.6460496045515,7.97645695469961,1.18061,15.0757,16.574,0.072,16.0039,0.0459,14.112,0.035,13.645,0.03,13.577,0.044,15.713,0.000732,16.2609,0.0053,15.0244,0.002251,13.461,0.026,13.526,0.034,12.394,0.443,9.016,,Theia1563,1905.4607179632444,Kounkel2020,5309.0,0.79484,0.91
436153161,3.334454180158177e+18,83.9520921233043,7.91736720351953,1.24639,15.9766,,,17.2067,0.0464,14.839,0.045,14.155,0.04,13.931,0.052,16.7556,0.001031,17.4842,0.012359,15.9218,0.0037,13.937,0.028,14.047,0.041,12.506,,8.735,,Theia1563,1905.4607179632444,Kounkel2020,4508.0,0.673529,0.71
200592372,3.336386056448636e+18,85.3789070925214,9.68546943014798,1.52707,11.9751,13.31,0.085,12.601,0.092,11.228,0.022,10.905,0.021,10.845,0.022,12.4648,0.000198,12.8547,0.003267,11.9168,0.001121,10.77,0.023,10.772,0.02,10.509,0.098,8.861,,Theia1563,1905.4607179632444,Kounkel2020,6031.0,1.95857,1.12
200602342,3.3337805188325115e+18,85.6255253161159,8.21078609013068,1.89537,15.9309,19.549,0.17,17.4795,0.0466,14.691,0.044,13.979,0.042,13.763,0.055,16.8719,0.001285,17.7596,0.011977,15.9336,0.004347,13.721,0.028,13.828,0.039,12.283,,8.772,,Theia1563,1905.4607179632444,Kounkel2020,3938.0,0.579536,0.571062
290176990,3.340312275032415e+18,85.483321396503,11.9911751483917,1.78172,13.7657,15.501,0.026,14.696,0.16,12.86,0.025,12.44,0.026,12.366,0.035,14.367,0.000345,14.8701,0.001718,13.7084,0.00168,12.275,0.025,12.305,0.025,11.769,,8.909,,Theia1563,1905.4607179632444,Kounkel2020,5525.05,0.891076,0.97
80570923,3.337145505449035e+18,87.3059178566366,11.6785945711036,1.44879,15.8741,18.598,0.052,17.077,0.0463,14.796,0.038,14.069,0.043,13.931,0.052,16.6425,0.001044,17.3546,0.007795,15.8229,0.007877,13.876,0.027,14.045,0.046,12.114,,8.907,,Theia1563,1905.4607179632444,Kounkel2020,4601.0,0.594683,0.73
144698503,3.339584638852596e+18,84.9566919409753,10.5689938148808,0.237351,15.2043,17.798,0.066,16.303,0.217,13.996,0.03,13.354,0.034,13.208,0.035,15.9922,0.000706,16.7217,0.002461,15.1619,0.001923,13.1,0.025,13.183,0.03,12.514,,8.595,,Theia2962,158.4893192461111,Kounkel2020,4733.0,4.11543,
200593115,3.336567097909755e+18,85.4295000397452,10.3757163350396,0.772832,16.3704,17.888,0.092,17.3279,0.0464,15.341,0.066,14.74,0.083,14.731,0.121,17.0241,0.001286,17.554,0.013451,16.2882,0.007916,14.604,0.032,14.613,0.065,12.191,,8.325,,Theia2962,158.4893192461111,Kounkel2020,5496.0,0.666805,0.96
200602941,3.3345456758451087e+18,85.6245541714851,8.49163992585627,1.03143,15.9793,17.745,0.079,17.0858,0.0461,14.868,0.047,14.481,0.056,14.305,0.08,16.703,0.001082,17.3512,0.009152,15.9187,0.003933,14.16,0.03,14.233,0.05,11.958,,9.0,,Theia2962,158.4893192461111,Kounkel2020,4730.0,0.728143,0.76
200593480,3.3396015094840064e+18,85.3418472977694,10.7073218032274,0.629179,14.483,16.865,0.0,15.636,0.126,13.38,0.029,12.878,0.03,12.772,0.037,15.2067,0.000624,15.8405,0.00346,14.4305,0.001189,12.646,0.024,12.656,0.026,12.287,0.539,8.091,,Theia2962,158.4893192461111,Kounkel2020,5225.0,2.18928,
290174009,3.336140899715295e+18,85.5233518692017,9.13465085063911,0.482386,15.7122,17.555,0.037,16.445,1.133,14.834,0.032,14.341,0.059,14.286,0.083,16.311,0.000927,16.8099,0.005724,15.651,0.003009,14.26,0.029,14.396,0.052,12.089,,8.549,,Theia2962,158.4893192461111,Kounkel2020,5358.0,1.30545,0.93
156285929,3.335317777822613e+18,86.5489517353655,8.73619614394961,0.367858,13.7196,15.012,0.042,14.284,0.08,12.992,0.026,12.72,0.022,12.665,0.029,14.1898,0.000339,14.5549,0.002355,13.6549,0.001011,12.596,0.024,12.599,0.026,11.863,,8.933,,Theia2962,158.4893192461111,Kounkel2020,6180.0,3.30041,1.18
156193714,3.3352779205262275e+18,86.3082011254737,8.34701441012105,0.416829,14.3825,16.56,0.091,15.383,0.092,13.3,0.03,12.75,0.026,12.623,0.029,15.0743,0.001316,15.6598,0.004313,14.3033,0.002554,12.578,0.023,12.608,0.027,12.348,,8.689,,Theia2962,158.4893192461111,Kounkel2020,4955.0,3.28737,
144734406,3.336441994102192e+18,85.1332545876379,9.86453987707406,0.476726,14.9681,16.47,0.016,15.574,0.252,14.153,0.029,13.868,0.038,13.805,0.053,15.503,0.000649,15.9297,0.003399,14.9023,0.001802,13.681,0.026,13.749,0.038,12.048,,8.854,,Theia2962,158.4893192461111,Kounkel2020,5876.0,1.62685,1.06
309796287,3.33646848546105e+18,85.6998210975141,9.72781908591423,0.527328,15.6628,17.141,0.084,16.31,0.172,14.837,0.055,14.53,0.066,14.419,0.101,16.2135,0.001048,16.6593,0.004085,15.6006,0.003899,14.189,0.029,14.277,0.049,11.911,,8.591,,Theia2962,158.4893192461111,Kounkel2020,5818.0,1.1061,1.05
144666985,3.3363972534254674e+18,84.8329060702487,9.46700954562645,0.537226,14.8732,16.315,0.0,15.6,0.206,14.062,0.026,13.857,0.031,13.714,0.044,15.3768,0.000718,15.7693,0.003548,14.8011,0.002284,13.64,0.026,13.64,0.036,12.462,0.495,8.345,,Theia2962,158.4893192461111,Kounkel2020,6353.0,1.42271,1.26
200639652,3.336160446109665e+18,85.844504076493,9.23956145753053,0.517695,11.9717,12.691,0.464,12.258,0.033,11.477,0.026,11.402,0.024,11.29,0.023,12.2151,0.000304,12.392,0.001985,11.9003,0.002372,11.261,0.023,11.286,0.021,11.469,0.231,9.065,,Theia2962,158.4893192461111,Kounkel2020,8393.92,3.48473,2.08
156286312,3.3354326724918927e+18,86.6406519413721,9.03242220632633,0.456779,15.2991,17.103,0.049,16.008,0.183,14.322,0.029,13.896,0.042,13.839,0.05,15.9413,0.000863,16.4786,0.011953,15.2354,0.004225,13.773,0.028,13.767,0.038,11.821,,8.659,,Theia2962,158.4893192461111,Kounkel2020,6342.0,1.65811,1.26
144666041,3.339481112960826e+18,84.7274947811794,10.2412619221701,0.675597,12.9467,14.256,0.039,13.559,0.126,12.168,0.023,11.907,0.021,11.817,0.021,13.414,0.000295,13.7756,0.002399,12.88,0.001481,11.772,0.023,11.778,0.023,11.515,0.213,8.828,,Theia2962,158.4893192461111,Kounkel2020,6317.0,2.64316,1.24
200639419,3.3361476685837066e+18,85.8447474815436,9.04856782953337,0.314909,16.0509,17.707,-0.21,16.513,1.133,15.173,0.067,15.021,0.102,14.849,0.146,16.5567,0.000914,16.9547,0.012997,15.985,0.005107,14.846,0.034,14.922,0.072,12.48,,8.569,,Theia2962,158.4893192461111,Kounkel2020,5882.0,1.29202,1.07
144703016,3.3364372180985626e+18,85.0802774502338,9.88946412087467,0.514813,15.2286,16.395,0.092,15.703,0.206,14.242,,14.278,0.073,14.281,0.098,15.6951,0.000653,16.0562,0.005258,15.1622,0.002337,13.642,0.027,13.654,0.038,12.402,,8.599,,Theia2962,158.4893192461111,Kounkel2020,6304.0,1.19111,1.24
200592888,3.3365425994163343e+18,85.4046805626016,10.1617938467599,0.894157,15.5398,17.339,0.075,16.659,1.133,14.498,0.04,13.955,0.045,13.846,0.064,16.2482,0.001016,16.8738,0.006858,15.4886,0.004665,13.81,0.027,13.847,0.038,12.515,,8.629,,Theia2962,158.4893192461111,Kounkel2020,5051.0,0.959623,0.84
156145518,3.3365335628051994e+18,86.1328293932075,10.4624545522358,0.40354,15.6504,17.481,-0.157,16.375,1.133,14.796,0.038,14.324,0.053,14.341,0.079,16.2372,0.000918,16.7151,0.009756,15.5844,0.004387,14.247,0.029,14.235,0.05,11.876,,8.12,,Theia2962,158.4893192461111,Kounkel2020,5729.0,1.50503,1.02
144697360,3.33640983338717e+18,84.8508582818453,9.65592628100986,0.428543,16.2627,17.858,0.091,17.1339,0.0461,15.488,0.064,14.992,0.073,14.78,0.112,16.8702,0.000947,17.3681,0.009785,16.1958,0.005768,14.714,0.037,14.796,0.075,11.821,,8.855,,Theia2962,158.4893192461111,Kounkel2020,5655.0,1.10023,1.0
309795995,3.3361811006089595e+18,85.7406433756951,9.49714045788021,0.456104,14.512,15.789,0.025,15.207,0.217,13.87,0.029,13.604,0.037,13.571,0.047,14.9718,0.000508,15.3254,0.002476,14.4444,0.001355,13.402,0.026,13.48,0.035,11.821,,8.567,,Theia2962,158.4893192461111,Kounkel2020,6343.0,1.83963,1.26
309796156,3.3363701478894536e+18,85.7426882210424,9.6186186589935,0.395754,14.6745,16.683,0.103,15.595,0.115,13.695,0.024,13.165,0.028,13.1,0.043,15.3453,0.000837,15.925,0.002804,14.617,0.004063,12.997,0.026,13.003,0.029,12.314,,8.466,,Theia2962,158.4893192461111,Kounkel2020,5125.0,2.88038,
200640318,3.336477212834523e+18,85.8476329533336,9.86930710657106,0.391284,15.7993,17.108,0.085,16.435,0.172,15.027,0.057,14.66,0.074,14.546,0.107,16.3427,0.001005,16.7801,0.00696,15.7357,0.002985,14.572,0.033,14.706,0.069,11.827,,8.867,,Theia2962,158.4893192461111,Kounkel2020,5950.0,1.32089,1.09
309795834,3.336175018935385e+18,85.7816802035616,9.36979991541035,0.432023,15.5691,16.989,0.008,16.111,0.218,14.805,0.048,14.435,0.055,14.533,0.101,16.0471,0.000829,16.4157,0.012849,15.4999,0.001933,14.307,0.03,14.465,0.055,11.961,,8.866,,Theia2962,158.4893192461111,Kounkel2020,6205.0,1.21977,1.19
156186863,3.336286271471204e+18,86.1809922464083,9.81824786000371,0.672952,10.9587,13.374,0.059,12.039,0.057,9.81,0.024,9.223,0.025,9.033,0.022,11.7154,0.000258,12.4164,0.001564,10.9223,0.000794,8.96,0.023,9.043,0.021,8.945,0.031,8.826,0.494,Theia2962,158.4893192461111,Kounkel2020,4789.0,11.519,
156352582,3.335265138703425e+18,86.7412468367959,8.60310748384499,0.976708,15.089,17.074,0.082,15.924,0.252,14.188,0.03,13.693,0.022,13.65,0.038,15.7285,0.00104,16.2795,0.004873,15.0348,0.003644,13.559,0.027,13.587,0.035,11.91,,9.0,,Theia2962,158.4893192461111,Kounkel2020,5159.0,0.968739,0.87
144774113,3.339577423307443e+18,85.260460697177,10.6478099926431,0.406478,15.1012,16.709,0.12,15.901,0.16,14.338,0.029,13.915,0.034,13.83,0.048,15.6707,0.000755,16.1332,0.002874,15.0369,0.002191,13.763,0.028,13.749,0.038,11.997,0.358,8.971,,Theia2962,158.4893192461111,Kounkel2020,6046.0,1.83947,1.12
156390220,3.336231437626025e+18,86.9305845234345,9.59756588055843,0.754439,12.52,13.409,0.041,12.881,0.092,11.942,0.024,11.768,0.022,11.746,0.026,12.8384,0.000347,13.0801,0.002094,12.4434,0.001068,11.645,0.024,11.649,0.022,11.398,0.211,8.338,,Theia2962,158.4893192461111,Kounkel2020,8327.44,2.07857,2.05
156187071,3.336279506899841e+18,86.1898594462247,9.64885998520954,0.46212,14.5436,,,15.219,0.08,13.753,0.035,13.547,0.054,13.405,0.051,15.043,0.000502,15.4308,0.005173,14.4723,0.001691,12.972,0.034,12.91,0.038,11.713,,8.525,,Theia2962,158.4893192461111,Kounkel2020,6230.0,1.90317,1.2
200592253,3.336366776338735e+18,85.440956488211,9.58056738757193,0.926329,11.0223,13.431,0.062,12.054,0.069,9.862,0.021,9.255,0.021,9.076,0.021,11.7673,0.00019,12.459,0.00242,10.9816,0.000717,9.002,0.022,9.089,0.02,8.981,0.033,8.681,,Theia2962,158.4893192461111,Kounkel2020,4695.0,8.19506,
284284721,3.336285038817724e+18,86.0358832498537,9.76545189772527,0.442313,15.3557,16.865,0.043,15.896,0.138,14.526,0.033,14.296,0.05,14.15,0.068,15.8487,0.000853,16.235,0.006255,15.2899,0.003735,14.131,0.029,14.18,0.047,12.408,,8.896,,Theia2962,158.4893192461111,Kounkel2020,6171.0,1.35051,1.18
144775512,3.3363769468217697e+18,85.2392436164533,9.5228389365235,0.288948,15.7124,17.322,0.0,16.374,0.378,14.953,0.036,14.531,0.046,14.417,0.087,16.2039,0.000928,16.586,0.007942,15.6444,0.004108,14.513,0.033,14.6,0.061,12.601,,8.634,,Theia2962,158.4893192461111,Kounkel2020,6064.0,1.60498,1.13
309794724,3.3360418062301727e+18,85.7622517263815,8.43644186334952,0.475809,15.3848,16.866,0.044,16.019,0.252,14.525,0.03,14.26,0.053,14.089,0.073,15.8994,0.000861,16.2988,0.005905,15.3111,0.003007,14.028,0.029,14.102,0.045,12.085,,8.722,,Theia2962,158.4893192461111,Kounkel2020,6105.0,1.28694,1.15
200605555,3.336469584972677e+18,85.6551798195195,9.768966548733,0.484023,14.8648,16.104,0.075,15.458,0.115,14.157,0.03,13.966,0.046,13.871,0.053,15.297,0.000693,15.622,0.005766,14.7883,0.002035,13.772,0.026,13.731,0.036,11.927,,8.857,,Theia2962,158.4893192461111,Kounkel2020,6767.0,1.41056,1.45
156239725,3.3368872963119616e+18,86.4026158206993,10.2766541869553,0.482804,14.2024,15.686,0.081,14.933,0.126,13.446,0.029,13.13,0.022,13.019,0.037,14.7139,0.000469,15.1178,0.00268,14.1365,0.002613,12.974,0.024,13.007,0.031,12.295,0.441,9.055,,Theia2962,158.4893192461111,Kounkel2020,6034.0,2.19761,1.12
156193618,3.3352294045758776e+18,86.3493090206453,8.26309331511073,0.475586,14.8702,16.5,0.0,15.568,0.137,14.066,0.035,13.715,0.034,13.653,0.042,15.3836,0.000659,15.7867,0.004879,14.8017,0.002933,13.585,0.027,13.662,0.037,12.481,,8.558,,Theia2962,158.4893192461111,Kounkel2020,6012.0,1.63407,1.11
284283910,3.3361086702808627e+18,86.0325784339127,9.13651932954505,0.507258,14.0366,14.918,0.023,14.422,0.16,13.51,0.03,13.403,0.031,13.33,0.035,14.3406,0.000545,14.5689,0.005223,13.9685,0.001508,13.245,0.025,13.315,0.031,12.575,,8.988,,Theia2962,158.4893192461111,Kounkel2020,7538.0,1.64278,1.74
156244357,3.336322009896045e+18,86.4431907267555,10.1233904774626,0.601385,16.3795,17.767,0.082,17.3328,0.0462,15.343,0.052,15.118,0.077,14.944,0.143,17.0295,0.001185,17.5809,0.008279,16.3163,0.009057,14.808,0.036,14.894,0.078,12.586,,8.904,,Theia2962,158.4893192461111,Kounkel2020,5196.0,0.86452,0.88
156188464,3.3352959937485967e+18,86.2297426406091,8.47309648302417,0.46229,15.6433,17.035,0.049,16.039,0.298,14.892,0.048,14.82,0.077,14.653,0.089,16.1119,0.000732,16.478,0.012737,15.5798,0.002856,14.56,0.032,14.65,0.06,11.929,,9.106,,Theia2962,158.4893192461111,Kounkel2020,6321.0,1.08747,1.25
156143644,3.336084962061408e+18,86.1298957622567,8.94774063382296,0.625541,16.2953,17.615,0.09,17.1655,0.0465,15.492,0.064,14.831,0.084,14.82,0.109,16.902,0.001273,17.4151,0.017278,16.2432,0.005262,14.841,0.035,15.059,0.081,12.157,,8.623,,Theia2962,158.4893192461111,Kounkel2020,5535.0,0.785188,0.97
156358871,3.3354093422292e+18,86.8104702604149,8.75677511746159,0.41639,14.6836,16.158,0.035,15.173,0.058,13.915,0.036,13.587,0.035,13.532,0.044,15.2085,0.000519,15.6271,0.003821,14.6193,0.002787,13.412,0.029,13.418,0.035,12.054,,8.679,0.438,Theia2962,158.4893192461111,Kounkel2020,6026.0,2.05465,1.12
156428714,3.335046262873338e+18,87.0679808662368,8.17619247147458,0.858151,11.934,12.571,0.468,12.171,0.033,11.474,0.024,11.387,0.022,11.317,0.024,12.1727,0.000274,12.3479,0.001502,11.8682,0.001004,11.226,0.024,11.24,0.02,10.972,0.137,8.943,,Theia2962,158.4893192461111,Kounkel2020,7812.0,2.40301,1.85
156500387,3.3366076767613583e+18,87.2372335749255,9.71796007386993,0.577326,14.4449,15.897,0.04,15.218,0.137,13.63,0.027,13.391,0.027,13.204,0.037,14.9563,0.000627,15.357,0.003835,14.3754,0.003149,13.189,0.025,13.191,0.031,12.036,,8.917,,Theia2962,158.4893192461111,Kounkel2020,6131.0,1.65433,1.16
200605512,3.336469344454512e+18,85.6606968854632,9.74939408943203,0.36373,15.4096,16.212,0.077,16.118,0.355,14.698,0.046,14.441,0.056,14.263,0.07,15.8601,0.000909,16.2072,0.005584,15.3421,0.004924,14.363,0.031,14.444,0.057,12.337,,8.856,,Theia2962,158.4893192461111,Kounkel2020,6517.0,1.44886,1.34
200639816,3.336163680221696e+18,85.923806367161,9.3668429139565,0.88483,13.5062,14.77,0.052,14.026,0.137,12.784,0.028,12.603,0.028,12.509,0.03,13.9455,0.000596,14.282,0.002629,13.4363,0.002754,12.424,0.023,12.442,0.026,12.543,,8.964,,Theia2962,158.4893192461111,Kounkel2020,6666.0,1.502,1.41
290175059,3.3365439050867026e+18,85.5559898581565,10.0970779076206,1.22069,14.7978,16.738,0.014,15.705,0.137,13.795,0.027,13.309,0.03,13.339,0.045,15.46,0.000533,16.0244,0.006369,14.742,0.001751,13.168,0.025,13.197,0.031,12.441,,8.582,,Theia2962,158.4893192461111,Kounkel2020,5503.0,0.888444,0.97
156194327,3.335334614094274e+18,86.3883861793688,8.8420674802939,0.4061,15.4701,16.228,0.072,15.866,0.435,14.617,0.038,14.195,0.063,14.035,0.061,16.0431,0.000947,16.508,0.005616,15.4036,0.002713,13.872,0.033,13.887,0.043,10.459,0.134,7.505,0.245,Theia2962,158.4893192461111,Kounkel2020,5601.0,1.6038,0.99
200593143,3.336567368492141e+18,85.4042446029244,10.4005205187434,0.70771,16.209,15.049,0.084,17.094,0.0463,15.371,0.07,14.926,0.094,14.713,0.106,16.824,0.000971,17.3297,0.012119,16.1422,0.007412,,,,,,,,,Theia2962,158.4893192461111,Kounkel2020,5623.0,0.730478,1.0
290173728,3.336118565885434e+18,85.4585643909122,8.87508158949144,0.298583,16.2238,16.67,0.099,16.8866,0.046,15.412,0.078,15.144,0.101,14.741,0.124,16.7113,0.001003,17.0814,0.007394,16.1469,0.003979,15.109,0.039,15.13,0.089,12.46,,8.878,,Theia2962,158.4893192461111,Kounkel2020,6187.0,1.19929,1.18
156383623,3.336247449264076e+18,86.8813642542809,9.75645842247353,0.395937,13.7749,15.257,0.043,14.624,0.126,12.886,0.026,12.574,0.023,12.479,0.03,14.3228,0.000416,14.7612,0.001805,13.7058,0.00159,12.228,0.024,12.247,0.024,11.97,0.388,8.637,,Theia2962,158.4893192461111,Kounkel2020,6285.0,3.35351,1.23
156501371,3.335443465745109e+18,87.2260256900394,9.02371674859823,0.575303,16.3294,17.271,0.082,17.201,0.0461,15.409,0.053,14.955,0.065,14.837,0.108,16.9372,0.000981,17.4523,0.00893,16.2798,0.005525,14.88,0.036,15.05,0.087,12.161,,8.777,,Theia2962,158.4893192461111,Kounkel2020,5713.0,0.826091,1.02
156431745,3.3367179371613e+18,87.1317414356857,10.4327644000807,0.775742,15.5822,,,16.445,0.309,14.526,0.052,14.207,0.086,14.034,0.081,16.1921,0.000801,16.6935,0.006499,15.5167,0.002921,,,,,,,,,Theia2962,158.4893192461111,Kounkel2020,5701.0,0.880582,1.02
156386629,3.3401633942864835e+18,86.7995016172773,11.8934297390312,1.01847,14.5729,16.291,0.115,15.289,0.126,13.691,0.029,13.345,0.036,13.272,0.035,15.1501,0.000501,15.6263,0.005589,14.5147,0.001713,13.213,0.025,13.224,0.032,11.942,,8.34,,Theia3018,162.1810097358933,Kounkel2020,5776.0,1.01698,1.04
156290255,3.340181708027047e+18,86.5601124803561,12.0381905340594,1.41321,14.3037,15.962,0.108,15.322,0.103,13.376,0.027,13.001,0.029,12.904,0.038,14.9264,0.000484,15.457,0.001541,14.2503,0.00116,12.76,0.024,12.784,0.026,12.121,,8.806,,Theia3018,162.1810097358933,Kounkel2020,5351.0,0.926351,0.93
247587910,3.340205824265092e+18,86.3994748506308,12.0310773744946,1.08089,16.0129,17.979,0.078,16.828,1.133,14.904,0.046,14.286,0.057,14.085,0.071,16.7841,0.000924,17.51,0.01425,15.9792,0.00434,13.941,0.028,14.074,0.043,12.169,,8.898,,Theia3018,162.1810097358933,Kounkel2020,4677.0,0.740578,0.75
284287238,3.340049663551849e+18,86.0039974633743,11.5951393086106,0.914698,15.5036,17.257,0.0,16.566,1.133,14.598,0.036,14.131,0.05,13.99,0.054,16.108,0.00073,16.6108,0.010708,15.4432,0.005744,13.959,0.029,14.071,0.043,12.587,0.517,9.016,,Theia3018,162.1810097358933,Kounkel2020,5526.0,0.783102,0.97
156148535,3.337017107403076e+18,86.2621092565685,11.1899724730079,0.625969,14.4526,15.656,0.025,15.097,0.229,13.73,0.03,13.498,0.031,13.432,0.04,14.8892,0.00043,15.2317,0.002839,14.3767,0.001374,13.35,0.026,13.363,0.036,12.06,0.426,8.433,,Theia3018,162.1810097358933,Kounkel2020,7261.0,1.3456,1.64
247464425,3.3404098566899466e+18,85.6388167164735,12.1651664702601,0.739072,16.0131,18.202,0.073,16.67,1.133,14.989,0.038,14.502,0.043,14.31,0.082,16.7333,0.001003,17.3818,0.011614,15.9705,0.00513,14.24,0.031,14.256,0.049,12.263,,8.798,,Theia3018,162.1810097358933,Kounkel2020,5262.29,0.834817,0.9
156147620,3.340196925094141e+18,86.1930240947932,11.8930858734023,0.676919,15.4633,15.978,0.076,16.051,0.298,14.674,0.046,14.117,0.044,14.203,0.076,16.0449,0.000825,16.5211,0.006383,15.4002,0.002551,,,,,,,,,Theia3018,162.1810097358933,Kounkel2020,5666.0,1.0181,1.01
156387002,3.3401618438012544e+18,86.9270421816047,11.887189702197,1.06847,15.7491,17.674,0.0,16.529,1.133,14.673,0.03,14.021,0.031,14.024,0.054,16.5092,0.000895,17.2154,0.009434,15.711,0.003711,13.845,0.028,13.909,0.042,11.777,,8.574,,Theia3018,162.1810097358933,Kounkel2020,4736.0,0.824552,0.76
80570953,3.3371429671252e+18,87.3410322883896,11.6966831513409,0.707344,14.997,16.529,0.042,15.672,0.343,14.197,0.029,13.885,0.036,13.761,0.048,15.5216,0.000698,15.9387,0.002927,14.9312,0.002617,13.707,0.027,13.737,0.038,12.435,0.481,8.586,,Theia3018,162.1810097358933,Kounkel2020,6105.0,1.07946,1.15
247484380,3.340120650771292e+18,85.795832160236,11.8851915049125,0.911658,12.2146,12.767,0.496,12.949,0.06,11.673,0.021,11.582,0.022,11.495,0.02,12.4676,0.000284,12.6529,0.001808,12.1377,0.001171,11.453,0.023,11.469,0.02,11.23,0.208,9.085,,Theia3018,162.1810097358933,Kounkel2020,8012.0,2.03752,1.93
156243268,3.33699862186404e+18,86.5097288392608,11.0132046733742,0.776524,14.7932,16.257,0.069,15.547,0.16,13.894,0.029,13.526,0.026,13.426,0.045,15.4096,0.000821,15.9252,0.005481,14.736,0.002038,13.327,0.027,13.338,0.032,12.133,,8.85,,Theia3018,162.1810097358933,Kounkel2020,5825.0,1.26046,1.05
247674043,3.340189095370372e+18,86.7395826960244,12.1416692267456,1.11671,14.6781,16.057,0.196,15.541,0.172,13.744,0.029,13.353,0.027,13.247,0.037,15.2962,0.000982,15.814,0.002547,14.6191,0.003112,13.148,0.026,13.165,0.033,11.944,,8.718,,Theia3018,162.1810097358933,Kounkel2020,5505.0,0.961547,0.97
156241483,3.3401428815228e+18,86.3696983798029,11.6692549866303,0.656631,14.522,16.21,0.016,15.21,0.172,13.633,0.02,13.324,0.028,13.14,0.039,15.0847,0.00044,15.5356,0.004502,14.453,0.002213,13.107,0.024,13.115,0.031,12.011,0.387,8.935,,Theia3018,162.1810097358933,Kounkel2020,5876.0,1.54445,1.06
156147407,3.340214762095139e+18,86.0724528851276,12.0507790860989,0.606918,15.6605,17.598,0.0,16.25,0.172,14.667,0.04,14.406,0.077,14.157,0.072,16.2753,0.001409,16.7851,0.011597,15.5968,0.005771,14.136,0.03,14.157,0.049,12.382,,8.639,,Theia3018,162.1810097358933,Kounkel2020,5514.0,1.09916,0.97
156386984,3.3401620542566574e+18,86.9335253684887,11.912736178692,0.782677,15.7505,17.14,0.078,16.098,0.206,14.875,0.046,14.484,0.049,14.462,0.082,16.3453,0.000819,16.8398,0.004985,15.6899,0.003926,14.271,0.029,14.21,0.048,11.861,,8.917,,Theia3018,162.1810097358933,Kounkel2020,5420.0,0.810031,0.94
156289726,3.3401269386041795e+18,86.5528088563536,11.598566826703,0.986539,13.0433,14.307,0.056,13.619,0.149,12.303,0.024,12.044,0.027,11.955,0.023,13.5021,0.000317,13.8565,0.001963,12.9757,0.001068,11.92,0.023,11.906,0.023,11.987,0.336,8.653,,Theia3018,162.1810097358933,Kounkel2020,6465.0,1.72505,1.31
156388656,3.3369316890939525e+18,87.0207170635058,10.7760076585508,1.15194,12.7741,13.84,0.009,13.275,0.103,12.099,0.022,11.883,0.022,11.805,0.019,13.1687,0.000576,13.4682,0.002593,12.702,0.00152,11.805,0.024,11.8,0.022,11.962,,9.129,,Theia3018,162.1810097358933,Kounkel2020,7066.0,1.5203,1.56
247674265,3.340165799468159e+18,86.7984063252543,11.9413200931078,0.542413,12.0098,13.814,0.057,12.796,0.092,11.029,0.022,10.684,0.022,10.584,0.017,12.6324,0.000203,13.1574,0.001404,11.9543,0.001243,10.468,0.023,10.459,0.021,10.456,0.097,8.639,0.426,Theia4099,323.5936569296281,Kounkel2020,6292.13,5.08698,
156193536,3.3352280645458724e+18,86.376492947135,8.19330888483643,0.486149,14.4055,15.199,0.053,15.022,0.149,13.794,0.035,13.582,0.037,13.436,0.046,14.8038,0.000408,15.1018,0.002357,14.3364,0.001674,13.249,0.026,13.261,0.031,12.386,,8.871,,Theia4366,371.5352290971728,Kounkel2020,6721.0,1.65199,1.43
156358354,3.335246824963114e+18,86.8482062915624,8.38644130556198,0.425904,14.8537,15.023,0.067,15.418,0.058,14.061,0.033,13.707,0.047,13.603,0.046,15.3848,0.000767,15.81,0.004545,14.7901,0.003015,,,,,,,,,Theia4366,371.5352290971728,Kounkel2020,5896.0,1.89443,1.07
156192810,3.3334990094940667e+18,86.3116201493932,7.59399082468837,0.634748,15.6286,17.55,0.081,16.7203,0.0469,14.644,0.051,13.988,0.069,13.934,0.062,16.35,0.002598,16.991,0.017721,15.5836,0.006511,13.803,0.028,13.898,0.042,12.365,,8.828,,Theia4366,371.5352290971728,Kounkel2020,5158.0,1.28698,0.87
156353975,3.333485922730389e+18,86.7449110212486,7.52164660054165,0.355321,13.7145,14.255,0.037,14.029,0.103,13.249,0.021,13.21,0.025,13.144,0.034,13.9182,0.00034,14.0631,0.003379,13.6222,0.002049,13.114,0.026,13.169,0.031,12.132,,8.817,,Theia4366,371.5352290971728,Kounkel2020,8721.0,2.32955,2.19
156392875,3.3349899171987446e+18,86.9656623294028,7.67117403708215,0.661567,15.9214,17.982,0.074,16.837,1.133,14.886,0.04,14.342,0.051,14.081,0.057,16.6647,0.000914,17.3433,0.008996,15.8757,0.003604,14.131,0.031,14.163,0.046,12.338,,9.071,,Theia4366,371.5352290971728,Kounkel2020,4790.0,1.17301,0.77
156284712,3.3350086776156826e+18,86.6386282107973,7.79637944670733,0.984425,13.9307,15.471,0.054,14.669,0.149,13.103,0.026,12.777,0.023,12.655,0.026,14.48,0.00045,14.9211,0.001913,13.8645,0.001525,12.598,0.024,12.58,0.025,12.449,,8.993,,Theia4366,371.5352290971728,Kounkel2020,6119.0,1.32537,1.15
156392605,3.3350025615822034e+18,86.9929312512169,7.85705020967416,0.256359,14.8718,16.26,0.068,15.691,0.137,13.878,0.026,13.499,0.022,13.42,0.037,15.4977,0.000657,16.0162,0.003319,14.808,0.001869,13.358,0.026,13.373,0.033,12.314,,8.91,,Theia4366,371.5352290971728,Kounkel2020,5776.0,3.195,1.04
156284764,3.335011215939651e+18,86.6337240927596,7.83592509468017,0.409197,16.1019,17.697,0.077,17.0183,0.0461,15.101,0.043,14.787,0.065,14.566,0.09,16.7341,0.00102,17.264,0.008093,16.043,0.005286,14.558,0.038,14.539,0.065,11.982,,8.662,,Theia4366,371.5352290971728,Kounkel2020,5738.0,1.26538,1.03
156358236,3.3352399143586125e+18,86.8064810146096,8.29131341913307,0.483308,15.0456,16.685,0.008,15.753,0.115,14.144,0.039,13.766,0.047,13.651,0.053,15.645,0.001017,16.1376,0.004107,14.9817,0.001749,13.567,0.03,13.544,0.038,12.4,,8.575,,Theia4366,371.5352290971728,Kounkel2020,5728.0,1.72205,1.02
156357906,3.335020767947154e+18,86.8618426358798,8.0521377998492,0.36288,16.1265,17.165,0.076,16.8817,0.046,15.336,0.044,14.986,0.066,14.8,0.107,16.6688,0.000949,17.101,0.008075,16.0588,0.006372,14.773,0.037,14.82,0.071,12.375,,8.983,,Theia4366,371.5352290971728,Kounkel2020,5819.0,1.21465,1.05
156353996,3.333485643559122e+18,86.758868067827,7.50395947332749,1.08029,14.5644,16.059,0.067,15.501,0.126,13.68,0.024,13.303,0.038,13.185,0.026,15.1679,0.000623,15.6726,0.0047,14.5073,0.002448,13.04,0.025,13.036,0.031,12.458,,8.53,,Theia4366,371.5352290971728,Kounkel2020,5557.0,1.01917,0.98
156193846,3.3353039995676063e+18,86.4098681554977,8.46267977027694,0.809629,14.0876,15.872,0.058,14.785,0.092,13.195,0.024,12.826,0.023,12.731,0.033,14.6834,0.000391,15.1856,0.003029,14.033,0.001193,12.662,0.024,12.723,0.025,11.973,,8.865,,Theia4366,371.5352290971728,Kounkel2020,5386.0,1.68712,0.93
156284207,3.3334772984361103e+18,86.5615550404792,7.39224004260051,0.305502,13.9849,16.491,0.126,15.137,0.103,12.755,0.024,12.151,0.025,12.007,0.026,14.7837,0.000548,15.5224,0.003192,13.9434,0.001474,11.898,0.024,11.926,0.023,11.874,0.319,8.778,,Theia4366,371.5352290971728,Kounkel2020,4768.0,6.22659,
156284435,3.333489667941882e+18,86.6317388114728,7.56072689206043,0.733759,15.7585,17.403,0.075,16.6842,0.046,14.771,0.041,14.287,0.044,14.253,0.068,16.3951,0.000834,16.9346,0.008355,15.7023,0.002797,14.226,0.032,14.289,0.049,12.624,,8.875,,Theia4366,371.5352290971728,Kounkel2020,5457.0,0.9069,0.95
156503653,3.3349221941546086e+18,87.1807003309281,7.34533332083737,0.406592,15.4623,16.722,0.075,16.423,0.446,14.56,0.041,14.21,0.054,14.16,0.074,16.0562,0.000597,16.5458,0.004837,15.398,0.003228,13.823,0.028,14.053,0.045,12.035,,8.149,,Theia4366,371.5352290971728,Kounkel2020,6381.0,1.58179,1.27
156247769,3.333474755815497e+18,86.507244082973,7.27602349478324,0.753176,14.7266,16.319,0.038,15.516,0.183,13.856,0.024,13.531,0.04,13.49,0.048,15.293,0.000503,15.75,0.004437,14.6601,0.001436,13.39,0.026,13.364,0.031,12.429,,8.309,,Theia4366,371.5352290971728,Kounkel2020,5874.0,1.2378,1.06
156391356,3.3353632357561047e+18,86.9876730787331,8.76348280672782,0.756835,12.2734,13.633,0.038,12.881,0.103,11.509,0.023,11.254,0.023,11.126,0.021,12.7677,0.000658,13.1651,0.00424,12.2092,0.003823,11.055,0.023,11.064,0.021,11.872,0.333,8.933,,Theia4366,371.5352290971728,Kounkel2020,6728.0,3.33688,1.43
156502598,3.335035615650459e+18,87.2565752958148,8.09330293239988,0.480705,16.2785,18.139,0.074,17.3117,0.0461,15.298,0.039,14.729,0.042,14.623,0.095,16.9687,0.001075,17.578,0.009,16.227,0.003617,14.52,0.033,14.619,0.062,11.532,0.266,8.557,0.455,Theia4366,371.5352290971728,Kounkel2020,5007.0,1.19979,0.83
156503619,3.334922400312889e+18,87.1662453226844,7.36801883866645,0.370568,14.2699,15.284,0.044,14.78,0.08,13.604,0.024,13.401,0.03,13.326,0.04,14.6532,0.000456,14.9442,0.002102,14.1966,0.001748,13.275,0.027,13.304,0.033,12.353,,8.659,,Theia4366,371.5352290971728,Kounkel2020,7202.0,2.19878,1.61
156427770,3.3349361785679524e+18,87.1326193779567,7.47435503615808,0.417481,14.6846,16.277,0.085,15.398,0.115,13.842,0.028,13.53,0.035,13.38,0.038,15.2371,0.000486,15.6816,0.002449,14.6183,0.001484,13.363,0.026,13.347,0.033,12.235,,8.884,,Theia4366,371.5352290971728,Kounkel2020,6180.0,2.11274,1.18
156503573,3.3349226064713114e+18,87.1702332390465,7.39036663162379,0.340472,11.5145,14.234,0.025,12.905,0.057,10.098,0.026,9.418,0.026,9.165,0.024,12.4021,0.000279,13.2846,0.002872,11.49,0.001237,9.029,0.022,9.126,0.021,8.976,0.042,8.474,0.475,Theia4366,371.5352290971728,Kounkel2020,4380.0,21.0936,
156357792,3.335016095022656e+18,86.876817078747,7.96577448875094,0.810834,14.9232,16.457,0.006,15.769,0.137,14.105,0.03,13.714,0.044,13.555,0.039,15.4638,0.000697,15.8888,0.002578,14.85,0.002768,13.561,0.027,13.589,0.036,11.871,,8.807,,Theia4366,371.5352290971728,Kounkel2020,5775.0,1.0234,1.03
156285624,3.335305339597353e+18,86.6268682182399,8.51889992092835,0.326047,14.3824,15.489,0.066,14.978,0.08,13.521,0.022,13.2,0.023,13.138,0.034,14.9399,0.000415,15.3883,0.00234,14.3161,0.001922,12.976,0.024,13.012,0.028,12.197,,8.957,,Theia4366,371.5352290971728,Kounkel2020,5826.0,3.11435,1.05
156357002,3.3334326651361464e+18,86.857648733934,7.34645802026846,0.404761,16.3391,17.625,0.086,17.1754,0.0465,15.446,0.058,15.041,0.07,14.958,0.118,16.9275,0.001098,17.4099,0.017379,16.2764,0.006128,14.983,0.043,15.07,0.089,12.318,,9.074,,Theia4366,371.5352290971728,Kounkel2020,5907.0,1.06474,1.07
156392317,3.335043655829266e+18,86.9786828523377,8.06430619501591,0.358081,15.6653,17.161,0.0,16.026,0.24,14.893,0.038,14.478,0.06,14.366,0.074,16.1972,0.000814,16.6265,0.004696,15.605,0.002359,14.368,0.032,14.427,0.055,12.538,,8.732,,Theia4366,371.5352290971728,Kounkel2020,5979.0,1.48551,1.1
156503633,3.334920922844146e+18,87.1559326696348,7.35796529859531,0.286903,15.8747,17.241,0.08,16.7244,0.0459,14.967,0.049,14.603,0.056,14.488,0.078,16.4705,0.000787,16.9637,0.004288,15.8154,0.003278,14.594,0.036,14.647,0.066,12.304,,8.779,,Theia4366,371.5352290971728,Kounkel2020,5862.0,1.72469,1.06
156357159,3.3334377460804045e+18,86.8380961334203,7.46903892639249,0.407844,15.6689,16.435,0.079,16.528,1.133,14.786,0.049,14.425,0.078,14.343,0.081,16.2115,0.000794,16.6398,0.003331,15.5969,0.00486,13.822,0.027,13.841,0.04,12.545,,8.884,,Theia4366,371.5352290971728,Kounkel2020,6003.0,1.34987,1.11
156284960,3.335207002026416e+18,86.6259309845573,7.99866101587438,0.748976,16.0353,17.976,0.075,17.1254,0.0461,14.918,0.042,14.483,0.052,14.299,0.071,16.7565,0.00122,17.4032,0.007825,15.9986,0.005574,14.353,0.031,14.472,0.057,12.356,,8.979,,Theia4366,371.5352290971728,Kounkel2020,5240.0,0.906706,0.89
156501452,3.335372787763304e+18,87.1906278589622,8.96568469572931,0.625877,15.1434,17.216,0.033,15.974,0.206,14.098,0.035,13.741,0.036,13.607,0.039,15.848,0.000734,16.4533,0.001613,15.0884,0.002511,13.428,0.026,13.406,0.033,10.679,0.13,8.035,0.267,Theia4366,371.5352290971728,Kounkel2020,5675.0,1.51363,1.01
156393265,3.3349333224133786e+18,87.0205686575564,7.36573662243176,0.405546,13.9336,15.106,0.068,14.729,0.103,13.036,0.026,12.677,0.021,12.593,0.029,14.5279,0.000402,15.022,0.001709,13.8765,0.00154,12.548,0.028,12.543,0.03,12.211,0.482,8.523,,Theia4366,371.5352290971728,Kounkel2020,5821.0,3.33474,1.05
156503445,3.334930165613721e+18,87.1979130323304,7.47281811788674,0.424441,15.6178,17.824,-0.202,16.46,0.435,14.645,0.039,14.193,0.037,14.231,0.055,16.2775,0.000757,16.8315,0.006276,15.5562,0.002357,14.012,0.03,14.083,0.045,12.089,,8.91,,Theia4366,371.5352290971728,Kounkel2020,6029.0,1.57911,1.12
156503482,3.3349241182997857e+18,87.1573932690553,7.44902054012294,0.368674,14.4461,16.24,0.0,15.545,0.092,13.246,0.029,12.75,0.032,12.576,0.034,15.2091,0.00073,15.8876,0.003552,14.3896,0.003913,12.478,0.025,12.522,0.026,11.848,0.356,8.073,,Theia4366,371.5352290971728,Kounkel2020,4951.0,3.97245,
156503834,3.3229064562087685e+18,87.2484842255281,7.22071852675031,0.325462,13.566,15.924,0.032,14.858,0.126,12.298,0.022,11.886,0.024,11.69,0.021,14.3752,0.000501,15.1043,0.002849,13.532,0.001308,11.566,0.024,11.544,0.022,11.569,0.301,8.019,,Theia4366,371.5352290971728,Kounkel2020,5713.0,6.51285,
156428491,3.3350396700996106e+18,87.0609116106494,8.02888764139253,0.744047,14.9892,16.696,0.073,15.693,0.378,14.104,0.036,13.728,0.035,13.614,0.046,15.5795,0.000746,16.0715,0.002536,14.9327,0.002544,13.596,0.028,13.606,0.037,12.387,,8.976,,Theia4366,371.5352290971728,Kounkel2020,5588.0,1.17715,0.99
156392626,3.335002660364809e+18,86.9506451757915,7.84612043834012,0.431206,16.3056,17.752,0.085,17.1414,0.0461,15.418,0.056,15.13,0.085,14.756,0.089,16.8937,0.001118,17.3823,0.008466,16.2492,0.007181,15.03,0.043,15.184,0.095,12.456,,8.882,,Theia4366,371.5352290971728,Kounkel2020,5810.0,1.03465,1.04
156503655,3.3349209228441487e+18,87.158849853087,7.34525481940922,0.33614,15.0011,16.079,0.072,15.857,1.133,14.168,0.036,13.875,0.036,13.718,0.054,15.5687,0.000627,16.0283,0.002527,14.9359,0.002309,13.552,0.028,13.598,0.039,11.62,,8.785,,Theia4366,371.5352290971728,Kounkel2020,6039.0,2.25892,1.12
156427512,3.33492040315173e+18,87.0923914532909,7.30679742611821,0.396013,15.8182,17.121,0.076,16.6028,0.046,14.965,0.043,14.668,0.047,14.469,0.07,16.3774,0.000919,16.8404,0.008214,15.7647,0.003497,14.491,0.036,14.421,0.056,12.369,,8.789,,Theia4366,371.5352290971728,Kounkel2020,5870.0,1.31677,1.06
156503608,3.3349224346726246e+18,87.1711682556537,7.37357396885671,0.34363,15.9097,14.65,0.069,16.186,1.133,14.965,0.051,14.59,0.064,14.646,0.09,16.4903,0.000748,16.971,0.006719,15.848,0.00291,,,,,,,,,Theia4366,371.5352290971728,Kounkel2020,6495.0,1.42425,1.33
156503587,3.3349232550101734e+18,87.1537819840102,7.38261138881375,0.395021,15.2482,16.715,0.227,15.922,0.423,14.374,0.033,14.021,0.04,13.869,0.052,15.8221,0.0007,16.2943,0.004603,15.1894,0.00174,13.875,0.028,13.989,0.042,12.061,,8.828,,Theia4366,371.5352290971728,Kounkel2020,5923.0,1.78119,1.08
156503759,3.334918070986005e+18,87.2424525633134,7.28490408436163,0.337006,15.4724,17.736,0.067,16.565,0.927,14.319,0.028,13.907,0.032,13.627,0.052,16.2358,0.000765,16.91,0.008632,15.4258,0.003174,13.579,0.027,13.524,0.036,12.178,,8.721,,Theia4366,371.5352290971728,Kounkel2020,6387.0,2.30023,1.28
156357375,3.3349912915880704e+18,86.801788888857,7.64307832304923,0.422384,15.1257,16.847,0.046,16.137,0.126,14.233,0.037,13.747,0.022,13.644,0.06,15.7174,0.000793,16.2052,0.00415,15.0641,0.002784,13.67,0.028,13.755,0.038,11.646,,8.621,,Theia4366,371.5352290971728,Kounkel2020,5635.0,1.86752,1.0
715738418,3.3350149955109724e+18,86.927336933909,7.91767570185061,0.821518,15.5729,,,16.4481,0.046,,,,,,,16.1818,0.000964,16.696,0.008179,15.5173,0.002837,,,,,,,,,Theia4366,371.5352290971728,Kounkel2020,5378.0,0.857892,0.93
156358960,3.335413263535183e+18,86.8052615572654,8.83577618337511,0.816961,13.7093,15.028,0.044,14.34,0.137,12.995,0.029,12.715,0.035,12.664,0.035,14.1791,0.000311,14.5483,0.001524,13.6437,0.001997,12.502,0.023,12.509,0.025,12.165,,8.693,,Theia4366,371.5352290971728,Kounkel2020,6583.0,1.546,1.37
156357059,3.333436066750244e+18,86.8173095849063,7.38877407612053,0.340216,15.8291,17.386,0.073,16.604,1.133,14.853,0.036,14.349,0.035,14.264,0.074,16.4988,0.001153,17.0756,0.008636,15.7762,0.006477,14.234,0.031,14.365,0.054,11.775,,8.315,,Theia4366,371.5352290971728,Kounkel2020,5383.0,1.81043,0.93
156503544,3.334922846989631e+18,87.2577444944869,7.40797800343161,0.371579,14.9167,17.118,0.0,16.19,0.046,13.741,0.026,13.372,0.03,13.099,0.033,15.6746,0.000671,16.3458,0.003885,14.8755,0.001817,13.07,0.029,13.044,0.031,12.033,,8.397,,Theia4366,371.5352290971728,Kounkel2020,6053.0,2.8354,1.13
156503603,3.3349226751909417e+18,87.2266800684981,7.37514266982162,0.359463,14.6943,17.45,-0.154,16.31,0.16,13.235,0.026,12.52,0.026,12.325,0.023,15.6332,0.001156,16.556,0.006466,14.678,0.003378,12.255,0.024,12.259,0.025,11.526,0.258,8.235,,Theia4366,371.5352290971728,Kounkel2020,4523.0,4.90992,
156427755,3.334935938049785e+18,87.140144546209,7.46389203022097,0.324728,13.5347,15.818,0.022,14.574,0.183,12.323,0.03,11.72,0.029,11.572,0.027,14.3229,0.00035,15.0513,0.002004,13.4973,0.001521,11.398,0.023,11.433,0.021,11.449,0.202,8.734,,Theia4366,371.5352290971728,Kounkel2020,4834.0,7.16201,
156503568,3.3349225721115663e+18,87.1936567079003,7.39198323748655,0.349196,15.1942,16.91,0.132,16.101,0.32,14.222,0.033,13.917,0.035,13.776,0.046,15.8171,0.000668,16.3428,0.003702,15.1391,0.002258,13.729,0.028,13.832,0.04,11.758,,8.296,,Theia4366,371.5352290971728,Kounkel2020,6219.0,2.14193,1.2
156427638,3.334922022355776e+18,87.1164461118445,7.38748978682393,0.397239,15.089,16.311,0.067,15.912,0.149,14.215,0.024,13.853,0.029,13.696,0.044,15.6734,0.000745,16.1471,0.004835,15.0215,0.005251,13.632,0.027,13.649,0.035,11.884,,8.593,,Theia4366,371.5352290971728,Kounkel2020,5855.0,1.9291,1.06
156503624,3.334922434672625e+18,87.1801609935961,7.36373914301614,0.422934,15.1659,16.556,0.077,16.214,0.08,14.271,0.035,13.891,0.045,13.755,0.045,15.7543,0.000685,16.2367,0.004577,15.1001,0.002787,13.738,0.04,13.744,0.05,11.513,,8.03,,Theia4366,371.5352290971728,Kounkel2020,6357.0,1.74431,1.26
156392649,3.33500166822901e+18,86.9870706503179,7.82737735936932,0.36246,16.1833,17.335,-0.145,16.573,0.059,15.297,0.054,14.97,0.086,14.851,0.107,16.7606,0.001175,17.2381,0.007138,16.1267,0.003137,14.766,0.04,14.922,0.081,12.079,,8.514,,Theia4366,371.5352290971728,Kounkel2020,5871.0,1.22235,1.06
156427610,3.3349224690323686e+18,87.1546433914329,7.37163246351351,0.381048,14.3168,,,15.085,0.0463,13.477,0.065,12.816,,13.101,0.038,14.8665,0.000565,15.28,0.003088,14.2227,0.016396,12.563,0.043,12.609,0.043,12.149,,8.905,,Theia4366,371.5352290971728,Kounkel2020,6082.0,2.72336,1.14
156503601,3.334922469032366e+18,87.1570556651992,7.37571149159676,0.351632,14.8145,16.006,0.071,15.62,0.4,13.936,0.033,13.648,0.03,13.557,0.038,15.3821,0.000605,15.8442,0.003822,14.7519,0.002016,13.474,0.031,13.492,0.04,11.65,,8.618,,Theia4366,371.5352290971728,Kounkel2020,5969.0,2.38767,1.1
156393433,3.33341916175732e+18,86.9676446662086,7.23730940924113,0.570635,15.4596,14.589,0.066,16.3217,0.0459,14.573,0.042,14.223,0.047,14.017,0.064,16.0623,0.000883,16.5516,0.005199,15.3896,0.003435,,,,,,,,,Theia4366,371.5352290971728,Kounkel2020,5878.0,1.2128,1.06
156353502,3.335016919656308e+18,86.7665449780121,7.90837597019433,0.244014,15.6143,16.951,-0.088,16.356,0.241,14.833,0.036,14.685,0.044,14.516,0.088,16.1144,0.001017,16.4922,0.004547,15.5331,0.006437,14.393,0.032,14.373,0.053,12.466,,8.905,,Theia4366,371.5352290971728,Kounkel2020,6136.0,1.87442,1.16
156502857,3.335023761540934e+18,87.2654947627765,7.90857586579891,0.465552,15.2287,16.86,0.11,16.043,0.206,14.301,0.028,13.976,0.036,13.901,0.05,15.8126,0.000738,16.3001,0.004781,15.174,0.002964,13.866,0.03,13.777,0.039,12.382,,8.893,,Theia4366,371.5352290971728,Kounkel2020,6217.0,1.55642,1.2
156503517,3.334923121867357e+18,87.2387749198494,7.42709581958288,0.365059,15.2798,17.914,0.062,16.747,0.412,14.013,0.023,13.488,0.032,13.227,0.033,16.1628,0.000727,16.9875,0.007799,15.2627,0.003785,13.118,0.026,13.062,0.029,12.353,,8.812,,Theia4366,371.5352290971728,Kounkel2020,5281.0,3.01848,
156503475,3.3349241526595205e+18,87.1628983825237,7.45571529572378,0.361564,15.6308,17.185,-0.128,16.386,1.133,14.794,0.047,14.344,0.048,14.424,0.077,16.1801,0.000824,16.6198,0.003963,15.5624,0.003503,14.399,0.034,14.455,0.059,12.232,,8.759,,Theia4366,371.5352290971728,Kounkel2020,6208.0,1.51675,1.19
80565209,3.3349728017532355e+18,87.2786263498298,7.73232867617042,1.04973,16.0402,18.584,0.054,17.2635,0.0465,14.871,0.041,14.338,0.05,14.116,0.068,16.8209,0.001073,17.5432,0.013588,15.9965,0.004221,14.136,0.032,14.219,0.047,11.714,,8.344,,Theia4366,371.5352290971728,Kounkel2020,4715.0,0.758034,0.75
80565847,3.335038467508727e+18,87.3254524982725,8.19970043082085,0.454162,14.5404,13.558,0.05,15.248,0.217,13.801,0.035,13.533,0.043,13.449,0.044,15.015,0.000579,15.381,0.00211,14.4701,0.001756,13.343,0.036,13.335,0.042,11.54,,8.516,,Theia4366,371.5352290971728,Kounkel2020,6363.0,1.86012,1.27
156503623,3.3349224346726267e+18,87.1720127096796,7.36471331521631,0.391961,12.5421,15.142,0.106,13.792,0.08,11.253,0.024,10.651,0.026,10.46,0.019,13.3645,0.000338,14.1294,0.00215,12.5161,0.001165,10.382,0.023,10.462,0.02,10.445,0.113,8.267,,Theia4366,371.5352290971728,Kounkel2020,5009.0,9.83773,
156503201,3.3349461042364324e+18,87.2385567179558,7.6658958522091,0.452661,14.196,15.751,0.103,15.032,0.069,13.379,0.028,13.004,0.026,12.93,0.029,14.7403,0.000504,15.1803,0.00333,14.1313,0.001545,12.867,0.026,12.878,0.028,12.162,,8.97,,Theia4366,371.5352290971728,Kounkel2020,6354.0,2.42116,1.26
715741345,3.3350476759166423e+18,87.1893615780686,8.12070220296349,0.295999,16.4701,,,17.2858,0.0479,,,,,,,17.0468,0.001213,17.5197,0.033114,16.4087,0.011367,,,,,,,,,Theia4366,371.5352290971728,Kounkel2020,5671.0,1.25327,1.01
80564783,3.3349257289113467e+18,87.3115532921187,7.40135917221242,0.331272,14.8399,16.856,0.032,15.909,0.195,13.781,0.029,13.354,0.022,13.235,0.035,15.5365,0.000573,16.1369,0.003218,14.7869,0.002017,13.129,0.026,13.134,0.031,11.911,,8.137,,Theia4366,371.5352290971728,Kounkel2020,6242.0,2.95574,1.21
156427687,3.334933910825252e+18,87.0799536153861,7.42047232137477,0.355159,14.921,16.328,0.123,15.707,0.378,14.167,0.028,13.834,0.025,13.74,0.041,15.4368,0.000499,15.8435,0.002397,14.8532,0.002489,13.737,0.029,13.757,0.038,12.28,,8.962,,Theia4366,371.5352290971728,Kounkel2020,6146.0,2.04728,1.17
156427834,3.334937209360091e+18,87.1207653337119,7.52328853284406,0.351203,15.3989,16.6,0.069,16.326,0.229,14.568,0.03,14.174,0.031,14.063,0.051,15.9475,0.000798,16.3845,0.004448,15.3295,0.0048,14.05,0.031,14.202,0.051,12.321,,8.595,,Theia4366,371.5352290971728,Kounkel2020,6053.0,1.74667,1.13
156428845,3.335053684576825e+18,87.1371845539682,8.26936265585977,0.442517,11.0796,13.164,0.428,11.933,0.048,9.796,0.022,9.126,0.022,8.992,0.024,11.895,0.000287,12.6798,0.001564,11.0466,0.001665,8.834,0.023,8.945,0.021,8.799,0.03,8.646,0.54,Theia4366,371.5352290971728,Kounkel2020,4519.0,18.1716,
156503723,3.334917654372783e+18,87.1799191100137,7.31220163900738,0.421666,14.9984,16.972,0.117,15.955,0.355,13.974,0.029,13.645,0.027,13.494,0.039,15.6678,0.000809,16.2404,0.002917,14.9461,0.003349,13.437,0.028,13.463,0.036,11.779,0.29,8.611,,Theia4366,371.5352290971728,Kounkel2020,5876.0,2.17385,1.06
156427709,3.334935418357359e+18,87.1049772553901,7.43354079162708,0.385711,12.2795,14.898,0.056,13.547,0.092,10.969,0.024,10.298,0.022,10.133,0.021,13.0991,0.000343,13.8617,0.004818,12.2208,0.00272,10.019,0.026,10.089,0.024,10.078,0.074,8.247,,Theia4366,371.5352290971728,Kounkel2020,4525.0,11.9444,
156391745,3.335249333223985e+18,87.0120697447648,8.48612513918231,0.320236,15.2129,16.421,0.106,15.529,0.126,14.513,0.033,14.234,0.041,14.216,0.06,15.6613,0.000658,15.9993,0.003092,15.1375,0.002894,14.159,0.029,14.091,0.045,12.19,,8.886,,Theia4366,371.5352290971728,Kounkel2020,6568.0,1.77502,1.36
80565073,3.3349448715816817e+18,87.3213587863942,7.63072974418981,0.373404,15.3612,16.99,0.043,16.076,1.133,14.435,0.024,14.191,0.046,13.965,0.058,15.9333,0.000719,16.3948,0.005428,15.292,0.002853,14.023,0.031,14.062,0.047,12.211,,8.807,,Theia4366,371.5352290971728,Kounkel2020,6224.0,1.74967,1.2
156503754,3.3349174525107174e+18,87.1617435790769,7.28747612238173,0.392753,12.5809,15.468,0.045,14.027,0.126,11.197,0.026,10.526,0.026,10.352,0.026,13.4822,0.000291,14.3457,0.001869,12.573,0.001064,10.218,0.025,10.279,0.021,10.155,0.08,8.838,,Theia4366,371.5352290971728,Kounkel2020,4945.0,10.8608,
156502571,3.335047744638107e+18,87.1740748386148,8.11067999198589,0.400167,15.5341,16.941,-0.097,15.952,0.298,14.715,0.041,14.417,0.041,14.36,0.077,16.0482,0.000802,16.4546,0.003686,15.4681,0.002971,14.155,0.031,14.073,0.049,11.626,,8.408,,Theia4366,371.5352290971728,Kounkel2020,6063.0,1.40621,1.13
156503667,3.334922121138785e+18,87.1813128555183,7.34002811486841,0.307658,15.2096,16.918,0.069,16.144,0.137,14.196,0.029,13.785,0.039,13.657,0.039,15.8484,0.000687,16.3859,0.00441,15.1516,0.001858,13.419,0.026,13.455,0.033,11.693,,8.276,,Theia4366,371.5352290971728,Kounkel2020,6140.0,2.39682,1.16
156429610,3.335369661027159e+18,87.0604181938144,8.82057235402551,0.370448,13.4132,16.33,0.105,14.669,0.183,12.014,0.024,11.313,0.022,11.138,0.023,14.2981,0.000376,15.1561,0.00248,13.3817,0.001999,11.041,0.022,11.094,0.02,10.552,0.138,8.365,0.353,Theia4366,371.5352290971728,Kounkel2020,4492.0,8.05282,
156427644,3.334922018059468e+18,87.1155828133066,7.39177569123447,0.494858,15.3052,16.619,0.071,16.301,1.133,14.474,0.032,14.127,0.048,14.01,0.06,15.8755,0.000609,16.336,0.002697,15.2383,0.002765,13.799,0.03,13.758,0.044,11.779,,8.733,,Theia4366,371.5352290971728,Kounkel2020,5935.0,1.412,1.08
200593040,3.336564997669021e+18,85.3612926075613,10.311785987693,0.56447,16.3673,18.105,0.097,17.296,0.0465,15.46,0.073,14.952,0.087,15.0,0.149,17.0057,0.001098,17.5284,0.015513,16.2932,0.007838,,,,,,,,,Theia4896,489.7788193684456,Kounkel2020,5500.0,0.876309,0.96
247588095,3.340233247634259e+18,86.390363886173,12.1631858034665,0.681504,14.9768,16.322,0.068,15.837,0.08,14.162,0.025,13.77,0.036,13.662,0.047,15.5282,0.000842,15.9672,0.005366,14.9068,0.002498,13.53,0.027,13.554,0.036,12.396,,8.354,,Theia4896,489.7788193684456,Kounkel2020,5978.0,1.18364,1.1
156389744,3.336629735713398e+18,86.9483202489019,9.95345097470888,0.593143,14.5208,15.861,0.021,15.24,0.217,13.726,0.029,13.453,0.029,13.317,0.037,15.0102,0.000566,15.387,0.003679,14.447,0.002035,13.324,0.027,13.281,0.033,12.223,0.466,8.905,,Theia4896,489.7788193684456,Kounkel2020,6367.0,1.49452,1.27
200593687,3.339622984320437e+18,85.3938867296619,10.899728462668,0.628404,13.723,13.131,0.06,14.556,0.126,12.798,0.027,12.491,0.029,12.379,0.028,14.3186,0.000423,14.8095,0.00281,13.6607,0.001057,12.309,0.035,12.291,0.035,11.946,0.433,8.301,,Theia4896,489.7788193684456,Kounkel2020,6892.73,1.90758,1.5
284286841,3.3400349575839334e+18,85.9539877963166,11.2898381161096,0.655553,12.4845,13.52,0.058,12.988,0.092,11.852,0.023,11.688,0.022,11.602,0.025,12.8651,0.00032,13.1555,0.002028,12.4187,0.000994,11.541,0.022,11.558,0.023,12.003,0.312,8.877,,Theia4896,489.7788193684456,Kounkel2020,7004.0,2.94405,1.54
309908588,3.339988327122616e+18,85.700898408872,10.9985544165767,0.359542,14.8605,16.247,0.085,15.499,0.069,14.072,0.027,13.849,0.04,13.803,0.061,15.3555,0.000688,15.7401,0.003806,14.7872,0.002674,13.687,0.028,13.766,0.04,12.545,,9.004,,Theia4896,489.7788193684456,Kounkel2020,6477.0,2.02529,1.32
284286242,3.3369808922389007e+18,85.9507528693395,10.8679526651161,0.590116,14.7365,14.241,0.064,15.611,0.183,13.832,0.035,13.463,0.083,13.352,0.059,15.3419,0.000458,15.8401,0.002578,14.6725,0.002445,13.154,0.055,13.188,0.06,12.029,0.466,7.903,,Theia4896,489.7788193684456,Kounkel2020,5769.0,1.66009,1.03
156351524,3.3362187889444285e+18,86.7619296190721,9.37290186516378,0.562581,15.7686,,,16.6111,0.046,14.916,0.036,14.538,0.051,14.641,0.087,16.3604,0.000904,16.8548,0.006133,15.7143,0.003753,14.438,0.031,14.684,0.074,12.477,,8.886,,Theia4896,489.7788193684456,Kounkel2020,5793.0,1.05927,1.04
156240851,3.3370158017330176e+18,86.3166513043061,11.1458934819418,0.884371,14.2843,16.034,0.044,15.18,0.172,13.288,0.026,12.916,0.024,12.839,0.034,14.9001,0.000538,15.4087,0.00244,14.2206,0.001305,12.711,0.025,12.723,0.026,12.15,0.422,8.696,,Theia4896,489.7788193684456,Kounkel2020,5847.0,1.40067,1.06
144665303,3.3396566869265843e+18,84.7231557937377,10.8258335522132,0.566052,16.1149,17.315,0.08,16.9504,0.046,15.192,0.049,14.635,0.046,14.842,0.132,16.7027,0.001062,17.1741,0.00708,16.0412,0.004579,14.638,0.033,14.832,0.072,12.462,,8.721,,Theia4896,489.7788193684456,Kounkel2020,5696.0,0.896694,1.01
156149073,3.336963609290793e+18,86.197749795713,10.7451984402182,0.574637,13.6134,14.912,0.067,14.279,0.08,12.806,0.025,12.609,0.03,12.456,0.029,14.0927,0.000465,14.4721,0.002772,13.5359,0.001476,12.396,0.024,12.375,0.024,11.987,,8.901,,Theia4896,489.7788193684456,Kounkel2020,7140.0,2.28136,1.59
156243186,3.336999923237039e+18,86.4603524272559,11.0697195418893,0.524187,15.4018,17.255,0.0,16.208,0.115,14.472,0.033,14.115,0.035,13.985,0.057,16.0175,0.001046,16.5284,0.004727,15.3406,0.003195,13.918,0.028,13.968,0.044,12.256,,8.379,,Theia4896,489.7788193684456,Kounkel2020,5842.0,1.38066,1.05
200610663,3.336543488471817e+18,85.6668791381748,10.1128419056196,0.737859,16.2845,18.274,0.088,17.4245,0.0462,15.227,0.061,14.545,0.065,14.621,0.104,17.0304,0.001359,17.6879,0.009861,16.2332,0.005262,14.502,0.033,14.53,0.058,12.229,,9.127,,Theia4896,489.7788193684456,Kounkel2020,5208.0,0.853276,0.89
200593173,3.336568437939554e+18,85.3504079986345,10.4242747305042,0.808571,15.8531,17.742,0.079,16.613,0.298,14.884,0.048,14.288,0.06,14.299,0.078,16.5249,0.001306,17.1014,0.011008,15.7925,0.005294,14.182,0.029,14.334,0.053,12.299,,9.06,,Theia4896,489.7788193684456,Kounkel2020,5160.0,0.858008,0.87
436243737,3.339443317248827e+18,84.199622666962,9.91088239631689,0.546165,14.9333,16.591,0.068,15.8,0.08,14.027,0.026,13.654,0.031,13.565,0.041,15.5241,0.000846,16.0096,0.005999,14.8713,0.002267,13.43,0.027,13.437,0.036,12.442,,9.013,,Theia4896,489.7788193684456,Kounkel2020,5903.0,1.57686,1.07
144701839,3.3396432522689147e+18,84.9733914501802,10.8496454962426,0.57779,16.4879,18.342,0.089,17.4284,0.0462,15.482,0.062,15.048,0.074,14.873,0.126,17.1321,0.001243,17.6759,0.010398,16.4271,0.005158,14.827,0.037,14.891,0.073,12.161,,8.724,,Theia4896,489.7788193684456,Kounkel2020,5379.0,0.828207,0.93
156386150,3.33712540929909e+18,86.8411803222791,11.5406976389471,0.497124,14.8262,16.407,0.038,15.607,0.126,13.987,0.032,13.612,0.033,13.56,0.045,15.3784,0.000747,15.8167,0.004285,14.7549,0.005263,13.508,0.026,13.478,0.033,12.244,,8.464,,Theia4896,489.7788193684456,Kounkel2020,5793.0,1.7322,1.04
156430671,3.336230303754611e+18,87.0900448898681,9.63137944793226,0.541498,15.8477,17.479,0.073,16.6875,0.0461,14.987,0.037,14.599,0.052,14.57,0.081,16.4377,0.000779,16.9223,0.009735,15.7841,0.003711,14.416,0.034,14.405,0.053,12.56,0.534,8.818,,Theia4896,489.7788193684456,Kounkel2020,5593.0,1.07294,0.99
156195682,3.336309636093079e+18,86.3787676112003,9.95176520702507,0.510848,15.2564,16.598,0.085,16.035,0.401,14.535,0.036,14.243,0.04,14.181,0.068,15.7308,0.000773,16.095,0.005359,15.1862,0.003653,14.096,0.03,14.119,0.05,12.567,,8.358,,Theia4896,489.7788193684456,Kounkel2020,6219.0,1.20538,1.2
156384002,3.336676808554973e+18,86.8401458758903,10.0187046575233,0.631493,9.7338,12.838,0.334,11.063,0.092,8.428,0.023,7.685,0.053,7.495,0.02,10.5727,0.000409,11.4051,0.002035,9.70552,0.000792,7.408,0.034,7.525,0.02,7.418,0.019,7.425,0.137,Theia4896,489.7788193684456,Kounkel2020,4368.0,25.4324,
156291167,3.337117884516477e+18,86.705941366645,11.3955354640899,0.747576,13.5525,15.007,0.054,14.232,0.114,12.747,0.024,12.443,0.022,12.368,0.029,14.0787,0.00032,14.4978,0.002171,13.4811,0.001932,12.272,0.024,12.285,0.025,11.692,,8.831,,Theia4896,489.7788193684456,Kounkel2020,6595.0,1.96254,1.38
156500666,3.335476966489912e+18,87.251410208082,9.51524430565854,0.600395,15.7423,17.023,0.071,16.668,0.138,14.853,0.032,14.559,0.052,14.284,0.068,16.3278,0.000815,16.8085,0.005453,15.6802,0.00498,14.39,0.033,14.356,0.051,12.348,,8.882,,Theia4896,489.7788193684456,Kounkel2020,5729.0,1.00341,1.02
284286593,3.339994584891639e+18,85.9938060811973,11.1195238689887,0.498641,15.6024,17.513,0.019,16.517,1.133,14.674,0.036,14.304,0.06,14.128,0.064,16.2345,0.000913,16.776,0.006736,15.5532,0.00307,14.063,0.029,14.144,0.049,12.527,0.526,8.426,,Theia4896,489.7788193684456,Kounkel2020,5491.0,1.38875,0.96
156244293,3.3365104387016177e+18,86.4336753532926,10.1770906088002,0.475747,12.8386,14.006,0.048,13.377,0.114,12.156,0.024,11.955,0.024,11.868,0.027,13.26,0.000506,13.5782,0.001845,12.7699,0.002166,11.794,0.024,11.795,0.023,11.882,0.298,8.668,,Theia4896,489.7788193684456,Kounkel2020,6562.0,3.60315,1.36
156290568,3.3401400640241674e+18,86.6773312639005,11.8308281963009,0.504197,15.5924,17.43,0.076,16.255,0.183,14.639,0.043,14.222,0.05,14.004,0.064,16.2013,0.000883,16.7071,0.004965,15.5317,0.002671,13.974,0.029,13.914,0.041,12.311,0.467,8.83,,Theia4896,489.7788193684456,Kounkel2020,5615.0,1.32353,0.99
156145134,3.336506964071723e+18,86.0952255415787,10.1445719611459,0.457906,11.99,15.14,0.054,13.469,0.092,10.567,0.024,9.838,0.022,9.609,0.025,12.913,0.000571,13.8297,0.002769,11.9721,0.00133,9.49,0.022,9.558,0.019,9.51,0.039,8.47,,Theia4896,489.7788193684456,Kounkel2020,4434.0,13.6018,
156287294,3.336297648841875e+18,86.6323669524499,9.80440621856613,0.521071,16.4157,17.861,0.085,17.2152,0.0461,15.472,0.056,15.191,0.094,15.123,0.151,16.9832,0.001221,17.4411,0.0095,16.348,0.004754,15.239,0.045,15.181,0.099,12.248,,8.504,,Theia4896,489.7788193684456,Kounkel2020,5640.0,0.824372,1.0
156430051,3.335449032022725e+18,87.0772126596567,9.15513896796431,0.411614,15.7829,17.304,0.0,16.67,0.06,14.906,0.041,14.631,0.055,14.457,0.079,16.3327,0.000971,16.7724,0.007232,15.7149,0.004764,14.466,0.032,14.648,0.061,12.554,,8.965,,Theia4896,489.7788193684456,Kounkel2020,6081.0,1.28341,1.14
156501510,3.335371649595372e+18,87.2110206858433,8.91887068978075,0.567765,14.347,15.766,0.041,14.996,0.172,13.665,0.03,13.263,0.033,13.204,0.034,14.8487,0.001825,15.243,0.007539,14.2747,0.004426,13.018,0.025,13.017,0.029,12.019,,8.647,,Theia4896,489.7788193684456,Kounkel2020,6603.0,1.7098,1.38
247484081,3.3404096118739523e+18,85.7198505402365,12.1868789327649,0.402829,15.917,17.472,0.075,16.6677,0.046,15.022,0.041,14.77,0.056,15.053,0.14,16.4566,0.000897,16.8866,0.005999,15.8492,0.004987,14.455,0.033,14.535,0.062,11.892,,8.781,,Theia5329,588.8436553555885,Kounkel2020,6112.0,1.21381,1.15
144700536,3.340294957724108e+18,85.0215438832557,11.8454070212987,0.855343,14.88,16.747,0.008,15.653,0.24,13.991,0.026,13.542,0.03,13.488,0.047,15.4938,0.000675,16.0037,0.004639,14.8184,0.002587,13.365,0.026,13.366,0.032,12.373,0.506,8.569,,Theia5329,588.8436553555885,Kounkel2020,5587.0,1.11946,0.99
715841044,3.336073726424313e+18,85.6538244676768,8.85111958879524,0.324105,16.3223,,,16.9904,0.0465,,,,,,,16.8132,0.001058,17.1309,0.012105,16.1905,0.018389,,,,,,,,,Theia5329,588.8436553555885,Kounkel2020,6063.0,1.09302,1.13
200639903,3.33617608408724e+18,85.8737709281738,9.43579467169428,0.232089,16.1388,17.157,0.095,16.8149,0.0459,15.377,0.071,15.063,0.1,14.762,0.128,16.6341,0.000941,17.0205,0.005097,16.0694,0.003882,14.871,0.037,14.875,0.077,12.486,,8.836,,Theia5329,588.8436553555885,Kounkel2020,6309.0,1.50112,1.24
200594616,3.340299218331889e+18,85.4199199084985,11.7805485512765,0.994565,13.874,15.468,0.068,14.597,0.172,13.037,0.026,12.703,0.028,12.638,0.035,14.4258,0.000325,14.8718,0.002243,13.8109,0.001144,12.548,0.023,12.561,0.026,11.862,,8.767,,Theia5329,588.8436553555885,Kounkel2020,5952.0,1.36392,1.09
144772489,3.340317974450943e+18,85.2523373950525,11.955154220231,0.404777,12.1762,14.452,0.064,13.288,0.103,11.01,0.023,10.404,0.025,10.269,0.021,12.9301,0.000355,13.6296,0.001817,12.1356,0.000951,10.147,0.023,10.223,0.02,10.293,0.082,8.453,,Theia5329,588.8436553555885,Kounkel2020,4710.0,10.6683,
200592651,3.336441513066409e+18,85.3444219623205,9.94404796248273,0.418923,15.8454,17.154,0.171,16.418,0.15,15.214,0.067,14.708,0.083,14.379,,16.3629,0.000942,16.7717,0.005762,15.778,0.002173,14.386,0.03,14.462,0.053,12.472,,8.855,,Theia5329,588.8436553555885,Kounkel2020,6139.0,1.16374,1.16
200612356,3.340107417975236e+18,85.6895039090179,11.6585342005549,0.403798,14.6674,16.283,0.07,15.412,0.16,13.767,0.031,13.43,0.034,13.446,0.047,15.2157,0.000633,15.6551,0.003569,14.6011,0.002756,13.321,0.026,13.341,0.032,12.552,,8.897,,Theia5329,588.8436553555885,Kounkel2020,5937.0,2.21082,1.08
156147472,3.3402100204511867e+18,86.2347256625238,12.0982669673187,0.473858,15.8288,17.501,0.076,16.4,0.366,14.879,0.042,14.551,0.062,14.331,0.086,16.4557,0.000854,16.9891,0.010001,15.7746,0.003817,14.275,0.031,14.295,0.054,11.867,,9.089,,Theia5329,588.8436553555885,Kounkel2020,5376.0,1.3174,0.93
156146448,3.340018945946108e+18,86.1530624296065,11.2072835341668,0.400584,14.3623,15.738,0.047,15.01,0.057,13.602,0.026,13.358,0.04,13.238,0.032,14.8476,0.000428,15.2255,0.00301,14.2903,0.001465,13.211,0.024,13.224,0.03,12.518,,8.792,,Theia5329,588.8436553555885,Kounkel2020,6575.0,2.29101,1.37
127105277,3.340361375098355e+18,84.7700316097519,12.1273362858674,0.542685,15.0947,16.517,0.054,15.725,0.126,14.389,0.028,14.078,0.037,14.015,0.057,15.5728,0.000807,15.9455,0.001887,15.0229,0.003542,13.943,0.028,14.035,0.042,12.492,,9.083,,Theia5329,588.8436553555885,Kounkel2020,6655.0,1.22107,1.4
156243810,3.336912722518253e+18,86.4743136453009,10.5635257466203,0.260439,16.1546,18.957,0.171,17.6595,0.0489,14.774,0.04,14.29,0.047,14.004,0.067,17.0687,0.001359,17.9327,0.025762,16.1332,0.006904,14.011,0.029,13.964,0.043,12.241,,9.013,,Theia5329,588.8436553555885,Kounkel2020,4914.0,2.81298,
284287425,3.3401003441659003e+18,86.0333745287996,11.7441602459991,0.666531,14.2696,15.811,0.037,15.069,0.069,13.458,0.026,13.082,0.034,13.02,0.037,14.8091,0.000524,15.238,0.002397,14.2012,0.001125,12.936,0.024,12.922,0.028,12.208,0.395,8.406,,Theia5329,588.8436553555885,Kounkel2020,6039.0,1.63553,1.12
156241582,3.3401440798161423e+18,86.3282333598161,11.7302992855317,0.362489,15.3037,17.08,0.069,16.261,0.469,14.507,0.037,14.101,0.048,14.04,0.067,15.8744,0.000722,16.3397,0.004755,15.2411,0.004181,13.99,0.029,14.027,0.048,12.156,,8.926,,Theia5329,588.8436553555885,Kounkel2020,5947.0,1.86437,1.09
156244533,3.3363151379483817e+18,86.5178802706886,9.99980544654116,0.571676,16.368,17.739,0.089,17.245,0.0466,15.479,0.062,15.028,0.093,14.974,0.129,16.9782,0.001207,17.4818,0.017826,16.302,0.008041,,,,,,,,,Theia5329,588.8436553555885,Kounkel2020,5464.0,0.837515,0.96
144773611,3.3396767530155366e+18,85.3074572680603,11.0658650042789,0.481666,15.695,17.187,0.072,16.774,1.133,14.648,0.035,14.17,0.034,14.092,0.067,16.4499,0.00097,17.1052,0.00669,15.6402,0.003913,13.931,0.028,13.926,0.044,11.768,,8.817,,Theia5329,588.8436553555885,Kounkel2020,5655.0,1.60589,1.0
200594587,3.340276300386414e+18,85.3406946096053,11.7554675350026,0.635532,16.0259,18.2,0.09,16.811,1.133,14.999,0.064,14.613,0.087,14.261,0.102,16.7245,0.001092,17.3241,0.009248,15.9621,0.004148,14.313,0.031,14.488,0.056,12.399,,9.041,,Theia5329,588.8436553555885,Kounkel2020,5169.0,1.03739,0.88
200594043,3.3400573214770084e+18,85.331094840693,11.2504422815928,0.616785,15.1037,16.998,-0.098,15.966,0.218,14.163,0.04,13.74,0.044,13.615,0.055,15.7557,0.000762,16.3008,0.006232,15.0407,0.00454,13.541,0.027,13.564,0.035,11.989,0.338,8.048,0.242,Theia5329,588.8436553555885,Kounkel2020,5727.0,1.44412,1.02
144772744,3.3402745093829816e+18,85.2547976881696,11.7156595814921,1.04533,15.825,18.262,0.072,16.689,0.275,14.686,0.04,14.092,0.036,13.962,0.069,16.5986,0.0012,17.283,0.007342,15.7641,0.004544,13.854,0.028,13.87,0.041,12.275,,8.835,,Theia5329,588.8436553555885,Kounkel2020,4955.0,0.805535,0.82
200610464,3.336487898713205e+18,85.5906264481043,9.91458534354178,0.710591,13.9372,16.138,0.106,14.927,0.114,12.715,0.025,12.203,0.026,12.036,0.028,14.6786,0.001764,15.3001,0.006459,13.8436,0.004698,11.946,0.024,11.993,0.023,11.786,,8.809,,Theia5329,588.8436553555885,Kounkel2020,4922.0,2.66765,
156147823,3.340145591644621e+18,86.2890677099566,11.7244724011648,0.926095,16.2305,18.156,0.087,17.2922,0.0462,15.214,0.06,14.721,0.069,14.769,0.103,16.9356,0.001099,17.5523,0.008596,16.173,0.007034,14.513,0.041,14.685,0.074,12.271,,8.951,,Theia5329,588.8436553555885,Kounkel2020,5038.0,0.676572,0.84
144775531,3.3363769167580447e+18,85.2239405489868,9.5077566234475,0.449394,15.1546,16.399,0.067,15.614,0.058,14.453,0.038,14.2,0.041,14.198,0.08,15.5984,0.000727,15.9364,0.003643,15.0878,0.003249,13.994,0.028,14.019,0.043,12.381,0.523,8.484,,Theia5329,588.8436553555885,Kounkel2020,6265.0,1.35401,1.22
247464254,3.3403108662831084e+18,85.6574430178876,12.0034935359819,0.9232,14.847,16.69,0.15,15.702,0.275,13.868,0.027,13.422,0.025,13.218,0.038,15.4991,0.000724,16.0569,0.005135,14.79,0.002171,13.056,0.025,13.13,0.029,12.444,,8.679,,Theia5329,588.8436553555885,Kounkel2020,5258.0,1.15302,0.9
144774422,3.3395690008751104e+18,85.2233096456523,10.393338096586,0.30812,15.4978,16.335,0.072,16.045,0.115,14.685,0.037,14.289,0.049,14.483,0.086,16.0027,0.002,16.3972,0.006637,15.4281,0.005304,14.275,0.034,14.351,0.053,12.295,,8.87,,Theia5329,588.8436553555885,Kounkel2020,6206.0,1.74352,1.19
290176730,3.340110926965258e+18,85.4810970343546,11.72212123463,0.428386,12.0254,14.615,0.057,13.253,0.092,10.777,0.022,10.175,0.023,10.046,0.021,12.8276,0.000233,13.581,0.001513,11.9951,0.00071,9.914,0.022,9.984,0.021,9.862,0.055,8.705,,Theia5329,588.8436553555885,Kounkel2020,4859.4,10.9548,
200639922,3.3361765264681206e+18,85.9206528500066,9.45245402393484,0.844068,15.8761,17.652,0.077,16.735,1.133,14.733,0.044,14.332,0.059,14.316,0.084,16.556,0.001013,17.1508,0.012015,15.8253,0.004545,14.19,0.031,14.297,0.048,12.05,,8.536,,Theia5329,588.8436553555885,Kounkel2020,5145.0,0.825685,0.87
200593097,3.3365657235202314e+18,85.3616954079784,10.3602933659278,0.583535,15.4862,17.396,0.282,15.881,0.492,14.648,0.041,14.261,0.051,14.217,0.076,16.075,0.000821,16.556,0.006492,15.4206,0.002429,14.037,0.033,14.042,0.051,11.93,,8.889,,Theia5329,588.8436553555885,Kounkel2020,5647.0,1.17159,1.0
200640522,3.336493774228364e+18,85.8304271083552,10.0637566409735,0.574454,15.9537,17.671,0.2,16.648,0.06,15.108,0.065,14.875,0.086,14.858,0.136,16.5058,0.000942,16.9518,0.007855,15.8853,0.005329,14.511,0.033,14.661,0.065,12.337,,8.801,,Theia5329,588.8436553555885,Kounkel2020,6504.0,0.869119,1.33
200611369,3.339605907530726e+18,85.609832565175,10.7837163356407,0.48289,14.9665,16.683,0.07,15.974,0.126,14.086,0.035,13.605,0.041,13.633,0.053,15.5533,0.000645,16.0304,0.005785,14.8993,0.00279,13.587,0.027,13.47,0.033,12.379,,8.777,,Theia5329,588.8436553555885,Kounkel2020,6129.0,1.7109,1.16
144772538,3.3403045741543987e+18,85.264976020717,11.8800330230452,0.344724,16.2927,17.86,0.089,17.0811,0.0462,15.479,0.062,15.18,0.09,14.912,0.139,16.854,0.001176,17.2894,0.014426,16.2093,0.004612,14.923,0.036,14.946,0.082,12.339,,8.279,,Theia5329,588.8436553555885,Kounkel2020,6011.0,1.19375,1.11
247630970,3.3402291931851213e+18,86.5076903509013,12.088676651481,0.408382,15.512,17.242,0.054,16.267,0.378,14.708,0.032,14.405,0.039,14.299,0.071,16.0791,0.000749,16.54,0.004785,15.4487,0.005388,14.18,0.031,14.276,0.053,11.799,,8.703,,Theia5329,588.8436553555885,Kounkel2020,5958.0,1.52113,1.09
247484774,3.340407520227679e+18,85.9020605647338,12.1939448424408,0.37794,15.1808,16.37,0.072,15.834,0.16,14.403,0.029,14.107,0.039,14.103,0.058,15.6705,0.000686,16.0531,0.002708,15.1122,0.002276,13.94,0.031,13.992,0.042,12.601,,9.038,,Theia5329,588.8436553555885,Kounkel2020,6369.0,1.67032,1.27
156147054,3.340052343611386e+18,86.1463319516293,11.6941612842094,0.403868,16.0353,17.412,0.0,16.552,1.133,15.088,0.042,14.919,0.077,14.802,0.108,16.5911,0.000907,17.0343,0.005173,15.9654,0.004298,14.641,0.033,14.547,0.055,12.158,,9.087,,Theia5329,588.8436553555885,Kounkel2020,5903.0,1.18614,1.07
156147240,3.340195142684591e+18,86.1147108329293,11.8348756719231,0.792868,13.1921,14.15,0.054,13.696,0.126,12.602,0.024,12.43,0.026,12.375,0.029,13.5437,0.000457,13.8055,0.001417,13.1221,0.001955,12.305,0.023,12.339,0.025,11.721,0.296,8.833,,Theia5329,588.8436553555885,Kounkel2020,7161.0,1.69657,1.6
156147599,3.3401974791467366e+18,86.2247613510642,11.9267174645616,0.557571,14.0648,15.613,0.011,14.903,0.24,13.279,0.026,12.926,0.03,12.841,0.032,14.5812,0.000452,14.99,0.003123,13.9984,0.001327,12.785,0.026,12.811,0.028,12.01,,8.969,,Theia5329,588.8436553555885,Kounkel2020,6154.0,2.04916,1.17
156246457,3.335303381092302e+18,86.5006058940186,8.45100340774161,0.521619,15.1479,16.47,0.028,15.609,0.092,14.413,0.027,14.108,0.044,14.191,0.077,15.6288,0.0008,16.0048,0.005946,15.0838,0.002981,14.013,0.028,14.001,0.041,11.905,0.333,8.365,,Theia5329,588.8436553555885,Kounkel2020,6156.0,1.25669,1.17
200610950,3.336587129637205e+18,85.5764339583245,10.3913932137337,0.392547,16.1296,17.781,0.098,17.0241,0.0464,15.277,0.074,14.51,0.072,14.645,0.111,16.75,0.001032,17.258,0.016362,16.0608,0.005562,14.338,0.032,14.397,0.054,12.055,,8.94,,Theia5329,588.8436553555885,Kounkel2020,5776.0,1.27095,1.04
144773305,3.340058871962211e+18,85.3134347231587,11.3066265015989,0.323797,15.7818,17.373,0.073,16.558,0.195,14.915,0.036,14.558,0.05,14.506,0.087,16.41,0.000801,16.9223,0.008024,15.7084,0.004636,14.246,0.032,14.203,0.051,12.357,,8.731,,Theia5329,588.8436553555885,Kounkel2020,5593.0,1.79639,0.99
156147805,3.3401470691133967e+18,86.2894172139492,11.7400516092081,0.526726,16.3496,18.084,0.09,17.2533,0.0465,15.563,0.063,15.098,0.092,14.734,0.112,16.9746,0.001332,17.4952,0.015877,16.2871,0.008404,14.745,0.035,15.007,0.086,11.973,,9.024,,Theia5329,588.8436553555885,Kounkel2020,5543.0,0.924468,0.98
284284430,3.3362726693119703e+18,86.0048619538826,9.55435035574555,0.468311,15.4828,17.099,0.027,16.136,1.133,14.686,0.029,14.414,0.055,14.197,0.072,16.0137,0.00076,16.4339,0.004028,15.4138,0.004451,14.181,0.03,14.219,0.046,12.051,,8.864,,Theia5329,588.8436553555885,Kounkel2020,6116.0,1.28058,1.15
436158086,3.334424252826109e+18,83.9859679173053,7.56172307324412,0.677975,14.9003,16.168,0.077,15.28,0.309,14.032,0.042,13.733,0.055,13.686,0.061,15.3842,0.000624,15.7438,0.007124,14.8154,0.003581,13.294,0.025,13.338,0.032,12.473,,8.832,,Theia5513,660.6934480075965,Kounkel2020,6293.0,1.0969,1.23
436103354,3.339704966656649e+18,83.761796987778,10.4246384092188,0.917479,15.4698,17.351,0.073,16.37,0.343,14.441,0.038,13.973,0.036,13.83,0.055,16.1119,0.000767,16.648,0.004258,15.4007,0.003064,13.778,0.027,13.87,0.041,12.309,,8.943,,Theia5513,660.6934480075965,Kounkel2020,5253.0,0.85764,0.9
284199663,3.339447784014745e+18,84.445721420339,9.988748797821,0.982746,14.6289,16.219,0.071,15.485,0.217,13.752,0.034,13.395,0.033,13.35,0.039,15.1969,0.000585,15.6569,0.003847,14.5639,0.00265,13.157,0.025,13.219,0.03,12.315,,8.951,,Theia5513,660.6934480075965,Kounkel2020,5851.0,1.00532,1.06
309794334,3.333763205819172e+18,85.7779702520458,8.08072020712567,0.221877,13.293,15.666,0.017,14.367,0.149,12.14,0.026,11.557,0.025,11.423,0.023,14.0514,0.000321,14.7428,0.00206,13.2462,0.001439,11.286,0.023,11.348,0.022,11.101,0.163,8.124,,Theia5513,660.6934480075965,Kounkel2020,4802.0,10.5043,
200593196,3.3365686784577096e+18,85.4414777940002,10.4461443641526,0.58909,15.8269,17.891,0.074,16.686,1.133,14.744,0.04,14.196,0.057,14.006,0.063,16.5591,0.001004,17.1784,0.007573,15.7499,0.004471,13.939,0.027,14.034,0.045,11.844,,8.784,,Theia5513,660.6934480075965,Kounkel2020,5175.0,,
144773741,3.339668266160238e+18,85.211974982844,10.9493151146824,0.888381,14.2295,13.994,0.065,15.2053,0.046,13.223,0.031,12.872,0.037,12.817,0.034,14.8935,0.000456,15.4451,0.004129,14.1615,0.005086,,,,,,,,,Theia5513,660.6934480075965,Kounkel2020,5856.0,1.52969,1.06
156193774,3.335280050829976e+18,86.4084348524028,8.40118087680305,0.764832,15.6752,17.536,0.0,16.427,1.133,14.903,0.044,14.413,0.065,14.279,0.073,16.2404,0.000843,16.7082,0.006886,15.6199,0.003732,14.215,0.031,14.304,0.052,12.419,,8.962,,Theia5513,660.6934480075965,Kounkel2020,5670.0,0.804058,1.01
200476602,3.3373196062435543e+18,82.5732966260891,8.05027328525823,0.658272,15.9887,18.348,0.078,17.0576,0.0465,14.858,0.048,14.278,0.054,14.129,0.079,16.6965,0.001557,17.3103,0.014632,15.9216,0.005835,14.033,0.029,14.176,0.045,12.104,,8.546,,Theia5513,660.6934480075965,Kounkel2020,4943.0,1.0558,0.81
200514087,3.337735054136185e+18,82.8490276077935,8.5076183805636,0.805367,16.1057,17.598,0.082,16.737,0.492,14.995,0.052,14.634,0.073,14.315,0.092,16.7891,0.001225,17.3559,0.007359,16.0272,0.009047,14.16,0.031,14.261,0.051,11.761,,8.877,,Theia5513,660.6934480075965,Kounkel2020,5281.0,0.76947,0.91
436009249,3.3406919802031964e+18,83.6138049224625,11.5998929924402,0.543642,14.099,16.187,0.028,15.142,0.057,13.041,0.026,12.504,0.026,12.373,0.024,14.7889,0.000528,15.392,0.005162,14.0399,0.002262,12.313,0.023,12.363,0.024,12.094,,8.943,,Theia5513,660.6934480075965,Kounkel2020,4971.0,2.93955,
436159099,3.339740666424715e+18,83.9308702958766,10.6326570167186,0.575408,13.4438,14.604,0.025,14.111,0.137,12.747,0.024,12.525,0.029,12.498,0.024,13.8765,0.000328,14.2083,0.002081,13.3773,0.001144,12.363,0.023,12.38,0.023,12.013,0.342,8.837,,Theia5513,660.6934480075965,Kounkel2020,7044.97,2.02949,1.56
436102865,3.3346627051139123e+18,83.7511081337403,8.17843144858126,0.701039,10.6689,12.728,0.274,11.457,0.034,9.605,0.023,9.118,0.022,8.924,0.019,11.3638,0.000687,11.9889,0.001524,10.6288,0.000858,8.841,0.022,8.917,0.02,8.869,0.033,8.577,0.371,Theia5513,660.6934480075965,Kounkel2020,4991.26,11.3476,
200588361,3.3405873247378186e+18,83.3185984115612,11.3282661676777,0.663828,15.9101,16.921,0.097,16.717,1.133,15.353,0.074,14.858,0.089,14.726,0.123,16.4497,0.000824,16.8743,0.005425,15.8375,0.005657,,,,,,,,,Theia5513,660.6934480075965,Kounkel2020,5901.0,0.778333,1.07
436160147,3.333997848472868e+18,83.8972687007041,7.33814409691396,0.928882,15.7232,16.657,0.075,16.5015,0.046,14.876,0.042,14.447,0.057,14.337,0.077,16.2786,0.000902,16.6896,0.007077,15.6204,0.003366,14.298,0.031,14.363,0.053,12.55,,8.845,,Theia5513,660.6934480075965,Kounkel2020,5614.0,,
144668257,3.334590210362579e+18,84.7407752213876,8.41411428230101,0.733918,14.5814,16.037,0.033,15.354,0.08,13.79,0.029,13.51,0.026,13.437,0.044,15.0888,0.000535,15.4881,0.002158,14.515,0.00223,13.37,0.025,13.44,0.032,12.59,0.528,8.992,,Theia5513,660.6934480075965,Kounkel2020,6027.0,1.23352,1.12
436248540,3.339551000668477e+18,84.192696772578,10.6321974514685,0.254658,14.6312,17.025,0.013,15.846,0.103,13.484,0.027,12.897,0.023,12.804,0.03,15.3776,0.000486,16.0445,0.004518,14.5794,0.001582,12.695,0.025,12.723,0.026,11.904,0.438,8.615,,Theia5513,660.6934480075965,Kounkel2020,4950.0,4.83443,
200591630,3.3361332374939863e+18,85.3500225649784,8.9996842905507,0.400727,16.1578,16.807,0.095,16.525,1.133,15.324,0.072,14.821,0.077,14.658,0.112,16.7053,0.000924,17.1487,0.008701,16.0959,0.003365,14.863,0.037,14.86,0.076,12.313,,8.635,,Theia5513,660.6934480075965,Kounkel2020,5734.0,1.11959,1.02
309795593,3.336153784617116e+18,85.7924041254042,9.18115403600828,0.652694,13.5376,14.824,0.046,14.133,0.149,12.845,0.023,12.55,0.024,12.552,0.025,13.9942,0.000395,14.3477,0.00198,13.4734,0.001236,12.446,0.024,12.442,0.024,12.227,0.406,8.848,,Theia5513,660.6934480075965,Kounkel2020,6302.0,2.04972,1.24
436103187,3.3379292210179845e+18,83.7854918638975,9.61033074806204,0.698679,15.134,16.265,0.0,15.822,0.309,14.295,0.027,13.969,0.031,13.908,0.057,15.659,0.000709,16.0673,0.006195,15.059,0.001919,13.849,0.027,13.942,0.04,12.537,,9.016,,Theia5513,660.6934480075965,Kounkel2020,6120.0,1.02343,1.15
200542835,3.334736754646273e+18,83.2060086671512,8.55423098364962,0.899315,12.5723,13.875,0.067,13.233,0.069,11.845,0.025,11.58,0.024,11.453,0.025,13.0494,0.000367,13.4217,0.001674,12.5074,0.001613,11.396,0.023,11.404,0.02,11.063,0.155,8.941,0.515,Theia5513,660.6934480075965,Kounkel2020,6482.13,2.23577,1.32
144668208,3.33459096198019e+18,84.7468495864812,8.45958447973823,0.779058,15.7521,17.409,0.074,16.529,0.286,14.743,0.038,14.294,0.04,14.135,0.064,16.4124,0.000909,16.9871,0.008325,15.6994,0.002866,14.136,0.028,14.246,0.048,12.457,,8.636,,Theia5513,660.6934480075965,Kounkel2020,5113.0,0.919665,0.86
144704414,3.334619175621975e+18,84.9807923944524,8.67686260591964,0.591033,15.3312,16.972,0.122,15.908,0.275,14.536,0.027,14.249,0.046,14.001,0.061,15.8678,0.000667,16.2954,0.00468,15.2644,0.002267,13.996,0.028,13.952,0.043,11.846,,8.394,,Theia5513,660.6934480075965,Kounkel2020,6015.0,1.11987,1.11
144774497,3.3365659983981496e+18,85.290265320819,10.3450119968648,0.463871,15.713,16.907,0.072,16.328,0.584,14.834,0.036,14.421,0.041,14.379,0.087,16.2804,0.000951,16.7292,0.010145,15.6373,0.002882,14.235,0.029,14.374,0.052,12.488,,8.655,,Theia5513,660.6934480075965,Kounkel2020,5821.0,1.24193,1.05
436013183,3.337898808353894e+18,83.6116788191112,9.36916778562308,0.746473,15.6686,13.459,0.047,15.185,1.133,13.694,,13.377,,14.052,0.088,16.2545,0.00091,16.67,0.012039,15.5399,0.007492,13.561,0.093,13.596,0.097,12.037,0.364,8.56,,Theia5513,660.6934480075965,Kounkel2020,5587.0,0.852315,0.99
436008866,3.3397336226784e+18,83.68273859626,10.6708208696344,0.682164,13.8297,15.703,0.024,14.773,0.08,12.868,0.024,12.428,0.027,12.313,0.024,14.4672,0.0004,15.0119,0.001605,13.7748,0.001737,12.244,0.024,12.273,0.024,12.1,0.374,8.743,,Theia5513,660.6934480075965,Kounkel2020,5297.0,2.39789,
436243512,3.334685249398733e+18,84.2262689571069,8.44456437658136,0.754253,15.5321,16.717,0.072,16.38,0.092,14.584,0.035,14.128,0.047,14.081,0.064,16.1616,0.000991,16.6959,0.009564,15.4747,0.006384,13.874,0.028,13.934,0.041,12.101,0.405,8.762,,Theia5513,660.6934480075965,Kounkel2020,5297.0,0.983849,0.91
436244157,3.3399221502668554e+18,84.1986094651913,11.3506093830574,1.06548,14.2406,16.229,0.068,15.244,0.046,13.287,0.024,12.896,0.035,12.784,0.031,14.8799,0.000493,15.4271,0.003447,14.1899,0.002408,12.58,0.024,12.638,0.026,12.0,,8.71,,Theia5513,660.6934480075965,Kounkel2020,5498.0,1.2689,0.96
200640051,3.33627514321315e+18,85.9063953311681,9.5713887047987,0.57277,13.4626,15.81,0.031,14.565,0.126,12.311,0.026,11.742,0.023,11.599,0.025,14.2013,0.000354,14.8693,0.002374,13.4177,0.002188,11.527,0.023,11.584,0.022,11.689,0.282,9.099,,Theia5513,660.6934480075965,Kounkel2020,4910.0,4.0612,
290173657,3.336114408357095e+18,85.5096729796188,8.810336346913,0.782812,14.6916,15.671,0.068,15.369,0.115,13.809,0.027,13.393,0.035,13.256,0.044,15.2831,0.000565,15.7704,0.00788,14.6279,0.001787,13.195,0.026,13.25,0.031,12.154,0.464,8.285,,Theia5513,660.6934480075965,Kounkel2020,5471.0,1.30086,0.96
200638889,3.336045547144145e+18,85.8460124271624,8.56325036985496,0.853077,10.3813,12.368,0.245,11.329,0.022,9.319,0.021,8.759,0.023,8.607,0.023,11.091,0.000721,11.7409,0.002217,10.3431,0.001289,8.498,0.022,8.592,0.02,8.487,0.023,8.368,0.337,Theia5513,660.6934480075965,Kounkel2020,4838.0,11.1051,
156186170,3.3365278934483845e+18,86.213653315476,10.3356798964039,1.12822,15.8591,18.002,0.073,16.471,1.133,14.787,0.038,14.163,0.05,14.005,0.062,16.603,0.00114,17.2782,0.011597,15.803,0.0029,13.917,0.028,13.996,0.044,12.545,,8.823,,Theia5513,660.6934480075965,Kounkel2020,4694.0,0.730192,0.75
156246425,3.335303552890982e+18,86.5333168335667,8.4784943026302,0.719458,15.4169,16.889,0.036,15.744,0.149,14.674,0.038,14.359,0.046,14.121,0.061,15.9433,0.00077,16.3708,0.004897,15.3601,0.002166,14.137,0.03,14.191,0.045,12.532,,8.481,,Theia5513,660.6934480075965,Kounkel2020,5820.0,0.893751,1.05
200514273,3.3377520922699986e+18,82.8570191697766,8.73513938571075,0.751357,15.73,17.474,0.0,16.429,0.378,14.818,0.055,14.327,0.068,14.207,0.087,16.3195,0.000882,16.8072,0.005378,15.6698,0.002549,14.121,0.029,14.304,0.052,12.404,,8.686,,Theia5513,660.6934480075965,Kounkel2020,5578.0,0.828543,0.98
200545628,3.33402869922102e+18,83.2730697533105,7.27289856001321,0.964132,16.0054,17.352,0.08,16.505,0.081,15.016,0.049,14.504,0.063,14.386,0.087,16.6923,0.001238,17.2983,0.008658,15.9543,0.003478,14.275,0.03,14.614,0.061,11.808,0.321,8.586,0.384,Theia5513,660.6934480075965,Kounkel2020,5021.0,0.701018,0.83
436102746,3.334048357288001e+18,83.8599121725591,7.47444831857085,0.606809,15.7994,17.279,0.074,16.271,0.366,14.787,0.038,14.293,0.05,14.224,0.058,16.4536,0.000951,17.0201,0.004716,15.7471,0.003162,14.198,0.03,14.232,0.046,12.54,,9.005,,Theia5513,660.6934480075965,Kounkel2020,5190.0,1.1187,0.88
284198572,3.339843264603891e+18,84.3540404073114,10.9050865498191,0.788364,13.2322,14.703,0.038,13.999,0.114,12.438,0.029,12.13,0.023,12.088,0.026,13.7496,0.00029,14.1604,0.002583,13.1675,0.001306,12.011,0.023,12.031,0.023,12.307,0.481,8.43,,Theia5513,660.6934480075965,Kounkel2020,6480.73,1.89028,1.32
436244381,3.339971941823713e+18,84.2268769141481,11.7969490988084,0.396453,16.1526,17.399,0.077,16.557,1.133,15.373,0.044,15.15,0.091,15.345,0.179,16.6792,0.000921,17.1018,0.005875,16.0908,0.00406,14.945,0.038,15.075,0.096,12.454,,8.506,,Theia5513,660.6934480075965,Kounkel2020,5876.0,1.0824,1.06
200547131,3.337949390184052e+18,83.2756223860849,9.51866846054595,0.639508,14.7876,16.219,0.148,15.489,0.092,14.045,0.038,13.693,0.037,13.655,0.054,15.2954,0.000567,15.6949,0.0029,14.7194,0.001024,13.584,0.027,13.532,0.036,12.152,,9.041,,Theia5513,660.6934480075965,Kounkel2020,6248.0,1.26643,1.21
144617499,3.3395361229019085e+18,84.6498986651674,10.4807522803713,0.623351,15.1126,16.643,0.096,15.907,0.229,14.258,0.032,13.911,0.03,13.873,0.05,15.6608,0.001001,16.1031,0.006365,15.0491,0.002698,13.778,0.028,13.775,0.038,11.926,,8.884,,Theia5513,660.6934480075965,Kounkel2020,5997.0,1.20053,1.11
436159643,3.3348470451108966e+18,84.0429692070761,8.80469571286844,0.745891,15.9366,17.911,0.0,16.927,0.06,14.953,0.041,14.41,0.046,14.285,0.086,16.6146,0.001082,17.2062,0.009572,15.8832,0.005061,14.308,0.031,14.44,0.056,12.598,,8.738,,Theia5513,660.6934480075965,Kounkel2020,5104.0,0.905723,0.86
436248396,3.339438816123104e+18,84.2126147364419,9.88503870653225,0.636102,14.2734,16.222,-0.067,15.121,0.16,13.543,0.029,13.208,0.031,13.152,0.037,14.7816,0.000574,15.184,0.003816,14.2057,0.001469,13.051,0.025,13.071,0.029,11.658,,8.636,,Theia5513,660.6934480075965,Kounkel2020,6435.0,1.60576,1.3
284285709,3.3365803951286144e+18,86.0534594300883,10.4636759045739,0.781676,13.6453,15.094,0.041,14.322,0.114,12.885,0.024,12.569,0.025,12.543,0.026,14.1503,0.00034,14.5497,0.00515,13.5795,0.001112,12.439,0.025,12.474,0.025,12.045,,8.654,,Theia5513,660.6934480075965,Kounkel2020,6289.0,1.75962,1.23
156240295,3.336965155479005e+18,86.3255504903808,10.6855724732459,0.613096,13.5867,16.803,0.166,14.965,0.16,12.295,0.022,11.688,0.021,11.558,0.026,14.4265,0.000397,15.2102,0.002375,13.5625,0.001383,11.45,0.044,11.48,0.04,11.95,0.302,8.855,,Theia5513,660.6934480075965,Kounkel2020,5009.0,4.10571,
156189799,3.333467024874395e+18,86.2702021693291,7.32338967157992,1.0528,14.436,16.274,0.035,15.352,0.08,13.54,0.024,13.092,0.024,12.964,0.03,15.0728,0.000519,15.6109,0.002042,14.3781,0.001703,12.918,0.025,12.932,0.027,12.075,,8.861,,Theia5513,660.6934480075965,Kounkel2020,5452.0,1.17378,0.95
156188332,3.335298124052161e+18,86.2272547232341,8.60235057450361,0.893452,15.6962,,,16.7462,0.0462,14.632,0.037,14.178,0.055,13.888,0.055,16.3942,0.000842,17.0104,0.010353,15.6405,0.003088,13.95,0.029,14.06,0.043,12.107,,8.987,,Theia5513,660.6934480075965,Kounkel2020,4928.0,0.896117,0.81
156503683,3.334920647966383e+18,87.1732996703894,7.33150240230618,1.20451,13.8259,15.61,0.014,14.715,0.08,12.839,0.024,12.517,0.03,12.374,0.027,14.4553,0.000348,14.9837,0.001468,13.7689,0.001102,12.261,0.024,12.301,0.025,11.589,,8.876,,Theia5513,660.6934480075965,Kounkel2020,5894.0,1.29885,1.07
200546054,3.3342755438780503e+18,83.3113041595507,7.91255977158065,0.706087,15.4722,17.248,0.172,16.195,0.298,14.547,0.035,14.12,0.049,13.951,0.058,16.0771,0.00082,16.578,0.010015,15.4078,0.004756,13.932,0.028,13.908,0.041,12.155,,8.776,,Theia5513,660.6934480075965,Kounkel2020,5412.0,1.02716,0.94
200543569,3.3342535880052946e+18,83.2395104214526,7.69854439641174,0.61631,14.6037,16.307,0.086,15.494,0.126,13.698,0.034,13.271,0.042,13.192,0.054,15.1755,0.000707,15.6387,0.002891,14.5376,0.002223,12.859,0.024,12.82,0.028,12.203,0.346,8.604,,Theia5513,660.6934480075965,Kounkel2020,5698.0,1.61893,1.01
436158210,3.334643399237481e+18,83.901165194033,7.97991026558856,0.915681,14.8362,16.274,0.07,15.412,0.092,14.063,0.027,13.655,0.04,13.524,0.038,15.368,0.00042,15.7963,0.00301,14.7749,0.00198,13.508,0.026,13.529,0.033,12.223,0.442,8.388,,Theia5513,660.6934480075965,Kounkel2020,5766.0,0.934731,1.03
144546071,3.336418388962068e+18,84.578268326221,9.68097828008189,0.920584,14.847,16.447,0.049,15.71,0.183,14.023,0.027,13.613,0.035,13.499,0.047,15.4137,0.000592,15.8652,0.009651,14.7746,0.004381,13.456,0.026,13.496,0.034,12.409,,8.786,,Theia5513,660.6934480075965,Kounkel2020,5869.0,0.965698,1.06
290173491,3.3345625507732347e+18,85.4704267843659,8.64666127712195,0.525275,13.232,14.607,0.05,13.864,0.172,12.415,0.021,12.123,0.024,12.041,0.026,13.7202,0.000274,14.1052,0.001674,13.1693,0.00142,12.026,0.024,12.057,0.025,12.177,0.427,8.885,,Theia5513,660.6934480075965,Kounkel2020,6188.0,3.04727,1.18
156286677,3.336197180967008e+18,86.5998845546466,9.32747444731049,0.543681,15.434,17.22,0.199,16.04,0.309,14.578,0.027,14.171,0.038,14.071,0.053,16.0186,0.000816,16.4937,0.008123,15.3677,0.003064,13.998,0.029,14.135,0.046,12.266,,8.902,,Theia5513,660.6934480075965,Kounkel2020,5833.0,1.25656,1.05
290174772,3.336388770867649e+18,85.5281828511901,9.80634532059128,0.551577,16.1764,18.132,0.09,16.659,1.133,15.329,0.063,14.809,0.092,14.702,0.126,16.848,0.00124,17.4229,0.010367,16.1152,0.006715,14.504,0.032,14.768,0.066,12.432,,8.969,,Theia5513,660.6934480075965,Kounkel2020,5182.0,1.05822,0.88
156502619,3.335035478211508e+18,87.238635830485,8.07721984454818,0.573387,14.3997,15.644,0.057,15.081,0.103,13.658,0.029,13.407,0.027,13.321,0.034,14.8674,0.000723,15.2291,0.003787,14.3328,0.001974,13.263,0.027,13.247,0.031,11.955,,8.737,,Theia5513,660.6934480075965,Kounkel2020,6309.0,1.58395,1.24
156384053,3.336678354743295e+18,86.8662625729612,10.0489648890337,0.580685,15.9042,17.32,0.056,16.317,0.06,15.058,0.039,14.62,0.058,14.46,0.08,16.4876,0.000979,16.9735,0.010965,15.8481,0.002586,14.412,0.032,14.482,0.055,12.489,,8.75,,Theia5513,660.6934480075965,Kounkel2020,5563.0,0.973567,0.98
436013779,3.339827626625247e+18,83.59804742924,11.1338868172396,0.454641,15.7678,17.117,-0.098,16.124,1.133,14.955,0.038,14.578,0.045,14.551,0.085,16.2829,0.000844,16.6838,0.005349,15.6956,0.002349,14.553,0.032,14.521,0.059,12.249,,8.963,,Theia5513,660.6934480075965,Kounkel2020,5897.0,1.13608,1.07
435934435,3.334249945873217e+18,83.4877607805756,7.62725499202593,1.12836,14.6695,16.524,0.143,15.561,0.046,13.72,0.024,13.307,0.022,13.115,0.037,15.2919,0.000694,15.8118,0.002485,14.6051,0.002349,13.091,0.025,13.122,0.029,12.119,,8.857,,Theia5513,660.6934480075965,Kounkel2020,5316.0,0.97899,0.92
284201407,3.3347770242602373e+18,84.4656430963253,8.48196709818111,1.2257,15.121,17.091,0.137,15.872,0.172,14.246,0.032,13.724,0.027,13.615,0.042,15.7485,0.000768,16.2854,0.006508,15.0666,0.001682,13.587,0.025,13.633,0.037,12.349,,8.883,,Theia5513,660.6934480075965,Kounkel2020,5237.0,0.745037,0.89
144731814,3.333647310421601e+18,85.1135907143699,7.69013485894935,0.707928,15.5722,17.477,0.158,16.17,0.206,14.642,0.038,14.265,0.051,14.075,0.057,16.2194,0.000827,16.7793,0.006901,15.5242,0.002835,14.054,0.03,14.017,0.043,11.855,,8.328,,Theia5513,660.6934480075965,Kounkel2020,5349.0,1.04803,0.92
144733814,3.336349910003754e+18,85.1194787048395,9.34780443445816,0.614912,13.9829,15.27,0.038,14.604,0.092,13.273,0.026,12.981,0.028,12.915,0.035,14.4279,0.00046,14.7662,0.00183,13.9148,0.001308,12.87,0.024,12.865,0.027,12.256,,8.621,,Theia5513,660.6934480075965,Kounkel2020,6323.0,1.73656,1.25
144731415,3.333617451808651e+18,85.1392633587892,7.34904770666038,0.806342,15.7551,17.66,0.073,16.342,1.133,14.697,0.038,14.319,0.044,14.094,0.061,16.4279,0.000891,17.005,0.006598,15.6981,0.003629,14.07,0.029,14.098,0.047,11.827,,8.422,,Theia5513,660.6934480075965,Kounkel2020,5310.0,0.88564,0.91
436012769,3.334715073651546e+18,83.5079693937542,8.35053638231129,0.868728,15.8474,17.513,0.075,16.255,1.133,14.821,0.041,14.348,0.035,14.308,0.074,16.506,0.000912,17.0609,0.008703,15.7787,0.005805,,,,,,,,,Theia5513,660.6934480075965,Kounkel2020,5181.0,0.785063,0.88
144773591,3.339676791670696e+18,85.3211090732902,11.0822666046651,0.610292,14.3894,15.484,0.05,15.273,0.103,13.406,0.023,13.052,0.031,12.959,0.038,15.0621,0.000681,15.6358,0.002796,14.3338,0.003186,,,,,,,,,Theia5513,660.6934480075965,Kounkel2020,6164.0,2.02626,1.17
309908176,3.3366006330143365e+18,85.7355582153283,10.6526200018136,0.795491,14.4056,16.2,0.049,15.426,0.103,13.483,0.026,13.151,0.03,13.008,0.03,15.0233,0.000499,15.53,0.003749,14.3381,0.001493,12.806,0.024,12.804,0.027,12.063,0.416,8.292,,Theia5513,660.6934480075965,Kounkel2020,5814.0,1.47448,1.05
284283085,3.335293451127772e+18,85.9833754251301,8.50536942861267,0.409216,15.6402,17.029,0.086,16.03,0.241,14.837,0.041,14.604,0.067,14.415,0.082,16.124,0.000865,16.5018,0.006012,15.5739,0.004087,14.393,0.031,14.436,0.056,12.576,,8.661,,Theia5513,660.6934480075965,Kounkel2020,6254.0,1.23454,1.21
436244356,3.339927132427306e+18,84.2130946233463,11.4276239213489,0.467894,14.7392,16.379,0.068,15.518,0.092,13.888,0.026,13.61,0.031,13.573,0.046,15.2712,0.000472,15.6963,0.003118,14.6745,0.002659,13.392,0.027,13.42,0.033,12.526,0.53,8.491,,Theia5513,660.6934480075965,Kounkel2020,6015.0,1.81811,1.11
716121007,3.340057841169832e+18,85.3888994956244,11.2838854646095,0.807517,15.5511,,,16.5477,0.0464,,,,,,,16.2232,0.001198,16.7821,0.012725,15.4706,0.007768,,,,,,,,,Theia5513,660.6934480075965,Kounkel2020,5105.0,0.994761,0.86
156246032,3.335330628364764e+18,86.4926449801589,8.78055220916017,0.579895,14.1482,15.365,0.063,14.617,0.126,13.487,0.024,13.208,0.034,13.152,0.034,14.5858,0.000414,14.9213,0.002161,14.0845,0.002332,13.115,0.026,13.09,0.03,12.418,,8.896,,Theia5513,660.6934480075965,Kounkel2020,6326.0,1.68397,1.25
156143429,3.3360781244735165e+18,86.0888037382506,8.77332945078773,1.07889,14.7903,16.674,0.1,15.576,0.126,13.874,0.026,13.44,0.044,13.322,0.038,15.4197,0.000589,15.96,0.005003,14.7406,0.00226,13.271,0.025,13.331,0.03,11.976,,8.652,,Theia5513,660.6934480075965,Kounkel2020,5379.0,0.971943,0.93
156146394,3.3400184305500483e+18,86.0692480788224,11.1665699162153,0.755702,15.1656,17.032,0.125,15.912,0.138,14.354,0.037,13.886,0.046,13.848,0.058,15.7691,0.000754,16.269,0.005659,15.1049,0.003104,13.752,0.027,13.873,0.042,12.531,,8.904,,Theia5513,660.6934480075965,Kounkel2020,5710.0,1.07922,1.02
156499768,3.3366394595192274e+18,87.1905429635327,10.182567290617,0.493115,14.6927,16.079,0.035,15.347,0.183,13.923,0.029,13.7,0.033,13.668,0.039,15.1736,0.00075,15.5413,0.003178,14.6175,0.001302,13.222,0.026,13.288,0.034,11.666,,8.757,,Theia5513,660.6934480075965,Kounkel2020,6401.0,1.62267,1.28
436331698,3.339437334357225e+18,84.2318307942326,9.79555343276166,0.502818,14.4378,15.917,0.087,15.188,0.24,13.68,0.029,13.379,0.042,13.257,0.039,14.9728,0.000642,15.4039,0.003325,14.3753,0.001432,13.15,0.025,13.178,0.031,12.344,,8.235,,Theia5513,660.6934480075965,Kounkel2020,6177.0,1.94554,1.18
144616948,3.339459844282863e+18,84.6107424940895,10.0312307837581,0.687273,16.0105,17.335,0.086,16.627,1.133,15.098,0.058,14.629,0.057,14.537,0.09,16.647,0.000917,17.1815,0.012164,15.9469,0.002913,14.52,0.031,14.785,0.07,12.682,,8.91,,Theia5513,660.6934480075965,Kounkel2020,5319.0,0.870932,0.92
309795375,3.3361236854863683e+18,85.7026242877459,8.99107859541485,1.18906,15.9725,17.361,0.075,16.9578,0.0461,14.971,0.04,14.501,0.053,14.092,0.072,16.637,0.001087,17.2102,0.009042,15.9068,0.005336,14.262,0.03,14.334,0.05,12.038,,9.04,,Theia5513,660.6934480075965,Kounkel2020,4929.0,0.569442,0.81
200602860,3.334544511910836e+18,85.6418592287089,8.44816574278525,0.420339,15.4368,16.936,0.076,15.99,0.286,14.693,0.039,14.395,0.059,14.231,0.075,15.9482,0.000845,16.3476,0.005171,15.3668,0.00229,14.237,0.03,14.293,0.049,12.418,,8.469,,Theia5513,660.6934480075965,Kounkel2020,5972.0,1.4095,1.1
156192570,3.333491141115174e+18,86.3707158842515,7.38627338321795,0.547896,14.4701,15.566,0.067,15.235,0.126,13.734,0.026,13.402,0.03,13.374,0.042,14.9543,0.000485,15.3307,0.002088,14.401,0.00188,13.308,0.047,13.283,0.046,11.597,,9.029,,Theia5513,660.6934480075965,Kounkel2020,6356.0,1.63603,1.26
156432329,3.3369333383613875e+18,87.0653024138517,10.802316109339,1.08775,14.8634,16.602,0.069,15.671,0.458,13.975,0.028,13.542,0.033,13.473,0.042,15.4622,0.000672,15.9599,0.002593,14.8038,0.001153,13.386,0.026,13.387,0.032,12.432,,8.963,,Theia5513,660.6934480075965,Kounkel2020,5543.0,0.877021,0.98
156289101,3.337005626953731e+18,86.6011999517628,11.1344286963639,0.789933,14.9504,16.8,0.018,15.645,0.263,13.992,0.028,13.525,0.025,13.401,0.044,15.5913,0.000918,16.13,0.004823,14.8897,0.002895,13.284,0.025,13.306,0.031,12.382,0.469,8.582,,Theia5513,660.6934480075965,Kounkel2020,5491.0,1.23018,0.96
156350678,3.3363038980168166e+18,86.7177185241436,9.98184794597343,0.64262,15.2934,16.901,0.0,15.686,0.081,14.505,0.036,14.211,0.042,14.131,0.065,15.8173,0.000706,16.2279,0.006017,15.2225,0.003252,13.971,0.028,13.933,0.042,11.894,,9.03,,Theia5513,660.6934480075965,Kounkel2020,5891.0,1.04475,1.07
156390864,3.3354255299617044e+18,86.9925412474889,9.11164985225587,0.385015,10.0413,13.12,0.385,11.719,0.056,8.504,0.034,7.635,0.036,7.392,0.026,11.0215,0.000894,12.0661,0.00292,10.0345,0.001605,7.245,0.031,7.379,0.021,7.25,0.018,7.289,0.124,Theia5513,660.6934480075965,Kounkel2020,4047.0,45.8023,
156186213,3.3365275154912696e+18,86.2220721734971,10.3053901161899,0.761695,15.0075,16.34,0.158,15.949,0.206,14.117,0.042,13.786,0.054,13.609,0.05,15.6153,0.000948,16.1292,0.004649,14.9531,0.002553,13.408,0.026,13.485,0.035,12.51,,9.033,,Theia5513,660.6934480075965,Kounkel2020,5393.0,1.19222,0.94
156390464,3.3354695104266394e+18,86.9802340926217,9.41554731384752,0.795265,12.6868,14.003,0.045,13.31,0.114,11.938,0.022,11.704,0.027,11.629,0.021,13.1535,0.000378,13.5185,0.001615,12.6172,0.00161,11.581,0.023,11.586,0.022,12.293,0.393,8.966,,Theia5513,660.6934480075965,Kounkel2020,6727.0,2.52386,1.43
156390439,3.335469643570719e+18,87.0085136918407,9.43599211284294,0.604976,15.5986,17.317,0.071,16.438,0.046,14.603,0.033,14.3,0.035,14.131,0.055,16.246,0.001124,16.7927,0.005128,15.5414,0.00361,14.015,0.029,14.072,0.044,12.124,,8.483,,Theia5513,660.6934480075965,Kounkel2020,5702.0,1.16764,1.02
156351200,3.336238584451659e+18,86.6792497842919,9.59431621181345,0.668717,14.6618,15.883,0.07,15.329,0.126,13.95,0.032,13.639,0.022,13.579,0.044,15.1439,0.000702,15.5142,0.002204,14.5904,0.002106,13.511,0.027,13.474,0.033,11.796,,8.907,,Theia5513,660.6934480075965,Kounkel2020,6185.0,1.24456,1.18
156291410,3.3370086205477914e+18,86.6954625758244,11.2224850703547,1.04306,15.4908,,,16.327,0.103,14.411,0.046,13.941,0.035,13.781,0.066,16.2012,0.000715,16.8295,0.010627,15.4456,0.00299,13.317,0.026,13.466,0.033,12.421,0.538,8.871,,Theia5513,660.6934480075965,Kounkel2020,5221.0,0.83265,0.89
156501135,3.335450436475753e+18,87.2299879193721,9.19248322228495,0.900779,12.7147,14.657,0.039,13.631,0.114,11.732,0.023,11.322,0.022,11.179,0.019,13.3601,0.00035,13.9126,0.003228,12.6589,0.001337,11.098,0.023,11.123,0.022,11.086,0.144,8.359,,Theia5513,660.6934480075965,Kounkel2020,5260.0,3.11275,
156350281,3.336702299184196e+18,86.7834477254676,10.2635653672737,0.548389,16.4772,17.873,0.083,17.4637,0.0493,15.413,0.053,14.935,0.079,14.97,0.126,17.1467,0.001199,17.6253,0.031246,16.3302,0.024121,14.824,0.037,15.073,0.095,12.508,,8.354,,Theia5797,758.5775750291851,Kounkel2020,5681.0,0.884629,1.01
156143869,3.3361083610432067e+18,86.0862273669144,9.15254943620112,0.636544,15.8798,18.202,0.075,16.8561,0.0461,14.987,0.042,14.433,0.052,14.23,0.068,16.5427,0.000976,17.1015,0.009242,15.8144,0.003868,13.855,0.032,13.845,0.044,9.814,0.089,6.586,0.111,Theia5797,758.5775750291851,Kounkel2020,5319.0,1.03436,0.92
156360023,3.336244146432705e+18,86.8390066044331,9.64204982447239,0.614255,10.9835,14.162,0.051,12.451,0.069,9.516,0.024,8.721,0.046,8.515,0.019,11.9185,0.000355,12.8604,0.001237,10.9704,0.001304,8.346,0.022,8.418,0.021,8.316,0.027,8.288,0.279,Theia5797,758.5775750291851,Kounkel2020,4371.0,16.8585,
156352383,3.335318392002301e+18,86.6693046281197,8.7402927537407,1.51442,16.0831,19.194,0.171,17.7707,0.0469,14.751,0.043,13.965,0.035,13.831,0.055,17.0715,0.001209,18.0606,0.013471,16.0965,0.004061,13.791,0.027,13.84,0.041,12.582,,8.695,,Theia5797,758.5775750291851,Kounkel2020,3803.0,0.656194,0.631749
156391038,3.3354217804547466e+18,86.9158486120667,8.96852717968677,0.506677,15.5744,17.135,0.017,16.236,0.561,14.711,0.037,14.228,0.039,14.197,0.06,16.1663,0.000874,16.6538,0.008614,15.512,0.003315,14.143,0.029,14.158,0.043,12.343,,9.039,,Theia5797,758.5775750291851,Kounkel2020,6201.0,1.24104,1.19
156189256,3.333700838597761e+18,86.2423590566759,7.83992806664308,0.698417,16.2589,17.783,0.083,17.2067,0.0469,15.268,0.053,14.827,0.069,14.665,0.093,16.9065,0.001114,17.4454,0.020501,16.1878,0.009428,14.643,0.034,14.721,0.068,12.087,,8.795,,Theia5797,758.5775750291851,Kounkel2020,5280.0,0.782556,0.91
156193890,3.3353072594465126e+18,86.388717506,8.49410769744689,0.689606,16.067,17.553,0.078,16.968,0.0464,15.212,0.045,14.693,0.062,14.587,0.09,16.6893,0.00098,17.2158,0.015222,16.0077,0.004119,14.502,0.032,14.589,0.057,12.406,,8.987,,Theia5797,758.5775750291851,Kounkel2020,5253.0,0.83569,0.9
80565411,3.335023448007836e+18,87.3041875352309,7.89888278977567,0.451303,15.8624,17.634,0.054,16.465,1.133,14.821,0.04,14.373,0.044,14.164,0.067,16.5533,0.001069,17.1455,0.008157,15.8078,0.004711,14.087,0.031,14.011,0.044,12.344,,8.806,,Theia5797,758.5775750291851,Kounkel2020,5674.0,1.43955,1.01
156390929,3.335435219407946e+18,86.9111725428594,9.06016477879033,0.600521,13.8257,15.366,0.048,14.607,0.137,13.018,0.029,12.694,0.03,12.617,0.029,14.3628,0.000339,14.7938,0.001731,13.7603,0.001728,12.506,0.024,12.496,0.025,12.386,,8.958,,Theia5797,758.5775750291851,Kounkel2020,6256.0,2.18571,1.22
156239687,3.336514664949112e+18,86.3116795635693,10.2549594920174,0.432872,14.8527,15.977,0.072,15.542,0.183,14.079,0.036,13.752,0.035,13.686,0.053,15.3522,0.000707,15.7421,0.005997,14.7847,0.002469,13.599,0.027,13.684,0.039,11.851,,8.971,,Theia5797,758.5775750291851,Kounkel2020,6037.0,1.76907,1.12
156502748,3.3350254065130235e+18,87.2650290040337,7.98490619529363,0.444531,16.2369,18.28,0.071,17.3726,0.0464,15.197,0.035,14.642,0.033,14.416,0.085,16.9824,0.001292,17.6472,0.011987,16.2001,0.005976,14.401,0.034,14.543,0.058,11.515,0.265,8.212,,Theia5797,758.5775750291851,Kounkel2020,5568.0,1.33464,0.98
156244109,3.336890423048132e+18,86.4296026404913,10.3138351401849,0.763459,14.8477,15.639,0.073,15.535,0.115,13.964,0.038,13.63,0.049,13.528,0.048,15.4167,0.000613,15.88,0.003631,14.7831,0.001786,13.322,0.025,13.412,0.034,12.126,,8.784,,Theia5797,758.5775750291851,Kounkel2020,5549.0,1.19356,0.98
156390984,3.3354223302106184e+18,86.9514369855224,9.01199000838961,0.408174,15.6215,17.512,0.194,16.261,0.058,14.577,0.036,14.215,0.05,13.967,0.052,16.2886,0.000899,16.8493,0.005356,15.5593,0.002258,14.003,0.029,14.002,0.044,12.412,,8.853,,Theia5797,758.5775750291851,Kounkel2020,5801.0,1.66819,1.04
156350421,3.3366934000125926e+18,86.7094243113067,10.1570300934465,0.789719,15.9281,17.972,0.078,16.77,1.133,14.937,0.046,14.418,0.047,14.305,0.074,16.616,0.000873,17.2241,0.009572,15.8775,0.002564,14.214,0.031,14.18,0.047,11.291,0.161,8.547,0.375,Theia5797,758.5775750291851,Kounkel2020,4999.0,0.886299,0.83
309796113,3.336369941731035e+18,85.7263530233009,9.59086187619555,0.830695,15.9527,17.739,0.075,17.0119,0.046,14.895,0.04,14.421,0.05,14.305,0.084,16.655,0.000947,17.2708,0.004094,15.8909,0.006084,14.109,0.031,14.059,0.046,12.086,,8.805,,Theia5797,758.5775750291851,Kounkel2020,4903.0,0.863034,0.8
156285240,3.3352261747603983e+18,86.6292033785703,8.21894070629574,0.578071,15.3385,17.022,0.019,16.208,0.183,14.464,0.026,14.152,0.039,14.073,0.069,15.911,0.000708,16.3837,0.003611,15.2816,0.001974,14.031,0.029,14.02,0.043,12.228,,8.818,,Theia5797,758.5775750291851,Kounkel2020,5837.0,1.21685,1.05
156350629,3.336305207983959e+18,86.6760936100739,10.0249507784768,0.565254,13.3365,14.581,0.053,13.871,0.137,12.638,0.029,12.379,0.027,12.291,0.029,13.7833,0.000297,14.1144,0.003957,13.2588,0.002869,12.185,0.023,12.194,0.024,11.787,,8.933,,Theia5797,758.5775750291851,Kounkel2020,6367.0,2.53718,1.27
156284502,3.3335021405269007e+18,86.6269279317918,7.61459803417458,0.500427,14.611,15.985,0.087,15.322,0.115,13.82,0.022,13.491,0.029,13.428,0.041,15.1149,0.000473,15.5131,0.002781,14.5426,0.001181,13.425,0.025,13.433,0.034,12.558,,8.814,,Theia5797,758.5775750291851,Kounkel2020,6482.0,1.71113,1.32
156247307,3.3335072214716124e+18,86.4673432407964,7.7037702160319,0.369074,16.1682,17.101,0.085,17.0854,0.0462,15.064,0.056,14.625,0.055,14.755,0.106,16.8004,0.0012,17.3109,0.012435,16.088,0.00528,14.406,0.032,14.448,0.055,12.469,,9.13,,Theia5797,758.5775750291851,Kounkel2020,5507.0,1.34805,0.97
284285646,3.3365317760991805e+18,86.0460761169253,10.4251123659239,0.483048,14.5027,15.404,0.055,15.182,0.035,13.671,0.026,13.37,0.033,13.245,0.043,15.0501,0.00045,15.4883,0.003512,14.4351,0.001838,,,,,,,,,Theia5797,758.5775750291851,Kounkel2020,6177.0,2.00001,1.18
156142007,3.333685587170591e+18,86.0874186925708,7.57330692775338,0.635439,13.5001,14.453,0.041,14.009,0.126,12.899,0.023,12.803,0.024,12.678,0.027,13.8528,0.000272,14.1231,0.001019,13.4319,0.0028,12.582,0.023,12.628,0.025,12.034,0.346,8.682,,Theia5797,758.5775750291851,Kounkel2020,7349.0,1.82111,1.67
156246934,3.335216927693124e+18,86.4197656849976,8.03502170114229,0.360231,15.8838,17.629,0.076,16.607,1.133,14.845,0.042,14.344,0.062,14.255,0.073,16.5802,0.000956,17.1911,0.008717,15.8348,0.004764,14.179,0.03,14.351,0.054,12.434,,8.825,,Theia5797,758.5775750291851,Kounkel2020,5209.0,1.77852,0.89
156244700,3.336302081247827e+18,86.5114812082953,9.87828162908468,0.770353,15.0866,16.72,0.077,15.753,0.172,14.294,0.029,13.853,0.041,13.755,0.052,15.6186,0.000642,16.0405,0.005608,15.019,0.002435,13.694,0.028,13.789,0.039,12.057,,8.77,,Theia5797,758.5775750291851,Kounkel2020,5907.0,0.975676,1.07
200603225,3.336060837226969e+18,85.6390291323038,8.64152157156944,0.620184,15.5445,15.963,0.072,16.112,1.133,14.751,0.04,14.439,0.058,14.269,0.078,16.0752,0.000663,16.5,0.003999,15.481,0.003889,14.261,0.031,14.528,0.059,11.84,,8.68,,Theia5797,758.5775750291851,Kounkel2020,5808.0,0.977024,1.04
290173357,3.3345582858695327e+18,85.4794595602407,8.52993875770304,0.513481,14.7332,16.968,0.186,15.65,0.183,13.701,0.029,13.27,0.032,13.038,0.04,15.4084,0.000547,16.0006,0.004065,14.6799,0.00184,13.019,0.025,13.043,0.029,12.017,,8.263,,Theia5797,758.5775750291851,Kounkel2020,5018.0,2.25375,
715841043,3.336073722129021e+18,85.645452118274,8.85367603279381,0.487059,15.9986,,,16.7365,0.046,,,,,,,16.5309,0.000944,16.9653,0.008918,15.9431,0.006003,,,,,,,,,Theia5797,758.5775750291851,Kounkel2020,5789.0,0.992866,1.04
284285644,3.336531776099181e+18,86.0454950570188,10.4238954964745,0.510962,14.5287,14.742,0.083,15.295,0.206,13.66,0.058,13.304,0.068,13.231,0.058,15.0931,0.000418,15.549,0.004083,14.4626,0.003268,12.538,0.024,12.579,0.027,12.047,,8.626,,Theia5797,758.5775750291851,Kounkel2020,6058.0,1.9336,1.13
156144404,3.3362789915037926e+18,86.1212993597759,9.60514393405579,0.551776,16.0174,17.441,0.079,16.8251,0.046,15.171,0.047,14.777,0.06,14.665,0.092,16.5896,0.001013,17.052,0.006802,15.9499,0.003609,14.562,0.031,14.561,0.057,12.357,,8.626,,Theia5797,758.5775750291851,Kounkel2020,5687.0,0.940754,1.01
156391700,3.335261359132414e+18,86.9727471214178,8.52140313554044,0.554846,13.6482,14.846,0.055,14.155,0.172,12.977,0.026,12.719,0.022,12.623,0.029,14.0872,0.000303,14.4232,0.003192,13.5803,0.001713,12.555,0.023,12.573,0.026,12.116,0.388,8.579,,Theia5797,758.5775750291851,Kounkel2020,6555.0,2.20338,1.36
156142944,3.335288022289115e+18,86.0782930051927,8.37728182201194,0.541798,15.9896,16.706,0.082,16.288,1.133,15.229,0.054,14.865,0.069,14.808,0.113,16.5283,0.000945,16.9712,0.008449,15.936,0.003444,,,,,,,,,Theia5797,758.5775750291851,Kounkel2020,5774.0,0.915229,1.03
156358465,3.335259916023556e+18,86.8196538005792,8.46696408047274,0.560966,15.5921,16.08,0.075,16.199,0.686,14.764,0.044,14.318,0.059,14.282,0.068,16.1614,0.000658,16.6306,0.004407,15.5343,0.004061,14.213,0.031,14.258,0.05,12.331,,8.758,0.442,Theia5797,758.5775750291851,Kounkel2020,5686.0,1.12227,1.01
156189217,3.3337112538948966e+18,86.1955113083939,7.87331519953259,0.65716,14.9834,16.249,0.011,15.864,0.343,14.247,0.042,13.838,0.046,13.85,0.053,15.4945,0.00058,15.9009,0.002192,14.9203,0.002584,13.711,0.037,13.756,0.045,12.342,,8.425,,Theia5797,758.5775750291851,Kounkel2020,6067.0,1.14346,1.13
156428770,3.335052481985853e+18,87.1260300094727,8.21788990625345,0.381144,15.5331,17.006,0.021,16.277,0.343,14.699,0.036,14.349,0.049,14.36,0.067,16.0658,0.000883,16.4913,0.008058,15.4682,0.002086,14.193,0.03,14.258,0.048,12.067,,8.611,,Theia5797,758.5775750291851,Kounkel2020,5844.0,1.52358,1.05
80565903,3.3350513137561027e+18,87.2761804069529,8.24284528097175,1.24995,15.6435,18.064,0.049,16.523,1.133,14.475,0.033,13.933,0.037,13.736,0.044,16.4319,0.00086,17.1816,0.007714,15.6033,0.003804,13.671,0.027,13.753,0.039,12.298,,8.718,,Theia5797,758.5775750291851,Kounkel2020,4532.0,0.792244,0.71
156501858,3.335346227685816e+18,87.2058451732644,8.65679196695991,0.623209,15.2533,16.706,0.147,15.879,0.252,14.474,0.039,14.155,0.044,14.081,0.063,15.7574,0.000784,16.1532,0.00197,15.1858,0.002182,14.062,0.031,14.133,0.046,12.423,,8.592,,Theia5797,758.5775750291851,Kounkel2020,6180.0,1.05141,1.18
290172902,3.333778289744335e+18,85.5359669453981,8.119997578412,0.364922,15.7325,16.649,0.075,16.411,1.133,14.915,0.042,14.363,0.056,14.39,0.102,16.2774,0.000921,16.7042,0.009367,15.6569,0.003764,14.355,0.03,14.296,0.054,12.216,,8.885,,Theia5797,758.5775750291851,Kounkel2020,5847.0,1.44945,1.06
156350758,3.3363004663403587e+18,86.7504291681695,9.93256771310001,0.654274,14.7709,16.281,0.087,15.431,0.013,14.005,0.03,13.591,0.031,13.553,0.039,15.2914,0.000647,15.6993,0.002929,14.7005,0.001662,13.47,0.025,13.431,0.033,12.071,0.401,8.507,0.352,Theia5797,758.5775750291851,Kounkel2020,5912.0,1.29701,1.08
156359978,3.336238172134776e+18,86.7856150560067,9.60799514282987,0.603021,15.741,17.508,0.077,16.268,1.133,14.845,0.044,14.373,0.049,14.329,0.08,16.3296,0.000854,16.8036,0.00394,15.669,0.00606,14.335,0.032,14.365,0.05,12.288,0.477,8.756,,Theia5797,758.5775750291851,Kounkel2020,6107.0,0.978832,1.15
284282492,3.3337642366117693e+18,86.0036175070819,8.02848616098943,0.590289,16.0623,17.354,0.071,17.0321,0.0472,15.004,0.033,14.585,0.049,14.317,0.075,16.7208,0.004805,17.2918,0.017237,16.0093,0.01487,14.324,0.032,14.413,0.057,11.903,0.278,8.481,,Theia5797,758.5775750291851,Kounkel2020,5158.0,1.02996,0.87
156244896,3.336292804118511e+18,86.4597045424969,9.73232626587827,0.691202,15.9345,17.56,0.084,16.7598,0.046,15.176,0.054,14.628,0.059,14.567,0.087,16.5163,0.000909,16.9979,0.007812,15.8756,0.002909,14.512,0.032,14.611,0.06,12.471,,8.761,,Theia5797,758.5775750291851,Kounkel2020,5549.0,0.8149,0.98
156353930,3.3349873015613926e+18,86.7759415762047,7.55664877359802,0.594204,14.4813,15.804,0.058,15.288,0.172,13.703,0.03,13.403,0.038,13.322,0.04,14.9862,0.000534,15.3815,0.003337,14.4125,0.001979,13.166,0.026,13.211,0.031,12.301,,8.797,,Theia5797,758.5775750291851,Kounkel2020,6178.0,1.56352,1.18
156390796,3.335460950556733e+18,87.006918752686,9.16334626584628,0.481739,16.21,18.147,0.08,17.191,0.0461,15.257,0.049,14.785,0.065,14.666,0.087,16.8756,0.00101,17.4481,0.006153,16.1565,0.006801,14.542,0.032,14.631,0.066,11.745,,8.435,,Theia5797,758.5775750291851,Kounkel2020,5354.0,1.14883,0.93
156428340,3.335026643462271e+18,87.0449204873841,7.91057436018627,0.47085,15.0556,16.706,0.071,15.956,0.137,14.054,0.032,13.666,0.036,13.47,0.045,15.7027,0.001008,16.2599,0.006771,15.0083,0.00345,13.471,0.028,13.489,0.038,12.392,,8.802,,Theia5797,758.5775750291851,Kounkel2020,5590.0,1.90616,0.99
156499627,3.336710755976303e+18,87.2135639035262,10.2699414900771,0.590108,14.6322,16.521,0.04,15.59,0.126,13.631,0.03,13.261,0.022,13.145,0.033,15.2708,0.00071,15.8057,0.00239,14.5718,0.001611,13.032,0.025,13.029,0.028,11.47,0.26,9.015,0.501,Theia5797,758.5775750291851,Kounkel2020,5666.0,1.84807,1.01
156500197,3.336618736299685e+18,87.220718755758,9.87322560610643,0.38372,14.8671,15.744,0.074,15.85,0.378,14.04,0.04,13.708,0.046,13.58,0.05,15.4181,0.00082,15.8656,0.005191,14.8062,0.002126,13.525,0.027,13.495,0.036,11.759,,8.708,,Theia5797,758.5775750291851,Kounkel2020,5869.0,2.12934,1.06
156392376,3.335040352998004e+18,87.0275801345789,8.0320938430756,0.523817,15.296,16.764,0.048,15.978,0.229,14.51,0.036,14.146,0.045,14.112,0.05,15.8082,0.000831,16.215,0.005094,15.2319,0.001454,14.003,0.03,13.959,0.044,12.505,,8.258,,Theia5797,758.5775750291851,Kounkel2020,6122.0,1.22551,1.16
80565510,3.33503021687638e+18,87.3320199869876,7.97072442653733,0.332128,15.8845,17.482,0.065,16.43,1.133,14.97,0.054,14.404,0.075,14.128,0.069,16.5951,0.001027,17.2092,0.00747,15.8315,0.008952,13.927,0.031,13.965,0.044,11.946,,8.626,,Theia5797,758.5775750291851,Kounkel2020,5581.0,1.87318,0.99
156429102,3.3352484742305275e+18,87.0294111488029,8.46332694040186,0.822474,15.8599,17.609,0.081,16.8046,0.0461,14.941,0.051,14.505,0.041,14.431,0.075,16.5058,0.000821,17.0404,0.00994,15.7859,0.003916,14.245,0.03,14.242,0.048,11.985,,8.688,,Theia5797,758.5775750291851,Kounkel2020,5264.0,0.801728,0.9
436244811,3.339443416031058e+18,84.2009319901854,9.92728044420912,0.535733,15.9514,17.968,0.077,16.8897,0.0463,14.958,0.045,14.481,0.047,14.414,0.079,16.5951,0.001021,17.132,0.0135,15.8871,0.005273,14.428,0.04,14.499,0.066,12.199,,8.914,,Theia5834,776.2471166286928,Kounkel2020,5569.0,1.11057,0.98
144546872,3.3348342332245217e+18,84.5414221862957,9.00672596007812,0.522801,14.7804,16.604,0.102,15.538,0.115,13.949,0.026,13.608,0.024,13.422,0.043,15.333,0.000722,15.777,0.003869,14.7145,0.001569,13.353,0.025,13.285,0.033,11.724,,8.835,,Theia5834,776.2471166286928,Kounkel2020,5920.0,1.66501,1.08
436158821,3.3379879074508426e+18,83.9080405306484,9.85707144328462,0.796747,15.4076,17.236,0.0,16.232,0.229,14.426,0.045,13.968,0.06,13.942,0.069,16.0601,0.000718,16.6032,0.006977,15.3396,0.006859,13.554,0.026,13.622,0.035,11.975,,8.446,,Theia5834,776.2471166286928,Kounkel2020,5476.0,1.008,0.96
436158739,3.337927498734025e+18,83.8931789649465,9.60992159479426,0.623402,15.4616,17.465,-0.159,16.029,0.103,14.561,0.037,14.163,0.055,14.028,0.063,16.011,0.000859,16.4436,0.004472,15.386,0.004185,14.147,0.03,14.141,0.045,12.264,,8.307,,Theia5834,776.2471166286928,Kounkel2020,6200.0,1.01206,1.19
144617272,3.339485373568396e+18,84.6206078138771,10.2989005066177,0.532433,12.5359,14.842,0.065,13.634,0.137,11.388,0.024,10.816,0.022,10.694,0.026,13.2695,0.000295,13.9357,0.002183,12.4879,0.001084,10.598,0.023,10.646,0.021,10.456,0.09,8.903,,Theia5834,776.2471166286928,Kounkel2020,4797.0,6.71912,
436332060,3.3399229104771656e+18,84.2970558623169,11.3809396675386,0.926977,15.3625,17.342,0.072,16.416,0.298,14.48,0.035,13.98,0.031,14.052,0.073,15.9922,0.000761,16.5212,0.007907,15.3009,0.00318,13.766,0.028,13.805,0.037,12.022,0.343,8.356,,Theia5834,776.2471166286928,Kounkel2020,5357.0,0.867953,0.93
436103328,3.33951220422803e+18,83.8409376022121,10.2050908700246,0.330842,16.1488,18.26,0.083,16.9238,0.0461,15.297,0.054,14.986,0.075,15.023,0.177,16.7022,0.001408,17.1197,0.010146,16.054,0.006182,14.748,0.035,14.689,0.065,12.073,,8.777,,Theia5834,776.2471166286928,Kounkel2020,6236.0,1.23547,1.21
436155730,3.3348731971679744e+18,84.0234110949437,9.06769803970413,0.385873,16.4284,17.988,0.092,17.3655,0.0465,15.443,0.066,14.886,0.085,14.959,0.134,17.0701,0.001129,17.6233,0.016141,16.3765,0.004478,,,,,,,,,Theia5834,776.2471166286928,Kounkel2020,5249.0,1.18696,0.9
200515940,3.339043193797788e+18,82.8760056693662,10.7587213226864,0.314742,15.7838,17.042,-0.085,16.555,0.23,15.176,0.06,14.812,0.081,14.74,0.126,16.3057,0.000989,16.7154,0.005144,15.7134,0.001986,,,,,,,,,Theia5834,776.2471166286928,Kounkel2020,6063.0,1.5149,1.13
436154304,3.339917477341684e+18,83.8706113878979,11.2544448532706,0.58064,13.53,14.759,0.04,14.177,0.16,12.849,0.024,12.582,0.022,12.529,0.026,13.973,0.000346,14.3116,0.001663,13.461,0.001259,12.436,0.024,12.425,0.025,12.084,0.385,8.891,,Theia5834,776.2471166286928,Kounkel2020,6542.0,2.24032,1.35
144546132,3.3364177704867927e+18,84.5455360011095,9.63381369883718,0.750309,15.9595,17.726,0.076,17.0519,0.0463,14.961,0.042,14.365,0.059,14.257,0.077,16.6799,0.001314,17.3136,0.011061,15.9028,0.006855,14.18,0.029,14.287,0.05,12.439,,8.937,,Theia5834,776.2471166286928,Kounkel2020,5011.0,0.958082,0.83
284199204,3.339531548759348e+18,84.3547357806097,10.3785197561673,0.495675,14.2438,15.125,0.068,14.745,0.057,13.533,0.029,13.366,0.023,13.219,0.035,14.6622,0.000443,14.978,0.001725,14.1707,0.002005,13.208,0.025,13.293,0.033,12.317,,8.936,,Theia5834,776.2471166286928,Kounkel2020,6813.0,1.79973,1.47
436013831,3.3398382480814136e+18,83.5560320217642,11.2609713045937,0.772498,14.5715,16.127,0.026,15.345,0.023,13.774,0.024,13.439,0.023,13.36,0.036,15.1065,0.000653,15.5347,0.002579,14.5071,0.002583,13.265,0.027,13.316,0.031,11.749,,8.997,,Theia5834,776.2471166286928,Kounkel2020,5897.0,1.24207,1.07
144618353,3.3398776587019423e+18,84.6915722298642,11.1684541130582,0.672503,14.6938,16.073,0.274,15.478,0.103,13.838,0.024,13.501,0.025,13.422,0.045,15.2349,0.000502,15.6675,0.002461,14.6273,0.002113,13.404,0.025,13.473,0.034,12.242,,8.527,,Theia5834,776.2471166286928,Kounkel2020,6059.0,1.33581,1.13
200517937,3.3405652657856794e+18,82.893328454676,11.0914842482446,0.492635,15.6854,16.889,0.083,16.495,0.046,14.922,0.054,14.5,0.059,14.271,0.095,16.2588,0.000895,16.727,0.008216,15.6231,0.003959,14.353,0.032,14.39,0.055,12.195,,8.762,,Theia5834,776.2471166286928,Kounkel2020,5813.0,1.1925,1.05
436243947,3.339749806115322e+18,84.1350969004854,10.7955269881843,0.551228,14.859,16.22,0.036,15.515,0.058,14.08,0.028,13.817,0.039,13.721,0.051,15.3416,0.000556,15.7193,0.003171,14.7941,0.002441,13.733,0.027,13.759,0.038,12.361,,8.866,,Theia5834,776.2471166286928,Kounkel2020,6227.0,1.36195,1.2
144663719,3.3403424428825723e+18,84.7092214149651,11.9762075783044,0.510016,13.4384,15.457,0.066,14.328,0.103,12.51,0.021,12.121,0.022,12.048,0.026,14.0671,0.000415,14.5995,0.0027,13.3851,0.001615,11.924,0.023,11.915,0.023,11.832,0.348,8.318,,Theia5834,776.2471166286928,Kounkel2020,5649.0,3.61445,
436153921,3.337936500985577e+18,84.099880532299,9.76210750709718,0.457876,14.493,16.089,0.049,15.375,0.069,13.553,0.022,13.061,0.022,13.005,0.027,15.1277,0.000524,15.6645,0.002798,14.4345,0.001954,12.672,0.024,12.697,0.028,11.762,,8.786,,Theia5834,776.2471166286928,Kounkel2020,5373.0,2.53143,
144666501,3.3364507558355343e+18,84.7955685821527,9.86085702124421,0.305047,16.0666,17.041,0.071,16.329,1.133,15.354,0.035,15.022,0.072,15.016,0.158,16.5431,0.000872,16.8935,0.013765,15.9786,0.005033,14.948,0.036,15.137,0.082,12.117,,8.718,,Theia5834,776.2471166286928,Kounkel2020,6406.0,1.26165,1.29
436243379,3.334481015113793e+18,84.1259442452331,8.08999367383727,0.525042,15.9015,15.211,0.07,16.474,1.133,15.022,0.046,14.572,0.071,14.516,0.095,16.4959,0.001082,16.9815,0.007612,15.8322,0.002738,14.06,0.028,14.095,0.045,11.97,,8.42,,Theia5834,776.2471166286928,Kounkel2020,5401.0,1.08934,0.94
435931953,3.340597254702168e+18,83.4993272825719,11.4956209443354,0.58327,15.6294,17.338,0.0,16.515,1.133,14.856,0.036,14.528,0.055,14.231,0.068,16.1847,0.000898,16.6354,0.005346,15.5673,0.00379,14.299,0.029,14.459,0.052,11.977,,8.46,,Theia5834,776.2471166286928,Kounkel2020,5737.0,1.03539,1.02
144669338,3.333636895125788e+18,84.7779763550213,7.47161747712128,0.568996,12.5561,14.715,0.012,13.544,0.08,11.481,0.024,10.922,0.026,10.752,0.021,13.2642,0.000235,13.8967,0.001555,12.5069,0.00086,10.673,0.023,10.735,0.021,10.618,0.098,8.713,,Theia5834,776.2471166286928,Kounkel2020,4908.95,5.99663,
715698035,3.3345009781224294e+18,85.1204528182404,8.04002504158118,0.511402,16.5497,,,17.491,0.0461,,,,,,,17.1942,0.001351,17.7287,0.009415,16.4787,0.00332,,,,,,,,,Theia5834,776.2471166286928,Kounkel2020,5346.0,0.895115,0.92
436158639,3.3378833164074696e+18,83.9058440196424,9.29412889967983,0.440508,15.4164,17.018,0.087,16.065,0.218,14.601,0.037,14.309,0.044,14.312,0.085,15.9582,0.00068,16.3949,0.003939,15.3537,0.003016,14.165,0.029,14.278,0.045,12.216,,8.813,,Theia5834,776.2471166286928,Kounkel2020,5798.0,1.43899,1.04
144618464,3.339882159827666e+18,84.6088806454255,11.2557763776035,0.583075,16.3401,18.492,0.083,17.3202,0.0462,15.34,0.054,14.889,0.065,14.671,0.111,17.0058,0.001048,17.5718,0.011001,16.2824,0.004959,14.754,0.035,14.727,0.069,11.909,,8.388,,Theia5834,776.2471166286928,Kounkel2020,5506.0,0.894959,0.97
436331844,3.339532446409771e+18,84.3234423567176,10.4059644178583,0.409251,16.1322,17.547,0.085,16.9896,0.046,15.239,0.056,15.005,0.1,14.68,0.103,16.7321,0.000965,17.2199,0.008017,16.0626,0.003583,,,,,,,,,Theia5834,776.2471166286928,Kounkel2020,5648.0,1.20388,1.0
156242017,3.340157896728036e+18,86.4917124806077,12.0107183339509,0.586408,15.0269,16.569,0.069,15.899,0.229,14.136,0.028,13.831,0.04,13.692,0.048,15.5877,0.000723,16.0359,0.005416,14.957,0.002611,13.561,0.026,13.588,0.034,11.977,,8.495,,Theia5834,776.2471166286928,Kounkel2020,5897.0,1.35867,1.07
144618423,3.339881129035516e+18,84.6453657153112,11.2192163245663,0.662728,16.3283,18.488,0.083,17.3148,0.0464,15.356,0.054,14.902,0.048,14.639,0.101,16.9962,0.000999,17.5575,0.014049,16.2589,0.005699,14.709,0.033,14.891,0.08,12.441,,8.44,,Theia5834,776.2471166286928,Kounkel2020,5250.0,0.822404,0.9
436248098,3.3344824882869745e+18,84.2265318894869,8.12485957463107,0.554745,14.6046,15.931,0.033,15.203,0.092,13.844,0.029,13.572,0.041,13.498,0.046,15.0866,0.000778,15.4589,0.005126,14.5357,0.001625,13.297,0.026,13.282,0.031,12.423,,8.719,,Theia5834,776.2471166286928,Kounkel2020,6118.0,1.52255,1.15
284198966,3.33955230204153e+18,84.3533997257849,10.5743497091107,0.538496,15.8294,17.51,-0.149,16.299,1.133,14.894,0.038,14.385,0.04,14.337,0.074,16.4727,0.00095,17.0119,0.007742,15.7669,0.00585,14.279,0.03,14.252,0.048,11.936,,8.693,,Theia5834,776.2471166286928,Kounkel2020,5500.0,1.17646,0.96
436013543,3.3397153733606467e+18,83.7056098203952,10.5229960717596,0.584982,15.3736,16.969,0.032,16.346,0.435,14.518,0.036,14.161,0.048,14.056,0.054,15.9095,0.00068,16.3313,0.005095,15.3019,0.004907,14.099,0.03,14.072,0.044,12.228,,8.891,,Theia5834,776.2471166286928,Kounkel2020,5914.0,1.115,1.08
144614824,3.3345688386055675e+18,84.6967818434961,8.24074393041936,0.596674,15.5672,16.953,0.074,16.423,0.092,14.61,0.039,14.143,0.029,14.011,0.063,16.2069,0.000786,16.756,0.008172,15.5123,0.002739,13.94,0.028,14.02,0.042,11.883,,8.664,,Theia5834,776.2471166286928,Kounkel2020,5217.0,1.23714,0.89
436249052,3.339966169387709e+18,84.2194357821958,11.6624813232392,0.515967,12.8113,13.089,0.061,13.144,0.08,12.353,0.024,12.196,0.029,12.153,0.027,13.0375,0.00061,13.1974,0.001378,12.7385,0.001986,12.081,0.024,12.065,0.023,11.878,0.299,9.024,,Theia5834,776.2471166286928,Kounkel2020,7922.0,2.55652,1.9
144614802,3.33456845635097e+18,84.6193584781747,8.20578295761329,0.456722,15.8768,16.861,0.078,16.238,1.133,15.056,0.047,14.71,0.048,14.716,0.102,16.4124,0.000663,16.8408,0.009105,15.8119,0.002624,14.536,0.032,14.565,0.057,11.875,,8.857,,Theia5834,776.2471166286928,Kounkel2020,5811.0,1.11388,1.04
144735010,3.339563748131804e+18,85.1840709531982,10.3716094651577,0.341898,15.5542,17.155,0.018,16.129,0.092,14.739,0.033,14.357,0.047,14.407,0.075,16.0902,0.00116,16.5159,0.007962,15.4856,0.005206,14.217,0.029,14.28,0.051,12.173,,8.647,,Theia5834,776.2471166286928,Kounkel2020,6131.0,1.62667,1.16
436153712,3.337882491773653e+18,83.9227266747239,9.26843435095708,0.498264,15.9591,18.032,-0.252,16.66,1.133,15.186,0.047,14.659,0.047,14.555,0.089,16.5221,0.000856,16.9841,0.006505,15.9,0.003957,14.629,0.033,14.669,0.062,12.242,,8.857,,Theia5834,776.2471166286928,Kounkel2020,5654.0,1.04281,1.0
200588173,3.33980567504948e+18,83.310562769511,11.058616491196,0.92647,15.1131,16.729,0.347,15.95,0.172,14.309,0.038,13.848,0.042,13.778,0.054,15.6941,0.000838,16.1762,0.005222,15.0545,0.002808,13.672,0.027,13.71,0.039,12.457,,8.818,,Theia5834,776.2471166286928,Kounkel2020,5477.0,0.896642,0.96
144617450,3.339534267476055e+18,84.6198692976123,10.4432618312541,0.619086,14.3131,15.839,0.096,15.076,0.126,13.541,0.028,13.216,0.028,13.164,0.034,14.8451,0.000642,15.2696,0.004278,14.2474,0.00218,13.061,0.025,13.04,0.029,11.763,,8.793,,Theia5834,776.2471166286928,Kounkel2020,6103.0,1.69487,1.15
144698586,3.33958618504082e+18,84.8947078436676,10.6360552406126,0.677874,13.7427,15.226,0.071,14.509,0.149,12.926,0.023,12.602,0.03,12.508,0.029,14.2691,0.000438,14.6868,0.002254,13.6763,0.001145,12.402,0.023,12.422,0.026,11.742,,8.882,,Theia5834,776.2471166286928,Kounkel2020,5972.0,2.01993,1.1
144736608,3.3402717992607345e+18,85.0838651522219,11.651631814417,0.563294,14.6916,16.022,0.076,15.278,0.172,13.984,0.033,13.672,0.03,13.591,0.048,15.1792,0.001283,15.5522,0.007571,14.615,0.002688,13.476,0.027,13.453,0.035,12.297,0.449,8.796,,Theia5834,776.2471166286928,Kounkel2020,6413.0,1.44496,1.29
284912846,3.338145545633789e+18,82.2848853651095,10.0112758628289,2.60714,16.2596,20.362,0.163,,,14.25,0.03,13.535,0.036,13.322,0.034,17.7684,0.001697,19.9115,0.073795,16.394,0.00676,13.153,0.024,12.888,0.03,12.193,,8.775,,Collinder 69,14.0,Pang2022,2959.0,0.539631,0.535833
200477078,3.337378292675404e+18,82.6184719816904,8.65421657405512,2.18327,16.3236,,,,,14.227,0.035,13.621,0.039,13.344,0.04,17.8728,0.002516,19.9175,0.093437,16.4538,0.005588,13.098,0.025,12.847,0.028,11.93,,8.955,,Collinder 69,14.0,Pang2022,2979.0,0.604454,0.591708
200520274,3.337731545147323e+18,82.95339514912,8.45927466576112,2.33477,15.9102,20.957,0.164,,,13.902,0.03,13.275,0.031,12.954,0.031,17.4223,0.002157,19.3583,0.066519,16.0301,0.004236,12.65,0.023,12.415,0.024,11.682,,9.124,,Collinder 69,14.0,Pang2022,3034.0,0.647852,0.625515
200478673,3.339039036270752e+18,82.5817456017012,10.6926920935706,2.59899,16.7815,,,,,14.769,0.049,14.279,0.06,14.087,0.071,18.3,0.002565,20.1421,0.08342,16.8946,0.006962,13.799,0.028,13.573,0.034,11.984,,8.73,,Collinder 69,14.0,Pang2022,3069.0,0.419817,0.413661
200478556,3.339010002291631e+18,82.5390394752341,10.5606675239396,2.70554,16.4183,,,,,14.363,0.041,13.739,0.036,13.487,0.049,17.9436,0.00218,20.057,0.057253,16.5517,0.005138,13.314,0.025,13.097,0.03,11.875,,9.013,,Collinder 69,14.0,Pang2022,2963.0,0.497926,0.496003
200518005,3.3405520716463355e+18,82.97163493557,11.0154931136621,2.60008,16.7557,,,,,14.739,0.053,14.146,0.051,13.807,0.052,18.3039,0.003371,19.9235,0.06837,16.8548,0.008637,13.405,0.03,13.06,0.03,10.475,0.106,5.879,0.055,Collinder 69,14.0,Pang2022,3151.0,0.465139,0.462571
200515677,3.3382773495894856e+18,82.7896066244869,10.4469311547892,2.80875,16.5694,,,,,14.69,0.045,14.078,0.048,13.786,0.056,18.0424,0.002296,19.8509,0.076874,16.6769,0.00848,13.514,0.024,13.166,0.03,11.844,0.401,8.316,,Collinder 69,14.0,Pang2022,3102.0,0.440164,0.435967
200515219,3.338172208791897e+18,82.7749565850887,9.87703549601689,2.6426,16.6321,15.387,0.08,,,14.659,0.056,14.053,0.054,13.747,0.061,18.0592,0.002288,19.7966,0.035565,16.7311,0.006364,,,,,,,,,Collinder 69,14.0,Pang2022,3152.0,0.466109,0.463585
200518542,3.338265843374235e+18,82.9273976378829,10.41628969063,2.66094,16.5094,,,,,14.451,0.043,13.891,0.041,13.532,0.054,18.0369,0.002546,20.1328,0.075139,16.6416,0.006937,13.415,0.032,13.17,0.035,11.914,,8.423,,Collinder 69,14.0,Pang2022,2968.0,0.498829,0.496897
200546603,3.334763074205831e+18,83.3399424149244,8.69606421311933,2.31226,16.062,,,,,14.134,0.041,13.492,0.034,13.21,0.056,17.5045,0.001665,19.4596,0.033023,16.1781,0.004392,13.321,0.086,13.086,0.069,11.799,0.314,8.242,,Collinder 69,14.0,Pang2022,3054.0,0.60315,0.590651
200542672,3.3377461136750326e+18,83.1609363721483,8.74766541181376,2.53016,15.7116,20.756,0.164,,,13.681,0.033,13.086,0.033,12.74,0.035,17.2294,0.001969,19.226,0.082206,15.8364,0.007938,12.597,0.024,12.347,0.025,12.443,,8.892,,Collinder 69,14.0,Pang2022,3008.0,0.654628,0.630584
436017037,3.339734443015651e+18,83.7030596651944,10.7268685753148,2.16311,16.7482,,,,,14.696,0.038,14.135,0.046,13.814,0.061,18.2636,0.002699,20.1401,0.116711,16.8636,0.011523,13.69,0.026,13.453,0.034,12.585,,8.924,,Collinder 69,14.0,Pang2022,3056.0,0.525833,0.522998
426214238,3.3406141897557627e+18,83.3762508164222,11.6671472022067,2.43292,16.6167,,,,,14.565,0.037,14.004,0.052,13.632,0.039,18.1619,0.004449,20.1428,0.103391,16.7419,0.009393,13.393,0.025,12.936,0.028,11.344,0.193,8.908,,Collinder 69,14.0,Pang2022,3004.0,0.517848,0.515415
200546943,3.33779937556621e+18,83.346296026408,9.22148483158995,2.91203,16.3181,,,,,14.412,0.038,13.824,0.041,13.534,0.051,17.7935,0.002223,19.7214,0.073241,16.4345,0.007354,13.322,0.025,13.073,0.028,11.596,0.254,8.847,,Collinder 69,14.0,Pang2022,3052.0,0.468042,0.465603
436012501,3.33973403499525e+18,83.6797952098795,10.7088655719757,2.41955,15.6249,,,,,13.854,0.027,13.236,0.035,12.961,0.03,16.9728,0.001606,18.5116,0.028257,15.7044,0.00607,,,,,,,,,Collinder 69,14.0,Pang2022,3275.0,0.630147,0.612021
436012222,3.3397084369902505e+18,83.6464852826827,10.416341293612,,15.3727,20.072,0.163,,,13.385,0.03,12.665,0.023,12.42,0.026,16.595,0.001564,18.3377,0.017594,15.2784,0.004393,12.28,0.023,12.087,0.024,11.599,,8.462,,Collinder 69,14.0,Pang2022,,,
436105741,3.3348678327524864e+18,83.8295647487237,8.98361998417409,2.72619,16.9016,,,,,14.896,0.044,14.271,0.04,13.884,0.055,18.457,0.003171,20.5341,0.089674,17.0343,0.006846,13.777,0.027,13.542,0.035,12.09,,8.936,,Collinder 69,14.0,Pang2022,2965.0,0.435696,0.431115
200527307,3.3407751007083843e+18,83.0807541862233,11.9436627488184,,15.1719,20.068,0.162,,,13.237,0.024,12.641,0.028,12.366,0.024,16.6631,0.002294,18.6324,0.017356,15.2931,0.003338,12.202,0.024,11.987,0.022,12.012,,8.864,,Collinder 69,14.0,Pang2022,3029.0,0.616031,0.600976
436012472,3.334668310047613e+18,83.6634923019216,8.30311192193705,2.48614,15.2168,,,,,13.311,0.042,12.627,0.033,12.29,0.032,16.4567,0.002363,18.1071,0.02601,15.167,0.005904,12.097,0.056,11.945,0.053,12.101,0.388,8.512,,Collinder 69,14.0,Pang2022,3345.0,1.02901,0.37
426185056,3.334738399617039e+18,83.376653816263,8.62844155513349,2.26249,16.175,,,,,14.15,0.031,13.572,0.037,13.295,0.035,17.6732,0.001969,19.5235,0.102013,16.2876,0.005928,13.092,0.024,12.845,0.028,11.974,,8.909,,Collinder 69,14.0,Pang2022,3074.0,0.597209,0.585806
436016877,3.339728945457402e+18,83.6613246632209,10.6114500807937,2.47593,16.8377,,,,,14.797,0.042,14.284,0.05,13.942,0.047,18.3475,0.002625,20.1812,0.108546,16.9496,0.00787,13.791,0.027,13.544,0.033,12.195,,8.513,,Collinder 69,14.0,Pang2022,3076.0,0.457981,0.455041
200587603,3.3382085270389084e+18,83.2828177682131,10.2275030804796,2.06893,16.757,20.032,0.162,,,14.377,,13.766,,13.46,0.051,18.0995,0.002436,20.0241,0.096281,16.6647,0.007487,13.197,0.025,12.975,0.029,12.398,0.464,8.509,0.346,Collinder 69,14.0,Pang2022,3116.0,,
436015608,3.3379022099668613e+18,83.5849488928729,9.4133019561091,2.02662,17.16,,,,,15.155,0.042,14.572,0.049,14.277,0.071,18.6394,0.003304,20.1385,0.106513,17.2452,0.009388,14.109,0.029,13.91,0.043,12.65,,8.996,,Collinder 69,14.0,Pang2022,3234.0,0.476192,0.47404
715998838,3.3379915839426166e+18,83.7853353405509,9.93503168103571,2.90037,5.7117,,,5.4982,0.046,,,,,,,5.47238,0.00409693,5.35958,0.004259,5.59776,0.007138,,,,,,,,,Collinder 69,14.0,Pang2022,,,
435932195,3.3347153785933363e+18,83.4947711413811,8.36779869986593,2.27082,16.783,,,,,14.794,0.037,14.074,0.044,13.884,0.062,18.3253,0.003445,20.4824,0.123328,16.9206,0.013598,13.687,0.026,13.495,0.034,12.528,,8.795,,Collinder 69,14.0,Pang2022,2943.0,0.495662,0.493752
200546426,3.3347310122743777e+18,83.3347496875132,8.41949095613013,2.16421,16.3653,,,,,14.363,0.033,13.762,0.041,13.437,0.041,17.8479,0.004565,19.7498,0.073182,16.4803,0.009723,13.178,0.027,12.753,0.026,10.578,0.104,7.88,,Collinder 69,14.0,Pang2022,3059.0,0.590436,0.580215
200541893,3.337966050361144e+18,83.1379197288725,9.65512640240463,,15.9218,20.848,0.165,,,13.666,0.033,13.085,0.033,12.761,0.035,17.2261,0.001912,19.2615,0.038658,15.8306,0.004278,12.538,0.025,12.166,0.023,11.159,0.164,8.798,,Collinder 69,14.0,Pang2022,,,
200588278,3.340581994681949e+18,83.3412611392302,11.2115084255348,2.54115,15.8045,20.07,0.163,,,13.699,0.028,13.078,0.031,12.781,0.032,17.3694,0.002001,19.5345,0.07201,15.9448,0.01109,12.613,0.024,12.338,0.025,12.132,0.336,8.686,,Collinder 69,14.0,Pang2022,2933.0,0.645427,0.623688
436012457,3.337930110075513e+18,83.7367945704263,9.61667645260534,,17.3511,,,,,15.307,0.055,14.586,0.069,14.235,0.072,18.9317,0.004632,20.3692,0.12184,17.4391,0.011429,14.088,0.03,13.896,0.04,12.511,,8.858,,Collinder 69,14.0,Pang2022,3216.0,0.37946,0.368121
200541878,3.3379662908792704e+18,83.2214547855099,9.67022198048283,2.5902,16.5848,,,,,14.6,0.044,13.935,0.049,13.62,0.057,18.0519,0.002237,19.9277,0.076807,16.6967,0.006271,13.472,0.027,13.258,0.033,12.033,,8.889,,Collinder 69,14.0,Pang2022,3076.0,0.492034,0.490128
435932862,3.334653359266171e+18,83.4848161012825,8.03046988810557,2.96784,16.6974,,,,,14.614,0.056,13.966,0.055,13.761,0.057,18.2185,0.002186,20.2845,0.111527,16.8269,0.007632,13.401,0.038,13.143,0.041,11.971,,8.883,,Collinder 69,14.0,Pang2022,2981.0,0.426026,0.420522
200542952,3.3347259613928305e+18,83.2286372046705,8.41564084855177,2.69975,16.1992,20.773,0.164,,,14.224,0.036,13.64,0.037,13.353,0.039,17.662,0.001761,19.5918,0.084603,16.3149,0.005162,13.189,0.025,12.973,0.028,11.934,,8.987,,Collinder 69,14.0,Pang2022,3056.0,0.520802,0.518234
200546900,3.337797206606793e+18,83.2789705317938,9.14488208300731,2.54226,16.4196,,,,,14.381,0.042,13.75,0.043,13.419,0.048,18.0146,0.002062,20.1611,0.069212,16.5604,0.010115,13.161,0.025,12.888,0.027,11.813,,8.659,,Collinder 69,14.0,Pang2022,2930.0,0.533987,0.530624
436010114,3.3382036479518085e+18,83.5562838419723,10.2521034195934,2.67713,16.1881,20.571,0.162,,,14.191,0.026,13.543,0.027,13.27,0.027,17.6693,0.002266,19.4298,0.055201,16.2929,0.006108,13.106,0.025,12.836,0.027,12.359,,8.689,,Collinder 69,14.0,Pang2022,3119.0,0.53799,0.534325
435936329,3.3397750562250604e+18,83.4303447098205,10.7105648079107,2.2384,16.7046,,,,,14.773,0.033,14.103,0.035,13.933,0.061,18.1751,0.002857,19.9887,0.055524,16.8122,0.00747,13.712,0.028,13.467,0.034,12.401,,8.8,,Collinder 69,14.0,Pang2022,3101.0,0.493097,0.491192
200541009,3.3397764993340344e+18,83.1995492172307,10.6390518040273,2.82402,16.2816,,,,,14.346,0.043,13.704,0.04,13.482,0.054,17.7517,0.002955,19.6163,0.054779,16.3931,0.006734,13.187,0.025,12.978,0.03,12.37,0.51,8.723,,Collinder 69,14.0,Pang2022,3080.0,0.484984,0.48302
436014314,3.3382008304532787e+18,83.5891433136598,10.2657288571182,2.22141,16.9608,,,,,14.817,0.039,14.267,0.048,13.833,0.054,18.5144,0.005347,20.2237,0.082574,17.0668,0.009743,13.495,0.027,13.015,0.028,12.339,0.496,8.421,,Collinder 69,14.0,Pang2022,3110.0,0.522878,0.520206
436245076,3.3394402892948224e+18,84.2272459424229,9.89072448725099,1.93693,16.5225,,,,,14.524,0.032,13.928,0.045,13.668,0.043,18.026,0.002328,19.7807,0.078485,16.6283,0.011753,13.428,0.027,13.19,0.032,12.349,0.507,8.925,,Collinder 69,14.0,Pang2022,3112.0,0.593556,0.5828
284199922,3.339425862501728e+18,84.3962884977145,9.77605062595478,1.93001,16.3454,,,,,14.341,0.023,13.803,0.029,13.47,0.041,17.85,0.002593,19.777,0.0782,16.4639,0.012856,13.334,0.026,13.147,0.03,11.907,,8.523,,Collinder 69,14.0,Pang2022,3040.0,0.630098,0.611982
436161725,3.337927361298294e+18,83.8696726521999,9.57578929456587,,16.9813,,,,,14.804,0.04,14.213,0.057,13.824,0.054,18.5189,0.003578,19.904,0.336394,17.0626,0.014125,13.506,0.025,13.127,0.03,11.211,0.174,8.413,,Collinder 69,14.0,Pang2022,3259.0,0.489899,0.487984
436159521,3.334859620775276e+18,84.0958570514558,8.98429314014218,2.33708,16.2399,,,,,14.161,0.029,13.649,0.029,13.352,0.038,17.7435,0.001844,19.9382,0.063726,16.3777,0.004421,13.132,0.025,12.887,0.027,11.763,,8.713,,Collinder 69,14.0,Pang2022,2943.0,0.5738,0.566167
436336490,3.3346812250119424e+18,84.3482645208245,8.4007414965447,2.59884,16.8132,,,,,14.923,0.04,14.423,0.044,14.006,0.062,18.2325,0.002542,19.9433,0.123306,16.9096,0.006925,13.956,0.028,13.707,0.035,12.548,,8.981,,Collinder 69,14.0,Pang2022,3167.0,0.432205,0.427304
436334136,3.3348557724830566e+18,84.2300818354292,8.95228536293958,2.34244,16.586,,,,,14.452,0.036,14.053,0.042,13.651,0.047,18.1315,0.002087,20.256,0.078642,16.7216,0.007092,13.459,0.026,13.224,0.031,12.323,,8.493,,Collinder 69,14.0,Pang2022,2953.0,0.523338,0.520641
284200970,3.3348078105857623e+18,84.3914430207813,8.85603528754648,,17.2977,,,,,15.073,0.04,14.49,0.055,14.254,0.064,18.8823,0.004162,20.4187,0.170196,17.3932,0.011722,14.066,0.029,13.843,0.04,11.888,,8.922,,Collinder 69,14.0,Pang2022,3171.0,0.438408,0.434063
144666419,3.336452439462698e+18,84.7857882899753,9.93595532975114,3.10423,16.5234,,,,,14.609,0.038,13.968,0.039,13.543,0.037,18.0389,0.007148,19.6684,0.112752,16.621,0.006007,13.055,0.024,12.578,0.025,10.973,0.137,8.928,,Collinder 69,14.0,Pang2022,3161.0,0.442884,0.438908
436247621,3.333994786160092e+18,84.1603176588278,7.32475899621885,2.70715,16.6959,,,,,14.62,0.044,14.053,0.053,13.632,0.049,18.2709,0.00245,20.4516,0.148775,16.8377,0.00998,13.391,0.026,13.169,0.032,12.391,,8.597,,Collinder 69,14.0,Pang2022,2925.0,0.477102,0.474975
436244808,3.337920351908444e+18,84.1570357911442,9.61016875048709,2.14124,16.8274,,,,,14.752,0.037,14.132,0.031,13.914,0.05,18.3322,0.00319,19.9906,0.20722,16.9262,0.008707,13.659,0.026,13.489,0.032,11.91,,8.789,,Collinder 69,14.0,Pang2022,3153.0,0.522026,0.519397
436338797,3.3349153179102587e+18,84.3340377033764,9.55703007678587,2.69364,16.0079,,,,,13.887,0.028,13.425,0.033,13.067,0.038,17.5825,0.002636,19.7709,0.074178,16.1505,0.013655,12.807,0.025,12.562,0.025,12.408,0.515,9.103,,Collinder 69,14.0,Pang2022,2923.0,0.571309,0.564024
436251594,3.3348606859271875e+18,84.2192720900852,9.01332221844308,2.86857,16.5511,,,,,14.378,0.028,13.806,0.039,13.574,0.037,18.1475,0.002541,20.1877,0.113168,16.6843,0.014743,13.274,0.025,12.934,0.027,10.944,0.138,8.309,,Collinder 69,14.0,Pang2022,2964.0,0.464199,0.461586
309796121,3.336369937435391e+18,85.7365051681261,9.59394286779058,2.54887,17.1929,,,,,15.123,0.053,14.452,0.048,14.102,0.074,18.8161,0.00362,20.9765,0.158171,17.3364,0.008689,13.978,0.029,13.642,0.035,12.144,,8.878,,Collinder 69,14.0,Pang2022,2917.0,0.431171,0.426172
144703404,3.336357396129069e+18,85.0376793096569,9.53398302382064,2.75686,16.7323,,,,,14.692,0.038,14.145,0.042,13.882,0.059,18.2682,0.002634,20.3023,0.096414,16.8605,0.008549,13.587,0.027,13.362,0.034,12.368,0.471,8.415,,Collinder 69,14.0,Pang2022,2987.0,0.431375,0.426395
200592630,3.3364411995317504e+18,85.3318910367421,9.92605408023927,3.0195,16.0971,,,,,14.189,0.034,13.506,0.04,13.395,0.041,17.5729,0.003156,19.442,0.062119,16.2095,0.010177,13.093,0.026,12.84,0.028,12.114,0.404,8.447,,Collinder 69,14.0,Pang2022,3076.0,0.473789,0.471563
200604683,3.336171651678106e+18,85.5987769858585,9.34269519626251,2.39137,17.1266,,,,,15.012,0.054,14.451,0.055,14.077,0.072,18.6555,0.003034,20.5555,0.210654,17.2444,0.008324,13.981,0.028,13.668,0.038,12.416,0.463,8.944,,Collinder 69,14.0,Pang2022,3041.0,0.452226,0.44893
200605226,3.3363735452079555e+18,85.5936102594883,9.60874847704903,,13.4055,,,12.886,1.03,11.906,0.029,11.204,0.036,10.995,0.029,14.2984,0.002626,15.2158,0.017428,13.2962,0.006844,10.985,0.037,10.927,0.036,10.768,0.134,8.46,,Collinder 69,14.0,Pang2022,,,
156143756,3.336104134795405e+18,86.0935034932077,9.04454175774023,2.45963,15.9688,20.572,0.163,,,14.07,0.03,13.464,0.031,13.198,0.04,17.4126,0.002215,19.2312,0.086556,16.0752,0.006284,12.961,0.025,12.728,0.027,11.824,,8.671,,Collinder 69,14.0,Pang2022,3110.0,0.5818,0.572979
284158184,3.338280618061748e+18,82.7636245884965,10.4787932243137,2.67953,14.1081,18.463,0.162,16.508,0.137,12.312,0.026,11.599,0.022,11.372,0.023,15.2428,0.003643,16.6313,0.019479,14.0663,0.009411,11.174,0.022,11.026,0.021,10.86,0.136,8.555,,Orion,5.0,Various-Kounkel+2018;2020;Kos+2018;Chen+2020;Sanchez-Sanjuan+2024;Zerjat+2024;Kos+2021,3600.0,1.29579,
200515119,3.3381700784878044e+18,82.7867455461344,9.75763249214722,2.48134,14.5578,18.525,0.164,16.3533,0.0613,12.961,0.029,12.161,0.026,11.733,0.025,15.5383,0.007756,16.5871,0.050383,14.4611,0.018716,10.788,0.022,10.216,0.02,7.753,0.02,5.178,0.034,Orion,5.0,Various-Kounkel+2018;2020;Kos+2018;Chen+2020;Sanchez-Sanjuan+2024;Zerjat+2024;Kos+2021,3843.0,0.912943,0.59
200515764,3.3382829201641866e+18,82.8625322759248,10.566144784788,2.72308,15.634,18.426,0.162,,,12.853,,12.221,,12.75,0.04,16.846,0.001225,18.4358,0.051024,15.5625,0.005916,,,,,,,,,Orion,5.0,Various-Kounkel+2018;2020;Kos+2018;Chen+2020;Sanchez-Sanjuan+2024;Zerjat+2024;Kos+2021,3361.0,0.741027,0.38
200588584,3.340612888382795e+18,83.2587112008741,11.6198572605235,2.49463,14.3706,15.823,0.425,15.546,0.137,13.006,0.027,12.042,0.027,11.134,0.022,14.9882,0.019662,15.4102,0.076326,14.2158,0.052743,9.957,0.024,9.224,0.021,7.35,0.018,5.597,0.055,Orion,5.0,Various-Kounkel+2018;2020;Kos+2018;Chen+2020;Sanchez-Sanjuan+2024;Zerjat+2024;Kos+2021,5462.0,,
200588708,3.3407573367236454e+18,83.2780622977873,11.7793957454409,2.48081,14.7443,16.07,0.065,15.103,1.133,12.441,0.028,11.787,0.031,11.339,0.028,15.8914,0.002717,17.3171,0.028911,14.6607,0.007657,11.097,0.023,10.565,0.02,7.764,0.021,5.788,0.043,Orion,5.0,Various-Kounkel+2018;2020;Kos+2018;Chen+2020;Sanchez-Sanjuan+2024;Zerjat+2024;Kos+2021,5515.34,,
436331535,3.3348563222386586e+18,84.3304639348436,8.95187617024737,2.52576,6.3094,,,6.11,0.03,6.461,0.026,6.543,0.033,6.596,0.024,6.07346,0.00160983,5.9876,0.002614,6.23349,0.001848,6.621,0.069,6.643,0.02,6.74,0.016,6.578,0.074,Orion,5.0,Various-Kounkel+2018;2020;Kos+2018;Chen+2020;Sanchez-Sanjuan+2024;Zerjat+2024;Kos+2021,,,
436248504,3.3395493127442785e+18,84.2090990617586,10.5603771808693,2.52419,15.9726,19.039,0.163,17.681,0.2358,13.301,0.024,12.394,0.023,11.818,0.023,16.9364,0.067626,17.8397,0.205719,15.8107,0.234132,11.115,0.023,10.497,0.021,9.154,0.036,6.987,0.113,Orion,5.0,Various-Kounkel+2018;2020;Kos+2018;Chen+2020;Sanchez-Sanjuan+2024;Zerjat+2024;Kos+2021,3978.0,0.46796,0.62
436013623,3.33973413807446e+18,83.713867130367,10.696774162698,2.30957,14.4211,17.972,0.166,16.3508,0.0464,12.925,0.027,12.175,0.026,11.95,0.027,15.4511,0.001636,16.6092,0.007031,14.3721,0.005132,11.834,0.025,11.75,0.023,11.708,0.296,8.684,,Orion,5.0,Various-Kounkel+2018;2020;Kos+2018;Chen+2020;Sanchez-Sanjuan+2024;Zerjat+2024;Kos+2021,3811.0,1.12372,0.58
200600953,3.3336738318442573e+18,85.6596315875593,7.56215867446241,2.51086,17.0143,,,,,15.052,0.055,14.444,0.058,14.131,0.067,18.4923,0.002645,20.3004,0.161349,17.1219,0.012588,13.985,0.028,13.735,0.037,12.41,,8.887,,Orion,5.0,Various-Kounkel+2018;2020;Kos+2018;Chen+2020;Sanchez-Sanjuan+2024;Zerjat+2024;Kos+2021,3100.0,0.42813,0.422836
284994803,3.339027525758401e+18,82.3342588045818,10.6954714559901,2.27944,16.5411,,,,,14.665,0.03,14.063,0.038,13.803,0.038,18.0066,0.002274,19.7595,0.074533,16.6441,0.006793,13.625,0.027,13.382,0.033,12.366,,8.317,,Orion,5.0,Various-Kounkel+2018;2020;Kos+2018;Chen+2020;Sanchez-Sanjuan+2024;Zerjat+2024;Kos+2021,3129.0,0.508653,0.506542
200519709,3.3378379271924547e+18,82.9747037004947,9.11935144548315,2.69429,15.8251,20.06,0.164,,,13.986,0.033,13.309,0.039,13.074,0.043,17.2545,0.001654,19.0339,0.068642,15.9278,0.007987,12.887,0.025,12.674,0.027,12.181,0.373,8.654,,Orion,5.0,Various-Kounkel+2018;2020;Kos+2018;Chen+2020;Sanchez-Sanjuan+2024;Zerjat+2024;Kos+2021,3133.0,0.568074,0.561225
436100692,3.3378883329291663e+18,83.8229805678858,9.39518847140808,2.40617,14.2135,15.264,0.06,15.9418,0.051,11.677,,11.964,0.033,10.966,,15.1782,0.00543,16.1888,0.023713,14.1331,0.018621,,,,,,,,,Orion,5.0,Various-Kounkel+2018;2020;Kos+2018;Chen+2020;Sanchez-Sanjuan+2024;Zerjat+2024;Kos+2021,3936.0,1.07872,0.61
435933124,3.3347144852400563e+18,83.4847347697176,8.31636894972815,2.48635,16.8616,,,,,14.865,0.044,14.299,0.055,14.048,0.06,18.4126,0.002789,20.6018,0.176278,17.0021,0.015299,13.848,0.028,13.647,0.036,12.551,,8.937,,Orion,5.0,Various-Kounkel+2018;2020;Kos+2018;Chen+2020;Sanchez-Sanjuan+2024;Zerjat+2024;Kos+2021,2930.0,0.441644,0.437569
436014792,3.337976942398125e+18,83.6495120150732,9.64246524512394,,16.7071,,,19.4101,0.1445,14.682,0.041,14.032,0.043,13.744,0.064,18.1472,0.002243,19.4362,0.147218,16.7745,0.008991,,,,,,,,,Orion,5.0,Various-Kounkel+2018;2020;Kos+2018;Chen+2020;Sanchez-Sanjuan+2024;Zerjat+2024;Kos+2021,3348.0,0.505384,0.503351
436010020,3.339812061663563e+18,83.5444712955341,10.9654615876846,2.68011,16.8034,,,,,14.804,0.038,14.211,0.05,13.96,0.045,18.3032,0.003171,20.115,0.108721,16.913,0.00891,13.826,0.028,13.622,0.034,12.445,,8.957,,Orion,5.0,Various-Kounkel+2018;2020;Kos+2018;Chen+2020;Sanchez-Sanjuan+2024;Zerjat+2024;Kos+2021,3089.0,0.429096,0.423898
715990835,3.337886443143571e+18,83.8506058991438,9.30893871913002,2.41475,13.4433,,,14.8022,0.0501,,,,,,,14.2756,0.002452,14.9733,0.024521,13.2787,0.023295,,,,,,,,,Orion,5.0,Various-Kounkel+2018;2020;Kos+2018;Chen+2020;Sanchez-Sanjuan+2024;Zerjat+2024;Kos+2021,4309.0,,
144666675,3.3364216144804547e+18,84.7181095467108,9.71245352678201,2.49409,16.082,,,,,14.134,0.026,13.476,0.022,13.195,0.029,17.5783,0.001524,19.5059,0.070304,16.2001,0.003373,13.028,0.026,12.787,0.026,12.36,0.482,8.543,,Orion,5.0,Various-Kounkel+2018;2020;Kos+2018;Chen+2020;Sanchez-Sanjuan+2024;Zerjat+2024;Kos+2021,3043.0,0.576721,0.568667
284283958,3.336156048063746e+18,85.9406998767779,9.17174271154906,2.36836,15.7627,20.569,0.162,,,13.744,0.026,13.154,0.029,12.879,0.027,17.3191,0.001737,19.601,0.157201,15.9109,0.006864,12.681,0.023,12.422,0.025,12.047,,8.852,,Orion,5.0,Various-Kounkel+2018;2020;Kos+2018;Chen+2020;Sanchez-Sanjuan+2024;Zerjat+2024;Kos+2021,2902.0,0.655822,0.631472
436011220,3.337891902044604e+18,83.5410597627055,9.26910768231858,2.52242,16.5654,,,,,14.564,0.038,13.951,0.04,13.705,0.05,18.0213,0.002561,19.679,0.066635,16.6607,0.009493,13.485,0.026,13.269,0.033,12.399,,8.938,,Orion,5.0,Various-Kounkel+2018;2020;Kos+2018;Chen+2020;Sanchez-Sanjuan+2024;Zerjat+2024;Kos+2021,3174.0,0.487634,0.485702
436339014,3.33954501777688e+18,84.326901248124,10.4724972353569,2.59642,17.1097,,,,,15.018,0.046,14.6,0.06,14.159,0.061,18.709,0.003504,20.7346,0.117487,17.2417,0.008434,14.302,0.068,13.951,0.077,12.049,,8.356,,Orion,5.0,Various-Kounkel+2018;2020;Kos+2018;Chen+2020;Sanchez-Sanjuan+2024;Zerjat+2024;Kos+2021,2968.0,0.413367,0.406487
716014397,3.338219732605538e+18,83.2292549714732,10.351718826949,2.55386,15.3099,,,17.7257,0.0537,,,,,,,16.4507,0.002072,17.8297,0.029474,15.155,0.005299,,,,,,,,,Orion,5.0,Various-Kounkel+2018;2020;Kos+2018;Chen+2020;Sanchez-Sanjuan+2024;Zerjat+2024;Kos+2021,3447.0,0.807538,0.43
284198821,3.339555325698615e+18,84.4627458899745,10.6983958403144,2.49427,15.0635,19.672,0.162,,,13.056,0.026,12.37,0.024,12.123,0.024,16.3394,0.001982,18.1228,0.032518,15.026,0.005605,12.008,0.023,11.806,0.023,11.503,0.242,8.582,,Orion,5.0,Various-Kounkel+2018;2020;Kos+2018;Chen+2020;Sanchez-Sanjuan+2024;Zerjat+2024;Kos+2021,3240.0,,
200515808,3.338284019675813e+18,82.8132283150267,10.6125734406114,2.5685,15.6292,,,,,13.734,0.036,13.111,0.036,12.847,0.039,17.0176,0.002269,18.6176,0.101164,15.7159,0.0063,12.736,0.026,12.537,0.027,12.475,0.53,8.712,,Orion,5.0,Various-Kounkel+2018;2020;Kos+2018;Chen+2020;Sanchez-Sanjuan+2024;Zerjat+2024;Kos+2021,3230.0,0.628224,0.610531
436015073,3.337903279415399e+18,83.5191872739408,9.45270685303167,2.6334,16.1156,,,,,14.15,0.032,13.489,0.035,13.258,0.036,17.6257,0.002094,19.5443,0.056826,16.234,0.009667,13.06,0.025,12.801,0.028,12.394,0.529,8.998,,Orion,5.0,Various-Kounkel+2018;2020;Kos+2018;Chen+2020;Sanchez-Sanjuan+2024;Zerjat+2024;Kos+2021,3042.0,0.545143,0.540866
200540943,3.339777534423811e+18,83.2323459192328,10.7265759563153,2.29241,16.4458,,,,,14.327,0.037,13.814,0.04,13.408,0.047,18.0059,0.003669,19.931,0.080538,16.5681,0.007206,13.191,0.025,12.945,0.028,12.39,,8.889,,Orion,5.0,Various-Kounkel+2018;2020;Kos+2018;Chen+2020;Sanchez-Sanjuan+2024;Zerjat+2024;Kos+2021,3019.0,0.586292,0.576758
716091666,3.339733515302699e+18,83.5776288490398,10.7089550760958,2.47227,15.44,,,,,,,,,,,16.6358,0.001699,18.0447,0.026699,15.0958,0.051632,,,,,,,,,Orion,5.0,Various-Kounkel+2018;2020;Kos+2018;Chen+2020;Sanchez-Sanjuan+2024;Zerjat+2024;Kos+2021,,,
200527477,3.340774516592793e+18,83.2105689478538,11.9629812734749,2.28963,14.8227,17.412,0.425,16.191,0.263,13.685,0.033,13.04,0.029,12.947,0.041,15.5916,0.000889,16.3183,0.004991,14.7725,0.0017,12.862,0.024,12.874,0.027,12.386,,8.998,,Orion,5.0,Various-Kounkel+2018;2020;Kos+2018;Chen+2020;Sanchez-Sanjuan+2024;Zerjat+2024;Kos+2021,4479.0,0.62107,0.703
144616520,3.3364184533844726e+18,84.6041357304016,9.6861198202408,2.53194,16.3854,20.667,0.164,,,14.421,0.035,13.823,0.031,13.52,0.038,17.8565,0.003133,19.4815,0.11112,16.4796,0.011589,13.348,0.025,13.117,0.03,12.44,,8.202,,Orion,5.0,Various-Kounkel+2018;2020;Kos+2018;Chen+2020;Sanchez-Sanjuan+2024;Zerjat+2024;Kos+2021,3182.0,0.515888,0.513536
436160999,3.339504198409173e+18,84.0678875811516,10.2140216178875,2.43682,17.1178,,,,,14.994,0.03,14.427,0.051,14.065,0.054,18.685,0.00392,20.5911,0.091244,17.2389,0.012081,13.975,0.029,13.719,0.04,12.461,,8.869,,Orion,5.0,Various-Kounkel+2018;2020;Kos+2018;Chen+2020;Sanchez-Sanjuan+2024;Zerjat+2024;Kos+2021,3024.0,0.44803,0.444444
284281614,3.333463756403468e+18,85.9695834682597,7.28501717822768,2.03412,16.4268,,,,,14.541,0.037,13.816,0.038,13.543,0.051,17.8345,0.002309,19.3473,0.130482,16.5082,0.008269,13.379,0.025,13.168,0.031,12.432,,8.824,,Orion,5.0,Various-Kounkel+2018;2020;Kos+2018;Chen+2020;Sanchez-Sanjuan+2024;Zerjat+2024;Kos+2021,3260.0,0.596518,0.585239
144733758,3.3363378110795305e+18,85.1578049938504,9.30780995334282,2.40573,16.4725,,,,,14.406,0.026,13.826,0.035,13.384,0.037,17.9845,0.002324,19.8605,0.107693,16.5877,0.00822,13.17,0.024,12.668,0.027,10.749,0.132,8.458,0.347,Orion,5.0,Various-Kounkel+2018;2020;Kos+2018;Chen+2020;Sanchez-Sanjuan+2024;Zerjat+2024;Kos+2021,3058.0,0.557082,0.55158
144776237,3.336131205971428e+18,85.2894535368713,8.95103755372196,2.38488,16.5918,,,,,14.672,0.028,14.018,0.035,13.658,0.051,18.0796,0.001955,20.1261,0.087242,16.7176,0.005579,13.612,0.027,13.365,0.031,12.171,,8.725,,Orion,5.0,Various-Kounkel+2018;2020;Kos+2018;Chen+2020;Sanchez-Sanjuan+2024;Zerjat+2024;Kos+2021,3001.0,0.514539,0.51224
200541827,3.3379733732814034e+18,83.1878273858566,9.73070559614015,2.72491,17.09,,,,,14.968,0.051,14.418,0.056,14.015,0.067,18.6551,0.004215,20.6331,0.147303,17.2161,0.012842,13.705,0.028,13.3,0.033,10.914,0.119,8.608,0.358,Orion,5.0,Various-Kounkel+2018;2020;Kos+2018;Chen+2020;Sanchez-Sanjuan+2024;Zerjat+2024;Kos+2021,2997.0,0.416643,0.410136
144732517,3.334526846707954e+18,85.1283947657712,8.28453259883478,2.57521,15.3592,19.437,0.164,17.9698,0.0487,13.723,0.027,13.014,0.034,12.76,0.025,16.654,0.00125,18.1498,0.017093,15.4318,0.003166,12.629,0.025,12.499,0.024,11.384,0.188,8.192,,Orion,5.0,Various-Kounkel+2018;2020;Kos+2018;Chen+2020;Sanchez-Sanjuan+2024;Zerjat+2024;Kos+2021,3319.0,0.642815,0.621713
144546482,3.334895973377414e+18,84.5771444524263,9.34123253510777,2.45751,15.4705,20.171,0.161,,,13.768,0.021,13.119,0.03,12.845,0.03,16.8091,0.002414,18.4324,0.01662,15.5555,0.009995,12.745,0.024,12.55,0.024,12.376,0.493,8.876,,Orion,5.0,Various-Kounkel+2018;2020;Kos+2018;Chen+2020;Sanchez-Sanjuan+2024;Zerjat+2024;Kos+2021,3242.0,0.647107,0.624954
144697462,3.3364227139921367e+18,84.8483533069779,9.73869237605432,2.39623,16.4614,19.673,0.168,18.4811,0.0875,14.615,0.04,13.989,0.032,13.596,0.045,17.6582,0.015614,18.6245,0.091276,16.488,0.034328,13.324,0.025,12.832,0.027,11.1,0.141,8.63,,Orion,5.0,Various-Kounkel+2018;2020;Kos+2018;Chen+2020;Sanchez-Sanjuan+2024;Zerjat+2024;Kos+2021,3661.0,0.522283,0.519641
436251422,3.3348987565160653e+18,84.2248356141135,9.20354107747591,,16.7512,,,,,14.505,0.039,13.989,0.044,13.551,0.045,18.3124,0.002812,19.6199,0.137715,16.8288,0.009243,13.38,0.025,13.199,0.03,11.888,,8.656,,Orion,5.0,Various-Kounkel+2018;2020;Kos+2018;Chen+2020;Sanchez-Sanjuan+2024;Zerjat+2024;Kos+2021,3283.0,0.477625,0.475512
144734353,3.3364356719103457e+18,85.1112604320978,9.81001562715867,2.48804,15.2285,19.458,0.163,,,13.42,0.026,12.729,0.023,12.428,0.023,16.4313,0.001792,17.9974,0.01784,15.206,0.005608,12.419,0.024,12.269,0.024,11.781,0.282,8.883,,Orion,5.0,Various-Kounkel+2018;2020;Kos+2018;Chen+2020;Sanchez-Sanjuan+2024;Zerjat+2024;Kos+2021,3457.0,0.939741,0.43
284283885,3.33610289784457e+18,85.9729039833575,9.11991300057485,2.38426,15.1796,,,16.994,1.133,13.09,0.027,12.227,0.025,11.708,0.024,16.2848,0.021325,17.5727,0.098518,15.0554,0.058126,11.079,0.026,10.528,0.022,9.006,0.036,7.164,0.132,Orion,5.0,Various-Kounkel+2018;2020;Kos+2018;Chen+2020;Sanchez-Sanjuan+2024;Zerjat+2024;Kos+2021,3583.0,0.853743,0.5
200605040,3.336368116369002e+18,85.5833591499911,9.51778387270319,2.31971,15.4976,20.069,0.164,,,13.743,0.033,13.095,0.033,12.775,0.032,16.8939,0.001508,18.689,0.059094,15.5991,0.005115,12.68,0.025,12.457,0.025,12.003,0.337,8.867,,Orion,5.0,Various-Kounkel+2018;2020;Kos+2018;Chen+2020;Sanchez-Sanjuan+2024;Zerjat+2024;Kos+2021,3141.0,0.68345,0.65166
284281934,3.333688473388619e+18,86.0437030273652,7.5677488037309,2.28224,10.0678,10.265,0.074,10.252,0.007,9.902,0.027,9.83,0.03,9.85,0.026,10.0964,0.000389,10.1553,0.001541,10.0073,0.001698,9.809,0.029,9.839,0.028,9.14,0.051,7.387,0.244,Orion,5.0,Various-Kounkel+2018;2020;Kos+2018;Chen+2020;Sanchez-Sanjuan+2024;Zerjat+2024;Kos+2021,11326.0,1.55264,2.98
200517406,3.3406585825377014e+18,82.914412727303,11.6370306537132,2.6898,16.7256,,,,,14.605,0.043,14.052,0.04,13.768,0.056,18.2743,0.002382,20.2433,0.117864,16.8501,0.010737,13.564,0.026,13.314,0.031,12.381,,8.723,,Orion,5.0,Various-Kounkel+2018;2020;Kos+2018;Chen+2020;Sanchez-Sanjuan+2024;Zerjat+2024;Kos+2021,3007.0,0.455792,0.452722
200517415,3.3406584150362097e+18,82.9386021372491,11.6319404092185,2.49189,15.3912,19.87,0.163,,,13.534,0.031,12.869,0.03,12.623,0.031,16.8083,0.003754,18.5561,0.022458,15.4909,0.009157,12.576,0.05,12.375,0.052,12.025,,8.168,,Orion,5.0,Various-Kounkel+2018;2020;Kos+2018;Chen+2020;Sanchez-Sanjuan+2024;Zerjat+2024;Kos+2021,3152.0,0.682845,0.651225
200588586,3.3406136442970225e+18,83.3263498050179,11.6249128078242,2.52944,15.483,20.072,0.162,,,13.383,0.027,12.723,0.028,12.449,0.03,16.8282,0.001553,18.7564,0.081762,15.4618,0.005362,12.336,0.024,12.076,0.024,11.855,,8.953,,Orion,5.0,Various-Kounkel+2018;2020;Kos+2018;Chen+2020;Sanchez-Sanjuan+2024;Zerjat+2024;Kos+2021,3178.0,,
200519869,3.337764328632921e+18,83.0047105028214,8.94444427106571,2.68727,16.1899,,,,,14.2,0.033,13.628,0.034,13.299,0.041,17.6149,0.001809,19.2681,0.099429,16.2829,0.00651,13.177,0.026,12.985,0.031,12.473,,8.642,,Orion,5.0,Various-Kounkel+2018;2020;Kos+2018;Chen+2020;Sanchez-Sanjuan+2024;Zerjat+2024;Kos+2021,3190.0,0.531821,0.52861
144697406,3.3364104475654533e+18,84.9303588977786,9.69719366497619,2.47011,16.0689,19.712,0.165,,,14.29,0.029,13.659,0.035,13.448,0.048,17.4597,0.001656,19.2067,0.023438,16.1662,0.00395,13.19,0.026,12.995,0.029,11.983,,8.785,,Orion,5.0,Various-Kounkel+2018;2020;Kos+2018;Chen+2020;Sanchez-Sanjuan+2024;Zerjat+2024;Kos+2021,3164.0,0.536148,0.532625
715876904,3.336450201783218e+18,84.9859890516996,9.93608679142175,2.60427,16.8192,,,,,,,,,,,18.1636,0.002854,20.1883,0.077972,16.7485,0.011849,,,,,,,,,Orion,5.0,Various-Kounkel+2018;2020;Kos+2018;Chen+2020;Sanchez-Sanjuan+2024;Zerjat+2024;Kos+2021,,,
144617827,3.3396500898567086e+18,84.6243366451732,10.7511786473366,2.2539,16.8566,,,,,14.71,0.045,14.223,0.044,13.814,0.043,18.4233,0.002727,20.5672,0.129263,16.995,0.005998,13.693,0.027,13.411,0.032,12.453,,8.917,,Orion,5.0,Various-Kounkel+2018;2020;Kos+2018;Chen+2020;Sanchez-Sanjuan+2024;Zerjat+2024;Kos+2021,2939.0,0.513297,0.511042
436341617,3.3394404267337984e+18,84.2360827172295,9.90849262159075,,17.5312,,,,,15.498,0.06,14.913,0.062,14.661,0.108,19.1021,0.004468,20.5825,0.189499,17.6215,0.03749,14.395,0.031,14.171,0.046,12.509,,8.678,,Orion,5.0,Various-Kounkel+2018;2020;Kos+2018;Chen+2020;Sanchez-Sanjuan+2024;Zerjat+2024;Kos+2021,3201.0,0.358616,0.344157
436341336,3.339420571102061e+18,84.3067348499239,9.6716691660836,2.18888,15.7362,20.471,0.162,,,13.757,0.026,13.192,0.022,12.904,0.03,17.2085,0.0021,19.1027,0.067576,15.8503,0.005259,12.753,0.024,12.47,0.025,12.26,,8.981,,Orion,5.0,Various-Kounkel+2018;2020;Kos+2018;Chen+2020;Sanchez-Sanjuan+2024;Zerjat+2024;Kos+2021,3067.0,0.686258,0.653679
436251796,3.334848045839216e+18,84.1754900611793,8.82441693257219,2.65248,15.4936,,,,,13.672,0.023,13.04,0.033,12.762,0.03,16.8889,0.002271,18.6791,0.070038,15.5947,0.005432,12.598,0.025,12.382,0.024,11.848,,8.862,,Orion,5.0,Various-Kounkel+2018;2020;Kos+2018;Chen+2020;Sanchez-Sanjuan+2024;Zerjat+2024;Kos+2021,3143.0,0.63068,0.612433
144774425,3.33956903953151e+18,85.2309994862803,10.3923079324039,2.42587,15.7533,,,,,13.949,0.03,13.368,0.031,13.078,0.034,17.1289,0.0015,18.7775,0.056055,15.8426,0.003709,12.93,0.025,12.711,0.026,12.146,0.424,8.483,,Orion,5.0,Various-Kounkel+2018;2020;Kos+2018;Chen+2020;Sanchez-Sanjuan+2024;Zerjat+2024;Kos+2021,3214.0,0.607812,0.594416
284284812,3.336474360976224e+18,85.9339755255223,9.84416715347349,2.20987,15.2033,,,17.6516,0.0792,13.358,0.052,12.603,0.057,12.286,0.044,16.3781,0.01282,17.8704,0.05458,15.1973,0.040397,11.803,0.023,11.532,0.022,10.268,0.084,8.414,0.302,Orion,5.0,Various-Kounkel+2018;2020;Kos+2018;Chen+2020;Sanchez-Sanjuan+2024;Zerjat+2024;Kos+2021,3555.0,1.00866,0.488
309908433,3.3399832805377705e+18,85.74604378764,10.8718583779931,2.51228,15.7722,,,,,13.919,0.041,13.234,0.039,13.015,0.042,17.1877,0.001879,18.9279,0.037907,15.871,0.005515,12.878,0.037,12.649,0.038,12.28,,8.061,,Orion,5.0,Various-Kounkel+2018;2020;Kos+2018;Chen+2020;Sanchez-Sanjuan+2024;Zerjat+2024;Kos+2021,3156.0,0.60667,0.593497
156358471,3.335259533769877e+18,86.8827492515329,8.471034584337,2.34335,16.162,19.762,0.169,18.1759,0.048,14.801,0.041,14.122,0.045,13.828,0.05,17.2756,0.001345,18.4345,0.01767,16.1967,0.004151,13.798,0.027,13.718,0.039,12.167,,9.003,,Orion,5.0,Various-Kounkel+2018;2020;Kos+2018;Chen+2020;Sanchez-Sanjuan+2024;Zerjat+2024;Kos+2021,3589.0,0.491687,0.48978
200640007,3.336274593457351e+18,85.8637882089703,9.53711717819227,2.52475,16.1072,,,18.2685,0.0517,14.561,0.043,13.89,0.041,13.675,0.066,17.2818,0.001213,18.496,0.02837,16.1503,0.006813,13.571,0.028,13.527,0.036,12.078,0.377,8.54,0.444,Orion,5.0,Various-Kounkel+2018;2020;Kos+2018;Chen+2020;Sanchez-Sanjuan+2024;Zerjat+2024;Kos+2021,3521.0,0.490226,0.488313
156144763,3.336474807652949e+18,86.07772934565,9.86440833304018,2.41261,15.1764,,,,,13.266,0.038,12.55,0.042,12.213,0.03,16.3706,0.004062,17.9206,0.041198,15.1241,0.007324,11.655,0.024,11.198,0.022,9.899,0.06,8.113,0.241,Orion,5.0,Various-Kounkel+2018;2020;Kos+2018;Chen+2020;Sanchez-Sanjuan+2024;Zerjat+2024;Kos+2021,3423.0,0.987256,0.414
284158090,3.338283366840804e+18,82.757233420551,10.558603450549,2.512,14.3136,14.955,0.068,16.086,1.133,12.599,0.026,11.903,0.03,11.665,0.03,15.4165,0.003091,16.7361,0.017918,14.2564,0.008498,11.531,0.04,11.41,0.037,11.33,0.237,8.332,,Orion,5.0,Various-Kounkel+2018;2020;Kos+2018;Chen+2020;Sanchez-Sanjuan+2024;Zerjat+2024;Kos+2021,3636.0,1.1996,0.52
716014394,3.3382197326034483e+18,83.2297511085898,10.3517496655005,2.33137,15.2744,,,17.5786,0.0776,,,,,,,16.3926,0.001396,17.6431,0.062772,15.0655,0.03006,,,,,,,,,Orion,5.0,Various-Kounkel+2018;2020;Kos+2018;Chen+2020;Sanchez-Sanjuan+2024;Zerjat+2024;Kos+2021,3529.0,,
436011887,3.3379042371925586e+18,83.694245754163,9.487564757665,,16.5632,,,18.6462,0.0581,14.72,0.034,13.973,0.03,13.709,0.046,17.9885,0.003181,18.4743,0.052243,16.5716,0.010318,,,,,,,,,Orion,5.0,Various-Kounkel+2018;2020;Kos+2018;Chen+2020;Sanchez-Sanjuan+2024;Zerjat+2024;Kos+2021,3860.0,0.528257,0.525277
436154558,3.3397134492158515e+18,83.9412381322832,10.5417520857274,2.15059,16.5794,,,,,14.669,0.035,14.031,0.048,13.662,0.05,18.0497,0.002026,19.8797,0.098119,16.6882,0.006079,13.537,0.026,13.306,0.031,12.444,,8.911,,Orion,5.0,Various-Kounkel+2018;2020;Kos+2018;Chen+2020;Sanchez-Sanjuan+2024;Zerjat+2024;Kos+2021,3094.0,0.552408,0.547415
436015832,3.337886198328077e+18,83.7190432849074,9.33098711390038,2.51978,16.4546,,,,,14.519,0.034,13.861,0.033,13.539,0.041,17.9229,0.002819,19.7281,0.086822,16.5615,0.007772,13.496,0.027,13.201,0.031,12.593,,9.066,,Orion,5.0,Various-Kounkel+2018;2020;Kos+2018;Chen+2020;Sanchez-Sanjuan+2024;Zerjat+2024;Kos+2021,3105.0,0.51505,0.512731
436106542,3.337929457239635e+18,83.7486836118994,9.60071318842733,2.35081,16.3697,,,,,14.207,0.033,13.63,0.033,13.228,0.033,17.9453,0.001672,19.8041,0.074352,16.4883,0.009898,13.124,0.026,12.843,0.027,12.201,,9.004,,Orion,5.0,Various-Kounkel+2018;2020;Kos+2018;Chen+2020;Sanchez-Sanjuan+2024;Zerjat+2024;Kos+2021,3039.0,0.593756,0.582965
144615389,3.3348102458305925e+18,84.7084804762129,8.72000052112714,2.36138,17.0417,,,,,15.249,0.045,14.549,0.044,14.297,0.08,18.4996,0.002965,20.4337,0.131903,17.1569,0.007459,14.147,0.03,13.923,0.04,12.471,,9.027,,Orion,5.0,Various-Kounkel+2018;2020;Kos+2018;Chen+2020;Sanchez-Sanjuan+2024;Zerjat+2024;Kos+2021,3056.0,0.430958,0.425939
284200788,3.334880481430017e+18,84.3985562984049,9.01819292845158,,14.9932,,,16.141,0.263,13.078,0.043,12.398,0.066,12.168,0.039,16.0515,0.001409,17.191,0.054985,14.7555,0.01473,,,,,,,,,Orion,5.0,Various-Kounkel+2018;2020;Kos+2018;Chen+2020;Sanchez-Sanjuan+2024;Zerjat+2024;Kos+2021,,,
715844172,3.336108361043207e+18,86.0905974436685,9.14822556522277,2.63678,14.5448,,,,,,,,,,,15.9431,0.001284,17.7889,0.026418,14.4773,0.003413,,,,,,,,,Orion,5.0,Various-Kounkel+2018;2020;Kos+2018;Chen+2020;Sanchez-Sanjuan+2024;Zerjat+2024;Kos+2021,,,
144545488,3.339473515162549e+18,84.5096444754791,10.1524340064501,2.30352,17.5284,,,,,15.383,0.048,14.752,0.058,14.447,0.091,19.1363,0.00437,20.876,0.249982,17.6401,0.009393,14.123,0.03,13.748,0.035,12.076,0.387,8.239,,Orion,5.0,Various-Kounkel+2018;2020;Kos+2018;Chen+2020;Sanchez-Sanjuan+2024;Zerjat+2024;Kos+2021,3074.0,0.412207,0.405192
144546051,3.339421498814951e+18,84.4975209608379,9.70162844199345,2.4648,16.1556,,,,,14.147,0.036,13.551,0.032,13.371,0.038,17.6638,0.002539,19.7016,0.04935,16.2824,0.007827,13.124,0.025,12.86,0.029,11.693,0.294,8.892,,Orion,5.0,Various-Kounkel+2018;2020;Kos+2018;Chen+2020;Sanchez-Sanjuan+2024;Zerjat+2024;Kos+2021,2996.0,0.550351,0.54557
436340447,3.3348815122243154e+18,84.3293777049551,9.04574323793115,2.49776,15.5553,19.961,0.163,18.1496,0.0522,13.857,0.029,13.216,0.027,12.998,0.034,16.8442,0.001231,18.334,0.026061,15.627,0.003275,12.765,0.025,12.618,0.026,12.009,,8.868,,Orion,5.0,Various-Kounkel+2018;2020;Kos+2018;Chen+2020;Sanchez-Sanjuan+2024;Zerjat+2024;Kos+2021,3325.0,0.610494,0.596567
144775849,3.3363349935809444e+18,85.2986263111442,9.2714577011884,2.44001,15.6569,19.848,0.164,18.2162,0.0522,13.978,0.03,13.311,0.028,13.027,0.033,16.929,0.003577,18.4147,0.024668,15.727,0.009348,12.95,0.026,12.789,0.026,12.016,,8.682,,Orion,5.0,Various-Kounkel+2018;2020;Kos+2018;Chen+2020;Sanchez-Sanjuan+2024;Zerjat+2024;Kos+2021,3335.0,0.614473,0.599739
156142709,3.335269291934655e+18,86.1167217574201,8.18455022295078,2.26357,16.4975,,,,,14.653,0.041,14.065,0.037,13.665,0.048,17.987,0.002625,19.9496,0.097161,16.6174,0.009918,13.545,0.026,13.317,0.03,11.777,,9.085,,Orion,5.0,Various-Kounkel+2018;2020;Kos+2018;Chen+2020;Sanchez-Sanjuan+2024;Zerjat+2024;Kos+2021,3032.0,0.532301,0.529057
144775781,3.336335478913608e+18,85.2894735286302,9.31618887303695,2.42789,15.3329,18.478,0.165,,,13.38,0.026,12.698,0.027,12.474,0.033,16.583,0.004034,18.3063,0.02212,15.2947,0.010927,,,,,,,,,Orion,5.0,Various-Kounkel+2018;2020;Kos+2018;Chen+2020;Sanchez-Sanjuan+2024;Zerjat+2024;Kos+2021,3279.0,,
156144716,3.336287027386965e+18,86.0952372864208,9.83004912714457,2.66448,16.9831,18.593,0.078,,,14.824,0.05,14.202,0.065,13.725,0.059,18.5781,0.009583,20.5841,0.150636,17.1135,0.026909,13.22,0.039,12.658,0.035,10.901,0.136,8.331,,Orion,5.0,Various-Kounkel+2018;2020;Kos+2018;Chen+2020;Sanchez-Sanjuan+2024;Zerjat+2024;Kos+2021,2976.0,0.472749,0.470488
156144748,3.336287375279889e+18,86.1437091047046,9.8565053387553,2.4506,13.7725,,,15.391,0.126,12.238,0.026,11.501,0.021,11.283,0.023,14.718,0.005514,15.7299,0.021325,13.7073,0.015636,,,,,,,,,Orion,5.0,Various-Kounkel+2018;2020;Kos+2018;Chen+2020;Sanchez-Sanjuan+2024;Zerjat+2024;Kos+2021,3926.0,1.25849,0.61
200517473,3.3406542532105964e+18,82.9866146379239,11.5763169481731,2.27048,16.6325,,,,,14.735,0.047,14.14,0.045,13.764,0.054,18.1543,0.002502,20.3144,0.090719,16.7689,0.006007,13.615,0.027,13.367,0.034,12.23,,8.833,,Orion,5.0,Various-Kounkel+2018;2020;Kos+2018;Chen+2020;Sanchez-Sanjuan+2024;Zerjat+2024;Kos+2021,2949.0,0.515787,0.513439
436100379,3.337928804404572e+18,83.7956228633908,9.58053939725393,2.31473,16.6159,,,,,14.779,0.037,14.244,0.041,13.993,0.055,18.0264,0.003072,19.4437,0.054733,16.6905,0.008002,13.782,0.027,13.599,0.036,12.594,,8.425,,Orion,5.0,Various-Kounkel+2018;2020;Kos+2018;Chen+2020;Sanchez-Sanjuan+2024;Zerjat+2024;Kos+2021,3302.0,0.47169,0.469392
200518652,3.338259104568306e+18,83.0065872406818,10.3038667372838,2.49434,16.7468,20.421,0.168,,,14.901,0.046,14.307,0.051,14.027,0.06,18.2172,0.00274,20.1672,0.080052,16.8643,0.0059,13.756,0.027,13.6,0.034,12.371,,8.532,,Orion,5.0,Various-Kounkel+2018;2020;Kos+2018;Chen+2020;Sanchez-Sanjuan+2024;Zerjat+2024;Kos+2021,3045.0,0.441398,0.437302
436342082,3.339424037138431e+18,84.2886389566249,9.74278417303523,2.48806,16.972,,,,,14.889,0.041,14.301,0.056,13.98,0.063,18.502,0.003585,20.1904,0.096409,17.0747,0.01103,13.784,0.027,13.506,0.035,12.135,,9.095,,Orion,5.0,Various-Kounkel+2018;2020;Kos+2018;Chen+2020;Sanchez-Sanjuan+2024;Zerjat+2024;Kos+2021,3129.0,0.453045,0.449803
144668273,3.3345784550352804e+18,84.7646872173298,8.40677045415368,,17.8636,19.904,0.119,18.8347,0.085,16.066,0.102,15.017,0.062,14.071,0.068,18.5158,0.022091,18.9242,0.138188,17.625,0.055527,11.949,0.023,10.827,0.02,8.426,0.024,6.496,0.067,Orion,5.0,Various-Kounkel+2018;2020;Kos+2018;Chen+2020;Sanchez-Sanjuan+2024;Zerjat+2024;Kos+2021,,,
436162381,3.334798499096518e+18,84.1048882060173,8.70313627135308,2.63094,16.1638,,,,,14.362,0.029,13.715,0.03,13.6,0.044,17.5264,0.001835,19.0883,0.052969,16.2456,0.006695,13.367,0.026,13.185,0.032,12.433,,8.739,0.42,Orion,5.0,Various-Kounkel+2018;2020;Kos+2018;Chen+2020;Sanchez-Sanjuan+2024;Zerjat+2024;Kos+2021,3258.0,0.489761,0.487846
715757020,3.3352400560946657e+18,86.8224467120783,8.31262246217099,2.26532,16.1215,,,,,,,,,,,17.3229,0.003407,18.7024,0.076861,15.7308,0.035896,,,,,,,,,Orion,5.0,Various-Kounkel+2018;2020;Kos+2018;Chen+2020;Sanchez-Sanjuan+2024;Zerjat+2024;Kos+2021,,,
144611311,3.334356456764937e+18,84.471308460569,7.34324381815768,2.58257,16.6462,,,,,14.744,0.042,14.145,0.035,13.854,0.05,18.1243,0.002288,20.1893,0.068988,16.7725,0.006167,13.692,0.027,13.499,0.032,12.316,,8.95,,Orion,5.0,Various-Kounkel+2018;2020;Kos+2018;Chen+2020;Sanchez-Sanjuan+2024;Zerjat+2024;Kos+2021,2997.0,0.456,0.452943
144703796,3.336330595534354e+18,85.0319977368453,9.19051160247031,2.42666,16.5905,20.335,0.166,,,14.645,0.037,14.148,0.046,13.768,0.067,18.1039,0.002383,19.6966,0.117878,16.6853,0.019916,13.579,0.027,13.346,0.032,11.566,,8.363,,Orion,5.0,Various-Kounkel+2018;2020;Kos+2018;Chen+2020;Sanchez-Sanjuan+2024;Zerjat+2024;Kos+2021,3178.0,0.491019,0.48911
200478163,3.3382294521148795e+18,82.6173488841255,10.0597104466711,2.40903,17.0674,,,,,14.855,0.068,14.348,0.071,14.059,0.082,18.5762,0.003363,20.1994,0.101202,17.1638,0.013166,,,,,,,,,Orion,5.0,Various-Kounkel+2018;2020;Kos+2018;Chen+2020;Sanchez-Sanjuan+2024;Zerjat+2024;Kos+2021,3166.0,0.451475,0.448129
436015661,3.3379812717259904e+18,83.5812532301178,9.7065440857314,,18.0385,18.841,0.057,20.3033,0.2173,14.76,,14.262,,14.548,0.106,19.1326,0.004243,20.24,0.237226,17.6795,0.012398,13.736,0.026,13.602,0.036,11.977,0.328,8.275,,Orion,5.0,Various-Kounkel+2018;2020;Kos+2018;Chen+2020;Sanchez-Sanjuan+2024;Zerjat+2024;Kos+2021,,,
436153064,3.33442871529658e+18,83.8693609537241,7.63178449608624,2.42375,10.2162,10.598,0.072,10.39,0.006,9.884,0.029,9.726,0.022,9.676,0.026,10.3442,0.000693,10.4364,0.001007,10.1402,0.002222,9.603,0.023,9.624,0.021,9.531,0.043,8.315,,Orion,5.0,Various-Kounkel+2018;2020;Kos+2018;Chen+2020;Sanchez-Sanjuan+2024;Zerjat+2024;Kos+2021,8912.0,1.65142,2.246
436334721,3.3394471268829194e+18,84.3335671047925,9.9950862185332,2.68429,17.2712,,,,,15.178,0.041,14.645,0.058,14.311,0.084,18.7612,0.003566,20.3513,0.105319,17.3637,0.009511,14.156,0.03,13.901,0.04,12.379,,8.815,,Orion,5.0,Various-Kounkel+2018;2020;Kos+2018;Chen+2020;Sanchez-Sanjuan+2024;Zerjat+2024;Kos+2021,3189.0,0.381303,0.37023
144668414,3.334570449215924e+18,84.7556673054545,8.27832055767935,2.37492,16.4453,,,,,14.459,0.03,13.871,0.035,13.442,0.041,18.1284,0.003074,20.2045,0.074588,16.5874,0.008592,13.323,0.025,13.084,0.028,11.992,,8.67,,Orion,5.0,Various-Kounkel+2018;2020;Kos+2018;Chen+2020;Sanchez-Sanjuan+2024;Zerjat+2024;Kos+2021,2924.0,0.552962,0.547911
715874385,3.336420656704762e+18,84.7784216199907,9.68681178550832,2.6309,16.0604,,,,,,,,,,,17.3393,0.002806,19.0479,0.044063,15.9869,0.007601,,,,,,,,,Orion,5.0,Various-Kounkel+2018;2020;Kos+2018;Chen+2020;Sanchez-Sanjuan+2024;Zerjat+2024;Kos+2021,,,
144666774,3.3364082184794783e+18,84.8211399407696,9.62556250326044,2.59624,16.0144,19.564,0.166,18.0446,0.0553,14.587,0.028,13.916,0.041,13.7,0.044,17.1394,0.001565,18.2938,0.038595,16.0497,0.007986,13.632,0.027,13.592,0.034,12.361,0.487,8.371,,Orion,5.0,Various-Kounkel+2018;2020;Kos+2018;Chen+2020;Sanchez-Sanjuan+2024;Zerjat+2024;Kos+2021,3585.0,0.476468,0.474324
200525451,3.338167677602133e+18,83.0258516665954,9.93490762107762,2.57989,16.1705,,,,,14.334,0.04,13.672,0.04,13.427,0.047,17.5651,0.002505,19.1762,0.069463,16.2582,0.005136,13.278,0.026,13.078,0.028,12.421,0.541,8.836,,Orion,5.0,Various-Kounkel+2018;2020;Kos+2018;Chen+2020;Sanchez-Sanjuan+2024;Zerjat+2024;Kos+2021,3222.0,0.524896,0.522114
435936540,3.3379513100330824e+18,83.4648977298819,9.49616935609661,2.48067,16.2286,,,,,14.31,0.023,13.683,0.032,13.432,0.03,17.7093,0.001866,19.2834,0.039959,16.3198,0.011721,12.887,0.025,12.695,0.027,11.108,0.157,8.286,0.356,Orion,5.0,Various-Kounkel+2018;2020;Kos+2018;Chen+2020;Sanchez-Sanjuan+2024;Zerjat+2024;Kos+2021,3200.0,0.538048,0.534377
144545874,3.339429534696669e+18,84.5042171135506,9.84965923187101,2.16556,15.9259,20.054,0.163,,,14.086,0.029,13.455,0.034,13.174,0.038,17.3243,0.00201,19.0042,0.041071,16.019,0.003559,13.031,0.025,12.831,0.028,12.213,0.437,8.371,,Orion,5.0,Various-Kounkel+2018;2020;Kos+2018;Chen+2020;Sanchez-Sanjuan+2024;Zerjat+2024;Kos+2021,3190.0,0.636523,0.616924
436340738,3.3346812250119444e+18,84.3447088551477,8.40727499900753,2.50378,17.2139,,,,,15.084,0.044,14.536,0.057,14.227,0.071,18.6944,0.003056,20.4534,0.165599,17.318,0.010195,14.111,0.03,13.906,0.043,12.461,,8.743,,Orion,5.0,Various-Kounkel+2018;2020;Kos+2018;Chen+2020;Sanchez-Sanjuan+2024;Zerjat+2024;Kos+2021,3120.0,0.415525,0.408892
284158513,3.33823656887722e+18,82.6965067467563,10.1924416683928,2.33845,16.3551,,,,,14.477,0.036,13.839,0.031,13.563,0.045,17.7833,0.002123,19.5291,0.059068,16.4549,0.009106,13.49,0.03,13.241,0.034,12.379,0.46,8.746,,Orion,5.0,Various-Kounkel+2018;2020;Kos+2018;Chen+2020;Sanchez-Sanjuan+2024;Zerjat+2024;Kos+2021,3148.0,0.54053,0.536658
436098573,3.337990415711519e+18,83.8007586158183,9.88476309607946,2.75944,15.2527,,,17.052,1.133,13.518,0.029,12.837,0.03,12.589,0.026,16.5546,0.001824,17.8579,0.046402,15.312,0.008235,,,,,,,,,Orion,5.0,Various-Kounkel+2018;2020;Kos+2018;Chen+2020;Sanchez-Sanjuan+2024;Zerjat+2024;Kos+2021,3407.0,0.64674,0.624678
284156754,3.340862713743394e+18,82.6520748550031,11.8140644276501,2.30053,16.8681,,,,,14.71,0.037,14.091,0.047,13.847,0.055,18.4517,0.002546,20.3398,0.203104,16.9892,0.013436,13.614,0.027,13.374,0.031,12.002,,8.309,,Orion,5.0,Various-Kounkel+2018;2020;Kos+2018;Chen+2020;Sanchez-Sanjuan+2024;Zerjat+2024;Kos+2021,3024.0,0.499714,0.497773
716071872,3.3394942383786045e+18,83.8949124910367,10.0102796447747,2.50041,15.5951,,,17.4577,0.1833,,,,,,,16.583,0.002096,17.4674,0.229679,15.2626,0.016769,,,,,,,,,Orion,5.0,Various-Kounkel+2018;2020;Kos+2018;Chen+2020;Sanchez-Sanjuan+2024;Zerjat+2024;Kos+2021,,,
436015610,3.339733515302699e+18,83.5776288490398,10.7089550760958,2.47227,15.44,19.26,0.164,,,13.187,0.033,12.545,0.039,12.246,0.029,16.6358,0.001699,18.0447,0.026699,15.0958,0.051632,11.985,0.024,11.786,0.023,10.96,0.128,8.354,,Orion,5.0,Various-Kounkel+2018;2020;Kos+2018;Chen+2020;Sanchez-Sanjuan+2024;Zerjat+2024;Kos+2021,,,
144696758,3.334839314169552e+18,84.8673968483299,9.13773338154919,2.25968,16.0516,,,,,14.024,0.033,13.488,0.028,13.209,0.038,17.5717,0.001867,19.678,0.064845,16.1843,0.004918,13.011,0.026,12.738,0.027,11.842,,8.576,,Orion,5.0,Various-Kounkel+2018;2020;Kos+2018;Chen+2020;Sanchez-Sanjuan+2024;Zerjat+2024;Kos+2021,2967.0,0.613265,0.598779
284201336,3.3347799104782664e+18,84.3625811005481,8.53277008067723,2.27434,15.5093,13.685,0.062,,,13.704,0.037,13.067,0.029,12.796,0.02,16.8943,0.001555,18.5038,0.027284,15.5966,0.005368,12.791,0.074,12.587,0.069,11.49,,8.059,,Orion,5.0,Various-Kounkel+2018;2020;Kos+2018;Chen+2020;Sanchez-Sanjuan+2024;Zerjat+2024;Kos+2021,3227.0,0.687663,0.654687
144667033,3.3363953636398013e+18,84.7406162775477,9.42517634181516,2.47473,16.1641,,,,,14.416,0.029,13.855,0.029,13.566,0.04,17.5704,0.002754,19.2123,0.036641,16.255,0.015089,13.392,0.026,13.161,0.029,12.144,0.391,9.026,,Orion,5.0,Various-Kounkel+2018;2020;Kos+2018;Chen+2020;Sanchez-Sanjuan+2024;Zerjat+2024;Kos+2021,3203.0,0.516344,0.513974
284283902,3.3361498676069243e+18,85.9354543584761,9.13364389640694,2.21068,17.2365,20.555,0.166,18.9649,0.1064,14.572,0.041,12.624,0.022,11.089,0.023,18.1959,0.020698,19.1085,0.111146,17.0453,0.067225,9.214,0.022,8.254,0.02,5.863,0.014,3.856,0.022,Orion,5.0,Various-Kounkel+2018;2020;Kos+2018;Chen+2020;Sanchez-Sanjuan+2024;Zerjat+2024;Kos+2021,3896.0,,
200605760,3.336484561522567e+18,85.663475541439,9.87263054761278,2.49686,17.1605,,,19.708,0.0857,15.363,0.065,14.801,0.099,14.557,0.104,18.4886,0.002729,19.8383,0.07776,17.2239,0.015184,,,,,,,,,Orion,5.0,Various-Kounkel+2018;2020;Kos+2018;Chen+2020;Sanchez-Sanjuan+2024;Zerjat+2024;Kos+2021,3372.0,0.368858,0.355957
144776973,3.334548154042957e+18,85.2572289604739,8.36173064612186,2.2656,16.3723,,,,,14.513,0.03,13.889,0.028,13.589,0.045,17.8505,0.002365,19.7248,0.066761,16.4851,0.006861,13.393,0.026,13.127,0.031,11.791,,8.395,,Orion,5.0,Various-Kounkel+2018;2020;Kos+2018;Chen+2020;Sanchez-Sanjuan+2024;Zerjat+2024;Kos+2021,3072.0,0.546392,0.541998
144616226,3.3363981811383613e+18,84.6328824129142,9.43659694477831,2.46465,16.3928,,,,,14.419,0.03,13.786,0.022,13.506,0.035,17.8913,0.002072,19.8336,0.056656,16.5119,0.007345,13.364,0.025,13.092,0.028,12.292,,8.845,,Orion,5.0,Various-Kounkel+2018;2020;Kos+2018;Chen+2020;Sanchez-Sanjuan+2024;Zerjat+2024;Kos+2021,3037.0,0.529275,0.526232
200478719,3.3390403763006213e+18,82.6315805283848,10.7473879708093,2.2817,16.9821,,,,,14.986,0.058,14.564,0.07,14.017,0.081,18.4899,0.00388,20.5114,0.098543,17.1073,0.011841,13.963,0.028,13.723,0.038,12.251,0.461,8.956,,Orion,5.0,Various-Kounkel+2018;2020;Kos+2018;Chen+2020;Sanchez-Sanjuan+2024;Zerjat+2024;Kos+2021,3002.0,0.476842,0.474709
436154736,3.3344241454515354e+18,83.9841934741502,7.55059279175685,2.48752,16.6041,,,,,14.69,0.033,14.045,0.042,13.775,0.048,18.0421,0.001993,19.8663,0.075576,16.7102,0.008543,13.711,0.027,13.447,0.033,12.35,,8.87,,Orion,5.0,Various-Kounkel+2018;2020;Kos+2018;Chen+2020;Sanchez-Sanjuan+2024;Zerjat+2024;Kos+2021,3110.0,0.481159,0.479129
200525188,3.337964401093569e+18,83.0890639666846,9.61602073362915,2.63947,17.4928,,,,,15.298,0.055,14.773,0.081,14.293,0.086,19.0596,0.004404,20.8627,0.160762,17.6062,0.016055,14.224,0.03,13.98,0.043,11.963,,8.935,,Orion,5.0,Various-Kounkel+2018;2020;Kos+2018;Chen+2020;Sanchez-Sanjuan+2024;Zerjat+2024;Kos+2021,3065.0,0.392986,0.383541
436009770,3.337981310380921e+18,83.5475489179249,9.7021998086286,2.38547,15.5765,14.525,0.064,,,13.554,0.026,12.944,0.032,12.631,0.027,17.0787,0.001421,18.8836,0.039229,15.6863,0.00385,12.438,0.036,12.148,0.035,11.404,0.25,8.367,,Orion,5.0,Various-Kounkel+2018;2020;Kos+2018;Chen+2020;Sanchez-Sanjuan+2024;Zerjat+2024;Kos+2021,3091.0,0.702413,0.665202
715993742,3.33792337986216e+18,84.2214405295513,9.69870720403859,2.41924,13.1654,,,14.2401,0.047,,,,,,,13.8744,0.00177,14.4487,0.015234,13.0506,0.014338,,,,,,,,,Orion,5.0,Various-Kounkel+2018;2020;Kos+2018;Chen+2020;Sanchez-Sanjuan+2024;Zerjat+2024;Kos+2021,4814.0,1.1116,0.779
200640407,3.336478724663124e+18,85.8908398531794,9.9509424350149,2.33363,11.4974,12.705,0.051,12.062,0.069,10.871,0.025,10.578,0.02,10.497,0.022,11.9392,0.00028,12.2845,0.001797,11.4404,0.000966,10.441,0.023,10.465,0.02,10.317,0.078,8.433,,Orion,5.0,Various-Kounkel+2018;2020;Kos+2018;Chen+2020;Sanchez-Sanjuan+2024;Zerjat+2024;Kos+2021,6210.0,1.48627,1.195
200601523,3.3337348547403054e+18,85.6122562469033,7.82281834841972,2.56599,17.0612,19.409,0.173,,,14.858,0.052,14.231,0.05,13.939,,18.3761,0.002915,20.3333,0.130286,16.9747,0.006713,13.804,0.027,13.638,0.039,12.473,,8.995,,Orion,5.0,Various-Kounkel+2018;2020;Kos+2018;Chen+2020;Sanchez-Sanjuan+2024;Zerjat+2024;Kos+2021,3076.0,,
156144756,3.3362873709841224e+18,86.1419794923003,9.85965629906653,2.37317,14.9484,,,17.3953,0.0471,13.134,0.051,12.425,0.055,12.168,0.037,16.1036,0.001458,17.593,0.010283,14.9005,0.004447,,,,,,,,,Orion,5.0,Various-Kounkel+2018;2020;Kos+2018;Chen+2020;Sanchez-Sanjuan+2024;Zerjat+2024;Kos+2021,3464.0,1.04232,0.44
156358263,3.3352400560946657e+18,86.8224467120783,8.31262246217099,2.26532,16.1215,20.172,0.164,,,13.518,0.036,12.894,0.039,12.555,0.034,17.3229,0.003407,18.7024,0.076861,15.7308,0.035896,12.278,0.024,12.091,0.023,11.506,0.208,8.648,,Orion,5.0,Various-Kounkel+2018;2020;Kos+2018;Chen+2020;Sanchez-Sanjuan+2024;Zerjat+2024;Kos+2021,,,
156431173,3.3366296326341443e+18,87.0559683130284,9.99278337461646,2.29031,13.4331,15.21,0.041,14.242,0.114,12.557,0.023,12.153,0.022,12.071,0.024,14.0227,0.00043,14.5249,0.003292,13.3829,0.001429,11.991,0.024,12.037,0.024,11.9,0.316,8.316,,Orion,5.0,Various-Kounkel+2018;2020;Kos+2018;Chen+2020;Sanchez-Sanjuan+2024;Zerjat+2024;Kos+2021,5294.0,0.824253,0.91
436156585,3.3379247155949635e+18,83.8661736096018,9.52660217495335,2.17825,16.8137,,,,,14.661,0.04,14.077,0.053,13.669,0.052,18.3576,0.003309,20.2181,0.081277,16.9299,0.008083,13.634,0.031,13.254,0.034,11.596,,8.562,,Orion,5.0,Various-Kounkel+2018;2020;Kos+2018;Chen+2020;Sanchez-Sanjuan+2024;Zerjat+2024;Kos+2021,3051.0,0.547736,0.543213
436105482,3.337993125835737e+18,83.79637809273,9.95543305650389,,16.6558,,,18.7403,0.0631,14.627,0.038,13.965,0.037,13.638,0.047,18.1013,0.00856,18.5364,0.063346,16.6619,0.013143,13.124,0.025,12.732,0.026,11.485,,8.769,,Orion,5.0,Various-Kounkel+2018;2020;Kos+2018;Chen+2020;Sanchez-Sanjuan+2024;Zerjat+2024;Kos+2021,3888.0,0.521072,0.518491
436016445,3.337902622283735e+18,83.6058565437318,9.42714536102622,2.55611,16.3158,,,,,14.319,0.026,13.763,0.039,13.492,0.049,17.7947,0.002029,19.6044,0.063197,16.4239,0.006369,13.296,0.025,13.019,0.028,12.205,,8.597,,Orion,5.0,Various-Kounkel+2018;2020;Kos+2018;Chen+2020;Sanchez-Sanjuan+2024;Zerjat+2024;Kos+2021,3099.0,0.51728,0.514871
436154797,3.337907226488219e+18,84.0583838363653,9.39218477355154,2.25929,16.6395,,,,,14.629,0.039,13.929,0.038,13.621,0.046,18.1355,0.002977,19.8208,0.123425,16.7397,0.007639,13.524,0.027,13.097,0.03,10.485,0.086,7.739,0.172,Orion,5.0,Various-Kounkel+2018;2020;Kos+2018;Chen+2020;Sanchez-Sanjuan+2024;Zerjat+2024;Kos+2021,3145.0,0.541304,0.537366
436009917,3.337873107267608e+18,83.6734820045106,9.12150202002902,2.47716,16.9437,,,,,14.889,0.043,14.188,0.039,13.946,0.06,18.4603,0.003032,20.2657,0.174218,17.0539,0.008657,13.759,0.027,13.401,0.034,11.815,0.29,8.785,,Orion,5.0,Various-Kounkel+2018;2020;Kos+2018;Chen+2020;Sanchez-Sanjuan+2024;Zerjat+2024;Kos+2021,3085.0,0.458855,0.455964
436014608,3.3379510695149373e+18,83.516882421505,9.51868049108223,2.28361,16.4204,,,,,14.385,0.037,13.808,0.032,13.456,0.038,17.9133,0.001706,19.7101,0.054641,16.5286,0.004704,13.33,0.026,13.079,0.029,11.928,,8.396,,Orion,5.0,Various-Kounkel+2018;2020;Kos+2018;Chen+2020;Sanchez-Sanjuan+2024;Zerjat+2024;Kos+2021,3099.0,0.565848,0.559289
715995741,3.337949695125416e+18,83.3104019528184,9.52928787041733,2.40071,14.802,,,,,,,,,,,16.0314,0.001839,17.6053,0.027458,14.7407,0.017957,,,,,,,,,Orion,5.0,Various-Kounkel+2018;2020;Kos+2018;Chen+2020;Sanchez-Sanjuan+2024;Zerjat+2024;Kos+2021,3425.0,,
715872326,3.336394818181585e+18,84.6932103751311,9.39354148846729,2.44008,14.6846,,,16.8333,0.051,,,,,,,15.7862,0.004513,17.0498,0.021758,14.6315,0.013939,,,,,,,,,Orion,5.0,Various-Kounkel+2018;2020;Kos+2018;Chen+2020;Sanchez-Sanjuan+2024;Zerjat+2024;Kos+2021,3731.0,1.04584,0.56
715844171,3.336108361043207e+18,86.0911841992069,9.14792614054321,2.38332,13.4453,,,15.3876,0.0475,,,,,,,14.4761,0.002849,15.6215,0.013686,13.3694,0.007357,,,,,,,,,Orion,5.0,Various-Kounkel+2018;2020;Kos+2018;Chen+2020;Sanchez-Sanjuan+2024;Zerjat+2024;Kos+2021,3781.0,,
284997691,3.3390125792719606e+18,82.4178903396003,10.5272216622287,2.6317,16.484,20.341,0.165,,,14.575,0.035,13.938,0.049,13.559,0.037,17.9878,0.002006,19.9193,0.071493,16.6026,0.006488,13.438,0.026,13.206,0.031,12.555,0.541,8.674,,Orion,5.0,Various-Kounkel+2018;2020;Kos+2018;Chen+2020;Sanchez-Sanjuan+2024;Zerjat+2024;Kos+2021,3039.0,0.495888,0.493977
200587448,3.3381912440859443e+18,83.3415642136928,10.0338796565743,2.44145,16.1687,,,,,14.222,0.035,13.596,0.039,13.312,0.039,17.6312,0.001808,19.4813,0.057614,16.2787,0.006686,13.096,0.024,12.662,0.027,10.873,0.11,8.891,0.482,Orion,5.0,Various-Kounkel+2018;2020;Kos+2018;Chen+2020;Sanchez-Sanjuan+2024;Zerjat+2024;Kos+2021,3089.0,0.563667,0.557384
436340782,3.334856287879121e+18,84.3008266219792,8.94012313963671,2.45996,16.5379,,,,,14.618,0.028,13.966,0.022,13.617,0.045,17.988,0.007341,19.6376,0.09153,16.6322,0.016127,13.239,0.03,12.728,0.03,11.04,0.189,8.362,0.503,Orion,5.0,Various-Kounkel+2018;2020;Kos+2018;Chen+2020;Sanchez-Sanjuan+2024;Zerjat+2024;Kos+2021,3180.0,0.510702,0.508533
144695680,3.334566124186216e+18,84.843048776753,8.20832233484066,2.43132,9.5486,9.614,0.047,9.514,0.004,9.458,0.026,9.451,0.024,9.428,0.023,9.53622,0.000392,9.57215,0.002327,9.50111,0.002474,9.39,0.023,9.432,0.02,9.134,0.031,6.929,0.1,Orion,5.0,Various-Kounkel+2018;2020;Kos+2018;Chen+2020;Sanchez-Sanjuan+2024;Zerjat+2024;Kos+2021,11770.0,1.70903,3.13
436339439,3.3348815422869463e+18,84.328135429559,9.05464662833544,2.73588,16.8144,,,,,14.66,0.039,14.143,0.031,13.762,0.05,18.3592,0.00258,20.0607,0.147933,16.9192,0.010479,13.675,0.028,13.416,0.032,12.411,,8.89,,Orion,5.0,Various-Kounkel+2018;2020;Kos+2018;Chen+2020;Sanchez-Sanjuan+2024;Zerjat+2024;Kos+2021,3117.0,0.451417,0.448068
426185411,3.337799165111981e+18,83.397364239585,9.21657659187096,2.30269,17.2253,,,,,15.169,0.053,14.61,0.069,14.276,0.063,18.7176,0.005164,20.4398,0.078829,17.3276,0.020238,13.992,0.028,13.587,0.037,12.025,,8.561,,Orion,5.0,Various-Kounkel+2018;2020;Kos+2018;Chen+2020;Sanchez-Sanjuan+2024;Zerjat+2024;Kos+2021,3130.0,0.434558,0.429873
436101858,3.3395140940136566e+18,83.8406094978907,10.2482966072453,2.32013,16.6404,,,,,14.687,0.043,14.082,0.035,13.774,0.051,18.1021,0.002084,19.63,0.048718,16.7267,0.008405,13.6,0.026,13.439,0.034,11.843,0.377,8.245,,Orion,5.0,Various-Kounkel+2018;2020;Kos+2018;Chen+2020;Sanchez-Sanjuan+2024;Zerjat+2024;Kos+2021,3229.0,0.505725,0.503686
436100917,3.337899804784602e+18,83.7704642306174,9.39685625526395,2.47584,17.1278,,,,,15.091,0.045,14.505,0.045,14.011,0.055,18.667,0.003016,20.4021,0.192248,17.2344,0.008472,13.924,0.028,13.72,0.037,11.316,0.33,8.84,,Orion,5.0,Various-Kounkel+2018;2020;Kos+2018;Chen+2020;Sanchez-Sanjuan+2024;Zerjat+2024;Kos+2021,3105.0,0.44782,0.444219
436334558,3.339553062252764e+18,84.3394229340341,10.6196487111072,2.50984,16.1667,,,,,14.146,0.026,13.532,0.058,13.233,0.047,17.6579,0.001896,19.5614,0.104983,16.2826,0.005998,13.149,0.034,12.923,0.036,12.216,,8.257,,Orion,5.0,Various-Kounkel+2018;2020;Kos+2018;Chen+2020;Sanchez-Sanjuan+2024;Zerjat+2024;Kos+2021,3055.0,0.568679,0.56175
144665716,3.339489458081126e+18,84.7214029401505,10.4929324374933,2.49775,15.5875,19.963,0.163,,,13.818,0.029,13.182,0.03,12.934,0.03,16.9377,0.001481,18.5933,0.020442,15.6756,0.004755,12.798,0.024,12.62,0.027,12.373,0.475,9.047,,Orion,5.0,Various-Kounkel+2018;2020;Kos+2018;Chen+2020;Sanchez-Sanjuan+2024;Zerjat+2024;Kos+2021,3222.0,0.622925,0.606404
436156620,3.3379343019622825e+18,84.0189977481546,9.69104289593383,2.18352,15.9625,,,,,14.069,0.024,13.466,0.041,13.18,0.033,17.3946,0.002733,19.1357,0.065544,16.0625,0.013658,13.056,0.024,12.84,0.027,11.882,,8.74,,Orion,5.0,Various-Kounkel+2018;2020;Kos+2018;Chen+2020;Sanchez-Sanjuan+2024;Zerjat+2024;Kos+2021,3149.0,0.632643,0.613946
144703272,3.3364093480543734e+18,84.9610181854711,9.65711993535793,2.30426,16.6146,,,,,14.674,0.042,14.049,0.044,13.7,0.044,18.133,0.002712,20.1158,0.101299,16.7379,0.010594,,,,,,,,,Orion,5.0,Various-Kounkel+2018;2020;Kos+2018;Chen+2020;Sanchez-Sanjuan+2024;Zerjat+2024;Kos+2021,3013.0,0.520627,0.518068
144775789,3.3363354746173256e+18,85.2796733621994,9.31206121928485,2.46925,16.445,19.495,0.166,18.0602,0.149,14.24,0.032,13.075,0.028,12.12,0.025,17.3709,0.036193,18.2213,0.173005,16.2717,0.102313,11.292,0.024,10.586,0.021,9.187,0.039,7.805,0.211,Orion,5.0,Various-Kounkel+2018;2020;Kos+2018;Chen+2020;Sanchez-Sanjuan+2024;Zerjat+2024;Kos+2021,3984.0,,
144734131,3.3363816197447823e+18,85.133810246932,9.61463439768334,2.73059,16.8632,,,,,14.67,0.038,14.09,0.039,13.73,0.045,18.4302,0.004178,20.3749,0.104379,16.9871,0.008009,13.382,0.026,12.841,0.027,10.968,0.144,8.773,,Orion,5.0,Various-Kounkel+2018;2020;Kos+2018;Chen+2020;Sanchez-Sanjuan+2024;Zerjat+2024;Kos+2021,3009.0,0.466121,0.463598
715844348,3.3361110067430554e+18,86.0793909324592,9.20927013815832,2.65563,15.2025,,,,,,,,,,,16.4877,0.004147,18.2166,0.039596,15.0201,0.013091,,,,,,,,,Orion,5.0,Various-Kounkel+2018;2020;Kos+2018;Chen+2020;Sanchez-Sanjuan+2024;Zerjat+2024;Kos+2021,3158.0,,
426186622,3.3398045368809293e+18,83.375650281427,11.0211776888598,2.25436,16.4594,,,,,14.29,0.034,13.765,0.041,13.355,0.038,18.0511,0.002422,20.2186,0.101146,16.6015,0.005484,13.203,0.025,12.919,0.027,12.158,,8.618,,Orion,5.0,Various-Kounkel+2018;2020;Kos+2018;Chen+2020;Sanchez-Sanjuan+2024;Zerjat+2024;Kos+2021,2924.0,0.589624,0.57954
144666395,3.339454548586317e+18,84.7524645680974,9.95017573800304,2.54902,15.6782,16.739,0.081,,,13.898,0.051,13.303,0.056,12.984,0.041,17.0555,0.001767,18.653,0.036901,15.764,0.00529,12.915,0.033,12.686,0.034,11.98,0.444,8.276,,Orion,5.0,Various-Kounkel+2018;2020;Kos+2018;Chen+2020;Sanchez-Sanjuan+2024;Zerjat+2024;Kos+2021,3236.0,0.60506,0.592197
144546220,3.336412749667637e+18,84.5748969770757,9.56380140476279,2.56128,16.4046,,,,,14.644,0.038,14.051,0.037,13.642,0.045,17.8097,0.001829,19.5072,0.066089,16.4992,0.008034,13.607,0.026,13.409,0.031,12.523,,8.865,,Orion,5.0,Various-Kounkel+2018;2020;Kos+2018;Chen+2020;Sanchez-Sanjuan+2024;Zerjat+2024;Kos+2021,3179.0,0.491493,0.489585
436338696,3.339544949057423e+18,84.2811486371586,10.4893539391138,2.40643,16.4675,,,,,14.17,0.033,13.485,0.034,13.106,0.034,18.1005,0.002854,20.0468,0.105814,16.5966,0.007596,12.653,0.025,12.155,0.024,10.514,0.099,8.399,,Orion,5.0,Various-Kounkel+2018;2020;Kos+2018;Chen+2020;Sanchez-Sanjuan+2024;Zerjat+2024;Kos+2021,2984.0,0.61025,0.596372
144703735,3.336331493184024e+18,85.0373637641643,9.25434518781907,2.31075,15.5182,20.17,0.163,,,13.8,0.03,13.102,0.031,12.876,0.032,16.8816,0.001296,18.5426,0.028045,15.6077,0.004318,12.687,0.047,12.483,0.041,12.169,,8.7,,Orion,5.0,Various-Kounkel+2018;2020;Kos+2018;Chen+2020;Sanchez-Sanjuan+2024;Zerjat+2024;Kos+2021,3214.0,0.665492,0.638614
200478749,3.3390524709285806e+18,82.5881261902724,10.7911977657336,2.30449,16.5751,20.429,0.169,,,14.819,0.048,14.124,0.051,13.81,0.064,17.9887,0.003476,19.7715,0.05755,16.6764,0.008629,13.7,0.028,13.462,0.033,11.907,,8.81,,Orion,5.0,Various-Kounkel+2018;2020;Kos+2018;Chen+2020;Sanchez-Sanjuan+2024;Zerjat+2024;Kos+2021,3138.0,0.502298,0.500322
436101636,3.3379242001988726e+18,83.8486811568294,9.48244640478523,2.3708,16.6997,,,,,14.845,0.037,14.156,0.022,13.857,0.062,18.1567,0.002228,19.8697,0.096397,16.799,0.010498,13.692,0.027,13.461,0.032,11.543,0.217,8.609,,Orion,5.0,Various-Kounkel+2018;2020;Kos+2018;Chen+2020;Sanchez-Sanjuan+2024;Zerjat+2024;Kos+2021,3150.0,0.484962,0.482998
436101080,3.337990828028611e+18,83.8012097198477,9.9203205411285,,16.2096,,,18.434,0.1104,14.183,0.036,13.45,0.04,13.014,0.036,17.6193,0.022224,18.361,0.120075,16.2355,0.054348,,,,,,,,,Orion,5.0,Various-Kounkel+2018;2020;Kos+2018;Chen+2020;Sanchez-Sanjuan+2024;Zerjat+2024;Kos+2021,3669.0,0.635666,0.616267
436017084,3.3379042371925586e+18,83.6917533018922,9.49250292745037,,16.5801,14.244,-0.058,14.377,0.06,14.633,0.033,13.935,0.041,13.618,0.046,18.0114,0.003467,18.7635,0.064998,16.6081,0.008824,13.228,0.025,13.01,0.027,12.093,,8.08,,Orion,5.0,Various-Kounkel+2018;2020;Kos+2018;Chen+2020;Sanchez-Sanjuan+2024;Zerjat+2024;Kos+2021,3647.0,0.490519,0.488608
284200749,3.334834091488254e+18,84.4473749403649,9.04987094302866,2.61135,16.0269,20.147,0.164,,,14.289,0.033,13.64,0.038,13.366,0.033,17.3651,0.002484,18.913,0.057567,16.1061,0.006217,13.242,0.025,13.038,0.029,12.032,,8.916,,Orion,5.0,Various-Kounkel+2018;2020;Kos+2018;Chen+2020;Sanchez-Sanjuan+2024;Zerjat+2024;Kos+2021,3276.0,0.53041,0.527294
284198880,3.339553779510348e+18,84.4561332004116,10.6429253141725,2.54053,16.9395,,,19.2529,0.0923,15.366,0.049,14.822,0.055,14.663,0.106,18.1595,0.001875,19.4646,0.092206,16.9921,0.009614,14.408,0.031,14.332,0.05,12.484,,8.942,,Orion,5.0,Various-Kounkel+2018;2020;Kos+2018;Chen+2020;Sanchez-Sanjuan+2024;Zerjat+2024;Kos+2021,3447.0,0.351584,0.336038
200591879,3.3361461223953234e+18,85.4082439669212,9.23416376894266,2.33796,15.5285,20.072,0.163,,,13.598,0.032,12.869,0.032,12.548,0.034,16.8009,0.002603,18.6038,0.044887,15.4721,0.008565,12.185,0.03,11.651,0.024,9.313,0.039,7.398,0.139,Orion,5.0,Various-Kounkel+2018;2020;Kos+2018;Chen+2020;Sanchez-Sanjuan+2024;Zerjat+2024;Kos+2021,3196.0,,
144733527,3.3363262662072566e+18,85.1051459185452,9.11779000206758,2.19553,16.6582,,,,,14.886,0.049,14.179,0.055,13.869,0.058,18.0815,0.002766,19.8099,0.075484,16.7562,0.007408,13.794,0.027,13.593,0.034,11.884,,8.622,,Orion,5.0,Various-Kounkel+2018;2020;Kos+2018;Chen+2020;Sanchez-Sanjuan+2024;Zerjat+2024;Kos+2021,3158.0,0.510424,0.508263
144727892,3.334520971192441e+18,85.0633479380745,8.15630550037035,2.55349,17.0969,,,,,15.387,0.057,14.656,0.052,14.305,0.073,18.492,0.002752,20.054,0.086035,17.1806,0.007712,14.262,0.03,14.128,0.044,12.336,,8.946,,Orion,5.0,Various-Kounkel+2018;2020;Kos+2018;Chen+2020;Sanchez-Sanjuan+2024;Zerjat+2024;Kos+2021,3243.0,0.395274,0.386135
144775867,3.336333520408537e+18,85.2878340355393,9.25731715851551,2.33536,15.7556,19.188,0.167,,,13.995,0.036,13.192,0.035,12.768,0.038,17.2084,0.003693,18.9556,0.044123,15.8576,0.021785,12.313,0.051,11.768,0.05,10.135,0.086,8.075,0.404,Orion,5.0,Various-Kounkel+2018;2020;Kos+2018;Chen+2020;Sanchez-Sanjuan+2024;Zerjat+2024;Kos+2021,3137.0,0.682443,0.650935
284995608,3.3406388600496005e+18,82.2925944524622,11.4200698424685,2.33126,16.3832,,,18.597,0.0519,14.839,0.04,14.101,0.047,13.787,0.04,17.5868,0.002208,18.8026,0.029023,16.4284,0.003762,13.601,0.026,13.524,0.035,11.906,0.378,8.449,,Orion,5.0,Various-Kounkel+2018;2020;Kos+2018;Chen+2020;Sanchez-Sanjuan+2024;Zerjat+2024;Kos+2021,3503.0,0.502095,0.500122
436161945,3.3379272582158454e+18,83.9329758971881,9.59532850048538,2.17576,16.0206,,,,,14.04,0.026,13.442,0.027,13.138,0.03,17.5079,0.001992,19.4036,0.061871,16.1357,0.009982,12.949,0.025,12.701,0.028,11.716,,8.391,,Orion,5.0,Various-Kounkel+2018;2020;Kos+2018;Chen+2020;Sanchez-Sanjuan+2024;Zerjat+2024;Kos+2021,3060.0,0.641663,0.62084
426185820,3.337998623393296e+18,83.3928149512657,9.84495316644547,2.32881,17.1144,,,,,15.256,0.053,14.528,0.063,14.249,0.056,18.5803,0.003113,20.1929,0.098074,17.2068,0.00892,14.09,0.029,13.839,0.043,11.895,,8.641,,Orion,5.0,Various-Kounkel+2018;2020;Kos+2018;Chen+2020;Sanchez-Sanjuan+2024;Zerjat+2024;Kos+2021,3190.0,0.434892,0.430238
200587416,3.338189014999547e+18,83.2983548309335,9.98409951754253,2.39388,16.6189,,,,,14.716,0.042,14.086,0.049,13.815,0.051,18.0611,0.0026,19.7435,0.091867,16.715,0.008935,13.636,0.026,13.46,0.032,12.117,,9.072,,Orion,5.0,Various-Kounkel+2018;2020;Kos+2018;Chen+2020;Sanchez-Sanjuan+2024;Zerjat+2024;Kos+2021,3170.0,0.486974,0.485035
302830993,3.340778811560094e+18,83.1223199714442,12.0232630472063,1.20668,14.1936,17.946,0.0,15.995,1.133,12.183,0.021,11.472,0.021,11.26,0.02,15.2813,0.009768,16.4702,0.009438,13.9322,0.005783,11.116,0.024,11.003,0.02,10.653,0.116,8.867,,Orion,5.0,Various-Kounkel+2018;2020;Kos+2018;Chen+2020;Sanchez-Sanjuan+2024;Zerjat+2024;Kos+2021,,,
284198184,3.339871027272237e+18,84.4238432995543,11.2357510826677,,12.6862,15.11,0.029,13.866,0.114,11.586,0.027,10.964,0.022,10.816,0.025,13.4369,0.000459,14.1578,0.001505,12.6198,0.0011,10.729,0.023,10.737,0.021,10.573,0.111,8.794,,Orion,5.0,Various-Kounkel+2018;2020;Kos+2018;Chen+2020;Sanchez-Sanjuan+2024;Zerjat+2024;Kos+2021,,,
436103291,3.3379924730054886e+18,83.8483541019017,9.96586303183979,0.728944,9.1901,11.905,0.2,10.538,0.029,8.035,0.024,7.488,0.046,7.273,0.023,9.97868,0.000534,10.7115,0.001589,9.16309,0.001586,7.159,0.038,7.215,0.019,7.156,0.019,7.124,0.119,Orion,5.0,Various-Kounkel+2018;2020;Kos+2018;Chen+2020;Sanchez-Sanjuan+2024;Zerjat+2024;Kos+2021,5146.49,22.4877,
284994927,3.339055601960627e+18,82.3039418879097,10.8191533542186,,12.3715,14.338,0.008,13.271,0.08,11.406,0.021,10.852,0.027,10.729,0.02,13.0258,0.000614,13.6105,0.001478,12.3064,0.001443,10.657,0.023,10.723,0.02,10.734,0.121,8.938,,Orion,5.0,Various-Kounkel+2018;2020;Kos+2018;Chen+2020;Sanchez-Sanjuan+2024;Zerjat+2024;Kos+2021,,,
436008545,3.337981928856192e+18,83.6272446159939,9.75408861653664,,12.8902,15.346,0.019,14.112,0.16,11.618,0.03,11.017,0.023,10.84,0.025,13.6517,0.000771,14.3754,0.003774,12.8101,0.001714,10.741,0.022,10.815,0.021,10.72,0.12,8.201,,Orion,5.0,Various-Kounkel+2018;2020;Kos+2018;Chen+2020;Sanchez-Sanjuan+2024;Zerjat+2024;Kos+2021,4921.36,,
436154062,3.339516640930169e+18,84.0801226621958,10.2812802297574,0.084481,17.226,12.989,0.027,12.348,0.057,11.039,0.026,10.759,0.027,10.616,0.023,17.9057,0.003808,17.5723,0.094689,16.2083,0.08291,10.546,0.023,10.578,0.02,10.709,0.124,8.462,,Orion,5.0,Various-Kounkel+2018;2020;Kos+2018;Chen+2020;Sanchez-Sanjuan+2024;Zerjat+2024;Kos+2021,5985.56,,
144615985,3.3348445712087127e+18,84.6739173365917,9.24285562207694,,14.4225,,,15.5073,0.0664,13.146,0.024,12.289,0.023,11.744,0.024,15.1278,0.021076,15.7487,0.067851,14.3229,0.052954,11.291,0.024,10.761,0.02,9.138,0.036,5.453,0.043,Orion,5.0,Various-Kounkel+2018;2020;Kos+2018;Chen+2020;Sanchez-Sanjuan+2024;Zerjat+2024;Kos+2021,,,
284284069,3.336159144736239e+18,85.9874950438995,9.27339807523853,,14.4157,16.328,0.064,16.794,1.133,12.336,0.027,11.572,0.022,11.173,0.024,15.5057,0.010995,16.7409,0.048136,14.195,0.027774,10.666,0.023,10.204,0.022,8.672,0.029,6.798,0.092,Orion,5.0,Various-Kounkel+2018;2020;Kos+2018;Chen+2020;Sanchez-Sanjuan+2024;Zerjat+2024;Kos+2021,,,
435935799,3.3382045456011515e+18,83.42617,10.28258,2.18285,15.0412,19.771,0.163,17.5034,0.0557,13.352,0.029,12.731,0.027,12.443,0.023,16.1936,0.006214,17.6957,0.02826,14.984,0.016463,12.122,0.024,11.961,0.022,11.66,0.225,8.503,,OSFC,10.0,roquette25,3425.0,1.09202,0.416
436013283,3.337930213153523e+18,83.7384,9.64272,,11.1418,13.077,0.016,12.138,0.08,10.08,0.024,9.555,0.024,9.445,0.027,11.8008,0.000296,12.3914,0.001677,11.0761,0.001001,9.328,0.023,9.381,0.021,9.328,0.038,8.653,,OSFC,10.0,roquette25,,,
156246424,3.3353042400857574e+18,86.493291,8.47914,,13.9583,17.644,0.195,16.204,0.103,12.121,0.021,11.42,0.024,11.061,0.023,15.0748,0.002576,16.5083,0.01251,13.8664,0.007498,10.633,0.024,10.153,0.021,8.496,0.027,6.72,0.082,OSFC,10.0,roquette25,,,
156143855,3.33610822360426e+18,86.06201250000001,9.135572222222224,2.62487,14.5719,18.655,0.162,17.0609,0.0513,12.671,0.024,11.967,0.025,11.673,0.029,15.7395,0.002469,17.2478,0.022448,14.5239,0.008858,11.567,0.023,11.373,0.022,10.664,0.121,6.488,0.072,OSFC,10.0,roquette25,3453.0,1.14525,0.432
435935982,3.338196952099007e+18,83.486,10.104083333333334,,17.455,20.224,0.165,,,14.669,0.032,13.692,0.032,13.209,0.037,19.1228,0.041803,20.6311,0.166691,17.5544,0.124554,13.105,0.025,12.608,0.027,10.633,0.093,7.905,0.195,OSFC,10.0,roquette25,3147.0,0.637902,0.617978
200515247,3.338176714213405e+18,82.79836273,9.912878036,2.38818,13.6561,16.938,0.0,15.509,0.103,12.102,0.027,11.376,0.021,11.171,0.024,14.6539,0.003748,15.7751,0.0166,13.6021,0.010946,11.055,0.023,10.994,0.021,10.84,0.125,8.827,,OSFC,10.0,roquette25,3811.0,1.47681,
200518010,3.3405520329897165e+18,82.9704464,11.0105825,2.34246,9.7889,10.102,0.057,9.922,0.005,9.55,0.024,9.492,0.021,9.456,0.02,9.8836,0.000723,9.97542,0.001146,9.74781,0.00177,9.228,0.023,8.87,0.021,6.332,0.015,3.786,0.023,OSFC,10.0,roquette25,8826.0,1.98339,2.22
436250913,3.339441320088196e+18,84.11275,9.859747222222222,2.33966,16.4876,,,,,14.515,0.041,13.881,0.023,13.651,0.051,17.9581,0.00337,19.856,0.071179,16.6014,0.008671,13.415,0.027,13.193,0.03,12.387,,8.261,,OSFC,10.0,roquette25,3066.0,0.525577,0.522757
436158858,3.337939391500258e+18,84.03883333333333,9.784116666666666,2.32021,14.2442,17.92,0.165,16.669,0.092,12.41,0.029,11.714,0.023,11.493,0.021,15.4082,0.002646,16.846,0.014405,14.2102,0.006003,11.415,0.024,11.243,0.021,11.074,0.155,8.822,,OSFC,10.0,roquette25,3580.0,1.46785,
436098557,3.3379853605345454e+18,83.844,9.750588888888888,0.219191,16.7204,18.358,0.117,16.587,1.133,15.987,0.097,15.477,0.111,15.548,0.215,17.2818,0.001585,17.7065,0.009184,16.6256,0.008133,,,,,,,,,OSFC,10.0,roquette25,6151.0,1.09306,1.17
436103240,3.337979798552388e+18,83.78858333333334,9.766527777777778,0.355591,16.3122,19.308,0.075,17.1742,0.0467,15.442,0.047,14.909,0.073,15.024,0.144,16.9148,0.00154,17.3758,0.019612,16.2138,0.006574,14.757,0.036,14.771,0.068,12.012,,8.737,,OSFC,10.0,roquette25,5745.0,1.17113,1.03
436100589,3.337992064976627e+18,83.84533333333334,9.918513888888889,,18.7651,,,20.3775,0.1879,15.543,0.057,14.937,0.074,14.666,0.107,19.6751,0.006511,19.9355,0.258789,17.9668,0.054113,14.457,0.031,14.243,0.046,12.042,,8.831,,OSFC,10.0,roquette25,,,
436158833,3.337988113609252e+18,83.97987499999999,9.872319444444445,1.55752,13.0791,14.835,0.045,14.008,0.137,12.109,0.022,11.683,0.022,11.608,0.024,13.6982,0.000373,14.2224,0.002313,13.0162,0.001693,11.454,0.023,11.469,0.021,11.031,0.148,8.633,,OSFC,10.0,roquette25,5104.0,1.51158,0.86
715999845,3.338007355061171e+18,83.583625,9.990916666666667,,19.9747,,,21.315,0.1408,,,,,,,20.7869,0.020452,20.7604,0.206735,19.0632,0.07846,,,,,,,,,OSFC,10.0,roquette25,,,
715999971,3.3380094166454646e+18,83.58529166666665,10.089555555555556,,20.1322,,,20.9197,0.0945,,,,,,,20.6901,0.020526,20.3073,0.190658,19.2205,0.085428,,,,,,,,,OSFC,10.0,roquette25,,,
200547138,3.337949695125416e+18,83.31082448,9.529716386,2.40071,14.802,18.666,0.163,17.113,1.133,12.456,0.028,11.789,0.027,11.564,0.028,16.0314,0.001839,17.6053,0.027458,14.7407,0.017957,11.331,0.023,11.14,0.022,11.03,0.162,8.958,,OSFC,10.0,roquette25,3425.0,,
436158826,3.337988766444062e+18,83.88595833333333,9.880241666666668,0.566235,14.3449,15.947,0.073,15.318,0.103,13.363,0.028,12.968,0.025,12.864,0.03,14.9431,0.000742,15.4258,0.003037,14.2728,0.003977,12.767,0.024,12.775,0.027,12.226,0.475,8.997,,OSFC,10.0,roquette25,5860.0,2.02626,1.06
716012317,3.338191759482105e+18,83.42812500000001,10.092505555555556,-0.0524166,19.3011,,,20.5971,0.0884,,,,,,,20.0959,0.007704,20.6985,0.118493,19.0472,0.053014,,,,,,,,,OSFC,10.0,roquette25,,,
436153899,3.337934546777173e+18,84.01208333333334,9.702166666666669,2.2874,13.4069,16.361,0.167,15.088,0.137,12.151,0.023,11.455,0.022,11.25,0.023,14.3035,0.006836,15.1783,0.026877,13.3324,0.006677,11.163,0.023,11.088,0.021,10.482,0.085,8.856,0.482,OSFC,10.0,roquette25,4145.0,1.52695,
436100428,3.339508768254184e+18,83.85845833333336,10.136125,2.11486,17.3322,,,,,14.84,0.033,14.256,0.048,13.918,0.05,18.6133,0.003456,20.3545,0.109381,17.1512,0.013637,13.7,0.027,13.428,0.033,12.109,,8.657,,OSFC,10.0,roquette25,3145.0,,
716071973,3.339495952071892e+18,83.93475,10.098363888888889,0.572858,18.4151,,,19.2379,0.0496,,,,,,,18.992,0.004703,19.3517,0.035176,18.2232,0.02982,,,,,,,,,OSFC,10.0,roquette25,,,
436098589,3.337990755013791e+18,83.81774999999999,9.921611111111112,,13.0427,,,14.446,0.126,11.542,0.026,10.859,0.026,10.648,0.021,13.9274,0.005402,14.8002,0.015442,12.904,0.014106,10.55,0.024,10.529,0.02,10.379,0.085,8.62,,OSFC,10.0,roquette25,,,
436156004,3.337938700009988e+18,83.935165,9.76447,2.28418,15.6303,,,,,13.807,0.026,13.085,0.025,12.705,0.027,17.0361,0.003076,18.6051,0.054583,15.7161,0.01812,12.322,0.023,11.929,0.023,9.949,0.055,7.648,0.173,OSFC,10.0,roquette25,3236.0,0.704796,0.666891
436100731,3.33799233985733e+18,83.82479166666667,9.949555555555555,2.49934,15.6225,,,18.2833,0.0659,13.82,0.024,13.123,0.029,12.843,0.027,17.0007,0.001864,18.375,0.050264,15.6922,0.005168,12.693,0.024,12.524,0.025,11.692,,8.304,,OSFC,10.0,roquette25,3337.0,0.641833,0.620969
436011533,3.3379814134601247e+18,83.59820833333332,9.728694444444445,,15.8988,19.869,0.162,,,13.574,0.026,12.884,0.026,12.682,0.032,17.0764,0.02072,18.3117,0.049944,15.4363,0.005573,12.49,0.024,12.303,0.025,12.406,,8.953,,OSFC,10.0,roquette25,,,
436153950,3.3394942383808143e+18,83.89512500000001,10.009919444444444,2.47782,14.133,18.35,0.164,15.959,0.137,12.455,0.033,11.8,0.042,11.502,0.027,15.1842,0.002014,16.3194,0.005225,14.0878,0.009181,11.253,0.022,11.165,0.02,10.979,0.138,8.974,,OSFC,10.0,roquette25,3788.91,1.38358,
435935772,3.3379708950849567e+18,83.431,9.756336111,,18.9262,,,21.0432,0.1941,15.821,0.078,15.204,0.083,14.971,0.133,19.9837,0.007639,20.7102,0.217727,18.2773,0.042591,14.741,0.034,14.577,0.06,12.307,,9.022,,OSFC,10.0,roquette25,,,
436104211,3.3379903813494886e+18,83.78895833333333,9.878872222222222,,18.9879,,,20.0894,0.1186,15.671,0.072,15.082,0.087,14.908,0.138,19.7007,0.007128,19.4693,0.211509,18.0253,0.039509,14.385,0.031,14.183,0.052,12.21,,8.783,0.533,OSFC,10.0,roquette25,,,
436014559,3.3379952217791995e+18,83.53558333333334,9.845436111,,17.0847,,,,,15.023,0.047,14.376,0.043,14.087,0.064,18.6589,0.004564,20.0707,0.16415,17.1705,0.01633,13.906,0.027,13.711,0.038,12.476,,8.79,,OSFC,10.0,roquette25,3230.0,0.441725,0.437656
436011084,3.3379822681577155e+18,83.54691666666666,9.74075,,18.601,,,19.6881,0.0618,16.773,0.173,16.657,0.295,15.87,0.285,19.3074,0.003757,19.7975,0.076744,18.3692,0.029269,16.434,0.093,16.509,,12.499,,8.515,,OSFC,10.0,roquette25,,,
436014348,3.338198773163526e+18,83.58145833333333,10.152452777777777,2.293,17.0761,,,,,14.801,0.038,14.165,0.043,13.786,0.051,18.7237,0.00319,20.738,0.163389,17.2108,0.011906,13.61,0.027,13.283,0.031,11.89,,8.846,,OSFC,10.0,roquette25,2955.0,0.514481,0.512183
436160806,3.3379878344358886e+18,83.90866666666666,9.85145,,18.7914,,,20.885,0.2454,16.667,0.165,15.707,0.149,15.351,0.203,19.8429,0.008115,20.7725,0.281719,18.3601,0.049229,15.346,0.047,15.68,0.144,12.501,,8.929,,OSFC,10.0,roquette25,,,
436104633,3.3380057014979185e+18,83.80029166666667,10.017986111111112,,18.0489,,,19.8239,0.1383,15.343,0.057,14.573,0.055,14.411,0.082,19.0107,0.005393,19.6277,0.174637,17.5042,0.017887,14.13,0.029,13.877,0.038,11.136,0.212,7.266,0.131,OSFC,10.0,roquette25,,,
716071536,3.3394900808527606e+18,84.07583333333332,9.961380555555555,-0.0496343,17.909,,,18.7964,0.0479,,,,,,,18.5255,0.002931,18.9713,0.025192,17.7816,0.019849,,,,,,,,,OSFC,10.0,roquette25,5747.0,0.695238,1.03
436016631,3.3379815508968264e+18,83.639875,9.732108333333333,,16.8413,18.948,0.085,18.3749,0.0855,14.821,0.063,14.17,0.062,13.96,0.08,17.7245,0.021186,18.1677,0.100569,16.2759,0.027221,13.828,0.042,13.818,0.058,12.254,,8.598,,OSFC,10.0,roquette25,,,
436101909,3.3379806188909343e+18,83.77624999999999,9.781733333333332,,19.7182,,,20.9399,0.1176,16.833,0.178,16.531,0.286,15.689,0.255,20.4828,0.013785,20.3875,0.18533,18.8143,0.05976,15.568,0.051,15.429,0.112,12.496,,8.569,,OSFC,10.0,roquette25,,,
715999434,3.3380007579914214e+18,83.50145833333333,9.906236111111111,-1.34467,20.1045,,,20.6183,0.0961,,,,,,,20.4986,0.012105,20.2439,0.304979,19.4958,0.075188,,,,,,,,,OSFC,10.0,roquette25,,,
436106304,3.33800367857052e+18,83.75391666666665,9.972663889,0.557262,16.2916,,,17.0924,0.048,15.242,0.054,14.845,0.067,14.73,0.119,16.8594,0.001585,17.2212,0.034077,16.1256,0.013366,14.622,0.034,14.76,0.068,12.087,,8.909,,OSFC,10.0,roquette25,6350.0,0.779019,1.26
436250231,3.3379357107115884e+18,84.131375,9.750391666666664,1.65681,16.7032,,,,,14.647,0.037,13.985,0.045,13.682,0.039,18.2048,0.002878,20.1953,0.109779,16.8258,0.007094,13.594,0.026,13.357,0.031,12.391,,9.057,,OSFC,10.0,roquette25,3017.0,0.658563,0.633506
436012120,,83.58241666666666,9.905788888888887,,18.554,,,,,16.804,0.169,16.143,0.192,15.513,0.219,,,,,,,15.445,0.047,15.166,0.085,12.476,,8.265,,OSFC,10.0,roquette25,,,
715994646,3.337935233970787e+18,84.12083333333334,9.722625,,19.4143,,,20.5646,0.1258,,,,,,,20.1486,0.010541,20.6258,0.211925,19.1289,0.066084,,,,,,,,,OSFC,10.0,roquette25,,,
715998770,3.3379905187884273e+18,83.80912500000001,9.902088888888889,-0.577227,19.4263,,,19.7697,0.0603,,,,,,,19.7013,0.008306,19.0204,0.198729,18.4982,0.046902,,,,,,,,,OSFC,10.0,roquette25,,,
436158814,3.337938669945776e+18,83.948125,9.764027778,7.90952,12.8722,16.487,0.076,15.027,0.035,11.359,0.022,10.78,0.023,10.548,0.021,14.0297,0.000859,15.2821,0.00282,12.9186,0.001979,10.412,0.023,10.291,0.02,10.129,0.069,8.335,,OSFC,10.0,roquette25,3510.0,0.603014,0.590541
436015561,3.337981276018945e+18,83.58120833333332,9.706313889,,16.8227,18.835,0.057,17.874,0.0495,14.798,,14.328,,14.66,0.1,17.5128,0.006136,17.9486,0.034583,16.5597,0.010018,,,,,,,,,OSFC,10.0,roquette25,,,
436104668,3.337987392054541e+18,83.82579166666667,9.873388888888888,2.37657,15.4605,,,,,13.533,0.023,12.833,0.026,12.525,0.027,16.6806,0.002125,18.221,0.030213,15.3894,0.005451,12.247,0.024,11.846,0.022,9.891,0.071,8.297,0.321,OSFC,10.0,roquette25,3448.0,0.908243,0.43
436101612,3.3379868380030203e+18,83.78121,9.82594,,17.7463,,,19.1438,0.0532,16.165,0.109,15.208,0.104,15.076,0.148,18.5803,0.002758,19.2189,0.042056,17.4633,0.011342,14.739,0.035,14.552,0.063,11.743,0.28,8.416,,OSFC,10.0,roquette25,,,
436008555,3.337980279588736e+18,83.70966666666666,9.7547,0.451776,14.7694,18.0,0.168,16.135,0.069,13.516,0.031,12.913,0.027,12.82,0.034,15.589,0.000696,16.3511,0.003844,14.7253,0.001549,12.661,0.024,12.727,0.028,12.018,,8.813,,OSFC,10.0,roquette25,4691.0,3.19746,
436015406,3.337994848115574e+18,83.55933333333333,9.807472222222222,,17.7571,,,20.589,0.103,15.661,0.073,15.059,0.082,14.778,0.112,19.2678,0.004721,20.5524,0.095169,17.8287,0.018261,14.544,0.032,14.284,0.051,12.348,,8.502,,OSFC,10.0,roquette25,3317.0,0.387378,0.377163
435931680,3.3379588047522975e+18,83.47354166666666,9.718880555555556,0.112552,12.8432,16.044,0.054,14.364,0.114,11.378,0.022,10.549,0.022,10.354,0.023,13.7832,0.000382,14.7196,0.003241,12.8343,0.001087,10.246,0.023,10.357,0.02,10.258,0.074,8.496,0.402,OSFC,10.0,roquette25,4479.0,25.8706,
436160470,,84.10445833333334,10.031755555555556,,17.092,,,,,16.592,0.144,15.742,,15.043,,,,,,,,15.146,0.042,14.964,0.083,12.383,0.508,8.519,,OSFC,10.0,roquette25,,,
436333215,3.339445202736657e+18,84.230945,10.019627,2.37966,15.9151,,,,,14.058,0.028,13.439,0.036,13.099,0.031,17.3459,0.002282,19.0962,0.038612,16.0157,0.008812,12.994,0.024,12.779,0.028,12.497,,8.86,,OSFC,10.0,roquette25,3145.0,0.611226,0.597153
715999951,3.3380090043286057e+18,83.585,10.063224999999996,,20.1873,,,20.928,0.0857,,,,,,,20.7193,0.02291,20.4144,0.177034,19.3836,0.065034,,,,,,,,,OSFC,10.0,roquette25,,,
436159929,3.337987696996935e+18,83.96229166666667,9.851072222,2.30028,16.3942,,,,,14.441,0.03,13.841,0.038,13.537,0.04,17.9138,0.002409,19.8876,0.055994,16.5171,0.007601,13.401,0.026,13.164,0.03,12.15,,8.801,,OSFC,10.0,roquette25,3016.0,0.553507,0.548399
436012194,3.3382002162741074e+18,83.54328,10.21678,2.42737,15.2285,20.064,0.163,,,13.119,0.027,12.481,0.029,12.206,0.023,16.531,0.001386,18.3691,0.018765,15.2008,0.003081,12.105,0.023,11.884,0.022,12.188,0.42,8.264,,OSFC,10.0,roquette25,3220.0,,
284158620,3.3382271199495557e+18,82.703288,10.089384,2.43393,14.3409,17.661,0.166,16.0501,0.0567,12.705,0.026,11.885,0.023,11.481,0.023,15.3068,0.009996,16.3073,0.032947,14.28,0.030367,11.161,0.022,10.717,0.02,8.643,0.028,6.629,0.061,OSFC,10.0,roquette25,3986.0,1.03853,0.62
436251033,3.3395027209403766e+18,84.12708333333333,10.148755555555557,2.59809,16.9193,,,,,15.019,0.038,14.372,0.044,14.11,0.066,18.412,0.002862,20.102,0.08662,17.0194,0.00833,13.971,0.03,13.753,0.039,12.488,,8.801,,OSFC,10.0,roquette25,3144.0,0.418568,0.412276
436101809,3.339709433422785e+18,83.85288,10.37284,2.7074,15.1861,19.772,0.162,,,13.083,0.026,12.435,0.026,12.123,0.021,16.5565,0.001999,18.5321,0.042483,15.1948,0.003777,11.962,0.023,11.72,0.023,10.817,0.139,8.284,0.392,OSFC,10.0,roquette25,3185.0,,
436104504,3.3395085277359616e+18,83.76666666666665,10.12407222222222,2.65711,16.3899,,,,,14.38,0.032,13.839,0.035,13.512,0.039,17.8843,0.003037,19.7075,0.174318,16.5001,0.007391,13.356,0.026,13.1,0.029,12.452,,8.487,,OSFC,10.0,roquette25,3087.0,0.505898,0.503854
716071667,3.339491867557248e+18,84.13825,10.009524999999998,-0.235946,19.239,,,20.8554,0.0623,,,,,,,20.1503,0.009523,20.7769,0.037299,18.8042,0.046308,,,,,,,,,OSFC,10.0,roquette25,,,
144666684,3.336422061157036e+18,84.82209166666668,9.702086111111113,2.53939,13.3547,16.238,0.266,14.967,0.16,11.812,0.028,11.018,0.027,10.582,0.021,14.197,0.004335,15.0304,0.030521,13.2756,0.015948,10.458,0.022,10.18,0.02,7.964,0.02,4.989,0.035,OSFC,10.0,roquette25,4060.0,1.32735,0.635
436098567,3.337985811506824e+18,83.86068,9.80772,0.351742,13.4771,15.984,0.05,14.756,0.172,12.226,0.024,11.624,0.027,11.431,0.023,14.2773,0.000344,15.0189,0.001608,13.4369,0.000769,11.344,0.023,11.385,0.022,10.955,0.129,8.832,0.471,OSFC,10.0,roquette25,4938.15,6.38449,
716071803,3.3394935511848724e+18,84.12879166666667,10.087083333333334,1.45288,19.5691,,,21.6809,0.2802,,,,,,,20.6253,0.013252,21.6522,0.316592,19.2238,0.075755,,,,,,,,,OSFC,10.0,roquette25,,,
436099562,3.337987495131445e+18,83.84183333333334,9.881163889,,16.7268,,,19.3416,0.2253,14.634,0.047,14.083,0.05,13.809,0.057,18.2297,0.003404,19.275,0.252971,16.7811,0.01212,13.375,0.026,13.168,0.029,12.109,,8.876,,OSFC,10.0,roquette25,3435.0,0.484804,0.482838
436013316,3.337996703543684e+18,83.54691666666666,9.858527778,0.737562,14.052,16.092,0.095,14.947,0.08,13.016,0.023,12.606,0.027,12.468,0.024,14.7457,0.000483,15.342,0.00361,13.9989,0.002304,12.38,0.023,12.4,0.025,11.243,0.17,8.608,0.363,OSFC,10.0,roquette25,5699.0,2.09701,1.01
144616357,3.3364014109539287e+18,84.69301666666668,9.538602777777776,,14.7858,18.851,0.163,16.912,0.32,12.94,0.024,12.247,0.025,11.98,0.024,15.8862,0.004059,17.1749,0.013269,14.5916,0.003095,11.865,0.023,11.711,0.022,11.867,0.27,8.907,,OSFC,10.0,roquette25,,,
436154043,3.339516194253585e+18,84.00817,10.23334,0.135507,12.8942,16.233,0.166,14.377,0.08,11.505,0.026,10.786,0.026,10.653,0.021,13.7752,0.000345,14.6255,0.003525,12.8763,0.001134,10.514,0.023,10.595,0.021,10.63,0.115,8.652,,OSFC,10.0,roquette25,4647.34,21.9785,
436010416,3.3380094810691374e+18,83.57083333333334,10.104561111111112,,19.3733,,,20.7914,0.1842,16.174,0.1,15.579,0.131,15.029,0.131,20.215,0.012199,20.267,0.283093,18.4905,0.041095,14.912,0.036,14.627,0.06,11.879,0.27,8.768,,OSFC,10.0,roquette25,,,
436014556,3.337982783554433e+18,83.62158333333332,9.785472222,,18.6402,,,20.927,0.1955,15.583,0.067,14.962,0.078,14.913,0.145,19.7395,0.007033,20.759,0.208851,18.1798,0.030022,14.478,0.032,14.222,0.049,12.613,,9.084,,OSFC,10.0,roquette25,,,
436016814,3.337996836686933e+18,83.57320833333334,9.875038889,2.40431,16.9799,,,,,14.922,0.04,14.34,0.052,13.993,0.053,18.5389,0.003319,20.1326,0.113442,17.0779,0.011761,13.635,0.027,13.374,0.034,12.156,0.396,8.1,,OSFC,10.0,roquette25,3157.0,0.466262,0.463745
436337135,3.3379158550774067e+18,84.23399,9.52299,,14.0855,17.829,0.164,16.118,0.24,12.212,0.026,11.521,0.023,11.301,0.023,15.1562,0.008419,16.4246,0.036939,13.9464,0.016739,11.026,0.023,10.604,0.02,8.332,0.025,6.455,0.075,OSFC,10.0,roquette25,3597.08,,
436098593,3.3379934050087424e+18,83.78083333333332,9.973277777777778,2.41124,14.6061,,,17.029,0.355,12.768,0.023,12.102,0.026,11.844,0.023,15.7872,0.001108,17.2238,0.015045,14.5569,0.002519,11.746,0.024,11.606,0.022,11.875,0.324,8.89,,OSFC,10.0,roquette25,3585.0,1.22584,0.5
435934719,3.337999143085116e+18,83.46666,9.88405,2.86526,11.8065,13.102,0.013,12.399,0.069,11.15,0.023,10.86,0.023,10.798,0.023,12.2772,0.000261,12.6555,0.002055,11.7515,0.002338,10.744,0.023,10.788,0.021,10.62,0.103,8.854,,OSFC,10.0,roquette25,5857.58,1.32439,1.059
435931661,3.3379514131121024e+18,83.47875,9.5106,0.512411,12.1085,14.681,0.079,13.277,0.092,10.875,0.023,10.252,0.024,10.072,0.019,12.9024,0.000394,13.6532,0.002035,12.0709,0.001352,9.964,0.023,10.044,0.02,9.731,0.057,8.055,0.22,OSFC,10.0,roquette25,4777.93,8.53886,
435934781,3.339718568816101e+18,83.48014,10.39575,0.709122,12.7372,15.047,0.025,13.926,0.103,11.561,0.024,10.995,0.029,10.847,0.021,13.4897,0.000321,14.1822,0.001642,12.6919,0.000782,10.741,0.023,10.797,0.021,10.677,0.108,8.395,,OSFC,10.0,roquette25,4886.71,4.41289,
435934715,3.337994672023353e+18,83.50404,9.81049,2.33492,12.1968,13.608,0.024,12.904,0.103,11.39,0.023,11.038,0.022,10.954,0.021,12.7181,0.00029,13.1333,0.002178,12.1305,0.001599,10.911,0.022,10.94,0.02,10.61,0.087,8.138,,OSFC,10.0,roquette25,5843.96,1.41665,1.054
436011972,3.3379520702435953e+18,83.51627,9.57128,2.47609,15.1521,19.032,0.163,17.5198,0.047,13.382,0.023,12.698,0.023,12.481,0.024,16.3098,0.001136,17.7254,0.010693,15.1213,0.004095,12.378,0.023,12.244,0.023,12.075,,8.817,,OSFC,10.0,roquette25,3611.0,0.895884,0.51
436013350,3.3380026477784e+18,83.5175,10.01317,1.74014,12.2945,13.674,0.018,13.033,0.08,11.496,0.024,11.166,0.027,11.12,0.027,12.8092,0.001007,13.2244,0.003482,12.2372,0.001912,11.064,0.024,11.076,0.023,11.31,0.183,8.657,,OSFC,10.0,roquette25,5911.0,1.55226,1.08
284158686,3.33822560812108e+18,82.74172,10.020934,2.36317,14.3489,17.896,0.164,16.216,0.252,12.628,0.024,11.855,0.022,11.579,0.024,15.3474,0.006448,16.4572,0.035181,14.2744,0.016301,11.303,0.024,10.823,0.021,8.699,0.028,7.01,0.117,OSFC,10.0,roquette25,3792.0,1.08643,0.58
156353025,3.3352384411869747e+18,86.763426,8.269774,2.61071,14.68,19.069,0.162,17.036,0.641,12.772,0.023,12.058,0.025,11.761,0.021,15.8645,0.001308,17.4176,0.017733,14.627,0.005646,11.58,0.024,11.184,0.021,8.471,0.027,6.249,0.054,OSFC,10.0,roquette25,3402.0,1.13741,0.402
436011665,3.3379536507915515e+18,83.56496,9.59281,2.2809,15.7228,20.269,0.163,,,13.942,0.028,13.303,0.029,12.99,0.033,17.0798,0.001928,18.6951,0.038985,15.8084,0.00437,12.898,0.025,12.713,0.025,12.424,,8.546,,OSFC,10.0,roquette25,3237.0,0.649384,0.626665
435934714,3.337995707111288e+18,83.45787499999999,9.843983333333332,2.68149,14.4532,17.664,0.0,16.358,0.15,12.684,0.03,11.954,0.029,11.752,,15.5663,0.003093,16.8538,0.016917,14.4191,0.007706,11.465,0.023,11.233,0.021,8.813,0.029,6.384,0.063,OSFC,10.0,roquette25,3670.26,1.14915,0.537
436008633,3.3380078661612954e+18,83.58294,10.03243,1.50191,11.7973,12.855,0.017,12.345,0.057,11.113,0.022,10.945,0.024,10.857,0.021,12.2077,0.000359,12.5281,0.002155,11.7293,0.00241,10.778,0.023,10.796,0.02,10.927,0.131,8.706,,OSFC,10.0,roquette25,7108.0,1.88168,1.58
436013323,3.3379968023272054e+18,83.60085,9.88206,1.92998,12.4236,13.913,0.007,13.223,0.126,11.557,0.022,11.277,0.024,11.153,0.021,12.9739,0.000534,13.4237,0.002181,12.3638,0.001353,11.105,0.024,11.118,0.022,11.181,0.152,8.935,,OSFC,10.0,roquette25,6440.02,1.28909,1.3
436013231,3.3379055127983585e+18,83.63119,9.529,0.284262,13.1805,15.93,0.063,14.397,0.16,11.924,0.026,11.338,0.024,11.127,0.024,13.9809,0.00035,14.7308,0.002489,13.1423,0.00119,11.047,0.023,11.138,0.02,11.056,0.148,8.784,,OSFC,10.0,roquette25,4848.72,8.94901,
436008649,3.338008076617034e+18,83.65314,10.04818,,12.3663,13.985,0.022,13.193,0.103,11.442,0.024,11.113,0.023,10.998,0.023,12.9533,0.000801,13.4349,0.001488,12.284,0.001267,10.883,0.024,10.878,0.021,10.276,0.072,8.679,0.45,OSFC,10.0,roquette25,,,
436011658,3.337953096739627e+18,83.66065,9.59757,2.50776,15.664,20.572,0.162,18.3045,0.0531,13.926,0.024,13.228,0.026,13.049,0.039,16.9907,0.001226,18.4522,0.027848,15.7363,0.004371,12.776,0.024,12.635,0.025,12.356,,8.982,,OSFC,10.0,roquette25,3320.0,0.599829,0.587949
436008509,3.337976706176227e+18,83.69205,9.62082,7.12634,13.2426,16.67,0.116,15.297,0.137,11.785,0.024,11.148,0.023,10.917,0.024,14.3534,0.001232,15.5312,0.006412,13.28,0.003203,10.799,0.023,10.706,0.02,10.384,0.077,8.659,,OSFC,10.0,roquette25,3580.0,0.577189,0.569066
436009693,3.3379774964499446e+18,83.69791,9.67474,2.67148,15.5059,20.069,0.162,,,13.743,0.026,13.101,0.026,12.808,0.031,16.86,0.002941,18.3793,0.025567,15.5844,0.012245,12.686,0.024,12.511,0.025,11.602,0.247,8.61,,OSFC,10.0,roquette25,3282.0,0.618794,0.603158
436013246,3.3379047869483325e+18,83.7332,9.52287,0.374962,11.3477,13.586,0.073,12.381,0.069,10.219,0.023,9.725,0.026,9.579,0.024,12.073,0.000191,12.73,0.001858,11.3044,0.001149,9.452,0.022,9.516,0.02,9.336,0.038,7.562,0.172,OSFC,10.0,roquette25,5131.56,13.8685,
436106292,3.3379788708397143e+18,83.7546,9.7027,4.19256,15.0415,19.457,0.163,17.4516,0.0483,13.442,0.029,12.813,0.025,12.632,0.032,16.2897,0.001255,17.6519,0.016584,15.1012,0.002788,12.447,0.024,12.305,0.024,12.382,0.467,9.021,,OSFC,10.0,roquette25,3405.0,0.481721,0.479703
436158834,3.337988388487163e+18,83.95903,9.87989,1.03951,12.1156,14.476,0.01,13.297,0.103,10.918,0.023,10.339,0.022,10.193,0.023,12.8867,0.000321,13.5989,0.001755,12.0809,0.001111,10.088,0.023,10.147,0.019,10.285,0.108,8.735,,OSFC,10.0,roquette25,4870.0,4.48695,
436103307,3.338005907656208e+18,83.80813,10.04884,2.52913,11.7797,13.121,0.015,12.47,0.046,11.07,0.024,10.764,0.026,10.659,0.021,12.2676,0.000237,12.6578,0.001,11.7236,0.001982,10.593,0.022,10.651,0.018,10.271,0.096,7.943,,OSFC,10.0,roquette25,5781.31,1.36399,1.037
436153831,3.337913484257581e+18,84.09276,9.50838,0.438645,11.3347,13.714,0.044,12.476,0.149,10.234,0.023,9.669,0.022,9.518,0.021,12.0657,0.000242,12.7344,0.001914,11.292,0.001053,9.416,0.023,9.489,0.021,9.405,0.046,8.461,,OSFC,10.0,roquette25,4803.0,13.8486,
436243650,3.33791028880191e+18,84.1303,9.48717,0.709115,11.4994,13.717,0.041,12.516,0.08,10.418,0.023,9.904,0.022,9.744,0.019,12.1976,0.000219,12.8241,0.001847,11.4541,0.001564,9.686,0.024,9.753,0.02,9.717,0.055,8.869,,OSFC,10.0,roquette25,5056.86,7.23923,
436105088,3.3395149573030144e+18,83.83355,10.27888,2.69312,15.6713,20.572,0.163,,,13.91,0.032,13.276,0.029,12.932,0.037,17.08,0.001851,18.7316,0.024697,15.7633,0.009792,12.846,0.024,12.651,0.027,12.049,,8.921,,OSFC,10.0,roquette25,3198.0,0.593217,0.582519
436103331,3.339513754712181e+18,83.8371,10.21751,0.14302,13.4543,17.633,0.163,15.157,0.126,11.972,0.024,11.226,0.026,10.978,0.019,14.4041,0.000448,15.3476,0.004112,13.4474,0.002284,10.844,0.023,10.962,0.022,11.067,0.152,8.944,,OSFC,10.0,roquette25,4344.9,19.9773,
436103178,3.3379246855323264e+18,83.85784,9.52602,1.58425,11.7158,13.025,0.083,12.35,0.057,11.003,0.024,10.708,0.022,10.654,0.021,12.1839,0.000234,12.5526,0.001459,11.6549,0.000751,10.581,0.024,10.59,0.021,10.66,0.134,8.441,,OSFC,10.0,roquette25,6403.93,1.99836,1.29
436153864,3.3379855022691814e+18,83.87169,9.77564,0.18341,13.5338,15.98,0.028,14.813,0.126,12.313,0.026,11.691,0.025,11.556,0.026,14.3266,0.000434,15.0586,0.002755,13.495,0.001346,11.387,0.023,11.379,0.022,10.397,0.08,7.885,0.224,OSFC,10.0,roquette25,4946.52,10.3589,
144616463,3.336414884268748e+18,84.66733333333333,9.632711111111114,2.45826,14.0871,17.395,0.248,15.887,0.012,12.671,0.024,11.922,0.029,11.709,0.021,15.039,0.001074,16.0609,0.003983,14.0422,0.005758,11.649,0.023,11.603,0.023,12.146,0.4,8.548,,OSFC,10.0,roquette25,3957.0,1.10742,0.616
436153805,3.3379312439467433e+18,83.8858,9.67458,0.505921,13.0335,15.304,0.032,14.209,0.149,11.832,0.024,11.258,0.023,11.13,0.026,13.7914,0.000324,14.476,0.001846,12.9876,0.002154,11.038,0.024,11.067,0.021,11.146,0.167,8.793,,OSFC,10.0,roquette25,4938.0,5.69277,
436158825,3.3379886633648497e+18,83.88667,9.87124,1.45785,12.5245,14.109,0.024,13.346,0.126,11.642,0.024,11.315,0.022,11.227,0.021,13.0978,0.000495,13.5665,0.001606,12.4629,0.001145,11.12,0.023,11.14,0.021,10.696,0.122,8.556,0.486,OSFC,10.0,roquette25,6222.35,1.59408,1.2
436009424,3.3379786303213087e+18,83.67366666666668,9.711425,2.6626,16.0517,,,,,14.031,0.027,13.416,0.027,13.109,0.035,17.5273,0.00189,19.0647,0.0969,16.1401,0.009262,12.944,0.024,12.693,0.026,11.881,,8.499,,OSFC,10.0,roquette25,3219.0,0.5668,0.560118
436154075,3.339521897970148e+18,83.89182,10.37854,1.85292,12.3905,14.169,0.031,13.358,0.092,11.445,0.024,10.983,0.022,10.857,0.023,13.016,0.000502,13.542,0.001362,12.3347,0.000766,10.794,0.024,10.81,0.021,10.641,0.103,8.252,,OSFC,10.0,roquette25,5346.65,1.96619,0.92
436157308,3.337986013369739e+18,83.89828,9.81528,2.48256,15.7853,20.47,0.162,18.4046,0.066,14.111,0.024,13.434,0.031,13.16,0.038,17.0992,0.001972,18.5638,0.049577,15.8568,0.0075,13.088,0.025,12.9,0.028,12.327,0.51,8.442,,OSFC,10.0,roquette25,3325.0,0.58411,0.574927
436153884,3.337987941810576e+18,83.91418,9.87356,1.08114,11.9022,13.149,0.028,12.534,0.08,11.134,0.022,10.929,0.022,10.862,0.023,12.3749,0.000778,12.7486,0.002838,11.8371,0.001869,10.762,0.023,10.769,0.021,10.99,0.154,8.328,,OSFC,10.0,roquette25,6648.0,2.72042,1.4
436158901,3.339495574114592e+18,83.95046,10.0656,1.32746,11.9477,13.287,0.02,12.664,0.057,11.177,0.023,10.911,0.022,10.813,0.019,12.444,0.000229,12.8398,0.002072,11.8825,0.001177,10.742,0.023,10.747,0.021,10.674,0.109,8.651,,OSFC,10.0,roquette25,6627.82,2.22943,1.39
436153802,3.3379278122684774e+18,83.96534,9.63074,2.13455,11.8906,13.173,0.067,12.507,0.069,11.227,0.024,10.933,0.022,10.859,0.023,12.3508,0.000364,12.7126,0.002108,11.8319,0.000621,10.791,0.024,10.82,0.021,10.881,0.119,8.75,,OSFC,10.0,roquette25,6136.12,1.43499,1.16
436154082,3.3395213095586253e+18,83.975,10.37257,2.44052,11.7356,13.24,0.03,12.41,0.069,10.944,0.023,10.559,0.022,10.495,0.023,12.2591,0.000786,12.686,0.003434,11.6798,0.003788,10.453,0.023,10.479,0.02,10.344,0.081,8.808,,OSFC,10.0,roquette25,5252.83,1.72698,0.898
436153908,3.3379394559223506e+18,84.00119,9.77306,2.05255,12.3831,13.965,0.032,13.126,0.297,11.483,0.029,11.1,0.027,10.974,0.023,12.9559,0.001366,13.3789,0.00247,12.2756,0.007033,10.87,0.024,10.915,0.02,11.055,0.155,8.713,,OSFC,10.0,roquette25,5503.53,1.50601,0.97
436158989,3.33949812103121e+18,84.00237,10.16586,0.829017,13.5937,16.146,0.018,14.908,0.114,12.382,0.03,11.805,0.027,11.596,0.023,14.3992,0.000347,15.1521,0.003076,13.5623,0.001165,11.487,0.023,11.55,0.022,11.747,0.292,8.894,,OSFC,10.0,roquette25,4812.0,2.99275,
436153995,3.3394964030443e+18,84.01152,10.09414,2.16543,12.1996,13.731,0.037,12.996,0.069,11.386,0.024,11.018,0.026,10.923,0.021,12.751,0.000759,13.2055,0.00255,12.1446,0.001886,10.801,0.024,10.82,0.022,10.772,0.118,8.643,,OSFC,10.0,roquette25,5873.68,1.48077,1.06
436103071,3.337978832183809e+18,83.74235,9.68701,,15.0138,19.771,0.163,21.049,1.133,13.045,0.029,12.381,0.027,12.09,0.029,16.1721,0.004954,17.6564,0.022246,14.8571,0.002964,11.991,0.024,11.794,0.023,12.167,0.506,9.0,,OSFC,10.0,roquette25,,,
436158995,3.3395158850159406e+18,84.02336,10.2014,0.948041,12.7503,14.483,0.027,13.677,0.08,11.815,0.027,11.531,0.026,11.354,0.023,13.3687,0.000331,13.8896,0.002584,12.6965,0.000698,11.268,0.023,11.267,0.022,10.754,0.133,8.46,,OSFC,10.0,roquette25,5833.0,2.66089,1.05
436156015,3.337939387203604e+18,84.03235,9.77646,,16.1761,20.467,0.164,,,14.23,0.036,13.546,0.031,13.236,0.035,17.3519,0.006067,18.8658,0.035992,15.9978,0.0049,13.073,0.025,12.908,0.028,12.061,,8.885,,OSFC,10.0,roquette25,,,
436153932,3.339442557038793e+18,84.03581,9.88907,1.08671,11.9015,13.151,0.04,12.513,0.08,11.184,0.026,10.943,0.022,10.847,0.023,12.3664,0.000222,12.7322,0.002097,11.8375,0.001655,10.762,0.022,10.78,0.019,10.604,0.095,8.342,,OSFC,10.0,roquette25,6261.84,2.96074,1.22
436103289,3.337992026322839e+18,83.82948,9.91513,2.42214,10.9723,12.602,0.092,11.679,0.046,9.887,0.027,9.378,0.026,9.141,0.024,11.5692,0.002277,11.9727,0.006941,10.8132,0.006252,8.877,0.022,8.706,0.018,7.823,0.018,5.953,0.046,OSFC,10.0,roquette25,5581.27,2.08299,0.985
436158804,3.3379376047938893e+18,83.97147,9.73119,0.480056,11.9752,14.704,0.044,13.245,0.092,10.709,0.023,10.044,0.022,9.855,0.023,12.8052,0.000404,13.6028,0.003131,11.9443,0.001448,9.723,0.023,9.815,0.02,9.678,0.049,8.382,,OSFC,10.0,roquette25,4555.0,11.3286,
436154059,3.3395166409301704e+18,84.07281,10.27869,1.00241,12.2632,15.013,0.061,13.675,0.092,10.988,0.026,10.28,0.023,10.112,0.021,13.1172,0.000394,13.9374,0.003047,12.2347,0.000669,9.996,0.023,10.049,0.02,10.061,0.094,8.175,,OSFC,10.0,roquette25,4836.17,4.39019,
436098633,3.339508768254185e+18,83.85583333333332,10.144005555555555,,14.0513,17.226,0.079,16.282,0.126,12.21,0.026,11.46,0.027,11.071,0.019,15.0642,0.007047,16.0945,0.030864,13.8098,0.011322,10.334,0.024,9.642,0.021,7.553,0.02,5.738,0.045,OSFC,10.0,roquette25,,,
436159003,3.339502965754314e+18,84.09026,10.14586,0.303341,13.3032,16.038,0.03,14.636,0.114,12.056,0.024,11.394,0.026,11.197,0.021,14.13,0.000388,14.9097,0.003178,13.2723,0.001684,11.104,0.022,11.187,0.023,11.285,0.189,8.745,,OSFC,10.0,roquette25,4796.57,8.69743,
436159007,3.339504649381481e+18,84.1051,10.235,0.94165,11.9275,14.728,0.038,13.315,0.092,10.61,0.023,9.988,0.026,9.783,0.019,12.7853,0.000385,13.6107,0.003344,11.9094,0.00089,9.677,0.024,9.745,0.02,9.869,0.075,8.937,,OSFC,10.0,roquette25,4694.0,6.24319,
436243693,3.3349126034900925e+18,84.22713,9.45414,2.51717,10.2132,12.087,0.208,11.012,0.019,9.445,0.023,9.011,0.023,8.924,0.021,10.7709,0.000299,11.2401,0.002417,10.1661,0.0009860001,8.817,0.024,8.878,0.021,8.52,0.025,8.439,0.338,OSFC,10.0,roquette25,5140.59,3.74812,
436243752,3.339493757344727e+18,84.10918,10.08917,2.20357,11.045,12.117,0.415,11.693,0.034,10.32,0.03,10.056,0.023,9.982,0.024,11.5068,0.000431,11.8714,0.001649,10.9841,0.000851,9.9,0.022,9.907,0.021,9.842,0.06,8.364,,OSFC,10.0,roquette25,6891.54,1.762,1.498
436243797,3.339518290197601e+18,84.11944,10.31459,0.618441,12.1933,14.694,0.03,13.478,0.103,10.957,0.023,10.351,0.022,10.182,0.024,12.9884,0.000426,13.7268,0.001674,12.1578,0.001368,10.078,0.023,10.159,0.021,9.988,0.057,8.358,,OSFC,10.0,roquette25,4811.0,7.44662,
436248428,3.3395189086728863e+18,84.12891,10.34401,0.584472,12.1874,14.475,0.028,13.328,0.069,11.046,0.024,10.502,0.022,10.376,0.023,12.9319,0.000329,13.6053,0.002468,12.1488,0.001088,10.285,0.027,10.314,0.025,10.214,0.074,8.542,,OSFC,10.0,roquette25,5059.0,7.08824,
436243739,3.339443008011188e+18,84.12984,9.94481,1.57595,12.2122,13.852,0.046,13.019,0.103,11.359,0.027,10.997,0.022,10.854,0.019,12.7884,0.00033,13.2657,0.002312,12.1564,0.000895,10.813,0.023,10.836,0.021,10.677,0.113,8.595,,OSFC,10.0,roquette25,5970.83,1.91566,1.1
436248423,3.339506298648912e+18,84.14463,10.28018,0.545347,12.4909,15.099,0.055,13.799,0.103,11.201,0.023,10.606,0.022,10.448,0.024,13.3166,0.000319,14.0899,0.002619,12.4622,0.001237,10.323,0.022,10.375,0.02,10.084,0.073,8.099,,OSFC,10.0,roquette25,4847.0,7.60049,
144616666,3.336426154262902e+18,84.64352916666667,9.803869444444445,,13.8694,17.274,0.165,15.582,0.046,12.212,0.023,11.527,0.022,11.292,0.023,14.8325,0.003758,15.9058,0.016131,13.7782,0.009611,11.194,0.024,11.114,0.021,11.03,0.167,8.296,,OSFC,10.0,roquette25,,,
436103284,3.337991858820523e+18,83.77095833333333,9.948861111,2.82625,14.7984,,,16.8925,0.0552,13.219,0.026,12.518,0.027,12.277,0.023,16.0057,0.002032,17.0531,0.038839,14.8326,0.007403,11.882,0.022,11.55,0.022,12.099,,8.864,,OSFC,10.0,roquette25,3601.0,0.698325,0.662299
436249888,3.337921936753177e+18,84.16537,9.62471,2.41512,15.7318,20.372,0.162,,,13.867,0.023,13.255,0.022,12.994,0.031,17.1335,0.001874,18.8468,0.06459,15.8277,0.003437,12.865,0.025,12.644,0.025,12.555,,8.799,,OSFC,10.0,roquette25,3174.0,0.625855,0.608691
436248408,3.3395000108170824e+18,84.18601,10.13827,0.860237,11.7962,14.537,0.053,13.081,0.069,10.503,0.024,9.824,0.023,9.667,0.023,12.6398,0.000246,13.4483,0.00224,11.7707,0.001039,9.53,0.024,9.609,0.021,9.573,0.06,8.446,,OSFC,10.0,roquette25,4638.0,7.14485,
436008620,3.3380035754913167e+18,83.70204166666666,9.954425,2.4882,13.9712,17.176,-0.159,15.843,0.114,12.42,0.027,11.718,0.026,11.54,0.025,14.9724,0.003214,16.0279,0.01271,13.9395,0.006474,11.356,0.023,11.309,0.022,11.086,0.136,8.455,,OSFC,10.0,roquette25,4002.0,1.2794,0.625
436248431,3.339506848404714e+18,84.19162,10.31835,1.74972,10.7399,11.98,0.049,11.36,0.034,10.043,0.023,9.786,0.022,9.711,0.023,11.1985,0.000373,11.5604,0.000854,10.6778,0.000915,9.627,0.023,9.637,0.02,9.776,0.061,8.951,,OSFC,10.0,roquette25,6414.05,3.03276,1.291
436243773,3.339444206304791e+18,84.20535,9.97222,8.34148,10.892,13.208,0.027,11.871,0.057,9.897,0.026,9.294,0.022,9.191,0.024,11.6109,0.000337,12.2853,0.003351,10.8456,0.001446,9.102,0.022,9.182,0.022,8.955,0.036,7.73,0.179,OSFC,10.0,roquette25,4361.56,1.09257,0.682
436248318,3.337915885141624e+18,84.20926,9.51081,0.522345,11.2909,13.473,0.046,12.242,0.046,10.257,0.022,9.756,0.023,9.602,0.019,11.9796,0.000316,12.5968,0.001515,11.249,0.001139,9.518,0.023,9.581,0.021,9.486,0.042,8.935,,OSFC,10.0,roquette25,5114.69,10.475,
436248487,3.339505817612565e+18,84.22498,10.28082,0.346027,12.8511,15.633,0.064,14.22,0.114,11.521,0.023,10.897,0.025,10.682,0.023,13.7078,0.0003,14.5271,0.001794,12.8205,0.000862,10.586,0.024,10.629,0.02,10.525,0.128,8.7,,OSFC,10.0,roquette25,4606.0,10.58,
436331792,3.33950574459565e+18,84.23253,10.27853,0.349197,12.3347,15.044,0.048,13.633,0.103,11.055,0.026,10.377,0.022,10.232,0.024,13.1734,0.000334,13.9658,0.002913,12.3025,0.001128,10.116,0.024,10.168,0.02,10.194,0.079,8.965,,OSFC,10.0,roquette25,4697.0,12.8461,
436337268,3.3395059206917765e+18,84.23311,10.29209,0.231038,13.1338,15.66,0.006,14.489,0.126,11.814,0.024,11.136,0.022,10.966,0.023,13.9731,0.000327,14.7663,0.002359,13.1019,0.000821,10.86,0.024,10.931,0.02,10.713,0.127,8.844,,OSFC,10.0,roquette25,4775.73,12.0968,
436337192,3.3394377853309553e+18,84.24147,9.85176,1.4569,12.3349,14.071,0.053,13.154,0.103,11.451,0.024,11.026,0.023,10.94,0.024,12.9308,0.000366,13.4292,0.001473,12.2808,0.001618,10.873,0.022,10.903,0.021,10.825,0.117,8.415,,OSFC,10.0,roquette25,5816.0,2.05325,1.05
436013331,3.3379840892232786e+18,83.70091,9.82802,0.877604,12.0834,13.644,0.012,12.851,0.332,11.212,0.026,10.896,0.024,10.802,0.027,12.6549,0.000221,13.1245,0.002124,12.0235,0.001054,10.711,0.024,10.708,0.021,10.714,0.119,9.09,,OSFC,10.0,roquette25,6123.76,3.61017,1.16
426186065,3.3382021747792404e+18,83.36888,10.20233,8.78844,12.8912,16.348,0.185,14.917,0.023,11.505,0.021,10.839,0.03,10.602,0.024,14.006,0.000613,15.19,0.005195,12.9296,0.002831,10.49,0.023,10.471,0.021,10.338,0.101,8.271,,OSFC,10.0,roquette25,3574.0,0.552851,0.547812
144616262,3.336399388026783e+18,84.62748333333333,9.468311111,2.53551,13.531,16.505,0.142,14.927,0.172,12.132,0.024,11.406,0.022,11.237,0.019,14.4236,0.001958,15.3294,0.011249,13.4804,0.004967,11.138,0.025,11.083,0.023,10.73,0.116,8.69,0.433,OSFC,10.0,roquette25,4085.0,1.31242,0.64
284996086,3.340855605574209e+18,82.36119166666667,11.862475000000002,,13.918,17.644,0.163,16.406,0.297,11.831,0.023,11.055,0.03,10.752,0.022,15.0121,0.013667,16.3028,0.044226,13.7423,0.041136,10.382,0.021,10.017,0.018,7.839,0.02,5.54,0.046,OSFC,10.0,roquette25,,,
426186067,3.338202273561892e+18,83.35334,10.20324,1.08173,12.1509,14.296,0.029,13.251,0.08,10.998,0.02,10.419,0.028,10.314,0.026,12.8971,0.00035,13.5728,0.002962,12.1069,0.001346,10.064,0.022,10.115,0.022,10.08,0.083,8.967,,OSFC,10.0,roquette25,4924.0,4.06539,
426186033,3.3381953328947446e+18,83.36496,10.15382,1.52283,11.7464,13.124,0.007,12.466,0.069,11.022,0.022,10.699,0.029,10.624,0.025,12.2466,0.000402,12.6491,0.001914,11.6882,0.001322,10.541,0.024,10.57,0.021,10.343,0.081,8.688,,OSFC,10.0,roquette25,6222.63,2.24576,1.2
144545913,3.3394290923171026e+18,84.4983625,9.809469444444444,2.3691,14.418,18.328,0.164,16.61,0.092,12.726,0.026,12.049,0.027,11.734,0.023,15.5069,0.001457,16.7572,0.009994,14.3798,0.003164,11.683,0.023,11.577,0.023,11.366,0.218,8.816,,OSFC,10.0,roquette25,3761.0,1.19586,0.57
426185657,3.337955712375882e+18,83.37315,9.56796,0.390303,13.3565,14.798,0.089,14.037,0.103,11.459,0.019,10.943,0.03,10.811,0.027,14.2182,0.00042,15.045,0.003986,13.3078,0.002941,10.65,0.023,10.742,0.021,10.68,0.1,8.841,,OSFC,10.0,roquette25,5789.76,,
426185787,3.337974953829332e+18,83.37526,9.79603,1.67936,12.5087,14.298,0.02,13.372,0.103,11.6,0.023,11.21,0.029,11.076,0.025,13.1311,0.000321,13.6599,0.00173,12.4556,0.001315,10.993,0.023,11.036,0.021,10.799,0.108,9.02,,OSFC,10.0,roquette25,5313.63,1.87334,0.91
426185979,3.338191798138288e+18,83.38818,10.07979,0.552172,12.1151,14.454,0.03,13.256,0.069,10.937,0.023,10.349,0.029,10.178,0.025,12.8744,0.000379,13.5788,0.00172,12.0739,0.001149,10.094,0.023,10.148,0.021,9.883,0.059,8.51,0.343,OSFC,10.0,roquette25,4912.15,7.38692,
436013393,3.338005087319799e+18,83.66354166666666,10.024833333333332,,14.1962,19.072,0.162,16.769,0.137,12.576,0.024,11.936,0.023,11.706,0.021,15.7079,0.011721,16.9392,0.012567,14.266,0.002953,11.527,0.024,11.391,0.021,11.813,0.262,8.765,,OSFC,10.0,roquette25,3342.0,0.567441,0.560676
426185984,3.3381918324980234e+18,83.38968,10.08583,4.32378,11.8244,13.759,0.014,12.733,0.069,10.66,0.022,10.154,0.029,10.027,0.025,12.4969,0.004929,13.0292,0.003119,11.6821,0.001381,9.945,0.023,9.994,0.02,9.932,0.058,8.196,,OSFC,10.0,roquette25,5193.17,,
426185671,3.337955914237825e+18,83.38974,9.59708,2.3985,11.5302,13.176,0.391,12.15,0.057,10.861,0.02,10.53,0.03,10.461,0.026,11.9942,0.000229,12.3599,0.001755,11.4724,0.001345,10.4,0.025,10.433,0.021,10.351,0.083,8.981,,OSFC,10.0,roquette25,6129.0,1.47607,1.159
436008624,3.338004224030759e+18,83.65806,9.97046,0.37364,13.0103,15.642,0.029,14.34,0.16,11.787,0.028,11.058,0.026,10.902,0.025,13.8513,0.000449,14.6456,0.002048,12.9808,0.003704,10.76,0.022,10.816,0.021,10.62,0.1,8.419,,OSFC,10.0,roquette25,4740.0,8.77304,
426186037,3.3382011439870966e+18,83.39077,10.1565,0.315597,12.7341,15.123,0.033,13.972,0.103,11.56,0.023,10.98,0.03,10.795,0.026,13.5065,0.000377,14.214,0.001642,12.6955,0.001146,10.713,0.023,10.774,0.021,10.569,0.095,8.509,,OSFC,10.0,roquette25,5021.06,9.71182,
426185934,3.3381903507326915e+18,83.40363,10.02655,1.32446,11.8694,14.151,0.022,12.994,0.092,10.708,0.022,10.117,0.029,9.959,0.024,12.6169,0.000254,13.3014,0.00131,11.828,0.001129,9.903,0.022,9.964,0.021,9.904,0.049,8.787,,OSFC,10.0,roquette25,4831.0,3.85115,
426186038,3.3382009721884e+18,83.40823,10.15975,1.61592,11.7701,12.729,0.445,12.137,0.03,11.051,0.022,10.757,0.029,10.677,0.025,12.2512,0.000242,12.6361,0.001556,11.7121,0.001334,10.609,0.022,10.652,0.021,11.007,0.143,9.126,,OSFC,10.0,roquette25,6389.0,1.98116,1.279
302538033,3.340893641804344e+18,82.469875,12.16311111111111,2.3684,13.817,18.078,0.0,16.417,0.389,11.918,0.022,11.021,0.024,10.585,0.021,14.9666,0.00132,16.3682,0.015997,13.7844,0.003692,9.995,0.024,9.494,0.02,7.05,0.017,4.591,0.032,OSFC,10.0,roquette25,3617.0,1.71123,
435931664,3.3379547846629396e+18,83.4267,9.55381,0.477631,12.2153,14.967,0.093,13.475,0.114,10.917,0.023,10.325,0.024,10.107,0.021,13.0489,0.000458,13.8477,0.002243,12.1829,0.001857,10.009,0.024,10.11,0.021,9.968,0.07,8.863,,OSFC,10.0,roquette25,4724.45,9.30764,
435931705,3.338000448755168e+18,83.4284,9.9514,0.201433,13.4364,15.933,0.03,14.714,0.16,12.182,0.024,11.598,0.022,11.431,0.021,14.2364,0.000286,14.9724,0.001563,13.4033,0.001582,11.343,0.023,11.393,0.023,11.054,0.166,9.002,,OSFC,10.0,roquette25,5005.19,11.0674,
436153986,3.339491283443601e+18,84.04809,9.99459,0.576354,15.413,17.088,0.069,16.323,0.183,14.543,0.029,14.099,0.035,14.035,0.069,16.0186,0.000761,16.5132,0.006484,15.3453,0.002059,13.963,0.032,13.947,0.046,12.068,,8.512,,OSFC,10.0,roquette25,6007.0,1.21977,1.11
436243716,3.3379364365627464e+18,84.11444,9.75716,2.30942,15.1848,19.667,0.163,17.021,1.133,13.436,0.032,12.763,0.023,12.537,0.027,16.3635,0.001269,17.8453,0.027281,15.1604,0.003952,12.4,0.024,12.268,0.025,12.295,0.485,8.439,,OSFC,10.0,roquette25,3548.0,0.981024,0.48
284199861,3.3394266184159616e+18,84.39141666666666,9.817866666666667,2.36129,14.8488,19.572,0.162,16.814,1.133,13.066,0.023,12.376,0.025,12.152,0.024,15.9763,0.006409,17.3005,0.035977,14.788,0.020429,12.075,0.023,11.937,0.024,11.333,,8.829,,OSFC,10.0,roquette25,3661.0,1.03576,0.53
436158838,3.337988422845462e+18,83.96547,9.89278,,14.4431,16.395,0.047,15.485,0.103,13.268,0.023,12.761,0.025,12.601,0.029,15.146,0.00595,15.7211,0.003369,14.3013,0.004955,12.527,0.023,12.571,0.025,11.972,,8.595,,OSFC,10.0,roquette25,,,
436098612,3.33799408790621e+18,83.83144,10.03273,0.647685,11.3911,13.792,0.026,12.582,0.057,10.283,0.026,9.668,0.024,9.494,0.021,12.1699,0.000252,12.891,0.001967,11.3573,0.00116,9.37,0.023,9.425,0.02,9.216,0.039,8.429,,OSFC,10.0,roquette25,4865.0,9.99808,
436153980,3.3394897028956513e+18,84.0383,9.93963,0.189899,13.4419,15.94,0.019,14.629,0.126,12.206,0.026,11.572,0.022,11.439,0.021,14.2391,0.000409,14.9751,0.001956,13.4026,0.001137,11.336,0.022,11.391,0.021,11.406,0.213,8.794,,OSFC,10.0,roquette25,5065.52,10.176,
436008473,3.337905547158095e+18,83.63408,9.53278,0.852074,14.1428,17.214,0.063,14.957,0.103,13.313,0.024,12.907,0.027,12.868,0.035,14.6991,0.000553,15.1475,0.004535,14.0776,0.001162,12.789,0.024,12.815,0.025,12.337,,8.722,,OSFC,10.0,roquette25,5909.0,1.41323,1.07
10001587929,,83.68259,9.5694,,16.802,,,,,15.052,,14.214,,13.242,,,,,,,,13.304,,13.241,,11.96,,,,OSFC,10.0,roquette25,,,
436158737,3.337927468671117e+18,83.8678,9.60126,1.16044,14.2933,16.09,0.124,15.196,0.137,13.342,0.029,12.984,0.022,12.847,0.029,14.9198,0.000626,15.4413,0.00323,14.2296,0.003773,12.795,0.024,12.855,0.027,11.73,0.294,8.698,,OSFC,10.0,roquette25,5496.0,1.11885,0.96
200512295,3.3408883804682875e+18,82.608007,12.055902,2.30952,15.586,20.469,0.164,,,13.65,0.034,13.049,0.035,12.785,0.036,17.042,0.00257,18.9155,0.059213,15.6975,0.006109,12.419,0.025,12.04,0.023,10.551,0.087,8.7,0.402,OSFC,10.0,roquette25,3082.0,0.683793,0.651907
436333304,3.3394368919777766e+18,84.23058,9.77998,2.16479,15.4073,19.014,0.165,,,13.571,0.032,12.875,0.035,12.497,0.03,16.6116,0.003132,18.0466,0.023015,15.275,0.01897,12.074,0.024,11.629,0.022,10.157,0.075,8.374,0.34,OSFC,10.0,roquette25,3493.0,,
436158994,3.339509975140944e+18,84.00854,10.19061,0.598681,13.1197,15.662,0.04,14.455,0.126,11.835,0.026,11.25,0.026,11.059,0.021,13.933,0.000347,14.6911,0.002448,13.0844,0.001548,10.96,0.023,11.02,0.021,10.776,0.158,8.493,,OSFC,10.0,roquette25,4972.34,4.66585,
284996092,3.3408563271287183e+18,82.32538333333332,11.866058333333331,2.39035,12.726,16.187,0.076,14.676,0.172,10.976,0.023,10.187,0.03,9.959,0.022,13.7467,0.003152,14.8551,0.015274,12.6876,0.009384,9.816,0.024,9.732,0.02,9.468,0.074,7.993,0.39,OSFC,10.0,roquette25,3935.0,2.3328,
436098590,3.3379920263240776e+18,83.83925,9.915277777777778,2.535,15.006,,,17.018,1.133,13.286,0.029,12.592,0.023,12.376,0.026,16.0831,0.00201,17.3421,0.018211,14.9292,0.00448,12.282,0.024,12.188,0.024,12.059,,8.935,,OSFC,10.0,roquette25,3661.0,0.833775,0.534
436101829,3.337990686294312e+18,83.78792,9.91003,,18.5,,,,,16.75,0.167,15.794,0.143,15.305,0.168,20.7413,0.031323,,0.0,,0.0,,,,,,,,,OSFC,10.0,roquette25,,,
715994828,3.33793763915306e+18,83.97542,9.72678,,19.6169,,,21.1569,0.1083,,,,,,,20.5023,0.01635,21.1125,0.135194,19.2145,0.053942,,,,,,,,,OSFC,10.0,roquette25,,,
436160280,3.337988113609253e+18,83.98154,9.86946,2.59218,15.1295,19.245,0.163,,,13.424,0.023,12.743,0.025,12.509,0.027,16.4355,0.002144,17.9657,0.019071,15.2056,0.005963,12.387,0.024,12.234,0.023,10.957,0.148,8.241,,OSFC,10.0,roquette25,3299.0,0.688937,0.6556
436160901,3.3394913822266353e+18,84.05058333333334,10.015944444444443,2.57077,15.1277,19.255,0.162,17.5405,0.0527,13.266,0.024,12.559,0.022,12.285,0.021,16.2664,0.001698,17.7101,0.027556,15.0364,0.002685,12.157,0.023,11.918,0.024,11.81,0.294,8.598,,OSFC,10.0,roquette25,3442.0,0.872742,0.43
436153920,3.337936123027729e+18,84.096227,9.754377,2.88005,7.7378,9.622,0.04,8.628,0.003,6.9,0.024,6.468,0.047,6.345,0.021,8.33051,0.000522,8.84787,0.001664,7.70121,0.001884,6.267,0.084,6.271,0.026,6.279,0.017,6.285,0.06,OSFC,10.0,roquette25,5376.0,9.02065,
436248361,3.3394388848425846e+18,84.192595,9.887323,4.07942,7.9055,9.052,0.033,8.438,0.002,7.358,0.019,7.13,0.033,7.05,0.026,8.30463,0.000316,8.62475,0.001593,7.86459,0.002731,6.971,0.051,7.001,0.023,7.004,0.017,6.988,0.119,OSFC,10.0,roquette25,6299.0,4.20451,1.24
436008634,3.338008866891032e+18,83.5441,10.06082,0.301364,13.6304,16.148,0.042,14.981,0.16,12.36,0.024,11.74,0.026,11.592,0.021,14.4405,0.000364,15.1913,0.001542,13.5937,0.001221,11.478,0.023,11.534,0.023,11.844,0.339,8.709,,OSFC,10.0,roquette25,4831.0,7.54774,
436098539,3.339704034646772e+18,83.74495,10.34427,1.14421,12.3443,14.609,0.021,13.453,0.08,11.221,0.027,10.719,0.024,10.561,0.024,13.0814,0.000389,13.7448,0.0021,12.2991,0.001029,10.449,0.022,10.519,0.021,10.41,0.095,8.32,,OSFC,10.0,roquette25,4966.0,3.45972,
436009761,3.3379917557413166e+18,83.731625,9.936027777777776,,16.484,,,18.9027,0.0608,14.675,0.045,14.009,0.039,13.797,0.045,17.8401,0.002911,18.9706,0.046331,16.534,0.006369,13.481,0.027,13.346,0.033,12.24,0.424,8.533,,OSFC,10.0,roquette25,3467.0,0.485934,0.483983
436008622,3.337991309064721e+18,83.73629166666667,9.915083333333332,,15.9392,,,17.8585,0.0502,14.348,0.032,13.522,0.04,13.297,0.039,17.128,0.007263,17.9653,0.026616,15.9562,0.005657,,,,,,,,,OSFC,10.0,roquette25,3763.0,0.521902,0.51928
302761585,3.340972806641584e+18,82.831053,12.154265,2.55386,14.5607,20.0,0.171,,,11.987,0.022,10.776,0.023,10.091,0.018,15.8042,0.003655,17.5167,0.020005,14.5021,0.011755,9.41,0.023,8.694,0.019,6.426,0.025,4.563,0.048,OSFC,10.0,roquette25,3260.0,,
436098523,3.3379900721141463e+18,83.75269318,9.864185333,2.63346,14.4666,,,16.205,0.389,12.829,0.029,12.107,0.026,11.892,0.023,15.5252,0.001278,16.6504,0.020723,14.3988,0.004828,11.73,0.024,11.663,0.022,11.678,0.236,8.888,,OSFC,10.0,roquette25,3916.0,1.00133,0.61
436103276,3.3379918201656765e+18,83.76279166666666,9.938,,14.8383,,,16.852,0.32,12.69,0.032,12.039,0.026,11.772,0.021,15.9383,0.018241,17.1385,0.035438,14.5567,0.005114,11.607,0.051,11.421,0.048,11.496,,8.877,,OSFC,10.0,roquette25,,,
436103275,3.337991446503668e+18,83.77175000000001,9.921055555555556,2.63933,13.9552,,,15.645,0.046,12.5,0.027,11.746,0.027,11.521,0.027,14.834,0.005041,15.5998,0.056718,13.7797,0.023761,11.052,0.021,10.751,0.019,10.349,0.103,5.817,0.053,OSFC,10.0,roquette25,4092.0,1.017,0.64
436103280,3.337990823733216e+18,83.802375,9.921888888888889,2.39795,14.0436,,,16.428,0.103,12.427,0.027,11.686,0.026,11.428,0.021,15.1449,0.003693,16.4026,0.022822,13.9938,0.009035,10.918,0.029,10.615,0.022,10.508,0.09,7.07,0.109,OSFC,10.0,roquette25,3748.0,1.42984,
436098580,3.337990553150465e+18,83.82454166666668,9.904611111,2.49605,14.2225,,,16.222,0.172,12.654,0.024,11.884,0.024,11.655,0.021,15.2496,0.002546,16.3695,0.010699,14.1621,0.007814,11.587,0.023,11.522,0.021,11.577,0.237,8.932,,OSFC,10.0,roquette25,3872.0,1.12886,0.6
436099421,3.337987422118887e+18,83.84683333333332,9.871722222222225,2.76611,15.8784,,,18.1261,0.0873,14.261,0.027,13.553,0.026,13.276,0.029,17.1623,0.002209,18.2371,0.091417,15.9195,0.007131,13.172,0.025,13.042,0.028,12.452,,8.731,,OSFC,10.0,roquette25,3538.0,0.524155,0.521414
200516548,3.3406278692289034e+18,82.81728333333332,11.425355555555557,2.3819,13.6578,16.466,0.384,14.923,0.172,11.744,0.022,10.906,0.023,10.327,0.025,14.5605,0.021239,15.4474,0.075775,13.5826,0.059703,9.252,0.023,8.577,0.02,6.363,0.017,4.469,0.029,OSFC,10.0,roquette25,4106.0,1.33113,0.643
436013317,3.3379968366869376e+18,83.57629166666668,9.877055555555556,1.09113,13.8786,16.213,0.065,14.975,0.092,12.723,0.022,12.207,0.023,12.022,0.024,14.6585,0.00104,15.3622,0.005464,13.8319,0.003078,11.919,0.023,11.905,0.024,11.763,0.261,8.338,,OSFC,10.0,roquette25,5790.3,1.3294,1.04
436158913,3.339497571275407e+18,83.95438,10.12989,0.207492,13.4275,16.115,0.062,14.789,0.092,12.205,0.023,11.595,0.022,11.439,0.019,14.2215,0.000327,14.9523,0.001779,13.3864,0.001892,11.31,0.023,11.35,0.022,11.186,0.169,8.368,,OSFC,10.0,roquette25,4827.0,10.8613,
436103268,3.33799051879073e+18,83.81675,9.893833333333331,2.41054,14.6256,,,16.641,0.114,12.974,0.026,12.204,0.026,12.003,0.023,15.7175,0.002181,16.9784,0.010232,14.576,0.006239,11.892,0.023,11.817,0.022,11.765,0.306,8.813,,OSFC,10.0,roquette25,3725.0,1.07204,0.56
436013327,3.337983784282291e+18,83.69652,9.80366,1.86404,11.9046,13.421,0.018,12.668,0.069,11.082,0.027,10.718,0.024,10.622,0.024,12.4612,0.000186,12.9179,0.001459,11.8469,0.001398,10.53,0.024,10.539,0.021,10.346,0.09,8.335,,OSFC,10.0,roquette25,6189.54,1.76218,1.19
436153933,3.339441496182725e+18,84.08554166666666,9.871927777777778,2.3759,13.5509,16.704,0.167,14.999,0.126,12.188,0.024,11.482,0.023,11.323,0.021,14.4341,0.004815,15.3165,0.019582,13.501,0.01188,11.257,0.025,11.22,0.022,11.543,0.272,8.813,,OSFC,10.0,roquette25,4069.93,1.45105,
436243666,3.3379201156870446e+18,84.18647,9.60002,0.29101,13.0077,15.42,0.03,14.141,0.126,11.823,0.023,11.248,0.023,11.093,0.019,13.7609,0.000401,14.4495,0.001884,12.9635,0.001293,11.001,0.023,11.083,0.02,10.714,0.117,8.513,0.352,OSFC,10.0,roquette25,4807.0,9.52509,
436013394,3.3380065304287995e+18,83.69695833333334,10.045238888888887,2.55542,12.7997,15.262,0.096,13.986,0.069,11.436,0.023,10.804,0.026,10.636,0.023,13.6093,0.00631,14.3686,0.025179,12.7519,0.01612,10.597,0.023,10.536,0.02,10.411,0.086,9.025,,OSFC,10.0,roquette25,4566.0,1.48634,
436098602,3.3379936455268946e+18,83.86208,9.99602,0.413258,11.6635,13.812,0.019,12.769,0.057,10.53,0.024,10.048,0.027,9.853,0.021,12.3889,0.000234,13.0321,0.003143,11.6213,0.000783,9.769,0.023,9.811,0.019,9.74,0.054,8.989,,OSFC,10.0,roquette25,5121.88,12.8515,
436153814,3.337914098435438e+18,83.98293,9.52027,0.571219,11.5097,13.908,0.071,12.648,0.069,10.282,0.024,9.643,0.023,9.468,0.019,12.296,0.000327,13.0403,0.002185,11.4719,0.002435,9.351,0.022,9.429,0.02,9.352,0.038,8.61,0.462,OSFC,10.0,roquette25,4621.29,10.9243,
436103282,3.337990828028371e+18,83.80625000000002,9.923472222,2.55095,13.4818,,,14.972,0.195,11.958,0.024,11.284,0.027,11.053,0.024,14.4186,0.002572,15.4044,0.010975,13.4142,0.006848,10.859,0.024,10.829,0.021,11.208,0.173,8.878,,OSFC,10.0,roquette25,3955.0,1.37881,
436154037,3.3394979492325166e+18,84.02970833333333,10.163222222222222,,14.5982,18.646,0.163,16.904,0.16,12.813,0.027,12.099,0.026,11.853,0.023,15.6772,0.001624,17.0031,0.012051,14.496,0.004299,11.757,0.022,11.652,0.023,11.25,0.197,8.549,,OSFC,10.0,roquette25,,,
436010083,3.337984810778468e+18,83.671625,9.837872222222224,2.6408,16.4105,,,,,14.462,0.03,13.836,0.039,13.604,0.052,17.8737,0.002253,19.4982,0.092553,16.504,0.007291,13.402,0.028,13.137,0.031,12.303,,9.077,,OSFC,10.0,roquette25,3186.0,0.488025,0.486097
436248347,3.339441221304818e+18,84.10975,9.853919444444443,2.43592,14.4389,18.314,0.164,16.414,0.183,12.866,0.026,12.153,0.022,11.931,0.027,15.4453,0.00767,16.5439,0.031282,14.3884,0.022278,11.895,0.024,11.836,0.022,12.228,,8.926,,OSFC,10.0,roquette25,3899.0,1.01458,0.6
436248391,3.339437750971222e+18,84.22866666666667,9.840305555555556,2.47182,13.8627,16.928,0.09,15.541,0.172,12.418,0.024,11.717,0.023,11.522,0.021,14.8119,0.001013,15.8096,0.005998,13.828,0.004957,11.439,0.022,11.418,0.022,12.144,0.405,9.125,,OSFC,10.0,roquette25,4011.0,1.25782,0.63
436011486,3.338005052960056e+18,83.67991666666668,10.03331111111111,2.32121,16.4928,,,,,14.404,0.034,13.802,0.03,13.425,0.038,18.0368,0.002875,19.8094,0.093577,16.6029,0.010648,13.358,0.027,13.071,0.03,12.15,,8.62,,OSFC,10.0,roquette25,3087.0,0.565131,0.558663
436103977,3.3379931601954273e+18,83.79583333333332,9.9625,,16.0578,,,18.5731,0.0672,14.216,0.027,13.527,0.027,13.201,0.032,17.468,0.003164,18.5979,0.056037,16.1119,0.006591,13.072,0.025,12.955,0.028,12.335,,8.808,,OSFC,10.0,roquette25,3440.0,0.591386,0.581003
436098600,3.337993954764543e+18,83.81316666666667,10.018561111111111,2.28331,14.3022,18.749,0.0,16.784,0.057,12.546,0.024,11.842,0.027,11.609,0.019,15.4701,0.001192,16.887,0.01371,14.2787,0.002639,11.519,0.024,11.4,0.021,12.027,0.435,8.775,,OSFC,10.0,roquette25,3636.0,1.45874,
436008685,3.3395129257824655e+18,83.67704166666667,10.198358333333331,,12.2446,14.786,0.016,13.452,0.069,10.973,0.024,10.324,0.024,10.182,0.021,13.0232,0.001806,13.7955,0.00965,12.1863,0.006233,10.113,0.023,10.123,0.019,9.903,0.054,8.699,,OSFC,10.0,roquette25,4308.21,1.24979,
156287436,3.336303180759425e+18,86.641754,9.914371,2.41832,12.8982,15.777,0.386,14.331,0.309,11.319,0.024,10.488,0.027,10.038,0.026,13.7718,0.014761,14.6514,0.061526,12.8266,0.041289,9.078,0.024,8.377,0.02,5.969,0.014,4.27,0.024,OSFC,10.0,roquette25,4031.0,1.80185,
436098578,3.3379874951337533e+18,83.84258333333334,9.874388889,2.52401,13.8425,19.263,0.162,15.312,0.126,12.309,0.023,11.629,0.026,11.459,0.024,14.7731,0.003673,15.7281,0.014868,13.7901,0.010355,11.354,0.023,11.321,0.021,11.654,0.344,8.434,,OSFC,10.0,roquette25,4031.0,1.21371,0.63
436103236,3.337932553912373e+18,83.839625,9.7363,2.4297,14.6864,18.747,0.163,16.805,0.103,12.894,0.024,12.14,0.023,11.919,0.021,15.7855,0.00609,17.0931,0.028632,14.6147,0.015178,11.811,0.024,11.677,0.022,11.473,0.21,8.919,,OSFC,10.0,roquette25,3625.0,1.03929,0.52
302537708,3.3408596256634184e+18,82.289608,11.896827,2.36349,14.5296,20.052,0.168,,,12.239,0.022,11.48,0.018,11.176,0.019,15.9129,0.001682,18.084,0.012122,14.5246,0.005277,10.917,0.023,10.572,0.021,8.95,0.073,6.854,0.148,OSFC,10.0,roquette25,3035.0,,
284996047,3.340853952010118e+18,82.307548,11.82162,2.57192,16.01,,,,,13.503,0.027,12.721,0.032,12.423,0.025,17.501,0.001511,20.0818,0.042273,15.9991,0.006988,12.163,0.024,11.886,0.023,10.502,0.218,7.279,0.236,OSFC,10.0,roquette25,,,
284996085,3.340856322832118e+18,82.328885,11.861516,2.18681,16.3661,20.563,0.162,,,14.417,0.025,13.221,0.036,12.5,0.023,17.6168,0.018444,19.071,0.066204,16.2882,0.050623,11.453,0.024,10.873,0.02,8.611,0.038,6.055,0.076,OSFC,10.0,roquette25,3620.0,0.666888,0.517
302537953,3.3408872465969777e+18,82.375778,12.098639,2.09761,15.7427,20.567,0.162,,,13.707,0.025,13.031,0.024,12.742,0.03,17.094,0.002272,18.9756,0.040997,15.7441,0.006541,12.388,0.023,11.875,0.022,9.393,0.062,6.979,0.118,OSFC,10.0,roquette25,3257.0,,
436098559,3.3379858415699364e+18,83.83228,9.79657,2.46013,11.0355,12.605,0.035,11.792,0.057,10.279,0.026,9.898,0.024,9.735,0.021,11.5765,0.001549,12.0209,0.005872,10.9813,0.004785,9.7,0.023,9.707,0.021,9.677,0.051,8.121,,OSFC,10.0,roquette25,5189.3,2.79049,
284996533,3.3408357112857155e+18,82.440357,11.609285,,15.1093,19.954,0.163,,,12.847,0.024,12.21,0.03,11.94,0.023,16.3977,0.012785,18.397,0.049428,15.042,0.035844,11.688,0.023,11.31,0.021,9.25,0.047,7.175,0.127,OSFC,10.0,roquette25,,,
436153968,3.33950777611771e+18,83.92197,10.1149,0.305624,12.8396,15.362,0.028,14.098,0.103,11.602,0.023,11.012,0.022,10.82,0.019,13.6445,0.000297,14.3957,0.002716,12.8049,0.000796,10.717,0.023,10.778,0.021,10.617,0.115,8.752,,OSFC,10.0,roquette25,4919.87,9.94544,
302672046,3.340892469277227e+18,82.524274,12.110825,2.60441,15.5549,20.367,0.162,,,13.501,0.022,12.875,0.024,12.554,0.024,17.0807,0.002353,19.0606,0.060322,15.6791,0.005488,12.127,0.024,11.592,0.022,9.763,0.052,7.668,0.157,OSFC,10.0,roquette25,3012.0,0.678212,0.647881
200517047,3.3408777289501926e+18,82.83942,12.095600128173828,2.55039,12.3341,15.119,0.023,13.782,0.149,10.946,0.045,10.24,0.049,10.037,0.049,13.1905,0.002435,14.0469,0.009935,12.2733,0.006383,9.854,0.037,9.866,0.038,9.261,0.253,8.081,,OSFC,10.0,roquette25,4540.97,1.57141,
200478060,3.338223134220001e+18,82.591083,9.927345,2.82209,14.383,19.181,0.167,16.3989,0.0969,14.059,0.035,12.242,0.028,10.996,0.023,15.4408,0.020355,16.6326,0.085475,14.3221,0.056949,9.447,0.022,8.846,0.02,6.671,0.016,4.133,0.026,OSFC,10.0,roquette25,3771.0,0.977613,0.571
200478308,3.338249659937539e+18,82.623182,10.251316,2.46663,15.797,20.372,0.164,,,13.922,0.034,13.177,0.035,12.954,0.041,17.2283,0.003156,19.0001,0.045098,15.8993,0.007315,12.679,0.024,12.307,0.025,10.484,0.09,7.936,0.215,OSFC,10.0,roquette25,3136.0,0.626634,0.609297
436156604,3.337992546015269e+18,83.90511,9.9477,,15.9386,17.848,0.062,17.9151,0.0667,13.723,0.026,13.027,0.023,12.538,0.024,16.9588,0.008197,18.0126,0.056553,15.7043,0.017324,11.871,0.024,11.432,0.021,10.246,0.07,8.122,0.298,OSFC,10.0,roquette25,,,
200591816,3.3361444044084116e+18,85.369273,9.179524,2.43776,14.643,18.09,0.165,16.914,1.133,12.883,0.027,12.119,0.027,11.772,0.026,15.6582,0.006418,16.7687,0.035485,14.5517,0.026157,11.251,0.024,10.833,0.021,9.36,0.041,7.179,0.106,OSFC,10.0,roquette25,3790.0,0.941998,0.58
200515773,3.3382830919628826e+18,82.82969999999999,10.577374999999998,2.49267,13.7762,16.815,0.079,15.329,0.092,12.467,0.025,11.751,0.024,11.584,0.023,14.659,0.003355,15.5552,0.014329,13.7227,0.008698,11.468,0.023,11.404,0.022,11.271,0.175,9.065,,OSFC,10.0,roquette25,4071.0,1.17896,0.64
284158151,3.338281335319489e+18,82.67238,10.509021,2.49314,11.1443,12.878,0.025,11.96,0.023,10.313,0.036,9.539,0.022,9.214,0.021,11.7315,0.001707,12.2212,0.005737,11.0888,0.005367,8.892,0.022,8.725,0.02,7.959,0.023,5.207,0.035,OSFC,10.0,roquette25,5594.0,2.10484,0.989
436013414,3.338011100273993e+18,83.63733333333333,10.14475,0.58242,13.2015,15.988,0.03,14.555,0.172,11.88,0.026,11.219,0.026,11.041,0.023,14.0731,0.000365,14.9083,0.002883,13.1764,0.00082,10.916,0.024,10.953,0.02,10.437,0.096,8.295,0.291,OSFC,10.0,roquette25,4948.76,4.78733,
200515779,3.338283091962881e+18,82.82919166666667,10.582786111111112,2.68891,14.7486,18.622,0.164,16.609,1.133,13.086,0.028,12.385,0.026,12.157,0.028,15.8238,0.001852,17.0941,0.012217,14.6983,0.004895,11.967,0.023,11.883,0.022,11.802,0.324,8.543,,OSFC,10.0,roquette25,3682.0,0.883903,0.54
302761596,,82.831327,12.149632,,18.395,,,,,16.645,0.132,14.735,0.059,13.135,0.036,,,,,,,12.209,0.025,11.492,0.021,9.407,0.234,6.204,0.178,OSFC,10.0,roquette25,,,
302761583,3.3409727679862185e+18,82.8427,12.155957,,18.8833,,,21.1925,0.1668,15.687,0.063,13.787,0.041,12.2,0.024,19.9879,0.022385,20.7306,0.164366,18.1324,0.060554,10.323,0.023,9.309,0.019,7.256,0.041,4.738,0.077,OSFC,10.0,roquette25,,,
200517054,3.340878076843173e+18,82.853903,12.125058,1.61888,15.6461,19.454,0.164,17.4606,0.0468,13.489,0.033,12.587,0.034,12.176,0.037,16.6394,0.001257,17.6856,0.011678,15.5513,0.004887,11.989,0.026,11.915,0.027,10.7,,8.015,,OSFC,10.0,roquette25,3887.0,0.859951,0.6
302762017,3.3409729741446646e+18,82.858517,12.192661,,17.9776,,,,,14.4,0.029,12.875,0.023,12.056,0.023,19.2065,0.006694,20.6298,0.134053,17.5422,0.02575,11.332,0.024,10.714,0.022,8.611,0.029,4.881,0.034,OSFC,10.0,roquette25,,,
302762020,3.3409735582602194e+18,82.859445,12.197451,,17.5789,20.034,0.164,19.0517,0.1694,14.36,0.027,13.341,0.033,12.751,0.028,18.4406,0.05978,18.698,0.16312,16.8665,0.171395,12.302,0.023,11.398,0.021,6.952,0.016,3.396,0.019,OSFC,10.0,roquette25,,,
10002620812,,82.873407,12.092462,,17.227,,,,,15.477,,14.177,,13.435,,,,,,,,,,,,,,,,OSFC,10.0,roquette25,,,
200515741,3.3382796903487805e+18,82.891128,10.538852,2.34139,15.4063,19.763,0.163,,,13.613,0.03,12.921,0.027,12.627,0.033,16.6611,0.001378,18.3298,0.04285,15.4026,0.003429,12.304,0.024,11.91,0.023,10.285,0.078,8.18,,OSFC,10.0,roquette25,3407.0,1.00348,0.4
436011828,3.3380054996366495e+18,83.73008333333334,10.009808333333334,2.77358,15.407,,,,,13.396,0.026,12.794,0.026,12.526,0.024,16.9214,0.002564,18.7782,0.04814,15.5216,0.007561,12.273,0.023,12.01,0.023,11.364,0.175,8.99,,OSFC,10.0,roquette25,3065.0,0.658634,0.633559
200520542,3.3343321644309914e+18,82.991297,8.103111,2.66816,16.4084,20.567,0.164,,,14.324,0.037,13.8,0.044,13.322,0.038,17.9471,0.002813,20.0392,0.10087,16.5412,0.007598,12.937,0.025,12.463,0.024,10.696,0.107,8.502,0.401,OSFC,10.0,roquette25,2966.0,0.530751,0.527612
200518120,3.3405459556129167e+18,82.994361,10.889038,2.70634,15.6281,20.068,0.164,,,13.807,0.036,13.159,0.035,12.901,0.04,17.023,0.002323,18.715,0.022298,15.722,0.006388,12.612,0.024,12.193,0.024,10.609,0.092,8.303,,OSFC,10.0,roquette25,3186.0,0.596985,0.585622
436153965,3.3394949599352975e+18,83.97645833333333,10.073144444444443,2.49812,11.9691,13.927,0.031,12.892,0.069,10.936,0.023,10.378,0.022,10.235,0.021,12.6549,0.004054,13.2616,0.015352,11.9274,0.010516,10.167,0.023,10.18,0.021,10.142,0.063,8.872,,OSFC,10.0,roquette25,4782.3,2.1688,
436158898,3.339495269172964e+18,83.8686,10.04097,2.75401,14.8744,19.469,0.163,16.733,1.133,13.151,0.029,12.446,0.025,12.157,0.029,16.0247,0.003368,17.3774,0.029058,14.8453,0.005527,11.763,0.023,11.362,0.02,9.38,0.04,7.268,0.147,OSFC,10.0,roquette25,3703.0,0.909565,0.549
436013423,3.338010477501494e+18,83.69123,10.13374,0.286138,13.0025,15.638,0.028,14.332,0.092,11.742,0.027,11.118,0.023,10.951,0.023,13.8449,0.00035,14.6331,0.004395,12.9747,0.001011,10.817,0.022,10.876,0.018,10.609,0.095,8.198,,OSFC,10.0,roquette25,4996.54,10.2335,
715987076,3.3378365184431857e+18,83.040038,9.051026,5.07039,14.7157,,,17.1347,0.0944,,,,,,,15.8453,0.00316,17.0708,0.07014,14.3807,0.052953,,,,,,,,,OSFC,10.0,roquette25,,,
436158914,3.3394905962488576e+18,83.98104166666668,9.941947222222224,2.46028,12.7549,15.757,0.065,14.522,0.16,11.416,0.023,10.725,0.022,10.524,0.023,13.6832,0.006316,14.6279,0.021063,12.7317,0.015069,10.364,0.023,10.318,0.021,10.155,0.065,8.427,,OSFC,10.0,roquette25,4230.0,1.96046,
302830629,3.340969954783274e+18,83.051287,12.165449,0.452431,15.6053,16.673,0.009,16.051,1.133,14.817,0.041,14.374,0.054,14.257,0.082,16.1528,0.000912,16.5832,0.006374,15.5308,0.003376,,,,,,,,,OSFC,10.0,roquette25,5932.0,1.27331,1.08
200516402,3.3405769781597527e+18,82.82239166666668,11.249108333333334,2.43805,12.4595,15.618,0.042,14.225,0.103,10.912,0.021,10.188,0.018,9.983,0.023,13.408,0.002729,14.428,0.011136,12.4016,0.007243,9.854,0.023,9.779,0.021,9.644,0.048,8.518,,OSFC,10.0,roquette25,3930.0,2.32879,
436012428,3.337997145924607e+18,83.64925000000001,9.907219444444443,2.62235,16.352,,,,,14.184,0.032,13.556,0.032,13.289,0.031,17.9198,0.002807,19.5842,0.071701,16.456,0.010209,13.045,0.026,12.81,0.03,11.939,,8.993,,OSFC,10.0,roquette25,3123.0,0.54266,0.538605
436158985,3.3395205235806136e+18,83.95266666666667,10.32005,2.32941,14.6015,18.954,0.162,16.767,0.172,12.983,0.023,12.228,0.023,12.038,0.026,15.7006,0.000999,16.9695,0.012364,14.5682,0.003865,11.914,0.025,11.833,0.022,11.613,,8.992,,OSFC,10.0,roquette25,3754.0,1.13334,0.566
200540665,3.3405543393890463e+18,83.145416,11.022546,1.26224,14.22,15.958,0.065,15.174,0.16,12.43,0.029,11.86,0.026,11.649,0.028,14.8502,0.000395,15.3698,0.002571,14.1489,0.006857,11.373,0.024,11.057,0.022,9.297,0.046,7.647,0.183,OSFC,10.0,roquette25,5393.85,,
200541870,3.337966535693478e+18,83.192788,9.679747,,15.1647,19.257,0.163,,,13.238,0.029,12.509,0.022,12.253,0.03,16.338,0.005319,17.9418,0.020842,15.0835,0.016511,12.033,0.023,11.719,0.022,10.499,0.084,8.278,,OSFC,10.0,roquette25,,,
200540775,3.339801856821196e+18,83.231895,10.907041,2.35919,17.0931,,,19.6828,0.133,15.914,0.113,14.531,0.068,13.375,0.052,18.462,0.02225,19.7728,0.10877,17.1568,0.079221,11.798,0.024,11.033,0.021,9.013,0.03,6.778,0.08,OSFC,10.0,roquette25,3371.0,0.574178,0.566491
200546199,3.3343294500116736e+18,83.277775,8.116935,,15.9434,,,,,13.863,0.029,13.185,0.033,12.846,0.032,17.5311,0.003329,19.6774,0.116285,16.0839,0.004206,12.455,0.024,11.979,0.023,10.062,0.064,7.934,0.209,OSFC,10.0,roquette25,2932.0,0.620891,0.604808
200588039,3.339798493864185e+18,83.284337,10.867747,2.26675,15.7278,,,,,13.853,0.035,13.242,0.034,13.018,0.036,17.1882,0.002748,19.1281,0.03972,15.8443,0.0122,12.668,0.024,12.273,0.024,9.999,0.055,7.619,0.225,OSFC,10.0,roquette25,3053.0,0.648399,0.625925
426214253,3.340707961779603e+18,83.41692,11.683252,0.68127,15.8012,17.587,0.0,16.614,0.06,15.001,0.048,14.563,0.07,14.535,0.088,16.4077,0.001233,16.9122,0.009695,15.74,0.00477,,,,,,,,,OSFC,10.0,roquette25,5479.0,0.912216,0.96
436158841,3.3379346111992407e+18,83.99745797,9.713361032,2.34912,9.33845,9.294,0.051,9.306,0.005,9.281,0.024,9.295,0.022,9.283,0.021,9.31378,0.0006,9.33441,0.002113,9.29526,0.001718,9.234,0.022,9.259,0.02,8.912,0.028,7.876,0.213,OSFC,10.0,roquette25,11039.0,1.98292,2.882
436016926,,83.534925,8.603356,,15.564,19.756,0.163,,,13.765,0.029,13.04,0.027,12.565,0.026,,,,,,,11.997,0.025,11.421,0.022,9.742,0.049,7.273,0.127,OSFC,10.0,roquette25,,,
436248385,3.33943675453883e+18,84.21634,9.76297,1.37945,12.0805,14.38,0.042,13.152,0.08,10.919,0.026,10.381,0.022,10.264,0.023,12.8168,0.000248,13.4899,0.002125,12.0406,0.000769,10.148,0.023,10.206,0.02,10.137,0.073,8.261,,OSFC,10.0,roquette25,5046.76,2.99529,
436015138,3.3397290528332134e+18,83.663113,10.626144,2.44023,15.6129,19.434,0.163,18.2868,0.0793,13.762,0.024,13.113,0.026,12.758,0.027,16.9458,0.004623,18.4319,0.066709,15.6874,0.009914,12.396,0.024,11.978,0.023,10.338,0.067,8.956,,OSFC,10.0,roquette25,3306.0,0.665733,0.63879
436104507,3.337991034186817e+18,83.74316666666667,9.896305555555555,2.48281,15.3224,,,17.8454,0.0757,13.211,0.029,12.567,0.026,12.267,0.029,16.5067,0.002629,17.9093,0.062716,15.1672,0.004384,12.13,0.023,11.911,0.023,11.939,,9.064,,OSFC,10.0,roquette25,3476.0,0.875038,0.446
436157493,3.334872956649331e+18,83.965334,9.066017,2.59488,15.8794,20.17,0.163,,,13.833,0.029,13.216,0.027,12.909,0.03,17.2771,0.015101,18.9488,0.070124,15.9719,0.045993,12.637,0.023,12.205,0.024,10.604,0.095,8.462,0.503,OSFC,10.0,roquette25,3194.0,0.611977,0.597752
436245727,3.334860209186573e+18,84.121186,9.019218,2.66541,15.8499,,,,,13.792,0.024,13.203,0.027,12.875,0.029,17.3523,0.001847,19.3039,0.050343,15.9703,0.007048,12.582,0.024,12.179,0.024,10.489,0.088,8.314,0.301,OSFC,10.0,roquette25,3032.0,0.608047,0.594605
436103235,3.3379794549552486e+18,83.8274,9.73496,2.2203,14.7223,19.472,0.162,16.82,0.252,13.022,0.026,12.313,0.022,12.063,0.026,15.8317,0.001164,17.153,0.009794,14.6683,0.003922,11.929,0.024,11.797,0.023,11.779,0.294,8.835,,OSFC,10.0,roquette25,3648.0,1.13432,0.53
436008623,3.337991309064721e+18,83.73495833333335,9.917722222222222,2.02241,14.9211,,,16.989,1.133,12.877,0.027,12.236,0.027,11.955,0.031,16.1086,0.005345,17.4632,0.029987,14.8067,0.004582,11.667,0.023,11.104,0.021,8.761,0.028,7.129,0.102,OSFC,10.0,roquette25,3621.0,1.28167,0.52
436251999,3.3348609608051185e+18,84.198445,9.043338,2.49031,15.7486,19.953,0.164,,,14.002,0.03,13.294,0.022,12.931,0.026,17.1471,0.002671,18.9085,0.052881,15.8477,0.005142,12.679,0.024,12.241,0.023,10.91,0.143,8.368,0.361,OSFC,10.0,roquette25,3154.0,0.624374,0.607536
436162085,3.337934439401329e+18,84.041,9.7104,,18.1809,,,,,15.383,0.056,14.816,0.072,14.526,0.102,19.3593,0.009265,20.6823,0.135444,17.8036,0.046849,13.95,0.028,13.353,0.031,12.251,,8.435,,OSFC,10.0,roquette25,,,
436332079,3.339924319226433e+18,84.243027,11.447292,0.467457,12.8065,14.549,0.182,13.943,0.114,11.924,0.029,11.286,0.025,10.674,0.023,13.4736,0.007086,14.0555,0.020971,12.7571,0.022004,9.23,0.024,8.372,0.021,5.481,0.016,3.776,0.02,OSFC,10.0,roquette25,5792.94,4.52556,
436335504,3.337922654010136e+18,84.248652,9.700582,2.29097,16.2701,20.471,0.164,,,14.093,0.037,13.398,0.025,13.027,0.033,17.6634,0.006842,19.0951,0.064066,16.3447,0.021549,12.699,0.024,12.173,0.023,10.217,0.079,8.861,0.514,OSFC,10.0,roquette25,3303.0,0.645317,0.623605
284158185,3.3382806180617487e+18,82.76355000000001,10.478769444444444,0.683012,13.7967,15.027,0.03,14.456,0.092,13.056,0.026,12.771,0.022,12.716,0.03,14.2616,0.000289,14.6222,0.001385,13.729,0.00066,12.673,0.033,12.694,0.036,11.916,,8.725,,OSFC,10.0,roquette25,6483.0,1.75348,1.32
436340380,3.339530041228092e+18,84.326832,10.363038,,15.1704,19.569,0.162,,,13.26,0.026,12.593,0.022,12.228,0.023,16.3702,0.002973,18.0209,0.020703,15.0556,0.003791,11.784,0.024,11.397,0.022,10.234,0.08,8.627,0.519,OSFC,10.0,roquette25,,,
284199837,3.339427443049685e+18,84.36353333333332,9.8341,2.40122,14.8308,18.943,0.163,17.045,0.309,13.154,0.023,12.499,0.023,12.219,0.024,15.9128,0.001966,17.2189,0.018087,14.7695,0.003643,12.073,0.023,11.923,0.023,10.83,0.126,8.185,,OSFC,10.0,roquette25,3618.0,0.960482,0.52
436336186,3.339954796314285e+18,84.338948,11.637204,2.47545,15.4485,19.762,0.163,,,13.645,0.029,13.016,0.031,12.637,0.029,16.8191,0.001579,18.4991,0.031609,15.5399,0.003338,12.439,0.024,12.062,0.023,10.426,0.089,7.967,0.231,OSFC,10.0,roquette25,3202.0,0.682556,0.651017
284199945,3.3394243120163487e+18,84.352858,9.756217,2.32801,15.7144,19.534,0.165,18.061,0.1398,13.86,0.032,13.146,0.022,12.745,0.027,17.0201,0.017812,18.1737,0.150453,15.7628,0.038797,12.65,0.024,12.146,0.024,9.672,0.053,7.523,0.146,OSFC,10.0,roquette25,3482.0,0.688297,0.655141
436158918,3.3394431110904156e+18,84.08421,9.9341,1.52806,13.082,14.514,0.046,13.793,0.126,12.281,0.027,12.013,0.023,11.91,0.023,13.5943,0.000322,14.003,0.001885,13.0175,0.001243,11.849,0.025,11.86,0.025,11.725,0.299,8.8,,OSFC,10.0,roquette25,6357.0,1.19664,1.26
284201258,3.334782659257323e+18,84.363259,8.613713,2.75252,15.4323,20.173,0.163,,,13.587,0.029,12.899,0.023,12.666,0.033,16.867,0.001621,18.8048,0.027823,15.5469,0.005943,12.288,0.024,11.818,0.023,10.247,0.067,7.758,0.203,OSFC,10.0,roquette25,3064.0,0.633783,0.614823
284199834,3.339426652775694e+18,84.400259,9.835204,2.35199,15.5837,19.97,0.162,,,13.638,0.026,12.882,0.022,12.36,0.027,16.8264,0.013439,18.4611,0.04178,15.5494,0.040583,11.827,0.023,11.401,0.022,10.125,0.082,8.232,0.291,OSFC,10.0,roquette25,3394.0,0.907792,0.4
715874136,3.336417323809996e+18,84.468068,9.640305,1.12887,16.1524,,,18.3274,0.154,,,,,,,17.2246,0.069742,17.8602,0.124883,15.3768,0.081817,,,,,,,,,OSFC,10.0,roquette25,,,
144545811,3.339433039390037e+18,84.534324,9.899874,2.52087,16.8518,,,,,14.695,0.035,13.982,0.037,13.538,0.039,18.3862,0.020776,19.9465,0.07428,16.9456,0.074545,12.929,0.025,12.526,0.025,10.911,0.137,8.322,0.374,OSFC,10.0,roquette25,3183.0,0.516502,0.514126
144618201,3.339850922528725e+18,84.614286,11.03451,1.20717,13.7094,15.14,0.022,14.502,0.126,12.908,0.03,12.559,0.036,12.502,0.034,14.2327,0.000335,14.6491,0.002461,13.6448,0.000803,12.323,0.027,12.347,0.035,11.229,,8.025,,OSFC,10.0,roquette25,5963.0,1.16804,1.09
436008556,3.3379806919055913e+18,83.73987499999998,9.76875,,14.2568,18.571,0.162,16.147,0.435,11.856,0.028,11.214,0.026,11.025,0.027,15.398,0.009992,16.3587,0.005407,13.625,0.003133,10.817,0.023,10.649,0.021,10.664,0.098,8.359,,OSFC,10.0,roquette25,,,
144666318,3.3394564426687396e+18,84.716657,10.024137,2.25137,15.4987,20.07,0.162,,,13.712,0.023,13.084,0.024,12.756,0.026,16.8693,0.001976,18.6101,0.0314,15.5944,0.004701,12.272,0.024,11.85,0.022,10.614,0.096,8.445,0.339,OSFC,10.0,roquette25,3176.0,0.700173,0.663612
144666794,3.33640738954854e+18,84.831845,9.606086,2.2523,16.9177,,,,,14.619,0.037,14.062,0.035,13.697,0.046,18.3437,0.011055,19.8404,0.108898,16.999,0.037365,12.82,0.025,12.111,0.023,10.242,0.071,8.328,0.323,OSFC,10.0,roquette25,3259.0,0.529415,0.526363
436158745,3.3379278466284846e+18,83.94247,9.6367,0.219772,13.0327,15.895,0.035,14.326,0.126,11.716,0.023,11.0,0.022,10.851,0.023,13.8673,0.000325,14.6688,0.002568,12.9931,0.001086,10.717,0.023,10.809,0.022,10.806,0.159,8.506,,OSFC,10.0,roquette25,4484.0,13.7899,
284158089,3.338283366840804e+18,82.75723985,10.55859209,2.53927,12.7854,15.076,0.058,13.886,0.08,11.503,0.042,10.906,0.046,10.748,0.041,13.5456,0.002482,14.2525,0.00792,12.727,0.00637,10.724,0.027,10.71,0.025,10.801,0.145,8.267,,OSFC,10.0,roquette25,4460.97,1.45288,0.7
436245962,3.3379364365627464e+18,84.10987499999999,9.763,2.44775,15.8426,,,,,14.0,0.033,13.356,0.027,13.102,0.036,17.2588,0.002923,18.9924,0.06127,15.941,0.003569,12.925,0.024,12.728,0.025,12.129,,8.643,,OSFC,10.0,roquette25,3159.0,0.601182,0.589052
284156780,3.34067617472413e+18,82.74107500000001,11.789269444444445,,12.3316,14.538,0.082,13.444,0.126,11.056,0.026,10.413,0.022,10.277,0.021,13.0605,0.0034,13.7129,0.008529,12.2293,0.006588,10.219,0.022,10.193,0.02,9.552,0.045,7.391,0.151,OSFC,10.0,roquette25,4260.88,,
284157042,3.340632782671476e+18,82.75200833333331,11.527080555555552,,13.7513,17.027,0.196,15.56,0.149,12.167,0.023,11.436,0.022,11.212,0.019,14.7409,0.001685,15.8731,0.006121,13.6631,0.004359,11.121,0.024,11.047,0.021,11.185,0.183,8.916,,OSFC,10.0,roquette25,,,
144775870,3.3363335204085366e+18,85.288829,9.256245,,15.6574,19.267,0.164,16.948,1.133,13.025,0.035,12.186,0.035,11.718,0.033,16.7549,0.042991,17.7301,0.149842,15.1574,0.121087,11.305,0.03,10.848,0.028,9.217,0.043,7.94,0.357,OSFC,10.0,roquette25,,,
436013338,3.3379849868728745e+18,83.71029166666666,9.863280555555557,2.58937,14.0198,18.872,0.162,15.643,0.172,12.434,0.027,11.767,0.026,11.56,0.025,14.9931,0.003472,15.9864,0.014188,13.9832,0.011206,11.546,0.024,11.48,0.022,11.685,0.261,8.413,,OSFC,10.0,roquette25,4115.0,1.14605,0.644
436243714,3.3379355775692754e+18,84.18764,9.75495,0.295829,13.1876,15.542,0.093,14.338,0.126,11.964,0.026,11.432,0.023,11.304,0.023,13.95,0.00054,14.6414,0.003922,13.1423,0.002071,11.193,0.022,11.227,0.019,10.802,0.151,8.864,,OSFC,10.0,roquette25,5186.3,7.53964,
436013301,3.3379783210836675e+18,83.66554166666667,9.696163888888888,2.41581,14.1377,17.269,0.0,15.611,0.069,12.656,0.023,11.974,0.023,11.808,0.027,15.0846,0.001158,16.0919,0.00401,14.0852,0.0034,11.675,0.023,11.652,0.023,12.205,0.388,8.783,,OSFC,10.0,roquette25,3961.0,1.09499,0.62
200591698,3.336139662764765e+18,85.361507,9.068336,2.44641,15.7288,19.961,0.164,,,13.856,0.032,13.273,0.034,13.011,0.032,17.1252,0.001857,18.7813,0.042857,15.8201,0.006639,12.639,0.023,12.129,0.023,10.013,0.077,8.039,,OSFC,10.0,roquette25,3201.0,0.616773,0.601563
284158099,3.338281850714992e+18,82.73734583333334,10.54818888888889,2.25036,13.7206,17.057,0.014,15.654,0.126,12.068,0.026,11.354,0.029,11.153,0.024,14.7589,0.00205,15.8785,0.012006,13.6563,0.005471,11.016,0.023,10.912,0.021,11.018,0.162,8.261,,OSFC,10.0,roquette25,3890.0,,
290174208,3.336170895766679e+18,85.499069,9.314371,2.50311,15.1244,19.145,0.163,17.57,0.0628,13.319,0.026,12.627,0.026,12.364,0.026,16.2946,0.003352,17.7546,0.045266,15.0795,0.007472,11.974,0.024,11.571,0.023,10.301,0.08,7.945,0.239,OSFC,10.0,roquette25,3538.0,0.922588,0.479
290174384,3.3363620389912806e+18,85.515788,9.465857,2.44849,14.9038,19.472,0.162,,,12.981,0.027,12.32,0.024,12.039,0.027,16.1872,0.001864,18.0155,0.020818,14.8848,0.00611,11.814,0.023,11.359,0.021,9.257,0.038,7.614,0.171,OSFC,10.0,roquette25,3219.0,,
290174026,3.33614134639188e+18,85.561172,9.149866,2.58143,15.7699,20.064,0.163,,,13.893,0.029,13.144,0.027,12.718,0.032,17.1881,0.002288,19.0206,0.028489,15.8756,0.009311,12.078,0.023,11.478,0.022,10.412,0.096,8.442,,OSFC,10.0,roquette25,3115.0,0.649969,0.627104
436008694,3.338200800389644e+18,83.57044,10.25251,0.147072,12.7568,15.469,0.059,14.077,0.092,11.477,0.024,10.769,0.023,10.601,0.019,13.6008,0.000351,14.3944,0.002898,12.7357,0.002345,10.494,0.023,10.571,0.02,10.436,0.084,8.831,,OSFC,10.0,roquette25,4713.13,23.0418,
436098596,3.3380053621976893e+18,83.77525,10.005436111111113,2.29236,11.9028,13.628,0.02,12.777,0.046,11.007,0.026,10.528,0.024,10.437,0.021,12.5024,0.000353,13.01,0.001823,11.853,0.001092,10.327,0.024,10.351,0.02,10.508,0.115,8.771,,OSFC,10.0,roquette25,5248.59,1.91314,0.9
284284603,3.3362783730288727e+18,85.960796,9.678409,2.359,16.0258,20.16,0.162,,,14.08,0.024,13.257,0.03,12.788,0.026,17.4923,0.013914,19.2922,0.061449,16.1325,0.051996,12.321,0.023,11.909,0.022,10.727,0.105,8.866,0.539,OSFC,10.0,roquette25,3109.0,0.674684,0.645324
284283995,3.336156292877976e+18,85.961125,9.206932,2.35483,14.9851,19.251,0.163,17.5063,0.0912,13.33,0.024,12.37,0.022,11.821,0.024,16.1614,0.014891,17.6766,0.069085,14.928,0.041651,11.255,0.024,10.87,0.022,9.022,0.032,6.561,0.08,OSFC,10.0,roquette25,3442.0,1.07052,0.43
284284064,3.3361578734259246e+18,85.96864,9.266602,2.70491,15.9787,20.268,0.164,,,13.986,0.033,13.388,0.035,13.008,0.03,17.4497,0.003602,19.2997,0.106923,16.0894,0.008688,12.713,0.024,12.246,0.024,10.685,0.128,8.392,,OSFC,10.0,roquette25,3086.0,0.578787,0.570426
200518561,3.338264846942073e+18,82.98048401,10.39609241,2.49557,14.4116,17.982,0.165,16.202,0.08,12.847,0.024,12.093,0.024,11.905,0.026,15.396,0.004118,16.4722,0.016966,14.353,0.010607,11.823,0.025,11.725,0.022,11.607,0.221,8.917,,OSFC,10.0,roquette25,3880.0,0.972291,0.6
284283887,3.3361028978445696e+18,85.972883,9.119946,1.64448,13.2385,14.621,0.069,13.974,0.126,12.463,0.029,12.05,0.036,11.935,0.023,13.8116,0.000264,14.2954,0.001781,13.1883,0.00152,11.9,0.031,11.976,0.037,11.904,0.411,8.242,,OSFC,10.0,roquette25,5406.0,1.20638,0.94
284283919,3.3361090482356173e+18,86.041805,9.144628,2.31069,15.749,18.869,0.165,16.701,1.133,13.846,0.026,13.116,0.023,12.638,0.029,16.7477,0.014823,17.8078,0.106001,15.6524,0.035031,11.787,0.023,11.041,0.021,9.474,0.046,8.051,0.244,OSFC,10.0,roquette25,3860.0,0.581058,0.595
284283836,3.3361074290338396e+18,86.053234,9.086242,2.59923,15.3874,18.381,0.165,,,13.259,0.027,12.594,0.023,12.239,0.026,16.5958,0.003651,18.1559,0.035233,15.3062,0.010624,11.396,0.023,10.859,0.021,9.27,0.042,7.265,0.112,OSFC,10.0,roquette25,3385.0,0.85864,0.39
156144056,3.3361598662907126e+18,86.067229,9.33334,,14.9487,19.17,0.162,,,12.801,0.027,12.075,0.025,11.757,0.026,16.1249,0.010984,17.5605,0.027732,14.6906,0.017521,11.476,0.024,11.169,0.021,9.938,0.058,7.186,0.126,OSFC,10.0,roquette25,,,
156144765,3.336474807652998e+18,86.077831,9.864444,0.764134,14.5188,15.672,0.072,15.292,0.229,13.801,0.036,13.458,0.043,13.385,0.04,15.0191,0.000515,15.4143,0.00212,14.454,0.001117,,,,,,,,,OSFC,10.0,roquette25,6230.0,1.19843,1.2
156143975,3.336158594980405e+18,86.080833,9.272023,2.44598,14.9886,18.619,0.164,,,13.123,0.026,12.389,0.023,12.032,0.027,16.1779,0.001709,17.7209,0.016025,14.9501,0.002783,11.377,0.023,10.829,0.02,8.461,0.027,6.365,0.067,OSFC,10.0,roquette25,3447.0,1.04778,0.429
436008588,3.337991102906292e+18,83.73795833333335,9.910027777777778,,13.9684,,,15.616,0.012,12.139,0.03,11.446,0.026,11.223,0.028,14.9483,0.006777,15.98,0.024984,13.8005,0.009922,11.138,0.022,11.04,0.021,10.846,0.12,9.074,,OSFC,10.0,roquette25,,,
156143849,3.336105131228007e+18,86.12524,9.127085,,17.5541,,,,,13.974,0.026,13.274,0.039,12.869,0.026,18.8096,0.063681,20.229,0.293441,17.025,0.188585,12.742,0.026,12.375,0.025,10.077,0.082,8.326,0.314,OSFC,10.0,roquette25,,,
156144747,3.3362874783595366e+18,86.125687,9.855002,2.47137,15.7026,19.964,0.162,,,13.788,0.026,13.114,0.032,12.794,0.027,17.1387,0.001821,18.9309,0.04514,15.8067,0.004023,12.431,0.024,11.906,0.024,9.995,0.062,8.712,0.38,OSFC,10.0,roquette25,3125.0,0.655272,0.631064
156143864,,86.15997,9.144922,,19.007,,,,,17.257,0.26,14.1,0.067,12.367,0.023,,,,,,,10.991,0.023,9.961,0.021,8.355,0.029,6.44,0.066,OSFC,10.0,roquette25,,,
156187729,3.336091967152095e+18,86.219949,9.05889,1.58328,17.2279,,,,,14.048,0.036,12.393,0.023,11.472,0.025,18.5861,0.028429,20.4812,0.16724,17.0755,0.083225,10.278,0.023,9.255,0.021,7.282,0.022,5.713,0.069,OSFC,10.0,roquette25,3104.0,,
156188181,3.335326299037613e+18,86.226613,8.713869,2.1284,15.4914,20.17,0.162,,,13.404,0.026,12.752,0.022,12.456,0.03,16.8133,0.004319,18.7919,0.030768,15.4714,0.01149,12.162,0.024,11.666,0.022,9.315,0.041,6.436,0.065,OSFC,10.0,roquette25,3115.0,,
156353106,3.335236998077973e+18,86.737937,8.20697,2.26868,12.8866,16.319,0.029,14.885,0.16,11.275,0.023,10.519,0.022,10.273,0.021,13.9244,0.001212,15.1108,0.005276,12.8334,0.00324,10.045,0.023,9.799,0.021,8.387,0.025,5.836,0.051,OSFC,10.0,roquette25,3758.0,2.35099,
156187593,3.3362009562408566e+18,86.273777,9.207803,,16.1982,,,,,13.668,0.027,13.06,0.022,12.674,0.034,17.5693,0.006046,19.8123,0.111608,16.0397,0.007304,12.235,0.024,11.724,0.023,9.658,0.048,7.573,0.153,OSFC,10.0,roquette25,,,
156187598,3.3362009948980516e+18,86.28138,9.202983,,15.2038,19.472,0.162,,,13.004,0.024,12.297,0.022,11.924,0.025,16.4224,0.002267,18.1391,0.017001,15.0953,0.005891,11.38,0.023,10.692,0.021,8.847,0.03,7.276,0.117,OSFC,10.0,roquette25,,,
284199941,3.3394228044850166e+18,84.39835673,9.760142425,2.41207,15.2744,19.24,0.163,,,13.485,0.023,12.769,0.025,12.473,0.026,16.4797,0.003601,18.0011,0.022037,15.2386,0.010436,12.345,0.025,12.166,0.023,11.583,,8.83,,OSFC,10.0,roquette25,3510.0,0.94115,0.465
302672017,3.3408927140915773e+18,82.55472083333333,12.1461,2.45501,12.6165,14.209,0.065,13.855,0.217,10.954,0.022,10.12,0.023,9.557,0.018,13.5091,0.009947,14.423,0.038157,12.5591,0.026477,8.578,0.023,7.594,0.019,4.929,0.014,2.93,0.023,OSFC,10.0,roquette25,4027.0,2.07654,
436249306,3.3394433172488253e+18,84.20941,9.9066,2.39568,15.0072,19.773,0.162,17.5159,0.0552,13.237,0.024,12.534,0.022,12.304,0.024,16.2124,0.001732,17.7083,0.032298,15.0033,0.003059,12.224,0.023,12.067,0.024,12.201,0.422,8.742,,OSFC,10.0,roquette25,3600.0,1.06,0.51
436158730,3.337927365591904e+18,83.87083333333334,9.589258333333332,2.42416,13.4554,15.926,0.039,14.857,0.16,12.266,0.024,11.627,0.022,11.468,0.021,14.2509,0.002431,15.0057,0.011801,13.4024,0.006244,11.365,0.023,11.401,0.022,11.4,0.215,8.551,,OSFC,10.0,roquette25,4443.0,1.1473,0.696
156287383,3.33630145847687e+18,86.617415,9.8665,2.37761,15.576,19.972,0.161,,,13.492,0.021,12.834,0.022,12.542,0.021,16.9133,0.002371,18.807,0.031134,15.5543,0.00524,12.248,0.024,11.841,0.022,9.881,0.088,7.495,0.172,OSFC,10.0,roquette25,3204.0,,
156287082,3.3362420204254915e+18,86.649949,9.643519,2.85656,16.4518,,,,,14.254,0.03,13.668,0.025,13.351,0.032,18.0281,0.002091,20.2116,0.086097,16.5939,0.007975,12.997,0.025,12.428,0.025,10.238,0.081,8.062,0.245,OSFC,10.0,roquette25,2924.0,0.502011,0.50004
436098616,3.338006904088684e+18,83.76562,10.07769,0.879073,13.0586,15.367,0.055,14.257,0.08,11.877,0.024,11.317,0.023,11.155,0.023,13.8182,0.000507,14.5066,0.003019,13.0134,0.001302,11.068,0.023,11.103,0.02,10.941,0.127,9.04,,OSFC,10.0,roquette25,5086.13,3.05166,
436154696,3.339491283443599e+18,84.04320833333334,10.005305555555555,2.47818,15.3949,19.972,0.162,,,13.521,0.024,12.935,0.022,12.643,0.027,16.788,0.002364,18.4866,0.025918,15.4893,0.005558,12.494,0.023,12.29,0.024,12.349,0.484,8.843,,OSFC,10.0,roquette25,3184.0,0.681411,0.650191
156351047,3.3362484414001736e+18,86.740113,9.70889,2.43132,15.2368,19.268,0.162,17.1161,0.148,13.002,0.023,12.083,0.022,11.561,0.024,16.2623,0.029453,17.2863,0.145181,15.1087,0.107654,10.97,0.024,10.362,0.02,8.295,0.026,6.138,0.077,OSFC,10.0,roquette25,3934.0,0.727503,0.612
156359520,3.335466521129409e+18,86.900627,9.282672,,15.4394,19.755,0.162,,,12.67,0.023,12.007,0.023,11.632,0.024,16.7806,0.00514,18.9131,0.068687,15.2982,0.013801,11.187,0.022,10.592,0.02,8.709,0.029,6.773,0.086,OSFC,10.0,roquette25,,,
156391661,3.335261801512601e+18,86.95034618,8.554885597,,12.0051,14.636,0.047,13.352,0.103,10.323,0.037,9.616,0.042,9.226,0.033,12.8484,0.007579,13.675,0.019777,11.8941,0.016216,8.656,0.023,8.205,0.021,6.906,0.017,5.281,0.051,OSFC,10.0,roquette25,,,
156390019,3.336246624630332e+18,86.984768,9.736908,,14.7315,18.437,0.163,16.88,0.275,12.721,0.023,11.932,0.022,11.497,0.021,15.8263,0.013246,17.1243,0.056949,14.5612,0.047354,10.856,0.024,10.336,0.02,9.012,0.034,6.974,0.094,OSFC,10.0,roquette25,,,
156498373,3.337053460006977e+18,87.17388,11.162314,,15.5589,19.65,0.163,,,13.747,0.027,12.991,0.022,12.515,0.025,16.7487,0.020047,18.4127,0.068473,15.4885,0.067263,11.893,0.023,11.302,0.022,10.548,0.09,8.59,,OSFC,10.0,roquette25,,,
436159010,3.339517156326252e+18,84.01701,10.27927,0.176522,13.825,16.458,0.011,15.34,0.149,12.498,0.024,11.876,0.024,11.738,0.019,14.6619,0.00047,15.4429,0.005338,13.7937,0.002657,11.611,0.025,11.672,0.022,11.974,0.325,8.49,,OSFC,10.0,roquette25,5073.11,9.51522,
436158957,3.3395099407812086e+18,83.97836,10.18461,0.388278,12.5881,15.357,0.024,14.011,0.092,11.26,0.023,10.635,0.023,10.417,0.021,13.4489,0.000349,14.2764,0.002161,12.5625,0.001009,10.294,0.022,10.367,0.02,10.135,0.083,8.314,,OSFC,10.0,roquette25,4614.0,10.806,
436011879,3.3379791113576366e+18,83.72971,9.70876,2.59328,15.2918,20.172,0.162,17.9581,0.0554,13.513,0.027,12.868,0.024,12.588,0.028,16.6188,0.001494,18.1091,0.032217,15.3664,0.004429,12.493,0.024,12.325,0.026,12.421,0.492,8.759,,OSFC,10.0,roquette25,3307.0,0.672815,0.643965
436103141,3.337886443143571e+18,83.85054779,9.309062004,2.41475,13.4433,15.74,0.064,14.61,0.195,11.99,0.034,11.262,0.035,11.003,0.024,14.2756,0.002452,14.9733,0.024521,13.2787,0.023295,10.792,0.022,10.774,0.019,10.413,0.087,8.789,,OSFC,10.0,roquette25,4309.0,,
309796292,3.33646580540144e+18,85.778223,9.730366,,14.7288,16.637,0.063,16.559,0.48,12.582,0.026,11.801,0.028,11.292,0.025,15.6144,0.023922,16.1861,0.0881,14.2875,0.044637,10.744,0.024,10.291,0.02,8.935,0.03,7.019,0.091,OSFC,10.0,roquette25,,,
436103271,3.3379919576033623e+18,83.85292,9.90842,0.612637,11.6763,14.258,0.025,12.965,0.092,10.402,0.026,9.779,0.023,9.617,0.019,12.5038,0.000244,13.2828,0.002783,11.6483,0.001757,9.491,0.022,9.562,0.017,9.531,0.05,8.237,0.382,OSFC,10.0,roquette25,4792.0,10.0042,
436248346,3.3394372012154276e+18,84.17961,9.80082,0.650282,12.5356,14.977,0.046,13.67,0.092,11.37,0.023,10.758,0.022,10.635,0.021,13.3008,0.000334,14.0038,0.003002,12.4952,0.000921,10.537,0.023,10.601,0.02,10.818,0.121,8.808,,OSFC,10.0,roquette25,4891.96,5.59468,
436014917,3.3379831271512586e+18,83.580375,9.807783333333331,0.33859,17.2986,19.757,0.121,18.5785,0.0496,16.213,0.103,15.397,0.109,15.227,0.166,18.1084,0.002511,18.806,0.030417,17.2093,0.014429,15.263,0.05,15.221,0.101,12.398,,8.891,,OSFC,10.0,roquette25,4836.0,1.03775,0.78
436099498,3.337991549582881e+18,83.78395833333335,9.926138888888888,2.38844,10.04,,,10.6638,0.0459,9.393,0.035,9.109,0.029,9.012,0.024,10.5038,0.000661,10.8762,0.002535,9.989,0.001921,8.764,0.024,8.543,0.021,3.874,0.014,-0.089,0.007,OSFC,10.0,roquette25,6146.0,2.94282,1.166
200516544,3.340629312337925e+18,82.78288333333332,11.424247222222222,2.22153,14.2043,17.457,0.169,16.237,1.133,12.533,0.042,11.817,0.047,11.573,0.045,15.3489,0.001451,16.7206,0.005097,14.1927,0.002808,11.332,0.031,10.905,0.028,8.422,0.034,6.716,0.167,OSFC,10.0,roquette25,3622.5,1.61493,
309795714,3.3361615499179607e+18,85.802393,9.283827,2.5751,14.1278,17.807,0.0,16.239,0.137,12.417,0.023,11.657,0.025,11.37,0.023,15.1776,0.006846,16.3747,0.036334,14.0856,0.016284,11.037,0.023,10.581,0.02,8.514,0.025,6.658,0.074,OSFC,10.0,roquette25,3783.0,1.18892,0.575
284156631,3.3408718920901335e+18,82.73706666666665,11.946247222222222,3.75407,13.3667,16.816,0.3,15.019,0.08,11.607,0.026,10.846,0.022,10.614,0.02,14.3914,0.005898,15.5787,0.021197,13.3029,0.015993,10.486,0.023,10.345,0.02,10.384,0.09,8.732,,OSFC,10.0,roquette25,3714.0,1.11798,0.553
436017082,3.338001342108348e+18,83.54904166666668,9.951086111111112,2.56593,14.9957,19.47,0.162,17.4758,0.047,13.117,0.023,12.454,0.024,12.192,0.019,16.1796,0.001129,17.6606,0.010459,14.9633,0.003408,12.037,0.025,11.873,0.023,12.338,0.426,8.931,,OSFC,10.0,roquette25,3546.0,0.969665,0.483
436010420,3.338003231891665e+18,83.64049999999999,9.925955555555555,2.6615,16.1388,,,,,14.186,0.039,13.601,0.03,13.279,0.035,17.5741,0.002372,19.1484,0.059488,16.2268,0.007283,13.188,0.029,12.943,0.029,12.297,0.418,8.221,,OSFC,10.0,roquette25,3220.0,0.53814,0.534462
436158820,3.3379863956223647e+18,83.87704166666667,9.842833333333331,,14.5417,19.557,0.163,17.105,1.133,12.5,0.024,11.856,0.023,11.587,0.027,15.7506,0.003497,17.4406,0.014554,14.4379,0.004302,11.43,0.023,11.235,0.021,10.998,0.138,8.506,,OSFC,10.0,roquette25,,,
284158141,3.338281610197396e+18,82.65055,10.51516111111111,2.49819,12.3491,14.442,0.094,13.333,0.069,11.345,0.027,10.669,0.022,10.374,0.019,13.0381,0.006015,13.6456,0.022663,12.2978,0.01631,10.092,0.022,9.749,0.02,7.201,0.018,5.274,0.036,OSFC,10.0,roquette25,4975.7,1.52164,0.822
436153907,3.3379360929653734e+18,84.07745833333334,9.752525,2.45687,12.2951,14.23,0.067,13.227,0.092,11.34,0.023,10.796,0.022,10.676,0.019,12.9399,0.002869,13.4976,0.009822,12.2422,0.00664,10.587,0.023,10.608,0.02,10.498,0.097,8.69,,OSFC,10.0,roquette25,5107.57,1.4606,0.86
284199693,3.339446237824571e+18,84.446391,9.96806,,14.2686,18.049,0.163,16.355,0.195,12.163,0.028,11.47,0.029,11.187,0.024,15.3593,0.005408,16.4493,0.019925,13.9007,0.016927,11.04,0.023,10.9,0.02,10.8,0.123,8.841,,OSFC,10.0,roquette25,,,
302830676,3.3409690614301184e+18,82.99968333333335,12.135202777777776,2.52307,14.1107,18.453,0.162,15.948,0.034,12.499,0.021,11.748,0.021,11.525,0.022,15.1935,0.002636,16.4535,0.011575,14.0785,0.00817,11.415,0.023,11.365,0.022,12.065,0.384,9.029,,OSFC,10.0,roquette25,3742.0,1.28299,0.56
436098564,3.337986906722506e+18,83.81069,9.83407,2.55,14.7513,20.061,0.162,16.944,1.133,13.06,0.024,12.323,0.024,12.062,0.024,15.8798,0.002455,17.2076,0.013281,14.7193,0.0065,11.982,0.023,11.868,0.022,11.185,0.169,8.877,0.523,OSFC,10.0,roquette25,3704.0,1.00764,0.55
200547288,3.3379728922450473e+18,83.30699,9.74256,0.243282,12.1592,14.998,0.024,13.491,0.114,10.835,0.024,10.13,0.023,9.963,0.023,13.0202,0.000598,13.8567,0.002378,12.1318,0.001331,9.829,0.023,9.924,0.019,9.759,0.053,8.865,0.509,OSFC,10.0,roquette25,4509.0,19.7667,
436161142,3.3379337522064384e+18,83.96226,9.64909,2.12791,15.7291,19.847,0.163,,,13.994,0.028,13.285,0.033,13.057,0.038,17.1042,0.001838,18.7624,0.050635,15.8191,0.002609,12.609,0.025,12.203,0.024,11.114,0.149,8.519,0.464,OSFC,10.0,roquette25,3210.0,0.665408,0.638552
436156513,3.3379393227807816e+18,84.046882,9.773978,2.32836,15.3843,20.37,0.163,17.633,0.213,13.596,0.029,12.553,0.027,12.063,0.024,16.5095,0.046239,17.8783,0.175096,15.3711,0.151674,11.573,0.024,11.193,0.021,9.924,0.061,7.756,0.171,OSFC,10.0,roquette25,3662.0,0.817863,0.53
436245185,3.339443416031059e+18,84.203787,9.92833,,16.311,,,,,14.222,0.037,13.6,0.051,13.316,0.047,17.8769,0.005404,19.9459,0.063216,16.4442,0.01486,12.939,0.025,12.474,0.026,10.904,0.173,8.204,,OSFC,10.0,roquette25,2964.0,0.530204,0.527101
436158785,3.337933099370753e+18,84.0261,9.6563,0.818712,11.9586,14.175,0.052,12.989,0.103,10.877,0.023,10.309,0.022,10.182,0.021,12.6737,0.000324,13.3234,0.002306,11.9157,0.001101,10.071,0.023,10.131,0.021,9.952,0.056,8.108,0.314,OSFC,10.0,roquette25,4858.0,5.62033,
436098622,3.339508497672233e+18,83.79587500000001,10.126861111111111,5.70481,13.8526,17.105,0.086,15.76,0.092,12.378,0.026,11.718,0.023,11.503,0.021,14.8606,0.00176,15.9801,0.004815,13.8006,0.002724,11.355,0.023,11.305,0.022,11.448,0.231,8.829,,OSFC,10.0,roquette25,3845.0,0.576016,0.591
436161206,3.3379125909044214e+18,83.90164,9.48326,2.2985,15.3247,19.764,0.162,17.6929,0.0503,13.59,0.023,12.847,0.022,12.615,0.024,16.4821,0.00198,17.9013,0.021928,15.2963,0.005194,12.557,0.025,12.437,0.025,11.88,0.372,8.441,,OSFC,10.0,roquette25,3608.0,0.891282,0.512
284996069,3.3408555712144753e+18,82.342198,11.84717,2.45292,10.2119,11.468,0.137,10.775,0.009,9.074,0.018,8.598,0.017,8.342,0.022,10.8491,0.00675,11.4184,0.024363,10.1825,0.019499,7.432,0.029,6.695,0.022,4.88,0.015,3.498,0.025,OSFC,10.0,roquette25,5653.68,3.16235,1.003
200517741,3.34057815068748e+18,82.988573,11.294818,2.37378,9.2342,9.612,0.041,9.429,0.003,8.613,0.029,7.956,0.033,7.123,0.023,9.37062,0.000938,9.48856,0.003058,9.19164,0.002106,6.54,0.071,5.773,0.045,3.405,0.014,1.598,0.019,OSFC,10.0,roquette25,8386.0,2.68253,2.07
200525297,,83.082862,9.740086,,14.082,17.488,0.242,16.467,0.195,12.49,0.024,11.739,0.023,11.433,0.024,,,,,,,11.072,0.024,10.59,0.021,9.083,0.034,7.994,0.23,OSFC,10.0,roquette25,,,
436104300,3.3397097770202307e+18,83.82533633,10.39734556,2.44614,15.1153,19.463,0.162,17.51,0.0522,13.315,0.026,12.583,0.026,12.334,0.021,16.2681,0.002645,17.7046,0.025733,15.0656,0.007668,12.245,0.024,12.079,0.023,10.899,0.135,8.805,0.439,OSFC,10.0,roquette25,3540.0,0.921389,0.48
436098571,3.33799017519336e+18,83.76715,9.86543,0.568444,12.0432,14.602,0.027,13.329,0.103,10.796,0.027,10.169,0.026,9.968,0.021,12.8556,0.000538,13.6162,0.002251,12.0136,0.000862,9.865,0.023,9.91,0.021,9.852,0.057,8.897,0.503,OSFC,10.0,roquette25,4728.92,9.3263,
284997112,3.339113532479419e+18,82.51369166666667,11.058447222222222,2.45573,13.4028,16.418,0.0,15.233,0.137,11.852,0.023,11.096,0.028,10.898,0.025,14.3837,0.003239,15.4347,0.016246,13.349,0.00833,10.773,0.023,10.685,0.021,10.668,0.1,8.504,,OSFC,10.0,roquette25,3940.0,1.57386,
436013399,3.3380100351221064e+18,83.66591666666666,10.106177777777775,2.52138,14.0856,17.128,0.0,16.115,0.263,12.366,0.024,11.663,0.023,11.429,0.019,15.0866,0.005475,16.2139,0.024986,14.0186,0.013864,11.324,0.023,11.265,0.02,11.355,0.236,8.929,,OSFC,10.0,roquette25,3776.0,1.1542,0.572
436155592,3.337934611199944e+18,84.002375,9.710597222222225,2.55382,15.6509,,,,,13.663,0.026,13.088,0.025,12.72,0.024,17.1362,0.003442,18.9165,0.100538,15.7577,0.004467,12.509,0.023,12.275,0.024,11.373,0.176,8.506,,OSFC,10.0,roquette25,3109.0,0.654979,0.630845
426185795,3.337975052612088e+18,83.39203,9.81296,0.407476,12.3536,15.043,0.034,13.623,0.092,11.066,0.022,10.421,0.028,10.242,0.025,13.191,0.000398,13.9953,0.001959,12.32,0.001058,10.132,0.023,10.21,0.02,10.051,0.06,8.237,,OSFC,10.0,roquette25,4535.0,11.2473,
716186275,3.340757336723645e+18,83.278045,11.779539,1.26379,14.3471,,,15.247,0.0459,,,,,,,14.9689,0.001021,15.492,0.004339,14.2852,0.002977,,,,,,,,,OSFC,10.0,roquette25,5262.0,1.02128,0.901
436099200,3.337990553150462e+18,83.82983333333333,9.911638889,2.51428,15.6101,,,18.1536,0.0609,13.756,0.029,13.066,0.029,12.663,0.03,16.9625,0.004263,18.2552,0.042081,15.672,0.013644,12.332,0.093,11.785,0.063,9.75,0.072,6.98,0.099,OSFC,10.0,roquette25,3388.0,0.671939,0.643327
144667034,3.3363966048879565e+18,84.788411,9.425038,2.53475,12.1166,13.699,0.114,13.455,0.092,11.25,0.024,10.257,0.023,9.314,0.019,12.6759,0.018587,13.1342,0.062027,12.0548,0.052319,8.336,0.023,7.679,0.02,5.478,0.014,3.484,0.022,OSFC,10.0,roquette25,5428.0,1.29123,0.946
144666533,3.3364504465978916e+18,84.813388,9.834561,2.43216,10.9922,12.364,0.303,11.88,0.021,10.023,0.022,9.433,0.025,9.028,0.021,11.5617,0.001766,12.0359,0.006907,10.9389,0.005184,8.593,0.025,8.296,0.02,6.001,0.016,3.822,0.023,OSFC,10.0,roquette25,5642.0,2.24688,1.0
200591764,3.3361432705370486e+18,85.398421,9.130857,,12.6232,15.233,0.168,13.748,0.114,11.157,0.022,10.382,0.021,10.031,0.021,13.4373,0.004035,14.2408,0.017274,12.5388,0.011194,9.621,0.022,9.232,0.021,6.82,0.016,4.479,0.026,OSFC,10.0,roquette25,,,
436105136,3.3379864944056207e+18,83.81387499999998,9.810361111111112,2.66023,15.4154,20.272,0.163,,,13.634,0.029,13.005,0.03,12.725,0.027,16.7959,0.001329,18.4406,0.017806,15.505,0.003628,12.545,0.024,12.3,0.024,10.262,0.073,8.256,0.303,OSFC,10.0,roquette25,3214.0,0.636305,0.616757
436098588,3.337993061411361e+18,83.80704166666665,9.941333333333334,2.47732,13.6144,,,15.655,0.16,12.019,0.026,11.316,0.024,11.067,0.021,14.6265,0.004311,15.7693,0.019847,13.5611,0.010226,10.926,0.023,10.868,0.02,10.608,0.123,8.696,,OSFC,10.0,roquette25,3796.0,1.48203,
436016978,3.3380047394251156e+18,83.70112499999999,9.998508333333334,2.39144,16.0937,,,,,14.221,0.032,13.536,0.032,13.338,0.039,17.567,0.003053,19.3601,0.035271,16.2004,0.007443,13.131,0.026,12.927,0.027,12.468,0.494,8.752,,OSFC,10.0,roquette25,3108.0,0.569037,0.56206
156352914,3.335252180785374e+18,86.750758,8.349654,,15.19,18.094,0.165,17.5972,0.0716,12.852,0.024,12.147,0.023,11.775,0.024,16.3169,0.01286,17.5885,0.05644,14.9082,0.009091,11.305,0.023,10.722,0.02,8.552,0.03,6.632,0.076,OSFC,10.0,roquette25,,,
436103270,3.3379904844309857e+18,83.84234,9.89963,2.54203,14.8142,14.257,0.065,16.485,1.133,13.083,0.027,12.38,0.027,12.137,0.024,15.9096,0.003193,17.1636,0.024499,14.748,0.007287,12.016,0.024,11.882,0.022,11.657,0.273,8.847,,OSFC,10.0,roquette25,3715.0,0.936527,0.55
436340120,3.339440667251984e+18,84.29245833333333,9.924163888888891,2.27436,14.5967,,,16.8523,0.0537,12.857,0.024,12.081,0.022,11.768,0.024,15.7472,0.005074,17.0586,0.028431,14.5726,0.013823,11.489,0.023,11.047,0.021,9.56,0.062,8.016,0.25,OSFC,10.0,roquette25,3789.0,1.25338,0.576
436013312,3.337980378372146e+18,83.70524,9.77358,,13.6804,16.512,0.023,15.196,0.217,12.257,0.026,11.557,0.027,11.422,0.027,14.5167,0.000672,15.3658,0.002395,13.6041,0.001649,11.294,0.023,11.357,0.022,11.018,0.156,8.622,,OSFC,10.0,roquette25,,,
436153910,3.3379402848534625e+18,83.990375,9.792875,,13.7482,17.009,0.155,15.634,0.195,12.221,0.027,11.471,0.022,11.29,0.024,14.7113,0.002262,15.7903,0.016947,13.6629,0.00636,11.156,0.023,11.089,0.021,10.903,0.142,8.456,,OSFC,10.0,roquette25,,,
302671939,3.3408940884809344e+18,82.49025416666666,12.20195277777778,2.40815,13.5778,17.201,0.164,15.058,0.194,11.892,0.02,11.034,0.019,10.659,0.018,14.5621,0.014816,15.6141,0.053318,13.5393,0.047518,10.194,0.023,9.773,0.02,8.371,0.025,6.735,0.092,OSFC,10.0,roquette25,3971.0,1.50843,
436105909,3.337992060683596e+18,83.85087499999999,9.920816666666669,2.53082,16.4856,16.963,0.071,,,14.564,0.033,13.913,0.029,13.613,0.048,17.9765,0.002943,19.3883,0.059123,16.5657,0.011496,13.477,0.027,13.259,0.03,12.128,,8.83,,OSFC,10.0,roquette25,3268.0,0.505986,0.50394
436106075,3.337990411416372e+18,83.80241666666666,9.886333333333331,,15.0362,,,17.4839,0.0488,12.887,0.027,12.196,0.029,11.932,0.026,16.1721,0.006649,17.4424,0.013031,14.7286,0.009616,11.632,0.023,11.387,0.02,10.404,0.093,8.676,0.529,OSFC,10.0,roquette25,,,
436103177,3.337925441446573e+18,83.84782,9.52209,0.331762,11.8238,14.643,0.071,13.089,0.103,10.519,0.024,9.834,0.023,9.685,0.021,12.6622,0.000315,13.4735,0.002057,11.7917,0.000951,9.554,0.024,9.634,0.02,9.451,0.046,8.338,,OSFC,10.0,roquette25,4495.0,17.1957,
436014563,3.3342576080948634e+18,83.525535,7.73778,,14.9829,,,17.3275,0.0519,12.667,0.029,11.917,0.023,11.652,0.024,16.0957,0.007109,17.0386,0.023533,14.4106,0.009558,11.325,0.023,10.865,0.021,9.051,0.032,7.889,0.208,OSFC,10.0,roquette25,,,
435934723,3.337999624121448e+18,83.446875,9.927430555555556,2.82367,12.6488,15.381,0.024,14.118,0.126,11.297,0.022,10.595,0.022,10.426,0.021,13.4922,0.002944,14.3176,0.012243,12.597,0.009519,10.325,0.023,10.268,0.022,10.117,0.069,8.383,,OSFC,10.0,roquette25,4281.0,1.57138,
156352864,3.335253387670628e+18,86.687498,8.383926,,12.1818,,,13.482,0.0502,10.33,0.026,9.585,0.025,9.106,0.023,12.9783,0.013949,13.4356,0.019945,11.78,0.015803,8.523,0.024,7.943,0.02,5.979,0.017,4.217,0.025,OSFC,10.0,roquette25,,,
436153923,3.3379408346092605e+18,84.01745603,9.831932199,2.43144,9.114,9.065,0.045,9.088,0.004,8.993,0.023,9.085,0.022,9.026,0.021,9.05073,0.000742,9.06104,0.001809,9.04441,0.002125,9.021,0.023,9.054,0.019,8.965,0.035,8.02,0.259,OSFC,10.0,roquette25,,,
436248325,3.33791860385855e+18,84.22945,9.59528,0.631298,11.4533,14.08,0.037,12.599,0.057,10.252,0.023,9.653,0.022,9.471,0.021,12.2398,0.000253,12.9854,0.001712,11.4186,0.001164,9.333,0.024,9.438,0.02,9.364,0.042,8.453,,OSFC,10.0,roquette25,4666.49,10.0474,
302761997,3.340972875361056e+18,82.862248,12.172361,,14.5797,,,,,11.956,0.022,11.249,0.02,10.887,0.018,15.9452,0.003203,18.207,0.016524,14.4647,0.010326,10.591,0.023,10.215,0.02,8.11,0.075,5.388,0.075,OSFC,10.0,roquette25,,,
715672385,3.3341340461792266e+18,82.548961,7.247995,1.57323,13.192,,,13.8249,0.0496,,,,,,,13.6612,0.009289,13.8124,0.034086,12.9135,0.0394,,,,,,,,,OSFC,10.0,roquette25,,,
436251608,3.337919565931446e+18,84.13865,9.5543,2.37866,15.4601,19.658,0.163,,,13.613,0.028,12.997,0.035,12.748,0.03,16.8452,0.001779,18.5802,0.041096,15.5565,0.003984,12.6,0.025,12.386,0.024,12.086,0.382,8.939,,OSFC,10.0,roquette25,3172.0,0.67892,0.648393
144731880,3.333741421745146e+18,85.199341,7.748694,1.47397,14.1256,,,15.1473,0.0495,12.648,0.032,12.206,0.044,12.061,0.035,14.8019,0.000603,15.1996,0.021391,13.8435,0.032845,11.774,0.024,11.807,0.023,11.871,0.318,8.896,,OSFC,10.0,roquette25,,,
436009196,3.340691743983337e+18,83.5258255,11.58823204,2.52116,13.4167,16.159,0.168,14.903,0.069,11.961,0.024,11.252,0.024,11.118,0.024,14.331,0.008046,15.2711,0.031347,13.3667,0.025529,11.04,0.023,10.981,0.02,10.655,0.102,8.569,,OSFC,10.0,roquette25,4034.0,1.44415,
200524048,3.3347270265465795e+18,83.087651,8.373328,0.634842,13.6052,,,14.2048,0.0494,12.297,0.024,12.065,0.027,11.996,0.028,14.054,0.000609,14.2235,0.049772,13.3662,0.035029,11.848,0.023,11.889,0.023,12.171,0.416,8.817,,OSFC,10.0,roquette25,6458.56,,
200542756,3.337740895291638e+18,83.178895,8.64849,-0.0247303,13.6097,15.105,0.074,14.071,0.172,12.201,0.028,11.716,0.025,11.646,0.03,14.2472,0.000539,14.5251,0.023663,13.2599,0.023776,11.506,0.023,11.572,0.022,11.426,0.238,8.686,,OSFC,10.0,roquette25,5286.1,,
284201075,3.3348028284237143e+18,84.372989,8.767381,,14.8593,18.865,0.162,17.3272,0.0509,12.672,0.024,12.026,0.023,11.741,0.024,15.9996,0.007114,17.265,0.017635,14.5345,0.013153,11.575,0.023,11.412,0.022,11.367,0.189,9.088,,OSFC,10.0,roquette25,,,
156501683,3.3353659501756114e+18,87.219566,8.800533,1.42383,14.5385,16.332,0.146,14.943,0.172,12.844,0.035,12.283,0.038,12.143,0.03,15.2627,0.000873,15.6721,0.045274,14.2002,0.041214,11.913,0.024,11.918,0.023,11.883,0.323,8.473,,OSFC,10.0,roquette25,,,
156194622,3.336186907405326e+18,86.361787,9.097385,1.28351,14.8538,17.639,0.017,15.837,0.16,12.896,0.032,12.147,0.036,11.915,0.03,15.8379,0.001006,16.7055,0.014069,14.7227,0.01954,11.559,0.024,11.578,0.022,11.664,0.312,8.943,,OSFC,10.0,roquette25,4404.0,,
80567398,3.335458584029919e+18,87.276963,9.348422,4.48765,14.2772,17.025,0.163,15.644,0.103,12.357,0.03,11.714,0.034,11.482,0.026,15.2189,0.000599,15.8769,0.021669,13.8143,0.017971,11.19,0.023,11.117,0.021,11.217,0.153,8.998,0.516,OSFC,10.0,roquette25,,,
436011338,3.337983612483353e+18,83.68316666666666,9.809919444444446,2.55476,15.5522,,,,,13.384,0.027,12.774,0.027,12.425,0.027,16.9212,0.001948,18.8586,0.035138,15.5341,0.004702,12.268,0.024,12.012,0.022,11.969,0.363,8.778,,OSFC,10.0,roquette25,3194.0,,
715857677,3.336248239538103e+18,86.744838,9.701188,0.277019,13.8304,,,14.8722,0.0508,,,,,,,14.5161,0.004586,14.9813,0.029406,13.6029,0.032926,,,,,,,,,OSFC,10.0,roquette25,,,
436098525,3.3379917858046694e+18,83.7425,9.940944444444446,1.87841,9.1516,9.292,0.047,9.204,0.004,8.909,0.029,8.828,0.033,8.772,0.024,9.15242,0.000592,9.20256,0.001969,9.06502,0.001891,8.751,0.026,8.785,0.025,8.741,0.031,8.572,0.499,OSFC,10.0,roquette25,,,
200515778,3.338283572999228e+18,82.770118,10.582223,0.393256,14.4488,16.051,0.077,14.928,0.343,12.698,0.029,12.11,0.028,11.962,0.029,15.2008,0.000518,15.7711,0.041001,14.2299,0.040145,11.844,0.024,11.9,0.023,12.079,0.419,8.704,,OSFC,10.0,roquette25,4992.81,,
436008821,3.339731904691511e+18,83.58404,10.650051,2.28289,14.3846,,,16.4755,0.0585,12.797,0.024,12.118,0.024,11.893,0.027,15.4622,0.007918,16.7188,0.037161,14.3409,0.021027,11.701,0.025,11.586,0.022,11.354,0.191,8.481,,OSFC,10.0,roquette25,3719.0,1.23743,0.55
284286119,3.3369759100771686e+18,85.976697,10.787487,1.508,13.7578,15.974,-0.042,14.952,0.229,12.497,0.024,12.019,0.023,11.83,0.027,14.5099,0.012888,15.1715,0.04857,13.7062,0.04028,11.839,0.027,11.804,0.025,11.496,0.218,9.069,,OSFC,10.0,roquette25,5263.0,1.35741,0.9
436008548,3.3379828565691233e+18,83.60681,9.79942,0.436938,13.2315,15.778,0.025,14.538,0.172,11.968,0.023,11.312,0.024,11.156,0.019,14.0471,0.000369,14.8128,0.002998,13.1943,0.001517,11.051,0.023,11.104,0.022,10.942,0.137,8.747,,OSFC,10.0,roquette25,4681.0,6.69539,
200525125,3.337960935056168e+18,83.133546,9.54737,,12.6885,,,14.0719,0.0488,10.82,0.022,10.136,0.023,9.864,0.021,13.5172,0.006097,14.1769,0.02046,12.4356,0.015426,9.638,0.023,9.421,0.02,8.143,0.022,6.313,0.057,OSFC,10.0,roquette25,,,
144773542,3.3396808804773827e+18,85.24327,11.127434,0.588413,14.4122,16.073,0.046,15.059,0.103,12.735,0.029,12.235,0.035,12.128,0.034,15.0833,0.001415,15.482,0.041964,14.1382,0.041955,11.821,0.023,11.862,0.023,11.75,0.316,8.745,,OSFC,10.0,roquette25,,,
156289230,3.3370204402978166e+18,86.583705,11.24387,1.98612,14.1093,16.535,0.313,15.359,0.273,12.741,0.024,12.165,0.022,12.024,0.024,14.8473,0.017825,15.5173,0.061372,14.0638,0.054596,12.03,0.024,12.051,0.022,12.583,0.516,8.945,,OSFC,10.0,roquette25,4849.0,0.907086,0.788
200511885,3.3406432967493443e+18,82.569552,11.506129,4.0555,13.7396,16.106,0.019,14.69,0.16,11.636,0.025,10.952,0.024,10.79,0.022,14.6826,0.002859,15.3269,0.051849,13.2604,0.056231,10.679,0.023,10.676,0.021,10.246,0.075,8.296,,OSFC,10.0,roquette25,,,
436159490,3.337940147414482e+18,84.06845833333334,9.837894444444446,1.96635,16.1115,19.718,0.167,,,14.227,0.041,13.593,0.053,13.286,0.04,17.5432,0.002334,19.2061,0.036032,16.2057,0.005816,12.954,0.025,12.817,0.027,11.698,,8.886,,OSFC,10.0,roquette25,3183.0,0.657118,0.632435
436103837,3.340739847614598e+18,83.810387,11.952699,0.42113,13.4645,14.115,0.036,13.544,0.332,12.646,0.038,12.299,0.038,12.27,0.033,13.8806,0.000462,14.0649,0.025262,13.2733,0.027328,12.026,0.024,12.058,0.024,12.177,0.458,8.773,,OSFC,10.0,roquette25,,,
200612669,3.340312717411152e+18,85.582085,12.029681,8.93681,13.5301,16.613,0.052,15.065,0.038,11.186,0.023,10.571,0.018,10.339,0.017,14.6286,0.001572,15.7119,0.048866,13.1355,0.036571,10.245,0.023,10.133,0.019,10.038,0.061,9.029,,OSFC,10.0,roquette25,,,
247464427,3.340409203855013e+18,85.692929,12.166304,,14.0267,15.711,0.077,14.538,0.092,12.256,0.023,11.695,0.019,11.59,0.021,14.718,0.000892,14.9832,0.054103,13.5913,0.040657,11.41,0.023,11.458,0.022,11.431,0.194,8.699,,OSFC,10.0,roquette25,,,
156194621,3.3360938268738586e+18,86.33981666666666,9.095913889,2.70379,14.0973,19.065,0.162,16.57,0.206,12.149,0.022,11.316,0.023,11.052,0.023,15.3496,0.002249,16.9345,0.010937,14.1077,0.005927,10.936,0.023,10.83,0.021,10.583,0.127,8.763,,OSFC,10.0,roquette25,3555.0,1.53761,
436158912,3.339497536915669e+18,83.95589,10.12503,0.451044,11.7111,14.22,0.042,12.991,0.069,10.473,0.023,9.885,0.022,9.699,0.019,12.5127,0.000283,13.2632,0.002465,11.6798,0.001222,9.592,0.023,9.65,0.021,9.587,0.052,8.926,0.54,OSFC,10.0,roquette25,4983.65,11.3389,
436103285,3.337991858820523e+18,83.77451,9.94823,1.07906,11.9086,,,12.896,0.092,10.828,0.026,10.361,0.024,10.202,0.021,12.6027,0.000386,13.2141,0.002196,11.8586,0.001499,10.032,0.023,10.05,0.02,10.156,0.067,8.845,,OSFC,10.0,roquette25,5090.0,4.14327,
436153976,3.3394905919530496e+18,83.98274999999998,9.939425,2.493,14.6028,18.846,0.163,16.839,0.446,13.011,0.024,12.237,0.025,11.94,0.024,15.7136,0.002806,16.9896,0.008067,14.5874,0.009583,11.016,0.023,10.647,0.02,9.64,0.046,8.102,0.268,OSFC,10.0,roquette25,3800.0,1.07767,0.579
716012225,3.338190423747113e+18,83.44966666666667,10.027672222222222,1.96771,16.3668,,,18.1065,0.06,,,,,,,17.3435,0.001697,18.2641,0.049439,16.2093,0.020974,,,,,,,,,OSFC,10.0,roquette25,3978.0,,
200591659,3.336133645512957e+18,85.344128,9.029033,,14.4911,17.793,0.0,16.886,1.133,12.524,0.022,11.811,0.023,11.499,0.024,15.5949,0.006234,16.8779,0.012897,14.2825,0.012898,11.075,0.023,10.644,0.021,8.322,0.024,5.96,0.046,OSFC,10.0,roquette25,,,
436154435,3.3395103144426045e+18,83.96979,10.21576,2.44979,15.5293,19.864,0.162,,,13.705,0.023,13.054,0.035,12.798,0.03,16.909,0.001321,18.5529,0.031178,15.6186,0.003977,12.685,0.024,12.477,0.025,12.432,,8.764,,OSFC,10.0,roquette25,3214.0,0.655954,0.63157
436008671,3.338199975755944e+18,83.55084,10.1919,0.295371,12.9463,15.592,0.028,14.282,0.114,11.638,0.024,10.974,0.026,10.804,0.019,13.7785,0.000398,14.574,0.001904,12.9115,0.001129,10.704,0.023,10.773,0.02,10.702,0.117,9.021,,OSFC,10.0,roquette25,4559.0,11.2135,
436010403,3.338003639915443e+18,83.73191666666668,9.965944444444444,2.666,15.4517,,,18.0737,0.0603,13.708,0.032,12.959,0.026,12.735,0.035,16.7871,0.001994,18.2089,0.041678,15.5218,0.002919,12.592,0.025,12.416,0.026,11.492,0.238,8.533,,OSFC,10.0,roquette25,3335.0,0.634075,0.615047
436248322,3.337916885871639e+18,84.21704166666667,9.567480555555557,2.45,12.0684,14.447,0.064,13.016,0.069,10.809,0.023,10.212,0.022,10.046,0.021,12.8335,0.003263,13.5516,0.011763,12.0221,0.008654,9.991,0.023,9.976,0.02,9.858,0.054,8.285,,OSFC,10.0,roquette25,4225.94,2.55296,
144545805,3.339431531858616e+18,84.585978,9.904103,2.64533,15.2889,17.059,0.128,16.097,0.116,13.576,0.039,12.897,0.036,12.694,0.038,16.6125,0.001606,18.1592,0.020314,15.3673,0.002609,12.167,0.024,11.817,0.023,10.371,0.079,8.433,0.354,OSFC,10.0,roquette25,3283.0,0.643945,0.622569
436013336,3.337997047141047e+18,83.65104166666667,9.895713888888888,,13.8975,18.771,0.162,16.131,0.126,12.046,0.028,11.324,0.024,11.092,0.025,14.938,0.003882,16.1481,0.010539,13.7727,0.005147,10.988,0.025,10.87,0.022,10.469,0.085,8.593,,OSFC,10.0,roquette25,,,
435931726,3.338190866128763e+18,83.46018,10.072459,3.75109,9.79065,10.617,0.081,10.188,0.006,9.232,0.03,9.021,0.03,8.894,0.024,10.104,0.000727,10.2799,0.011024,9.67931,0.01367,8.779,0.023,8.803,0.02,8.746,0.03,7.989,0.218,OSFC,10.0,roquette25,6898.0,1.6709,1.501
436155716,3.337940800247409e+18,83.98204166666665,9.84815,,15.0865,19.568,0.162,,,12.732,0.026,12.097,0.031,11.827,0.026,16.3272,0.024502,17.8663,0.028244,14.7278,0.019129,11.654,0.023,11.455,0.021,11.602,0.287,8.755,,OSFC,10.0,roquette25,,,
284998019,3.33824426545864e+18,82.4878375,10.22849444,2.48456,15.0761,19.664,0.163,17.4171,0.0495,13.492,0.028,12.738,0.031,12.55,0.028,16.295,0.001396,17.6379,0.020915,15.1324,0.004213,12.437,0.024,12.314,0.025,12.367,,9.072,,OSFC,10.0,roquette25,3429.0,0.698253,0.662248
284158454,3.338237938970284e+18,82.71753563,10.24636467,2.5746,14.5918,,,16.9003,0.0477,12.855,0.024,12.161,0.022,11.938,0.021,15.7383,0.001763,17.1109,0.013485,14.5601,0.005325,11.792,0.023,11.685,0.022,11.958,0.35,8.636,,OSFC,10.0,roquette25,3660.0,1.09788,0.53
436105809,3.3379866361403054e+18,83.83333333333333,9.8185,2.5794,15.3886,20.563,0.163,17.973,0.075,13.598,0.03,12.961,0.03,12.663,0.029,16.7191,0.001373,18.108,0.063961,15.456,0.003333,12.581,0.024,12.4,0.025,11.912,0.282,8.52,,OSFC,10.0,roquette25,3353.0,0.660782,0.635146
284158449,3.3382379432667397e+18,82.73410749,10.24998325,2.54514,11.6157,13.631,0.033,12.589,0.046,10.502,0.027,9.877,0.025,9.699,0.024,12.3407,0.001966,12.9958,0.008112,11.5701,0.005306,9.629,0.023,9.626,0.02,9.588,0.049,8.719,,OSFC,10.0,roquette25,4887.0,2.18997,
284994534,3.339007292168549e+18,82.39314698,10.44814407,2.42955,13.8873,16.708,0.14,15.325,0.137,12.547,0.023,11.825,0.03,11.658,0.022,14.7909,0.002082,15.7172,0.008483,13.848,0.005418,11.562,0.024,11.565,0.021,11.511,0.238,8.245,,OSFC,10.0,roquette25,4092.0,1.17953,0.64
200478574,3.339033401273497e+18,82.58970806,10.58381482,2.49833,15.3133,20.073,0.163,,,13.525,0.029,12.853,0.029,12.558,0.031,16.6939,0.003363,18.3605,0.028329,15.4045,0.014108,12.448,0.023,12.241,0.025,11.695,,9.044,,OSFC,10.0,roquette25,3204.0,0.694224,0.659378
200526171,3.339789835210157e+18,83.133683,10.738312,2.41627,14.6781,16.757,0.0,16.177,0.08,12.856,0.025,12.084,0.026,11.501,0.025,15.7175,0.015932,16.863,0.08739,14.6027,0.033258,11.249,0.023,10.825,0.021,9.122,0.034,6.633,0.088,OSFC,10.0,roquette25,3800.0,0.968861,0.58
200511734,3.3406232993837906e+18,82.57927823,11.33888044,2.31321,9.8671,10.334,0.068,10.18,0.006,9.316,0.025,8.733,0.024,8.053,0.034,10.0221,0.001141,10.1444,0.002111,9.80809,0.002217,6.978,0.047,6.456,0.023,3.99,0.015,2.314,0.021,OSFC,10.0,roquette25,8466.0,2.11247,2.1
200511755,3.340623574261696e+18,82.56875473,11.35531511,2.56425,14.3951,18.215,0.165,16.42,0.149,12.76,0.029,12.027,0.027,11.798,0.03,15.4458,0.003021,16.6495,0.012984,14.3487,0.008015,11.714,0.023,11.641,0.021,11.951,,8.755,,OSFC,10.0,roquette25,3762.0,1.05747,0.568
436013947,3.34069129730674e+18,83.54984719,11.5546402,2.60749,13.8466,17.592,0.165,15.697,0.003,12.363,0.024,11.634,0.026,11.395,0.021,14.8407,0.003415,15.9312,0.013807,13.8161,0.008815,11.159,0.022,11.025,0.02,10.074,0.079,6.323,0.058,OSFC,10.0,roquette25,3934.0,1.22972,0.612
436154409,3.337992992691864e+18,83.87516666666667,9.990511111111111,2.55895,15.8877,,,,,13.804,0.023,13.196,0.022,12.891,0.033,17.4209,0.00267,19.4796,0.080427,16.018,0.005208,12.735,0.024,12.483,0.025,11.968,,9.003,,OSFC,10.0,roquette25,2980.0,0.623424,0.606794
436103259,3.3379870785214945e+18,83.83148,9.84449,0.439739,12.2722,14.942,0.037,13.581,0.114,10.974,0.024,10.333,0.024,10.118,0.021,13.1193,0.00049,13.9248,0.00204,12.243,0.001181,10.001,0.023,10.083,0.021,9.804,0.057,8.404,0.312,OSFC,10.0,roquette25,4817.12,9.9821,
200526666,3.3405739931591414e+18,83.0339169,11.24289222,2.45779,9.0532,9.022,0.033,9.007,0.003,9.007,0.021,9.032,0.021,9.024,0.022,9.00545,0.000667,9.01396,0.002189,9.01079,0.003236,9.005,0.023,9.044,0.021,9.026,0.034,8.424,0.315,OSFC,10.0,roquette25,12005.0,,
200588404,3.340588802206565e+18,83.28880674,11.381839,2.52548,14.8648,18.947,0.163,16.876,0.275,13.099,0.024,12.349,0.024,12.111,0.028,15.9899,0.007971,17.3157,0.034127,14.7833,0.02067,11.945,0.023,11.745,0.023,10.578,0.105,6.89,0.103,OSFC,10.0,roquette25,3622.0,0.955935,0.518
284996091,3.3408556055742095e+18,82.34975927,11.86592708,,11.0779,,,12.2509,0.0483,9.422,0.025,8.669,0.032,8.043,0.027,11.822,0.004655,12.3616,0.020355,10.8402,0.018184,7.465,0.032,7.04,0.02,5.199,0.015,3.527,0.024,OSFC,10.0,roquette25,,,
302761632,3.3408783817852216e+18,82.75485502,12.09684187,2.45454,7.71237,7.482,0.0,7.59,0.03,7.756,0.024,7.825,0.016,7.833,0.021,7.56234,0.000744,7.5194,0.001806,7.67684,0.002913,7.744,0.028,7.774,0.017,7.778,0.024,7.185,0.164,OSFC,10.0,roquette25,15972.0,,
200526667,3.3405747490733906e+18,83.01476288,11.24400425,2.48139,8.7,8.793,0.031,8.742,0.003,8.562,0.023,8.595,0.023,8.554,0.02,8.70778,0.000303,8.74799,0.001473,8.65991,0.001862,8.527,0.023,8.556,0.02,8.573,0.027,8.722,0.45,OSFC,10.0,roquette25,10130.0,2.70261,2.6
716010694,3.33817042638134e+18,82.76103515,9.791227302,2.44095,14.1393,,,15.8097,0.0482,,,,,,,15.08,0.003032,16.0534,0.011662,14.0455,0.017145,,,,,,,,,OSFC,10.0,roquette25,3936.0,,
200518711,3.3382112801100104e+18,83.00924056,10.23408295,2.51045,15.0574,19.365,0.162,16.883,1.133,13.168,0.025,12.405,0.024,12.142,0.029,16.1634,0.014335,17.4913,0.043503,14.9754,0.04099,12.019,0.023,11.846,0.023,11.413,0.186,8.397,,OSFC,10.0,roquette25,3587.0,0.858332,0.5
200478350,3.33825120612576e+18,82.60293703,10.30885126,2.4502,13.6494,16.81,0.167,15.048,0.103,12.253,0.027,11.561,0.023,11.354,0.026,14.5519,0.005713,15.4732,0.021378,13.6002,0.014061,11.236,0.025,11.181,0.021,10.964,0.143,8.415,,OSFC,10.0,roquette25,4066.0,1.30928,0.64
284913209,3.338999595587301e+18,82.34529093,10.33303126,2.53796,12.0172,14.432,0.091,13.266,0.08,10.696,0.024,10.061,0.031,9.867,0.023,12.8082,0.003539,13.5382,0.011088,11.956,0.008463,9.752,0.022,9.699,0.02,9.694,0.051,8.27,,OSFC,10.0,roquette25,4544.0,2.09409,
436153171,3.334449335435075e+18,84.02888422,7.788564205,2.57577,14.8938,19.048,0.163,16.792,1.133,13.184,0.024,12.509,0.023,12.244,0.024,16.0099,0.00276,17.3887,0.017651,14.8449,0.007639,12.157,0.024,12.014,0.023,11.376,0.203,8.939,,OSFC,10.0,roquette25,3575.0,0.916153,0.497
144610660,3.33441390624743e+18,84.53597975,7.892149574,2.43199,10.9026,12.497,0.041,11.642,0.046,10.228,0.021,9.857,0.026,9.7,0.021,11.4284,0.002794,11.8622,0.011027,10.8528,0.007593,9.62,0.023,9.631,0.02,9.637,0.047,8.451,0.353,OSFC,10.0,roquette25,5761.15,2.22639,1.03
436103239,3.3379805544666327e+18,83.78269,9.76537,0.406478,12.2459,14.63,0.018,13.421,0.092,11.05,0.024,10.469,0.022,10.31,0.021,13.019,0.000484,13.73,0.001477,12.2049,0.001148,10.22,0.023,10.277,0.021,10.189,0.067,8.788,,OSFC,10.0,roquette25,4816.0,10.4116,
436153149,3.334454828697446e+18,83.89539958,7.902619238,2.48804,13.9604,16.775,0.0,15.47,0.195,12.558,0.024,11.838,0.026,11.625,0.023,14.8892,0.00159,15.8449,0.007844,13.9015,0.004588,11.527,0.024,11.522,0.021,11.16,0.187,8.76,,OSFC,10.0,roquette25,4006.0,,
284201369,3.3347773635608166e+18,84.44652611,8.511654821,2.58122,14.697,18.961,0.163,16.675,1.133,12.873,0.027,12.185,0.023,11.948,0.023,15.8848,0.001152,17.4911,0.015352,14.6492,0.002241,11.804,0.022,11.649,0.022,12.128,0.406,8.434,,OSFC,10.0,roquette25,3338.0,1.1693,0.36
284201242,3.334782315659932e+18,84.3959956,8.629189681,2.46642,13.6375,16.919,0.073,15.266,0.08,12.279,0.024,11.595,0.023,11.349,0.021,14.5831,0.00472,15.5781,0.015472,13.5998,0.013508,11.273,0.024,11.22,0.021,11.179,0.169,8.859,,OSFC,10.0,roquette25,4002.0,1.3881,
436008174,3.334754037594765e+18,83.73977498,8.683272471,2.6094,14.3965,18.08,0.0,16.321,0.057,12.807,0.023,12.076,0.022,11.858,0.019,15.4587,0.001347,16.6867,0.009259,14.3572,0.003353,11.78,0.024,11.708,0.022,12.202,0.445,8.803,,OSFC,10.0,roquette25,3751.0,1.055,0.56
284201092,3.33480169455235e+18,84.37617694,8.753288771,2.53648,14.4889,18.97,0.162,,,12.629,0.024,11.935,0.022,11.722,0.021,15.7018,0.001978,17.3072,0.012124,14.471,0.005855,11.63,0.023,11.467,0.021,11.201,0.216,8.833,,OSFC,10.0,roquette25,3418.0,1.32616,
436103047,3.334768395668521e+18,83.77891559,8.802837064,2.50288,11.776,13.952,0.098,12.812,0.08,10.87,0.026,10.27,0.024,10.127,0.021,12.4382,0.002497,13.0218,0.009419,11.7258,0.006874,10.107,0.023,10.09,0.02,10.082,0.061,8.549,0.357,OSFC,10.0,roquette25,4993.0,1.86083,
436153512,3.3348497981859077e+18,83.9475888,8.810116158,2.45662,10.5206,11.791,0.166,11.027,0.012,9.817,0.026,9.459,0.022,9.362,0.019,11.0229,0.001073,11.4376,0.002936,10.4746,0.002037,9.304,0.023,9.315,0.021,8.825,0.028,7.073,0.107,OSFC,10.0,roquette25,6073.0,2.43185,1.135
284200901,3.3348084247635374e+18,84.41807281,8.908627966,2.48184,14.6158,18.521,0.164,16.649,0.092,13.004,0.024,12.309,0.022,12.073,0.023,15.6882,0.002566,16.9114,0.021899,14.5667,0.007689,11.974,0.024,11.89,0.022,11.951,0.347,8.83,,OSFC,10.0,roquette25,3761.0,1.01812,0.57
144776276,3.3361301451172854e+18,85.30293021,8.910261666,2.59504,13.7455,17.278,0.061,16.013,0.217,12.112,0.023,11.394,0.027,11.148,0.025,14.8325,0.000909,16.1269,0.003566,13.7004,0.004836,11.053,0.023,10.958,0.02,10.686,0.1,8.724,,OSFC,10.0,roquette25,3671.0,1.47566,
436154859,3.3348636752243543e+18,83.86709641,8.922829032,2.58624,15.0158,18.941,0.164,,,13.171,0.032,12.523,0.027,12.213,0.03,16.2729,0.001261,17.9773,0.010448,14.9955,0.002298,12.07,0.023,11.873,0.023,11.343,0.199,9.006,,OSFC,10.0,roquette25,3335.0,1.11346,0.36
144667646,3.3348176031111306e+18,84.75970475,8.93676689,2.40557,10.6692,12.334,0.276,11.549,0.02,9.744,0.024,9.157,0.024,8.736,0.021,11.229,0.0073,11.6963,0.02838,10.6164,0.019665,8.31,0.022,8.104,0.02,6.517,0.017,4.116,0.025,OSFC,10.0,roquette25,5655.35,2.44487,1.0
436337043,3.3348563222386586e+18,84.32106752,8.950461267,2.56743,11.9432,,,12.721,0.08,10.946,0.023,10.412,0.022,10.306,0.021,12.5836,0.002518,13.1413,0.008397,11.8955,0.006733,10.225,0.023,10.259,0.02,10.177,0.086,8.917,,OSFC,10.0,roquette25,5183.0,1.59136,0.88
436337018,3.334856532694556e+18,84.25738556,8.962059522,2.62633,14.4221,18.967,0.162,16.625,0.32,12.709,0.023,12.021,0.023,11.748,0.027,15.5427,0.00142,16.9065,0.006107,14.3794,0.003799,11.655,0.024,11.539,0.022,11.383,0.255,8.917,,OSFC,10.0,roquette25,3616.0,1.12049,0.52
284200830,3.3348330993529503e+18,84.43182601,8.972281061,2.52065,13.9004,17.098,0.092,15.702,0.149,12.368,0.024,11.631,0.025,11.485,0.023,14.8581,0.003976,15.8632,0.0212,13.8328,0.015445,11.347,0.024,11.257,0.022,10.692,0.116,8.434,0.44,OSFC,10.0,roquette25,3957.0,1.18744,0.62
284200823,3.33483247658023e+18,84.45893126,8.978598342,2.40348,11.5427,13.338,0.073,12.386,0.08,10.664,0.023,10.18,0.023,10.071,0.023,12.1227,0.003087,12.6145,0.011233,11.4873,0.008374,10.003,0.023,10.014,0.021,9.887,0.072,8.394,,OSFC,10.0,roquette25,5505.64,1.60111,0.97
284200784,3.3348804814321567e+18,84.39923526,9.019422382,2.58753,12.1129,13.764,0.084,13.195,0.092,11.002,0.033,10.333,0.039,10.19,0.029,12.8912,0.001768,13.6347,0.00542,12.0666,0.004154,9.886,0.022,9.869,0.019,9.846,0.051,8.427,,OSFC,10.0,roquette25,4452.0,1.94662,
144667412,3.3348396964228654e+18,84.77376732,9.1206824,2.53393,15.0624,19.463,0.162,17.3564,0.0469,13.315,0.024,12.623,0.022,12.351,0.027,16.1834,0.001454,17.5721,0.009939,15.009,0.00421,12.285,0.025,12.145,0.025,12.322,0.455,8.667,,OSFC,10.0,roquette25,3560.0,0.868606,0.49
144703841,3.3363289806266194e+18,85.00453595,9.156065674,2.54242,14.6243,18.522,0.164,16.782,0.149,12.985,0.024,12.23,0.024,12.026,0.026,15.7177,0.002806,17.0352,0.014143,14.5745,0.007436,11.972,0.024,11.805,0.021,9.783,0.053,7.288,0.141,OSFC,10.0,roquette25,3636.0,1.01288,0.52
436010975,3.3380097903067126e+18,83.68995833333334,10.096844444444448,2.42835,16.6973,,,,,14.709,0.034,14.074,0.035,13.676,0.043,18.1932,0.003272,19.7865,0.095953,16.7908,0.00757,13.609,0.027,13.367,0.031,12.41,,8.88,,OSFC,10.0,roquette25,3185.0,0.507164,0.505091
144667141,3.3363468820487864e+18,84.77447512,9.329176711,2.58613,11.434,12.899,0.049,12.107,0.057,10.723,0.023,10.364,0.025,10.251,0.021,11.9309,0.001473,12.3278,0.005345,11.3754,0.004314,10.179,0.024,10.19,0.02,10.171,0.061,8.782,,OSFC,10.0,roquette25,5912.67,1.44445,1.076
144616168,3.336394989980273e+18,84.7112052,9.390311918,2.47903,14.4974,17.757,0.0,16.503,0.297,12.785,0.024,12.021,0.022,11.843,0.021,15.6122,0.012706,16.8589,0.046971,14.3985,0.00633,11.692,0.024,11.6,0.021,11.675,0.26,8.931,,OSFC,10.0,roquette25,3705.0,1.14075,0.55
144616173,3.3363952605604275e+18,84.69321494,9.393531281,0.40937,8.7001,12.365,0.164,10.863,0.03,6.984,0.02,6.035,0.038,5.733,0.021,9.80964,0.001915,11.1298,0.00601,8.71128,0.002306,5.629,0.147,5.618,0.051,5.585,0.015,5.428,0.037,OSFC,10.0,roquette25,3760.0,92.6304,
144775386,3.33638255175511e+18,85.23504591,9.618198943,2.61485,14.443,18.11,0.164,16.823,0.24,12.705,0.024,11.988,0.025,11.781,0.025,15.5503,0.001986,16.9073,0.016118,14.3873,0.005802,11.68,0.023,11.556,0.021,11.626,0.292,8.612,,OSFC,10.0,roquette25,3585.0,1.09593,0.5
284200050,3.339419849547528e+18,84.45321238,9.663437545,2.53453,14.8321,19.763,0.162,,,12.81,0.022,12.154,0.022,11.869,0.023,16.1376,0.001233,17.9616,0.017287,14.8258,0.003276,11.702,0.024,11.513,0.022,11.978,0.354,8.478,,OSFC,10.0,roquette25,3263.0,,
436098606,3.3380057745145426e+18,83.78999999999999,10.030694444444444,2.32161,9.7911,10.025,0.072,9.956,0.007,9.291,0.03,8.764,0.053,8.02,0.036,9.83793,0.002005,9.90196,0.002537,9.71783,0.006143,6.893,0.06,6.129,0.026,2.469,0.012,0.513,0.015,OSFC,10.0,roquette25,11316.0,1.78556,2.97
200592437,3.336388118032656e+18,85.43805933,9.744662185,2.45421,9.3411,10.756,0.075,10.127,0.005,8.746,0.029,8.457,0.031,8.37,0.019,9.78609,0.001438,10.1466,0.002682,9.29689,0.002708,8.302,0.022,8.312,0.02,8.277,0.024,8.327,0.3,OSFC,10.0,roquette25,6142.0,3.84629,1.16
144666405,3.336452473822432e+18,84.79493961,9.946366474,2.54268,14.9978,19.265,0.162,,,13.079,0.024,12.413,0.023,12.176,0.03,16.1855,0.005871,17.711,0.029569,14.9518,0.014067,12.057,0.024,11.878,0.022,11.867,0.393,8.957,,OSFC,10.0,roquette25,3461.0,0.998204,0.44
284199495,3.3394529036157286e+18,84.43362262,10.13049804,2.44567,15.5307,19.641,0.163,18.0631,0.066,13.87,0.027,13.184,0.027,12.935,0.026,16.8143,0.00362,18.2442,0.050319,15.5977,0.009671,12.825,0.024,12.689,0.026,11.753,,8.606,,OSFC,10.0,roquette25,3355.0,0.630412,0.612225
144667223,3.336345374518373e+18,84.802849,9.264512,2.53213,13.0175,15.114,0.197,14.372,0.092,11.59,0.023,10.849,0.025,10.314,0.023,13.7633,0.014757,14.4019,0.063986,12.9206,0.036292,9.456,0.023,8.798,0.019,5.775,0.016,3.856,0.022,OSFC,10.0,roquette25,4663.0,1.22316,0.742
436158931,3.339491386522811e+18,84.039236,10.023912,2.38763,9.6932,10.642,0.089,10.009,0.006,9.11,0.021,8.826,0.046,8.69,0.021,10.0632,0.000854,10.328,0.000761,9.62323,0.002108,8.56,0.023,8.528,0.021,7.867,0.021,6.717,0.077,OSFC,10.0,roquette25,6487.0,2.98342,1.33
144735730,3.3396678538431974e+18,85.18337097,10.9249181,2.40947,14.6014,17.046,0.063,16.609,0.16,12.936,0.027,12.219,0.028,12.061,0.026,15.728,0.003345,16.9868,0.031359,14.5883,0.010932,11.74,0.023,11.659,0.021,12.175,,8.792,,OSFC,10.0,roquette25,3888.0,1.13305,0.6
144732477,3.334523689909268e+18,85.18851489,8.254246671,2.4203,14.7185,18.18,0.0,16.71,0.149,13.119,0.024,12.439,0.024,12.202,0.025,15.8367,0.001967,17.1609,0.010215,14.7041,0.004463,12.091,0.024,11.974,0.022,11.592,0.219,9.002,,OSFC,10.0,roquette25,3722.0,1.06182,0.556
436013387,3.338009519726044e+18,83.57871,10.11767,0.16076,13.4698,16.241,0.029,14.807,0.08,12.159,0.023,11.487,0.024,11.308,0.019,14.338,0.000339,15.1516,0.002113,13.4551,0.001275,11.221,0.024,11.258,0.021,11.327,0.197,8.66,0.409,OSFC,10.0,roquette25,5240.0,13.2561,
144776642,3.3346086271824225e+18,85.30767933,8.620417255,2.45355,14.1879,17.677,0.165,16.081,0.195,12.587,0.023,11.854,0.024,11.684,0.024,15.1977,0.004841,16.3228,0.027647,14.1219,0.013945,11.593,0.024,11.519,0.023,11.0,0.152,8.612,,OSFC,10.0,roquette25,3802.0,1.14476,0.58
144615763,3.3348376004788516e+18,84.70713788,9.049230933,2.57507,14.0198,17.036,-0.099,15.741,0.297,12.631,0.024,11.946,0.022,11.748,0.023,14.9382,0.002555,15.8819,0.008374,13.9514,0.005907,11.629,0.024,11.617,0.022,11.808,0.333,8.918,,OSFC,10.0,roquette25,3990.0,1.06596,0.62
144733567,3.336326029985617e+18,85.19732359,9.150475392,2.46386,14.1561,18.023,0.164,16.287,0.103,12.478,0.024,11.731,0.022,11.53,0.024,15.2421,0.005093,16.5206,0.024238,14.0997,0.01285,11.423,0.023,11.296,0.022,11.067,0.169,8.992,,OSFC,10.0,roquette25,3676.0,1.28566,0.54
309795572,3.3361523758678564e+18,85.74710294,9.164555514,2.43321,14.0598,17.46,0.165,16.035,0.126,12.514,0.023,11.738,0.024,11.526,0.025,15.048,0.002751,16.0967,0.020913,13.9625,0.007287,11.461,0.023,11.361,0.021,10.501,0.096,6.04,0.051,OSFC,10.0,roquette25,3861.0,1.18069,0.595
309795580,3.3361538533366047e+18,85.75063159,9.170376995,2.43154,10.7688,12.667,0.32,11.546,0.031,9.975,0.023,9.498,0.025,9.358,0.023,11.3493,0.002591,11.8516,0.007472,10.7265,0.007918,9.235,0.023,9.256,0.019,9.128,0.04,8.393,0.353,OSFC,10.0,roquette25,5255.0,2.62754,
200591810,3.336144365751496e+18,85.35960316,9.173330848,2.41464,15.3283,20.173,0.162,,,13.616,0.028,12.925,0.032,12.681,0.03,16.6659,0.001609,18.3076,0.028162,15.4145,0.005064,12.575,0.024,12.399,0.025,11.834,,8.757,,OSFC,10.0,roquette25,3234.0,0.68466,0.652531
715998751,3.337990243910549e+18,83.750625,9.877972222222224,0.119724,19.303,,,19.3218,0.0479,,,,,,,19.2997,0.007779,18.3862,0.198819,18.2439,0.042317,,,,,,,,,OSFC,10.0,roquette25,,,
200587303,3.337975263066978e+18,83.33285,9.8263,0.319498,12.9552,15.441,0.057,14.163,0.16,11.735,0.025,11.1,0.024,10.959,0.023,13.7514,0.00034,14.4933,0.002218,12.915,0.001441,10.821,0.023,10.895,0.02,11.103,0.156,9.03,,OSFC,10.0,roquette25,4887.95,8.84304,
200591840,3.3361446449265807e+18,85.34219052,9.192759885,2.44327,10.4768,11.987,0.031,11.208,0.034,9.741,0.021,9.333,0.023,9.234,0.021,10.9993,0.002152,11.4365,0.004885,10.4326,0.003937,9.145,0.023,9.162,0.02,9.043,0.034,8.01,,OSFC,10.0,roquette25,5764.37,2.50134,1.03
436251894,3.3394376435949123e+18,84.22125,9.83873,2.45908,15.6075,20.171,0.162,,,13.76,0.024,13.099,0.027,12.841,0.029,17.0144,0.001959,18.7378,0.035041,15.7045,0.013775,12.742,0.024,12.531,0.027,12.077,,8.982,,OSFC,10.0,roquette25,3167.0,0.646377,0.624404
436153879,3.337987834435885e+18,83.91458333333334,9.842558333333333,,14.4919,18.641,0.0,16.911,0.389,12.553,0.024,11.877,0.022,11.594,0.024,15.6532,0.002266,17.2186,0.020528,14.4076,0.006582,11.529,0.024,11.368,0.021,11.511,0.218,8.881,,OSFC,10.0,roquette25,,,
200591854,3.336145950596635e+18,85.37893374,9.202276023,2.43823,13.3404,16.03,0.077,14.804,0.08,12.09,0.022,11.411,0.024,11.243,0.024,14.169,0.002252,14.9821,0.00961,13.2824,0.006065,11.125,0.024,11.106,0.021,10.896,0.137,8.346,,OSFC,10.0,roquette25,4222.0,1.31173,0.66
144733675,3.33633620046816e+18,85.16334256,9.239643302,2.37324,15.4743,19.969,0.163,,,13.666,0.03,13.011,0.028,12.689,0.029,16.8692,0.00168,18.6072,0.026302,15.5716,0.003988,12.597,0.023,12.349,0.025,10.93,0.139,7.913,0.215,OSFC,10.0,roquette25,3166.0,0.690419,0.65666
309795677,3.3361551890703846e+18,85.72981868,9.246988964,2.45748,14.9057,18.507,0.166,16.927,0.297,13.131,0.035,12.421,0.032,12.185,0.034,16.0257,0.001618,17.4503,0.006888,14.8431,0.004754,11.817,0.022,11.556,0.021,9.688,0.055,7.024,0.091,OSFC,10.0,roquette25,3488.0,0.972075,0.453
200604634,3.3361683144892406e+18,85.6604344,9.310332373,2.4414,13.7481,16.073,0.064,15.073,0.183,12.43,0.022,11.749,0.023,11.548,0.024,14.5974,0.003088,15.4321,0.01292,13.6888,0.00932,11.467,0.024,11.426,0.02,11.439,0.23,8.988,,OSFC,10.0,roquette25,4204.0,1.12444,0.658
200604644,3.3361713080836864e+18,85.62966345,9.314125949,2.38218,13.6352,16.772,0.074,15.92,0.137,11.822,0.024,11.093,0.023,10.872,0.022,14.7474,0.002228,16.0771,0.01254,13.5737,0.009533,10.704,0.023,10.568,0.019,10.311,0.083,8.883,,OSFC,10.0,roquette25,3627.0,1.75395,
435934742,3.338201006548134e+18,83.42607,10.15785,0.295712,11.9295,14.705,0.015,13.296,0.092,10.618,0.026,9.931,0.024,9.724,0.021,12.7835,0.000402,13.6125,0.002014,11.9072,0.000726,9.614,0.022,9.697,0.02,9.537,0.041,8.43,,OSFC,10.0,roquette25,4563.0,18.1226,
436103228,3.337979003982003e+18,83.78483333333332,9.715041666666668,2.44435,11.9035,13.744,0.026,12.799,0.103,10.953,0.026,10.433,0.022,10.301,0.024,12.5404,0.001381,13.0878,0.006027,11.8553,0.005076,10.178,0.024,10.157,0.022,9.943,0.054,8.144,0.27,OSFC,10.0,roquette25,5492.0,1.64142,0.963
144703575,3.3363510095153823e+18,85.06492516,9.391104641,2.41571,12.9821,15.285,0.056,13.995,0.126,11.881,0.023,11.279,0.025,11.13,0.025,13.7127,0.003123,14.3812,0.012444,12.9268,0.008548,11.023,0.023,11.04,0.022,10.892,0.144,8.355,,OSFC,10.0,roquette25,4626.0,1.28059,0.73
144616181,3.336395196138704e+18,84.70132926,9.39883373,2.41335,11.0837,12.08,0.263,11.994,0.024,10.482,0.024,10.138,0.022,10.016,0.019,11.5423,0.001608,11.9049,0.004927,11.0253,0.003569,9.811,0.022,9.855,0.019,9.745,0.05,8.327,,OSFC,10.0,roquette25,6400.0,1.77285,1.28
200592138,3.336365097008009e+18,85.42421664,9.491568798,2.46001,13.6119,16.592,0.0,15.141,0.16,12.272,0.026,11.581,0.025,11.411,0.025,14.4895,0.002731,15.3784,0.00827,13.5656,0.007141,11.316,0.023,11.296,0.02,11.25,0.158,8.668,,OSFC,10.0,roquette25,4118.0,1.26644,0.645
200605228,3.3363735495035873e+18,85.59221276,9.610145725,2.37784,10.3739,11.024,0.102,10.529,0.007,9.987,0.029,9.854,0.027,9.807,0.021,10.6282,0.00037,10.8221,0.00087,10.3209,0.000643,9.765,0.024,9.779,0.022,9.077,0.036,5.39,0.04,OSFC,10.0,roquette25,7167.94,2.01662,1.6
284284817,3.336474360976222e+18,85.93398318,9.84415789,0.789952,14.8226,16.248,0.071,15.63,0.263,13.935,0.033,13.58,0.037,13.518,0.048,15.4104,0.000717,15.8922,0.001917,14.7592,0.001597,,,,,,,,,OSFC,10.0,roquette25,5705.0,1.18347,1.02
436015765,3.3379545054894495e+18,83.573796,9.65624,,16.5966,,,,,14.094,0.032,13.512,0.03,13.157,0.034,17.8457,0.005413,19.5549,0.060024,16.3795,0.010242,12.678,0.024,12.119,0.023,10.741,0.109,8.453,,OSFC,10.0,roquette25,,,
436098566,3.3379858759296737e+18,83.85485,9.81095,0.555878,11.5896,14.08,0.016,12.79,0.092,10.401,0.026,9.774,0.026,9.605,0.023,12.386,0.000225,13.1311,0.002248,11.5573,0.001051,9.493,0.023,9.558,0.021,9.458,0.045,8.443,,OSFC,10.0,roquette25,4774.0,10.9337,
156144752,3.3362873752798894e+18,86.14117,9.85744,1.87857,10.7642,12.793,0.051,11.651,0.069,9.694,0.024,9.108,0.021,8.973,0.023,11.443,0.002528,12.0573,0.006866,10.7195,0.006226,8.849,0.022,8.837,0.021,8.782,0.029,8.394,0.428,OSFC,10.0,roquette25,4817.0,4.12586,
436248206,3.334861824094249e+18,84.190148,9.072188,2.72975,14.0669,16.913,0.0,15.853,0.126,12.036,0.026,11.178,0.027,10.636,0.023,15.0782,0.00534,16.129,0.035356,13.9412,0.013589,9.602,0.022,9.042,0.019,7.036,0.018,4.41,0.028,OSFC,10.0,roquette25,3841.0,1.08822,0.59
200591845,3.3361446792863176e+18,85.35783386,9.198348999,2.32331,7.6005,7.333,0.024,7.48,0.03,7.69,0.026,7.728,0.021,7.752,0.021,7.4333,0.000628,7.38807,0.00196,7.56019,0.003964,7.688,0.029,7.748,0.02,7.802,0.02,7.763,0.181,OSFC,10.0,roquette25,,,
436013363,3.3380045032042563e+18,83.63654166666664,9.991613888888889,2.47177,13.1128,15.409,0.066,14.285,0.149,11.839,0.027,11.227,0.026,11.059,0.021,13.9362,0.004323,14.7059,0.013114,13.0728,0.010542,10.954,0.023,10.948,0.021,10.907,0.113,8.891,,OSFC,10.0,roquette25,4327.39,1.68804,
156352078,3.3354290346550866e+18,86.70482083333333,8.970719444444445,2.3787,11.8921,14.977,0.182,13.346,0.08,10.54,0.023,9.672,0.026,9.176,0.021,12.7814,0.006774,13.6993,0.028134,11.8666,0.019801,8.53,0.023,8.148,0.019,7.664,0.019,5.322,0.04,OSFC,10.0,roquette25,4138.0,2.92568,
435931770,3.338205232795888e+18,83.49412,10.34216,0.855506,11.8652,14.089,0.017,12.921,0.08,10.764,0.026,10.18,0.024,10.058,0.023,12.5891,0.000237,13.2447,0.002043,11.8218,0.001122,9.958,0.023,10.024,0.02,9.891,0.062,8.272,,OSFC,10.0,roquette25,4901.0,5.66014,
156143809,3.3361045814719974e+18,86.08066721,9.089784156,2.58979,14.3655,18.223,0.164,16.51,0.435,12.678,0.024,11.933,0.031,11.682,0.026,15.4755,0.001332,16.8265,0.017181,14.3236,0.002999,11.514,0.024,11.289,0.022,9.195,0.035,6.924,0.086,OSFC,10.0,roquette25,3621.0,1.14837,0.52
156143899,3.3361108349443615e+18,86.10723443,9.200319892,2.60385,14.958,19.772,0.162,,,13.067,0.024,12.353,0.022,12.093,0.024,16.161,0.001965,17.7727,0.018199,14.9094,0.004279,12.007,0.024,11.871,0.023,12.277,,8.672,,OSFC,10.0,roquette25,3350.0,1.04656,0.369
156287215,3.3362907768942223e+18,86.59589559,9.744068567,2.58289,14.552,,,,,12.582,0.024,11.908,0.022,11.674,0.023,15.806,0.001149,17.5862,0.01128,14.5121,0.003201,11.522,0.023,11.32,0.022,11.283,0.17,8.377,,OSFC,10.0,roquette25,3217.0,,
435934721,3.337999280524064e+18,83.48491666666666,9.899236111111112,,13.483,17.032,0.099,15.615,0.069,11.656,0.022,10.918,0.022,10.719,0.023,14.5762,0.002738,15.9365,0.008203,13.379,0.004795,10.609,0.022,10.496,0.021,10.188,0.076,8.276,,OSFC,10.0,roquette25,,,
200516874,3.340681397404508e+18,82.88892,11.81630039215088,2.33819,15.9403,20.468,0.164,,,14.185,0.035,13.458,0.036,13.021,0.04,17.3576,0.012054,19.2128,0.077534,16.0475,0.040889,12.541,0.025,12.135,0.023,11.221,0.176,8.66,,OSFC,10.0,roquette25,3106.0,0.633606,0.614687
436012260,3.337902076824563e+18,83.5579071,9.394286156,2.49251,14.683,18.959,0.163,16.9766,0.048,12.908,0.026,12.2,0.024,11.936,0.024,15.8061,0.001617,17.1853,0.015305,14.625,0.004236,11.771,0.023,11.652,0.022,10.997,0.143,9.054,,OSFC,10.0,roquette25,3571.0,1.05342,0.5
435934849,3.339787979784484e+18,83.46033478,10.91366386,2.44643,13.1133,15.733,0.047,14.418,0.092,11.883,0.023,11.229,0.027,11.002,0.024,13.915,0.003151,14.6893,0.011561,13.0637,0.008614,10.612,0.023,10.292,0.022,9.482,0.048,7.748,0.192,OSFC,10.0,roquette25,4205.84,1.52267,
436153666,3.334879583783434e+18,83.94675754,9.212675256,2.3934,15.0039,19.247,0.163,16.945,1.133,13.4,0.027,12.676,0.027,12.445,0.024,16.1162,0.001206,17.4502,0.014588,14.9692,0.002932,12.315,0.024,12.177,0.022,11.567,0.235,8.401,,OSFC,10.0,roquette25,3663.0,0.929526,0.53
436106871,3.337993331994166e+18,83.77816666666666,9.958194444444445,,15.8739,,,18.2779,0.0771,13.506,0.024,12.901,0.026,12.654,0.029,17.0001,0.00238,18.2706,0.065942,15.5929,0.007099,12.349,0.024,12.147,0.024,12.269,,8.905,,OSFC,10.0,roquette25,,,
436013131,3.3378923873784704e+18,83.52245314,9.31047413,2.50485,14.5867,18.854,0.163,16.634,1.133,12.886,0.026,12.167,0.024,11.96,0.027,15.6705,0.001486,16.9669,0.007156,14.5293,0.003777,11.811,0.025,11.707,0.023,11.805,0.297,8.862,,OSFC,10.0,roquette25,3642.0,1.03269,0.53
436248265,3.3349061825163075e+18,84.1907689,9.376652561,2.39058,13.8926,17.346,0.0,15.624,0.069,12.441,0.022,11.745,0.025,11.527,0.021,14.8549,0.001241,15.89,0.009877,13.8335,0.005403,11.454,0.022,11.423,0.022,11.287,0.184,8.85,,OSFC,10.0,roquette25,3924.0,1.25126,0.61
435934657,3.337896716705396e+18,83.4527575,9.378478312,2.53958,14.171,18.555,0.163,16.023,0.08,12.578,0.024,11.889,0.024,11.647,0.023,15.2038,0.001761,16.345,0.007874,14.1348,0.004789,11.6,0.025,11.538,0.022,11.561,0.249,8.747,,OSFC,10.0,roquette25,3893.0,1.14472,0.603
302672378,3.340889106319041e+18,82.6503,12.111322222222222,2.59973,15.0278,16.765,0.0,16.239,0.06,12.91,0.025,12.119,0.021,11.634,0.018,16.0522,0.013672,17.0877,0.080582,14.8857,0.031227,10.894,0.024,10.274,0.021,9.856,0.08,7.247,0.126,OSFC,10.0,roquette25,3872.0,0.745923,0.6
200547205,3.337962240726177e+18,83.2838087,9.619625305,2.52912,12.3202,14.52,0.077,13.339,0.114,11.258,0.025,10.688,0.023,10.543,0.022,13.022,0.001941,13.6586,0.007219,12.2704,0.005468,10.474,0.023,10.52,0.022,10.382,0.085,8.941,,OSFC,10.0,roquette25,4743.0,1.56837,
436098550,3.3379319998599163e+18,83.80751038,9.697083473,2.42151,7.58804,7.359,0.025,7.48604,0.023,7.6,0.023,7.714,0.038,7.657,0.017,7.43038,0.000414,7.40016,0.001589,7.50592,0.002897,7.688,0.03,7.752,0.021,7.791,0.02,7.534,0.151,OSFC,10.0,roquette25,,,
436155630,3.339509459744876e+18,83.96179166666667,10.162866666666666,2.58554,16.0651,,,,,14.077,0.024,13.448,0.027,13.188,0.034,17.5254,0.001651,19.2668,0.059558,16.1671,0.006619,13.036,0.025,12.841,0.027,12.228,,8.524,,OSFC,10.0,roquette25,3136.0,0.564283,0.557923
436248358,3.339438747403638e+18,84.18036,9.87109,0.22694,13.6242,17.147,0.166,14.897,0.126,12.31,0.024,11.667,0.022,11.454,0.019,14.4476,0.000371,15.2215,0.003433,13.5859,0.001144,11.366,0.022,11.448,0.023,11.383,0.217,8.805,,OSFC,10.0,roquette25,4663.0,9.8861,
436153941,3.337989311903508e+18,83.93691729,9.923416526,2.47331,10.1172,10.661,0.112,10.463,0.009,9.805,0.023,9.712,0.025,9.669,0.021,10.2906,0.000583,10.4319,0.001129,10.0654,0.001526,9.582,0.023,9.589,0.02,9.463,0.052,8.132,,OSFC,10.0,roquette25,7855.27,1.96041,1.872
426186475,3.339785368444424e+18,83.364919,10.795245,2.50255,14.3715,17.77,0.008,16.245,0.195,12.377,0.022,11.468,0.03,10.977,0.024,15.3364,0.040924,16.3979,0.152999,14.3321,0.121226,10.394,0.024,9.987,0.02,8.033,0.022,5.789,0.041,OSFC,10.0,roquette25,3915.0,0.961447,0.608
715998840,3.337991618302359e+18,83.76249697,9.934656916,2.40953,9.657,,,9.6875,0.0459,,,,,,,9.6665,0.000709,9.71621,0.001914,9.59368,0.001802,,,,,,,,,OSFC,10.0,roquette25,,,
200541594,3.338193309966854e+18,83.20727355,10.03820744,2.35298,14.9765,19.044,0.163,16.906,1.133,13.239,0.022,12.535,0.025,12.318,0.028,16.0941,0.002068,17.4238,0.015683,14.9358,0.00611,12.226,0.023,12.102,0.023,11.925,0.373,8.563,,OSFC,10.0,roquette25,3669.0,0.964664,0.54
200541161,3.338269485506657e+18,83.23626091,10.48448911,2.49417,15.2834,19.971,0.163,,,13.59,0.028,12.903,0.031,12.64,0.032,16.6079,0.001363,18.1728,0.024281,15.3632,0.004484,12.52,0.024,12.359,0.023,12.269,0.373,8.861,,OSFC,10.0,roquette25,3274.0,0.678879,0.648364
426186275,3.3397240019517783e+18,83.35592641,10.50991791,2.32562,14.1892,17.911,0.164,16.275,0.206,12.493,0.023,11.743,0.03,11.558,0.025,15.2429,0.003364,16.4244,0.014369,14.1459,0.007511,11.487,0.023,11.37,0.021,11.303,0.187,8.979,,OSFC,10.0,roquette25,3825.0,1.28344,0.59
200587309,3.337976087700699e+18,83.31313,9.84172,,14.9811,19.473,0.162,17.426,0.0525,12.949,0.028,12.287,0.029,11.876,0.028,16.1164,0.003237,17.5795,0.025639,14.868,0.007441,11.339,0.023,10.921,0.02,9.886,0.058,8.293,0.347,OSFC,10.0,roquette25,,,
436016621,3.339729121552687e+18,83.66176893,10.63942604,2.30572,14.6008,18.545,0.163,,,12.72,0.024,12.071,0.029,11.814,0.021,15.8013,0.001385,17.3874,0.011191,14.5653,0.002156,11.74,0.024,11.568,0.023,11.483,0.208,8.352,,OSFC,10.0,roquette25,3402.0,1.36707,
200540533,3.3405581533199754e+18,83.21447125,11.16711051,2.25847,15.3214,19.769,0.163,,,13.454,0.029,12.767,0.029,12.514,0.033,16.5589,0.00187,18.2157,0.014764,15.2927,0.003223,12.413,0.023,12.23,0.022,11.808,0.267,8.872,0.482,OSFC,10.0,roquette25,3363.0,1.06664,0.38
436098586,3.337991824460787e+18,83.761375,9.947055555555556,2.57808,14.5087,,,16.793,0.103,12.707,0.024,12.021,0.026,11.741,0.024,15.6758,0.001231,17.0751,0.006803,14.4538,0.002555,11.61,0.023,11.529,0.022,11.597,0.246,8.803,0.47,OSFC,10.0,roquette25,3613.0,1.1734,0.51
302830646,3.3409698860637967e+18,83.06432916666665,12.159566666666668,2.63273,14.4031,18.0,0.164,16.245,0.149,12.7,0.022,11.977,0.024,11.577,0.023,15.4893,0.003743,16.7828,0.019726,14.3422,0.009908,10.849,0.022,10.307,0.02,8.084,0.023,6.66,0.072,OSFC,10.0,roquette25,3645.0,1.07338,0.528
436155984,3.3348703753734646e+18,83.87748517,9.085820789,2.45678,15.504,20.272,0.163,,,13.844,0.029,13.133,0.036,12.919,0.039,16.8013,0.001557,18.337,0.021484,15.5796,0.003358,12.815,0.026,12.64,0.027,12.329,0.456,8.514,,OSFC,10.0,roquette25,3300.0,0.631594,0.613138
436098449,3.337884759516408e+18,83.80357218,9.267934272,2.46297,15.1732,19.01,0.165,17.048,1.133,13.607,0.03,12.849,0.023,12.621,0.029,16.4075,0.00122,17.8176,0.00807,15.2353,0.005295,12.513,0.025,12.402,0.024,11.589,,8.794,,OSFC,10.0,roquette25,3388.0,0.688046,0.654961
436012542,3.337898847009153e+18,83.59979535,9.368049744,2.4242,15.1879,20.171,0.162,17.5401,0.051,13.45,0.026,12.718,0.026,12.512,0.023,16.3351,0.002443,17.7261,0.023765,15.1275,0.006208,12.348,0.024,12.207,0.024,12.38,0.445,8.963,,OSFC,10.0,roquette25,3586.0,0.88752,0.5
436103156,3.337888328631664e+18,83.82370833333331,9.3958,2.46084,12.6767,14.664,0.079,13.578,0.15,11.385,,10.951,0.051,10.712,,13.3729,0.003902,13.9982,0.012438,12.6219,0.01036,10.476,0.026,10.479,0.024,10.925,0.216,8.327,,OSFC,10.0,roquette25,4645.37,1.44439,0.74
302672123,3.340882749767481e+18,82.5159,12.022738888888886,,13.8155,16.508,0.313,14.986,0.069,11.694,0.022,10.89,0.021,10.463,0.019,14.7756,0.051216,15.5655,0.134762,13.4471,0.079892,9.56,0.023,8.961,0.02,6.962,0.017,5.27,0.04,OSFC,10.0,roquette25,,,
436013374,3.338004881161376e+18,83.6485,9.995452777777778,2.64998,14.2829,17.817,0.123,16.561,0.103,12.459,0.024,11.727,0.026,11.492,0.021,15.3896,0.004349,16.7505,0.018461,14.212,0.013171,11.451,0.023,11.333,0.022,11.268,0.185,8.759,,OSFC,10.0,roquette25,3554.0,1.16679,0.487
436010107,3.337902660940094e+18,83.61279797,9.447978656,2.47491,15.4185,20.272,0.162,18.0751,0.0604,13.651,0.026,12.969,0.03,12.722,0.024,16.7407,0.004197,18.2303,0.039607,15.4927,0.010395,12.603,0.024,12.446,0.024,12.213,,8.389,,OSFC,10.0,roquette25,3310.0,0.666046,0.63902
436013242,3.3379048599634857e+18,83.70237743,9.515840442,2.4053,10.1793,10.632,0.06,10.402,0.034,9.864,0.023,9.788,0.024,9.729,0.024,10.3525,0.000517,10.4882,0.00092,10.1334,0.001367,9.665,0.023,9.609,0.019,9.194,0.042,6.486,0.116,OSFC,10.0,roquette25,7953.0,1.7867,1.912
715993743,3.33792337986216e+18,84.22093301,9.698832025,2.45875,13.1643,,,14.3479,0.075,,,,,,,13.9129,0.002558,14.4917,0.030776,12.9589,0.105963,,,,,,,,,OSFC,10.0,roquette25,,,
200515411,3.3382326518673674e+18,82.84475017,10.13800542,2.41674,14.2487,17.703,0.0,15.853,0.16,12.754,0.028,12.032,0.026,11.834,0.023,15.2189,0.002494,16.2773,0.013296,14.1909,0.007246,11.718,0.024,11.695,0.022,11.83,0.302,8.529,,OSFC,10.0,roquette25,3892.0,1.05914,0.6
436008672,3.338199185481952e+18,83.58360578,10.19287077,2.37952,14.4772,15.907,0.071,15.322,1.133,12.732,0.048,12.034,0.041,11.811,0.031,15.4698,0.004786,16.5504,0.028381,14.4001,0.018887,11.462,0.023,11.426,0.02,11.541,0.229,8.825,,OSFC,10.0,roquette25,3842.0,1.00446,0.591
200518702,3.3382583529515894e+18,82.95763488,10.2430149,2.39739,10.6794,11.73,0.173,11.044,0.012,10.181,0.022,9.948,0.021,9.912,0.021,11.0173,0.000585,11.2782,0.001162,10.6199,0.000418,9.86,0.023,9.879,0.02,9.861,0.062,8.139,,OSFC,10.0,roquette25,6727.1,2.05768,1.43
302970643,3.340761528611689e+18,83.28698750000001,11.898719444444444,2.21599,14.4895,19.462,0.162,17.001,1.133,12.476,0.022,11.778,0.021,11.549,0.021,15.7649,0.001328,17.5571,0.01271,14.4603,0.002611,11.45,0.023,11.231,0.021,10.988,0.122,8.523,,OSFC,10.0,roquette25,3239.0,,
200525695,3.3382105241957514e+18,83.08753204,10.20277119,2.67734,13.1851,15.854,0.048,14.515,0.103,11.837,0.022,11.185,0.023,11.003,0.022,14.0369,0.000996,14.8691,0.00411,13.1404,0.002477,10.956,0.023,10.939,0.021,10.814,0.121,8.445,,OSFC,10.0,roquette25,4247.78,1.38539,0.66
436013480,3.339719260307855e+18,83.53465233,10.45114627,2.30788,10.8528,11.761,0.194,11.174,0.013,10.153,0.024,9.862,0.022,9.787,0.021,11.2987,0.001021,11.6436,0.002831,10.7922,0.002059,9.725,0.023,9.72,0.021,9.662,0.053,8.964,,OSFC,10.0,roquette25,6093.0,2.04528,1.144
436010464,3.339721283235625e+18,83.59133504,10.505673,2.42852,15.3326,20.072,0.163,,,13.618,0.029,12.931,0.022,12.692,0.032,16.6456,0.002102,18.1761,0.023393,15.4091,0.006479,12.546,0.024,12.382,0.026,11.998,0.39,8.839,,OSFC,10.0,roquette25,3295.0,0.680001,0.649174
436013522,3.339721901710925e+18,83.54110241,10.51262921,2.36304,14.3815,16.52,0.063,15.82,0.126,12.578,0.024,11.858,0.022,11.669,0.021,15.3954,0.002048,16.5135,0.0099,14.3154,0.010243,11.63,0.022,11.544,0.022,11.329,0.176,8.521,,OSFC,10.0,roquette25,3828.0,1.09156,0.587
436008870,3.3397341380744596e+18,83.71387515,10.69676556,0.078511,14.2678,16.311,0.026,15.452,0.126,13.216,0.024,12.66,0.027,12.517,0.023,14.9786,0.000508,15.6071,0.002657,14.2227,0.001178,12.233,0.024,12.261,0.024,11.995,,9.02,,OSFC,10.0,roquette25,5228.0,9.5231,
436013708,3.3398096221233224e+18,83.73907047,10.95991722,2.38839,13.7516,16.758,0.175,15.436,0.149,12.228,0.024,11.552,0.026,11.324,0.023,14.6704,0.004888,15.6238,0.022056,13.6859,0.011621,11.223,0.023,11.163,0.022,9.813,0.05,6.323,0.061,OSFC,10.0,roquette25,3981.0,1.28825,0.62
302970587,3.3407643117504804e+18,83.26642500000001,11.968322222222223,2.30028,14.3653,17.918,0.163,16.828,0.275,12.433,0.022,11.709,0.023,11.455,0.018,15.5072,0.006724,16.9372,0.036621,14.3128,0.016197,11.304,0.022,11.155,0.02,11.12,0.144,8.898,,OSFC,10.0,roquette25,3529.0,1.36704,
426186779,3.3405835451666017e+18,83.37888103,11.23955359,2.35615,13.7195,16.681,0.167,15.195,0.08,12.329,0.022,11.657,0.03,11.457,0.026,14.6045,0.001268,15.5031,0.004913,13.6704,0.003485,11.354,0.023,11.353,0.021,11.358,0.202,8.95,,OSFC,10.0,roquette25,4090.0,1.27946,0.64
436012258,3.3379799359913605e+18,83.70004166666666,9.723838888888888,2.89636,15.4373,20.271,0.162,,,13.521,0.027,12.902,0.026,12.628,0.027,16.8703,0.001874,18.6515,0.06752,15.5405,0.004437,12.479,0.023,12.257,0.024,11.974,,8.717,,OSFC,10.0,roquette25,3131.0,0.620226,0.604286
435933367,3.340609761646928e+18,83.44819774,11.57842315,2.36704,14.9367,18.833,0.164,17.4184,0.0478,13.171,0.028,12.463,0.025,12.16,0.029,16.11,0.002735,17.614,0.012148,14.9038,0.00677,11.884,0.023,11.612,0.022,10.86,0.122,7.022,0.092,OSFC,10.0,roquette25,3492.0,1.07294,0.455
426186256,3.3397238301530844e+18,83.384563,10.491654,2.50203,13.5878,16.353,0.138,15.167,0.103,12.048,0.021,11.228,0.028,10.754,0.025,14.4978,0.007348,15.4124,0.028304,13.5335,0.022632,10.137,0.023,9.77,0.02,9.232,0.037,6.09,0.056,OSFC,10.0,roquette25,4109.0,1.32351,0.64
302970705,3.34076946571119e+18,83.42634011,11.9787196,2.33156,14.8188,18.527,0.163,16.489,1.133,12.937,0.023,12.243,0.023,12.04,0.024,15.9547,0.005701,17.3639,0.026876,14.7651,0.012769,11.973,0.023,11.818,0.023,12.078,0.335,8.361,,OSFC,10.0,roquette25,3550.0,1.08006,0.485
144545814,3.3394315619210737e+18,84.56523132,9.89863205,2.27962,9.0556,8.982,0.03,9.003,0.003,8.983,0.024,8.958,0.024,8.917,0.021,8.98598,0.000692,8.98982,0.001441,8.9948,0.001295,8.904,0.023,8.932,0.02,8.915,0.032,8.452,,OSFC,10.0,roquette25,,,
436157519,3.3379882467527644e+18,84.00333333333333,9.882611111,2.89002,16.2317,,,,,14.2,0.033,13.57,0.025,13.281,0.033,17.7041,0.002769,19.5441,0.055706,16.3416,0.004835,13.15,0.024,12.888,0.027,10.863,0.134,8.199,,OSFC,10.0,roquette25,3089.0,0.509521,0.507386
426184610,3.334274203848249e+18,83.39326059,7.864308436,2.49697,13.9046,17.16,0.221,15.425,0.16,12.456,0.023,11.699,0.024,11.521,0.026,14.861,0.002338,15.8701,0.008287,13.8495,0.00825,11.382,0.023,11.371,0.022,10.838,0.11,8.803,,OSFC,10.0,roquette25,3969.0,1.20236,0.62
436106720,3.3346407535377044e+18,83.66922122,7.96044898,2.3382,15.1799,19.35,0.163,17.6929,0.0476,13.446,0.027,12.717,0.025,12.493,0.024,16.3637,0.001042,17.8846,0.012995,15.1525,0.003081,12.338,0.023,12.159,0.024,10.532,0.102,7.675,0.158,OSFC,10.0,roquette25,3491.0,0.984952,0.454
200546108,3.3342811101556593e+18,83.27116734,7.980689003,2.44823,14.025,17.485,0.0,16.01,0.16,12.479,0.025,11.711,0.025,11.469,0.025,15.0647,0.001099,16.2483,0.006718,13.9879,0.002646,11.387,0.023,11.354,0.021,11.274,0.191,8.927,,OSFC,10.0,roquette25,3802.0,1.2916,0.58
436158891,3.3379885946455834e+18,83.96391666666666,9.919780555555556,2.43217,13.8117,17.057,0.0,15.865,0.217,12.102,0.023,11.411,0.022,11.156,0.019,14.8793,0.001609,16.1169,0.00932,13.7711,0.003129,11.085,0.023,10.996,0.02,10.956,0.137,8.737,,OSFC,10.0,roquette25,3740.0,1.49401,
436336854,3.334479881242405e+18,84.27231635,8.116767798,2.35402,14.4813,18.082,0.165,16.293,0.32,12.95,0.026,12.256,0.026,12.021,0.023,15.5029,0.001203,16.6536,0.009923,14.4498,0.004135,11.941,0.023,11.891,0.023,12.177,0.401,8.573,,OSFC,10.0,roquette25,3852.0,1.05587,0.59
200524138,3.334730054497319e+18,83.06118171,8.458206696,2.39603,15.0347,19.361,0.162,17.031,1.133,13.266,0.025,12.492,0.024,12.276,0.027,16.2148,0.001629,17.7102,0.007416,15.004,0.003905,12.183,0.024,12.027,0.023,10.528,0.091,7.21,0.147,OSFC,10.0,roquette25,3520.0,1.01822,0.47
435934543,3.334733868428225e+18,83.43930277,8.539536773,2.42075,13.8693,16.709,0.05,15.251,0.092,12.517,0.027,11.868,0.023,11.695,0.023,14.7246,0.002968,15.5458,0.013236,13.7974,0.006546,11.597,0.023,11.562,0.021,11.694,0.239,8.791,,OSFC,10.0,roquette25,4251.0,1.06854,0.66
436103031,3.334754999667421e+18,83.84402259,8.697915095,2.40695,14.2298,17.848,-0.207,16.14,0.06,12.633,,12.108,,11.907,0.027,15.2223,0.005409,16.2989,0.032243,14.1754,0.014288,,,,,,,,,OSFC,10.0,roquette25,3909.0,1.10921,0.61
200546638,3.337767107475195e+18,83.32149783,8.768573294,2.40666,14.3187,17.982,0.166,15.837,0.08,12.846,0.029,12.098,0.023,11.909,0.03,15.279,0.003171,16.2918,0.014063,14.2661,0.011955,11.881,0.024,11.811,0.023,12.226,0.399,8.634,,OSFC,10.0,roquette25,3973.0,1.03893,0.62
436161611,3.3348496951066936e+18,83.95725164,8.796092027,2.30391,15.0187,18.939,0.163,17.485,0.066,13.194,0.026,12.473,0.027,12.113,0.024,16.1996,0.006515,17.695,0.045284,15.0092,0.021743,11.41,0.023,10.929,0.022,10.147,0.075,8.71,,OSFC,10.0,roquette25,3554.0,1.06262,0.49
284997170,3.3391117071177605e+18,82.45590833333334,11.018147222222222,2.11417,14.3457,18.221,0.164,16.526,0.183,12.695,0.023,11.931,0.028,11.73,0.025,15.3863,0.00744,16.5405,0.030963,14.3028,0.019741,11.702,0.024,11.616,0.022,11.083,0.164,8.806,,OSFC,10.0,roquette25,3862.0,1.28477,0.6
436103086,3.334863645160464e+18,83.86098089,8.918583599,2.31315,9.1922,9.116,0.039,9.118,0.004,9.093,0.018,9.165,0.026,9.133,0.021,9.14587,0.000577,9.16398,0.002489,9.1366,0.002296,9.117,0.022,9.154,0.021,9.154,0.036,8.773,0.467,OSFC,10.0,roquette25,14142.0,,
436243550,3.33485549760636e+18,84.16172747,8.931420371,2.27725,9.997,10.197,0.061,10.138,0.006,9.822,0.022,9.779,0.022,9.746,0.021,10.0504,0.000634,10.1212,0.001245,9.95205,0.001712,9.737,0.023,9.761,0.02,9.608,0.053,8.563,,OSFC,10.0,roquette25,9720.0,1.73472,2.48
436158754,3.3379340313811154e+18,83.94415,9.67639,0.880778,11.8396,14.293,0.015,12.979,0.092,10.652,0.023,10.077,0.022,9.899,0.021,12.6111,0.000327,13.3296,0.001777,11.8032,0.001043,9.793,0.024,9.868,0.02,9.78,0.056,8.841,,OSFC,10.0,roquette25,4815.52,5.86431,
284996462,3.340837085675241e+18,82.46513333333333,11.675558333333337,2.09429,13.16,16.207,0.063,14.732,0.16,11.599,0.022,10.877,0.028,10.69,0.023,14.1126,0.002469,15.1019,0.010812,13.1118,0.005689,10.619,0.024,10.539,0.021,10.551,0.102,8.873,,OSFC,10.0,roquette25,4007.0,2.06015,
436015550,3.3379845702602747e+18,83.61708,9.81322,2.51193,15.0249,19.252,0.162,17.1416,0.0497,13.319,0.022,12.588,0.023,12.397,0.027,16.1201,0.001752,17.3678,0.022424,14.98,0.004409,12.308,0.023,12.201,0.024,11.782,0.267,8.796,,OSFC,10.0,roquette25,3765.0,0.861023,0.569
436014938,3.3378715610793467e+18,83.707402,9.037934226,2.32459,15.0111,,,17.2597,0.0496,13.33,0.027,12.62,0.027,12.421,0.023,16.1341,0.001334,17.4824,0.021126,14.9728,0.00437,12.277,0.023,12.174,0.024,11.693,0.281,8.877,,OSFC,10.0,roquette25,3652.0,0.968145,0.53
200546933,3.3377989589530665e+18,83.32495205,9.20408429,2.31989,11.5817,13.341,0.095,12.565,0.057,10.627,0.02,10.116,0.021,9.988,0.023,12.1983,0.00165,12.7227,0.005634,11.5285,0.004542,9.905,0.023,9.908,0.02,9.825,0.061,8.478,,OSFC,10.0,roquette25,5357.0,1.97286,0.93
436014976,3.337885790308567e+18,83.69580548,9.308959931,2.32157,14.8468,19.051,0.163,17.154,0.0484,13.139,0.023,12.431,0.026,12.206,0.024,15.9826,0.002638,17.3609,0.014909,14.7996,0.008248,12.08,0.023,11.963,0.022,11.63,0.215,8.94,,OSFC,10.0,roquette25,3609.0,1.06527,0.513
436243677,3.337923100687568e+18,84.15858333333333,9.680836111111107,2.84052,12.5454,15.045,0.055,13.751,0.126,11.285,0.023,10.655,0.025,10.383,0.019,13.3239,0.004381,14.0466,0.015259,12.461,0.009731,10.049,0.023,9.789,0.019,8.057,0.023,5.847,0.044,OSFC,10.0,roquette25,4325.0,1.48075,
436013166,3.337897610058565e+18,83.68162443,9.324865656,2.3679,14.9031,19.254,0.163,16.786,1.133,13.283,0.024,12.49,0.027,12.224,0.019,16.0511,0.002985,17.446,0.015901,14.8761,0.008704,12.143,0.024,12.01,0.024,12.015,0.386,9.014,,OSFC,10.0,roquette25,3635.0,1.03457,0.52
436098458,3.337886030826715e+18,83.79917766,9.333008195,2.36827,10.478,10.986,0.173,10.583,0.012,10.137,0.026,10.032,0.022,10.002,0.019,10.6759,0.000577,10.8329,0.001435,10.4269,0.001089,9.956,0.023,9.975,0.02,9.963,0.056,8.77,,OSFC,10.0,roquette25,8013.0,1.64161,1.935
436098364,3.337901320910268e+18,83.75094283,9.466991782,2.25278,9.68149,9.68,0.047,9.746,0.023,9.594,0.03,9.559,0.025,9.502,0.021,9.67125,0.000364,9.7019,0.001767,9.64118,0.002835,9.439,0.022,9.458,0.019,9.612,0.045,8.456,,OSFC,10.0,roquette25,10533.0,1.83553,2.722
435931473,3.3342762954961935e+18,83.47205645,7.92770555,2.55015,14.5059,17.955,-0.231,16.035,0.206,12.692,0.026,11.961,0.023,11.714,0.023,15.5497,0.008159,16.7212,0.033217,14.4468,0.020417,11.706,0.022,11.6,0.022,11.566,0.203,8.496,,OSFC,10.0,roquette25,3789.0,1.00018,0.58
436008484,3.3379057146609116e+18,83.65754166666666,9.531475,2.47873,13.8618,18.567,0.162,15.36,0.172,12.325,0.026,11.659,0.026,11.437,0.022,14.7633,0.0035,15.6866,0.02658,13.7877,0.012606,11.416,0.023,11.368,0.02,11.929,0.362,8.402,,OSFC,10.0,roquette25,3987.0,1.15984,0.622
426184800,3.3347078237467976e+18,83.3672338,8.225925777,2.50187,11.7642,13.337,0.056,12.458,0.069,10.895,0.021,10.44,0.028,10.321,0.024,12.3277,0.002755,12.7922,0.010329,11.7066,0.007996,10.255,0.023,10.255,0.022,10.257,0.069,8.395,,OSFC,10.0,roquette25,5595.0,1.52416,0.99
200543053,3.3347227015133117e+18,83.21305297,8.307845709,2.50046,14.939,19.368,0.163,,,13.087,0.028,12.453,0.027,12.181,0.028,16.1475,0.001734,17.7139,0.010676,14.9161,0.004758,12.064,0.023,11.904,0.023,11.817,0.301,8.542,,OSFC,10.0,roquette25,3465.0,1.07351,0.44
200542717,3.3377425789188055e+18,83.20015394,8.688669748,2.48418,13.6626,16.599,0.145,15.072,0.149,12.278,0.027,11.579,0.025,11.357,0.026,14.5646,0.002281,15.4991,0.005473,13.6261,0.005057,11.311,0.023,11.303,0.021,11.345,0.199,8.628,,OSFC,10.0,roquette25,4061.0,1.283,0.64
284159822,3.3378041472728806e+18,82.67264591,8.84147335,2.42616,11.0227,11.866,0.257,11.691,0.022,10.439,0.023,10.212,0.023,10.143,0.023,11.4174,0.000585,11.7181,0.001524,10.9646,0.000931,10.073,0.024,10.085,0.021,9.925,0.056,8.819,,OSFC,10.0,roquette25,6557.17,1.59944,1.36
200514491,3.3378162461976223e+18,82.80683785,9.029306534,2.46979,13.7362,16.656,0.166,15.212,0.126,12.347,0.027,11.623,0.022,11.435,0.026,14.6321,0.002381,15.5392,0.008842,13.6914,0.006489,11.366,0.023,11.352,0.022,11.203,0.176,8.586,,OSFC,10.0,roquette25,4125.0,1.22128,0.65
284159439,3.3378580619989427e+18,82.72982573,9.264657578,2.51096,9.5907,9.712,0.047,9.653,0.004,9.495,0.026,9.45,0.024,9.419,0.021,9.61322,0.000347,9.66506,0.001556,9.53408,0.001074,9.385,0.024,9.422,0.019,9.416,0.043,8.151,0.271,OSFC,10.0,roquette25,10879.0,1.77973,2.83
200519481,3.337863868794835e+18,82.96851541,9.385774423,2.50012,14.113,17.577,0.047,16.067,0.195,12.448,0.022,11.73,0.025,11.454,0.022,15.1868,0.002982,16.4296,0.013494,14.0701,0.005985,11.384,0.023,11.306,0.021,11.421,0.206,8.391,,OSFC,10.0,roquette25,3738.0,1.27519,0.56
200525203,3.3379659172182144e+18,83.11534982,9.630428379,2.43403,14.5289,18.847,0.162,16.544,0.126,12.992,0.022,12.246,0.026,12.02,0.027,15.5547,0.002143,16.7005,0.009966,14.4906,0.005812,12.009,0.024,11.94,0.023,12.141,0.366,8.804,,OSFC,10.0,roquette25,3858.0,1.00394,0.59
200525421,3.338166986111279e+18,83.02769239,9.899467298,2.55596,11.7364,13.184,0.016,12.546,0.08,10.891,0.022,10.477,0.023,10.371,0.022,12.299,0.001694,12.7679,0.006947,11.6846,0.005211,10.281,0.023,10.309,0.02,10.271,0.08,9.04,,OSFC,10.0,roquette25,5650.0,1.50242,1.0
284997053,3.3391149068689526e+18,82.4534125,11.113533333333333,2.3407,14.268,17.319,-0.123,15.975,0.206,12.781,0.025,12.074,0.031,11.864,0.027,15.2303,0.002481,16.2493,0.014736,14.2201,0.006385,11.763,0.023,11.722,0.022,12.182,0.408,8.438,,OSFC,10.0,roquette25,3974.0,1.09601,0.62
200515337,3.338178775797664e+18,82.8025054,10.02544689,2.51314,15.1585,19.555,0.164,17.4751,0.049,13.579,0.033,12.898,0.033,12.684,0.035,16.3726,0.002385,17.6959,0.019237,15.2129,0.00486,12.377,0.025,12.249,0.025,11.562,0.283,8.669,,OSFC,10.0,roquette25,3441.0,0.667102,0.639794
200591757,3.336143197519784e+18,85.373101,9.122326,2.52133,12.2867,14.695,0.2,13.562,0.146,10.928,,10.329,,10.017,0.036,13.0437,0.008824,13.7401,0.033269,12.2167,0.021541,9.526,0.022,9.018,0.021,6.953,0.017,5.217,0.034,OSFC,10.0,roquette25,4559.32,1.68631,
284995176,3.3391100621458877e+18,82.31635877,11.04843671,2.53762,14.8818,19.268,0.162,,,12.991,0.022,12.358,0.028,12.102,0.023,16.1027,0.001233,17.7006,0.02943,14.8437,0.003883,11.959,0.024,11.781,0.023,11.334,0.223,8.508,,OSFC,10.0,roquette25,3411.0,1.12069,0.41
284200846,3.334832343438708e+18,84.43947694,8.956261962,2.79942,14.0699,18.148,0.162,16.367,0.194,12.287,0.022,11.592,0.023,11.327,0.019,15.1706,0.002263,16.5462,0.01683,13.9987,0.005947,11.208,0.024,11.063,0.021,10.779,0.127,8.732,,OSFC,10.0,roquette25,3521.0,1.2136,0.47
436098476,3.337887748813618e+18,83.82940917,9.376120317,2.60478,14.3587,18.315,0.164,16.071,0.583,12.855,0.024,12.099,0.022,11.909,0.023,15.3757,0.003195,16.5189,0.013691,14.3061,0.007037,11.755,0.023,11.663,0.021,12.153,,8.87,,OSFC,10.0,roquette25,3808.0,1.00725,0.58
144546397,3.3363987652538906e+18,84.59165886,9.417538998,2.70302,14.2041,18.565,0.162,16.558,0.206,12.375,0.022,11.674,0.022,11.466,0.023,15.3685,0.003874,16.8306,0.018346,14.1629,0.00837,11.305,0.024,11.134,0.02,11.292,0.211,8.979,,OSFC,10.0,roquette25,3531.0,1.29299,
436246042,3.3407224916524017e+18,83.98768574,11.8187488,2.60021,15.2236,19.448,0.164,17.6733,0.0483,13.58,0.029,12.941,0.033,12.718,0.033,16.4689,0.001213,17.8848,0.016089,15.2869,0.003887,12.588,0.024,12.422,0.025,11.796,,8.462,,OSFC,10.0,roquette25,3380.0,0.646522,0.624514
156187711,3.3360935133397955e+18,86.26714583333332,9.081213889,2.47928,14.0618,18.567,0.162,16.326,0.114,12.333,0.024,11.458,0.022,11.13,0.02,15.2518,0.004861,16.5688,0.020153,14.098,0.013082,10.78,0.023,10.244,0.021,6.698,0.016,4.011,0.021,OSFC,10.0,roquette25,3988.0,1.6028,
200540082,3.340614675089184e+18,83.24776666666668,11.654069444444444,2.49781,13.3697,16.433,0.108,14.908,0.057,11.862,0.025,11.182,0.024,10.995,0.024,14.2833,0.004249,15.2242,0.016276,13.319,0.012106,10.866,0.023,10.78,0.02,10.347,0.078,8.633,,OSFC,10.0,roquette25,4028.0,1.48739,
284999221,3.337832738871787e+18,82.49660543,9.140891183,2.53982,13.2918,15.795,0.11,15.018,0.126,11.786,0.026,11.044,0.031,10.879,0.023,14.2539,0.002243,15.2794,0.01264,13.2436,0.005503,10.716,0.022,10.502,0.02,7.2,0.015,5.062,0.033,OSFC,10.0,roquette25,3963.0,1.57343,
200588087,3.339802376514614e+18,83.26313333333333,10.93562222222222,2.38861,13.6817,17.099,0.273,15.744,0.069,11.884,0.025,11.152,0.024,10.948,0.023,14.7438,0.003264,15.9779,0.016545,13.6329,0.008225,10.908,0.023,10.8,0.021,10.813,0.116,8.741,0.456,OSFC,10.0,roquette25,3723.0,1.59884,
284911937,3.338015463961034e+18,82.31374842,9.150640786,2.49833,13.9016,17.181,0.0,15.88,0.149,12.293,0.023,11.521,0.03,11.313,0.026,14.9064,0.00415,16.0079,0.01749,13.8517,0.010095,11.247,0.023,11.161,0.021,11.08,0.158,8.498,,OSFC,10.0,roquette25,3889.0,1.26451,0.6
284998878,3.3380526068381245e+18,82.51821857,9.449723903,2.36564,12.8721,15.197,0.089,13.962,0.092,11.672,0.023,11.075,0.03,10.899,0.021,13.624,0.004515,14.3139,0.018099,12.8182,0.013517,10.829,0.022,10.836,0.02,10.562,0.096,8.752,,OSFC,10.0,roquette25,4478.4,1.56435,
284912372,3.3380457005307305e+18,82.30924257,9.527011641,2.48663,15.1859,19.559,0.163,17.8168,0.0487,13.511,0.027,12.754,0.033,12.548,0.031,16.479,0.001344,18.0015,0.01632,15.2604,0.00479,12.398,0.024,12.26,0.023,12.124,0.339,9.097,,OSFC,10.0,roquette25,3308.0,0.69824,0.662238
715999597,3.338003227598312e+18,83.65116666666665,9.925605555555556,0.12025,19.2141,,,19.7549,0.0683,,,,,,,19.6258,0.006849,19.389,0.174886,18.6062,0.043611,,,,,,,,,OSFC,10.0,roquette25,,,
200540802,3.339798798804452e+18,83.24653333333335,10.882311111111113,2.49812,13.5888,16.297,0.095,14.932,0.103,11.754,0.025,11.098,0.025,10.89,0.022,14.4831,0.003865,15.3751,0.018848,13.5124,0.012882,10.807,0.023,10.749,0.02,10.556,0.091,8.113,0.261,OSFC,10.0,roquette25,4042.0,,
715999716,3.338005293475887e+18,83.783125,10.001736111111107,,17.983,,,20.1003,0.181,,,,,,,19.0406,0.005486,19.9153,0.204928,17.4821,0.02086,,,,,,,,,OSFC,10.0,roquette25,,,
436248363,3.339443385968402e+18,84.19525,9.91417,1.15767,12.3725,14.905,0.052,13.501,0.092,11.196,0.024,10.618,0.022,10.459,0.023,13.1496,0.000367,13.8696,0.004132,12.3372,0.000969,10.363,0.023,10.445,0.021,10.301,0.072,8.704,,OSFC,10.0,roquette25,4926.7,3.44752,
156187576,3.336204155993987e+18,86.22006666666668,9.218105555555557,2.47664,13.2516,16.147,0.118,14.639,0.149,11.754,0.021,11.066,0.024,10.833,0.025,14.0838,0.004997,14.9166,0.017314,13.189,0.015156,10.523,0.023,10.337,0.02,9.52,0.045,5.081,0.034,OSFC,10.0,roquette25,4092.0,1.39912,
284284089,3.3361594196141476e+18,85.96807499999998,9.283422222,2.41922,14.503,18.868,0.162,,,12.599,0.027,11.932,0.023,11.684,0.019,15.7508,0.000897,17.4494,0.027198,14.4809,0.00163,11.543,0.023,11.369,0.022,11.436,0.215,8.914,,OSFC,10.0,roquette25,3328.0,1.49007,
200539981,3.34066367207606e+18,83.24574166666669,11.772072222222222,2.50046,12.7453,15.272,0.029,14.041,0.045,12.515,0.028,11.352,0.024,10.626,0.022,13.5491,0.00351,14.3153,0.01309,12.6784,0.009107,10.493,0.023,10.41,0.02,8.091,0.022,4.395,0.029,OSFC,10.0,roquette25,4305.82,1.60329,
200639700,3.336160995866232e+18,85.88991666666666,9.282336111,,13.0849,16.137,0.166,14.952,0.092,11.378,0.026,10.694,0.023,10.464,0.02,14.0508,0.00681,15.085,0.021026,12.9489,0.013129,10.27,0.023,10.151,0.021,9.978,0.06,8.738,0.424,OSFC,10.0,roquette25,,,
200639561,3.33615085974323e+18,85.88413333333334,9.156758333333332,,13.2138,16.711,0.164,14.618,0.16,11.293,0.025,10.552,0.02,10.185,0.022,14.1326,0.018632,14.9221,0.015939,12.9276,0.006136,9.802,0.022,9.286,0.02,7.228,0.017,5.227,0.032,OSFC,10.0,roquette25,,,
200640092,3.336276277084513e+18,85.86807916666666,9.619061111111112,5.74283,11.677,14.495,0.095,12.9,0.08,10.307,0.024,9.682,0.023,9.524,0.022,12.511,0.003565,13.3567,0.013913,11.6091,0.008084,9.458,0.023,9.402,0.02,9.276,0.039,8.346,0.355,OSFC,10.0,roquette25,4027.0,1.26696,0.629
200639477,3.3361494552900925e+18,85.84675,9.092188889,,12.4428,14.949,0.29,12.906,0.206,10.342,0.025,9.623,0.022,9.237,0.02,13.2569,0.037624,13.614,0.02805,11.9118,0.022717,8.607,0.022,8.183,0.018,7.054,0.017,5.608,0.038,OSFC,10.0,roquette25,,,
284199852,3.33942706509068e+18,84.35687916666666,9.828722222222224,,14.4301,18.452,0.163,16.6422,0.0503,12.515,0.028,11.857,0.025,11.622,0.021,15.5114,0.006313,16.7113,0.019595,14.1958,0.011114,11.461,0.023,11.3,0.023,11.058,0.236,8.512,,OSFC,10.0,roquette25,,,
200639492,3.336149519712869e+18,85.83716666666668,9.101977777777778,2.52095,11.7577,14.022,0.332,13.056,0.126,10.074,0.025,9.132,0.02,8.411,0.02,12.5723,0.014671,13.3437,0.058696,11.6701,0.037645,7.61,0.03,7.084,0.019,5.442,0.016,3.292,0.023,OSFC,10.0,roquette25,4211.0,2.58683,
302761607,3.3408789358364575e+18,82.80204,12.131799697875977,2.44694,15.4666,,,,,13.29,0.023,12.518,0.024,12.209,0.023,16.7597,0.00281,18.6388,0.044528,15.4244,0.007418,12.117,0.025,11.918,0.022,11.987,,7.737,,OSFC,10.0,roquette25,3156.0,,
309795683,3.3361669443942646e+18,85.72915,9.250408333333334,,13.8101,16.779,0.0,15.346,0.206,11.645,0.023,10.887,0.025,10.56,0.02,14.7951,0.020057,15.5121,0.020358,13.3167,0.021825,9.938,0.022,9.4,0.018,7.293,0.017,5.755,0.038,OSFC,10.0,roquette25,,,
200604904,3.3361791721666104e+18,85.64587499999999,9.442641666666669,,14.323,17.761,0.0,15.93,0.4,12.095,0.022,11.353,0.021,11.137,0.022,15.3916,0.026574,16.2389,0.017267,13.7678,0.002308,11.05,0.024,10.95,0.021,10.851,0.131,8.73,,OSFC,10.0,roquette25,,,
200605165,3.3363702509687035e+18,85.63517500000002,9.572938888888888,2.71692,14.4747,18.55,0.163,,,12.648,0.025,11.978,0.026,11.672,0.026,15.6905,0.003101,17.2809,0.021137,14.4464,0.006276,11.432,0.023,11.094,0.022,9.895,0.062,8.151,0.304,OSFC,10.0,roquette25,3430.0,1.24873,
436008450,3.337900908593416e+18,83.72395833333333,9.449308333333333,2.46835,14.2485,20.202,0.166,15.808,0.275,12.642,0.026,11.907,0.026,11.752,0.024,15.1885,0.003739,16.1898,0.013563,14.1752,0.010569,11.602,0.023,11.534,0.02,11.34,0.185,8.026,0.349,OSFC,10.0,roquette25,3919.0,0.996048,0.609
290174508,3.3363723812702756e+18,85.4733125,9.562536111,,14.1238,17.671,0.0,16.429,0.217,12.293,0.023,11.608,0.027,11.355,0.022,15.1973,0.006692,16.4749,0.014647,13.9867,0.007253,11.284,0.023,11.153,0.021,10.854,0.129,8.663,0.425,OSFC,10.0,roquette25,,,
284284126,3.336159557053093e+18,85.98575416666667,9.304694444444443,2.65707,15.2178,18.425,0.164,16.717,1.133,12.854,0.026,12.036,0.023,11.672,0.021,16.3422,0.03756,17.6467,0.101044,15.1196,0.104937,11.231,0.023,10.829,0.022,10.1,0.059,7.272,0.14,OSFC,10.0,roquette25,3628.0,0.773094,0.52
200592903,3.336554346149966e+18,85.38196666666668,10.173902777777778,2.63133,12.8975,16.258,0.166,14.795,0.114,11.332,0.025,10.6,0.022,10.379,0.022,13.8981,0.001765,15.01,0.008049,12.8422,0.006031,10.242,0.022,10.164,0.018,9.919,0.06,8.818,,OSFC,10.0,roquette25,3838.0,1.90394,
200592827,3.3365405721917865e+18,85.345,10.112108333333332,2.28771,12.4391,14.243,0.054,13.251,0.103,11.582,0.024,11.08,0.022,10.994,0.024,13.0341,0.003281,13.5291,0.011022,12.378,0.009996,10.926,0.023,10.945,0.021,10.885,0.132,8.969,,OSFC,10.0,roquette25,4881.21,1.65509,
435934927,3.3406106893594967e+18,83.423868,11.615748,2.54759,14.7108,18.736,0.163,17.037,0.252,13.041,0.026,12.282,0.022,11.877,0.023,15.8293,0.004957,17.1723,0.0259,14.6441,0.007067,11.679,0.024,11.333,0.022,9.984,0.064,7.294,0.108,OSFC,10.0,roquette25,3608.0,1.00864,0.512
144702974,3.3364500299833687e+18,85.00854583333332,9.925388888888888,3.6538,12.0252,13.789,0.089,12.898,0.092,11.136,0.022,10.646,0.028,10.503,0.023,12.6345,0.001671,13.1582,0.006867,11.9659,0.004614,10.396,0.024,10.415,0.021,10.329,0.091,9.023,,OSFC,10.0,roquette25,5341.96,0.886568,0.923
144697607,3.3364471137032387e+18,84.95004583333333,9.850730555555558,2.54001,15.296,19.768,0.162,,,13.507,0.023,12.806,0.023,12.462,0.03,16.6255,0.015478,18.1514,0.055959,15.3733,0.034536,11.927,0.024,11.429,0.021,9.967,0.059,8.101,0.259,OSFC,10.0,roquette25,3290.0,0.706471,0.668077
284284773,3.3364732614645944e+18,85.98150416666668,9.8086,2.31828,13.2703,16.646,0.07,15.376,0.286,11.696,0.022,10.946,0.021,10.742,0.021,14.2846,0.002804,15.4303,0.01259,13.224,0.006794,10.632,0.023,10.572,0.02,10.537,0.092,8.975,,OSFC,10.0,roquette25,3810.0,1.85881,
200517085,3.3409673434431816e+18,82.97058,12.048800468444824,2.63377,15.8784,19.964,0.163,,,13.788,0.031,13.186,0.031,12.853,0.04,17.4185,0.003015,19.5485,0.090062,16.0144,0.005878,12.771,0.025,12.526,0.024,12.148,0.386,8.907,,OSFC,10.0,roquette25,2953.0,0.617549,0.602176
144666722,3.3364203474671196e+18,84.79221250000002,9.667088889,2.67942,14.6332,19.17,0.162,,,12.814,0.026,12.123,0.022,11.885,0.026,15.8626,0.001665,17.4773,0.013521,14.605,0.004705,11.75,0.024,11.558,0.022,11.11,0.184,8.701,,OSFC,10.0,roquette25,3413.0,1.20579,0.41
144666702,3.336420656704762e+18,84.77842931,9.686798177,2.52216,14.9413,18.516,0.167,17.302,0.0513,13.052,0.039,12.438,0.049,12.09,0.037,16.094,0.001281,17.4701,0.02348,14.8682,0.009406,11.801,0.024,11.629,0.022,11.552,0.189,8.789,,OSFC,10.0,roquette25,3598.0,0.963149,0.51
144666385,3.339455136998692e+18,84.747725,9.957205555555555,2.50216,14.8806,19.266,0.162,17.4002,0.0502,13.05,0.026,12.384,0.022,12.184,0.027,16.0644,0.002575,17.585,0.019485,14.846,0.008574,12.012,0.023,11.835,0.022,11.525,0.264,8.814,,OSFC,10.0,roquette25,3480.0,1.0598,0.45
436153859,3.3379376391536256e+18,83.97868,9.73417,0.681008,11.68,14.034,0.034,12.838,0.103,10.54,0.023,9.912,0.022,9.777,0.021,12.4361,0.000267,13.131,0.001758,11.6416,0.001329,9.652,0.023,9.708,0.021,9.612,0.048,8.394,,OSFC,10.0,roquette25,4823.32,8.20595,
144616828,3.339431188261077e+18,84.67932916666666,9.930544444444443,2.4052,14.8317,19.37,0.162,,,13.01,0.023,12.289,0.021,12.106,0.024,16.0385,0.001139,17.6579,0.014591,14.7918,0.003072,11.967,0.024,11.794,0.022,11.668,0.244,8.812,,OSFC,10.0,roquette25,3357.0,1.20413,0.37
144617252,3.339482178112722e+18,84.65269583333333,10.285783333333336,2.1998,14.6704,18.315,0.164,17.0478,0.0502,12.861,0.026,12.117,0.022,11.883,0.021,15.8228,0.003581,17.253,0.020506,14.6324,0.007942,11.815,0.024,11.686,0.022,11.625,0.235,8.655,,OSFC,10.0,roquette25,3568.0,1.25405,0.49
144546338,3.336411001616033e+18,84.581825,9.471380555555555,,14.9056,18.768,0.162,16.773,1.133,12.484,0.026,11.772,0.022,11.561,0.026,16.0673,0.003105,17.0201,0.006637,14.2073,0.00842,11.374,0.023,11.212,0.021,11.229,0.157,8.542,,OSFC,10.0,roquette25,,,
284199380,3.339524814250524e+18,84.39265833333336,10.232430555555556,2.44248,15.094,19.356,0.163,17.079,1.133,13.362,0.027,12.664,0.022,12.405,0.03,16.2548,0.001593,17.6758,0.015334,15.0635,0.004632,12.295,0.024,12.183,0.023,12.377,0.495,8.804,,OSFC,10.0,roquette25,3607.0,0.936891,0.51
436248383,3.3394987051470316e+18,84.19633333333333,10.097747222222225,2.47955,13.885,17.355,0.166,15.681,0.275,12.454,0.026,11.744,0.022,11.546,0.026,14.8525,0.008386,15.8565,0.029923,13.8501,0.020531,11.409,0.023,11.368,0.022,10.81,0.186,8.605,0.396,OSFC,10.0,roquette25,4047.0,1.27628,0.63
436337242,3.3394534190118287e+18,84.3455625,10.1181,2.51504,15.1048,19.036,0.163,16.918,1.133,13.337,0.023,12.689,0.022,12.426,0.027,16.2251,0.001302,17.5716,0.014369,15.0523,0.003844,12.339,0.023,12.219,0.024,11.519,0.259,8.282,,OSFC,10.0,roquette25,3627.0,0.85435,0.52
436008726,3.339718225218782e+18,83.50987,10.36854,0.0472497,12.6401,15.968,0.045,14.247,0.16,11.15,0.027,10.317,0.022,10.095,0.023,13.598,0.000742,14.5771,0.002559,12.6317,0.001715,9.97,0.022,10.087,0.02,9.802,0.054,8.482,,OSFC,10.0,roquette25,4299.0,32.4324,
436331620,3.3349128483055457e+18,84.28371657,9.461406916,2.41542,14.773,18.507,0.164,16.9543,0.0465,13.133,0.026,12.44,0.023,12.226,0.024,15.8767,0.002101,17.1985,0.007709,14.7443,0.004433,12.125,0.023,12.016,0.023,11.661,0.28,8.839,,OSFC,10.0,roquette25,3679.0,1.01245,0.54
436012515,3.3379913734888294e+18,83.71911,9.93057,2.60675,15.8091,,,18.0076,0.1803,13.407,0.03,12.563,0.027,12.164,0.022,16.906,0.049406,18.1091,0.118948,15.6271,0.151897,11.273,0.023,10.686,0.02,9.402,0.04,7.51,0.125,OSFC,10.0,roquette25,3613.0,0.577532,0.51
200640498,3.3364929152348867e+18,85.92532500000002,10.039119444444443,2.36482,12.7486,15.32,0.213,14.346,0.149,11.173,0.024,10.418,0.022,10.01,0.02,13.587,0.010848,14.338,0.041045,12.6037,0.033763,9.264,0.022,8.773,0.021,7.537,0.019,6.151,0.071,OSFC,10.0,roquette25,4122.0,1.85163,
436158992,3.33949788051304e+18,84.04316666666666,10.148583333333336,0.133942,12.8609,16.593,0.036,14.724,0.137,11.23,0.024,10.329,0.023,10.088,0.019,13.887,0.00059,14.9706,0.00506,12.8572,0.002692,9.965,0.022,10.086,0.022,9.885,0.055,8.741,,OSFC,10.0,roquette25,4057.3,30.8734,
284284877,3.336477522072141e+18,85.935875,9.883747222222222,2.43405,12.219,15.657,0.166,13.688,0.103,10.734,0.026,10.067,0.026,9.831,0.025,13.0882,0.005834,13.835,0.021663,12.0556,0.015971,9.734,0.023,9.644,0.02,9.48,0.043,8.762,0.439,OSFC,10.0,roquette25,4228.0,,
436098497,3.3379284307438126e+18,83.78462,9.56473,0.374618,12.8828,15.262,0.106,14.063,0.069,11.698,0.027,11.108,0.023,10.984,0.024,13.6464,0.000266,14.3523,0.001514,12.8372,0.001262,10.83,0.023,10.888,0.021,10.607,0.1,8.98,,OSFC,10.0,roquette25,4684.0,8.4165,
436013377,3.33800381600718e+18,83.70629166666669,9.979961111,,16.2384,,,,,14.14,0.031,13.543,0.037,13.228,0.039,17.7356,0.002378,19.1095,0.179432,16.3163,0.004654,13.132,0.025,12.836,0.028,12.164,0.446,9.061,,OSFC,10.0,roquette25,3282.0,0.510336,0.508177
436098496,3.337925372727105e+18,83.78983333333335,9.536038889,2.45865,12.7062,14.955,0.079,13.94,0.149,11.725,0.024,11.115,0.022,10.99,0.024,13.4163,0.002303,14.0654,0.009211,12.6525,0.006194,10.84,0.023,10.863,0.021,10.366,0.083,8.7,0.44,OSFC,10.0,roquette25,4525.19,1.48293,
200639875,3.336176187166454e+18,85.90262083333334,9.415416666666667,2.37464,13.2803,16.514,0.096,15.055,0.149,11.663,0.025,10.948,0.023,10.762,0.022,14.2245,0.007053,15.2293,0.029725,13.213,0.017947,10.652,0.023,10.543,0.021,10.564,0.088,8.971,,OSFC,10.0,roquette25,3933.0,1.63001,
436158883,3.3379921336984146e+18,83.8734,9.93554,1.2126,12.3069,14.78,0.018,13.473,0.114,11.087,0.024,10.489,0.022,10.353,0.021,13.0996,0.000538,13.8346,0.002162,12.2703,0.001646,10.249,0.022,10.292,0.019,10.223,0.075,8.768,,OSFC,10.0,roquette25,4810.0,3.67362,
436158747,3.33792787669117e+18,83.95575000000001,9.638452777777776,2.44229,14.2555,17.474,0.179,15.888,0.195,12.644,0.023,11.939,0.023,11.709,0.021,15.236,0.003228,16.3114,0.019447,14.1903,0.005511,11.677,0.024,11.62,0.022,12.157,0.464,8.942,,OSFC,10.0,roquette25,3855.0,1.0637,0.594
436013427,3.3380105161584317e+18,83.71136,10.13478,0.371041,12.3002,15.115,0.039,13.703,0.08,10.981,0.026,10.29,0.026,10.099,0.019,13.1666,0.000505,14.0002,0.002099,12.2759,0.001324,9.991,0.022,10.07,0.019,10.071,0.061,8.979,,OSFC,10.0,roquette25,4621.0,12.9443,
436101474,3.3379804814513567e+18,83.75045833333334,9.77065,2.42413,16.6854,,,,,14.768,0.044,14.044,0.042,13.821,0.044,18.182,0.002305,19.9036,0.06683,16.7882,0.005083,13.623,0.028,13.34,0.031,12.455,0.495,8.578,,OSFC,10.0,roquette25,3129.0,0.484831,0.482866
200588717,3.3407575428795566e+18,83.26414583333333,11.796738888888887,,13.4458,15.651,0.067,14.438,0.06,11.856,0.022,11.202,0.021,11.088,0.023,14.2324,0.011459,14.7817,0.014285,13.1518,0.008533,11.039,0.023,11.039,0.02,10.984,0.137,9.039,,OSFC,10.0,roquette25,4119.27,,
436158856,3.337939524643713e+18,83.98791666666668,9.781363888888889,2.40595,14.4177,18.861,0.163,16.7837,0.0487,12.755,0.03,12.004,0.023,11.775,0.023,15.575,0.001187,16.994,0.018004,14.3913,0.002379,11.641,0.023,11.512,0.021,11.336,0.2,8.649,,OSFC,10.0,roquette25,3611.0,1.29395,
436013289,3.3379960464129454e+18,83.5164,9.87008,2.63552,14.6817,17.962,0.165,16.7604,0.0985,13.001,0.024,12.05,0.024,11.551,0.024,15.7639,0.022126,16.9787,0.068932,14.621,0.075709,10.905,0.022,10.538,0.021,9.398,0.041,7.461,0.149,OSFC,10.0,roquette25,3774.0,0.943189,0.572
200540937,3.339789319814075e+18,83.19543333333333,10.731786111111113,2.67127,14.8532,19.467,0.162,16.908,0.217,13.221,0.027,12.504,0.027,12.265,0.028,15.9756,0.001174,17.3723,0.007499,14.8076,0.00291,12.134,0.024,12.013,0.023,11.705,,9.036,,OSFC,10.0,roquette25,3562.0,0.910462,0.49
200540489,3.340562173409367e+18,83.14460416666665,11.214627777777778,2.40966,14.3625,17.868,0.0,16.515,0.492,12.731,0.028,11.957,0.026,11.761,0.026,15.45,0.001605,16.7269,0.014278,14.3192,0.004224,11.652,0.023,11.568,0.021,9.343,0.035,6.007,0.053,OSFC,10.0,roquette25,3702.0,1.19921,0.55
716188126,3.340778811560094e+18,83.12231666666666,12.023297222222222,1.20668,14.1936,,,16.432,0.0479,,,,,,,15.2813,0.009768,16.4702,0.009438,13.9322,0.005783,,,,,,,,,OSFC,10.0,roquette25,,,
200527281,3.3407740699162363e+18,83.10921666666667,11.906730555555557,2.45632,13.7078,18.371,0.161,15.9767,0.0466,11.966,0.021,11.243,0.046,11.043,0.031,14.8157,0.001281,16.1956,0.006963,13.646,0.00566,10.733,0.023,10.543,0.02,9.997,0.065,8.52,0.351,OSFC,10.0,roquette25,3604.91,1.54761,
436013351,3.3380025790589204e+18,83.52881,10.01681,2.47632,10.9728,12.558,0.035,11.854,0.057,10.194,0.024,9.736,0.027,9.589,0.021,11.5468,0.003666,12.0295,0.011917,10.915,0.013591,9.538,0.026,9.566,0.024,9.55,0.061,8.387,,OSFC,10.0,roquette25,5036.55,2.50478,
200526672,3.3405748521526e+18,83.02717083333333,11.25051388888889,2.2566,12.4463,14.729,0.034,13.756,0.114,11.207,0.022,10.551,0.023,10.392,0.022,13.2366,0.001716,13.9844,0.009779,12.3878,0.005642,10.262,0.023,10.234,0.021,10.193,0.071,8.542,,OSFC,10.0,roquette25,4417.0,1.95107,
436155842,3.3379892088254525e+18,83.931,9.907299999999998,2.16642,16.1772,,,,,14.265,0.03,13.638,0.035,13.375,0.04,17.648,0.002413,19.4737,0.060009,16.286,0.007207,13.218,0.025,12.986,0.028,12.449,,8.112,,OSFC,10.0,roquette25,3096.0,0.601683,0.58946
200517783,3.340576501420064e+18,82.94802916666667,11.247569444444444,,14.6377,19.264,0.162,17.209,1.133,12.321,0.025,11.643,0.024,11.363,0.024,15.8746,0.016843,17.4625,0.012359,14.3407,0.003907,11.195,0.023,10.889,0.02,9.889,0.055,7.645,0.155,OSFC,10.0,roquette25,,,
436013191,3.33790279837904e+18,83.64658333333334,9.463802777777778,2.49256,14.5576,20.218,0.165,16.638,0.275,12.77,0.024,12.067,0.024,11.857,0.025,15.7073,0.00165,17.105,0.009868,14.5174,0.004168,11.739,0.023,11.6,0.022,11.576,0.224,8.507,,OSFC,10.0,roquette25,3612.0,1.15616,0.51
200517776,3.340576501420062e+18,82.94303333333333,11.255672222222222,2.33406,13.2798,16.512,0.085,15.078,0.16,11.704,0.025,10.974,0.023,10.778,0.022,14.2527,0.002604,15.313,0.012858,13.2228,0.005521,10.674,0.023,10.604,0.02,10.251,0.082,8.341,0.302,OSFC,10.0,roquette25,3896.0,1.71937,
156391662,3.3352624586440407e+18,86.939325,8.555474,2.55394,13.3249,16.357,0.134,14.953,0.126,11.734,0.023,10.884,0.022,10.474,0.021,14.2587,0.002255,15.2413,0.009362,13.2495,0.005289,9.915,0.022,9.416,0.02,6.938,0.016,5.189,0.04,OSFC,10.0,roquette25,3941.0,1.46482,
200517411,3.3406584150362086e+18,82.93861036,11.63192701,,14.8626,19.573,0.166,,,12.981,0.044,12.343,0.046,12.057,0.049,16.2896,0.002528,18.0792,0.025169,14.9663,0.003369,11.904,0.033,11.691,0.034,11.831,0.373,8.17,,OSFC,10.0,roquette25,3130.0,0.621136,0.605001
436153928,3.3379402504936955e+18,84.06929166666669,9.846802777777778,2.50507,13.5899,16.721,0.051,15.267,0.126,11.991,0.024,11.284,0.022,11.09,0.023,14.5476,0.004369,15.5491,0.031769,13.5275,0.01197,10.893,0.023,10.781,0.019,10.53,0.104,8.274,,OSFC,10.0,roquette25,3972.0,1.3904,
200517192,3.340681981520083e+18,82.91629999999999,11.846725,2.64272,15.0467,,,17.5081,0.0497,13.154,0.031,12.507,0.029,12.25,0.034,16.2174,0.002177,17.6782,0.018798,14.9868,0.007422,12.053,0.023,11.852,0.023,9.849,0.056,7.399,0.156,OSFC,10.0,roquette25,3513.0,0.907811,0.47
302761576,3.3409728066415826e+18,82.8315,12.161399841308594,2.63356,15.394,19.565,0.162,,,13.378,0.023,12.766,0.026,12.451,0.023,16.881,0.001669,18.768,0.045352,15.5088,0.005199,12.376,0.025,12.112,0.023,10.261,,7.201,,OSFC,10.0,roquette25,3064.0,0.693394,0.658786
302761847,3.3408728198030387e+18,82.90668333333333,11.971808333333334,0.204725,13.4323,15.898,0.056,14.515,0.08,12.192,0.02,11.599,0.021,11.449,0.019,14.2153,0.000396,14.9442,0.002812,13.3892,0.002086,11.337,0.023,11.398,0.021,10.858,0.132,8.834,,OSFC,10.0,roquette25,5004.67,9.22011,
200518168,3.339044774345788e+18,82.89429583333335,10.830297222222224,,14.1477,18.146,0.163,16.383,0.149,12.314,0.028,11.619,0.025,11.371,0.025,15.1836,0.01444,16.2532,0.011282,13.8931,0.008022,11.274,0.023,11.165,0.021,11.199,0.172,8.689,,OSFC,10.0,roquette25,,,
200517218,3.3406815047803453e+18,82.894075,11.82495,,13.3731,16.603,0.048,14.95,0.046,11.684,0.026,10.986,0.024,10.751,0.022,14.3324,0.00523,15.3537,0.006696,13.2377,0.00503,10.725,0.024,10.667,0.021,10.597,0.087,8.291,,OSFC,10.0,roquette25,,,
436008528,3.3379586630168893e+18,83.52325,9.712986111,2.44259,11.7148,13.729,0.038,12.723,0.092,10.801,0.023,10.262,0.024,10.125,0.021,12.3728,0.001834,12.9499,0.007775,11.6702,0.004341,10.043,0.023,10.048,0.021,10.14,0.097,8.631,,OSFC,10.0,roquette25,5225.0,1.89635,0.891
436011109,3.337991270409604e+18,83.71954,9.908499717712402,2.31345,15.9094,,,18.2946,0.0589,14.157,0.035,13.497,0.032,13.268,0.035,17.2282,0.001933,18.4012,0.04309,15.9601,0.00369,12.982,0.025,12.784,0.026,12.578,,8.706,,OSFC,10.0,roquette25,3465.0,0.593532,0.58278
200517965,3.340564849172298e+18,82.89229583333334,11.062536111111111,,14.6451,18.425,0.164,16.672,0.195,12.855,0.029,12.135,0.027,11.915,0.028,15.7066,0.003645,16.9508,0.008722,14.5042,0.005007,11.786,0.022,11.692,0.022,11.293,0.224,8.191,,OSFC,10.0,roquette25,,,
200515765,3.3382829201641866e+18,82.86251068,10.56613827,2.36538,14.6986,18.438,0.161,17.047,1.133,12.71,,12.052,,12.042,0.062,15.8085,0.002013,17.1486,0.009605,14.6479,0.005863,11.563,0.024,11.446,0.022,11.621,0.274,8.479,,OSFC,10.0,roquette25,3647.65,1.05544,0.53
200516522,3.3406267697172746e+18,82.861875,11.392441666666668,2.43524,14.6211,18.533,0.163,16.9771,0.0476,12.871,0.024,12.169,0.028,11.895,0.03,15.7605,0.001741,17.1916,0.013138,14.5802,0.004534,11.801,0.023,11.7,0.022,11.638,0.252,8.816,,OSFC,10.0,roquette25,3542.0,1.1389,0.481
436160997,3.33792798406718e+18,83.90191,9.63523,2.29716,15.0556,,,17.5252,0.0502,13.263,0.026,12.561,0.022,12.303,0.027,16.2389,0.001484,17.7039,0.021643,15.0172,0.002516,12.114,0.024,11.972,0.023,11.863,0.354,8.809,,OSFC,10.0,roquette25,3560.0,1.05088,0.49
302761584,3.34097273362648e+18,82.83554,12.15470027923584,2.4114,14.9208,20.299,0.166,,,12.72,0.023,12.096,0.024,11.797,0.02,16.2607,0.001813,18.3006,0.026162,14.8816,0.005226,11.586,0.028,11.266,0.022,10.049,0.421,6.48,0.22,OSFC,10.0,roquette25,3069.0,,
436337191,3.3394374760933156e+18,84.25352,9.81792,2.56801,11.4416,13.287,0.031,12.362,0.069,10.585,0.024,10.152,0.025,9.99,0.023,12.0448,0.002614,12.5588,0.009805,11.3925,0.007725,9.916,0.023,9.928,0.021,9.846,0.057,8.568,,OSFC,10.0,roquette25,5248.11,2.01012,0.9
436162167,3.337933928301889e+18,84.00557,9.67664,2.3272,15.6115,19.959,0.163,18.1722,0.0742,13.894,0.026,13.237,0.022,12.982,0.039,16.9116,0.002461,18.3386,0.062779,15.6794,0.00278,12.881,0.024,12.74,0.026,12.208,0.397,8.835,,OSFC,10.0,roquette25,3349.0,0.642776,0.621684
436158932,3.3394913865228093e+18,84.0452,10.02155,0.151331,13.3725,16.601,0.167,14.705,0.126,12.109,0.024,11.491,0.022,11.349,0.021,14.1789,0.000359,14.9211,0.002234,13.3352,0.000943,11.192,0.023,11.243,0.022,11.104,0.143,8.972,0.531,OSFC,10.0,roquette25,4912.0,13.8206,
200517048,3.3408779351087606e+18,82.82204,12.096599578857422,2.45244,15.6571,20.164,0.163,,,13.224,0.031,12.324,0.029,11.972,0.029,17.016,0.001847,19.0971,0.027486,15.5854,0.010408,11.808,0.024,11.617,0.022,11.1,,8.244,,OSFC,10.0,roquette25,3035.0,,
436248291,3.337919806449424e+18,84.11102,9.56057,1.00058,12.6356,14.872,0.047,13.657,0.103,11.514,0.024,11.018,0.023,10.865,0.021,13.3426,0.000296,13.9749,0.002092,12.589,0.001067,10.801,0.024,10.861,0.02,10.76,0.123,8.881,,OSFC,10.0,roquette25,4971.0,3.29628,
436008682,3.3380103443597363e+18,83.7338,10.13502,0.26419,13.5954,16.185,0.044,14.971,0.114,12.284,0.024,11.646,0.023,11.472,0.023,14.4262,0.000432,15.207,0.005371,13.5599,0.002973,11.299,0.023,11.375,0.02,11.325,0.169,8.811,,OSFC,10.0,roquette25,4793.84,8.44061,
200526630,3.3405737182812375e+18,83.05445416666666,11.21381388888889,2.38717,14.1671,18.135,0.163,16.304,0.103,12.442,0.022,11.722,0.023,11.497,0.023,15.2295,0.00223,16.4701,0.010605,14.1111,0.004428,11.387,0.023,11.268,0.022,10.853,0.125,8.593,,OSFC,10.0,roquette25,3701.0,1.27658,0.55
436103262,3.3379900033946655e+18,83.77479166666667,9.868833333333331,0.142126,13.2526,16.265,0.098,14.789,0.195,11.816,0.026,10.971,0.024,10.795,0.023,14.1721,0.000454,15.0788,0.003811,13.2275,0.001412,10.675,0.023,10.757,0.021,10.682,0.101,8.678,0.477,OSFC,10.0,roquette25,4429.0,17.9535,
436013412,3.338011134633736e+18,83.6129,10.14543,0.202423,13.2706,16.295,0.052,14.717,0.114,11.895,0.024,11.157,0.023,10.961,0.019,14.1888,0.000374,15.0716,0.002246,13.2681,0.001599,10.841,0.023,10.921,0.021,10.648,0.134,8.636,,OSFC,10.0,roquette25,4520.92,18.4088,
436154020,3.339517396844425e+18,83.97635,10.2787,0.650943,13.0723,15.408,0.082,14.356,0.092,11.872,0.023,11.304,0.023,11.123,0.019,13.8387,0.000366,14.5343,0.001617,13.0326,0.000661,11.069,0.024,11.113,0.021,12.162,0.406,9.013,,OSFC,10.0,roquette25,5077.19,4.29001,
436013472,3.3397015650427064e+18,83.7197,10.28973,0.353836,12.9479,15.222,0.018,14.109,0.069,11.8,0.026,11.302,0.022,11.156,0.019,13.6885,0.000563,14.3513,0.002453,12.9052,0.001539,11.081,0.024,11.124,0.021,11.317,0.245,8.938,,OSFC,10.0,roquette25,5380.06,7.00841,
436155211,3.33793282879026e+18,84.05171,9.64109993,2.07937,15.7153,20.473,0.162,,,13.866,0.024,13.255,0.031,13.014,0.035,17.0934,0.001802,18.6198,0.136324,15.796,0.01029,12.898,0.025,12.691,0.027,12.04,,8.787,,OSFC,10.0,roquette25,3267.0,0.683361,0.651596
156143922,3.336110525706709e+18,86.15409583333334,9.222513888888887,2.48339,14.3691,19.264,0.162,17.186,0.423,12.329,0.023,11.658,0.027,11.327,0.019,15.6277,0.001822,17.2954,0.012933,14.3343,0.004068,10.913,0.022,10.451,0.02,8.595,0.031,6.193,0.104,OSFC,10.0,roquette25,3368.0,1.54873,
426185940,3.3381910422240753e+18,83.35917,10.02896,0.223372,12.9351,15.253,0.029,14.102,0.092,11.748,0.022,11.192,0.029,11.003,0.025,13.6874,0.000231,14.3701,0.003255,12.8896,0.001121,10.948,0.022,11.008,0.022,10.914,0.149,8.827,,OSFC,10.0,roquette25,5000.64,11.4949,
436098642,3.3395107310552064e+18,83.85284505,10.19589042,2.45216,11.0587,12.105,0.299,11.256,0.022,10.463,0.026,10.207,0.024,10.093,0.019,11.4831,0.000722,11.8145,0.003143,11.0055,0.00221,10.059,0.024,10.083,0.021,9.948,0.064,8.243,,OSFC,10.0,roquette25,6226.57,1.65971,1.2
302761966,3.340971943352494e+18,82.863235,12.141254,,17.0898,,,,,13.452,0.024,12.278,0.023,11.604,0.019,18.3947,0.01998,20.1875,0.103671,16.7537,0.07669,10.953,0.024,10.302,0.019,7.903,0.029,5.656,0.079,OSFC,10.0,roquette25,,,
436103249,3.337986945377953e+18,83.79195,9.84246,2.45997,14.939,20.536,0.164,17.0711,0.05,13.227,0.027,12.5,0.023,12.27,0.024,16.0399,0.004641,17.2801,0.018934,14.8807,0.013117,12.174,0.024,12.074,0.024,11.658,,8.72,,OSFC,10.0,roquette25,3765.0,0.922869,0.57
156144758,3.336287409639624e+18,86.15115833333333,9.862238889,2.71274,14.6718,17.753,0.166,16.846,0.08,12.863,0.024,12.137,0.021,11.94,0.021,15.7512,0.006179,17.0293,0.044732,14.6101,0.015321,11.912,0.023,11.786,0.023,11.688,0.251,9.048,,OSFC,10.0,roquette25,3658.0,0.912949,0.533
436008577,3.3379852961105254e+18,83.66345833333334,9.882036111,2.51644,13.3929,16.251,0.124,14.907,0.092,12.072,0.027,11.36,0.023,11.186,0.022,14.3001,0.002818,15.2072,0.013378,13.3628,0.008243,11.052,0.024,11.041,0.021,11.033,0.14,8.611,,OSFC,10.0,roquette25,4301.0,1.36495,0.67
436153981,3.3394897329595725e+18,84.0466,9.94437,0.38933,12.3034,14.893,0.033,13.556,0.114,11.037,0.024,10.411,0.022,10.23,0.019,13.12,0.000382,13.8876,0.001869,12.2676,0.001566,10.125,0.023,10.2,0.02,10.018,0.055,8.52,0.326,OSFC,10.0,roquette25,4688.0,11.4281,
436245126,3.3379153740431754e+18,84.18111,9.49597,3.29194,15.3864,19.647,0.163,17.816,0.0603,13.789,0.026,13.187,0.035,12.951,0.031,16.6411,0.002358,18.0123,0.043393,15.4471,0.005288,12.812,0.025,12.633,0.026,11.899,,8.876,,OSFC,10.0,roquette25,3397.0,0.514954,0.512638
200526369,3.3405476392400876e+18,83.0535125,10.935713888888888,2.49146,13.2801,15.811,0.086,14.827,0.092,12.197,0.024,11.567,0.023,11.38,0.022,14.0604,0.001766,14.8044,0.00636,13.2175,0.005423,11.22,0.023,11.212,0.021,11.103,0.143,8.471,,OSFC,10.0,roquette25,4258.24,1.2743,0.666
200587752,3.33822261882351e+18,83.31766,10.46467,2.2974,14.6606,17.046,-0.122,15.857,0.412,12.374,0.027,11.443,0.022,10.847,0.024,15.7043,0.051553,16.8812,0.200162,14.5918,0.141246,10.193,0.022,9.619,0.019,7.954,0.019,5.997,0.047,OSFC,10.0,roquette25,3757.0,1.03412,0.57
436158940,3.3394932419486643e+18,84.07941666666666,10.064122222222222,2.47113,13.4933,16.443,0.172,14.939,0.4,11.941,0.024,11.278,0.027,11.092,0.023,14.4151,0.004299,15.3473,0.0074,13.4442,0.011015,11.017,0.023,10.958,0.022,10.593,0.095,8.837,,OSFC,10.0,roquette25,4104.0,1.42353,
436336662,3.33942444945671e+18,84.303956,9.759272,,16.2466,18.064,0.17,,,13.83,0.037,13.294,,12.991,,17.5417,0.004697,19.4079,0.055156,16.021,0.010542,12.59,0.024,12.201,0.024,9.839,0.071,7.932,0.214,OSFC,10.0,roquette25,,,
436161823,3.3379890370266086e+18,83.86999999999999,9.902755555555556,,17.0045,,,19.8299,0.1353,14.776,0.043,14.161,0.057,13.743,0.045,18.5634,0.003521,19.7376,0.136072,17.072,0.014394,13.554,0.026,13.006,0.028,11.214,0.161,8.222,0.299,OSFC,10.0,roquette25,3346.0,0.419269,0.413053
436153953,3.339494444539232e+18,83.97138,10.0191,0.515839,12.7375,15.357,0.064,14.031,0.103,11.48,0.022,10.87,0.022,10.73,0.023,13.5566,0.000351,14.3214,0.003408,12.7044,0.00124,10.592,0.024,10.643,0.021,10.392,0.093,8.976,,OSFC,10.0,roquette25,4803.0,7.12576,
436008678,3.3380112033532047e+18,83.6727,10.13481,0.484507,13.4622,16.514,0.053,14.977,0.126,12.017,0.024,11.305,0.023,11.119,0.021,14.3893,0.000438,15.3061,0.002665,13.4503,0.001447,10.986,0.023,11.064,0.02,11.014,0.139,8.756,,OSFC,10.0,roquette25,4512.0,6.53779,
302671998,3.3408929546095693e+18,82.52357500000001,12.160355555555556,,14.2632,18.772,0.162,17.068,1.133,12.273,0.022,11.552,0.023,11.192,0.02,15.4528,0.002769,17.0634,0.009364,14.14,0.00495,10.934,0.024,10.405,0.021,8.564,0.028,6.611,0.087,OSFC,10.0,roquette25,,,
436008756,3.339704279461909e+18,83.70086,10.36426,0.468537,11.9425,14.299,0.024,13.108,0.057,10.824,0.027,10.208,0.022,10.071,0.023,12.7041,0.00028,13.4051,0.001114,11.9073,0.001316,9.961,0.024,10.009,0.022,9.895,0.061,8.518,,OSFC,10.0,roquette25,4982.68,9.7403,
436103246,3.337986739219528e+18,83.77904166666666,9.816091666666669,2.55267,13.6804,16.668,0.094,15.418,0.092,12.258,0.027,11.56,0.026,11.296,0.021,14.645,0.001655,15.6372,0.009911,13.6466,0.005823,11.212,0.024,11.163,0.021,11.049,0.16,8.489,,OSFC,10.0,roquette25,4091.0,1.35267,0.64
436011718,3.3379775308101023e+18,83.71808,9.680800437927246,2.27781,15.9746,,,,,14.119,0.023,13.486,0.037,13.231,0.034,17.3782,0.001674,18.9908,0.029858,16.0632,0.007748,13.053,0.025,12.874,0.029,12.354,0.475,8.948,,OSFC,10.0,roquette25,3217.0,0.605188,0.592301
435934703,3.3379589378953574e+18,83.50188,9.73479,0.306168,12.6343,15.148,0.031,13.883,0.126,11.378,0.022,10.784,0.022,10.612,0.021,13.4346,0.000301,14.1838,0.00215,12.5977,0.001707,10.516,0.023,10.579,0.021,10.624,0.111,8.893,,OSFC,10.0,roquette25,4708.0,11.8434,
200587402,3.3381885683229404e+18,83.33684,9.96803,2.88055,13.9272,16.895,0.02,15.557,0.217,12.646,0.026,12.019,0.029,11.788,0.026,14.822,0.000481,15.7372,0.002972,13.8825,0.002202,11.686,0.023,11.696,0.022,11.707,0.27,9.034,,OSFC,10.0,roquette25,4079.0,0.967938,0.64
436158927,3.3394904545135764e+18,84.06836,9.99019,1.41201,10.7352,12.812,0.046,11.703,0.023,9.729,0.024,9.303,0.023,9.147,0.019,11.4226,0.001011,12.0307,0.00176,10.694,0.001037,9.056,0.022,9.086,0.021,9.007,0.035,8.348,,OSFC,10.0,roquette25,5275.0,5.30267,
436098613,3.338005877593749e+18,83.833125,10.043594444444444,2.54078,14.1216,17.471,0.44,16.356,0.32,12.442,0.026,11.639,0.026,11.184,0.023,15.1417,0.01213,16.2328,0.075056,14.0878,0.020178,10.334,0.023,9.743,0.019,7.459,0.019,5.792,0.042,OSFC,10.0,roquette25,3972.0,1.17483,0.619
436008582,3.337991205985516e+18,83.68608333333333,9.899305555555555,0.212146,13.2165,16.759,0.052,14.944,0.114,11.604,0.026,10.784,0.024,10.554,0.024,14.2225,0.000363,15.2644,0.003182,13.2116,0.001234,10.391,0.024,10.504,0.021,10.331,0.077,8.762,,OSFC,10.0,roquette25,4215.0,17.1896,
436162477,3.337927468671115e+18,83.87677,9.60187,,15.2464,20.156,0.163,,,13.073,0.028,12.454,0.025,12.181,0.026,16.5034,0.002574,18.3446,0.017163,15.1338,0.00477,12.037,0.023,11.783,0.023,11.091,0.182,8.903,,OSFC,10.0,roquette25,,,
302830849,3.340681088166924e+18,83.029975,11.901261111111111,2.60997,14.2476,17.179,0.127,16.203,0.092,12.729,0.023,11.969,0.024,11.754,0.022,15.2884,0.00183,16.4825,0.009894,14.2008,0.00556,11.657,0.024,11.583,0.022,10.923,0.126,7.006,0.1,OSFC,10.0,roquette25,3761.0,1.0968,0.57
436159892,3.3395107611190185e+18,83.86633,10.203900337219238,2.28074,15.8932,,,,,14.066,0.03,13.428,0.027,13.124,0.035,17.3577,0.003559,18.8662,0.01855,15.9788,0.008659,13.002,0.025,12.808,0.027,12.008,,8.071,,OSFC,10.0,roquette25,3237.0,0.625092,0.608096
436008540,3.337994710678872e+18,83.5398,9.78559,0.328768,12.5981,15.262,0.053,13.908,0.137,11.292,0.023,10.642,0.024,10.473,0.021,13.4395,0.000288,14.233,0.001967,12.5676,0.001731,10.353,0.024,10.408,0.021,10.302,0.084,8.965,,OSFC,10.0,roquette25,4801.43,11.5475,
200518413,3.338284672510825e+18,82.99585833333335,10.553886111111112,2.59735,14.7666,19.167,0.163,17.007,1.133,12.922,0.028,12.269,0.027,12.033,0.026,15.9593,0.001067,17.5321,0.010085,14.7296,0.002992,11.919,0.024,11.74,0.023,12.021,0.311,8.625,,OSFC,10.0,roquette25,3409.0,1.11005,0.41
200639493,3.336149489649828e+18,85.85309166666667,9.102394444444442,2.15501,12.0506,14.617,0.12,13.168,0.092,10.822,0.025,10.183,0.02,10.01,0.022,12.827,0.003828,13.5803,0.013891,12.006,0.010082,9.959,0.022,9.941,0.019,9.875,0.055,8.954,,OSFC,10.0,roquette25,4378.0,2.41557,
200517861,3.340572240812516e+18,82.99693333333335,11.179502777777778,,14.9633,18.381,0.166,17.02,1.133,13.259,0.029,12.366,0.027,11.795,0.027,15.9916,0.012182,17.1704,0.064811,14.8353,0.025297,10.789,0.023,10.338,0.021,9.054,0.036,7.099,0.116,OSFC,10.0,roquette25,,,
426186091,3.338202930693461e+18,83.41556,10.24466,4.1594,15.6661,19.839,0.164,18.1251,0.0497,14.102,0.031,13.559,0.041,13.308,0.037,16.9152,0.001307,18.3337,0.020721,15.7297,0.00331,13.138,0.026,12.928,0.028,11.806,,9.081,,OSFC,10.0,roquette25,3377.0,0.384774,0.374194
156143838,3.336105028148588e+18,86.1081875,9.116836111,2.45259,12.6794,15.501,0.126,14.114,0.092,11.151,0.023,10.35,0.023,9.939,0.023,13.5392,0.011254,14.396,0.038983,12.6222,0.03142,9.022,0.024,8.394,0.021,7.078,0.021,5.916,0.078,OSFC,10.0,roquette25,4136.38,1.89691,
436105231,3.3395091848669814e+18,83.85673,10.1835,2.56129,14.6819,19.061,0.163,17.1239,0.0484,12.973,0.027,12.304,0.024,12.057,0.024,15.8673,0.00163,17.3209,0.016534,14.666,0.002269,11.916,0.025,11.779,0.023,11.616,0.233,8.545,,OSFC,10.0,roquette25,3617.0,1.11911,0.516
436013418,3.3381998039572526e+18,83.56044,10.18149,0.255764,13.3493,15.976,0.032,14.638,0.149,12.087,0.024,11.457,0.024,11.29,0.019,14.1727,0.000347,14.9466,0.002241,13.3174,0.001262,11.173,0.023,11.254,0.021,11.144,0.146,8.844,,OSFC,10.0,roquette25,4796.67,9.90399,
200512302,3.3408891750370545e+18,82.574488,12.065439,,15.241,17.791,0.165,,,12.574,0.024,11.737,0.027,11.261,0.027,16.396,0.027953,17.7766,0.099134,14.9898,0.067143,10.5,0.023,9.896,0.019,7.853,0.019,5.906,0.047,OSFC,10.0,roquette25,,,
435934744,3.338198051610634e+18,83.44557,10.14068,0.540866,11.571,13.867,0.012,12.679,0.057,10.461,0.026,9.936,0.024,9.743,0.023,12.3166,0.00024,12.9973,0.001888,11.5348,0.0008,9.673,0.022,9.718,0.02,9.617,0.046,8.512,,OSFC,10.0,roquette25,5175.16,9.27826,
200587849,3.339772655341291e+18,83.321726,10.598067,2.56036,14.5044,17.933,0.0,16.693,0.4,12.886,0.029,12.115,0.027,11.783,0.027,15.5651,0.008635,16.7729,0.036473,14.4422,0.024709,11.505,0.023,11.203,0.022,8.801,0.031,6.373,0.054,OSFC,10.0,roquette25,3743.0,1.02234,0.56
144545726,3.3394357538094464e+18,84.521007,9.962899,2.31541,16.0104,,,,,13.997,0.03,13.351,0.03,13.009,0.04,17.5607,0.002701,19.6026,0.073328,16.1407,0.011915,12.797,0.024,12.389,0.024,10.476,0.086,8.384,0.343,OSFC,10.0,roquette25,2979.0,0.641935,0.621047
436334619,3.3394514905687844e+18,84.23225,10.06029987335205,2.35108,15.2558,,,,,13.262,0.026,12.628,0.026,12.357,0.026,16.5911,0.001637,18.4154,0.028235,15.2546,0.006804,12.226,0.025,12.015,0.024,12.075,0.399,8.913,,OSFC,10.0,roquette25,3304.0,1.23878,
436331727,3.339440121793156e+18,84.23966666666666,9.890522222222222,2.497,14.1729,16.985,0.0,16.198,0.217,12.695,0.028,11.958,0.023,11.767,0.021,15.2012,0.004083,16.32,0.017136,14.1519,0.010041,11.624,0.026,11.559,0.024,11.868,0.316,8.138,,OSFC,10.0,roquette25,3962.0,1.17188,0.62
436248397,3.339440293591853e+18,84.21941666666667,9.882383333333332,2.35411,14.3285,18.346,0.163,16.73,0.069,12.512,0.023,11.841,0.022,11.665,0.024,15.523,0.001445,16.9854,0.017903,14.3162,0.005054,11.534,0.024,11.404,0.023,11.279,0.188,8.76,,OSFC,10.0,roquette25,3623.0,1.45136,
436103238,3.33798536483024e+18,83.85014,9.74897,1.20571,12.9394,15.092,0.05,14.022,0.103,11.811,0.024,11.27,0.022,11.15,0.021,13.6622,0.000298,14.3067,0.00293,12.8933,0.00078,11.051,0.024,11.091,0.021,11.008,0.13,8.597,,OSFC,10.0,roquette25,5068.0,2.41721,
436098568,3.33798728897533e+18,83.82158333333334,9.853325,2.60237,14.4225,17.803,0.0,16.359,0.195,12.798,0.023,12.056,0.024,11.835,0.021,15.4796,0.002908,16.6398,0.024463,14.3685,0.006743,11.768,0.023,11.716,0.022,11.753,,8.904,,OSFC,10.0,roquette25,3860.0,1.03269,0.59
284199776,3.3394396364598006e+18,84.35570833333335,9.895822222222222,,14.1816,18.148,0.163,16.5939,0.0466,12.28,0.024,11.623,0.023,11.38,0.024,15.3097,0.004309,16.6894,0.007053,14.0049,0.003363,11.234,0.022,11.088,0.022,11.069,0.218,8.819,,OSFC,10.0,roquette25,,,
200525375,3.338162867238778e+18,83.08914185,9.835398674,2.39097,13.5424,16.157,0.126,14.52,0.137,12.079,0.022,11.396,0.023,11.188,0.024,14.3956,0.004414,15.2276,0.015075,13.4943,0.013877,11.308,0.024,11.271,0.023,11.005,0.135,8.594,,OSFC,10.0,roquette25,4147.5,1.41029,
436013342,3.3380008911353375e+18,83.51459,9.92584,0.539425,11.6636,14.253,0.028,12.891,0.103,10.413,0.023,9.761,0.024,9.604,0.023,12.4857,0.000252,13.2597,0.00192,11.6404,0.000778,9.485,0.022,9.555,0.02,9.482,0.044,8.329,,OSFC,10.0,roquette25,4773.43,11.7421,
436243744,3.3394922412200996e+18,84.16007,10.02388,1.25504,12.7889,14.852,0.045,13.862,0.126,11.752,0.027,11.325,0.025,11.195,0.021,13.4788,0.000291,14.0846,0.002973,12.743,0.001077,11.103,0.023,11.132,0.022,10.784,0.119,8.588,0.406,OSFC,10.0,roquette25,5587.64,2.03597,0.99
436100566,3.337990484430988e+18,83.83975000000001,9.891388888888889,,16.2349,,,18.9932,0.1394,14.189,0.026,13.622,0.037,13.233,0.027,17.7199,0.005768,18.9763,0.139445,16.3035,0.020939,12.409,0.025,11.851,0.023,10.295,0.077,8.02,,OSFC,10.0,roquette25,3342.0,0.579028,0.570631
436098514,3.3379315918397225e+18,83.80018,9.65536,,12.595,14.768,0.034,13.616,0.092,11.533,0.024,10.964,0.022,10.819,0.023,13.2998,0.000895,13.9519,0.002578,12.5274,0.0029,10.716,0.022,10.751,0.022,10.546,0.107,8.387,,OSFC,10.0,roquette25,4564.79,0.657399,
436008536,3.337982169374376e+18,83.54036,9.73215,0.158455,13.1279,15.86,0.039,14.539,0.16,11.805,0.023,11.109,0.024,10.961,0.023,13.9958,0.000306,14.8181,0.002155,13.1088,0.001281,10.837,0.024,10.914,0.021,11.315,0.221,9.014,,OSFC,10.0,roquette25,4689.75,18.6823,
302830697,3.340968232499941e+18,83.03314999999998,12.12077777777778,2.41325,12.1266,14.772,0.034,13.539,0.183,10.966,0.021,10.33,0.023,10.125,0.02,12.9382,0.005465,13.7252,0.019349,12.0911,0.01413,9.954,0.023,9.906,0.02,9.667,0.045,8.115,,OSFC,10.0,roquette25,4217.85,2.56301,
144545824,3.3394300887494876e+18,84.5488796,9.890335308,2.52336,13.6596,17.283,0.165,15.418,0.172,12.139,0.024,11.398,0.024,11.224,0.021,14.6483,0.002814,15.7105,0.012886,13.6149,0.007312,11.13,0.024,11.053,0.021,11.094,0.169,8.273,,OSFC,10.0,roquette25,3951.0,1.38098,
436154753,3.3379382919886664e+18,83.899,9.743269444444444,2.39209,14.8959,19.258,0.163,17.1545,0.0483,13.23,0.026,12.518,0.025,12.27,0.026,16.0318,0.002054,17.3776,0.01661,14.8714,0.004552,12.125,0.024,12.027,0.024,12.053,0.375,8.954,,OSFC,10.0,roquette25,3698.0,1.01383,0.547
436013400,3.3380103787194854e+18,83.69308333333332,10.10988888888889,0.272666,13.1826,16.067,0.048,14.637,0.114,11.843,0.024,11.109,0.024,10.923,0.023,14.0803,0.000464,14.9465,0.002987,13.1625,0.00173,10.817,0.023,10.87,0.02,10.947,0.142,8.677,,OSFC,10.0,roquette25,4799.04,10.578,
436243775,3.339445069595461e+18,84.20169,9.99789,0.133958,12.7166,16.3,0.105,14.466,0.092,11.12,0.024,10.276,0.022,10.029,0.019,13.7175,0.000357,14.7576,0.005745,12.7121,0.001508,9.913,0.022,10.014,0.022,9.641,0.056,8.252,,OSFC,10.0,roquette25,4286.55,27.7312,
436153881,3.337987731356678e+18,83.96825,9.86138,0.432818,12.9637,15.395,0.018,14.2,0.126,11.741,0.023,11.158,0.022,10.982,0.021,13.7436,0.000545,14.4572,0.001172,12.9205,0.001045,10.907,0.023,10.97,0.021,11.419,0.246,8.913,,OSFC,10.0,roquette25,4846.0,6.8944,
436158907,3.339495750209284e+18,83.93967,10.08405,0.48101,12.0381,14.561,0.026,13.303,0.069,10.822,0.023,10.2,0.022,10.011,0.019,12.8399,0.000371,13.5904,0.002415,12.0062,0.000902,9.913,0.023,9.982,0.021,9.923,0.062,8.395,,OSFC,10.0,roquette25,4780.0,10.2425,
200516053,3.3390481072404244e+18,82.81654999999999,10.864161111111107,2.55759,14.8815,18.724,0.164,17.1818,0.0523,13.172,0.026,12.458,0.026,12.254,0.031,16.0116,0.002755,17.3924,0.027155,14.8324,0.006573,12.121,0.024,12.0,0.023,12.114,0.494,8.623,,OSFC,10.0,roquette25,3593.0,0.945849,0.51
436008782,3.339721734208994e+18,83.55841064,10.51605892,2.42922,13.227,15.689,0.058,14.451,0.149,12.011,0.024,11.343,0.023,11.198,0.023,14.0216,0.003729,14.7965,0.018797,13.1887,0.010681,11.098,0.023,11.081,0.022,11.309,0.211,8.954,,OSFC,10.0,roquette25,4330.71,1.33655,0.677
436106424,3.3379870098020106e+18,83.83929166666667,9.832472222222222,2.6287,15.1171,,,,,13.184,0.026,12.477,0.026,12.253,0.026,16.3292,0.002144,17.8361,0.028987,15.0687,0.00934,12.205,0.023,12.031,0.023,11.454,0.233,8.706,,OSFC,10.0,roquette25,3523.0,0.936641,0.47
436008466,3.337903824874464e+18,83.55712500000001,9.488936111,2.45746,12.5899,14.619,0.121,13.361,0.08,11.403,0.026,10.9,0.023,10.731,0.021,13.2755,0.001755,13.8623,0.006485,12.5209,0.00535,10.705,0.024,10.691,0.02,10.461,0.083,8.664,,OSFC,10.0,roquette25,5019.0,1.34223,0.834
435934706,3.337994504518228e+18,83.463238,9.778457,4.505,9.96284,11.015,0.103,10.422,0.007,9.479,0.023,9.224,0.022,9.153,0.023,10.3045,0.000387,10.5642,0.000801,9.91412,0.001792,9.095,0.022,9.124,0.02,9.116,0.039,8.675,,OSFC,10.0,roquette25,5741.84,1.78785,1.026
284157532,3.339066047320961e+18,82.6648,11.04227777777778,2.3747,14.6083,18.957,0.163,16.873,0.046,12.936,0.03,12.227,0.025,12.009,0.029,15.706,0.003237,16.9958,0.024322,14.5677,0.013129,11.841,0.024,11.716,0.022,11.525,0.258,8.591,,OSFC,10.0,roquette25,3702.0,1.10349,0.55
436154035,3.3394980523117327e+18,84.00811,10.16348,0.35961,12.6025,15.127,0.026,13.961,0.092,11.295,0.037,10.678,0.039,10.525,0.031,13.4336,0.000294,14.2179,0.003496,12.5732,0.000898,10.202,0.022,10.28,0.021,10.415,0.087,8.357,,OSFC,10.0,roquette25,4852.06,10.2185,
200511751,3.3406237074051205e+18,82.60496666666667,11.355005555555556,2.46167,14.6981,17.961,0.166,16.786,0.183,13.006,0.03,12.284,0.027,12.039,0.031,15.7819,0.001263,17.0805,0.008958,14.6468,0.00526,11.932,0.024,11.83,0.022,11.143,0.187,8.264,,OSFC,10.0,roquette25,3648.0,0.998169,0.53
435934808,3.3397251014612306e+18,83.48240662,10.54423046,2.34372,13.2504,16.3,0.066,14.801,0.16,11.773,0.023,11.081,0.027,10.887,0.023,14.163,0.001565,15.1064,0.007805,13.1829,0.005096,10.791,0.022,10.759,0.021,10.783,0.133,8.833,,OSFC,10.0,roquette25,3984.0,1.64472,
284997521,3.339038044134315e+18,82.49488749999999,10.680455555555556,2.52034,14.8236,19.26,0.162,17.037,1.133,13.192,0.025,12.437,0.033,12.214,0.028,15.9312,0.001139,17.2643,0.011161,14.782,0.002596,12.104,0.023,11.993,0.022,11.976,0.36,8.49,,OSFC,10.0,roquette25,3646.0,0.95229,0.53
156244483,3.3363191923975117e+18,86.46249,10.041116,2.39777,13.1233,15.911,0.246,14.449,0.183,11.559,0.024,10.786,0.024,10.424,0.02,13.9742,0.018071,14.8012,0.086529,13.026,0.04816,10.023,0.024,9.442,0.02,6.714,0.016,4.596,0.031,OSFC,10.0,roquette25,4047.0,1.58412,
302538008,3.3408877662890854e+18,82.4669375,12.143980555555558,3.58953,12.4426,14.226,0.058,13.243,0.137,11.334,0.022,10.817,0.023,10.682,0.019,13.1005,0.003059,13.6803,0.010875,12.3772,0.00715,10.587,0.023,10.584,0.02,10.409,0.095,8.617,,OSFC,10.0,roquette25,4716.0,0.987987,0.755
436013376,3.3380038160094833e+18,83.70433333333334,9.967297222,2.70932,14.0914,19.734,0.164,16.245,0.492,12.412,0.028,11.654,0.023,11.442,0.028,15.2153,0.00171,16.5321,0.008035,14.0605,0.004023,11.339,0.023,11.223,0.022,10.665,0.117,8.561,0.372,OSFC,10.0,roquette25,3716.0,1.2774,0.554
156143903,3.336110727568248e+18,86.09670416666665,9.201052777777775,2.43978,11.0913,12.871,0.428,12.133,0.03,10.003,0.023,9.364,0.025,8.952,0.021,11.7496,0.002043,12.3301,0.007402,11.0352,0.005449,8.36,0.023,8.077,0.021,6.874,0.016,4.71,0.029,OSFC,10.0,roquette25,4857.0,2.64694,
284997609,3.33901405674082e+18,82.44338749999999,10.600555555555555,2.46537,15.399,19.973,0.163,,,13.433,0.029,12.709,0.036,12.47,0.03,16.6578,0.001428,18.3857,0.020921,15.3571,0.002244,12.367,0.027,12.154,0.027,11.874,0.386,8.578,,OSFC,10.0,roquette25,3280.0,,
200639962,3.3361805852129654e+18,85.8142125,9.492236111111112,2.44641,13.7661,16.242,0.061,14.994,0.149,12.107,0.027,11.454,0.026,11.281,0.026,14.699,0.002341,15.6432,0.030286,13.6649,0.008389,11.215,0.024,11.181,0.022,10.967,0.138,8.957,,OSFC,10.0,roquette25,3962.0,1.25856,0.617
436008688,3.339512719624036e+18,83.73424,10.18833,0.331022,12.9551,15.687,0.054,14.409,0.092,11.613,0.024,10.915,0.023,10.731,0.019,13.8141,0.000361,14.6371,0.00236,12.923,0.001234,10.613,0.022,10.678,0.02,10.619,0.103,8.79,,OSFC,10.0,roquette25,4574.0,10.5283,
290173570,3.3360667170402473e+18,85.557279,8.732347,2.63681,13.4166,15.479,0.064,15.098,0.16,11.798,0.024,11.009,0.025,10.536,0.023,14.2917,0.003759,15.1556,0.025669,13.3212,0.010255,9.806,0.021,9.492,0.018,7.088,0.015,4.82,0.026,OSFC,10.0,roquette25,4012.0,1.30237,0.63
436153931,3.3379885559904246e+18,83.99137499999999,9.909327778,,13.1182,15.882,0.091,14.599,0.137,11.548,0.029,10.859,0.023,10.651,0.024,14.0241,0.008666,15.0046,0.036223,13.0477,0.028558,10.488,0.022,10.448,0.02,10.46,0.094,8.596,,OSFC,10.0,roquette25,,,
156143882,3.336109937294864e+18,86.09534999999998,9.176405555555556,2.47685,14.0429,18.35,0.163,16.021,0.035,12.452,0.024,11.72,0.023,11.449,0.027,15.0649,0.002484,16.2261,0.011478,13.9839,0.006152,11.204,0.023,10.823,0.021,8.944,0.046,7.678,0.208,OSFC,10.0,roquette25,3766.0,1.23453,0.57
435934690,3.3379571554848707e+18,83.465625,9.639411111,,13.1654,15.904,0.088,14.545,0.16,11.488,0.023,10.865,0.026,10.631,0.019,14.0647,0.00492,14.9643,0.009874,13.0266,0.006036,10.534,0.023,10.467,0.019,10.198,0.078,8.122,,OSFC,10.0,roquette25,,,
436011532,3.3379970428453734e+18,83.65295833333333,9.882805555555551,,15.1372,20.348,0.164,,,13.173,0.032,12.521,0.023,12.278,0.027,16.2952,0.003003,17.8189,0.009486,15.0205,0.003179,12.134,0.025,11.971,0.024,11.716,0.246,8.366,,OSFC,10.0,roquette25,,,
436158705,3.337911388313568e+18,83.99820833333334,9.4568,2.12367,13.0528,14.813,0.075,13.834,0.103,12.076,0.027,11.598,0.022,11.462,0.023,13.653,0.002422,14.1567,0.008947,12.9945,0.006536,11.416,0.023,11.406,0.022,11.029,0.143,8.625,,OSFC,10.0,roquette25,5333.0,1.07012,0.92
436103248,3.337989896020042e+18,83.7831,9.84849,,14.8123,20.503,0.166,21.059,1.133,12.953,0.029,12.248,0.027,12.022,0.026,15.9189,0.00205,17.3034,0.020864,14.6979,0.003662,11.864,0.023,11.717,0.023,12.184,0.359,8.932,,OSFC,10.0,roquette25,,,
435931678,3.3379705171271644e+18,83.45098,9.71652,0.143745,13.648,16.264,0.028,14.978,0.183,12.344,0.022,11.615,0.022,11.485,0.021,14.4919,0.000341,15.2844,0.00361,13.6197,0.001158,11.397,0.025,11.469,0.023,11.644,0.272,8.035,,OSFC,10.0,roquette25,4575.85,15.3441,
436153664,3.337880533268577e+18,83.920996,9.222127,2.49562,14.9962,17.437,0.212,16.461,1.133,13.178,0.026,12.329,0.022,11.933,0.021,15.9858,0.039334,16.992,0.162223,14.8831,0.10056,11.119,0.023,10.607,0.02,8.156,0.024,6.004,0.045,OSFC,10.0,roquette25,3928.0,0.752852,0.61
436103684,3.3399438656196306e+18,83.86000061035156,11.55679988861084,2.57125,12.115,14.496,0.044,13.239,0.069,10.854,0.032,10.129,0.029,9.924,0.026,12.8907,0.002351,13.5885,0.00571,12.0288,0.007348,9.803,0.023,9.744,0.022,9.594,0.057,7.961,,OSFC,10.0,roquette25,4457.66,1.97304,
436008526,3.3379775995291566e+18,83.70812500000001,9.683688889,2.60098,13.0385,15.703,0.079,14.539,0.126,11.656,0.024,11.015,0.026,10.835,0.025,13.9195,0.001809,14.7972,0.007202,12.9932,0.00461,10.701,0.023,10.674,0.021,10.434,0.098,8.885,,OSFC,10.0,roquette25,4219.0,1.52639,
436013558,3.339781588873171e+18,83.53501892,10.76805782,2.35014,13.7122,16.724,0.019,15.399,0.137,12.087,0.029,11.358,0.029,11.114,0.026,14.6802,0.002076,15.7081,0.008783,13.6344,0.006046,10.992,0.023,10.887,0.02,10.602,0.098,8.752,,OSFC,10.0,roquette25,3912.0,1.39093,
156143911,3.336111002446797e+18,86.07940146,9.209258211,2.59889,12.9762,16.396,0.086,14.875,0.149,11.192,0.027,10.552,0.038,10.223,0.026,13.9851,0.002637,15.1217,0.011854,12.9165,0.007357,9.924,0.022,9.716,0.021,9.088,0.039,8.062,0.266,OSFC,10.0,roquette25,3789.0,1.88632,
436161540,3.337940765889793e+18,83.96662500000001,9.841611111111112,2.38985,15.5912,19.86,0.163,,,13.782,0.026,13.098,0.025,12.846,0.029,16.992,0.004892,18.6215,0.037174,15.681,0.010188,12.749,0.025,12.55,0.025,12.238,0.397,8.495,,OSFC,10.0,roquette25,3211.0,0.658055,0.63313
284283934,3.3361091169574574e+18,86.03750833333335,9.154191666666666,2.48972,12.6985,15.606,0.481,14.341,0.606,11.102,0.024,10.025,0.022,9.252,0.019,13.5909,0.050497,14.4595,0.190377,12.5946,0.126803,8.135,0.023,7.504,0.021,5.762,0.015,3.886,0.022,OSFC,10.0,roquette25,4022.0,1.97133,
302761640,3.3408781799222303e+18,82.75417083333333,12.070683333333337,2.51591,14.3482,19.171,0.162,16.475,0.103,12.752,0.022,12.007,0.021,11.797,0.021,15.4721,0.002331,16.787,0.012854,14.3418,0.006263,11.554,0.028,11.447,0.023,9.503,0.482,6.32,0.339,OSFC,10.0,roquette25,3764.0,1.22438,0.569
436159171,3.3397670547036984e+18,83.926753,10.94333,2.40039,14.392,17.057,0.338,15.471,0.195,12.172,0.023,11.377,0.022,11.081,0.024,15.4764,0.025118,16.7091,0.094625,14.3393,0.063827,10.66,0.022,10.293,0.021,7.74,0.021,5.717,0.041,OSFC,10.0,roquette25,3758.0,1.1871,0.57
436013470,3.3397023896764867e+18,83.69617,10.30383,2.50299,14.7982,19.472,0.163,16.853,1.133,12.996,0.03,12.276,0.025,12.052,0.023,15.9151,0.005733,17.2801,0.034232,14.7409,0.014685,11.969,0.024,11.838,0.023,12.037,0.365,9.05,,OSFC,10.0,roquette25,3585.0,0.986461,0.502
156143888,3.3361092887561405e+18,86.07226666666665,9.183019444444444,,12.6384,15.222,0.116,14.192,0.137,10.793,0.023,10.043,0.025,9.62,0.023,13.4912,0.008446,14.2264,0.044911,12.4195,0.023813,9.299,0.022,8.898,0.021,6.82,0.017,4.8,0.03,OSFC,10.0,roquette25,,,
436157429,3.339496471763778e+18,84.00012500000001,10.096944444444446,2.58021,15.9136,20.472,0.163,,,14.042,0.032,13.405,0.029,13.067,0.031,17.3513,0.002004,19.0401,0.079236,16.0102,0.005068,12.979,0.025,12.77,0.028,11.843,0.299,8.414,,OSFC,10.0,roquette25,3169.0,0.586118,0.576612
436158872,3.3394422520969713e+18,84.07541666666665,9.873758333333331,0.211233,15.9328,17.765,-0.23,16.6,1.133,15.015,0.041,14.673,0.052,14.443,0.081,16.4982,0.000936,16.932,0.016162,15.844,0.00428,14.478,0.035,14.612,0.071,11.64,,8.57,,OSFC,10.0,roquette25,5966.0,1.85491,1.09
302672412,3.3408904807085594e+18,82.71537916666666,12.143508333333337,2.37082,13.1704,16.031,0.047,14.533,0.297,11.64,0.023,10.867,0.026,10.452,0.018,14.0512,0.004267,14.9154,0.019876,13.1137,0.011791,10.088,0.023,9.604,0.021,7.429,0.03,5.772,0.06,OSFC,10.0,roquette25,4232.0,1.56814,
200517241,3.3406784467636326e+18,82.91076666666666,11.807380555555556,2.58914,14.1497,18.446,0.163,16.061,1.133,12.61,0.028,11.889,0.026,11.678,0.027,15.1862,0.001558,16.361,0.004625,14.1141,0.005512,11.608,0.025,11.554,0.022,11.222,0.17,8.925,,OSFC,10.0,roquette25,3818.0,1.14699,0.584
284283998,3.3361095636337766e+18,86.04411666666667,9.212644444444445,2.45761,13.0535,15.376,0.074,14.169,0.149,11.925,0.024,11.32,0.023,11.179,0.024,13.8156,0.001357,14.5365,0.004289,13.002,0.003942,11.036,0.022,11.076,0.022,11.09,0.137,8.845,,OSFC,10.0,roquette25,4454.41,1.30373,0.698
436337139,3.3349147037314156e+18,84.30252838,9.509214401,2.51584,13.8139,16.95,0.046,15.456,0.195,12.29,0.022,11.602,0.023,11.39,0.021,14.7272,0.003834,15.689,0.014571,13.75,0.010221,11.401,0.023,11.371,0.022,11.662,0.251,9.056,,OSFC,10.0,roquette25,3963.0,1.16441,0.618
156143865,3.3361083610432067e+18,86.09060788,9.148213276,2.38332,13.4453,17.013,0.177,15.724,0.309,11.357,0.032,10.672,0.051,10.041,0.027,14.4761,0.002849,15.6215,0.013686,13.3694,0.007357,9.656,0.022,9.177,0.021,6.868,0.02,4.642,0.036,OSFC,10.0,roquette25,3781.0,,
200541275,3.3382197326034483e+18,83.229471,10.351791,2.33137,15.2744,18.321,0.164,17.5786,0.0776,12.797,0.025,12.155,0.029,11.884,0.03,16.3926,0.001396,17.6431,0.062772,15.0655,0.03006,11.699,0.023,11.549,0.022,11.638,0.29,8.724,,OSFC,10.0,roquette25,3529.0,,
144546917,3.3348296934416517e+18,84.53977203,8.967253685,2.5543,13.3637,16.302,0.11,14.87,0.206,12.021,0.026,11.311,0.024,11.105,0.021,14.232,0.002088,15.1047,0.007272,13.2772,0.004368,10.968,0.024,10.896,0.021,10.236,0.086,8.347,0.363,OSFC,10.0,roquette25,3997.0,1.35731,0.62
436013346,3.338000994215337e+18,83.52083333333334,9.95115,2.47613,14.2781,17.339,0.249,16.012,0.206,12.5,0.022,11.727,0.024,11.336,0.021,15.2908,0.003238,16.3653,0.016338,14.2077,0.008619,10.959,0.024,10.512,0.021,8.727,0.029,6.809,0.078,OSFC,10.0,roquette25,3922.0,1.08665,0.609
144733807,3.3363498756440146e+18,85.12760162,9.344101906,2.51116,12.261,14.13,0.067,13.342,0.103,11.341,0.024,10.79,0.024,10.637,0.021,12.8984,0.002318,13.4531,0.006725,12.2088,0.005991,10.479,0.022,10.503,0.021,10.3,0.087,8.905,0.534,OSFC,10.0,roquette25,5055.0,1.42043,0.844
284200887,3.3348085321402506e+18,84.428292,8.920116,2.66673,14.8077,17.187,0.422,17.198,1.133,12.869,0.023,12.064,0.027,11.574,0.019,15.7717,0.012409,16.7527,0.087463,14.7224,0.032272,11.032,0.024,10.61,0.02,8.854,0.031,6.358,0.059,OSFC,10.0,roquette25,3977.0,0.756953,0.62
436103160,3.337900526339036e+18,83.78770833333333,9.450055555555554,2.20863,14.1375,19.269,0.162,16.514,0.137,12.442,0.026,11.734,0.022,11.489,0.021,15.2551,0.001315,16.6061,0.014467,14.0864,0.004851,11.371,0.023,11.276,0.021,12.215,0.499,8.903,,OSFC,10.0,roquette25,3618.0,1.51418,
144703624,3.3363447904027607e+18,84.99501038,9.349414825,2.47085,12.8371,15.664,0.036,14.108,0.149,11.607,0.023,10.957,0.025,10.776,0.025,13.6672,0.001321,14.486,0.005937,12.788,0.003298,10.675,0.023,10.688,0.021,10.729,0.115,8.804,,OSFC,10.0,roquette25,4255.0,1.62245,
436159188,3.33977018143986e+18,83.968424,11.027054,2.31591,14.3416,18.831,0.163,16.151,0.092,13.197,0.023,12.314,0.022,12.001,0.023,15.3741,0.002386,16.5201,0.010236,14.2988,0.004189,11.473,0.023,11.036,0.022,9.398,0.043,7.664,0.21,OSFC,10.0,roquette25,3863.0,1.16084,0.6
436009797,3.3379949125415296e+18,83.54816666666667,9.821002777777778,2.66922,16.3496,20.348,0.164,,,14.482,0.032,13.867,0.032,13.503,0.04,17.7486,0.00214,19.303,0.064713,16.4334,0.006101,13.408,0.025,13.186,0.031,11.473,,8.835,,OSFC,10.0,roquette25,3245.0,0.499732,0.497791
436248211,3.33487432674298e+18,84.16590118,9.121008873,2.49591,11.3455,13.54,0.041,12.301,0.057,10.346,0.022,9.782,0.022,9.668,0.021,12.0172,0.002488,12.614,0.008887,11.2994,0.006622,9.635,0.023,9.648,0.02,9.608,0.043,8.237,,OSFC,10.0,roquette25,4999.0,2.30494,
284284099,3.3361592821751854e+18,86.00655833333333,9.289158333333331,2.46037,13.7904,16.913,0.167,15.582,0.217,12.335,0.026,11.604,0.027,11.398,0.024,14.771,0.003152,15.8282,0.01514,13.7466,0.007938,11.231,0.023,11.165,0.022,11.117,0.151,8.717,,OSFC,10.0,roquette25,3947.0,1.31558,0.61
284284058,3.3361590717208366e+18,86.00868988,9.260399818,2.55968,13.9596,17.66,0.0,16.076,0.06,12.333,0.026,11.583,0.022,11.383,0.024,15.0576,0.002479,16.3673,0.012942,13.9177,0.006985,11.237,0.023,11.121,0.022,10.972,0.145,8.944,,OSFC,10.0,roquette25,3668.0,1.37823,
436104873,3.337991996259468e+18,83.85557,9.91325,2.7377,16.1922,,,18.8358,0.1117,14.095,0.024,13.47,0.023,13.136,0.034,17.6048,0.005831,18.8843,0.109662,16.2572,0.016715,12.669,0.024,12.248,0.023,10.259,0.07,6.86,0.087,OSFC,10.0,roquette25,3365.0,0.553722,0.54859
144733837,3.3363500818024356e+18,85.14425659,9.367959976,2.43108,13.1621,15.452,0.064,14.473,0.137,11.937,0.022,11.265,0.022,11.086,0.023,13.9909,0.001197,14.802,0.004519,13.1106,0.005396,11.008,0.023,11.018,0.021,10.816,0.132,9.049,,OSFC,10.0,roquette25,4238.53,1.45445,
144545785,3.33943400575967e+18,84.47370416666664,9.920080555555558,2.50302,14.5872,17.867,0.166,16.559,0.378,12.862,0.029,12.164,0.025,11.905,0.026,15.6898,0.002388,16.9499,0.016292,14.5292,0.010633,11.846,0.024,11.752,0.022,11.619,0.25,8.448,,OSFC,10.0,roquette25,3730.0,1.06759,0.56
436248202,3.3348619958929587e+18,84.122975,9.067397,2.48977,12.0532,14.127,0.069,13.089,0.092,10.984,0.023,10.317,0.023,9.947,0.021,12.7241,0.002145,13.3111,0.006283,11.9983,0.006117,9.443,0.023,9.119,0.02,7.62,0.021,5.769,0.052,OSFC,10.0,roquette25,5005.0,1.66428,
436153905,3.3379360199492265e+18,84.08475397,9.734059679,2.42255,13.7494,16.637,0.08,15.426,0.103,12.163,0.044,11.409,0.051,11.09,0.033,14.6829,0.005179,15.6073,0.010915,13.6608,0.010787,10.788,0.023,10.707,0.02,10.587,0.1,8.665,,OSFC,10.0,roquette25,3790.8,1.61222,
436013220,3.3379584611549143e+18,83.50845833333334,9.685105555555555,2.47542,12.1609,14.408,0.054,13.293,0.114,11.08,0.024,10.483,0.024,10.347,0.024,12.8856,0.001564,13.5554,0.005389,12.1136,0.004173,10.224,0.024,10.239,0.021,10.06,0.079,8.507,,OSFC,10.0,roquette25,4458.6,2.02198,
436103309,3.338005843234012e+18,83.82683333333331,10.04401111111111,2.8179,15.0131,19.055,0.163,16.706,1.133,13.067,0.027,12.417,0.027,12.162,0.021,16.1049,0.004409,17.2747,0.058686,14.8212,0.019248,12.036,0.023,11.915,0.022,11.674,0.327,8.736,0.464,OSFC,10.0,roquette25,3642.0,0.764609,0.526
436248216,3.3348755293342735e+18,84.128442,9.166953,2.54381,15.0636,18.331,0.163,15.699,0.503,12.693,0.023,11.896,0.022,11.49,0.023,16.0066,0.051102,16.9173,0.148277,14.9213,0.160276,10.724,0.024,10.225,0.02,8.234,0.023,6.316,0.055,OSFC,10.0,roquette25,3966.0,0.677142,0.62
200518307,3.3382896203137623e+18,82.94627916666667,10.669441666666664,2.45885,13.8287,16.672,0.029,15.222,0.114,12.286,0.025,11.589,0.024,11.402,0.023,14.7631,0.006421,15.717,0.027823,13.7943,0.018416,11.381,0.023,11.339,0.022,11.097,0.145,8.671,,OSFC,10.0,roquette25,4134.0,1.2393,0.65
284283865,3.3361077726312586e+18,86.03025833333334,9.110572222222222,2.5148,12.837,15.521,0.067,14.547,0.206,11.656,0.026,10.935,0.023,10.675,0.021,13.6469,0.004162,14.4081,0.02168,12.7473,0.009798,10.505,0.022,10.398,0.02,8.461,0.024,4.54,0.027,OSFC,10.0,roquette25,4234.0,1.55664,
436014506,3.3381971582578007e+18,83.56575000000001,10.115122222222222,2.56538,15.6645,20.273,0.163,,,13.749,0.03,13.129,0.024,12.839,0.031,17.1473,0.001834,19.0067,0.050594,15.7769,0.003822,12.684,0.024,12.428,0.024,11.857,,9.007,,OSFC,10.0,roquette25,3077.0,0.630075,0.611965
200605404,3.336374545936256e+18,85.65288333333332,9.691633333333334,2.53805,12.7345,15.725,0.103,14.256,0.137,11.2,0.023,10.513,0.026,10.291,0.021,13.655,0.00357,14.6185,0.01443,12.6827,0.010264,10.236,0.023,10.184,0.02,10.03,0.058,8.791,,OSFC,10.0,roquette25,3988.0,1.95839,
200475933,3.3341270754482545e+18,82.584965,7.203239,2.51029,13.8046,16.808,0.092,15.304,0.092,12.072,0.025,11.219,0.023,10.799,0.022,14.7269,0.0162,15.671,0.083431,13.7213,0.043135,10.42,0.023,9.985,0.02,7.686,0.02,5.769,0.056,OSFC,10.0,roquette25,3974.0,1.19671,0.62
302762006,3.3409724974039276e+18,82.9186125,12.179683333333331,2.6167,13.0801,16.751,0.022,15.033,0.309,11.311,0.022,10.454,0.023,10.184,0.019,14.1556,0.004159,15.2763,0.016381,13.0892,0.013521,9.983,0.023,9.607,0.019,6.826,0.017,5.117,0.039,OSFC,10.0,roquette25,4239.0,1.95789,
436016095,3.3380030901596114e+18,83.6925,9.926916666666664,,17.6301,,,20.2161,0.164,15.335,0.05,14.77,0.059,14.337,0.087,19.1894,0.006313,20.0701,0.186201,17.6761,0.026685,14.092,0.03,13.469,0.034,12.035,,8.11,,OSFC,10.0,roquette25,3492.0,0.399949,0.391422
345778351,3.3408549828023127e+18,82.271349,11.85522,2.42162,14.9725,19.838,0.164,,,12.555,0.026,11.659,0.027,11.165,0.023,16.3189,0.013234,18.0208,0.046127,14.9459,0.035114,10.999,0.024,10.315,0.02,8.14,0.057,5.717,0.116,OSFC,10.0,roquette25,3459.0,1.33513,
284199806,3.3394275804886277e+18,84.38660416666667,9.858336111,2.48255,13.8959,17.392,0.164,16.016,0.114,12.162,0.023,11.438,0.022,11.237,0.023,14.9979,0.003342,16.2871,0.014963,13.8532,0.008978,11.149,0.023,11.036,0.022,11.464,0.22,8.787,,OSFC,10.0,roquette25,3707.0,1.47505,
426186159,3.3382174305030426e+18,83.35012,10.33153,2.39512,13.0299,15.528,0.039,14.292,0.149,11.713,0.021,11.057,0.03,10.893,0.026,13.8429,0.00244,14.6121,0.011193,12.9771,0.006885,10.85,0.023,10.826,0.021,10.488,0.095,8.894,,OSFC,10.0,roquette25,4277.38,1.64538,
156391607,3.33535577539696e+18,87.022739,8.591861,2.51457,13.5253,16.348,0.298,15.402,0.114,12.018,0.024,11.266,0.022,10.996,0.021,14.4853,0.008127,15.517,0.032891,13.4675,0.025518,10.314,0.023,9.762,0.021,7.642,0.018,5.784,0.041,OSFC,10.0,roquette25,3930.0,1.40494,
290174621,3.3363853348938583e+18,85.46801250000001,9.671936111111112,2.30961,14.4062,,,16.8015,0.0481,12.615,0.024,11.936,0.027,11.719,0.028,15.5599,0.001294,17.0052,0.015082,14.3666,0.003813,11.55,0.022,11.405,0.022,11.199,0.191,9.102,,OSFC,10.0,roquette25,3544.0,1.35184,
200591866,3.336145675718724e+18,85.43684166666667,9.218372222222222,2.45123,13.237,16.632,0.123,15.033,0.149,11.807,0.024,11.027,0.024,10.82,0.022,14.2311,0.001008,15.3386,0.003796,13.1898,0.002758,10.727,0.023,10.682,0.021,10.577,0.095,8.971,,OSFC,10.0,roquette25,3853.0,1.72875,
302761551,3.3409731115828465e+18,82.81462916666665,12.189927777777775,2.56516,14.3877,18.572,0.162,16.374,1.133,12.097,0.022,11.21,0.026,10.718,0.018,15.5515,0.018714,17.0119,0.065594,14.3,0.048068,10.075,0.023,9.57,0.02,8.177,0.037,6.141,0.077,OSFC,10.0,roquette25,3460.0,1.26569,
302761629,3.340878351720912e+18,82.78347083333334,12.101808333333333,2.54093,13.8968,18.153,0.162,15.923,0.08,12.212,0.022,11.469,0.023,11.239,0.022,14.9629,0.00068,16.2509,0.020699,13.8507,0.002939,10.824,0.024,10.468,0.02,9.389,0.188,7.262,,OSFC,10.0,roquette25,3646.0,1.36278,
436243662,3.3379200426707804e+18,84.16095833333334,9.584925,2.33,14.4699,17.843,0.0,16.223,0.046,12.413,0.029,11.691,0.035,11.418,0.024,15.5393,0.006512,16.6309,0.03672,14.1571,0.062811,11.222,0.022,11.016,0.02,9.866,0.053,8.327,0.302,OSFC,10.0,roquette25,,,
200592646,3.3364413412673536e+18,85.37048333333334,9.941475,2.54134,12.7819,,,14.1176,0.0521,10.963,0.021,10.2,0.023,9.777,0.021,13.5923,0.006612,14.1403,0.024618,12.4479,0.031841,9.302,0.023,8.914,0.021,7.439,0.018,5.391,0.039,OSFC,10.0,roquette25,,,
144734452,3.3364433684917166e+18,85.15466249999999,9.911980555555555,2.45709,14.4399,17.866,0.165,16.196,0.172,12.87,0.024,12.143,0.025,11.887,0.023,15.4575,0.001127,16.6192,0.011122,14.378,0.003691,11.788,0.023,11.72,0.022,11.984,0.376,8.918,,OSFC,10.0,roquette25,3751.0,1.03151,0.56
436015593,3.337979141421488e+18,83.73558333333332,9.709013888888888,,16.6093,19.177,0.09,17.565,0.0475,15.51,0.066,14.988,0.075,14.856,0.109,17.254,0.008239,17.6928,0.019387,16.4109,0.00665,14.829,0.037,14.877,0.082,12.278,,8.506,,OSFC,10.0,roquette25,,,
144734445,3.3364429905345966e+18,85.14664583333334,9.904233333333334,2.44505,12.8153,15.403,0.093,14.137,0.103,11.544,0.022,10.83,0.023,10.48,0.021,13.6048,0.004,14.3507,0.014949,12.7645,0.011657,10.1,0.022,9.786,0.02,7.417,0.019,4.793,0.026,OSFC,10.0,roquette25,4483.0,1.5099,
144734702,3.3364620258296233e+18,85.13467916666667,10.106388888888889,2.32799,14.2686,17.661,0.165,16.217,0.092,12.709,0.022,11.982,0.023,11.702,0.024,15.2985,0.001972,16.4698,0.007758,14.2229,0.005596,11.243,0.024,10.915,0.021,8.628,0.03,6.605,0.072,OSFC,10.0,roquette25,3789.0,1.19611,0.58
436104353,3.3380053278379464e+18,83.79729166666667,10.014111111111111,,15.5256,,,,,13.412,0.024,12.773,0.023,12.487,0.03,16.7129,0.002322,18.2907,0.068301,15.3763,0.004464,12.338,0.024,12.172,0.023,10.972,0.13,7.467,0.168,OSFC,10.0,roquette25,,,
302761986,3.3409727722818427e+18,82.84833333333334,12.16222777777778,2.52938,12.3192,15.589,0.381,12.767,0.126,10.422,0.02,9.623,0.021,9.192,0.017,13.1931,0.026042,14.0687,0.090869,12.2495,0.071091,8.329,0.024,7.659,0.02,4.689,0.016,2.592,0.026,OSFC,10.0,roquette25,4616.89,1.51105,
436243707,3.33792337986216e+18,84.22120833333334,9.698825,2.45875,13.1643,14.707,0.055,13.632,0.126,11.651,0.037,11.096,0.047,10.823,0.027,13.9129,0.002558,14.4917,0.030776,12.9589,0.105963,10.549,0.023,10.571,0.019,10.243,0.071,8.854,,OSFC,10.0,roquette25,4495.65,,
436158760,3.3379143432510525e+18,83.99271393,9.531705856,2.36474,8.7241,8.577,0.054,8.65,0.03,8.702,0.026,8.712,0.044,8.775,0.024,8.62755,0.000569,8.6109,0.001505,8.66686,0.001558,8.568,0.019,8.691,0.019,8.771,0.029,8.359,,OSFC,10.0,roquette25,,,
284996127,3.34085663206934e+18,82.32735000000001,11.894199999999998,2.53949,11.8336,14.233,0.022,13.11,0.08,10.634,0.023,9.984,0.03,9.821,0.023,12.6057,0.001617,13.3411,0.005248,11.7717,0.00389,9.65,0.023,9.647,0.021,10.211,0.097,8.326,,OSFC,10.0,roquette25,4728.46,1.78083,
436010815,3.337984952513144e+18,83.69508333333333,9.843855555555557,2.59479,15.5126,20.173,0.162,,,13.644,0.028,12.992,0.023,12.715,0.027,16.9619,0.001892,18.7459,0.021271,15.6171,0.006701,12.549,0.025,12.315,0.025,12.205,0.418,8.782,,OSFC,10.0,roquette25,3123.0,0.648298,0.62585
436337230,3.3394514605067694e+18,84.26104,10.0662,0.429176,13.6771,16.32,0.038,15.08,0.137,12.342,0.024,11.748,0.021,11.562,0.021,14.5091,0.001682,15.2523,0.004154,13.6122,0.001159,11.418,0.024,11.456,0.022,11.374,0.245,8.483,,OSFC,10.0,roquette25,5015.65,4.98381,
436160578,3.3379403492774446e+18,83.96883333333335,9.808777777777776,,15.2124,19.364,0.162,,,13.189,0.024,12.509,0.022,12.271,0.027,16.4132,0.004055,18.0611,0.035336,15.0917,0.006314,12.131,0.024,11.92,0.022,11.952,,8.552,,OSFC,10.0,roquette25,,,
436008639,3.3380082140559933e+18,83.61625,10.04673,0.399567,12.1646,15.34,0.046,13.662,0.08,10.716,0.026,10.002,0.024,9.778,0.021,13.1016,0.000597,14.0434,0.002556,12.1513,0.001252,9.628,0.023,9.751,0.02,9.542,0.051,6.889,0.088,OSFC,10.0,roquette25,4431.7,14.0484,
435934727,3.338001960583652e+18,83.45169,9.95427,0.227885,13.2745,16.849,0.165,14.627,0.137,11.99,0.022,11.32,0.022,11.173,0.021,14.0903,0.000313,14.8607,0.002108,13.2383,0.001079,11.068,0.022,11.148,0.022,11.134,0.187,8.962,,OSFC,10.0,roquette25,4639.0,11.6927,
144697308,3.3364086995158006e+18,84.91228333333335,9.616302777777776,2.4738,14.1344,,,16.0466,0.0474,12.654,0.021,11.944,0.021,11.743,0.023,15.1578,0.002556,16.3049,0.013699,14.0819,0.006677,11.41,0.023,11.317,0.021,11.449,0.221,8.941,0.51,OSFC,10.0,roquette25,3813.0,1.18604,0.58
436248356,3.339442767493031e+18,84.12054166666665,9.907541666666669,2.45591,14.5534,18.003,0.0,16.627,0.343,12.893,0.029,12.108,0.023,11.945,0.024,15.6383,0.003022,16.9137,0.014519,14.5012,0.008977,11.871,0.024,11.778,0.023,11.531,0.226,8.322,,OSFC,10.0,roquette25,3686.0,1.07283,0.54
144697174,3.3364035455550787e+18,84.83766666666666,9.522952777777778,2.47859,13.9923,17.749,0.065,15.945,0.183,12.458,0.026,11.681,0.026,11.349,0.025,15.0077,0.003993,16.1377,0.02144,13.9444,0.011628,11.216,0.023,11.132,0.021,10.876,0.134,8.454,0.325,OSFC,10.0,roquette25,3847.0,1.24536,0.592
144616195,3.3363979105580406e+18,84.659543,9.408984,2.47838,14.2428,17.023,0.166,16.225,0.4,12.371,0.024,11.489,0.022,11.017,0.019,15.2769,0.02871,16.4031,0.108582,14.1877,0.080173,10.605,0.023,10.234,0.02,8.75,0.029,6.872,0.094,OSFC,10.0,roquette25,3887.0,1.13595,0.6
436008532,3.337957842679616e+18,83.54724999999998,9.701763889,0.744717,13.7854,15.055,0.02,14.522,0.137,13.014,0.033,12.74,0.039,12.659,0.041,14.2647,0.000268,14.637,0.001884,13.7125,0.001626,12.617,0.04,12.629,0.047,11.993,,8.367,,OSFC,10.0,roquette25,6646.0,1.65237,1.4
156246220,3.335310837155494e+18,86.48925,8.630186111111112,2.44441,14.3855,18.872,0.161,,,12.444,0.021,11.776,0.025,11.492,0.023,15.6219,0.000742,17.3921,0.012985,14.3407,0.00153,11.379,0.024,11.178,0.021,10.911,0.158,8.777,,OSFC,10.0,roquette25,3205.0,,
156245522,3.3361900341414804e+18,86.47200000000002,9.217416666666669,5.94664,12.5198,15.522,0.075,13.903,0.092,11.129,0.021,10.437,0.022,10.264,0.02,13.405,0.001822,14.3353,0.006608,12.4525,0.004817,10.206,0.023,10.196,0.021,10.048,0.067,8.816,,OSFC,10.0,roquette25,3964.0,0.864008,0.618
302762021,3.3409733521017887e+18,82.867027,12.197511,2.41387,15.4769,,,,,12.98,0.023,12.001,0.021,11.49,0.019,16.9901,0.022646,18.9431,0.105877,15.5216,0.063747,11.185,0.024,10.536,0.02,8.724,0.035,6.336,0.086,OSFC,10.0,roquette25,3435.0,1.357,
426185847,3.3379998302798904e+18,83.40557,9.89676,0.436644,12.7937,15.653,0.046,14.14,0.149,11.439,0.022,10.73,0.029,10.536,0.024,13.6553,0.000298,14.5033,0.001431,12.7596,0.00111,10.432,0.023,10.552,0.021,10.515,0.101,8.548,,OSFC,10.0,roquette25,4375.0,9.06039,
156187489,3.336205491726377e+18,86.19589166666667,9.297786111111112,3.56274,13.4495,16.18,0.052,14.841,0.103,12.206,0.023,11.526,0.022,11.377,0.025,14.2734,0.003191,15.0923,0.013864,13.3872,0.01133,11.279,0.023,11.257,0.02,11.004,0.162,8.81,,OSFC,10.0,roquette25,4124.0,0.874382,0.645
156187612,3.3361072271718257e+18,86.19410833333335,9.189302777777778,2.45268,14.547,18.852,0.163,16.852,1.133,12.924,0.024,12.212,0.022,11.953,0.026,15.7185,0.002314,17.0292,0.020164,14.5661,0.00548,11.577,0.023,11.125,0.023,9.206,0.038,6.838,0.117,OSFC,10.0,roquette25,3942.0,1.22415,0.61
156187389,3.336253530937701e+18,86.18601666666667,9.388488888888888,,13.3717,16.677,0.285,15.467,0.137,11.365,0.023,10.601,0.026,10.139,0.027,14.3105,0.023706,15.0882,0.06597,13.0344,0.052246,9.385,0.023,8.89,0.021,7.395,0.017,5.728,0.047,OSFC,10.0,roquette25,,,
156143885,3.3361099029351286e+18,86.11230000000002,9.178633333333334,2.5037,15.1077,18.495,0.165,17.5183,0.0471,13.238,0.027,12.552,0.031,12.355,0.033,16.2566,0.000968,17.7104,0.011433,15.05,0.002293,12.099,0.024,12.015,0.024,10.129,0.127,7.423,0.198,OSFC,10.0,roquette25,3494.0,0.905982,0.456
435931719,3.338190419452168e+18,83.44442,10.01922,1.99316,11.364,12.784,0.016,12.089,0.057,10.642,0.024,10.295,0.024,10.199,0.023,11.8807,0.000208,12.3018,0.001786,11.3103,0.00102,10.132,0.024,10.165,0.021,10.302,0.081,8.818,,OSFC,10.0,roquette25,5859.02,2.18653,1.06
436098556,3.337985639708146e+18,83.8196,9.777622,2.05045,7.73355,7.474,0.026,7.46351,0.023,7.83,0.024,7.851,0.033,7.941,0.034,7.57067,0.000836,7.52891,0.001966,7.67981,0.002598,7.941,0.024,7.992,0.021,7.957,0.023,5.989,0.054,OSFC,10.0,roquette25,,,
436008451,3.3379041727685596e+18,83.70366669,9.47777939,,12.1155,,,13.351,0.114,11.081,0.026,10.5,0.024,10.336,0.03,12.7677,0.002971,13.3472,0.009763,12.0478,0.008045,10.114,0.023,9.997,0.02,8.682,0.03,6.354,0.132,OSFC,10.0,roquette25,,,
156499524,3.3367135047553526e+18,87.20284271,10.34128284,1.60405,11.85,14.333,0.026,12.93,0.069,10.653,0.022,10.078,0.022,9.892,0.023,12.6289,0.000278,13.3527,0.001285,11.8129,0.001217,9.804,0.023,9.868,0.021,9.65,0.051,8.535,0.463,OSFC,10.0,roquette25,4762.0,3.40361,
200517026,3.3408742242569856e+18,82.84041595,12.04309464,2.48691,14.2131,17.594,0.165,16.878,0.355,12.352,0.028,11.681,0.027,11.433,0.027,15.4363,0.001489,16.9903,0.00795,14.2021,0.003612,11.337,0.023,11.205,0.023,11.953,0.514,8.821,,OSFC,10.0,roquette25,3525.0,1.52343,
284200852,3.334809597291915e+18,84.41526031,8.95147896,2.42211,13.099,16.342,0.112,14.887,0.16,11.689,0.023,10.975,0.025,10.746,0.021,14.0516,0.001768,15.0642,0.006955,13.0528,0.004688,10.666,0.023,10.623,0.02,10.456,0.099,8.821,,OSFC,10.0,roquette25,3972.0,1.78855,
144546209,3.3364155027440835e+18,84.48277283,9.57327652,3.55625,14.1368,17.113,0.0,16.135,0.16,12.219,0.027,11.524,0.034,11.241,0.027,15.1924,0.004217,16.4225,0.021447,14.0193,0.013561,10.961,0.023,10.653,0.021,9.861,0.059,8.742,0.521,OSFC,10.0,roquette25,3608.0,,
156143914,3.336110113389852e+18,86.13223267,9.2127552,,13.1608,15.648,0.074,14.408,0.114,11.67,0.02,11.023,0.025,10.779,0.023,13.9518,0.000719,14.7129,0.003499,13.0716,0.001458,10.632,0.023,10.686,0.022,9.902,0.107,8.158,0.421,OSFC,10.0,roquette25,,,
156144200,3.336256176637551e+18,86.13777924,9.44656563,2.54133,13.7219,17.455,0.398,15.994,0.217,11.871,0.024,11.126,0.022,10.936,0.021,14.8811,0.001353,16.324,0.010269,13.6908,0.001484,10.865,0.023,10.726,0.021,10.544,0.085,8.75,,OSFC,10.0,roquette25,3569.0,1.69503,
436008396,3.337891390945939e+18,83.64369965,9.27332306,2.46846,13.6586,16.813,0.237,15.328,0.103,12.119,0.024,11.488,0.024,11.234,0.019,14.636,0.001541,15.6798,0.007823,13.6153,0.003767,11.14,0.024,11.047,0.021,10.849,0.13,8.815,,OSFC,10.0,roquette25,3966.0,1.3995,
156192531,3.3334906600779725e+18,86.31221,7.35619,0.0601035,13.2067,15.076,0.37,13.701,0.412,11.194,0.026,10.262,0.022,9.382,0.026,14.0647,0.043421,14.8711,0.135139,13.1686,0.129788,7.711,0.029,6.379,0.021,4.255,0.015,2.699,0.021,OSFC,10.0,roquette25,4685.0,25.5481,
156194593,3.33609286479879e+18,86.34312,9.07008,2.40294,8.3739,10.723,0.048,9.437,0.006,6.519,0.023,5.699,0.033,5.159,0.02,9.22081,0.001609,10.0229,0.003712,8.3473,0.004546,4.736,0.202,3.667,0.164,2.109,0.017,0.192,0.013,OSFC,10.0,roquette25,5095.1,10.4212,
156353641,3.3350072688664023e+18,86.6986084,7.797343254,2.23661,9.73294,9.834,0.054,9.753,0.005,9.597,0.024,9.573,0.027,9.509,0.021,9.77468,0.000627,9.83152,0.001592,9.69548,0.001189,9.495,0.024,9.512,0.021,9.443,0.042,8.52,,OSFC,10.0,roquette25,9327.0,1.97045,2.368
436243598,3.334854780347916e+18,84.22941589,8.902421951,,11.5878,15.369,0.055,13.408,0.092,10.009,0.023,9.405,0.022,9.108,0.021,12.5751,0.002228,13.7031,0.008848,11.5003,0.004904,8.409,0.023,7.333,0.019,2.25,0.016,0.129,0.016,OSFC,10.0,roquette25,,,
436013051,3.334774477342578e+18,83.69824982,8.959961891,,13.2967,17.325,0.164,15.701,0.137,11.761,0.027,11.142,0.026,10.891,0.027,14.5313,0.002196,15.8947,0.006642,13.3565,0.001749,10.725,0.023,10.602,0.021,10.543,0.103,8.656,0.432,OSFC,10.0,roquette25,3412.0,0.336943,0.319115
284200704,3.3348826417986217e+18,84.46131897,9.094155312,0.0992358,12.8188,15.437,0.044,14.111,0.126,11.57,0.023,10.899,0.025,10.739,0.021,13.6239,0.000424,14.384,0.003749,12.7782,0.001527,10.628,0.023,10.65,0.021,10.61,0.111,8.996,,OSFC,10.0,roquette25,4611.63,22.5162,
290174015,3.3361411402334505e+18,85.56732941,9.140572548,0.079766,12.5314,15.704,0.082,13.932,0.114,11.173,0.022,10.378,0.022,10.246,0.021,13.4266,0.001528,14.32,0.007928,12.5024,0.005298,10.134,0.023,10.147,0.02,9.983,0.058,8.991,,OSFC,10.0,roquette25,4322.0,35.4806,
156245482,3.3361905452392253e+18,86.4996109,9.242266655,,11.9103,14.391,0.066,13.009,0.08,10.658,0.021,10.014,0.022,9.892,0.023,12.6621,0.000449,13.3826,0.001785,11.8418,0.0014,9.775,0.023,9.845,0.02,9.793,0.065,8.371,,OSFC,10.0,roquette25,,,
284200529,3.334893636915112e+18,84.45808411,9.249378204,,13.8786,17.286,0.008,15.777,0.114,12.209,0.023,11.494,0.025,11.282,0.023,14.8814,0.008786,15.9464,0.015113,13.6944,0.008856,11.174,0.024,11.094,0.021,10.959,0.134,8.712,,OSFC,10.0,roquette25,,,
284284074,3.3361591447362386e+18,85.98751068,9.273337364,1.23918,14.4085,16.095,0.039,15.127,0.08,13.582,0.029,13.126,0.023,13.053,0.043,14.9908,0.000466,15.4723,0.006287,14.3492,0.002342,,,,,,,,,OSFC,10.0,roquette25,5565.0,0.928203,0.98
436331607,3.334912264189995e+18,84.25644684,9.425951004,0.240876,12.7922,15.05,0.053,13.826,0.114,11.704,0.026,11.124,0.022,10.987,0.021,13.5036,0.000454,14.1417,0.001514,12.7421,0.001195,10.907,0.024,10.964,0.02,11.092,0.141,8.585,,OSFC,10.0,roquette25,5054.62,8.14702,
144703462,3.3363555106410936e+18,85.02719879,9.483947754,2.6368,8.8837,8.774,0.029,8.8,0.003,8.792,0.02,8.727,0.042,8.74,0.021,8.81118,0.001028,8.80352,0.004091,8.82918,0.002665,8.7,0.024,8.728,0.02,8.711,0.03,8.28,,OSFC,10.0,roquette25,14027.0,,
144734165,3.336383445108309e+18,85.18869781,9.651219368,,13.4256,15.697,0.099,14.437,0.114,12.052,0.026,11.367,0.025,11.204,0.023,14.192,0.001394,14.8668,0.012683,13.289,0.008844,11.061,0.023,11.171,0.021,11.275,0.185,8.438,,OSFC,10.0,roquette25,4502.11,,
144774954,3.336444601145968e+18,85.30928802,9.965535164,,13.8453,17.517,0.164,16.313,0.515,12.039,0.025,11.445,0.024,11.208,0.026,14.934,0.015477,16.1468,0.006526,13.6055,0.002866,11.032,0.024,10.877,0.022,10.952,0.167,8.848,,OSFC,10.0,roquette25,,,
284199575,3.3394491927640125e+18,84.39848328,10.05768967,2.96673,12.554,14.603,0.039,13.463,0.092,11.564,0.033,11.019,0.035,10.814,0.027,13.2256,0.000236,13.8205,0.002125,12.4896,0.003844,10.644,0.023,10.681,0.02,10.747,0.126,8.806,,OSFC,10.0,roquette25,4598.22,1.2371,0.727
156243945,3.336893446705047e+18,86.53439331,10.44402981,2.7745,11.7919,13.511,0.034,12.613,0.092,10.811,0.021,10.47,0.022,10.331,0.022,12.3957,0.000309,12.9058,0.001593,11.7251,0.001142,10.236,0.022,10.22,0.02,10.053,0.15,8.28,,OSFC,10.0,roquette25,6800.33,0.773639,1.463
284199059,3.339539283995329e+18,84.40415192,10.5005455,,13.6685,16.838,0.144,15.369,0.126,11.934,0.026,11.257,0.023,11.05,0.024,14.657,0.005256,15.6908,0.010349,13.4843,0.006622,10.926,0.023,10.833,0.021,10.985,0.157,8.922,,OSFC,10.0,roquette25,,,
200518223,3.338292953207743e+18,82.93788147,10.7611866,,11.9006,14.051,0.02,12.845,0.057,10.881,0.024,10.28,0.023,10.165,0.02,12.5992,0.000699,13.2436,0.001449,11.8341,0.000743,10.083,0.024,10.133,0.019,10.106,0.063,9.091,0.542,OSFC,10.0,roquette25,,,
200516204,3.34056330728062e+18,82.8615799,11.02294636,1.30155,9.4071,9.631,0.044,9.48,0.004,9.181,0.02,9.162,0.022,9.111,0.023,9.48235,0.000559,9.56585,0.001705,9.34108,0.00169,9.051,0.023,9.013,0.02,8.567,0.026,7.329,0.131,OSFC,10.0,roquette25,10260.0,4.05387,2.64
302761973,3.340972119446813e+18,82.86688232,12.15284824,,10.8485,12.063,0.287,11.925,0.025,9.408,0.02,8.311,0.023,7.341,0.031,11.2885,0.005733,11.5982,0.02968,10.7587,0.016592,6.163,0.108,5.033,0.071,2.529,0.015,0.897,0.018,OSFC,10.0,roquette25,6584.05,1.42977,
302761572,3.3408909574494633e+18,82.77407074,12.16744137,3.06353,9.24074,9.384,0.039,9.3,0.003,9.06,0.026,9.071,0.021,9.055,0.018,9.27265,0.000425,9.32766,0.001497,9.20003,0.001482,9.022,0.023,9.052,0.019,9.575,0.076,8.144,,OSFC,10.0,roquette25,9774.0,1.77605,2.495
156285160,3.3352123621455887e+18,86.57781617,8.149382356,5.07786,14.7277,18.951,0.163,,,13.043,0.024,12.423,0.025,12.184,0.026,16.0669,0.001605,17.7264,0.011977,14.8157,0.00353,12.05,0.024,11.865,0.023,12.112,0.35,8.942,0.463,OSFC,10.0,roquette25,3225.0,0.48726,0.485324
156144378,3.3362612962385367e+18,86.12746623,9.589031826,5.87398,13.8131,,,,,12.14,0.022,11.487,0.021,11.222,0.02,15.1351,0.001797,16.7579,0.01223,13.8977,0.00461,11.133,0.023,10.951,0.02,10.76,0.099,8.783,,OSFC,10.0,roquette25,3250.0,0.597469,0.586019
156240514,3.3369722679447905e+18,86.36033472,10.87472216,7.28528,13.6327,18.063,0.162,16.404,0.195,11.925,0.022,11.303,0.024,11.044,0.025,14.9563,0.001537,16.5735,0.014738,13.7171,0.005,10.926,0.023,10.735,0.021,10.679,0.113,8.939,,OSFC,10.0,roquette25,3252.0,0.546743,0.542316
156385927,3.337110497172677e+18,86.89022583,11.38320044,6.442,14.4608,19.656,0.162,,,12.581,0.022,12.026,0.022,11.716,0.024,15.9264,0.001163,17.9422,0.007384,14.5839,0.003213,11.537,0.023,11.291,0.022,10.934,0.146,8.461,,OSFC,10.0,roquette25,3021.0,0.479867,0.477809
144619032,3.3399587133243663e+18,84.6595775,11.70955536,6.33697,12.7542,16.698,0.056,15.135,0.117,10.989,0.022,10.361,0.022,10.127,0.021,13.8812,0.001943,15.3499,0.00916,12.688,0.003772,10.012,0.022,9.854,0.021,9.783,0.051,8.887,,OSFC,10.0,roquette25,3425.0,1.04613,0.416
436103626,3.3399353487022495e+18,83.75390579,11.42827025,10.3933,13.7594,18.862,0.162,17.158,1.133,11.875,0.023,11.363,0.022,11.018,0.024,15.1842,0.002133,17.0829,0.012762,13.8714,0.004742,10.889,0.024,10.662,0.02,10.408,0.08,8.49,,OSFC,10.0,roquette25,3085.0,0.42835,0.423078
436013391,3.3380107910363525e+18,83.64549529,10.11825966,10.3269,8.9478,10.714,0.084,9.96,0.006,8.022,0.02,7.568,0.026,7.406,0.026,9.51285,0.002979,9.9247,0.005579,8.82234,0.004089,7.306,0.037,7.302,0.02,7.242,0.02,7.05,0.108,OSFC,10.0,roquette25,5013.0,1.45055,0.83
302537505,3.340935388886478e+18,82.32916215,12.1580323,7.34303,11.4717,14.599,0.041,13.159,0.114,10.051,0.02,9.403,0.023,9.194,0.02,12.392,0.001018,13.3986,0.004345,11.4094,0.003063,9.092,0.023,9.035,0.02,9.17,0.072,8.254,,OSFC,10.0,roquette25,3887.0,1.17508,0.601
156284235,3.3334832040156585e+18,86.59049352,7.409326179,5.67154,13.1034,16.748,0.011,15.131,0.092,11.607,0.023,10.977,0.022,10.75,0.019,14.2476,0.000782,15.4756,0.004516,13.1469,0.002395,10.637,0.023,10.544,0.021,10.425,0.079,8.939,,OSFC,10.0,roquette25,3531.0,0.701812,0.664776
156433553,3.3371503544690545e+18,87.03948203,11.62661627,4.59774,14.7184,19.057,0.163,,,13.032,0.029,12.381,0.03,12.153,0.029,16.0326,0.001672,17.6349,0.02047,14.8005,0.005728,11.997,0.023,11.842,0.022,11.932,0.368,8.203,,OSFC,10.0,roquette25,3262.0,0.528018,0.525053
436335319,3.3399680205165937e+18,84.26249028,11.73323059,4.24103,15.2577,18.575,0.165,,,13.505,0.023,12.878,0.027,12.679,0.035,16.6243,0.001077,18.3607,0.025356,15.353,0.001644,12.548,0.024,12.324,0.023,12.005,,8.85,,OSFC,10.0,roquette25,3179.0,0.470512,0.468171
200519669,3.3378412214316646e+18,82.93889798,9.162220328,4.1872,14.718,19.163,0.162,17.123,0.229,13.02,0.025,12.372,0.028,12.12,0.03,16.0254,0.001413,17.5653,0.007175,14.7951,0.00476,11.99,0.024,11.83,0.023,11.714,0.261,8.905,,OSFC,10.0,roquette25,3294.0,0.56772,0.560918
284159091,3.3380618453117373e+18,82.69511511,9.614362924,4.10659,15.5691,20.071,0.162,,,13.681,0.023,13.058,0.025,12.787,0.027,17.0106,0.001944,18.9033,0.040009,15.681,0.004961,12.637,0.025,12.418,0.025,11.838,,8.835,,OSFC,10.0,roquette25,3080.0,0.464836,0.462253
156246769,3.3352251740306053e+18,86.50730315,8.189752177,3.56739,15.2488,19.872,0.162,,,13.442,0.024,12.856,0.03,12.582,0.027,16.637,0.000854,18.427,0.01886,15.3496,0.002675,12.446,0.023,12.249,0.025,11.784,,8.984,,OSFC,10.0,roquette25,3147.0,0.548075,0.54352
284286326,3.336988103486769e+18,86.0025188,10.93158844,3.01845,15.7042,20.271,0.163,,,13.879,0.033,13.298,0.03,13.001,0.037,17.1133,0.001395,18.9569,0.027546,15.81,0.005212,12.812,0.025,12.587,0.025,12.143,0.37,8.665,,OSFC,10.0,roquette25,3114.0,0.537944,0.534282
436103736,3.3406996467231007e+18,83.8313777,11.70768718,3.22264,12.9008,15.107,0.062,13.947,0.057,11.672,0.024,11.094,0.025,10.944,0.026,13.6309,0.002797,14.3041,0.010202,12.836,0.007015,10.848,0.023,10.807,0.022,10.448,0.094,8.151,,OSFC,10.0,roquette25,4485.0,1.01398,0.704
200516835,3.3406749764300984e+18,82.80088302,11.76146345,3.61966,15.1073,19.665,0.163,,,13.475,0.03,12.819,0.029,12.514,0.034,16.4249,0.00146,18.0151,0.017223,15.1886,0.005632,12.412,0.023,12.248,0.024,11.472,,8.919,,OSFC,10.0,roquette25,3266.0,0.55393,0.548776
302762001,3.3409729440805335e+18,82.84632631,12.17602008,3.09811,15.5735,19.571,0.162,,,13.165,0.022,12.462,0.023,12.021,0.019,16.9431,0.004417,19.116,0.035275,15.5151,0.009303,11.695,0.023,11.173,0.023,8.491,0.034,6.245,0.076,OSFC,10.0,roquette25,3000.0,,
436161982,3.3343765615094835e+18,84.08553083,7.519399073,3.99332,15.6306,20.272,0.162,,,13.827,0.024,13.276,0.026,12.934,0.026,17.0354,0.001321,18.8811,0.027651,15.7364,0.004287,12.747,0.025,12.536,0.025,11.432,0.229,8.532,,OSFC,10.0,roquette25,3115.0,0.4513,0.447942
156391934,3.3352429723754783e+18,86.97227954,8.345444354,2.51752,15.0178,18.797,0.165,16.964,1.133,13.525,0.03,12.859,0.033,12.658,0.027,16.1797,0.002757,17.4351,0.017761,15.0636,0.012125,12.53,0.025,12.409,0.025,12.382,0.464,8.8,,OSFC,10.0,roquette25,3505.0,0.671273,0.642842
284283556,3.3360829691967923e+18,86.04179472,8.873494624,2.66522,15.7277,19.96,0.163,,,13.891,0.029,13.259,0.023,13.02,0.033,17.1394,0.004254,18.9289,0.047439,15.8299,0.011244,12.774,0.025,12.571,0.025,12.406,0.455,8.139,,OSFC,10.0,roquette25,3136.0,0.582041,0.573183
156143971,3.33615852196503e+18,86.08758792,9.267104699,2.59193,14.9414,19.77,0.162,,,12.991,0.024,12.31,0.023,12.027,0.025,16.2097,0.001884,17.9931,0.018131,14.9168,0.006248,11.953,0.023,11.773,0.022,11.833,0.288,8.752,,OSFC,10.0,roquette25,3246.0,,
200604594,3.336168043908537e+18,85.68058267,9.287967403,2.58904,15.0969,20.057,0.163,,,12.996,0.027,12.39,0.027,12.084,0.03,16.4359,0.002037,18.4494,0.01763,15.0716,0.002736,11.93,0.024,11.711,0.022,11.618,0.251,8.849,,OSFC,10.0,roquette25,3097.0,,
144776247,3.336131107189965e+18,85.24576501,8.938565221,2.55164,15.6744,20.271,0.162,,,13.847,0.026,13.271,0.03,13.007,0.036,17.0589,0.001264,18.8234,0.030645,15.7728,0.004199,12.856,0.025,12.648,0.025,12.174,0.395,8.94,,OSFC,10.0,roquette25,3159.0,0.600721,0.588676
290174140,3.336145843220306e+18,85.48160221,9.243014268,2.53725,16.1051,,,,,14.121,0.027,13.457,0.037,13.208,0.042,17.6342,0.001713,19.7585,0.03856,16.2397,0.006113,13.019,0.025,12.777,0.028,12.01,,8.666,,OSFC,10.0,roquette25,2958.0,0.568382,0.561492
284284234,3.3361640538830454e+18,85.97158861,9.391658575,2.61532,16.1399,20.267,0.164,,,14.024,0.034,13.462,0.023,13.074,0.034,17.6996,0.00232,19.7873,0.030036,16.2741,0.006138,12.937,0.026,12.643,0.026,12.273,,8.904,,OSFC,10.0,roquette25,2960.0,0.581092,0.57238
200639703,3.3361606909249505e+18,85.87341238,9.283378417,2.52281,15.256,18.688,0.171,17.7225,0.0484,13.495,0.051,12.823,0.037,12.597,,16.4257,0.001696,17.9177,0.015573,15.2198,0.005091,12.413,0.024,12.291,0.024,12.538,0.498,8.768,,OSFC,10.0,roquette25,3500.0,0.864019,0.459
156143897,3.3361109680870446e+18,86.06383416,9.199697173,2.6348,15.376,,,,,12.947,0.024,12.331,0.025,12.046,0.026,16.8207,0.002923,19.303,0.047578,15.3475,0.007558,11.839,0.022,11.543,0.022,11.381,0.199,9.014,,OSFC,10.0,roquette25,,,
156287337,3.3362953123793715e+18,86.54178493,9.837051274,2.56336,15.2992,20.072,0.162,,,13.408,0.027,12.765,0.025,12.511,0.027,16.7183,0.001239,18.5254,0.030732,15.4033,0.006516,12.423,0.025,12.207,0.024,11.881,,8.548,,OSFC,10.0,roquette25,3126.0,0.692977,0.658488
144703414,3.3363574004266895e+18,85.03597849,9.52507491,2.67726,16.171,,,,,14.357,0.03,13.728,0.043,13.444,0.046,17.6462,0.002019,19.5124,0.032497,16.2831,0.011195,13.256,0.025,13.032,0.031,12.124,0.403,8.469,,OSFC,10.0,roquette25,3077.0,0.509893,0.507748
144666637,3.336424779873364e+18,84.72355996,9.746094285,2.63315,16.1842,,,,,14.308,0.032,13.7,0.036,13.349,0.043,17.6229,0.002012,19.4669,0.037736,16.292,0.006181,13.261,0.026,13.024,0.029,12.491,,8.991,,OSFC,10.0,roquette25,3102.0,0.529343,0.526295
144697542,3.336446289069535e+18,84.92438773,9.796331798,2.92935,15.3349,,,,,13.201,0.028,12.585,0.029,12.292,0.027,16.6369,0.001863,18.5459,0.018661,15.2478,0.007437,12.131,0.023,11.887,0.023,11.547,0.248,8.965,,OSFC,10.0,roquette25,3101.0,,
144666932,3.336400483240924e+18,84.76648737,9.501236779,2.58772,15.9496,,,,,14.149,0.036,13.536,0.038,13.27,0.04,17.3404,0.001562,19.0619,0.045276,16.0451,0.005971,13.07,0.026,12.881,0.027,12.226,,8.543,,OSFC,10.0,roquette25,3175.0,0.549366,0.544684
144697727,3.3364530235782333e+18,84.88247466,9.93669922,2.55412,15.2995,19.772,0.162,,,13.329,0.028,12.683,0.025,12.423,0.027,16.5513,0.00171,18.3238,0.027867,15.2468,0.004499,12.285,0.024,12.063,0.023,11.781,0.307,8.632,,OSFC,10.0,roquette25,3210.0,,
144666399,3.3394545528810854e+18,84.75246996,9.950163824,0.592182,15.4499,16.585,0.07,15.916,0.092,14.639,0.032,14.209,0.047,14.116,0.074,16.0085,0.000765,16.456,0.00386,15.3807,0.004132,14.016,0.066,14.108,0.089,12.201,,8.503,,OSFC,10.0,roquette25,5662.0,1.12233,1.01
144617547,3.3395372224135357e+18,84.61183661,10.51864114,2.61229,14.4236,,,16.668,0.0466,12.674,0.026,11.967,0.028,11.738,0.023,15.5225,0.001572,16.8912,0.008665,14.359,0.003638,11.633,0.023,11.527,0.022,11.283,0.188,8.769,,OSFC,10.0,roquette25,3540.0,1.09877,0.48
144665476,3.3396340438588145e+18,84.76037876,10.6833824,2.98326,15.2543,19.767,0.162,,,13.517,0.027,12.815,0.028,12.555,0.026,16.6413,0.003132,18.2914,0.024217,15.3448,0.009149,12.366,0.024,12.156,0.023,11.852,0.277,8.753,,OSFC,10.0,roquette25,3208.0,0.622393,0.605987
200540720,3.339803098069121e+18,83.21404678,10.96685602,2.53829,15.295,19.758,0.164,17.029,1.133,13.73,0.032,12.983,0.032,12.753,0.037,16.5291,0.001593,17.91,0.010173,15.355,0.003953,12.67,0.024,12.58,0.026,11.925,0.323,8.837,,OSFC,10.0,roquette25,3403.0,0.649855,0.627018
436009165,3.3398397212526085e+18,83.7271134,11.31482547,2.74103,11.5465,13.474,0.057,12.542,0.046,10.543,0.023,10.023,0.026,9.885,0.021,12.1835,0.002274,12.7414,0.007648,11.4901,0.005816,9.782,0.023,9.791,0.021,9.746,0.051,8.737,,OSFC,10.0,roquette25,5401.59,1.44051,0.94
144664582,3.339891093359606e+18,84.75164018,11.40260519,2.74955,15.6077,19.532,0.163,18.2464,0.0484,13.879,0.021,13.248,0.026,13.059,0.03,16.9032,0.002111,18.4293,0.015049,15.6825,0.005623,12.884,0.025,12.682,0.026,11.903,0.356,8.933,,OSFC,10.0,roquette25,3305.0,0.562594,0.556443
284911624,3.337442687121598e+18,82.352257,8.818944993,2.52126,15.5942,20.564,0.166,,,13.622,0.044,12.966,,12.771,,16.8167,0.001551,18.5033,0.034092,15.529,0.002754,12.526,0.024,12.322,0.024,11.171,0.191,8.707,0.499,OSFC,10.0,roquette25,3259.0,,
389246008,3.33998101279458e+18,84.34673819,11.92519498,2.56276,15.8457,20.662,0.163,,,13.689,0.028,13.098,0.035,12.75,0.026,17.4193,0.002701,19.6396,0.052971,15.9906,0.006162,12.537,0.024,12.269,0.025,11.681,0.248,8.895,,OSFC,10.0,roquette25,2914.0,0.648253,0.625816
436251392,3.339946408240422e+18,84.00682805,11.65888602,2.55417,15.2322,20.072,0.162,,,13.438,0.023,12.769,0.022,12.566,0.029,16.5972,0.001303,18.2868,0.015698,15.324,0.00293,12.423,0.024,12.221,0.024,11.964,0.383,8.896,,OSFC,10.0,roquette25,3201.0,0.683495,0.651693
309908430,3.3399832118182943e+18,85.7460511,10.87184871,1.76068,14.1554,16.019,0.016,14.99,0.092,13.057,0.027,12.591,0.035,12.506,0.038,14.8381,0.000531,15.3961,0.015638,14.0698,0.01143,12.386,0.029,12.415,0.033,11.623,,8.633,,OSFC,10.0,roquette25,5326.0,0.87281,0.92
200519885,3.337764191193977e+18,82.99371321,8.924101937,2.55122,15.1885,19.455,0.162,17.7648,0.0486,13.475,0.024,12.783,0.026,12.519,0.03,16.4702,0.001835,17.9551,0.016228,15.2595,0.005096,12.091,0.022,12.048,0.024,12.01,0.405,8.805,,OSFC,10.0,roquette25,3331.0,0.693082,0.658563
200546632,3.337766871253806e+18,83.26656264,8.757602069,2.5268,14.6314,18.627,0.164,16.791,0.16,13.038,0.029,12.259,0.026,12.104,0.031,15.7232,0.001214,17.0149,0.011465,14.5982,0.004008,11.94,0.023,11.866,0.024,11.6,0.293,8.877,,OSFC,10.0,roquette25,3702.0,1.01683,0.55
200514315,3.337761167537063e+18,82.88892129,8.791000456,2.52831,14.3248,18.215,0.163,16.242,0.137,12.756,0.021,11.95,0.023,11.777,0.026,15.3833,0.001368,16.5897,0.006812,14.2888,0.002806,11.64,0.023,11.599,0.021,11.051,0.153,8.62,,OSFC,10.0,roquette25,3795.0,1.11931,0.58
200477349,3.337821400158724e+18,82.57612403,8.99398882,2.57695,15.1598,19.572,0.163,,,13.144,0.032,12.521,0.033,12.224,0.033,16.445,0.001398,18.2621,0.01696,15.1273,0.003927,12.093,0.024,11.879,0.023,12.039,0.365,8.311,,OSFC,10.0,roquette25,3219.0,,
200519584,3.337855862975859e+18,82.89339119,9.263979468,2.56968,14.895,16.824,0.067,17.024,0.15,12.858,0.034,12.194,,11.937,,16.0984,0.001315,17.6456,0.018055,14.8241,0.009027,11.717,0.024,11.54,0.022,11.422,0.221,8.354,,OSFC,10.0,roquette25,3412.0,1.07243,0.41
200514418,3.3378102976667474e+18,82.8299579,8.916727775,2.76469,11.7701,13.365,0.063,12.475,0.046,11.054,0.017,10.704,0.018,10.619,0.025,12.3057,0.000195,12.7538,0.00195,11.7239,0.00102,10.54,0.023,10.601,0.021,10.555,0.098,8.94,,OSFC,10.0,roquette25,5428.49,1.43524,0.95
200524423,3.337757422325797e+18,83.02441548,8.76169459,2.50573,15.6142,19.96,0.163,,,13.882,0.03,13.153,0.031,12.888,0.037,16.9459,0.00116,18.5858,0.030366,15.6998,0.003653,12.775,0.024,12.632,0.026,11.609,0.242,8.772,,OSFC,10.0,roquette25,3237.0,0.629567,0.611572
426185178,3.3377688941816417e+18,83.38089219,8.830229391,2.52374,15.335,20.358,0.163,,,13.312,0.026,12.702,0.032,12.405,0.028,16.6459,0.001349,18.52,0.033961,15.3202,0.004931,12.277,0.024,12.052,0.024,12.34,0.466,8.774,,OSFC,10.0,roquette25,3204.0,,
200525043,3.337865140105095e+18,83.13059915,9.447606606,2.54724,16.103,20.039,0.165,,,14.302,0.033,13.626,0.039,13.35,0.041,17.4812,0.001854,19.1535,0.030236,16.194,0.004858,13.249,0.025,13.104,0.029,11.965,,9.112,,OSFC,10.0,roquette25,3202.0,0.542441,0.538405
200546944,3.3377997492275425e+18,83.28843279,9.223429605,2.59644,14.8537,19.471,0.162,16.587,1.133,13.087,0.026,12.411,0.028,12.14,0.031,16.0096,0.001034,17.4603,0.013467,14.8212,0.00305,12.039,0.023,11.926,0.023,11.51,0.241,8.384,,OSFC,10.0,roquette25,3550.0,0.983364,0.49
200514454,3.3378129133029965e+18,82.87204316,8.986251973,2.6352,15.4456,19.754,0.165,,,13.797,0.036,13.107,0.034,12.809,0.039,16.7514,0.00141,18.3073,0.022614,15.5233,0.007185,12.699,0.023,12.581,0.025,12.278,,8.769,,OSFC,10.0,roquette25,3287.0,0.624099,0.607321
284159891,3.337802914619222e+18,82.69349853,8.785472755,2.52604,12.336,14.434,0.07,13.532,0.069,11.258,0.057,10.634,0.075,10.468,0.054,13.0693,0.003514,13.7396,0.012047,12.2743,0.008636,9.734,0.024,9.685,0.02,8.168,0.023,4.947,0.033,OSFC,10.0,roquette25,4567.0,1.66806,
200542249,3.3378467232853704e+18,83.16348566,9.274891751,2.88913,15.1899,19.871,0.163,,,13.453,0.032,12.806,0.03,12.524,0.032,16.5198,0.001251,18.1492,0.014991,15.2748,0.003348,12.354,0.024,12.192,0.023,12.388,0.539,8.996,,OSFC,10.0,roquette25,3243.0,0.64135,0.620602
426185469,3.3378935169529723e+18,83.41463639,9.285247311,2.55783,16.0965,,,,,14.096,0.032,13.454,0.037,13.236,0.035,17.609,0.001729,19.5088,0.034411,16.2137,0.005712,12.94,0.024,12.686,0.027,12.418,,8.964,,OSFC,10.0,roquette25,3048.0,0.562023,0.555942
284912092,3.338026287278591e+18,82.32318215,9.300314586,2.50281,13.6972,16.437,0.193,15.369,0.092,12.25,0.023,11.49,0.029,11.309,0.026,14.6351,0.002071,15.6139,0.012426,13.6518,0.00694,11.207,0.023,11.205,0.022,10.92,0.132,8.874,,OSFC,10.0,roquette25,4004.0,1.31723,0.63
200547304,3.33797320148305e+18,83.25993671,9.766175831,2.63242,15.8651,20.672,0.163,,,14.043,0.033,13.453,0.032,13.123,0.036,17.2583,0.001733,19.0034,0.046561,15.9626,0.003627,13.017,0.025,12.792,0.026,12.23,,9.007,,OSFC,10.0,roquette25,3164.0,0.568088,0.561237
200541789,3.3379740261164145e+18,83.25128137,9.784725716,2.84554,15.2181,19.871,0.162,,,13.461,0.027,12.806,0.029,12.516,0.031,16.5458,0.001197,18.1387,0.019916,15.3002,0.002435,12.405,0.024,12.214,0.023,11.697,0.276,8.679,,OSFC,10.0,roquette25,3260.0,0.648285,0.62584
200547103,3.337947599181314e+18,83.26004102,9.481587859,2.58608,15.068,19.364,0.163,17.07,0.629,13.196,0.029,12.479,0.028,12.255,0.03,16.2521,0.005094,17.7377,0.024599,15.0334,0.012679,12.13,0.024,11.967,0.022,11.764,0.274,8.473,,OSFC,10.0,roquette25,3535.0,0.933592,0.48
436101750,3.3379003201806915e+18,83.82916583,9.440584064,2.60039,15.8607,20.267,0.162,,,14.008,0.027,13.369,0.036,13.134,0.033,17.276,0.001456,19.0662,0.047617,15.9631,0.002683,12.926,0.025,12.722,0.027,12.36,,8.852,,OSFC,10.0,roquette25,3135.0,0.570588,0.563402
426185559,3.337943957048879e+18,83.38317146,9.420116635,2.61575,12.3929,15.581,0.167,13.496,0.092,11.231,0.021,10.644,0.028,10.482,0.024,13.1192,0.001817,13.7715,0.00569,12.3388,0.005588,10.383,0.025,10.372,0.021,10.298,0.08,8.389,,OSFC,10.0,roquette25,4810.0,1.50577,0.78
436011874,3.3378977775599104e+18,83.65381048,9.335725616,2.55391,15.5147,20.271,0.163,,,13.557,0.029,12.923,0.026,12.626,0.026,16.9973,0.00182,18.8135,0.027862,15.624,0.008698,12.405,0.025,12.052,0.023,11.073,0.168,8.081,,OSFC,10.0,roquette25,3095.0,0.673642,0.644567
436014758,3.338203201275176e+18,83.51936429,10.22375314,2.71318,16.2171,,,,,14.361,0.034,13.797,0.037,13.465,0.037,17.6505,0.002864,19.4118,0.047272,16.3184,0.007085,13.295,0.026,13.063,0.029,12.016,,8.918,,OSFC,10.0,roquette25,3139.0,0.499606,0.497666
284998485,3.33812648027533e+18,82.41635295,9.795017937,2.79847,14.7738,18.945,0.163,16.886,1.133,13.121,0.022,12.386,0.03,12.177,0.026,15.8975,0.002003,17.2804,0.011546,14.7433,0.003376,11.997,0.024,11.926,0.023,11.958,0.338,9.018,,OSFC,10.0,roquette25,3610.0,0.899324,0.51
200526143,3.338288452082006e+18,83.09393593,10.69769312,2.68683,15.2806,20.361,0.163,,,13.371,0.027,12.715,0.026,12.443,0.03,16.7317,0.001665,18.5927,0.037144,15.391,0.004316,12.27,0.024,12.067,0.023,11.741,,8.316,,OSFC,10.0,roquette25,3089.0,0.687235,0.654379
284158511,3.338237286135044e+18,82.68066126,10.19473045,2.71922,15.4013,,,,,13.233,0.032,12.53,0.033,12.263,0.032,16.6735,0.0015,18.2736,0.017438,15.2338,0.017182,12.068,0.023,11.872,0.023,11.588,0.26,8.586,,OSFC,10.0,roquette25,3299.0,,
200525929,3.3382688670313933e+18,83.13255495,10.4747905,2.60423,15.4364,20.173,0.163,,,13.63,0.03,13.004,0.03,12.727,0.031,16.8294,0.001797,18.564,0.027244,15.5333,0.006183,12.593,0.024,12.407,0.024,12.253,0.499,8.881,,OSFC,10.0,roquette25,3168.0,0.644378,0.622896
200518697,3.3382591432255805e+18,82.92332847,10.25032014,2.55178,15.0344,19.771,0.162,,,13.03,0.025,12.338,0.027,12.046,0.028,16.3485,0.001511,18.1941,0.013831,15.0161,0.006799,11.937,0.024,11.73,0.022,11.658,0.251,8.251,,OSFC,10.0,roquette25,3234.0,,
200515752,3.338282473487598e+18,82.82352313,10.54951835,2.79185,15.8368,19.313,0.166,,,13.874,0.035,13.241,0.033,13.011,0.038,17.3707,0.001869,19.5307,0.035046,15.9745,0.004386,12.793,0.027,12.532,0.024,12.091,,8.867,,OSFC,10.0,roquette25,2945.0,0.566139,0.559542
284158428,3.338249934815435e+18,82.68486099,10.26646606,2.59819,16.318,19.356,0.168,,,14.44,0.039,13.835,0.041,13.45,0.043,17.7803,0.002167,19.5418,0.044209,16.4215,0.005516,13.316,0.026,13.074,0.029,11.795,,8.932,,OSFC,10.0,roquette25,3127.0,0.518799,0.516324
284996639,3.340641265229832e+18,82.44397525,11.50966536,2.5642,15.2258,19.871,0.162,,,13.447,0.026,12.702,0.031,12.505,0.024,16.6039,0.00155,18.324,0.014555,15.3208,0.003187,12.35,0.024,12.151,0.022,11.98,0.33,8.966,,OSFC,10.0,roquette25,3181.0,0.694527,0.659594
200512019,3.3406496876625137e+18,82.59200465,11.64220205,2.61195,15.7998,20.272,0.163,,,13.839,0.033,13.186,0.032,12.87,0.034,17.25,0.001484,19.143,0.030956,15.9121,0.003677,12.816,0.025,12.603,0.025,12.009,,8.865,,OSFC,10.0,roquette25,3076.0,0.618189,0.602682
200540461,3.3405625857262223e+18,83.14753424,11.24767261,2.80675,15.9854,20.146,0.166,,,14.306,0.041,13.65,0.041,13.408,0.045,17.329,0.002052,18.9656,0.014306,16.0713,0.005591,13.267,0.026,13.065,0.028,12.003,0.405,8.747,,OSFC,10.0,roquette25,3233.0,0.496439,0.494526
302830742,3.340779838055978e+18,83.04345116,12.05043194,2.73069,16.2736,20.471,0.163,,,14.066,0.029,13.419,0.031,13.113,0.038,17.6343,0.002232,19.6763,0.047049,16.1893,0.006224,12.892,0.025,12.642,0.025,11.864,,8.974,,OSFC,10.0,roquette25,3052.0,,
302970858,3.3407852668936003e+18,83.45033018,12.15535054,2.70558,15.2994,19.446,0.163,,,13.608,0.025,12.947,0.026,12.717,0.026,16.6311,0.001819,18.2545,0.023838,15.384,0.004041,12.544,0.024,12.368,0.025,12.142,0.475,8.609,,OSFC,10.0,roquette25,3245.0,0.630675,0.612428
436011596,3.3407051442812887e+18,83.52380292,11.66937207,2.81437,14.579,18.655,0.163,,,12.669,0.027,11.983,0.022,11.729,0.021,15.7991,0.002297,17.4391,0.016009,14.548,0.005346,11.611,0.024,11.421,0.021,11.212,0.17,8.742,,OSFC,10.0,roquette25,3359.0,1.1804,0.375
436016251,3.3406904383132836e+18,83.57033841,11.52115979,2.67223,15.6866,20.17,0.162,,,13.833,0.026,13.236,0.03,12.999,0.03,17.0841,0.001573,18.8747,0.033499,15.7878,0.006028,12.87,0.024,12.656,0.026,11.678,,8.952,,OSFC,10.0,roquette25,3142.0,0.584744,0.57546
436100147,3.3406967605050726e+18,83.93618172,11.64621993,2.57509,14.8724,19.572,0.162,,,12.892,0.022,12.249,0.022,12.041,0.026,16.1246,0.003054,17.8719,0.020019,14.8346,0.006554,11.886,0.024,11.685,0.022,11.37,0.218,8.324,,OSFC,10.0,roquette25,3254.0,,
200516964,3.340871028801247e+18,82.84130299,11.91569838,2.55756,15.3592,18.9,0.165,,,13.595,0.03,12.956,0.033,12.687,0.034,16.7152,0.001679,18.3795,0.026046,15.4485,0.004175,12.534,0.024,12.375,0.025,12.039,0.388,8.802,,OSFC,10.0,roquette25,3216.0,0.659511,0.634208
436153026,3.333999325941572e+18,84.08757046,7.41802016,2.65042,14.4043,18.551,0.162,16.539,0.252,12.635,0.023,11.947,0.027,11.691,0.021,15.5254,0.002035,16.9093,0.011799,14.3449,0.006106,11.589,0.023,11.43,0.022,11.359,0.192,8.905,,OSFC,10.0,roquette25,3558.0,1.12568,0.49
200521197,3.334216784428703e+18,82.92146343,7.303544671,2.62193,15.7362,20.269,0.164,,,13.974,0.033,13.281,0.033,13.077,0.031,17.1272,0.001438,18.9153,0.025055,15.8368,0.00373,12.882,0.026,12.671,0.027,12.128,,8.706,,OSFC,10.0,roquette25,3146.0,0.57775,0.569544
200523402,3.334242111852723e+18,83.06572539,7.645447788,2.73937,15.2158,19.87,0.163,,,13.527,0.028,12.774,0.029,12.593,0.03,16.5305,0.001798,18.1145,0.020277,15.2963,0.002669,12.431,0.024,12.273,0.024,11.828,,8.799,,OSFC,10.0,roquette25,3270.0,0.648694,0.626147
144611102,3.3343680746540206e+18,84.54589668,7.510385661,2.54349,15.2806,18.778,0.165,17.7846,0.0482,13.68,0.026,13.01,0.026,12.748,0.033,16.5416,0.0022,17.9874,0.013791,15.3472,0.007752,12.651,0.024,12.499,0.027,11.772,,8.796,,OSFC,10.0,roquette25,3359.0,0.649757,0.626944
144668988,3.3344026018940283e+18,84.81242178,7.788734621,2.71807,14.5607,17.966,0.165,16.206,0.149,12.974,0.024,12.289,0.027,12.101,0.029,15.5957,0.002967,16.7705,0.01269,14.515,0.007841,11.973,0.024,11.89,0.023,11.6,0.349,8.493,,OSFC,10.0,roquette25,3792.0,0.903984,0.577
144732523,3.3345268810676925e+18,85.12840081,8.284521256,0.186284,14.9071,16.403,0.043,15.586,0.172,14.072,0.027,13.783,0.021,13.783,0.053,15.4189,0.000596,15.822,0.002951,14.8386,0.003015,13.62,0.032,13.743,0.042,12.363,,8.72,,OSFC,10.0,roquette25,6275.0,3.22707,1.22
436159879,3.3346995430500874e+18,84.10091806,8.546878768,2.64641,15.0067,19.041,0.163,17.3989,0.0478,13.271,0.023,12.547,0.024,12.352,0.023,16.1629,0.00116,17.6143,0.014419,14.9817,0.003193,12.256,0.023,12.099,0.023,11.455,0.255,8.529,,OSFC,10.0,roquette25,3561.0,0.898098,0.49
436011396,3.334661712977873e+18,83.65761191,8.157614808,2.62195,15.5378,19.646,0.165,,,13.804,0.037,13.147,0.039,12.868,0.034,16.8491,0.001793,18.4136,0.013388,15.6165,0.004218,12.621,0.024,12.501,0.024,11.791,,9.0,,OSFC,10.0,roquette25,3280.0,0.615176,0.600297
144776996,3.3345471576107433e+18,85.303036,8.339338172,2.5838,15.3359,19.44,0.164,,,13.683,0.029,13.057,0.028,12.772,0.03,16.6356,0.001306,18.2046,0.020361,15.4142,0.004078,12.644,0.024,12.485,0.025,11.991,,9.0,,OSFC,10.0,roquette25,3284.0,0.638934,0.618765
436153334,3.334690540798284e+18,83.8951622,8.395221061,2.98347,14.6629,18.946,0.163,16.991,0.206,13.115,0.023,12.425,0.023,12.158,0.026,15.8592,0.001411,17.2059,0.007335,14.718,0.004699,12.071,0.023,11.961,0.023,11.863,,8.288,,OSFC,10.0,roquette25,3439.0,0.697776,0.661908
436341473,3.334682363180705e+18,84.27427208,8.446811785,2.66468,15.6814,20.162,0.163,,,14.046,0.026,13.391,0.023,13.143,0.037,16.985,0.001378,18.5496,0.029889,15.7594,0.003722,13.019,0.024,12.868,0.028,11.722,,8.189,,OSFC,10.0,roquette25,3284.0,0.560099,0.554248
144546840,3.3348346455413765e+18,84.54343437,9.042459963,2.65182,15.6876,20.066,0.163,,,13.839,0.03,13.226,0.028,12.97,0.027,17.1087,0.001747,18.9601,0.036059,15.7949,0.004299,12.783,0.025,12.583,0.027,12.121,0.424,8.555,,OSFC,10.0,roquette25,3106.0,0.592756,0.582138
436104337,3.3348643323527706e+18,83.79288971,8.925295952,2.60705,15.198,17.821,0.168,,,13.183,0.033,12.597,0.033,12.287,0.026,16.4915,0.001462,18.3395,0.01496,15.1691,0.005574,12.079,0.024,11.895,0.024,11.684,0.271,8.988,,OSFC,10.0,roquette25,3199.0,,
436012279,3.3347695295402107e+18,83.73774065,8.85272189,2.68368,15.6475,20.17,0.163,,,13.821,0.03,13.157,0.029,12.947,0.03,17.0247,0.002689,18.7622,0.04296,15.7434,0.00534,12.765,0.024,12.569,0.025,11.132,0.175,7.895,0.216,OSFC,10.0,roquette25,3174.0,0.592426,0.581865
200546602,3.334763074205831e+18,83.33994666,8.696049497,2.51922,12.8461,15.777,0.036,14.303,0.092,11.494,0.026,10.793,0.02,10.606,0.023,13.728,0.002076,14.6204,0.007727,12.8025,0.005143,10.495,0.022,10.467,0.02,9.851,0.057,8.233,,OSFC,10.0,roquette25,4138.0,1.76279,
426184987,3.3347341776660726e+18,83.35415429,8.523650929,2.65271,15.0855,19.769,0.163,,,13.457,0.028,12.729,0.031,12.529,0.028,16.386,0.001876,17.9206,0.011856,15.1615,0.003053,,,,,,,,,OSFC,10.0,roquette25,3299.0,0.674409,0.645124
436333434,3.3348582807440604e+18,84.26824521,9.046292373,2.50985,15.9934,,,,,14.088,0.029,13.478,0.033,13.16,0.037,17.4152,0.001847,19.2285,0.054282,16.0978,0.005743,13.047,0.026,12.815,0.026,11.616,,8.719,0.458,OSFC,10.0,roquette25,3122.0,0.580295,0.571706
436244951,3.33484838514073e+18,84.14149184,8.855416639,2.5269,15.4101,20.367,0.162,,,13.497,0.024,12.875,0.027,12.583,0.026,16.8542,0.001657,18.7838,0.024931,15.5249,0.003329,12.463,0.025,12.247,0.024,12.349,0.455,8.935,,OSFC,10.0,roquette25,3064.0,0.68562,0.65322
436246633,3.3348560516582236e+18,84.21281586,8.97313692,2.57279,15.4549,20.173,0.162,,,13.619,0.026,12.962,0.027,12.741,0.027,16.8278,0.00124,18.4997,0.033415,15.5458,0.002631,12.653,0.024,12.448,0.025,12.173,0.387,8.724,,OSFC,10.0,roquette25,3205.0,0.646914,0.624809
156428096,3.334995616618255e+18,87.03861267,7.71238563,2.89139,16.3281,,,,,14.484,0.036,13.803,0.031,13.553,0.049,17.7634,0.001983,19.6524,0.052805,16.4388,0.007466,13.422,0.026,13.198,0.031,12.473,0.539,8.823,,OSFC,10.0,roquette25,3084.0,0.464945,0.462368
436333684,3.3348848794786693e+18,84.30149421,9.095326416,2.61587,15.3827,19.765,0.162,,,13.584,0.024,12.882,0.029,12.642,0.029,16.7396,0.006266,18.348,0.041621,15.468,0.016787,12.578,0.024,12.367,0.024,12.106,0.41,8.162,,OSFC,10.0,roquette25,3240.0,0.658764,0.633655
436245079,3.3349054609618e+18,84.2206151,9.380563016,2.5652,15.6531,20.372,0.162,,,13.751,0.023,13.165,0.025,12.863,0.03,17.1264,0.001972,18.937,0.032467,15.7613,0.009973,12.678,0.025,12.456,0.027,12.076,,9.003,,OSFC,10.0,roquette25,3101.0,0.625352,0.608299
144546596,3.334891059934725e+18,84.53053164,9.242219021,2.778,15.3551,19.971,0.162,,,13.558,0.026,12.936,0.032,12.711,0.033,16.7272,0.001529,18.4264,0.022534,15.4481,0.003996,12.44,0.024,12.265,0.023,12.024,0.356,8.614,,OSFC,10.0,roquette25,3193.0,0.622941,0.606416
284200541,3.3348886590498514e+18,84.35999015,9.234151883,2.69337,15.4467,19.867,0.162,,,13.624,0.022,12.973,0.025,12.679,0.027,16.8115,0.001818,18.4337,0.039487,15.5335,0.003995,12.619,0.024,12.394,0.024,11.699,,8.624,,OSFC,10.0,roquette25,3231.0,0.639953,0.619541
144546754,3.334883092772234e+18,84.51086992,9.110456218,2.61707,15.1281,19.127,0.164,17.4987,0.0492,13.542,0.026,12.885,0.021,12.625,0.032,16.3586,0.001982,17.712,0.018323,15.1859,0.008164,12.508,0.024,12.4,0.026,11.988,0.347,8.937,,OSFC,10.0,roquette25,3418.0,0.6627,0.636561
156285619,3.335305339597352e+18,86.63469987,8.51653436,2.32168,14.8118,18.709,0.164,16.403,0.149,13.318,0.026,12.557,0.022,12.368,0.023,15.8085,0.001441,16.9089,0.007311,14.77,0.004759,12.298,0.024,12.238,0.024,11.628,0.287,8.866,,OSFC,10.0,roquette25,3892.0,0.884143,0.603
156358271,3.335240434051787e+18,86.8279997,8.318250538,2.26284,15.2402,19.356,0.162,,,13.357,0.024,12.615,0.027,12.372,0.026,16.5031,0.001807,18.2266,0.020301,15.2232,0.004798,12.174,0.023,12.012,0.022,11.982,0.39,8.983,,OSFC,10.0,roquette25,3322.0,1.16064,0.351
156390520,3.3354689263110897e+18,86.93649879,9.372816727,2.29314,14.7022,18.272,0.165,16.346,0.16,13.227,0.024,12.519,0.027,12.305,0.026,15.679,0.002271,16.714,0.009674,14.6615,0.007525,12.267,0.024,12.222,0.024,11.872,0.317,8.632,,OSFC,10.0,roquette25,3981.0,0.942826,0.621
156286334,3.3354334670611246e+18,86.61088613,9.049030947,2.261,12.9816,14.973,0.075,13.877,0.149,11.933,0.024,11.511,0.022,11.368,0.023,13.6506,0.000411,14.235,0.001433,12.9147,0.001801,11.278,0.023,11.273,0.022,11.102,0.172,8.37,,OSFC,10.0,roquette25,4783.0,1.22576,0.771
290173549,3.336065205211765e+18,85.5466685,8.714014304,2.36846,15.7263,,,,,13.843,0.032,13.206,0.03,12.915,0.032,17.1937,0.001645,19.1559,0.036312,15.8449,0.005293,12.755,0.025,12.529,0.025,11.692,,8.826,,OSFC,10.0,roquette25,3041.0,0.647903,0.625553
156194861,3.33620367066027e+18,86.38355812,9.313840965,2.31807,13.3032,,,14.699,0.126,12.031,0.022,11.377,0.022,11.246,0.021,14.104,0.00109,14.8515,0.007506,13.2351,0.003734,10.889,0.023,10.79,0.02,9.282,0.04,8.123,0.226,OSFC,10.0,roquette25,4423.0,1.29868,0.69
200591821,3.336145125962915e+18,85.39792011,9.183043353,2.38747,15.6577,20.164,0.164,,,13.992,0.033,13.335,0.029,13.1,0.037,17.033,0.001504,18.7107,0.028187,15.7492,0.013888,12.919,0.026,12.698,0.027,11.943,,8.81,,OSFC,10.0,roquette25,3201.0,0.609847,0.596049
144776294,3.3361298358796493e+18,85.27287294,8.894759282,2.31783,15.4498,19.333,0.164,,,13.669,0.026,13.017,0.03,12.731,0.034,16.8136,0.001695,18.4799,0.02956,15.5397,0.005422,12.531,0.024,12.338,0.023,11.949,0.357,8.865,,OSFC,10.0,roquette25,3211.0,0.692323,0.658021
309795635,3.336166772598646e+18,85.69319311,9.217364326,2.37285,14.6779,18.736,0.163,16.609,0.469,13.032,0.026,12.298,0.022,12.1,0.029,15.7329,0.003911,16.9328,0.018102,14.6166,0.015875,12.012,0.023,11.907,0.022,11.755,0.272,8.228,,OSFC,10.0,roquette25,3749.0,1.00904,0.564
156286849,3.3362349423196206e+18,86.65000021,9.452683287,2.38594,13.8791,16.751,0.132,15.218,0.172,12.487,0.024,11.743,0.022,11.609,0.021,14.7852,0.001571,15.704,0.007752,13.8407,0.00373,11.499,0.023,11.494,0.022,11.176,0.154,8.834,,OSFC,10.0,roquette25,4153.0,1.19209,0.65
156143819,3.336104787630416e+18,86.15723569,9.099281437,2.33247,15.2413,20.065,0.162,,,13.143,0.023,12.543,0.029,12.251,0.023,16.6937,0.001721,18.7032,0.026008,15.3168,0.002898,11.996,0.023,11.771,0.024,9.643,0.11,7.086,0.176,OSFC,10.0,roquette25,3313.0,1.48514,
200639968,3.3361774541810826e+18,85.89038669,9.496433712,2.33431,15.8004,,,,,13.74,0.031,13.12,0.029,12.846,0.032,17.3281,0.00292,19.3809,0.051422,15.9299,0.011762,12.744,0.025,12.502,0.026,11.873,,8.878,,OSFC,10.0,roquette25,2984.0,0.668434,0.640769
144775790,3.3363383264756106e+18,85.26396447,9.311919359,2.29139,15.4981,,,,,13.368,0.027,12.802,0.027,12.469,0.029,16.8263,0.001789,18.8254,0.024078,15.4646,0.003706,12.303,0.025,12.076,0.023,11.928,0.32,8.732,,OSFC,10.0,roquette25,3093.0,,
144775780,3.336335478913608e+18,85.2894804,9.316178221,1.33639,13.2431,14.612,0.035,13.844,0.137,12.51,0.029,12.169,0.031,12.125,0.032,13.732,0.000301,14.1101,0.001819,13.1739,0.002724,11.812,0.024,11.776,0.023,11.59,0.248,9.007,,OSFC,10.0,roquette25,6070.76,1.2063,1.13
144703737,3.3363314931840246e+18,85.03737116,9.254331918,0.185756,14.5476,15.663,0.066,15.267,0.137,13.845,0.023,13.503,0.031,13.46,0.043,15.0548,0.000438,15.4555,0.002136,14.4831,0.001777,,,,,,,,,OSFC,10.0,roquette25,5928.0,4.06144,1.08
156144185,3.336256103621173e+18,86.15884915,9.432714358,2.44995,15.8311,20.16,0.163,,,14.078,0.027,13.362,0.025,13.138,0.034,17.2328,0.001713,18.9437,0.019211,15.9267,0.002755,12.815,0.024,12.441,0.024,11.149,0.149,8.402,0.337,OSFC,10.0,roquette25,3175.0,0.593675,0.582898
200592038,3.336359633809641e+18,85.38702455,9.385595143,2.35906,15.056,19.043,0.164,17.5743,0.048,13.247,0.03,12.52,0.027,12.282,0.03,16.2421,0.00153,17.7544,0.014238,15.0191,0.003511,12.226,0.024,12.063,0.023,11.526,0.242,8.945,,OSFC,10.0,roquette25,3493.0,1.03792,0.46
200610688,3.336543836367196e+18,85.6364138,10.13576024,2.2656,13.682,15.829,0.071,14.938,0.16,12.454,0.036,11.783,0.033,11.609,0.037,14.5242,0.000501,15.3317,0.004356,13.6478,0.001294,11.405,0.024,11.476,0.021,11.214,0.163,8.798,,OSFC,10.0,roquette25,4542.0,1.17307,0.715
284200079,3.3364172851532723e+18,84.44315165,9.643043221,2.33411,16.0835,,,,,14.316,0.024,13.693,0.03,13.496,0.041,17.4532,0.002394,19.121,0.037011,16.1735,0.005294,13.303,0.027,12.99,0.029,10.515,0.098,7.818,0.19,OSFC,10.0,roquette25,3208.0,0.54864,0.54403
284200149,3.336416632318132e+18,84.39506477,9.590446673,2.42219,16.1435,,,,,14.35,0.026,13.707,0.03,13.429,0.044,17.5687,0.002268,19.3623,0.028961,16.2467,0.006896,13.272,0.026,13.024,0.029,12.366,,8.5,,OSFC,10.0,roquette25,3129.0,0.547041,0.542585
144616267,3.33639942238652e+18,84.63184618,9.471593393,2.39655,14.7719,19.064,0.162,,,12.89,0.026,12.195,0.022,11.92,0.024,16.0051,0.001575,17.6549,0.01032,14.7409,0.003572,11.783,0.023,11.594,0.021,11.278,0.16,8.391,,OSFC,10.0,roquette25,3363.0,1.29215,
284997728,3.339007876284082e+18,82.44549181,10.49122123,2.46796,15.9716,17.66,0.07,,,14.097,0.035,13.602,0.045,13.283,0.036,17.3317,0.001478,18.9751,0.036063,16.0593,0.004794,13.007,0.025,12.868,0.027,11.915,,8.507,,OSFC,10.0,roquette25,3223.0,0.564771,0.558349
284997597,3.3390142671953946e+18,82.42526524,10.61477327,2.37775,16.1065,,,,,14.263,0.033,13.598,0.037,13.317,0.035,17.5219,0.002002,19.2917,0.037411,16.2073,0.005169,13.196,0.026,13.006,0.029,12.089,,8.459,,OSFC,10.0,roquette25,3143.0,0.573538,0.565943
284994922,3.3390550522048e+18,82.3882925,10.81508915,2.32491,15.4109,20.172,0.162,18.0468,0.0519,13.739,0.028,13.028,0.034,12.763,0.028,16.7085,0.001926,18.227,0.025074,15.4853,0.004215,12.664,0.024,12.525,0.025,11.672,0.261,8.471,,OSFC,10.0,roquette25,3308.0,0.68485,0.652667
156432033,3.3367351814540964e+18,87.05658491,10.61367943,2.45837,15.6513,19.848,0.164,18.2279,0.0562,13.983,0.029,13.286,0.023,13.026,0.032,16.9275,0.00205,18.4242,0.034059,15.7225,0.005058,12.893,0.025,12.719,0.026,11.702,,8.943,,OSFC,10.0,roquette25,3327.0,0.611399,0.597291
144666234,3.339458499956447e+18,84.77512239,10.08270032,2.355,15.9532,,,,,14.028,0.027,13.439,0.034,13.1,0.035,17.446,0.002166,19.3696,0.047986,16.0708,0.008093,12.953,0.025,12.729,0.027,11.92,,8.723,,OSFC,10.0,roquette25,3047.0,0.617121,0.601838
436339828,3.339427030732834e+18,84.33922573,9.821333152,2.35706,15.6467,20.072,0.162,,,13.435,0.026,12.781,0.022,12.5,0.026,16.8969,0.005718,18.6259,0.04202,15.5799,0.012217,12.415,0.024,12.226,0.025,11.358,,8.583,0.424,OSFC,10.0,roquette25,3240.0,,
284199592,3.339448226394618e+18,84.46727753,10.04371473,2.295,16.5911,,,,,14.666,0.038,14.06,0.042,13.794,0.049,18.0754,0.002678,19.8801,0.041097,16.6991,0.009923,13.622,0.057,13.377,0.06,11.469,,8.481,,OSFC,10.0,roquette25,3099.0,0.506064,0.504016
436335933,3.339423830979975e+18,84.27443124,9.701200767,2.39972,15.0608,19.468,0.162,,,13.179,0.026,12.549,0.023,12.317,0.029,16.2899,0.001295,17.882,0.012518,15.0356,0.00318,12.041,0.024,11.874,0.022,11.575,,8.7,,OSFC,10.0,roquette25,3453.0,1.09303,0.43
436333959,3.339446817645255e+18,84.34174346,9.980661649,2.3498,15.5767,20.273,0.163,,,13.703,0.03,13.054,0.029,12.814,0.026,17.0279,0.001811,18.8903,0.030575,15.687,0.006863,12.63,0.024,12.417,0.025,12.02,,8.874,,OSFC,10.0,roquette25,3089.0,0.67067,0.642403
426186310,3.339724719209523e+18,83.40213097,10.55856506,2.30801,15.7863,,,,,14.075,0.03,13.407,0.041,13.167,0.033,17.1062,0.002043,18.6542,0.031971,15.8642,0.004336,12.971,0.025,12.827,0.027,12.06,0.41,8.961,,OSFC,10.0,roquette25,3284.0,0.612047,0.597808
436013619,3.339734034995251e+18,83.67979861,10.70885689,0.746649,12.7062,14.666,0.026,13.688,0.103,11.697,0.024,11.195,0.024,11.107,0.021,13.3642,0.000267,13.9372,0.001853,12.6531,0.001014,10.935,0.023,10.964,0.021,11.045,0.173,9.018,,OSFC,10.0,roquette25,5060.9,3.93487,
436157077,3.339712010403154e+18,83.932293,10.47827436,2.26293,15.5842,20.171,0.162,,,13.441,0.023,12.77,0.025,12.494,0.026,16.9534,0.002081,18.9194,0.02461,15.5867,0.005591,12.334,0.024,12.106,0.023,12.395,,9.032,,OSFC,10.0,roquette25,3187.0,,
200540842,3.3397952597513477e+18,83.14910653,10.83879587,2.3231,15.4983,19.537,0.165,18.0624,0.0575,13.822,0.036,13.178,0.03,12.956,0.036,16.7825,0.003792,18.2478,0.035474,15.5679,0.010135,12.824,0.024,12.651,0.027,12.541,0.503,8.623,,OSFC,10.0,roquette25,3338.0,0.648709,0.626159
436010826,3.3398382480814136e+18,83.55142758,11.26551632,2.29802,15.2528,19.87,0.162,17.6033,0.0474,13.527,0.024,12.924,0.026,12.609,0.029,16.3887,0.002231,17.7978,0.01282,15.1886,0.00271,12.478,0.025,12.355,0.025,12.408,,8.695,,OSFC,10.0,roquette25,3534.0,0.903631,0.48
436157489,3.339767089063434e+18,83.93484923,10.94569053,2.37218,15.9426,20.164,0.162,,,14.002,0.026,13.441,0.036,13.061,0.037,17.4389,0.002435,19.4739,0.053214,16.0685,0.012545,12.954,0.025,12.685,0.027,12.23,0.518,8.883,,OSFC,10.0,roquette25,3002.0,0.620419,0.604437
426186435,3.339781210916088e+18,83.41129397,10.72895839,2.33011,15.5235,19.757,0.163,,,13.739,0.03,13.055,0.04,12.798,0.033,16.8914,0.001419,18.5651,0.020198,15.6142,0.002603,12.692,0.025,12.492,0.026,12.674,0.54,9.079,,OSFC,10.0,roquette25,3206.0,0.676991,0.646997
200477085,3.337378365691471e+18,82.60036146,8.664745321,2.39522,15.0679,19.132,0.164,17.0776,0.0469,13.479,0.029,12.713,0.031,12.502,0.028,16.1294,0.001781,17.3246,0.011203,15.0264,0.004192,12.353,0.024,12.252,0.024,12.199,0.382,8.68,,OSFC,10.0,roquette25,3814.0,0.84254,0.58
290176547,3.3400815150294625e+18,85.50923476,11.54518689,2.49734,14.8339,18.36,0.166,16.645,0.046,13.414,0.028,12.716,0.032,12.468,0.031,15.8433,0.000945,16.9846,0.005193,14.7824,0.003443,12.359,0.023,12.341,0.025,11.985,0.361,8.659,,OSFC,10.0,roquette25,3797.0,0.835789,0.579
200514136,3.337736252431537e+18,82.81895161,8.558335563,2.3392,16.0789,,,,,14.144,0.036,13.575,0.035,13.245,0.045,17.5362,0.001604,19.4245,0.02956,16.1913,0.005501,13.092,0.026,12.897,0.028,12.05,0.347,8.274,,OSFC,10.0,roquette25,3075.0,0.593784,0.582987
426185196,3.337769379514668e+18,83.39462292,8.861019739,2.41988,15.7131,20.472,0.163,,,13.848,0.03,13.258,0.039,13.015,0.034,17.1246,0.00162,18.9008,0.03135,15.8143,0.003875,12.808,0.025,12.609,0.026,12.141,0.335,8.418,,OSFC,10.0,roquette25,3142.0,0.620662,0.604629
426185252,3.3377790346011346e+18,83.38172851,8.955415008,2.32578,14.7094,19.27,0.162,17.127,1.133,12.926,0.023,12.245,0.031,12.014,0.026,15.8981,0.001521,17.4524,0.009811,14.6737,0.005131,11.853,0.023,11.705,0.021,10.676,0.106,8.126,,OSFC,10.0,roquette25,3433.0,1.25652,
200542324,3.3377980011763763e+18,83.23058558,9.176247358,2.32911,16.2979,20.448,0.166,,,14.58,0.042,13.88,0.047,13.586,0.052,17.6952,0.00211,19.4184,0.040401,16.3939,0.006036,13.438,0.025,13.242,0.029,11.342,0.21,8.081,0.249,OSFC,10.0,roquette25,3171.0,0.536194,0.532667
200524770,3.3378398513377505e+18,83.09190587,9.178580256,2.41699,15.3326,19.973,0.163,,,13.413,0.029,12.781,0.027,12.477,0.029,16.5498,0.001663,18.1798,0.018641,15.2922,0.002358,12.364,0.024,12.177,0.023,11.726,,8.665,,OSFC,10.0,roquette25,3356.0,0.967156,0.37
436105973,3.337925952545552e+18,83.84916753,9.578538784,2.38841,15.7059,,,,,13.917,0.032,13.228,0.022,13.048,0.036,17.0966,0.003483,18.6945,0.029982,15.7926,0.01127,12.871,0.024,12.64,0.026,11.941,0.33,8.806,,OSFC,10.0,roquette25,3230.0,0.620431,0.604447
436014667,3.337885614212497e+18,83.6991482,9.287876116,2.36281,15.9896,20.57,0.162,,,14.217,0.027,13.617,0.037,13.269,0.035,17.3502,0.001671,18.9561,0.047854,16.0746,0.00372,13.158,0.024,12.999,0.029,12.51,,9.029,,OSFC,10.0,roquette25,3239.0,0.583958,0.574799
436157083,3.3379078449635036e+18,84.0199504,9.381056894,2.32874,16.1127,,,,,14.242,0.036,13.631,0.027,13.344,0.041,17.5311,0.001615,19.2902,0.042807,16.2129,0.006526,13.225,0.025,13.036,0.029,12.008,,8.849,,OSFC,10.0,roquette25,3147.0,0.576683,0.568635
426185735,3.3379703152646656e+18,83.37552617,9.714199033,2.42577,15.7824,20.372,0.162,,,13.88,0.028,13.245,0.036,12.961,0.033,17.2089,0.002149,18.9907,0.053504,15.885,0.004646,12.847,0.024,12.604,0.025,12.245,,8.788,,OSFC,10.0,roquette25,3133.0,0.630506,0.612298
436016800,3.337898159814363e+18,83.73341461,9.369346284,2.29462,15.4791,20.47,0.163,,,13.679,0.029,13.001,0.027,12.679,0.03,16.8651,0.001359,18.4966,0.044934,15.568,0.00328,12.59,0.024,12.414,0.024,11.876,,8.791,,OSFC,10.0,roquette25,3217.0,0.707171,0.668572
436100667,3.3378876070773663e+18,83.79801933,9.358757406,2.45556,16.5077,,,,,14.551,0.038,13.867,0.031,13.446,0.038,17.9903,0.005336,19.6847,0.049912,16.6077,0.018734,12.86,0.024,12.301,0.024,11.159,0.175,8.647,,OSFC,10.0,roquette25,3147.0,0.539927,0.536104
426186093,3.338214230751216e+18,83.35389928,10.24505977,2.48466,16.3891,,,,,14.301,0.033,13.767,0.044,13.405,0.035,17.9508,0.002677,20.0496,0.05277,16.5241,0.004639,13.182,0.025,12.907,0.028,11.996,0.319,9.017,,OSFC,10.0,roquette25,2956.0,0.543226,0.539122
200525436,3.338167402724228e+18,83.03722512,9.916356103,2.32311,15.1938,19.772,0.162,,,13.318,0.027,12.646,0.026,12.39,0.028,16.4272,0.002143,18.0245,0.0123,15.162,0.005602,12.198,0.024,11.987,0.022,12.123,0.362,8.354,,OSFC,10.0,roquette25,3441.0,1.07156,0.43
200518880,3.338185471649934e+18,82.96722034,10.06240358,2.37806,15.1962,19.871,0.162,,,13.453,0.025,12.813,0.03,12.603,0.032,16.5354,0.001118,18.1469,0.015607,15.2805,0.003654,12.396,0.025,12.217,0.024,11.832,0.292,8.515,,OSFC,10.0,roquette25,3247.0,0.707318,0.668677
200478030,3.3381291903980984e+18,82.53420342,9.894926884,2.40563,16.2508,,,,,14.377,0.04,13.769,0.044,13.342,0.044,17.7375,0.001861,19.4976,0.035515,16.356,0.015684,13.226,0.025,13.011,0.029,12.162,0.407,8.831,,OSFC,10.0,roquette25,3117.0,0.56483,0.5584
200525424,3.338166956047634e+18,83.04253456,9.900320383,2.36423,15.297,19.971,0.163,,,13.557,0.029,12.876,0.03,12.643,0.026,16.6634,0.001245,18.3798,0.016429,15.3908,0.002792,12.463,0.024,12.297,0.024,12.103,0.43,8.878,,OSFC,10.0,roquette25,3188.0,0.701201,0.664342
200541480,3.3382075306020946e+18,83.22783506,10.14510801,2.42209,15.3413,18.234,0.164,17.7845,0.0742,13.496,,12.855,0.032,12.652,,16.5172,0.009688,17.9632,0.050824,15.2968,0.035197,12.452,0.024,12.319,0.025,11.88,,8.653,,OSFC,10.0,roquette25,3569.0,0.866414,0.49
200515319,3.3381777407087206e+18,82.83724729,10.00381563,2.43655,14.5207,18.862,0.163,16.736,1.133,12.737,0.028,12.02,0.027,11.791,0.027,15.6971,0.001203,17.2332,0.010016,14.4745,0.004199,11.648,0.024,11.51,0.022,11.428,0.179,8.842,,OSFC,10.0,roquette25,3426.0,1.28771,
200515532,3.338239897474551e+18,82.79123703,10.2910209,2.41179,15.7334,20.37,0.163,,,14.008,0.033,13.351,0.038,13.035,0.038,17.0753,0.001516,18.7045,0.020354,15.8189,0.003824,12.973,0.024,12.762,0.028,11.773,,8.777,,OSFC,10.0,roquette25,3237.0,0.618329,0.602792
284158339,3.3382526835944893e+18,82.68784805,10.3434102,2.49563,15.3236,20.172,0.162,,,13.492,0.027,12.803,0.025,12.55,0.027,16.7133,0.002137,18.4111,0.029719,15.4177,0.005962,12.394,0.024,12.188,0.024,11.844,,8.458,,OSFC,10.0,roquette25,3186.0,0.696826,0.661232
200518606,3.3382632277369436e+18,82.95328654,10.35924853,2.34084,16.1168,20.137,0.166,,,14.427,0.037,13.729,0.037,13.523,0.048,17.5518,0.002137,19.3059,0.035958,16.2178,0.016261,13.279,0.025,13.081,0.029,12.304,0.455,8.842,,OSFC,10.0,roquette25,3142.0,0.543437,0.539314
200541125,3.3382705850182835e+18,83.19375088,10.52405675,2.33474,15.6903,20.271,0.163,,,13.859,0.03,13.204,0.031,12.921,0.028,17.1245,0.00203,18.9211,0.031763,15.7946,0.007562,12.764,0.024,12.522,0.025,11.842,,8.798,,OSFC,10.0,roquette25,3124.0,0.652281,0.628833
200525948,3.3382718906883707e+18,83.10727451,10.49578523,2.39576,14.2891,17.368,0.0,16.246,0.252,12.733,0.027,11.934,0.025,11.719,0.027,15.2686,0.003849,16.2963,0.022267,14.2138,0.011435,11.588,0.023,11.46,0.022,11.037,0.139,7.971,0.219,OSFC,10.0,roquette25,3941.0,1.06981,0.61
200525967,3.3382729214802975e+18,83.07162042,10.51815857,2.44935,15.6089,20.272,0.164,,,13.821,0.034,13.122,0.033,12.834,0.037,16.9894,0.002436,18.7226,0.028686,15.7047,0.005159,12.756,0.024,12.558,0.026,12.293,0.445,8.946,0.445,OSFC,10.0,roquette25,3174.0,0.649811,0.626985
284997955,3.338248045029848e+18,82.49720254,10.28920804,2.28165,15.6527,,,,,13.954,0.028,13.354,0.034,13.062,0.033,16.9804,0.002785,18.4886,0.050284,15.7284,0.00886,12.947,0.025,12.738,0.027,11.726,,8.252,,OSFC,10.0,roquette25,3299.0,0.635657,0.616261
52371104,3.340743317950207e+18,83.73598801,11.99938627,2.40162,15.4503,19.44,0.161,,,13.689,0.021,13.061,0.027,12.746,0.027,16.8136,0.002021,18.4714,0.022449,15.5395,0.004046,12.683,0.025,12.488,0.026,12.236,,8.782,,OSFC,10.0,roquette25,3215.0,0.674347,0.645079
436014101,3.3407674041268536e+18,83.55968938,11.98261989,2.33661,14.2637,18.558,0.163,16.785,1.133,12.529,0.026,11.733,0.026,11.438,0.023,15.4262,0.004871,16.9157,0.021283,14.2086,0.013971,11.325,0.024,11.183,0.021,11.29,0.224,8.895,,OSFC,10.0,roquette25,3464.0,1.46581,
200527286,3.340774065621826e+18,83.11157697,11.91159891,2.46512,15.4612,20.073,0.162,,,13.544,0.025,13.015,0.029,12.639,0.028,16.9527,0.001267,18.938,0.022908,15.5834,0.005333,12.956,0.087,12.696,0.083,11.568,0.36,8.704,,OSFC,10.0,roquette25,3023.0,0.684636,0.652513
200516972,3.3408710674563994e+18,82.8494941,11.92707051,2.39268,15.6527,,,,,13.525,0.03,12.941,0.029,12.638,0.034,17.2583,0.001815,19.605,0.039571,15.8093,0.01028,12.43,0.023,12.122,0.024,11.823,0.33,8.958,,OSFC,10.0,roquette25,2875.0,0.698115,0.662149
156192391,3.3334508757973555e+18,86.40142318,7.240033871,2.3075,15.4055,20.073,0.162,,,13.474,0.024,12.856,0.029,12.604,0.027,16.68,0.001287,18.407,0.011337,15.3908,0.00427,12.477,0.024,12.294,0.023,12.448,0.525,8.929,,OSFC,10.0,roquette25,3335.0,1.06969,0.36
144778154,3.333575700431106e+18,85.28909151,7.342615556,2.25397,15.5265,,,,,13.816,0.026,13.074,0.021,12.836,0.026,16.836,0.001471,18.3862,0.022064,15.604,0.004501,12.715,0.023,12.549,0.025,12.409,0.452,8.749,,OSFC,10.0,roquette25,3288.0,0.684455,0.652384
284281918,3.3336655554429727e+18,85.94287111,7.551500479,,15.4094,19.56,0.164,,,13.489,0.032,12.756,0.033,12.552,0.029,16.5719,0.003409,18.0885,0.021998,15.2728,0.004188,12.414,0.028,12.22,0.029,12.171,0.423,8.813,,OSFC,10.0,roquette25,,,
200601887,3.333772684812e+18,85.64651453,8.0044112,2.41925,15.6795,20.058,0.163,18.3043,0.0512,14.022,0.029,13.312,0.035,13.069,0.033,16.9709,0.001528,18.4898,0.023292,15.7533,0.004625,12.981,0.025,12.833,0.027,12.067,,8.909,,OSFC,10.0,roquette25,3310.0,0.610359,0.596459
200545670,3.334030765102063e+18,83.32498785,7.33008824,2.33521,15.2953,20.262,0.162,,,13.29,0.025,12.567,0.028,12.282,0.028,16.5702,0.004487,18.3117,0.047267,15.259,0.009582,12.132,0.023,11.902,0.023,11.763,0.278,9.035,,OSFC,10.0,roquette25,3289.0,,
436011155,3.334068109841314e+18,83.53192893,7.637908421,2.37315,14.9469,18.84,0.163,17.3766,0.0646,13.09,0.024,12.38,0.022,12.183,0.027,16.1211,0.008108,17.577,0.042916,14.9233,0.022393,12.059,0.024,11.933,0.021,11.551,0.214,9.011,,OSFC,10.0,roquette25,3584.0,1.05475,0.5
435932211,3.334262830775091e+18,83.49185338,7.831940919,2.31116,15.6018,,,,,13.889,0.027,13.222,0.022,12.905,0.031,16.9629,0.00181,18.7039,0.027563,15.6969,0.005419,12.782,0.024,12.601,0.027,12.504,0.483,8.602,,OSFC,10.0,roquette25,3180.0,0.659622,0.634289
200520436,3.3343507229853926e+18,82.93138598,8.269724949,2.32343,15.9772,20.672,0.164,,,14.192,0.037,13.53,0.037,13.355,0.049,17.3529,0.00159,19.0045,0.036446,16.0666,0.003489,13.228,0.026,13.027,0.03,11.849,,8.277,,OSFC,10.0,roquette25,3212.0,0.575773,0.567857
436245496,3.3344270359651016e+18,84.1433604,7.679685476,2.47086,15.3913,18.772,0.166,17.957,0.0511,13.725,0.029,13.045,0.031,12.776,0.033,16.6713,0.001902,18.1475,0.023161,15.4614,0.00646,12.692,0.024,12.518,0.026,11.964,,9.061,,OSFC,10.0,roquette25,3335.0,0.656153,0.631718
436012824,3.334667554133368e+18,83.66350453,8.30310019,,12.9132,15.48,0.078,14.118,0.126,11.458,0.026,10.818,0.026,10.572,0.023,13.742,0.005382,14.5181,0.013646,12.7767,0.007747,10.486,0.024,10.443,0.023,10.309,0.078,8.305,,OSFC,10.0,roquette25,,,
200591187,3.334561245103217e+18,85.33172492,8.578930272,2.28667,14.204,17.256,0.201,15.683,0.16,12.839,0.025,12.071,0.024,11.883,0.026,15.102,0.002585,15.9945,0.01909,14.1335,0.006211,11.597,0.024,11.447,0.022,9.758,0.054,6.682,0.079,OSFC,10.0,roquette25,4079.0,1.0763,0.638
436012484,3.3347696369158246e+18,83.68388073,8.832094505,2.30367,15.1791,19.664,0.162,17.5805,0.0476,13.488,0.024,12.831,0.022,12.551,0.032,16.3402,0.002863,17.7818,0.011547,15.1446,0.007196,12.424,0.024,12.288,0.024,11.846,,8.748,,OSFC,10.0,roquette25,3569.0,0.958263,0.49
436154955,3.3348727805551273e+18,83.99321542,9.055456908,2.36764,15.6595,20.271,0.163,,,13.861,0.03,13.207,0.022,13.009,0.033,17.0599,0.001772,18.831,0.0383,15.7595,0.004879,12.827,0.024,12.611,0.026,12.06,0.357,8.214,,OSFC,10.0,roquette25,3149.0,0.629792,0.611746
284201335,3.3347799104782664e+18,84.36258969,8.532756975,0.741415,13.3567,14.484,0.019,13.895,0.149,12.706,0.048,12.497,0.063,12.415,0.052,13.7628,0.00032,14.0699,0.001588,13.2895,0.00112,12.312,0.052,12.336,0.057,12.08,,8.189,,OSFC,10.0,roquette25,6698.0,1.81812,1.42
144615682,3.3348305180764426e+18,84.69497695,8.982829386,2.42139,15.4295,20.072,0.162,,,13.609,0.024,12.964,0.023,12.64,0.027,16.8325,0.002038,18.6367,0.035981,15.5322,0.004838,12.568,0.024,12.359,0.025,12.04,0.401,8.706,,OSFC,10.0,roquette25,3134.0,0.692603,0.658221
284200458,3.334895290479324e+18,84.4629092,9.319167109,2.32233,15.4769,19.969,0.163,,,13.654,0.028,12.998,0.023,12.769,0.029,16.8668,0.002671,18.6399,0.03526,15.5764,0.006951,12.565,0.024,12.391,0.024,12.449,,8.886,,OSFC,10.0,roquette25,3153.0,0.68511,0.652854
156428249,3.3349987476514417e+18,87.11357684,7.825159894,2.44859,15.5217,20.444,0.163,,,13.216,0.024,12.615,0.025,12.318,0.021,16.888,0.001812,19.0139,0.027611,15.4894,0.004663,12.137,0.024,11.899,0.022,12.0,0.429,8.747,,OSFC,10.0,roquette25,3036.0,,
144616116,3.334893396397038e+18,84.63972753,9.342949993,2.30445,16.2144,,,,,14.445,0.04,13.795,0.033,13.521,0.044,17.554,0.001788,19.2412,0.049238,16.3037,0.006951,13.386,0.033,13.149,0.034,12.129,,8.703,,OSFC,10.0,roquette25,3213.0,0.551631,0.546719
156502213,3.3351498961402957e+18,87.26287335,8.379341983,2.08557,15.8221,20.266,0.162,,,14.048,0.024,13.371,0.023,13.112,0.031,17.151,0.002582,18.7322,0.01364,15.9031,0.006525,13.027,0.025,12.873,0.026,12.449,,8.761,,OSFC,10.0,roquette25,3265.0,0.66309,0.636848
156353341,3.3352067271485015e+18,86.68370641,8.020600502,2.05421,13.9213,16.399,0.031,14.947,0.103,12.781,0.024,12.179,0.023,12.072,0.024,14.6932,0.000567,15.4134,0.002491,13.8797,0.001892,11.944,0.023,12.014,0.023,11.619,0.247,8.791,,OSFC,10.0,roquette25,4658.0,1.03083,0.741
156391956,3.33524256005856e+18,86.95061788,8.327044029,2.1471,15.8278,20.271,0.163,,,13.845,0.032,13.195,0.029,12.84,0.024,17.2946,0.001815,19.1948,0.041983,15.9419,0.006114,12.767,0.024,12.521,0.026,11.699,0.261,8.555,0.357,OSFC,10.0,roquette25,3067.0,0.704531,0.666703
156358718,3.3352671659279683e+18,86.80032194,8.644043165,2.21961,13.9071,16.511,0.049,15.054,0.183,12.732,0.028,12.113,0.024,11.933,0.021,14.7008,0.000358,15.4598,0.002015,13.8595,0.001964,11.858,0.022,11.927,0.023,11.728,0.282,8.65,,OSFC,10.0,roquette25,4439.0,1.01457,0.695
156501564,3.335370897977923e+18,87.21693045,8.880992389,2.00315,12.8866,14.831,0.067,13.794,0.092,11.859,0.026,11.401,0.022,11.3,0.024,13.5523,0.000286,14.1207,0.001514,12.8301,0.001278,11.187,0.023,11.189,0.021,10.62,0.109,8.396,0.353,OSFC,10.0,roquette25,5421.0,1.33252,0.94
144776012,3.336143820292866e+18,85.31320704,9.133799713,2.16873,15.0729,19.871,0.162,17.051,1.133,13.114,0.023,12.43,0.025,12.195,0.023,16.2963,0.002575,17.9405,0.019995,15.0227,0.005473,12.054,0.023,11.803,0.023,11.015,0.142,8.859,,OSFC,10.0,roquette25,3331.0,1.23624,
290174221,3.3361715142419666e+18,85.56560894,9.328575997,2.20017,16.1917,,,,,14.176,0.03,13.583,0.049,13.281,0.042,17.7457,0.002254,19.9231,0.050471,16.332,0.005114,13.042,0.024,12.77,0.026,11.718,,8.835,,OSFC,10.0,roquette25,2933.0,0.612175,0.59791
156351553,3.3362187245229225e+18,86.77085465,9.352622508,2.01846,15.4615,19.529,0.164,17.6831,0.0467,13.912,0.026,13.181,0.022,13.052,0.031,16.6388,0.001191,17.9254,0.010093,15.5104,0.002958,12.885,0.024,12.793,0.027,12.138,0.446,9.002,,OSFC,10.0,roquette25,3480.0,0.68789,0.65485
200639721,3.3361610688816056e+18,85.88015599,9.296165767,2.04071,15.158,19.767,0.163,,,12.884,0.028,12.299,0.028,11.97,0.028,16.564,0.002696,18.7813,0.053296,15.1468,0.009486,11.804,0.023,11.535,0.022,11.633,0.242,8.808,,OSFC,10.0,roquette25,3019.0,,
200592306,3.336379837335755e+18,85.32709319,9.634014597,2.19438,16.1508,,,,,14.279,0.036,13.551,0.035,13.36,0.048,17.645,0.001891,19.7066,0.044901,16.2784,0.004899,13.124,0.025,12.857,0.028,11.637,,8.239,,OSFC,10.0,roquette25,2993.0,0.597447,0.586001
284284872,3.336477522072142e+18,85.93723845,9.881182296,2.13372,15.929,19.848,0.164,,,13.978,0.033,13.333,0.037,12.994,0.038,17.4012,0.003364,19.1207,0.051137,16.0303,0.017041,,,,,,,,,OSFC,10.0,roquette25,3141.0,0.67738,0.647278
144545871,3.339429538993691e+18,84.50422288,9.849646208,0.160175,15.8561,17.103,0.029,16.467,1.133,15.202,0.048,14.921,0.065,14.855,0.136,16.2773,0.000668,16.5853,0.005017,15.7721,0.003732,,,,,,,,,OSFC,10.0,roquette25,6826.0,1.84104,1.47
144666258,3.3394582980945715e+18,84.83465947,10.07101016,2.17018,15.4397,19.007,0.165,,,13.638,0.03,12.956,0.035,12.735,0.029,16.6554,0.002176,18.2648,0.01537,15.4217,0.006782,12.554,0.025,12.381,0.025,12.041,,8.789,,OSFC,10.0,roquette25,3416.0,1.00612,0.41
436011466,3.339725651219156e+18,83.53090248,10.58610448,2.12765,15.1527,19.569,0.162,,,13.264,0.027,12.572,0.026,12.348,0.027,16.3715,0.006126,17.946,0.029967,15.1283,0.015174,12.212,0.024,12.039,0.024,11.914,0.293,9.082,,OSFC,10.0,roquette25,3466.0,1.15895,0.44
426186402,3.3397745107671276e+18,83.38073023,10.66845428,2.20145,15.4343,,,,,13.228,0.035,12.747,0.045,12.523,0.035,16.7198,0.001472,18.4546,0.017193,15.4072,0.004608,,,,,,,,,OSFC,10.0,roquette25,3323.0,1.12843,0.35
436017108,3.339780729879716e+18,83.54669972,10.74114226,2.11795,15.255,19.971,0.162,,,13.259,0.023,12.574,0.024,12.327,0.027,16.5496,0.001479,18.4211,0.016531,15.2335,0.002995,12.197,0.023,11.955,0.023,11.749,,8.767,,OSFC,10.0,roquette25,3184.0,,
284160245,3.3373581278057733e+18,82.71553548,8.398529756,2.22807,13.8253,16.434,0.183,14.965,0.103,12.61,0.023,11.986,0.027,11.811,0.024,14.6489,0.00058,15.429,0.00342,13.7847,0.002253,11.707,0.023,11.787,0.023,10.623,0.106,8.537,0.348,OSFC,10.0,roquette25,4569.0,1.0826,0.721
284160141,3.3373730012766095e+18,82.65139392,8.522620732,2.23941,16.4129,,,,,14.584,0.037,13.871,0.045,13.658,0.046,17.8381,0.001844,19.6159,0.044614,16.5148,0.005105,13.488,0.026,13.24,0.03,11.449,0.291,8.49,0.355,OSFC,10.0,roquette25,3136.0,0.537453,0.53383
426185234,3.3377730903664067e+18,83.35252126,8.925042431,2.20268,16.2674,20.564,0.164,,,14.409,0.034,13.801,0.045,13.5,0.036,17.7075,0.001819,19.5243,0.046553,16.3733,0.00736,13.36,0.026,13.134,0.03,11.869,,8.638,,OSFC,10.0,roquette25,3113.0,0.572182,0.564776
200546827,3.3377920913017073e+18,83.34277457,9.03687926,2.2488,15.8106,20.268,0.163,,,14.002,0.032,13.339,0.039,13.096,0.045,17.1941,0.002401,18.9321,0.017667,15.9069,0.006501,12.948,0.025,12.726,0.025,10.588,0.119,7.943,0.194,OSFC,10.0,roquette25,3171.0,0.635902,0.616448
436250782,3.3379234099243807e+18,84.22564297,9.705207748,2.1521,16.1627,,,,,14.306,0.026,13.666,0.025,13.365,0.037,17.5794,0.002331,19.3493,0.038437,16.2635,0.005713,13.249,0.026,13.025,0.029,12.161,,8.739,,OSFC,10.0,roquette25,3143.0,0.606678,0.593503
200525150,3.3379639887766354e+18,83.09539105,9.571579862,2.02913,15.9781,,,,,14.155,0.031,13.418,0.031,13.177,0.04,17.3618,0.00141,19.0876,0.038417,16.0735,0.004201,13.138,0.026,12.944,0.029,11.835,,8.805,,OSFC,10.0,roquette25,3176.0,0.662828,0.636655
200515331,3.3381787757976653e+18,82.80451639,10.02385745,0.0784552,14.4398,17.354,0.169,15.789,0.149,13.187,0.03,12.549,0.027,12.318,0.03,15.2493,0.000501,16.0055,0.007667,14.3954,0.00153,12.052,0.026,12.092,0.024,11.912,,8.41,,OSFC,10.0,roquette25,4636.0,9.9995,
200518998,3.338174132937096e+18,82.89599993,9.929791012,2.20146,15.9008,,,,,14.02,0.035,13.438,0.035,13.119,0.041,17.3549,0.001642,19.28,0.048558,16.0157,0.005182,12.957,0.025,12.727,0.027,12.488,0.492,9.015,,OSFC,10.0,roquette25,3062.0,0.640611,0.620041
284158898,3.3381704263813396e+18,82.76146265,9.79187061,2.44095,14.1393,16.871,0.15,15.635,0.229,12.468,0.054,11.87,0.069,11.35,0.039,15.08,0.003032,16.0534,0.011662,14.0455,0.017145,10.984,0.022,10.92,0.02,10.732,0.114,8.259,,OSFC,10.0,roquette25,3936.0,,
284998647,3.3380717409164124e+18,82.46877493,9.648981415,2.20654,15.7727,19.618,0.164,18.2791,0.0544,14.131,0.026,13.438,0.038,13.133,0.032,17.0386,0.001579,18.4762,0.031443,15.8388,0.003977,13.015,0.025,12.896,0.027,12.037,,8.756,,OSFC,10.0,roquette25,3360.0,0.63523,0.615934
200477789,3.3380554200406277e+18,82.6471163,9.567862291,2.2379,15.905,,,,,14.207,0.037,13.468,0.036,13.258,0.041,17.2665,0.002007,18.9079,0.033027,15.9927,0.004461,13.077,0.025,12.894,0.027,12.138,0.374,8.863,,OSFC,10.0,roquette25,3223.0,0.606656,0.593486
284158237,3.3382771090712996e+18,82.72767918,10.42806637,2.20575,15.8405,20.371,0.163,,,13.985,0.032,13.298,0.025,13.094,0.039,17.2485,0.00121,18.9777,0.021782,15.938,0.002928,12.908,0.025,12.737,0.029,11.943,,8.942,,OSFC,10.0,roquette25,3164.0,0.64369,0.622376
284998020,3.338244574696284e+18,82.50138763,10.22809207,2.23302,15.8808,20.369,0.163,,,14.069,0.031,13.373,0.034,13.084,0.034,17.3128,0.002721,19.1288,0.027059,15.9862,0.011376,12.961,0.025,12.749,0.026,11.708,0.279,8.966,,OSFC,10.0,roquette25,3116.0,0.640598,0.620031
200517696,3.3405788679459963e+18,82.99890979,11.34268501,2.18951,16.2926,20.568,0.165,,,14.304,0.04,13.768,0.04,13.376,0.046,17.8066,0.002348,19.8043,0.053053,16.4169,0.010735,13.019,0.025,12.553,0.024,10.773,0.121,8.77,,OSFC,10.0,roquette25,3009.0,0.595681,0.584551
200517388,3.340658586834903e+18,82.91709196,11.64636397,2.02323,12.6055,15.033,0.066,13.416,0.103,11.631,0.026,11.173,0.024,11.06,0.025,13.2012,0.000415,13.6961,0.002508,12.5465,0.001894,10.892,0.023,10.909,0.023,11.044,0.166,8.945,,OSFC,10.0,roquette25,5578.0,1.33822,0.98
200516368,3.3405759130082714e+18,82.88012964,11.21984297,2.02081,16.2243,20.563,0.166,,,14.426,0.043,13.727,0.045,13.488,0.052,17.6131,0.00191,19.274,0.031866,16.3152,0.00686,13.374,0.026,13.163,0.031,12.109,0.375,8.796,,OSFC,10.0,roquette25,3203.0,0.608589,0.595041
200637517,3.3334634171019346e+18,85.87981699,7.256616386,2.16902,15.6053,20.065,0.163,,,13.877,0.029,13.079,0.03,12.815,0.034,16.926,0.003634,18.5098,0.027333,15.686,0.014724,12.681,0.024,12.523,0.026,11.844,0.287,8.427,,OSFC,10.0,roquette25,3267.0,0.704215,0.66648
156189825,3.3334552051243976e+18,86.29057703,7.297641456,2.11979,15.2603,19.346,0.163,17.6165,0.048,13.513,0.026,12.786,0.021,12.471,0.025,16.4088,0.00165,17.8374,0.014771,15.2358,0.00454,12.44,0.025,12.309,0.025,12.424,0.536,9.012,,OSFC,10.0,roquette25,3586.0,0.984149,0.502
284281524,3.333462141495568e+18,85.99005354,7.211805806,2.13048,16.2947,,,,,14.298,0.024,13.706,0.044,13.379,0.043,17.7638,0.002159,19.7714,0.05093,16.4165,0.007443,13.306,0.025,13.155,0.031,12.336,,8.769,,OSFC,10.0,roquette25,3023.0,0.607468,0.594139
309793584,3.3336555868217395e+18,85.77808644,7.365965088,2.12277,16.6039,20.443,0.166,,,14.643,0.04,14.103,0.046,13.769,0.059,18.0509,0.002152,19.9142,0.051213,16.7134,0.006114,13.4,0.025,13.037,0.029,12.017,0.474,8.716,,OSFC,10.0,roquette25,3090.0,0.545997,0.54164
309793425,3.3336489940492713e+18,85.78122324,7.210834445,2.22993,15.3294,19.765,0.162,17.7125,0.0487,13.581,0.024,12.787,0.027,12.577,0.026,16.5164,0.002498,17.9225,0.016737,15.3337,0.006115,12.306,0.024,12.237,0.024,12.502,,9.002,,OSFC,10.0,roquette25,3730.0,0.961272,0.558
200637558,3.3336513305114726e+18,85.88744257,7.302699445,2.05845,15.2631,18.894,0.165,16.93,1.133,13.645,0.029,12.934,0.032,12.658,0.032,16.2744,0.001601,17.4051,0.009324,15.2121,0.004264,12.56,0.025,12.469,0.025,12.268,0.496,8.304,,OSFC,10.0,roquette25,3827.0,0.831277,0.587
200638465,3.333771280357671e+18,85.87683404,8.163466933,2.17118,14.7704,18.39,0.165,16.702,1.133,13.183,0.028,12.462,0.027,12.243,0.028,15.8,0.00337,16.9583,0.017483,14.7214,0.00924,12.125,0.025,12.03,0.023,11.822,0.255,8.815,,OSFC,10.0,roquette25,3810.0,1.01544,0.58
436010712,3.3347170622205655e+18,83.57578444,8.396628204,2.2154,15.8026,20.269,0.163,,,13.952,0.03,13.282,0.033,13.032,0.034,17.2337,0.002994,19.0782,0.045111,15.91,0.008948,12.787,0.025,12.575,0.026,12.11,0.374,9.061,,OSFC,10.0,roquette25,3105.0,0.654773,0.630692
284200739,3.334880859389275e+18,84.36769207,9.057198687,2.15957,14.5063,18.764,0.162,17.053,1.133,12.598,0.024,11.941,0.023,11.73,0.024,15.6909,0.003523,17.1838,0.024126,14.4683,0.008646,11.599,0.023,11.416,0.022,11.192,0.168,8.636,,OSFC,10.0,roquette25,3519.0,1.44839,
345778781,3.340638756970304e+18,82.27896,11.40506,0.484823,10.8404,11.335,0.163,11.232,0.015,10.478,0.022,10.475,0.032,10.408,0.021,10.9684,0.001287,11.0674,0.007832,10.7457,0.008509,10.373,0.023,10.418,0.021,10.385,0.091,8.473,,OSFC,10.0,roquette25,9919.0,5.4425,
284995516,3.339136106827397e+18,82.30783,11.33178,0.937797,12.5191,14.628,0.027,13.416,0.16,10.864,0.018,10.464,0.036,10.182,0.024,13.266,0.000374,13.9012,0.012322,12.4317,0.007654,10.02,0.023,10.07,0.021,9.955,0.09,8.532,,OSFC,10.0,roquette25,4881.0,,
284995788,3.340830312509762e+18,82.31225,11.58931,0.451858,12.4079,15.121,0.016,13.726,0.149,11.09,0.023,10.452,0.029,10.265,0.02,13.2491,0.000972,14.046,0.003801,12.3705,0.004365,10.159,0.024,10.21,0.02,10.371,0.093,8.861,,OSFC,10.0,roquette25,4781.89,8.96782,
284995185,3.339110057849421e+18,82.32892,11.05381,0.36365,13.1002,15.809,0.055,14.382,0.126,11.807,0.019,11.125,0.03,10.973,0.021,13.9268,0.0003,14.7174,0.002707,13.0581,0.000932,10.865,0.023,10.954,0.021,10.935,0.126,8.35,,OSFC,10.0,roquette25,4503.54,8.64836,
284994979,3.339056254795635e+18,82.35646,10.877,0.13672,13.1635,15.896,0.076,14.447,0.092,11.871,0.021,11.157,0.028,10.956,0.023,14.0031,0.000399,14.8136,0.002421,13.1264,0.000962,10.86,0.032,10.951,0.032,11.016,0.159,8.592,,OSFC,10.0,roquette25,4502.09,16.5761,
284995688,3.3406410633682007e+18,82.37508,11.50408,0.411582,12.3773,15.016,0.056,13.698,0.092,11.107,0.019,10.402,0.029,10.239,0.02,13.2014,0.000277,13.9809,0.002507,12.3434,0.001467,10.15,0.024,10.207,0.02,10.002,0.06,8.933,,OSFC,10.0,roquette25,4654.0,10.6633,
284995889,3.340839834454318e+18,82.38396,11.67231,0.209363,12.9773,15.632,-0.03,14.284,0.103,11.693,0.022,11.025,0.028,10.894,0.022,13.7976,0.000259,14.5704,0.002342,12.9398,0.001343,10.774,0.024,10.821,0.021,10.607,0.1,8.437,0.433,OSFC,10.0,roquette25,4973.11,11.7199,
284995189,3.3391128452846787e+18,82.385,11.05622,0.369465,12.4853,15.036,0.047,13.645,0.092,11.28,0.019,10.675,0.027,10.511,0.02,13.274,0.000276,14.0151,0.003403,12.4453,0.001139,10.412,0.023,10.479,0.021,10.432,0.084,8.327,,OSFC,10.0,roquette25,4900.28,9.1163,
284996562,3.340829698331507e+18,82.40937,11.58158,0.450388,12.6299,15.318,0.055,13.969,0.172,11.326,0.022,10.669,0.028,10.517,0.023,13.4702,0.00037,14.2644,0.002541,12.597,0.00133,10.379,0.024,10.407,0.021,10.437,0.136,8.792,,OSFC,10.0,roquette25,4866.98,8.01507,
302537772,3.3408805851039846e+18,82.41396,11.95117,0.0988138,13.1639,16.413,0.081,14.716,0.137,11.711,0.02,10.917,0.023,10.754,0.022,14.1242,0.000352,15.0593,0.00319,13.1717,0.001791,10.592,0.022,10.68,0.021,10.962,0.165,8.697,,OSFC,10.0,roquette25,4434.69,33.3394,
284997231,3.3390584495224325e+18,82.44137,10.95225,0.420408,12.5079,15.006,0.021,13.635,0.069,11.299,0.022,10.638,0.028,10.492,0.025,13.2982,0.000329,14.0359,0.002396,12.4646,0.000894,10.377,0.024,10.436,0.021,10.182,0.07,8.966,,OSFC,10.0,roquette25,4774.31,8.6853,
284997572,3.339014198475908e+18,82.46329,10.63219,0.415658,12.3272,14.75,0.0,13.446,0.069,11.135,0.022,10.479,0.027,10.333,0.024,13.0988,0.000476,13.8155,0.001856,12.2841,0.001181,10.242,0.022,10.31,0.021,10.24,0.078,8.978,,OSFC,10.0,roquette25,4798.85,9.3277,
284996447,3.3408385975037256e+18,82.482,11.69361,0.494861,12.45,15.103,0.051,13.668,0.114,11.23,0.022,10.626,0.027,10.42,0.023,13.2535,0.000346,14.0082,0.003687,12.4119,0.001253,10.327,0.023,10.42,0.02,10.47,0.091,8.869,,OSFC,10.0,roquette25,4658.0,8.42377,
284997274,3.339057354307227e+18,82.48679,10.91456,0.485694,12.6158,15.061,0.006,13.71,0.092,11.453,0.023,10.815,0.03,10.697,0.024,13.3831,0.00029,14.0912,0.00248,12.5732,0.001397,10.581,0.023,10.665,0.02,10.588,0.101,9.108,,OSFC,10.0,roquette25,4783.35,7.28207,
284997850,3.338255191855415e+18,82.495,10.37494,0.418928,12.2417,14.611,0.023,13.355,0.069,11.093,0.023,10.508,0.027,10.342,0.025,13.01,0.000616,13.7181,0.001669,12.2038,0.000997,10.235,0.023,10.286,0.021,10.268,0.069,9.163,,OSFC,10.0,roquette25,5017.99,9.1303,
200511740,3.3406234368227533e+18,82.54225,11.34275,0.292809,12.338,14.907,0.034,13.56,0.103,11.084,0.025,10.478,0.023,10.313,0.025,13.1299,0.000364,13.8748,0.001543,12.2931,0.001168,10.189,0.022,10.29,0.02,10.306,0.074,8.536,,OSFC,10.0,roquette25,4763.15,12.6201,
200478895,3.3390638096416174e+18,82.545,10.96575,0.396306,13.0239,15.6,0.02,14.191,0.103,11.791,0.027,11.146,0.024,10.982,0.022,13.8299,0.000315,14.5937,0.002231,12.9861,0.001237,10.883,0.023,10.953,0.02,10.946,0.136,8.495,,OSFC,10.0,roquette25,4698.1,7.50386,
200478338,3.3382536757301084e+18,82.547,10.29647,0.330595,12.5412,14.868,0.046,13.695,0.08,11.358,0.025,10.792,0.022,10.634,0.025,13.3075,0.000298,14.0078,0.002278,12.4982,0.001217,10.54,0.024,10.598,0.02,10.447,0.093,8.712,,OSFC,10.0,roquette25,5011.73,9.87144,
302672208,3.3408670130073226e+18,82.54817,11.88817,0.414017,12.6229,15.754,0.072,14.133,0.103,11.213,0.022,10.437,0.023,10.25,0.021,13.5331,0.000336,14.4393,0.002296,12.6012,0.00164,10.128,0.023,10.23,0.021,10.065,0.071,8.327,,OSFC,10.0,roquette25,4390.0,11.0219,
200511972,3.3406479696755994e+18,82.55283,11.60231,0.313159,12.6763,15.257,0.052,13.881,0.08,11.445,0.025,10.801,0.024,10.655,0.022,13.4732,0.000276,14.2202,0.003032,12.6386,0.001239,10.535,0.025,10.624,0.021,10.779,0.139,8.934,,OSFC,10.0,roquette25,4679.0,11.3291,
200512054,3.340838047747902e+18,82.56862,11.68628,,13.7184,17.756,0.0,15.98,0.06,11.905,0.026,11.329,0.025,11.07,0.023,14.854,0.007943,16.279,0.009602,13.5661,0.003971,10.902,0.024,10.73,0.02,10.515,0.101,8.295,,OSFC,10.0,roquette25,,,
200478948,3.339066283543899e+18,82.57317,11.02147,0.593586,8.6673,,,9.636,1.133,7.193,0.021,6.384,0.023,6.126,0.021,9.60919,0.000902,10.6071,0.003802,8.65171,0.002401,5.985,0.146,6.048,0.032,6.039,0.013,5.924,0.061,OSFC,10.0,roquette25,4072.99,53.5937,
200511971,3.3406472481210926e+18,82.57408,11.60186,0.472463,12.1645,14.721,0.02,13.392,0.103,10.938,0.027,10.339,0.024,10.154,0.02,12.966,0.000507,13.7208,0.002168,12.1279,0.000469,10.031,0.024,10.108,0.021,9.908,0.061,8.477,,OSFC,10.0,roquette25,5013.2,8.19377,
200511511,3.339067073816758e+18,82.57921,11.07183,1.37879,12.13,14.319,0.041,13.127,0.103,11.059,0.025,10.507,0.023,10.387,0.022,12.8397,0.000302,13.4809,0.001945,12.0852,0.000883,10.295,0.022,10.363,0.02,10.281,0.081,8.76,,OSFC,10.0,roquette25,4971.08,2.9465,
200478498,3.3390084947595233e+18,82.58179,10.48225,0.349448,12.5854,14.767,0.034,13.691,0.092,11.426,0.025,10.826,0.018,10.698,0.015,13.3372,0.000288,14.0268,0.002375,12.5402,0.00117,10.581,0.022,10.678,0.019,10.428,0.079,8.483,,OSFC,10.0,roquette25,4865.2,9.40027,
200478847,3.3390600343668014e+18,82.58742,10.903,0.869755,11.9924,14.245,0.017,13.027,0.08,10.877,0.025,10.302,0.024,10.153,0.02,12.7275,0.000316,13.4007,0.001605,11.9511,0.000954,10.065,0.024,10.127,0.021,10.011,0.062,8.386,,OSFC,10.0,roquette25,4931.85,5.07601,
200512080,3.340838219546587e+18,82.59933,11.72039,0.347835,12.5966,15.487,0.035,13.987,0.069,11.225,0.024,10.521,0.024,10.317,0.02,13.4681,0.000282,14.3164,0.001854,12.5652,0.00159,10.219,0.023,10.272,0.02,10.078,0.065,8.237,,OSFC,10.0,roquette25,4643.1,10.9644,
200478885,3.339063607779577e+18,82.60329,10.95319,0.630519,12.3023,15.248,0.062,13.348,0.057,11.125,0.025,10.502,0.024,10.357,0.022,13.068,0.000379,13.7782,0.002122,12.2569,0.001332,10.25,0.023,10.322,0.021,10.218,0.073,9.04,,OSFC,10.0,roquette25,4767.9,6.38556,
200511937,3.3406439452893763e+18,82.61587,11.56025,0.14422,12.682,15.481,0.047,13.992,0.103,11.352,0.025,10.677,0.023,10.473,0.022,13.5415,0.000285,14.3598,0.002327,12.6579,0.001201,10.37,0.024,10.438,0.021,10.406,0.106,9.12,,OSFC,10.0,roquette25,4735.0,21.8649,
200511575,3.3406154954275395e+18,82.61675,11.1475,0.299285,12.8825,15.391,0.067,14.085,0.103,11.682,0.025,11.094,0.024,10.962,0.026,13.6605,0.00032,14.387,0.002098,12.8411,0.001529,10.852,0.023,10.929,0.021,10.852,0.126,8.892,,OSFC,10.0,roquette25,4946.71,8.85088,
302672324,3.340876393215855e+18,82.67037,12.03281,1.79628,10.4832,10.789,0.108,10.576,0.009,10.139,0.023,10.145,0.023,10.065,0.017,10.6104,0.00034,10.7244,0.000766,10.4182,0.001064,10.022,0.023,10.042,0.021,10.335,0.086,8.884,,OSFC,10.0,roquette25,9346.0,1.95423,2.373
284156727,3.3408642298685066e+18,82.67492,11.84011,0.330222,12.8297,15.661,0.063,14.188,0.172,11.505,0.027,10.828,0.025,10.653,0.019,13.6883,0.000242,14.5129,0.002881,12.8019,0.001629,10.532,0.022,10.625,0.021,10.664,0.115,8.422,,OSFC,10.0,roquette25,4745.6,10.2141,
284157336,3.3406180724079155e+18,82.69204,11.24153,0.117948,12.4677,15.256,0.045,13.798,0.092,11.153,0.024,10.445,0.022,10.264,0.023,13.3131,0.00032,14.1269,0.002099,12.4309,0.002692,10.127,0.022,10.208,0.02,10.293,0.069,8.475,,OSFC,10.0,roquette25,4535.44,25.7923,
284156678,3.3408655355386737e+18,82.70258,11.87733,0.0894798,12.8455,15.848,0.056,14.205,0.092,11.472,0.026,10.672,0.022,10.503,0.023,13.7393,0.000338,14.6002,0.002476,12.8301,0.000974,10.385,0.022,10.474,0.021,10.745,0.119,8.899,,OSFC,10.0,roquette25,4412.18,32.4923,
284157572,3.339062783145811e+18,82.7135,11.02161,0.961834,12.4111,14.67,0.025,13.48,0.092,11.282,0.024,10.717,0.023,10.569,0.019,13.1419,0.000405,13.8053,0.001823,12.3627,0.000932,10.5,0.022,10.553,0.021,10.644,0.117,8.599,,OSFC,10.0,roquette25,5074.1,3.47379,
284158540,3.338236259639576e+18,82.72404,10.16278,3.66914,7.10581,7.074,0.024,7.08932,0.023,7.035,0.021,7.03,0.029,7.066,0.031,7.05664,0.000426,7.08099,0.002113,7.06451,0.005847,7.023,0.047,7.044,0.019,7.092,0.018,7.107,0.116,OSFC,10.0,roquette25,13564.0,,
284157570,3.340563994475417e+18,82.72471,11.02181,0.135109,12.3154,14.673,0.033,13.423,0.092,11.164,0.026,10.558,0.022,10.405,0.019,13.0691,0.000343,13.7579,0.002586,12.2695,0.001088,10.314,0.022,10.38,0.021,10.202,0.089,8.393,,OSFC,10.0,roquette25,5146.72,14.0211,
284158041,3.3390344363619753e+18,82.72887,10.6055,,10.6606,11.921,0.21,11.229,0.015,10.047,0.027,9.728,0.027,9.682,0.023,11.0916,0.000461,11.4261,0.001434,10.6047,0.001084,9.616,0.023,9.657,0.02,9.668,0.046,8.592,,OSFC,10.0,roquette25,5818.19,,
284156910,3.340669753749921e+18,82.73904,11.65872,0.30521,12.7438,15.576,0.034,14.036,0.08,11.421,0.024,10.719,0.022,10.526,0.019,13.5934,0.000244,14.4141,0.001724,12.714,0.001121,10.42,0.023,10.505,0.021,10.363,0.098,8.598,,OSFC,10.0,roquette25,4643.54,11.5527,
284158292,3.3382525117957837e+18,82.74179,10.38144,0.386661,12.3834,14.662,0.03,13.487,0.092,11.198,0.024,10.654,0.022,10.507,0.021,13.1369,0.000353,13.8219,0.001738,12.3388,0.00173,10.418,0.023,10.461,0.02,10.426,0.097,8.598,,OSFC,10.0,roquette25,5009.26,9.18013,
302761728,3.3408715828524913e+18,82.74829,11.92581,0.481697,12.3279,14.53,0.048,13.33,0.092,11.238,0.022,10.713,0.021,10.566,0.019,13.0372,0.000674,13.674,0.001408,12.2826,0.002506,10.483,0.024,10.532,0.02,10.693,0.123,8.391,,OSFC,10.0,roquette25,5181.84,6.85913,
284158690,3.338225608121076e+18,82.75487,10.01611,0.263057,13.0025,15.374,0.072,14.147,0.092,11.798,0.026,11.209,0.023,11.096,0.021,13.7836,0.000273,14.5053,0.002158,12.9622,0.001202,10.971,0.024,11.027,0.021,10.801,0.11,8.353,,OSFC,10.0,roquette25,4781.0,10.9157,
284157929,3.3390412395901624e+18,82.76046,10.70161,0.14331,13.5445,16.392,0.044,14.919,0.092,12.212,0.026,11.462,0.024,11.324,0.026,14.3933,0.000373,15.2231,0.002057,13.5069,0.000871,11.198,0.023,11.311,0.022,11.877,0.362,9.069,,OSFC,10.0,roquette25,4390.0,14.8061,
200515760,3.3382827140057713e+18,82.7755,10.56222,0.144576,12.4173,14.766,0.012,13.535,0.069,11.256,0.025,10.676,0.023,10.532,0.022,13.1814,0.000564,13.879,0.001843,12.3732,0.000752,10.42,0.024,10.491,0.02,10.332,0.08,8.606,,OSFC,10.0,roquette25,4839.0,18.8852,
200515751,3.3382826109265577e+18,82.77871,10.54917,0.328607,12.9343,15.351,0.039,14.088,0.103,11.776,0.026,11.223,0.024,11.064,0.023,13.7074,0.000283,14.4223,0.001996,12.896,0.001652,10.969,0.023,11.018,0.02,11.098,0.166,8.635,,OSFC,10.0,roquette25,5139.94,7.69773,
200515618,3.3382759451373445e+18,82.78187,10.38597,3.27224,9.5766,10.656,0.074,10.028,0.005,9.058,0.024,8.829,0.023,8.767,0.022,9.9403,0.000365,10.2231,0.001724,9.52741,0.001352,8.704,0.022,8.736,0.02,8.671,0.027,8.443,0.344,OSFC,10.0,roquette25,6466.52,2.42326,1.32
200515335,3.338178810157408e+18,82.78558,10.02472,,12.5152,14.563,0.037,13.467,0.103,11.439,0.026,10.91,0.023,10.811,0.024,13.201,0.000394,13.8236,0.002038,12.4449,0.002345,10.721,0.024,10.751,0.021,10.746,0.107,8.928,,OSFC,10.0,roquette25,5159.16,,
200515281,3.3381771608899907e+18,82.78792,9.95283,0.278077,13.1566,15.64,0.053,14.425,0.126,11.932,0.026,11.317,0.024,11.124,0.024,13.9523,0.000279,14.6952,0.00143,13.1169,0.001139,11.048,0.023,11.102,0.021,11.164,0.175,8.772,,OSFC,10.0,roquette25,4815.56,9.30408,
200516243,3.340564372432513e+18,82.79129,11.07078,0.367776,12.4178,14.853,0.052,13.559,0.103,11.238,0.021,10.646,0.022,10.503,0.025,13.1839,0.000337,13.8915,0.002556,12.3759,0.000847,10.412,0.023,10.486,0.02,10.302,0.073,8.86,,OSFC,10.0,roquette25,4982.21,9.23868,
200516556,3.340630824166405e+18,82.80425,11.43139,0.500449,12.8442,15.247,0.064,14.051,0.092,11.638,0.021,11.086,0.025,10.916,0.027,13.6211,0.000307,14.3414,0.001815,12.8043,0.001698,10.805,0.023,10.869,0.02,10.763,0.125,8.916,,OSFC,10.0,roquette25,4904.98,6.06078,
200516219,3.340563543502067e+18,82.8105,11.0445,0.264272,13.0783,15.567,0.039,14.271,0.08,11.91,0.022,11.31,0.023,11.127,0.025,13.8543,0.000345,14.5754,0.001808,13.0377,0.001316,11.034,0.023,11.119,0.021,11.236,0.182,8.882,,OSFC,10.0,roquette25,4894.99,9.39845,
200516013,3.3390446712664924e+18,82.82754,10.82736,0.4473,12.4402,15.345,0.062,13.598,0.08,11.242,0.024,10.605,0.021,10.466,0.022,13.2309,0.000347,13.9765,0.001663,12.4011,0.001099,10.329,0.023,10.441,0.02,10.221,0.07,8.547,,OSFC,10.0,roquette25,4787.98,8.26908,
200517017,3.3408740868179287e+18,82.82825,12.02383,1.01481,13.8489,16.056,0.034,14.751,0.32,12.729,0.029,12.171,0.027,12.029,0.03,14.559,0.003072,15.1853,0.011379,13.7989,0.008188,11.922,0.024,11.928,0.023,11.837,0.293,8.894,,OSFC,10.0,roquette25,4832.24,2.12486,
200516455,3.340624776852477e+18,82.83842,11.32081,0.389532,12.1002,14.682,0.044,13.322,0.08,10.872,0.02,10.257,0.018,10.106,0.022,12.898,0.000345,13.6513,0.001821,12.0665,0.000997,9.984,0.023,10.067,0.021,9.901,0.071,8.241,,OSFC,10.0,roquette25,4661.0,12.1388,
200516499,3.340625257888799e+18,82.83887,11.37164,0.383172,12.2846,14.917,0.038,13.501,0.092,11.033,0.02,10.419,0.02,10.259,0.023,13.0918,0.00036,13.8524,0.00116,12.249,0.000772,10.147,0.023,10.237,0.02,10.139,0.072,8.959,,OSFC,10.0,roquette25,4662.0,11.5832,
200515643,3.338276323094449e+18,82.85742,10.41222,0.137885,12.9537,15.645,0.068,14.262,0.103,11.69,0.025,10.969,0.023,10.844,0.023,13.7857,0.000283,14.5748,0.00195,12.9236,0.001584,10.705,0.022,10.788,0.021,10.808,0.113,8.797,,OSFC,10.0,roquette25,4680.0,19.1388,
302761954,3.3409717071299553e+18,82.86762,12.12647,4.76431,14.1907,18.652,0.162,16.23,0.012,12.718,0.02,12.006,0.021,11.818,0.021,15.3057,0.002086,16.4594,0.009287,14.2262,0.00439,11.744,0.024,11.678,0.022,11.589,,8.409,0.507,OSFC,10.0,roquette25,3592.0,0.571739,0.564395
200515151,3.3381589459325087e+18,82.88362,9.79039,0.400949,12.6788,15.136,0.023,13.904,0.114,11.467,0.025,10.854,0.023,10.691,0.022,13.4697,0.000336,14.2106,0.001857,12.6383,0.001025,10.571,0.023,10.631,0.02,10.344,0.083,8.717,0.457,OSFC,10.0,roquette25,4648.0,8.8159,
200516517,3.340626597918577e+18,82.89175,11.38619,0.396467,12.3023,14.996,0.02,13.545,0.103,11.036,0.021,10.406,0.02,10.226,0.023,13.121,0.000332,13.9009,0.002355,12.2681,0.001179,10.111,0.023,10.212,0.02,10.237,0.084,8.251,,OSFC,10.0,roquette25,4588.0,11.4211,
200517545,3.340652058484666e+18,82.90575,11.5005,0.64808,12.0835,14.157,0.027,13.091,0.08,10.993,0.025,10.448,0.023,10.323,0.022,12.7779,0.000291,13.3924,0.001752,12.0369,0.00074,10.195,0.023,10.262,0.02,10.21,0.092,8.926,0.537,OSFC,10.0,roquette25,4974.65,6.67755,
200518263,3.338292227355969e+18,82.92104,10.71864,0.406115,11.8539,13.814,0.016,12.798,0.057,10.89,0.024,10.496,0.023,10.359,0.022,12.5266,0.000233,13.1141,0.001831,11.8087,0.001233,10.269,0.023,10.272,0.02,10.278,0.08,8.82,,OSFC,10.0,roquette25,5938.1,8.07551,
200519288,3.3380588946703636e+18,82.92687,9.59894,0.14432,12.9832,15.601,0.092,14.247,0.137,11.73,0.023,11.034,0.025,10.864,0.023,13.7824,0.000332,14.5423,0.002097,12.9397,0.001118,10.787,0.023,10.867,0.021,10.713,0.102,8.941,,OSFC,10.0,roquette25,4508.0,17.808,
200517356,3.340670921980962e+18,82.92708,11.68408,0.6718,12.6905,15.273,0.04,13.874,0.057,11.45,0.026,10.809,0.022,10.646,0.022,13.4918,0.000294,14.2438,0.002475,12.65,0.0009869999,10.567,0.022,10.622,0.021,10.273,0.081,8.74,,OSFC,10.0,roquette25,4898.7,4.87062,
200517137,3.3406847990184504e+18,82.95412,11.94056,0.46977,12.2462,14.497,0.033,13.219,0.08,11.153,0.024,10.614,0.024,10.449,0.019,12.9625,0.000447,13.6101,0.001835,12.1982,0.001303,10.369,0.024,10.43,0.021,10.452,0.1,8.927,,OSFC,10.0,roquette25,5087.86,7.31563,
200517908,3.3405714848982984e+18,82.957,11.12225,1.28103,12.4898,14.678,0.034,13.503,0.092,11.449,0.024,10.964,0.023,10.804,0.02,13.1933,0.000318,13.8238,0.002621,12.4436,0.001089,10.734,0.023,10.791,0.021,10.835,0.121,8.613,,OSFC,10.0,roquette25,4941.0,2.76539,
200517343,3.3406593083893786e+18,82.96354,11.70403,0.164709,13.2744,16.542,0.045,14.723,0.103,11.742,0.025,10.959,0.022,10.732,0.024,14.2098,0.000405,15.1709,0.004689,13.2406,0.001591,10.594,0.023,10.692,0.021,9.957,0.065,7.839,0.225,OSFC,10.0,roquette25,4454.34,14.5185,
200517823,3.340573168525449e+18,82.96567,11.20914,0.40657,13.2204,16.332,-0.07,14.563,0.126,11.924,0.028,11.298,0.026,11.14,0.027,14.0307,0.000421,14.7961,0.004531,13.1787,0.001712,10.524,0.024,10.596,0.022,10.217,0.076,8.131,0.269,OSFC,10.0,roquette25,4574.0,7.21263,
200517148,3.340683669443825e+18,82.96646,11.90383,0.134406,12.5489,15.175,0.02,13.727,0.114,11.317,0.024,10.61,0.023,10.461,0.02,13.3555,0.000311,14.1089,0.001885,12.5191,0.001546,10.366,0.023,10.453,0.021,10.3,0.08,8.522,,OSFC,10.0,roquette25,4617.39,25.7433,
200519325,3.3378708781813156e+18,82.96833,9.55986,0.251605,12.8927,15.128,0.086,14.06,0.114,11.73,0.023,11.146,0.025,11.002,0.023,13.6172,0.000321,14.2713,0.001572,12.8423,0.000763,10.943,0.023,10.989,0.021,10.95,0.132,8.376,,OSFC,10.0,roquette25,4894.28,10.4184,
200517873,3.340571862855402e+18,82.984,11.16364,0.0339573,13.3886,16.283,0.036,14.816,0.08,12.045,0.025,11.303,0.024,11.124,0.024,14.2578,0.000454,15.1027,0.002368,13.3605,0.002073,11.005,0.023,11.11,0.021,11.279,0.167,9.03,,OSFC,10.0,roquette25,4444.34,21.7372,
302830602,3.3409709512156897e+18,83.01079,12.1885,0.713961,12.967,15.466,0.053,14.001,0.24,11.779,0.021,11.171,0.023,11.051,0.02,13.7468,0.000278,14.4732,0.002381,12.9282,0.001233,10.914,0.023,10.999,0.021,11.659,0.45,8.857,,OSFC,10.0,roquette25,4897.63,4.06948,
200526128,3.338288344705535e+18,83.04817,10.68083,0.880712,11.9485,14.22,0.026,12.992,0.069,10.826,0.022,10.277,0.023,10.118,0.022,12.6889,0.000276,13.3674,0.002539,11.9064,0.000762,10.013,0.023,10.08,0.021,9.973,0.058,8.851,,OSFC,10.0,roquette25,4942.52,5.10105,
200526507,3.340558737435559e+18,83.0565,11.09219,0.701533,12.2214,14.728,0.017,13.363,0.092,11.108,0.021,10.545,0.021,10.402,0.021,12.9708,0.00035,13.6545,0.002115,12.1816,0.001961,10.23,0.021,10.29,0.02,10.147,0.062,8.492,,OSFC,10.0,roquette25,5152.88,5.3306,
200525213,3.3379654705414205e+18,83.06125,9.64994,0.236879,12.9617,15.275,0.059,14.066,0.126,11.787,0.021,11.179,0.023,11.053,0.022,13.7142,0.000349,14.4015,0.003228,12.917,0.001215,10.969,0.024,11.044,0.021,10.886,0.122,8.722,,OSFC,10.0,roquette25,4910.65,10.9162,
200526592,3.3405603179832847e+18,83.06325,11.17336,0.260096,13.3482,16.24,0.076,14.724,0.103,12.011,0.021,11.357,0.023,11.19,0.025,14.2004,0.000363,15.03,0.003065,13.312,0.001112,11.052,0.023,11.167,0.021,10.969,0.146,8.637,,OSFC,10.0,roquette25,4604.29,9.7257,
200526136,3.338288452082008e+18,83.08075,10.69122,0.261659,12.4993,14.654,0.026,13.471,0.08,11.439,0.022,10.924,0.021,10.819,0.023,13.2065,0.000338,13.8369,0.00312,12.4541,0.001073,10.694,0.023,10.741,0.02,10.685,0.116,9.013,,OSFC,10.0,roquette25,5056.0,11.9293,
200525965,3.338272268645491e+18,83.08637,10.51767,1.98179,12.0761,13.168,0.026,12.575,0.046,11.468,0.026,11.211,0.022,11.132,0.025,12.4855,0.000346,12.7966,0.00151,12.0115,0.001024,11.083,0.023,11.086,0.022,10.93,0.149,9.017,,OSFC,10.0,roquette25,6211.62,1.43324,1.2
200526314,3.3397965654212086e+18,83.09275,10.88589,0.35919,12.4491,14.931,0.033,13.554,0.08,11.284,0.021,10.668,0.021,10.503,0.021,13.2263,0.000302,13.9472,0.001554,12.4083,0.001184,10.415,0.022,10.488,0.021,10.413,0.094,8.335,,OSFC,10.0,roquette25,4727.0,10.7863,
200526066,3.338275429741174e+18,83.11446,10.62025,0.0883403,12.9127,16.084,0.038,14.362,0.092,11.484,0.022,10.641,0.021,10.427,0.022,13.8312,0.00039,14.7674,0.002015,12.8825,0.000946,10.321,0.023,10.444,0.02,10.255,0.073,8.966,,OSFC,10.0,roquette25,4165.86,29.1857,
200525509,3.3381698079058555e+18,83.11654,9.99867,0.219402,13.0668,15.924,0.048,14.488,0.114,11.704,0.022,10.991,0.023,10.791,0.019,13.9372,0.000423,14.78,0.007042,13.0339,0.001283,10.701,0.023,10.772,0.02,10.703,0.093,8.694,,OSFC,10.0,roquette25,4669.81,12.6908,
200525705,3.338210386756782e+18,83.13487,10.20761,0.237428,13.1451,15.851,0.047,14.386,0.126,11.883,0.022,11.248,0.021,11.067,0.022,13.9742,0.0004,14.7663,0.002436,13.113,0.001224,10.967,0.023,11.054,0.022,11.141,0.17,8.764,,OSFC,10.0,roquette25,4588.0,12.1302,
302830894,3.340773829398063e+18,83.13608,11.89856,0.179869,12.9476,15.489,0.069,14.068,0.08,11.727,0.02,11.056,0.023,10.92,0.02,13.7187,0.000331,14.4462,0.001914,12.8989,0.001176,10.815,0.023,10.899,0.02,10.813,0.115,8.129,,OSFC,10.0,roquette25,4618.97,14.4215,
200541880,3.3379668449311375e+18,83.13642,9.66964,1.96678,8.4192,8.556,0.0,8.43,0.03,8.283,0.026,8.263,0.027,8.266,0.022,8.38858,0.00113,8.40905,0.001789,8.35812,0.002752,8.229,0.022,8.271,0.021,8.281,0.024,8.222,0.31,OSFC,10.0,roquette25,13331.0,,
302831080,3.3407823806765373e+18,83.15042,12.15286,0.502403,11.8692,14.135,0.036,12.824,0.069,10.822,0.022,10.277,0.024,10.12,0.019,12.5967,0.000309,13.2584,0.00217,11.8267,0.000791,10.0,0.022,10.059,0.02,9.997,0.063,8.703,,OSFC,10.0,roquette25,5154.38,8.1763,
200541595,3.3381700484239985e+18,83.15242,10.03664,0.390052,13.4174,16.238,0.07,14.68,0.092,12.063,0.022,11.399,0.023,11.252,0.024,14.2813,0.000391,15.1174,0.001867,13.3864,0.0009860001,11.123,0.023,11.185,0.021,11.087,0.152,8.633,,OSFC,10.0,roquette25,4739.94,6.47149,
200541473,3.3382070538621686e+18,83.16358,10.15925,0.0944811,13.1535,15.93,0.027,14.514,0.114,11.81,0.021,11.096,0.025,10.933,0.024,14.0087,0.000424,14.8372,0.001726,13.1213,0.000966,10.804,0.023,10.898,0.021,10.702,0.117,8.985,,OSFC,10.0,roquette25,4505.54,21.352,
200540782,3.3397968402991145e+18,83.16621,10.90186,0.194496,13.1954,15.945,0.085,14.508,0.092,11.872,0.027,11.192,0.022,10.999,0.024,14.0434,0.000312,14.8696,0.003219,13.157,0.001229,10.89,0.024,10.958,0.022,10.834,0.119,8.399,,OSFC,10.0,roquette25,4404.0,14.0912,
200541540,3.338205438954492e+18,83.17025,10.08667,0.328105,12.8819,15.555,0.056,14.076,0.069,11.634,0.022,10.996,0.025,10.845,0.024,13.6952,0.000362,14.463,0.002153,12.8456,0.001392,10.736,0.022,10.831,0.021,10.89,0.139,8.285,,OSFC,10.0,roquette25,4639.0,10.1626,
200542283,3.3378455894140134e+18,83.18508,9.22603,0.419878,12.8395,15.251,0.078,13.997,0.092,11.707,0.026,11.093,0.022,10.96,0.023,13.596,0.000325,14.2916,0.00217,12.7963,0.002257,10.855,0.024,10.903,0.02,10.754,0.113,8.281,,OSFC,10.0,roquette25,4918.75,6.93629,
200540515,3.340561073897737e+18,83.18762,11.18594,1.88816,11.9322,13.462,0.026,12.577,0.069,10.869,0.024,10.446,0.021,10.316,0.019,12.5089,0.000199,12.9885,0.003128,11.8758,0.002436,10.306,0.023,10.355,0.019,10.38,0.077,8.968,,OSFC,10.0,roquette25,5537.03,1.88441,0.97
200540786,3.3397959512435507e+18,83.20779,10.89811,0.306579,12.1471,14.65,0.026,13.343,0.08,10.975,0.025,10.34,0.02,10.171,0.022,12.9289,0.000325,13.6616,0.002887,12.1064,0.000607,10.072,0.022,10.15,0.02,10.048,0.061,8.923,,OSFC,10.0,roquette25,4828.47,12.7299,
200541435,3.338208737489316e+18,83.21354,10.19786,0.199066,13.2567,15.868,0.055,14.529,0.149,12.014,0.022,11.359,0.025,11.205,0.021,14.0711,0.000393,14.8422,0.001878,13.2211,0.002902,11.08,0.022,11.172,0.022,11.188,0.15,8.967,,OSFC,10.0,roquette25,4765.14,11.5187,
200527458,3.340776303299175e+18,83.21367,11.99681,0.542759,12.642,14.91,0.043,13.605,0.114,11.575,0.025,10.987,0.022,10.84,0.022,13.3561,0.000305,14.0031,0.002047,12.5961,0.001499,10.763,0.024,10.839,0.021,11.014,0.127,9.045,,OSFC,10.0,roquette25,4869.72,5.96097,
200541944,3.3379628935612227e+18,83.21483,9.61253,0.351796,13.1981,15.721,0.068,14.375,0.137,11.967,0.025,11.37,0.024,11.179,0.024,13.9867,0.000314,14.7252,0.002642,13.1562,0.000968,11.087,0.024,11.156,0.022,11.116,0.16,8.808,,OSFC,10.0,roquette25,4747.52,7.49689,
200542103,3.337946671468338e+18,83.23779,9.44233,0.738245,12.5789,14.831,0.082,13.609,0.08,11.523,0.026,10.939,0.022,10.809,0.023,13.2957,0.000354,13.9415,0.001927,12.5358,0.001746,10.722,0.022,10.778,0.021,10.641,0.109,8.756,,OSFC,10.0,roquette25,4964.0,4.60536,
200540206,3.3406110329569567e+18,83.24804,11.51194,0.569574,12.9755,15.421,0.058,14.025,0.114,11.83,0.027,11.24,0.024,11.107,0.025,13.7278,0.0004,14.4199,0.002952,12.9325,0.002045,10.999,0.024,11.069,0.022,10.92,0.125,8.894,,OSFC,10.0,roquette25,4971.57,4.73511,
302970623,3.340762421964889e+18,83.24996,11.925,0.0968107,12.8545,15.975,0.054,14.312,0.24,11.437,0.02,10.612,0.02,10.42,0.017,13.7405,0.000485,14.6322,0.003076,12.8154,0.002355,10.32,0.023,10.435,0.02,10.415,0.076,8.354,,OSFC,10.0,roquette25,4203.43,25.7557,
200541629,3.338192210455228e+18,83.25096,9.99633,0.287987,12.7999,15.129,0.034,14.041,0.103,11.624,0.021,11.015,0.025,10.889,0.022,13.5569,0.000322,14.2482,0.003569,12.7564,0.00108,10.789,0.023,10.848,0.021,10.639,0.105,9.133,,OSFC,10.0,roquette25,4991.38,9.85157,
200540565,3.340557706643377e+18,83.25275,11.12906,0.333519,12.1219,14.297,0.035,13.186,0.057,11.039,0.024,10.479,0.023,10.366,0.022,12.8269,0.000279,13.4622,0.001179,12.0766,0.001058,10.255,0.023,10.316,0.019,10.198,0.076,8.509,,OSFC,10.0,roquette25,5103.84,10.5596,
200588036,3.3397985282239263e+18,83.26787,10.85928,1.33398,11.6992,13.625,0.025,12.613,0.069,10.742,0.024,10.345,0.023,10.223,0.022,12.3397,0.000239,12.8929,0.001829,11.6511,0.001703,10.129,0.024,10.177,0.021,10.181,0.074,8.872,,OSFC,10.0,roquette25,5512.44,3.1214,
200587923,3.339778737014963e+18,83.26842,10.70544,0.319491,12.8464,15.39,0.049,14.112,0.08,11.632,0.027,11.002,0.024,10.816,0.026,13.6427,0.000283,14.3897,0.002581,12.8084,0.000801,10.733,0.023,10.804,0.022,10.638,0.1,9.041,,OSFC,10.0,roquette25,4793.88,9.58538,
200587690,3.3382194233678797e+18,83.26846,10.36342,0.26955,13.0114,15.377,0.043,14.274,0.114,11.839,0.026,11.208,0.022,11.075,0.024,13.7713,0.000386,14.4651,0.002073,12.9685,0.001381,11.003,0.024,11.083,0.021,11.22,0.157,8.788,,OSFC,10.0,roquette25,4945.87,9.71709,
302970520,3.340776883118401e+18,83.26958,12.035,0.321397,12.6709,15.354,0.048,13.738,0.114,11.462,0.02,10.825,0.021,10.627,0.018,13.4724,0.000313,14.2345,0.002021,12.6304,0.001194,10.505,0.023,10.616,0.021,10.535,0.088,8.696,,OSFC,10.0,roquette25,4534.0,11.4243,
200587936,3.3397787713746964e+18,83.26975,10.72264,0.174861,12.9459,15.331,0.043,14.105,0.092,11.771,0.027,11.216,0.024,11.054,0.027,13.7126,0.000334,14.4167,0.001573,12.9038,0.000994,10.95,0.023,11.018,0.022,10.824,0.131,9.107,,OSFC,10.0,roquette25,4968.22,13.3418,
200587744,3.3382222752261386e+18,83.27604,10.45156,0.0288318,13.2205,16.292,0.167,14.665,0.103,11.862,0.026,11.139,0.024,10.926,0.024,14.1044,0.000464,14.9666,0.004739,13.1963,0.000809,10.783,0.022,10.866,0.019,10.785,0.109,8.961,,OSFC,10.0,roquette25,4510.0,26.8225,
200588526,3.340611548353014e+18,83.27983,11.54333,0.220411,13.362,16.276,0.056,14.687,0.229,12.024,0.022,11.327,0.023,11.122,0.024,14.2152,0.000417,15.0493,0.004072,13.3283,0.001731,11.019,0.024,11.13,0.022,10.963,0.135,9.047,,OSFC,10.0,roquette25,4419.0,12.1586,
200587787,3.3382698291040215e+18,83.29158,10.51211,0.377707,12.7691,15.357,0.0,14.081,0.103,11.503,0.026,10.858,0.022,10.686,0.022,13.5938,0.000309,14.379,0.003607,12.7357,0.001464,10.562,0.023,10.666,0.02,10.468,0.094,8.376,,OSFC,10.0,roquette25,4772.16,8.74485,
200588575,3.340613575577556e+18,83.29642,11.61122,0.275961,12.9379,15.645,0.079,14.225,0.092,11.639,0.022,10.969,0.023,10.787,0.021,13.7661,0.000432,14.5529,0.001853,12.9048,0.000896,10.665,0.022,10.738,0.021,10.559,0.115,8.61,0.475,OSFC,10.0,roquette25,4737.0,11.0369,
200588736,3.340758058278131e+18,83.29775,11.82947,0.298634,12.434,14.823,0.021,13.495,0.069,11.321,0.022,10.738,0.024,10.561,0.022,13.1761,0.000281,13.8591,0.002244,12.3892,0.001828,10.47,0.023,10.561,0.02,10.37,0.083,8.746,,OSFC,10.0,roquette25,4863.56,11.1926,
200588155,3.3398052283728855e+18,83.30317,11.03231,0.409112,12.8452,15.034,0.062,13.952,0.092,11.675,0.025,11.038,0.024,10.894,0.023,13.6129,0.000351,14.3305,0.001806,12.7997,0.00221,10.736,0.022,10.834,0.019,10.582,0.107,8.353,,OSFC,10.0,roquette25,4596.0,8.0282,
200588853,3.340783037807839e+18,83.31867,12.09644,0.416233,12.3553,14.452,0.066,13.214,0.103,11.338,0.022,10.776,0.025,10.622,0.021,13.0501,0.000566,13.669,0.002045,12.3092,0.001835,10.568,0.023,10.626,0.021,10.605,0.092,8.763,,OSFC,10.0,roquette25,5080.93,8.17835,
200587930,3.33977839341756e+18,83.34408,10.71481,0.340152,12.4417,14.959,0.04,13.694,0.08,11.226,0.025,10.631,0.024,10.456,0.025,13.2326,0.000333,13.9727,0.003985,12.4034,0.000934,10.353,0.022,10.422,0.021,10.278,0.077,8.805,,OSFC,10.0,roquette25,4682.0,11.6804,
426186606,3.339804506818377e+18,83.36087,10.99983,0.1926,12.9342,15.632,0.055,14.204,0.092,11.679,0.021,10.963,0.029,10.784,0.023,13.7445,0.000361,14.5259,0.002663,12.8929,0.001149,10.698,0.023,10.782,0.02,10.58,0.105,8.605,,OSFC,10.0,roquette25,4440.0,15.6638,
426186651,3.33980495349497e+18,83.36737,11.05603,0.273624,12.456,14.862,0.016,13.549,0.103,11.311,0.021,10.671,0.029,10.53,0.024,13.2075,0.000336,13.9049,0.002772,12.4112,0.000797,10.444,0.023,10.531,0.02,10.334,0.095,9.069,,OSFC,10.0,roquette25,4740.33,12.6266,
426214415,3.340759673185793e+18,83.386,11.88833,,12.5564,14.692,0.049,13.498,0.16,11.375,0.023,10.834,0.028,10.671,0.025,13.2551,0.004215,13.8533,0.008073,12.4436,0.002962,10.595,0.023,10.645,0.021,10.66,0.121,8.443,,OSFC,10.0,roquette25,4933.67,,
426186445,3.3397783547599724e+18,83.39092,10.74369,0.171998,13.1808,15.975,0.036,14.528,0.114,11.864,0.021,11.154,0.03,10.998,0.026,14.0175,0.000342,14.8198,0.001795,13.1439,0.001284,10.873,0.024,10.952,0.021,10.917,0.123,8.995,,OSFC,10.0,roquette25,4539.63,15.5403,
426185343,3.33779435904442e+18,83.39575,9.10783,0.0533678,13.572,16.682,0.097,14.958,0.057,12.156,0.023,11.441,0.03,11.233,0.025,14.4722,0.001098,15.3831,0.007383,13.5333,0.004057,11.105,0.023,11.116,0.021,10.965,0.154,9.017,,OSFC,10.0,roquette25,4378.98,18.1837,
426185439,3.3378934181705375e+18,83.41483,9.26358,0.401894,12.6491,15.011,0.075,13.799,0.08,11.493,0.022,10.961,0.03,10.793,0.025,13.4016,0.000434,14.0907,0.00243,12.6044,0.001485,10.685,0.022,10.726,0.021,10.525,0.116,8.193,,OSFC,10.0,roquette25,4780.0,8.5247,
426214233,3.3407077556211825e+18,83.41562,11.65536,0.21509,12.9804,15.718,0.043,14.265,0.286,11.684,0.021,11.019,0.03,10.858,0.026,13.8094,0.000392,14.6032,0.004008,12.9457,0.001287,10.692,0.022,10.81,0.02,10.686,0.119,8.858,0.488,OSFC,10.0,roquette25,4614.03,13.5384,
435934921,3.340595296197093e+18,83.42896,11.46844,0.433216,12.4353,14.866,0.047,13.555,0.08,11.296,0.024,10.705,0.022,10.548,0.023,13.195,0.000306,13.8978,0.002052,12.3951,0.000974,10.435,0.022,10.495,0.022,10.427,0.082,8.963,,OSFC,10.0,roquette25,4837.44,8.4939,
435934919,3.3405943341244227e+18,83.43092,11.43142,0.310966,12.4251,14.801,0.048,13.554,0.092,11.295,0.023,10.696,0.022,10.57,0.021,13.1666,0.000304,13.8428,0.001716,12.382,0.001398,10.49,0.024,10.543,0.022,10.365,0.09,8.706,,OSFC,10.0,roquette25,5081.19,10.2647,
435932000,3.340759398307867e+18,83.44529,11.90392,0.105819,12.1683,14.172,0.032,13.139,0.103,11.117,0.023,10.603,0.022,10.479,0.023,12.8571,0.0004,13.4588,0.002636,12.1199,0.001312,10.288,0.022,10.326,0.02,10.295,0.085,8.399,,OSFC,10.0,roquette25,5297.0,19.9122,
435934997,3.3407729360447247e+18,83.44658,12.10122,0.39788,12.3442,14.628,0.052,13.254,0.069,11.231,0.023,10.657,0.022,10.541,0.021,13.0682,0.000431,13.7217,0.00265,12.2964,0.001033,10.437,0.023,10.504,0.021,10.43,0.089,8.994,,OSFC,10.0,roquette25,4883.45,9.29051,
435934650,3.3378940710055516e+18,83.44775,9.31847,0.297236,12.6194,14.913,0.045,13.696,0.103,11.47,0.024,10.915,0.024,10.799,0.023,13.3544,0.000303,14.0172,0.002083,12.5727,0.001822,10.692,0.023,10.749,0.022,10.793,0.106,8.996,,OSFC,10.0,roquette25,4906.0,10.8332,
435934953,3.340708820773036e+18,83.45558,11.74456,,11.8907,14.025,0.043,12.922,0.114,10.812,0.023,10.255,0.023,10.088,0.021,12.5751,0.000411,13.1983,0.002024,11.823,0.000509,10.003,0.023,10.051,0.02,9.905,0.053,8.754,,OSFC,10.0,roquette25,5016.51,,
435931892,3.3398315479324467e+18,83.45637,11.17675,6.75595,13.0711,15.95,0.089,14.968,0.114,11.709,0.024,11.06,0.023,10.844,0.021,14.1366,0.000463,15.2365,0.003524,13.0997,0.002851,10.709,0.023,10.666,0.021,10.46,0.106,8.505,,OSFC,10.0,roquette25,3661.0,0.611247,0.597169
435934639,3.33789056201465e+18,83.48517,9.25069,0.261622,12.9201,15.373,0.064,14.069,0.114,11.73,0.024,11.165,0.026,11.019,0.021,13.683,0.000334,14.3831,0.002294,12.8792,0.001283,10.877,0.023,10.935,0.022,11.035,0.142,9.005,,OSFC,10.0,roquette25,5018.1,10.0006,
435931818,3.3397802832031345e+18,83.49554,10.72072,0.421662,12.4049,14.593,0.031,13.535,0.103,11.332,0.028,10.794,0.03,10.636,0.027,13.125,0.000333,13.7706,0.001736,12.3576,0.001507,10.495,0.023,10.541,0.021,10.636,0.096,8.394,,OSFC,10.0,roquette25,5154.59,7.69664,
52209387,3.340765376902321e+18,83.49837,11.93033,0.273992,12.7725,15.176,0.052,13.845,0.16,11.519,0.021,10.884,0.017,10.724,0.02,13.5445,0.002097,14.2229,0.003963,12.6896,0.001871,10.619,0.023,10.689,0.022,10.53,0.089,8.74,,OSFC,10.0,roquette25,4645.68,10.8158,
435934655,3.337895411035338e+18,83.50425,9.33308,0.307574,12.7944,15.447,0.086,14.0,0.114,11.516,0.024,10.894,0.026,10.706,0.023,13.5971,0.000318,14.359,0.001848,12.7551,0.001719,10.623,0.024,10.734,0.021,10.529,0.082,8.881,,OSFC,10.0,roquette25,4558.0,11.2298,
436008375,3.3378953423159695e+18,83.52708,9.31853,0.267756,13.2845,15.829,0.126,14.444,0.114,12.063,0.026,11.424,0.027,11.261,0.026,14.0717,0.000282,14.8098,0.002306,13.2426,0.001278,11.156,0.025,11.221,0.022,11.134,0.134,9.125,,OSFC,10.0,roquette25,4713.08,9.23265,
52209646,3.34079733145891e+18,83.54146,12.20189,1.08239,12.0352,14.219,0.044,12.904,0.092,10.97,0.018,10.451,0.019,10.303,0.016,12.7314,0.000207,13.3611,0.001543,11.9912,0.001692,10.235,0.023,10.318,0.021,10.29,0.081,8.745,,OSFC,10.0,roquette25,4861.0,4.02188,
436009308,3.340710538759919e+18,83.54921,11.77411,0.470405,12.2763,14.42,0.046,13.284,0.149,11.216,0.026,10.733,0.022,10.578,0.019,12.9696,0.000446,13.5874,0.001996,12.2291,0.000509,10.486,0.023,10.544,0.021,10.607,0.094,8.678,,OSFC,10.0,roquette25,5139.8,7.23509,
436009149,3.3405923369635625e+18,83.55308,11.39989,1.19975,12.3366,14.799,0.034,13.457,0.08,11.168,0.024,10.623,0.024,10.448,0.019,13.0927,0.000365,13.7983,0.001185,12.2913,0.000774,10.351,0.023,10.445,0.021,10.476,0.092,8.517,,OSFC,10.0,roquette25,4772.43,3.23154,
436013176,3.3378959221346207e+18,83.57196,9.37083,0.273273,12.5991,15.655,0.168,13.691,0.08,11.48,0.024,10.902,0.024,10.731,0.021,13.3509,0.000251,14.0332,0.001578,12.5524,0.001856,10.62,0.023,10.686,0.022,10.617,0.101,9.033,,OSFC,10.0,roquette25,4850.0,12.1938,
436008848,3.3397331416420844e+18,83.57533,10.684,0.190337,13.1998,15.732,0.038,14.49,0.149,11.999,0.024,11.362,0.024,11.199,0.019,13.9864,0.000346,14.7203,0.002178,13.1586,0.001001,11.107,0.023,11.184,0.021,10.968,0.136,8.898,,OSFC,10.0,roquette25,4673.0,13.098,
436014000,3.340706823610074e+18,83.57912,11.71936,1.71165,9.5186,9.987,0.074,9.8,0.006,9.17,0.026,9.073,0.022,9.074,0.019,9.69397,0.000697,9.84298,0.001547,9.46852,0.001224,9.009,0.023,9.031,0.02,9.01,0.035,8.583,0.382,OSFC,10.0,roquette25,8394.0,3.43615,2.08
436008941,3.3398075991950674e+18,83.58921,10.88697,1.04483,11.8766,13.866,0.029,12.829,0.069,10.89,0.024,10.418,0.024,10.274,0.024,12.5337,0.000198,13.1123,0.001638,11.8282,0.001197,10.194,0.023,10.247,0.02,10.356,0.085,8.8,,OSFC,10.0,roquette25,5164.71,3.89223,
436009248,3.3406920188612326e+18,83.59237,11.60864,0.318261,12.6461,14.893,0.038,13.777,0.103,11.526,0.024,10.967,0.026,10.825,0.021,13.3679,0.000294,14.0222,0.001928,12.6002,0.000966,10.742,0.023,10.811,0.02,10.659,0.111,8.843,,OSFC,10.0,roquette25,5009.2,9.06975,
436013747,3.3398261534537364e+18,83.59621,11.06503,0.338091,12.3896,14.409,0.022,13.34,0.057,11.392,0.024,10.87,0.024,10.704,0.021,13.0564,0.000424,13.6418,0.001432,12.3356,0.000892,10.624,0.022,10.703,0.02,10.578,0.11,8.948,0.491,OSFC,10.0,roquette25,5046.21,9.3331,
436009210,3.340686933619973e+18,83.61146,11.46764,0.422192,12.2633,14.703,0.029,13.423,0.114,11.07,0.023,10.465,0.026,10.316,0.019,13.0303,0.000507,13.7402,0.002402,12.2243,0.000752,10.209,0.023,10.276,0.02,9.977,0.069,8.842,0.49,OSFC,10.0,roquette25,4837.24,9.57308,
52370947,3.3407198459514394e+18,83.63304,11.921,1.33539,12.2912,14.33,0.041,13.243,0.16,11.273,0.02,10.763,0.019,10.664,0.019,12.9628,0.000609,13.5567,0.002272,12.241,0.001182,10.559,0.024,10.606,0.021,10.65,0.11,8.817,,OSFC,10.0,roquette25,5143.35,2.53917,
52370686,3.3407981904523397e+18,83.65142,12.20183,0.768187,12.3608,14.625,0.046,13.25,0.114,11.299,0.019,10.7,0.019,10.573,0.014,13.0738,0.00033,13.7223,0.002486,12.3128,0.000897,10.482,0.023,10.555,0.019,10.385,0.104,8.389,,OSFC,10.0,roquette25,4846.91,4.76796,
436014084,3.340717238908848e+18,83.65587,11.86167,0.103155,13.0213,15.71,0.074,14.254,0.069,11.751,0.024,11.053,0.024,10.887,0.021,13.8262,0.000352,14.5859,0.002232,12.9826,0.00126,10.797,0.024,10.917,0.021,10.989,0.129,8.72,,OSFC,10.0,roquette25,4464.13,24.3191,
436009323,3.340712634704217e+18,83.66017,11.78106,0.251359,12.9728,15.396,0.052,14.119,0.172,11.819,0.024,11.186,0.026,11.057,0.021,13.7206,0.000298,14.4111,0.002152,12.9278,0.001113,10.97,0.023,11.041,0.022,10.927,0.119,8.574,,OSFC,10.0,roquette25,4784.31,10.6046,
436008409,3.3378974039001446e+18,83.66558,9.30192,0.104643,13.3773,16.055,0.04,14.69,0.103,12.087,0.024,11.42,0.023,11.302,0.021,14.1977,0.000344,14.9637,0.003203,13.3456,0.001005,11.171,0.023,11.23,0.021,11.382,0.193,8.882,,OSFC,10.0,roquette25,4659.51,18.6546,
436009054,3.3398149178192625e+18,83.67212,11.09972,0.738418,11.0476,11.177,0.178,11.276,0.02,10.749,0.026,10.703,0.026,10.676,0.021,11.1704,0.000948,11.2664,0.002909,10.9801,0.00134,10.61,0.023,10.619,0.022,10.615,0.091,9.001,,OSFC,10.0,roquette25,8925.0,3.57323,2.25
436013123,3.3378792963180344e+18,83.68658,9.23008,0.213529,12.9983,15.49,0.057,14.165,0.092,11.753,0.024,11.133,0.024,10.952,0.019,13.7777,0.000268,14.5067,0.003422,12.9538,0.001042,10.867,0.024,10.953,0.022,10.794,0.116,8.696,,OSFC,10.0,roquette25,4607.0,13.1822,
436009390,3.3407208466813266e+18,83.68725,12.00083,0.156502,12.5011,14.863,0.042,13.522,0.069,11.361,0.024,10.747,0.023,10.583,0.023,13.2411,0.000417,13.9244,0.00339,12.4525,0.002463,10.505,0.023,10.587,0.021,10.505,0.095,8.874,,OSFC,10.0,roquette25,4733.6,18.6239,
436014095,3.340719403572326e+18,83.71208,11.94094,0.183252,12.8405,15.093,0.088,13.93,0.069,11.67,0.024,11.033,0.026,10.933,0.026,13.582,0.000406,14.2615,0.001484,12.7861,0.001327,10.752,0.023,10.813,0.02,10.608,0.113,8.39,,OSFC,10.0,roquette25,4648.09,15.0774,
436013808,3.3398335064376873e+18,83.71475,11.18911,0.405202,12.1635,14.452,0.014,13.237,0.046,11.069,0.024,10.513,0.026,10.364,0.021,12.8873,0.000341,13.5515,0.001622,12.1204,0.001435,10.251,0.023,10.329,0.021,10.048,0.063,9.15,0.542,OSFC,10.0,roquette25,4753.0,10.159,
52371055,3.3407194379320566e+18,83.74642,11.93744,0.451358,12.0047,14.091,0.04,12.992,0.08,10.84,0.021,10.279,0.023,10.145,0.021,12.7193,0.000257,13.3719,0.00138,11.9564,0.000785,10.036,0.023,10.112,0.02,9.971,0.063,8.701,,OSFC,10.0,roquette25,4732.99,9.74088,
436098541,3.3397079215941524e+18,83.74717,10.42133,0.446648,12.7203,15.229,0.039,14.026,0.137,11.523,0.027,10.861,0.026,10.706,0.023,13.507,0.00033,14.2448,0.001888,12.6796,0.001145,10.598,0.024,10.664,0.022,10.637,0.11,8.934,,OSFC,10.0,roquette25,4763.88,7.41384,
436098693,3.339715446376826e+18,83.76867,10.51239,0.0353521,13.3161,16.195,0.081,14.77,0.114,11.98,0.026,11.24,0.024,11.017,0.019,14.1776,0.000378,15.0087,0.005004,13.2909,0.001315,10.948,0.023,11.044,0.021,10.888,0.136,8.659,,OSFC,10.0,roquette25,4361.66,28.5094,
436103293,3.338005293478214e+18,83.77733,9.99961,0.947326,9.5362,11.596,0.027,10.557,0.023,8.458,0.03,7.913,0.042,7.796,0.02,10.2394,0.000611,10.871,0.002168,9.50083,0.001515,7.645,0.027,7.705,0.019,7.667,0.024,7.82,0.219,OSFC,10.0,roquette25,5190.0,14.0645,
436098860,3.339823129796674e+18,83.793,11.21286,0.286327,12.6878,15.003,0.035,13.84,0.08,11.57,0.026,10.968,0.024,10.843,0.027,13.4308,0.000302,14.1183,0.003984,12.6453,0.001172,10.71,0.023,10.775,0.021,10.904,0.134,8.356,,OSFC,10.0,roquette25,4852.01,10.3587,
52371271,3.340794136003186e+18,83.79337,12.15683,0.287853,12.1125,14.391,0.058,13.008,0.08,11.064,0.018,10.528,0.015,10.397,0.016,12.8073,0.000341,13.4348,0.00188,12.067,0.00072,10.311,0.022,10.377,0.02,10.241,0.077,8.783,,OSFC,10.0,roquette25,4948.74,12.5133,
436103847,3.3407435885307904e+18,83.79425,12.01483,0.376858,12.3934,14.912,0.047,13.412,0.103,11.236,0.023,10.623,0.022,10.434,0.019,13.1528,0.00037,13.8675,0.001336,12.3478,0.001302,10.324,0.023,10.457,0.02,10.306,0.076,8.549,,OSFC,10.0,roquette25,4557.01,10.522,
436098699,3.339715618175504e+18,83.79508,10.54264,,12.8571,16.171,0.023,14.826,0.126,11.419,0.024,10.774,0.026,10.528,0.019,13.8202,0.000337,14.9139,0.003562,12.7865,0.001886,10.442,0.023,10.415,0.021,10.322,0.079,8.244,,OSFC,10.0,roquette25,,,
436103109,3.334870925128923e+18,83.798,9.07911,0.273309,13.0959,16.74,0.166,14.499,0.126,11.959,0.024,11.26,0.023,11.103,0.019,13.8869,0.00084,14.6285,0.00351,13.0532,0.002323,10.993,0.024,11.014,0.022,10.531,0.094,8.342,,OSFC,10.0,roquette25,4755.98,9.6715,
436103638,3.3399369979696855e+18,83.80904,11.46022,0.165566,13.0296,15.457,0.03,14.231,0.103,11.818,0.022,11.215,0.022,11.057,0.023,13.787,0.000325,14.4908,0.00209,12.9826,0.00155,10.955,0.023,11.021,0.021,10.991,0.145,8.634,,OSFC,10.0,roquette25,4619.0,14.8092,
436103844,3.340740083837412e+18,83.81712,11.97139,0.339145,12.1673,14.376,0.052,13.144,0.057,11.103,0.024,10.562,0.022,10.433,0.021,12.8643,0.000271,13.4948,0.002617,12.1196,0.001107,10.329,0.023,10.405,0.02,10.325,0.076,8.757,,OSFC,10.0,roquette25,4916.24,10.6936,
436098407,3.3348696237547177e+18,83.83454,9.01811,0.264135,12.7854,15.111,0.078,13.855,0.114,11.665,0.026,11.104,0.026,10.95,0.021,13.5281,0.000288,14.2082,0.001442,12.7437,0.000671,10.847,0.023,10.906,0.022,10.947,0.127,8.883,,OSFC,10.0,roquette25,4998.89,10.3591,
436098882,3.339835460645716e+18,83.83733,11.26064,0.296551,12.8085,15.195,0.053,14.03,0.08,11.677,0.024,11.031,0.026,10.884,0.024,13.5604,0.000348,14.2508,0.002619,12.7643,0.001405,10.809,0.023,10.872,0.021,10.707,0.107,8.318,,OSFC,10.0,roquette25,4842.81,9.90687,
436103375,3.3397160304923566e+18,83.85554,10.51761,2.91015,8.29691,8.367,0.03,8.31,0.03,8.178,0.023,8.213,0.055,8.148,0.029,8.29477,0.000615,8.33289,0.001289,8.25316,0.001889,8.134,0.023,8.165,0.02,8.213,0.022,8.204,0.287,OSFC,10.0,roquette25,10716.0,2.71041,2.779
436098409,3.3348697955534075e+18,83.86212,9.04061,0.134666,13.5245,16.57,0.092,14.907,0.206,12.153,0.024,11.368,0.026,11.174,0.019,14.4079,0.000444,15.2884,0.003542,13.4897,0.002484,11.046,0.024,11.157,0.022,10.815,0.129,8.836,,OSFC,10.0,roquette25,4380.51,15.6989,
436154247,3.3397684935159316e+18,83.91333,10.98269,0.134918,12.8114,15.387,0.058,14.099,0.126,11.581,0.023,10.929,0.022,10.749,0.019,13.6112,0.000771,14.365,0.003204,12.773,0.002437,10.642,0.023,10.701,0.022,10.535,0.094,8.97,,OSFC,10.0,roquette25,4623.0,19.0795,
436159040,3.3397120791226296e+18,83.93137,10.48558,0.231768,13.0625,15.479,0.064,14.318,0.103,11.861,0.022,11.307,0.023,11.136,0.021,13.8391,0.000311,14.5555,0.002309,13.0264,0.001281,11.039,0.023,11.109,0.021,10.896,0.142,8.337,,OSFC,10.0,roquette25,4871.0,11.6695,
436154213,3.339756471904313e+18,83.94867,10.80914,0.21223,13.1207,15.787,0.017,14.469,0.126,11.881,0.023,11.212,0.022,11.023,0.021,13.922,0.000332,14.6833,0.002055,13.0798,0.001179,10.937,0.023,11.046,0.021,10.917,0.131,8.308,,OSFC,10.0,roquette25,4640.23,12.2501,
436158581,3.334879313200923e+18,83.96483,9.20286,0.0544247,12.9749,15.627,0.079,14.175,0.137,11.715,0.024,11.063,0.022,10.936,0.021,13.7687,0.000314,14.5109,0.001691,12.9373,0.000702,10.824,0.023,10.901,0.02,10.864,0.123,8.963,,OSFC,10.0,roquette25,4676.03,27.616,
436103622,3.339932359405285e+18,83.96792,11.40739,0.149355,13.155,15.661,0.059,14.405,0.092,11.922,0.023,11.306,0.023,11.151,0.021,13.9292,0.000313,14.6553,0.003251,13.1094,0.001079,11.038,0.023,11.107,0.022,11.013,0.123,8.944,,OSFC,10.0,roquette25,4572.0,15.8693,
436154226,3.3397566394061983e+18,83.96887,10.83567,0.211528,12.8166,15.401,0.019,14.098,0.114,11.572,0.022,10.927,0.022,10.78,0.021,13.6028,0.000402,14.3406,0.002884,12.7725,0.001642,10.675,0.023,10.791,0.022,10.622,0.1,8.787,,OSFC,10.0,roquette25,4732.83,13.4935,
436244100,3.3399166570050826e+18,83.98825,11.23539,0.531782,12.6267,14.809,0.025,13.709,0.08,11.502,0.03,10.94,0.025,10.81,0.021,13.3423,0.000281,13.9855,0.001615,12.5808,0.001274,10.721,0.023,10.779,0.02,10.433,0.106,8.575,,OSFC,10.0,roquette25,5136.88,5.57922,
436248736,3.3399118122817966e+18,84.02175,11.14375,0.237031,12.8141,15.239,0.08,13.934,0.069,11.632,0.024,11.077,0.022,10.943,0.023,13.5566,0.000319,14.2364,0.0022,12.7688,0.000839,10.837,0.023,10.908,0.021,10.841,0.124,8.781,,OSFC,10.0,roquette25,5022.58,10.6109,
436158551,3.3348597625099904e+18,84.05921,8.98317,0.0773142,13.4765,16.406,0.14,14.762,0.149,12.096,0.026,11.34,0.022,11.167,0.024,14.3387,0.00031,15.1928,0.003511,13.4395,0.002143,11.051,0.022,11.138,0.02,11.222,0.172,8.374,,OSFC,10.0,roquette25,4327.37,21.5042,
436243896,3.3397396012730383e+18,84.07237,10.68333,0.433866,12.896,15.394,0.023,14.116,0.103,11.69,0.023,11.046,0.022,10.896,0.021,13.668,0.000334,14.3855,0.001705,12.8511,0.001601,10.809,0.023,10.882,0.021,10.785,0.112,8.927,,OSFC,10.0,roquette25,4789.56,6.85852,
436244074,3.3398648768791736e+18,84.08483,11.12706,5.44678,13.0821,16.114,0.042,14.631,0.08,11.579,0.023,10.895,0.022,10.746,0.023,14.0004,0.003493,15.0011,0.016181,13.016,0.009678,10.667,0.023,10.649,0.019,10.625,0.111,8.894,,OSFC,10.0,roquette25,3888.0,0.751218,0.602
436153753,3.334904464529393e+18,84.10325,9.3435,3.83967,13.4366,16.512,0.114,14.951,0.149,12.129,0.027,11.433,0.023,11.253,0.024,14.3345,0.000458,15.2713,0.002596,13.3827,0.001221,11.126,0.023,11.115,0.022,10.981,0.182,8.261,,OSFC,10.0,roquette25,3992.0,0.912857,0.623
436248297,3.3379212495584184e+18,84.12342,9.63172,2.24074,9.03246,8.944,0.035,8.937,0.003,8.992,0.019,9.025,0.022,9.045,0.023,8.96278,0.000483,8.95796,0.001816,8.98472,0.002085,9.025,0.023,9.049,0.019,8.675,0.027,7.468,0.154,OSFC,10.0,roquette25,13304.0,,
436244094,3.339867007182927e+18,84.13025,11.19394,0.347016,12.3865,14.479,0.028,13.387,0.069,11.31,0.023,10.832,0.022,10.713,0.02,13.0755,0.000437,13.6807,0.001878,12.3369,0.000658,10.605,0.023,10.664,0.021,10.68,0.114,8.828,,OSFC,10.0,roquette25,5197.25,9.32244,
436244228,3.3399404339437343e+18,84.13621,11.51394,0.411462,12.7088,15.319,0.046,13.889,0.092,11.505,0.024,10.875,0.023,10.66,0.019,13.4923,0.000333,14.2324,0.002136,12.6687,0.001266,10.6,0.024,10.698,0.021,10.615,0.095,8.89,,OSFC,10.0,roquette25,4579.0,8.7273,
436248575,3.3397461639830574e+18,84.14712,10.75122,0.401417,13.2964,15.884,0.071,14.588,0.114,12.053,0.026,11.391,0.022,11.197,0.019,14.0978,0.000305,14.8521,0.002106,13.2568,0.001901,11.097,0.023,11.186,0.022,10.976,0.131,8.635,,OSFC,10.0,roquette25,4622.0,6.92766,
436243884,3.339738776639313e+18,84.17117,10.66181,0.231475,12.6565,14.862,0.015,13.723,0.08,11.576,0.026,11.019,0.023,10.897,0.023,13.3674,0.000354,14.0048,0.002084,12.6095,0.001197,10.802,0.023,10.864,0.022,10.916,0.16,9.02,,OSFC,10.0,roquette25,5130.65,11.5417,
436244089,3.339865804592088e+18,84.1735,11.13556,0.276682,13.0293,15.231,0.053,14.202,0.114,11.845,0.023,11.28,0.023,11.075,0.021,13.7912,0.000398,14.49,0.00202,12.9851,0.001139,10.995,0.024,11.065,0.021,10.987,0.139,8.809,,OSFC,10.0,roquette25,4955.96,9.16468,
436244087,3.339864017885699e+18,84.17854,11.10806,0.738751,12.8281,15.182,0.056,13.984,0.103,11.68,0.022,11.124,0.023,10.952,0.021,13.5799,0.000359,14.2672,0.001474,12.7882,0.000947,10.879,0.024,10.946,0.019,10.819,0.131,8.969,,OSFC,10.0,roquette25,4940.49,4.23916,
436248189,3.334860552783948e+18,84.19933,8.99611,0.122903,12.8041,15.263,0.058,13.964,0.114,11.56,0.022,10.924,0.022,10.862,0.019,13.569,0.000331,14.2786,0.001487,12.7574,0.001186,10.712,0.023,10.785,0.02,10.629,0.115,8.488,,OSFC,10.0,roquette25,4642.0,20.4853,
436248686,3.339753035930387e+18,84.21033,10.91664,0.167119,13.3093,16.057,0.04,14.821,0.149,11.953,0.023,11.191,0.023,11.01,0.023,14.1855,0.00039,15.0505,0.002285,13.2772,0.001139,10.89,0.023,10.992,0.021,10.723,0.126,8.78,,OSFC,10.0,roquette25,4374.08,15.7814,
436248680,3.3397513179439247e+18,84.216,10.83472,0.440345,13.0561,15.532,0.028,14.241,0.24,11.889,0.023,11.265,0.022,11.119,0.024,13.8266,0.000305,14.5411,0.001975,13.0158,0.001658,11.017,0.023,11.086,0.02,11.154,0.177,8.875,,OSFC,10.0,roquette25,4732.0,6.70134,
436244185,3.339920745813683e+18,84.21812,11.30417,0.354593,13.2918,16.11,0.126,14.748,0.16,11.931,0.022,11.231,0.022,11.081,0.023,14.1566,0.000428,14.9966,0.003294,13.263,0.001118,10.953,0.024,11.05,0.021,11.051,0.136,8.996,,OSFC,10.0,roquette25,4499.0,8.62491,
436332031,3.339873741691596e+18,84.24196,11.28358,0.300214,12.8654,15.43,0.015,14.158,0.126,11.613,0.026,11.049,0.025,10.841,0.024,13.6745,0.000375,14.4348,0.003025,12.8326,0.001235,10.741,0.024,10.812,0.021,10.642,0.11,8.967,,OSFC,10.0,roquette25,4922.5,9.82519,
436331546,3.3348612700409805e+18,84.27675,9.05708,0.219413,12.6342,14.582,0.066,13.706,0.114,11.488,0.023,10.954,0.023,10.785,0.019,13.3562,0.000304,14.0089,0.001568,12.5863,0.001058,10.701,0.023,10.775,0.02,10.826,0.136,8.888,,OSFC,10.0,roquette25,4834.0,13.7683,
436337182,3.3394255833267046e+18,84.28862,9.79675,0.189264,12.8495,15.564,0.083,14.149,0.126,11.567,0.024,10.875,0.023,10.752,0.026,13.6836,0.000317,14.4776,0.002016,12.818,0.001574,10.577,0.022,10.654,0.019,10.526,0.101,8.35,,OSFC,10.0,roquette25,4628.0,16.8237,
436337422,3.339847593930763e+18,84.29121,10.99361,0.345114,12.7733,15.069,0.058,13.982,0.092,11.613,0.024,11.032,0.023,10.844,0.023,13.5362,0.000341,14.2406,0.001852,12.7317,0.001313,10.742,0.024,10.876,0.022,11.073,0.235,8.269,,OSFC,10.0,roquette25,4659.4,9.95639,
436337058,3.334885356217988e+18,84.30975,9.122,0.359445,12.7212,15.255,0.041,13.849,0.114,11.477,0.022,10.861,0.022,10.738,0.019,13.4937,0.000285,14.2129,0.002281,12.6763,0.001622,10.634,0.023,10.7,0.022,10.708,0.107,8.987,,OSFC,10.0,roquette25,4716.95,9.12926,
436331641,3.3349147037314156e+18,84.31008,9.50106,4.13349,12.8644,15.597,0.036,14.151,0.092,11.715,0.027,11.065,0.023,10.896,0.019,13.6694,0.000323,14.4545,0.002572,12.8098,0.001448,10.828,0.023,10.881,0.02,10.774,0.101,8.66,,OSFC,10.0,roquette25,4347.21,0.878937,0.679
436337650,3.3399744157248517e+18,84.33958,11.78275,1.68618,9.1925,9.354,0.047,9.283,0.004,9.027,0.027,9.056,0.022,9.007,0.021,9.25305,0.000831,9.31841,0.002138,9.14285,0.003179,8.914,0.023,8.947,0.02,8.936,0.03,8.325,,OSFC,10.0,roquette25,9409.0,3.42225,2.39
436331626,3.3349117144342636e+18,84.34825,9.42172,4.79706,13.589,17.351,0.035,15.626,0.172,12.14,0.024,11.429,0.022,11.218,0.024,14.7219,0.004708,15.9028,0.019653,13.6281,0.010892,11.097,0.023,11.007,0.021,10.841,0.12,8.689,,OSFC,10.0,roquette25,3565.0,0.680806,0.649755
436337506,3.339872917057855e+18,84.34908,11.26867,0.282207,13.0384,15.436,0.014,14.234,0.137,11.866,0.022,11.274,0.023,11.115,0.019,13.7952,0.000337,14.4894,0.001433,12.9951,0.000966,11.021,0.023,11.082,0.022,10.999,0.136,8.657,,OSFC,10.0,roquette25,4917.46,9.14848,
284200304,3.3349118518736246e+18,84.36437,9.44967,0.317792,12.5231,14.873,0.039,13.577,0.114,11.4,0.024,10.783,0.022,10.693,0.023,13.2604,0.000282,13.9333,0.002559,12.4764,0.001104,10.565,0.024,10.632,0.021,10.641,0.108,9.009,,OSFC,10.0,roquette25,4992.47,9.69683,
284200164,3.334915459645656e+18,84.36921,9.57628,0.267646,13.0434,15.779,0.047,14.314,0.126,11.789,0.023,11.092,0.021,10.956,0.024,13.8543,0.000354,14.6271,0.002399,13.0059,0.000826,10.826,0.024,10.908,0.02,10.751,0.124,8.909,,OSFC,10.0,roquette25,4527.53,11.5448,
284200762,3.334880756310064e+18,84.37517,9.03886,0.401436,12.917,15.726,0.069,14.168,0.149,11.635,0.024,10.973,0.025,10.793,0.023,13.7459,0.000329,14.5446,0.003257,12.8822,0.001073,10.689,0.023,10.765,0.021,10.63,0.103,8.555,,OSFC,10.0,roquette25,4500.0,8.7139,
284199519,3.3394525600183624e+18,84.38587,10.11092,0.186925,12.8545,15.725,0.089,14.061,0.126,11.55,0.026,10.929,0.023,10.726,0.019,13.6768,0.000288,14.4582,0.002251,12.8248,0.001038,10.615,0.023,10.748,0.02,10.716,0.118,8.835,,OSFC,10.0,roquette25,4624.55,16.6704,
284200714,3.334882027620371e+18,84.38937,9.08239,0.209922,12.6215,14.941,0.044,13.688,0.114,11.486,0.023,10.987,0.025,10.788,0.021,13.3638,0.000317,14.0403,0.003202,12.5784,0.001092,10.681,0.023,10.745,0.02,10.668,0.115,8.277,,OSFC,10.0,roquette25,5185.03,12.2427,
284199407,3.3394777800662943e+18,84.39875,10.21064,0.107603,13.2965,16.136,0.083,14.723,0.149,11.942,0.024,11.242,0.023,11.055,0.019,14.1426,0.000405,14.9597,0.002686,13.2605,0.001159,10.946,0.023,11.03,0.021,11.115,0.176,8.7,,OSFC,10.0,roquette25,4477.0,20.1079,
284200169,3.3364164304568e+18,84.40583,9.57286,0.0137472,12.9569,15.922,0.079,14.32,0.103,11.598,0.024,10.809,0.021,10.658,0.021,13.8226,0.000479,14.6681,0.002506,12.9265,0.001151,10.536,0.023,10.638,0.02,10.571,0.093,8.374,,OSFC,10.0,roquette25,4350.92,37.0219,
284198701,3.339653392688842e+18,84.40792,10.78314,0.101062,13.0457,16.049,0.083,14.48,0.137,11.662,0.026,10.865,0.022,10.694,0.021,13.9188,0.00041,14.7833,0.002397,13.0106,0.00216,10.565,0.023,10.666,0.02,10.466,0.103,8.555,,OSFC,10.0,roquette25,4330.0,22.6655,
284200100,3.3364168728363965e+18,84.41729,9.62556,0.451705,12.9029,15.368,0.064,14.015,0.092,11.753,0.023,11.181,0.022,11.053,0.021,13.6437,0.000414,14.3142,0.001394,12.8536,0.002833,10.901,0.024,10.941,0.021,10.831,0.175,8.452,,OSFC,10.0,roquette25,5058.15,5.88572,
284200586,3.334887589600564e+18,84.42025,9.20483,0.269508,12.6434,15.028,0.044,13.737,0.114,11.481,0.022,10.922,0.025,10.753,0.023,13.3854,0.000273,14.0613,0.003177,12.5971,0.000935,10.672,0.022,10.728,0.022,10.692,0.118,8.927,,OSFC,10.0,roquette25,4802.0,11.8838,
284198303,3.3398560807860736e+18,84.42112,11.12983,0.231903,13.1405,15.677,0.084,14.406,0.103,11.905,0.029,11.257,0.021,11.106,0.023,13.9351,0.000371,14.6777,0.001638,13.1,0.001035,10.986,0.022,11.063,0.022,11.095,0.236,8.792,,OSFC,10.0,roquette25,4670.0,11.8854,
284198688,3.339653427048578e+18,84.42137,10.79422,0.144521,12.9482,15.684,0.021,14.268,0.137,11.687,0.026,10.935,0.022,10.784,0.021,13.7749,0.000286,14.5715,0.002774,12.912,0.001095,10.675,0.023,10.763,0.02,10.525,0.09,8.746,,OSFC,10.0,roquette25,4488.0,18.5448,
284199900,3.339423354240814e+18,84.43542,9.79019,1.3785,12.3166,14.291,0.064,13.301,0.08,11.29,0.023,10.835,0.025,10.692,0.021,12.9845,0.000499,13.5648,0.001169,12.2653,0.000848,10.581,0.023,10.609,0.021,10.179,0.093,8.253,0.281,OSFC,10.0,roquette25,5218.0,2.56278,
284200576,3.33488762825769e+18,84.43775,9.21228,0.318379,12.9605,15.429,0.059,14.116,0.137,11.787,0.023,11.189,0.023,11.009,0.025,13.7229,0.000269,14.4285,0.003615,12.9177,0.001366,10.91,0.023,10.985,0.021,11.018,0.144,8.613,,OSFC,10.0,roquette25,4946.16,8.04908,
284200145,3.336416567895976e+18,84.43862,9.59258,0.132851,12.7413,15.22,0.054,13.915,0.103,11.524,0.023,10.949,0.026,10.813,0.021,13.4966,0.000412,14.1907,0.001592,12.6984,0.001351,10.691,0.024,10.759,0.02,11.048,0.153,8.739,,OSFC,10.0,roquette25,4870.5,17.2638,
284199413,3.3394771959507226e+18,84.47104,10.20553,0.0192525,13.1245,15.744,0.061,14.426,0.137,11.842,0.024,11.163,0.022,11.01,0.019,13.93,0.000308,14.6825,0.002882,13.0865,0.001658,10.918,0.023,11.0,0.02,11.062,0.16,8.685,,OSFC,10.0,roquette25,4602.01,29.4063,
144545701,3.339436028687415e+18,84.50117,9.98519,0.766329,12.8751,15.211,0.06,13.986,0.126,11.692,0.024,11.171,0.025,10.953,0.02,13.6274,0.000306,14.3112,0.002079,12.8289,0.000816,10.909,0.022,10.944,0.02,10.651,0.12,8.764,0.403,OSFC,10.0,roquette25,5215.19,3.4364,
144545037,3.3395388673837773e+18,84.51117,10.52481,0.40837,12.528,14.879,0.057,13.646,0.114,11.385,0.022,10.815,0.022,10.711,0.023,13.2774,0.000398,13.9568,0.002536,12.4912,0.001417,10.606,0.023,10.688,0.02,10.735,0.167,8.87,,OSFC,10.0,roquette25,5083.0,8.50615,
144544827,3.339648135648869e+18,84.537,10.69533,0.358098,12.8654,15.78,0.048,14.225,0.114,11.514,0.023,10.856,0.025,10.644,0.023,13.7282,0.000312,14.5735,0.003116,12.8337,0.001347,10.53,0.023,10.635,0.02,10.469,0.081,8.858,,OSFC,10.0,roquette25,4421.0,10.4722,
144545167,3.3395339925981706e+18,84.54537,10.41375,0.160238,13.0002,15.528,0.073,14.266,0.103,11.805,0.024,11.152,0.021,11.021,0.025,13.7859,0.00029,14.5148,0.002386,12.9601,0.001114,10.888,0.023,10.951,0.021,10.916,0.124,8.872,,OSFC,10.0,roquette25,4860.45,14.4586,
144545025,3.3395401773510436e+18,84.55692,10.53583,0.155721,13.0957,15.909,0.06,14.509,0.16,11.745,0.021,11.049,0.024,10.899,0.021,13.9461,0.000298,14.766,0.00232,13.0621,0.001196,10.759,0.023,10.832,0.02,10.827,0.149,8.8,,OSFC,10.0,roquette25,4594.06,16.3036,
144545263,3.3394862669215954e+18,84.57308,10.33233,0.258801,13.1075,15.634,0.068,14.372,0.126,11.864,0.024,11.241,0.028,11.053,0.023,13.8998,0.000321,14.6438,0.003562,13.0675,0.001465,10.967,0.023,11.046,0.021,11.132,0.158,8.393,,OSFC,10.0,roquette25,4780.02,9.94509,
144546728,3.33484196416539e+18,84.59037,9.13403,0.429124,12.7083,15.222,0.039,13.801,0.092,11.527,0.026,10.875,0.021,10.738,0.023,13.4755,0.000289,14.1877,0.001026,12.6639,0.001733,10.653,0.024,10.73,0.02,10.617,0.111,8.902,,OSFC,10.0,roquette25,4666.0,8.09065,
144616821,3.3394317380169124e+18,84.59458,9.92403,0.137963,13.1788,15.684,0.066,14.393,0.137,11.972,0.028,11.258,0.022,11.143,0.021,13.9748,0.000315,14.723,0.002099,13.1368,0.001209,10.996,0.023,11.09,0.021,10.967,0.136,8.97,0.513,OSFC,10.0,roquette25,4602.0,16.8341,
144618250,3.339852644812426e+18,84.62346,11.07856,3.83005,12.907,15.486,0.043,14.03,0.092,11.789,0.022,11.181,0.022,11.039,0.023,13.6892,0.000335,14.4491,0.001935,12.8513,0.002077,10.966,0.023,11.024,0.021,11.107,0.14,8.778,,OSFC,10.0,roquette25,4291.0,0.942318,0.671
144617467,3.339535985462967e+18,84.62433,10.46042,0.279439,13.1837,15.817,0.061,14.476,0.16,11.923,0.026,11.255,0.022,11.1,0.021,14.0013,0.000354,14.7747,0.003088,13.1441,0.00133,10.948,0.023,11.027,0.021,10.584,0.094,8.802,0.405,OSFC,10.0,roquette25,4812.19,9.05802,
144616234,3.3363984259541033e+18,84.68775,9.44283,0.287373,12.7578,15.095,0.029,13.854,0.114,11.603,0.023,11.02,0.022,10.878,0.021,13.4989,0.000298,14.1674,0.004182,12.709,0.001245,10.762,0.022,10.829,0.019,10.773,0.114,8.656,,OSFC,10.0,roquette25,5053.37,9.67533,
144618316,3.3398533277102607e+18,84.69662,11.13508,1.89931,11.0101,11.722,0.24,11.624,0.022,10.614,0.022,10.55,0.023,10.506,0.021,11.2026,0.000813,11.3521,0.001746,10.9513,0.001692,10.435,0.024,10.454,0.021,10.511,0.09,8.733,,OSFC,10.0,roquette25,8168.0,1.59178,1.995
144617553,3.33963029864725e+18,84.7095,10.52189,0.287158,12.8269,15.164,0.083,13.931,0.149,11.713,0.024,11.065,0.022,10.961,0.021,13.5605,0.000307,14.2311,0.005897,12.7807,0.00139,10.884,0.023,10.953,0.021,10.738,0.117,8.855,,OSFC,10.0,roquette25,4945.04,9.3479,
144667556,3.334836569686701e+18,84.737,9.01906,0.414153,12.586,15.051,0.043,13.628,0.103,11.455,0.024,10.83,0.022,10.651,0.023,13.329,0.000248,14.0148,0.001521,12.5409,0.001093,10.601,0.024,10.673,0.021,10.416,0.081,8.458,,OSFC,10.0,roquette25,4811.3,7.94819,
144664915,3.339876726692089e+18,84.73767,11.14136,0.400491,12.9525,15.297,0.031,14.113,0.103,11.762,0.022,11.156,0.021,11.017,0.021,13.7101,0.000333,14.4016,0.001591,12.9046,0.002767,10.94,0.022,10.986,0.021,10.79,0.121,8.352,,OSFC,10.0,roquette25,4775.0,7.51179,
144667022,3.3363968454061307e+18,84.74775,9.43567,0.306593,12.7267,15.331,0.065,13.886,0.114,11.499,0.024,10.9,0.023,10.727,0.021,13.5097,0.000285,14.2374,0.002324,12.684,0.000967,10.623,0.023,10.701,0.021,10.549,0.087,8.893,,OSFC,10.0,roquette25,4812.48,10.3241,
144665852,3.3394878474698266e+18,84.76196,10.39692,0.192293,12.8676,15.589,0.089,14.142,0.149,11.571,0.024,10.848,0.022,10.704,0.023,13.6871,0.000263,14.4675,0.004648,12.8301,0.001354,10.585,0.023,10.688,0.02,10.708,0.103,8.474,,OSFC,10.0,roquette25,4573.4,15.775,
144666182,3.339461665348932e+18,84.775,10.12208,0.424551,12.8404,15.324,0.07,13.987,0.114,11.63,0.021,10.995,0.021,10.829,0.021,13.6113,0.000359,14.3295,0.001613,12.7963,0.001032,10.757,0.024,10.843,0.022,10.697,0.117,8.865,,OSFC,10.0,roquette25,4641.0,7.76436,
144664951,3.3396886801400755e+18,84.79504,11.11097,0.295362,12.4885,14.752,0.008,13.588,0.114,11.362,0.024,10.81,0.024,10.682,0.023,13.2204,0.000321,13.882,0.001924,12.4397,0.00092,10.554,0.023,10.59,0.02,10.486,0.091,8.953,,OSFC,10.0,roquette25,5026.13,10.5625,
144665556,3.339632742486333e+18,84.81058,10.61561,0.123931,12.9868,15.701,0.093,14.273,0.126,11.698,0.022,11.022,0.026,10.838,0.021,13.8078,0.000365,14.5838,0.004233,12.9583,0.001878,10.752,0.023,10.852,0.02,10.99,0.148,8.812,,OSFC,10.0,roquette25,4733.0,19.728,
144666703,3.336410142624812e+18,84.83654,9.68419,0.320451,12.8894,15.361,0.07,14.057,0.126,11.68,0.026,11.031,0.022,10.912,0.023,13.6756,0.000489,14.4107,0.001677,12.8535,0.002927,10.782,0.023,10.862,0.021,10.775,0.109,8.824,,OSFC,10.0,roquette25,4825.55,9.34577,
144696722,3.3348387343501804e+18,84.846,9.10972,0.250643,12.9614,15.399,0.039,14.0,0.126,11.811,0.023,11.241,0.024,11.058,0.023,13.697,0.000284,14.369,0.002236,12.9141,0.000947,10.995,0.024,11.085,0.02,10.922,0.151,8.962,,OSFC,10.0,roquette25,4866.08,10.173,
144697702,3.336451473093517e+18,84.853,9.92017,0.291788,12.713,14.947,0.074,13.735,0.126,11.559,0.024,10.992,0.023,10.862,0.023,13.4453,0.000343,14.1076,0.002644,12.6666,0.002284,10.754,0.024,10.825,0.02,10.647,0.095,8.812,,OSFC,10.0,roquette25,4872.0,10.5645,
144698452,3.339582920865711e+18,84.86067,10.53033,0.307567,13.2447,16.029,0.073,14.549,0.206,11.97,0.026,11.316,0.022,11.096,0.021,14.0737,0.0003,14.8716,0.004649,13.2068,0.000911,10.997,0.023,11.078,0.021,10.492,0.097,8.197,0.286,OSFC,10.0,roquette25,4628.08,8.66283,
144699119,3.339684625690947e+18,84.86187,11.05792,0.258456,12.6314,15.136,0.014,13.836,0.16,11.386,0.022,10.789,0.022,10.628,0.019,13.4109,0.000361,14.137,0.002395,12.5927,0.001026,10.564,0.023,10.619,0.02,10.457,0.088,8.906,,OSFC,10.0,roquette25,4788.51,12.7167,
144697013,3.336348295096098e+18,84.86246,9.359,0.174713,13.1354,15.524,0.035,14.319,0.126,11.849,0.024,11.177,0.024,11.062,0.025,13.9439,0.0003,14.6971,0.002999,13.0971,0.00124,10.9,0.023,10.972,0.021,10.957,0.127,8.914,,OSFC,10.0,roquette25,4743.0,14.4836,
144698770,3.3396410231832233e+18,84.87571,10.76619,0.292,12.8273,15.233,0.067,13.936,0.16,11.661,0.023,11.087,0.027,10.912,0.025,13.5783,0.000273,14.2667,0.003171,12.7842,0.001252,10.825,0.023,10.886,0.022,10.636,0.113,8.632,,OSFC,10.0,roquette25,4916.59,9.76171,
144697097,3.336396261290552e+18,84.87787,9.44983,0.211159,13.2398,16.23,0.037,14.619,0.149,11.871,0.02,11.168,0.024,10.952,0.021,14.1077,0.00033,14.9451,0.002345,13.2111,0.002343,10.857,0.022,10.952,0.022,10.758,0.117,8.361,,OSFC,10.0,roquette25,4592.35,13.3163,
144698632,3.3396390990378993e+18,84.88417,10.672,0.0915249,13.2987,15.828,-0.033,14.681,0.137,12.013,0.021,11.344,0.024,11.155,0.023,14.1214,0.000347,14.8934,0.002264,13.2657,0.002313,11.051,0.023,11.127,0.022,10.851,0.119,8.778,0.512,OSFC,10.0,roquette25,4750.0,19.6976,
144698453,3.3395841578162836e+18,84.89504,10.53181,0.196521,13.2196,15.796,0.057,14.419,0.16,11.982,0.022,11.366,0.022,11.195,0.023,14.0064,0.000406,14.7419,0.002328,13.1762,0.002215,11.074,0.023,11.145,0.021,10.867,0.138,8.2,,OSFC,10.0,roquette25,4629.0,12.5368,
144698977,3.3396476889724134e+18,84.89883,10.93592,0.469472,12.7321,15.264,0.066,13.902,0.103,11.543,0.022,10.914,0.024,10.713,0.019,13.5214,0.000245,14.2545,0.002611,12.6937,0.000953,10.629,0.023,10.695,0.02,10.526,0.089,8.589,0.469,OSFC,10.0,roquette25,4809.23,7.32008,
144697499,3.3364460829115505e+18,84.91825,9.76758,0.10057,12.8258,15.359,0.071,14.012,0.114,11.563,0.021,10.909,0.022,10.72,0.021,13.6124,0.000574,14.3393,0.002621,12.7746,0.000849,10.655,0.023,10.734,0.021,10.619,0.101,8.755,,OSFC,10.0,roquette25,4637.0,13.65,
144699112,3.339684041575389e+18,84.93908,11.05083,0.271953,12.9129,15.397,0.017,14.136,0.149,11.706,0.022,11.108,0.022,10.974,0.023,13.6914,0.000304,14.4116,0.002977,12.873,0.001228,10.849,0.024,10.912,0.021,10.735,0.107,8.911,,OSFC,10.0,roquette25,4952.9,10.0821,
144702081,3.339591923117103e+18,84.97817,10.649,0.406558,12.8438,15.264,0.06,13.975,0.16,11.632,0.024,11.032,0.022,10.92,0.023,13.6105,0.000289,14.3137,0.00177,12.7993,0.000679,10.826,0.024,10.872,0.021,10.865,0.173,8.555,,OSFC,10.0,roquette25,4987.72,7.0481,
144702761,3.3364626099451935e+18,85.01904,10.10133,0.285692,12.7845,15.15,0.073,13.865,0.137,11.631,0.022,11.023,0.021,10.885,0.023,13.5271,0.000372,14.2067,0.001926,12.736,0.000934,10.797,0.022,10.88,0.021,10.628,0.111,8.705,,OSFC,10.0,roquette25,4721.0,10.7886,
144703736,3.3363314931840246e+18,85.03446,9.25381,0.292124,12.3254,14.54,0.039,13.285,0.103,11.287,0.023,10.758,0.025,10.613,0.023,13.01,0.000398,13.62,0.002095,12.2759,0.000902,10.486,0.023,10.57,0.02,10.516,0.116,8.648,,OSFC,10.0,roquette25,5024.93,11.0534,
144703098,3.336435568831135e+18,85.07442,9.81694,0.141507,13.2965,16.077,0.124,14.636,0.149,11.981,0.024,11.257,0.024,11.086,0.023,14.1281,0.000402,14.9334,0.002864,13.255,0.001304,10.962,0.024,11.078,0.022,11.196,0.192,8.425,,OSFC,10.0,roquette25,4497.46,14.3158,
144702917,3.3364561159546527e+18,85.0755,9.97358,0.276866,13.1607,15.794,0.072,14.277,0.149,11.958,0.022,11.304,0.024,11.128,0.019,13.9445,0.000398,14.6822,0.003169,13.1181,0.00125,11.046,0.023,11.171,0.021,11.112,0.153,8.797,,OSFC,10.0,roquette25,4637.37,9.64244,
144735492,3.3395933619295e+18,85.08275,10.72686,0.249158,12.8988,15.295,0.066,14.032,0.114,11.772,0.026,11.156,0.023,10.987,0.023,13.6567,0.000241,14.3486,0.002603,12.8549,0.00139,10.826,0.023,10.897,0.022,10.813,0.126,8.859,,OSFC,10.0,roquette25,4837.0,11.5884,
144733678,3.3363305654710764e+18,85.1205,9.24075,0.240248,13.2028,15.918,0.062,14.451,0.137,11.92,0.024,11.234,0.021,11.067,0.023,14.0025,0.000356,14.7701,0.002118,13.1594,0.000818,10.978,0.023,11.089,0.021,10.86,0.141,9.047,,OSFC,10.0,roquette25,4451.0,11.3297,
144734196,3.3364294141409976e+18,85.12254,9.67964,0.0983761,13.2922,15.929,0.083,14.641,0.114,11.805,0.035,10.958,0.038,10.778,0.031,14.2117,0.000633,15.1559,0.004969,13.2564,0.002051,10.619,0.025,10.684,0.022,10.687,0.13,8.114,,OSFC,10.0,roquette25,4098.0,22.0453,
144733119,3.334627799916427e+18,85.12779,8.79956,0.307315,12.6559,14.921,0.043,13.632,0.114,11.573,0.026,10.991,0.026,10.865,0.021,13.3676,0.000256,14.0066,0.00198,12.6064,0.001313,10.748,0.023,10.827,0.022,10.578,0.101,8.281,,OSFC,10.0,roquette25,4870.0,10.108,
144736245,3.3400748148802734e+18,85.14554,11.38369,0.371096,12.837,15.35,0.043,14.069,0.16,11.643,0.024,11.055,0.022,10.876,0.021,13.6347,0.000326,14.3727,0.002906,12.8031,0.00134,10.785,0.023,10.829,0.021,10.902,0.142,8.515,,OSFC,10.0,roquette25,4894.0,8.85291,
144733213,3.334629483543458e+18,85.14642,8.87922,0.180329,12.75,15.517,0.014,13.973,0.126,11.511,0.024,10.776,0.022,10.613,0.021,13.5763,0.00032,14.3638,0.00184,12.7158,0.001132,10.512,0.023,10.595,0.021,10.472,0.088,8.601,,OSFC,10.0,roquette25,4584.0,18.3484,
144733024,3.3346140216613514e+18,85.15512,8.73083,0.271333,12.6757,14.956,0.041,13.669,0.103,11.6,0.024,11.002,0.024,10.883,0.024,13.3924,0.000267,14.0392,0.001447,12.6281,0.001078,10.758,0.024,10.839,0.021,10.798,0.111,8.541,,OSFC,10.0,roquette25,5032.67,10.2317,
144735864,3.3396727372216095e+18,85.15967,11.03369,0.389037,13.0188,15.773,0.062,14.361,0.114,11.694,0.021,11.011,0.021,10.877,0.019,13.8606,0.000356,14.6581,0.002883,12.9895,0.001119,10.785,0.023,10.858,0.021,11.106,0.154,8.873,,OSFC,10.0,roquette25,4795.44,8.0854,
144733891,3.3363517310698537e+18,85.18271,9.41717,0.32459,12.2227,14.663,0.074,13.252,0.08,11.09,0.022,10.444,0.021,10.325,0.023,12.9604,0.000384,13.6452,0.001763,12.1787,0.000669,10.228,0.022,10.32,0.021,10.177,0.073,8.876,,OSFC,10.0,roquette25,4649.0,12.5125,
144734801,3.336556927427258e+18,85.18437,10.20406,0.254261,12.7017,15.01,0.071,13.748,0.08,11.514,0.022,10.958,0.023,10.787,0.019,13.4474,0.000264,14.1247,0.001536,12.6579,0.000985,10.709,0.024,10.77,0.021,10.817,0.127,8.958,,OSFC,10.0,roquette25,4977.84,11.6055,
144733283,3.3361338216090235e+18,85.18554,8.9335,0.186245,12.6548,15.343,0.054,13.801,0.092,11.441,0.024,10.729,0.021,10.597,0.024,13.4538,0.000464,14.2105,0.001763,12.6172,0.001363,10.458,0.023,10.566,0.02,10.583,0.104,8.787,,OSFC,10.0,roquette25,4591.0,17.9411,
144735512,3.3396141195080136e+18,85.18683,10.74061,0.955661,13.1816,15.907,0.056,14.532,0.137,11.891,0.024,11.293,0.022,11.118,0.021,14.0248,0.000346,14.825,0.002122,13.1544,0.001374,11.012,0.024,11.046,0.021,11.16,0.156,8.377,,OSFC,10.0,roquette25,4719.0,3.37063,
144733266,3.336130797952048e+18,85.19067,8.91603,0.194512,12.5461,15.233,0.083,13.701,0.114,11.287,0.023,10.59,0.024,10.441,0.021,13.3528,0.000322,14.1198,0.001127,12.5085,0.000969,10.332,0.023,10.431,0.021,10.292,0.081,8.592,,OSFC,10.0,roquette25,4562.0,18.5955,
144733898,3.336352109026972e+18,85.1915,9.422,0.626625,12.7252,14.955,0.044,13.622,0.069,11.652,0.021,11.118,0.022,10.948,0.021,13.4214,0.000248,14.049,0.00217,12.6755,0.00145,10.81,0.021,10.91,0.021,10.854,0.125,8.711,0.52,OSFC,10.0,roquette25,4940.81,4.63115,
144735723,3.3396677894193e+18,85.19479,10.92153,0.256583,13.356,16.24,0.048,14.712,0.126,12.01,0.022,11.301,0.022,11.149,0.024,14.2468,0.000461,15.1041,0.004218,13.3394,0.001014,11.033,0.023,11.102,0.021,11.541,0.226,9.056,,OSFC,10.0,roquette25,4796.51,10.6554,
144733666,3.3363332755938196e+18,85.19629,9.23086,1.79281,11.6523,13.412,0.047,12.395,0.057,10.786,0.022,10.336,0.022,10.25,0.019,12.2381,0.000273,12.7371,0.001643,11.6043,0.001036,10.193,0.022,10.237,0.021,10.222,0.087,8.673,,OSFC,10.0,roquette25,5299.85,2.43223,
144773894,3.339617899079215e+18,85.20542,10.80747,0.423574,13.041,15.927,0.063,14.501,0.114,11.653,0.023,11.054,0.028,10.862,0.026,13.9246,0.000439,14.7707,0.003087,13.0203,0.001201,10.751,0.023,10.804,0.021,10.543,0.118,8.373,,OSFC,10.0,roquette25,4954.95,7.26776,
144776564,3.334612711695059e+18,85.20867,8.6855,0.459454,12.0404,14.268,0.046,13.163,0.114,10.928,0.024,10.383,0.024,10.232,0.023,12.7541,0.000271,13.3986,0.001634,11.9936,0.000746,10.154,0.024,10.194,0.02,10.249,0.1,8.859,,OSFC,10.0,roquette25,4855.0,9.32919,
144775180,3.3364316518212035e+18,85.226,9.76756,1.08806,12.5838,14.759,0.093,13.567,0.114,11.457,0.023,10.961,0.025,10.814,0.025,13.2945,0.000318,13.9325,0.002513,12.5322,0.001008,10.714,0.023,10.764,0.02,10.826,0.127,8.527,,OSFC,10.0,roquette25,4894.0,3.07884,
144775476,3.336377603952802e+18,85.23104,9.54778,0.316026,12.7895,15.362,0.066,13.867,0.126,11.609,0.024,10.993,0.025,10.814,0.023,13.5574,0.000292,14.2772,0.002144,12.7446,0.001663,10.73,0.024,10.824,0.021,10.903,0.136,8.803,,OSFC,10.0,roquette25,4579.0,10.4138,
144775303,3.3363836169072154e+18,85.23404,9.67347,0.452477,12.6582,15.123,0.105,13.75,0.126,11.458,0.023,10.856,0.024,10.68,0.026,13.422,0.000397,14.1341,0.002089,12.6124,0.001454,10.585,0.024,10.685,0.021,10.676,0.106,8.693,,OSFC,10.0,roquette25,4610.0,7.91338,
144774609,3.3365585079752084e+18,85.23771,10.24025,0.956234,9.6518,11.383,0.096,10.534,0.007,8.722,0.02,8.364,0.034,8.137,0.026,10.2615,0.000615,10.7857,0.000967,9.60643,0.000838,7.841,0.027,7.498,0.019,3.781,0.016,1.109,0.021,OSFC,10.0,roquette25,5834.89,9.60106,
144774879,3.336445876752589e+18,85.23933,10.02178,0.248779,13.076,15.586,0.066,14.185,0.092,11.885,0.021,11.262,0.027,11.08,0.023,13.8453,0.000294,14.5621,0.003712,13.0369,0.001199,11.004,0.025,11.091,0.022,10.781,0.132,8.372,,OSFC,10.0,roquette25,4697.4,11.0767,
144775593,3.3363756798074737e+18,85.24379,9.45208,0.283236,12.3159,14.847,0.048,13.362,0.103,11.133,0.023,10.47,0.024,10.315,0.022,13.0836,0.000353,13.8022,0.002382,12.2728,0.001129,10.23,0.023,10.305,0.02,10.161,0.072,8.643,,OSFC,10.0,roquette25,4610.0,14.1719,
144775718,3.336338773151955e+18,85.24492,9.35561,0.495801,11.6658,13.825,0.054,12.635,0.08,10.633,0.024,10.109,0.024,9.944,0.023,12.3567,0.000277,12.9752,0.002309,11.6193,0.001035,9.859,0.023,9.912,0.02,9.772,0.053,8.492,,OSFC,10.0,roquette25,4929.0,9.89365,
144774473,3.3395686916374354e+18,85.26417,10.36175,0.133901,13.5833,16.928,0.166,15.009,0.149,12.239,0.024,11.507,0.025,11.318,0.025,14.4416,0.000319,15.268,0.003436,13.5559,0.000983,11.211,0.023,11.315,0.021,11.214,0.17,8.532,,OSFC,10.0,roquette25,4581.0,15.5796,
144775640,3.336340392354017e+18,85.27392,9.42394,0.407106,11.273,12.116,0.349,12.034,0.032,10.465,0.023,10.059,0.027,9.91,0.025,11.6482,0.000337,11.917,0.002317,11.1945,0.001316,9.842,0.023,9.893,0.021,9.743,0.049,8.661,,OSFC,10.0,roquette25,6859.0,7.93654,
144773451,3.339681735176383e+18,85.27625,11.19844,,12.3135,14.542,0.055,13.391,0.114,11.181,0.022,10.785,0.025,10.634,0.025,13.0456,0.000663,13.7234,0.001047,12.2319,0.00201,10.519,0.022,10.521,0.021,10.473,0.105,8.043,,OSFC,10.0,roquette25,6469.51,,
144774709,3.3365534184370094e+18,85.28621,10.15736,0.350007,12.6644,15.196,0.112,13.84,0.114,11.433,0.023,10.799,0.025,10.603,0.023,13.4491,0.000255,14.1821,0.001384,12.6211,0.000707,10.526,0.024,10.598,0.021,10.431,0.096,8.594,,OSFC,10.0,roquette25,4635.0,10.2642,
144776714,3.334560897209735e+18,85.29346,8.5675,0.233429,12.8153,15.564,0.066,14.015,0.126,11.534,0.023,10.814,0.024,10.626,0.019,13.6329,0.000385,14.4228,0.002155,12.7747,0.001288,10.54,0.023,10.641,0.021,10.634,0.104,8.72,,OSFC,10.0,roquette25,4435.0,14.2571,
144777011,3.3345470888912666e+18,85.31446,8.3295,0.127371,12.7668,15.435,0.034,14.153,0.057,11.331,0.023,10.519,0.028,10.35,0.025,13.654,0.000383,14.5373,0.002018,12.7332,0.00142,10.22,0.023,10.326,0.02,10.214,0.072,8.673,,OSFC,10.0,roquette25,4304.0,24.9704,
144776987,3.3345486350794906e+18,85.31496,8.34675,0.679643,11.6333,13.943,0.037,12.647,0.069,10.487,0.021,9.946,0.026,9.783,0.023,12.3653,0.000248,13.0352,0.002479,11.5916,0.001082,9.689,0.023,9.758,0.02,9.691,0.047,8.619,,OSFC,10.0,roquette25,4812.0,8.04191,
144776589,3.3346102377938975e+18,85.31629,8.66433,0.416869,11.9949,14.5,0.038,13.072,0.069,10.8,0.021,10.184,0.025,10.032,0.023,12.7611,0.000316,13.4802,0.001796,11.9538,0.001209,9.925,0.022,10.004,0.021,9.824,0.048,8.534,,OSFC,10.0,roquette25,4750.27,10.6693,
144776399,3.3361174320141056e+18,85.31862,8.82219,0.372448,12.7209,15.257,0.049,13.778,0.092,11.543,0.023,10.902,0.025,10.77,0.023,13.4896,0.000311,14.2118,0.002788,12.6789,0.00147,10.666,0.023,10.751,0.02,10.643,0.103,9.026,,OSFC,10.0,roquette25,4594.0,9.28826,
200590962,3.3345495627924204e+18,85.33333,8.37986,0.369581,12.095,14.505,0.056,13.136,0.069,10.907,0.024,10.325,0.021,10.186,0.022,12.8507,0.000337,13.547,0.002137,12.0545,0.000694,10.09,0.022,10.168,0.021,9.987,0.059,8.712,,OSFC,10.0,roquette25,4783.0,11.863,
200591734,3.3361428882821396e+18,85.33408,9.10356,0.640064,11.5892,13.236,0.041,12.302,0.057,10.494,0.022,10.052,0.023,9.938,0.022,12.1885,0.000868,12.592,0.00291,11.4316,0.002414,9.842,0.022,9.885,0.021,9.784,0.05,8.636,0.431,OSFC,10.0,roquette25,5768.29,5.66198,
200592235,3.3363782911475425e+18,85.34379,9.56486,0.309351,12.4569,15.05,0.05,13.625,0.114,11.207,0.022,10.506,0.023,10.364,0.022,13.2564,0.000292,14.0232,0.001786,12.4183,0.001289,10.239,0.024,10.344,0.02,10.259,0.077,8.098,,OSFC,10.0,roquette25,4492.0,13.0143,
200590865,3.334534753745196e+18,85.34571,8.26986,0.368867,12.6596,15.006,0.054,13.721,0.092,11.505,0.025,10.912,0.023,10.75,0.022,13.4062,0.000303,14.0875,0.001594,12.6174,0.001154,10.658,0.024,10.736,0.021,10.576,0.106,8.304,,OSFC,10.0,roquette25,4856.0,9.001,
200593357,3.3395964929624474e+18,85.35017,10.58061,0.263089,13.523,16.559,0.173,14.988,0.183,12.132,0.021,11.465,0.024,11.268,0.024,14.4071,0.000359,15.2629,0.000687,13.4958,0.001329,11.129,0.025,11.222,0.022,10.897,0.148,8.528,,OSFC,10.0,roquette25,4725.63,9.24554,
200591107,3.334559733274741e+18,85.35146,8.51014,0.27231,12.7231,15.075,0.052,13.788,0.172,11.574,0.021,10.974,0.021,10.829,0.022,13.4623,0.000273,14.1388,0.001685,12.6781,0.001011,10.761,0.022,10.83,0.02,10.529,0.096,8.862,,OSFC,10.0,roquette25,4768.0,11.4427,
200591617,3.336132447219728e+18,85.36596,8.98878,0.428599,12.0905,14.346,0.051,13.086,0.069,10.978,0.021,10.403,0.021,10.254,0.021,12.8068,0.000228,13.4566,0.001502,12.0443,0.001998,10.184,0.023,10.251,0.02,10.183,0.07,8.616,,OSFC,10.0,roquette25,4817.0,9.81067,
200592453,3.336389797362821e+18,85.37175,9.755,1.38613,11.9113,14.149,0.07,12.904,0.092,10.823,0.021,10.259,0.021,10.127,0.021,12.6285,0.000259,13.2826,0.002323,11.8702,0.000907,10.03,0.022,10.099,0.021,9.885,0.062,8.645,,OSFC,10.0,roquette25,4968.42,3.23488,
200592294,3.33637894398255e+18,85.37812,9.62283,0.323553,12.8042,15.121,0.055,13.884,0.149,11.664,0.022,11.017,0.023,10.889,0.022,13.5453,0.000315,14.2201,0.002109,12.7592,0.000885,10.82,0.023,10.869,0.02,10.868,0.13,8.694,,OSFC,10.0,roquette25,4892.19,8.9762,
200591058,3.334556189924019e+18,85.39596,8.4695,0.497815,12.3767,14.909,0.049,13.466,0.092,11.163,0.021,10.522,0.023,10.348,0.021,13.1566,0.000372,13.8896,0.00137,12.3338,0.001131,10.266,0.024,10.34,0.02,10.307,0.079,8.811,,OSFC,10.0,roquette25,4586.0,8.45511,
200591768,3.336143270537047e+18,85.40504,9.13628,0.362076,11.5541,14.417,0.062,12.481,0.057,10.493,0.021,9.975,0.023,9.841,0.019,12.2342,0.000161,12.842,0.001866,11.5083,0.000939,9.747,0.023,9.801,0.021,9.614,0.044,8.625,0.396,OSFC,10.0,roquette25,4945.0,13.6745,
200593617,3.3396217473698637e+18,85.41783,10.84244,0.231313,13.2913,16.2,0.055,14.788,0.149,11.921,0.022,11.274,0.024,11.121,0.024,14.1739,0.000345,15.0233,0.002122,13.2677,0.001594,10.986,0.023,11.03,0.021,10.428,0.085,8.06,0.262,OSFC,10.0,roquette25,5004.9,10.1234,
200593267,3.336592627195346e+18,85.43546,10.50483,0.245123,13.4543,16.381,0.117,14.823,0.126,12.079,0.021,11.331,0.024,11.146,0.022,14.3195,0.000405,15.1563,0.003723,13.4226,0.00128,11.053,0.024,11.128,0.021,10.766,0.12,8.323,,OSFC,10.0,roquette25,4507.0,10.9388,
200590792,3.3345301796033715e+18,85.44225,8.18194,0.375624,12.4075,14.739,0.05,13.434,0.069,11.248,0.024,10.674,0.023,10.535,0.022,13.1483,0.000339,13.8236,0.001664,12.3605,0.000409,10.438,0.024,10.51,0.02,10.516,0.098,8.584,,OSFC,10.0,roquette25,4780.0,9.95662,
200593453,3.3396017843621427e+18,85.44417,10.68164,0.229832,13.2077,15.875,0.11,14.514,0.172,11.903,0.022,11.231,0.023,11.055,0.022,14.0457,0.000388,14.8379,0.002098,13.1745,0.001259,10.976,0.024,11.022,0.022,10.707,0.114,8.754,,OSFC,10.0,roquette25,4815.81,11.2914,
200591031,3.334555335228448e+18,85.446,8.44381,0.352752,12.6186,15.053,0.026,13.682,0.126,11.414,0.021,10.772,0.019,10.629,0.021,13.3817,0.000277,14.0915,0.002596,12.5732,0.001663,10.547,0.024,10.62,0.022,10.604,0.098,8.619,,OSFC,10.0,roquette25,4632.0,10.0965,
290175591,3.3395971457974656e+18,85.44796,10.63756,0.250023,13.4261,16.203,0.07,14.73,0.149,12.08,0.026,11.435,0.023,11.266,0.028,14.279,0.000329,15.0854,0.003108,13.3977,0.001213,11.177,0.023,11.245,0.022,11.575,0.227,8.967,,OSFC,10.0,roquette25,4750.0,10.4369,
290174733,3.3363882554715986e+18,85.45917,9.76975,0.788353,12.5708,14.781,0.103,13.587,0.103,11.465,0.026,10.877,0.025,10.738,0.025,13.2868,0.000257,13.9326,0.001656,12.5219,0.001384,10.672,0.023,10.733,0.022,10.664,0.107,8.934,,OSFC,10.0,roquette25,5004.73,4.03561,
290174957,3.3365350059145114e+18,85.48212,9.99669,0.388714,12.9657,15.324,0.098,14.11,0.126,11.775,0.023,11.19,0.025,11.025,0.022,13.7188,0.000293,14.4071,0.001946,12.9229,0.002038,10.97,0.023,11.016,0.022,10.91,0.124,8.885,,OSFC,10.0,roquette25,5001.77,6.92124,
290175536,3.3395958057676713e+18,85.48362,10.57989,0.455424,12.9867,15.659,0.076,14.267,0.126,11.713,0.025,11.114,0.027,10.941,0.025,13.8115,0.000346,14.5815,0.00348,12.9528,0.000701,10.835,0.023,10.894,0.02,10.785,0.121,8.821,,OSFC,10.0,roquette25,4799.0,7.20382,
290174711,3.336387980593691e+18,85.48542,9.74894,0.203783,12.9694,15.289,0.091,14.065,0.126,11.828,0.024,11.208,0.025,11.063,0.025,13.7184,0.000273,14.401,0.001792,12.9243,0.000945,10.947,0.023,11.002,0.021,10.956,0.14,8.808,,OSFC,10.0,roquette25,4931.39,12.2506,
290174596,3.3363733089854316e+18,85.49133,9.64514,0.608042,12.1082,14.702,0.079,13.248,0.103,10.851,0.023,10.18,0.023,10.071,0.02,12.9027,0.000658,13.6573,0.001939,12.0686,0.000896,9.939,0.022,10.021,0.021,9.903,0.057,8.839,,OSFC,10.0,roquette25,4549.0,8.13261,
290174373,3.336361626674428e+18,85.49162,9.45661,0.430589,11.892,14.352,0.047,12.938,0.08,10.718,0.024,10.077,0.022,9.929,0.023,12.6545,0.000262,13.366,0.002075,11.8485,0.000952,9.821,0.024,9.887,0.02,9.768,0.055,8.278,,OSFC,10.0,roquette25,4628.0,11.6763,
290173760,3.336119081281494e+18,85.49629,8.90297,0.304569,12.0442,14.212,0.042,12.965,0.069,10.957,0.024,10.444,0.024,10.29,0.023,12.7397,0.000265,13.3637,0.00236,11.9965,0.000969,10.213,0.023,10.266,0.021,10.111,0.074,8.701,,OSFC,10.0,roquette25,4882.0,12.8757,
290174649,3.33638674364312e+18,85.50037,9.69147,0.484857,12.0916,14.478,0.075,13.164,0.092,10.939,0.023,10.365,0.025,10.18,0.023,12.8483,0.000343,13.5467,0.001872,12.0529,0.001389,10.089,0.022,10.175,0.021,9.974,0.062,8.831,,OSFC,10.0,roquette25,4794.0,9.30287,
290174836,3.3364861120068383e+18,85.50642,9.87778,0.0660822,13.5312,16.114,0.064,14.93,0.126,12.21,0.026,11.334,0.025,11.181,0.022,14.4122,0.000404,15.2711,0.00214,13.5073,0.002507,11.064,0.023,11.162,0.021,11.154,0.175,8.843,0.495,OSFC,10.0,roquette25,4336.52,24.2337,
290173150,3.3345417631317996e+18,85.50975,8.33131,1.63459,9.3384,9.561,0.046,9.518,0.004,9.096,0.025,9.045,0.025,9.001,0.022,9.40869,0.000429,9.48953,0.002032,9.28298,0.001311,8.976,0.022,8.996,0.02,8.971,0.032,8.948,0.504,OSFC,10.0,roquette25,9885.0,3.33283,2.53
290173048,3.334531592649251e+18,85.52692,8.23464,0.549001,12.1579,14.827,0.046,13.308,0.092,10.879,0.022,10.223,0.023,10.063,0.023,12.9623,0.000649,13.7306,0.003561,12.1187,0.000825,9.968,0.022,10.071,0.021,9.849,0.076,8.887,,OSFC,10.0,roquette25,4514.0,8.90417,
290173402,3.334558943000946e+18,85.52925,8.57022,0.128872,12.6482,15.412,0.045,13.847,0.114,11.348,0.023,10.613,0.025,10.431,0.023,13.4757,0.000349,14.2769,0.002415,12.6104,0.000829,10.306,0.024,10.402,0.021,10.268,0.078,8.832,,OSFC,10.0,roquette25,4446.0,23.0322,
290173403,3.334558938704518e+18,85.53929,8.57411,0.54019,11.5426,13.823,0.043,12.535,0.046,10.444,0.023,9.884,0.024,9.726,0.022,12.2596,0.000229,12.9167,0.001745,11.4985,0.00072,9.647,0.023,9.711,0.021,9.639,0.046,8.816,0.522,OSFC,10.0,roquette25,4745.0,10.2932,
290173986,3.3361406205394074e+18,85.54208,9.10819,0.270581,12.002,14.563,0.057,13.109,0.103,10.762,0.022,10.081,0.022,9.94,0.023,12.7829,0.0003,13.5249,0.002586,11.963,0.000754,9.852,0.024,9.93,0.02,9.89,0.059,8.561,0.371,OSFC,10.0,roquette25,4547.0,17.2085,
290167900,3.3337765717574257e+18,85.54317,8.03289,1.08048,12.2164,14.234,0.056,13.143,0.069,11.163,0.025,10.637,0.023,10.502,0.025,12.9001,0.000263,13.506,0.001265,12.1674,0.00124,10.403,0.024,10.443,0.02,10.395,0.078,8.446,,OSFC,10.0,roquette25,4998.0,3.58034,
290173230,3.3345434811187026e+18,85.54342,8.41092,0.277734,12.7269,15.083,0.039,13.688,0.092,11.616,0.025,11.045,0.023,10.91,0.025,13.4472,0.000235,14.103,0.002647,12.6829,0.000622,10.843,0.023,10.933,0.021,10.828,0.117,9.028,,OSFC,10.0,roquette25,4818.0,10.9098,
290173363,3.334557942272107e+18,85.551,8.533,0.381476,12.363,14.53,0.066,13.309,0.103,11.31,0.023,10.789,0.024,10.665,0.023,13.0522,0.000435,13.6684,0.001716,12.3134,0.001645,10.576,0.023,10.624,0.02,10.648,0.112,8.427,,OSFC,10.0,roquette25,4880.0,9.19348,
290174947,3.336489341822207e+18,85.55392,9.98419,0.309768,12.7506,15.387,0.086,13.923,0.092,11.471,0.023,10.815,0.025,10.657,0.022,13.5578,0.000287,14.3165,0.003011,12.7138,0.001068,10.564,0.023,10.633,0.02,10.489,0.091,8.204,,OSFC,10.0,roquette25,4739.07,10.8114,
290173153,3.334538906977033e+18,85.55512,8.33514,0.48286,11.6871,13.98,0.032,12.69,0.057,10.567,0.022,9.997,0.023,9.827,0.022,12.413,0.000234,13.0778,0.002933,11.6442,0.000912,9.775,0.023,9.853,0.02,9.818,0.06,8.754,,OSFC,10.0,roquette25,4780.0,10.7667,
290174223,3.3361722658584397e+18,85.55962,9.33156,1.36355,11.6389,13.873,0.039,12.617,0.092,10.521,0.021,9.994,0.026,9.82,0.021,12.3492,0.000216,12.9926,0.001609,11.5935,0.000975,9.76,0.023,9.823,0.019,9.757,0.053,8.726,,OSFC,10.0,roquette25,4838.0,3.94403,
290174730,3.3363877400755016e+18,85.56,9.76794,0.491757,12.5046,14.899,0.082,13.63,0.114,11.36,0.024,10.7,0.023,10.604,0.025,13.2639,0.00022,13.9572,0.002241,12.4613,0.001258,10.485,0.024,10.564,0.021,10.485,0.086,8.59,,OSFC,10.0,roquette25,4846.0,7.57041,
290174783,3.336482538594049e+18,85.56604,9.81983,0.433271,12.4138,14.684,0.079,13.477,0.126,11.297,0.023,10.753,0.026,10.593,0.028,13.1473,0.000404,13.8095,0.001732,12.3677,0.001362,10.507,0.023,10.537,0.022,10.359,0.085,8.575,,OSFC,10.0,roquette25,5035.69,7.94155,
200610608,3.336536994481862e+18,85.58021,10.05708,0.467627,11.8692,14.427,0.097,13.036,0.114,10.626,0.025,10.017,0.023,9.852,0.022,12.6699,0.000246,13.4185,0.001991,11.8366,0.001034,9.738,0.023,9.806,0.019,9.717,0.051,8.584,,OSFC,10.0,roquette25,4782.0,11.3664,
200603507,3.336066923198668e+18,85.58075,8.76161,0.395879,12.5085,14.938,0.032,13.57,0.126,11.311,0.021,10.687,0.023,10.519,0.021,13.2647,0.000293,13.9664,0.003749,12.4639,0.000918,10.465,0.023,10.543,0.02,10.374,0.081,8.295,,OSFC,10.0,roquette25,4659.0,9.44112,
200602499,3.334537674322931e+18,85.58183,8.28764,0.510198,11.7852,13.981,0.037,12.824,0.046,10.637,0.028,10.034,0.029,9.855,0.026,12.5458,0.000434,13.2552,0.002708,11.7459,0.001064,9.713,0.023,9.811,0.021,9.693,0.055,8.464,,OSFC,10.0,roquette25,4684.0,10.4166,
200605173,3.3363690140181304e+18,85.58833,9.57783,0.18362,12.6097,15.352,0.087,13.845,0.103,11.321,0.025,10.656,0.027,10.44,0.023,13.431,0.00033,14.2177,0.002524,12.5681,0.000454,10.335,0.022,10.42,0.02,10.229,0.081,8.374,,OSFC,10.0,roquette25,4481.0,18.7972,
200610619,3.3365428742945505e+18,85.59625,10.06894,1.18934,12.0606,14.365,0.086,13.125,0.103,10.787,0.025,10.239,0.023,10.094,0.022,12.83,0.000287,13.534,0.002425,12.0222,0.001041,10.0,0.023,10.032,0.019,9.928,0.064,8.281,0.281,OSFC,10.0,roquette25,5146.64,3.58221,
200602496,3.3345375368839736e+18,85.62333,8.28319,0.166686,12.4771,15.289,0.033,13.671,0.103,11.13,0.023,10.438,0.023,10.237,0.021,13.3193,0.000351,14.135,0.001937,12.4383,0.001103,10.127,0.023,10.229,0.021,10.107,0.068,8.465,,OSFC,10.0,roquette25,4439.0,22.2581,
200602357,3.3337866048009994e+18,85.62354,8.2225,0.343259,12.7119,15.241,0.061,13.94,0.114,11.517,0.023,10.849,0.023,10.641,0.022,13.5168,0.0059,14.2759,0.020329,12.6677,0.01592,10.495,0.024,10.508,0.024,10.391,0.089,8.614,,OSFC,10.0,roquette25,4558.0,10.5909,
200610752,3.336546482067032e+18,85.62508,10.20347,0.378486,13.0577,15.953,0.1,14.411,0.126,11.661,0.026,10.969,0.021,10.844,0.024,13.941,0.000363,14.7868,0.002621,13.0355,0.001076,10.689,0.023,10.74,0.021,10.724,0.108,8.864,,OSFC,10.0,roquette25,4702.0,9.11578,
200602765,3.3345410759370066e+18,85.63529,8.40128,0.376733,12.4597,14.732,0.065,13.429,0.114,11.339,0.023,10.758,0.023,10.646,0.021,13.1824,0.000284,13.8343,0.001719,12.4112,0.000829,10.466,0.023,10.585,0.021,10.602,0.103,8.588,,OSFC,10.0,roquette25,4850.0,8.93509,
200604844,3.336178935945448e+18,85.63742,9.41717,0.900735,12.3963,14.434,0.057,13.286,0.114,11.382,0.021,10.854,0.021,10.761,0.022,13.0617,0.000582,13.6459,0.002823,12.3426,0.001794,10.672,0.023,10.725,0.021,10.666,0.124,8.786,,OSFC,10.0,roquette25,4973.0,3.83636,
200603135,3.336059638934378e+18,85.64062,8.596,2.3631,9.82983,10.111,0.058,10.005,0.005,9.574,0.022,9.514,0.026,9.49,0.025,9.94687,0.000515,10.0507,0.001769,9.78941,0.001816,9.463,0.023,9.478,0.02,9.419,0.039,8.427,,OSFC,10.0,roquette25,8474.0,1.99224,2.105
200604066,3.3361273576803994e+18,85.64096,9.02717,0.359271,12.003,14.342,0.053,12.992,0.08,10.879,0.025,10.304,0.023,10.148,0.025,12.7331,0.000264,13.4047,0.002781,11.9583,0.001224,10.047,0.024,10.131,0.02,10.041,0.076,8.65,,OSFC,10.0,roquette25,4715.0,12.2621,
200604586,3.3361679751890693e+18,85.64887,9.28306,0.798353,12.4442,14.659,0.048,13.378,0.103,11.378,0.021,10.799,0.021,10.71,0.022,13.1437,0.00037,13.7713,0.001809,12.3956,0.000805,10.606,0.022,10.661,0.019,10.631,0.117,8.919,,OSFC,10.0,roquette25,4874.0,4.48526,
200604630,3.3361683187864417e+18,85.66812,9.30817,0.537098,11.4348,13.536,0.037,12.357,0.069,10.385,0.019,9.882,0.023,9.741,0.021,12.1143,0.000944,12.718,0.003291,11.3879,0.002234,9.682,0.023,9.708,0.019,9.726,0.055,8.52,,OSFC,10.0,roquette25,5001.0,9.95839,
309795899,3.3361782143910584e+18,85.70146,9.41908,0.676209,11.9202,13.947,0.036,12.865,0.08,10.902,0.023,10.347,0.025,10.23,0.025,12.591,0.00149,13.1809,0.004729,11.8692,0.00409,10.082,0.023,10.118,0.02,10.047,0.064,8.358,,OSFC,10.0,roquette25,5549.74,4.98921,
309796394,3.3364717152764283e+18,85.70967,9.82989,0.230117,12.8859,15.485,0.096,14.06,0.114,11.606,0.024,10.905,0.022,10.782,0.023,13.6927,0.0003,14.4575,0.00167,12.8453,0.000952,10.662,0.024,10.746,0.021,10.619,0.091,8.378,,OSFC,10.0,roquette25,4556.0,13.7702,
309796353,3.336471406038789e+18,85.72433,9.79522,0.606221,12.3139,14.62,0.076,13.38,0.092,11.218,0.023,10.601,0.023,10.486,0.025,13.0481,0.000428,13.7138,0.00287,12.2702,0.001075,10.38,0.024,10.436,0.021,10.259,0.081,8.52,,OSFC,10.0,roquette25,4896.0,6.4992,
309795821,3.336174774121387e+18,85.72542,9.35989,0.328423,12.4547,14.74,0.053,13.44,0.092,11.334,0.021,10.752,0.025,10.641,0.026,13.1788,0.000406,13.8335,0.002338,12.4078,0.001406,10.521,0.023,10.603,0.021,10.374,0.094,8.777,,OSFC,10.0,roquette25,4851.0,10.6767,
309795165,3.3360728330738596e+18,85.72654,8.81856,0.247421,12.3249,14.788,0.073,13.43,0.092,11.105,0.023,10.466,0.026,10.317,0.023,13.0902,0.000341,13.7956,0.00207,12.2723,0.001091,10.217,0.023,10.286,0.021,10.226,0.069,8.533,,OSFC,10.0,roquette25,4625.0,15.7808,
309794154,3.3337594606078986e+18,85.72746,7.92264,0.0653852,12.6218,15.81,0.167,13.975,0.103,11.255,0.026,10.45,0.024,10.288,0.024,13.4963,0.000427,14.3533,0.002954,12.5974,0.00112,10.17,0.023,10.286,0.02,10.081,0.063,8.906,,OSFC,10.0,roquette25,4477.0,36.7029,
309796329,3.3364705814050673e+18,85.74821,9.779,0.328881,12.6278,15.101,0.088,13.75,0.092,11.443,0.023,10.802,0.026,10.684,0.025,13.4004,0.00033,14.1176,0.002093,12.5893,0.000998,10.572,0.024,10.652,0.021,10.512,0.085,8.515,,OSFC,10.0,roquette25,4808.43,10.3275,
309795156,3.336069839479602e+18,85.75054,8.81031,0.40382,11.5902,14.058,0.05,12.628,0.057,10.451,0.023,9.853,0.024,9.701,0.023,12.3428,0.000262,13.0448,0.001645,11.5504,0.000676,9.577,0.022,9.678,0.021,9.573,0.045,8.942,,OSFC,10.0,roquette25,4670.0,13.9831,
309794475,3.33378296266872e+18,85.77346,8.21814,0.348364,12.1524,14.549,0.029,13.236,0.069,10.991,0.022,10.424,0.025,10.26,0.023,12.9135,0.000318,13.6149,0.00194,12.1115,0.000583,10.144,0.025,10.193,0.021,9.97,0.062,8.115,,OSFC,10.0,roquette25,4782.0,12.2562,
309794502,3.333784470200269e+18,85.787,8.23536,1.20039,12.235,14.541,0.048,13.226,0.08,11.112,0.024,10.552,0.025,10.408,0.025,12.9731,0.000509,13.6511,0.002212,12.1915,0.000938,10.298,0.024,10.358,0.021,10.261,0.076,8.623,,OSFC,10.0,roquette25,4752.0,3.57456,
309795491,3.33614866071941e+18,85.78933,9.08806,0.468263,11.6911,13.856,0.04,12.628,0.08,10.651,0.023,10.15,0.025,10.01,0.023,12.3806,0.000233,13.0017,0.001284,11.6444,0.000963,9.901,0.023,9.95,0.02,9.896,0.053,8.597,,OSFC,10.0,roquette25,4999.27,9.59667,
309795459,3.3361478060230687e+18,85.80004,9.05225,0.311073,12.5099,15.045,0.064,13.589,0.103,11.301,0.021,10.679,0.025,10.516,0.023,13.2817,0.000236,14.0095,0.002036,12.4628,0.001151,10.413,0.024,10.531,0.021,10.335,0.086,8.445,,OSFC,10.0,roquette25,4519.0,12.1537,
309794369,3.3337809698039025e+18,85.80708,8.11061,0.568442,11.6338,14.024,0.035,12.701,0.057,10.501,0.026,9.861,0.024,9.714,0.021,12.3913,0.000279,13.0972,0.0023,11.5939,0.000573,9.608,0.022,9.679,0.021,9.602,0.045,8.424,,OSFC,10.0,roquette25,4680.0,10.0602,
200638718,3.335290874147423e+18,85.81892,8.39781,0.262566,12.9876,15.733,0.062,14.175,0.114,11.704,0.025,11.022,0.023,10.855,0.023,13.7883,0.000343,14.547,0.002278,12.9431,0.001097,10.768,0.024,10.857,0.02,10.745,0.113,8.622,,OSFC,10.0,roquette25,4521.0,11.6523,
200639662,3.336155395228124e+18,85.82208,9.25294,0.380494,12.2549,14.37,0.071,13.208,0.092,11.146,0.026,10.614,0.023,10.469,0.023,12.9456,0.000464,13.5588,0.002047,12.2054,0.001503,10.363,0.023,10.429,0.021,10.245,0.074,8.335,,OSFC,10.0,roquette25,4973.0,9.58064,
200640348,3.3364783467058857e+18,85.82562,9.89772,0.0796955,12.8996,16.363,0.165,14.45,0.16,11.392,0.024,10.627,0.022,10.383,0.022,13.8634,0.000456,14.8473,0.002927,12.8896,0.000866,10.264,0.023,10.424,0.02,10.429,0.077,8.766,,OSFC,10.0,roquette25,4294.0,31.3591,
200639829,3.3361743274448087e+18,85.82921,9.38089,0.391221,12.3931,14.819,0.055,13.478,0.092,11.181,0.025,10.58,0.024,10.404,0.022,13.1568,0.000307,13.8574,0.002579,12.3508,0.000997,10.341,0.023,10.406,0.021,10.423,0.095,8.387,,OSFC,10.0,roquette25,4812.0,9.97046,
200639787,3.33617395378349e+18,85.83817,9.34214,0.771698,12.2636,14.531,0.047,13.261,0.08,11.149,0.026,10.591,0.023,10.459,0.023,12.9885,0.000721,13.6426,0.001933,12.2203,0.001252,10.366,0.024,10.428,0.021,10.229,0.068,8.512,,OSFC,10.0,roquette25,5051.83,4.92265,
200638398,3.333768978255211e+18,85.84129,8.09583,0.382177,12.2766,14.328,0.055,13.182,0.069,11.228,0.021,10.78,0.024,10.651,0.024,12.9553,0.000423,13.5507,0.002161,12.2255,0.000984,10.525,0.023,10.561,0.021,10.557,0.084,8.843,,OSFC,10.0,roquette25,5080.0,9.16636,
200638627,3.3337882197086705e+18,85.84987,8.32047,0.173679,12.8826,15.793,0.057,14.184,0.092,11.54,0.025,10.757,0.023,10.599,0.023,13.7417,0.000471,14.5791,0.001654,12.851,0.001261,10.489,0.023,10.586,0.02,10.584,0.1,8.824,,OSFC,10.0,roquette25,4453.0,17.8406,
200638180,3.3337569179872445e+18,85.85087,7.88972,0.272171,12.7749,15.033,0.032,13.84,0.103,11.61,0.022,11.028,0.021,10.914,0.022,13.5023,0.000258,14.1645,0.002155,12.726,0.000564,10.819,0.023,10.882,0.021,10.776,0.11,8.979,,OSFC,10.0,roquette25,4750.0,11.064,
200640067,3.336275796048184e+18,85.85367,9.59444,0.361501,12.5453,14.96,0.059,13.668,0.103,11.363,0.025,10.772,0.023,10.629,0.022,13.3008,0.00035,13.9936,0.00172,12.5042,0.001316,10.537,0.023,10.602,0.02,10.507,0.083,8.597,,OSFC,10.0,roquette25,4829.0,9.8469,
200638305,3.333758807772828e+18,85.8695,8.00197,0.279418,12.6411,14.985,0.039,13.726,0.069,11.444,0.022,10.841,0.024,10.673,0.024,13.4053,0.000315,14.1152,0.002018,12.5967,0.000716,10.572,0.023,10.648,0.021,10.557,0.094,8.776,,OSFC,10.0,roquette25,4657.0,12.2604,
200638488,3.3337830657479296e+18,85.87304,8.17986,0.356982,12.5041,15.136,0.037,13.667,0.092,11.252,0.025,10.622,0.023,10.455,0.022,13.3064,0.000316,14.0667,0.001591,12.4612,0.001927,10.361,0.024,10.44,0.021,10.28,0.082,8.58,,OSFC,10.0,roquette25,4536.0,11.2734,
200638858,3.3360441426923505e+18,85.87504,8.53122,0.290584,12.4495,14.755,0.044,13.496,0.103,11.275,0.021,10.718,0.023,10.577,0.025,13.194,0.000334,13.8768,0.00233,12.402,0.000747,10.401,0.023,10.467,0.02,10.158,0.057,8.564,,OSFC,10.0,roquette25,4717.0,12.4829,
200639514,3.3361496270887706e+18,85.87671,9.11669,0.345522,12.1015,14.381,0.05,13.078,0.08,11.025,0.026,10.481,0.022,10.334,0.02,12.8088,0.000254,13.4499,0.002248,12.0559,0.00081,10.244,0.023,10.315,0.02,10.256,0.088,8.928,,OSFC,10.0,roquette25,4826.0,11.6596,
200639546,3.3361500694686807e+18,85.88854,9.14189,2.60662,10.0497,10.881,0.085,10.388,0.006,9.616,0.025,9.458,0.02,9.411,0.022,10.3547,0.000653,10.5876,0.001432,10.0036,0.000793,9.353,0.023,9.367,0.019,9.372,0.04,9.136,,OSFC,10.0,roquette25,6812.33,2.15513,1.468
200638042,3.333706306092647e+18,85.89208,7.76133,0.777516,11.6183,13.965,0.019,12.701,0.057,10.456,0.021,9.859,0.021,9.75,0.025,12.3619,0.000182,13.0518,0.001663,11.5772,0.001505,9.638,0.023,9.703,0.019,9.584,0.044,8.887,0.5,OSFC,10.0,roquette25,4695.0,7.35576,
200639360,3.3360994575740703e+18,85.89483,8.99019,0.371108,12.3856,14.587,0.049,13.316,0.069,11.304,0.025,10.758,0.02,10.604,0.022,13.0895,0.000345,13.723,0.001547,12.3357,0.000749,10.527,0.024,10.591,0.021,10.5,0.087,8.927,,OSFC,10.0,roquette25,4822.0,9.60865,
200638212,3.3337572615848837e+18,85.90375,7.91914,4.71167,8.87055,9.2,0.037,9.011,0.003,8.663,0.03,8.67,0.034,8.602,0.021,8.97662,0.00046,9.07303,0.001842,8.84031,0.001922,8.583,0.022,8.609,0.02,8.594,0.026,8.72,0.449,OSFC,10.0,roquette25,8270.0,1.53476,2.033
200639533,3.3361497945907743e+18,85.90421,9.12844,2.04556,11.5629,12.573,0.404,12.104,0.028,10.371,0.023,10.028,0.019,9.98,0.02,12.0272,0.000506,12.3754,0.002645,11.4882,0.013731,9.936,0.022,9.968,0.02,10.026,0.059,8.282,,OSFC,10.0,roquette25,5908.0,,
200640476,3.3364927777959444e+18,85.906,10.0195,4.52159,8.37568,8.6,0.0,8.45,0.03,8.196,0.032,8.176,0.02,8.164,0.02,8.43176,0.000578,8.49887,0.001658,8.34694,0.002184,8.128,0.022,8.14,0.021,8.166,0.022,8.016,0.222,OSFC,10.0,roquette25,8860.0,1.8734,2.23
200638392,3.333768596001146e+18,85.91046,8.08819,0.294951,12.1611,14.892,0.053,13.393,0.069,10.847,0.021,10.142,0.021,9.97,0.021,12.9842,0.000831,13.7852,0.003641,12.1218,0.001186,9.886,0.025,9.969,0.021,9.832,0.044,8.814,,OSFC,10.0,roquette25,4404.0,16.2747,
200638431,3.3337709324644035e+18,85.91725,8.13261,0.429449,12.7286,15.089,0.089,13.782,0.057,11.543,0.021,10.925,0.021,10.822,0.022,13.48,0.000303,14.1705,0.002633,12.6839,0.0009869999,10.729,0.025,10.781,0.021,10.699,0.096,8.746,,OSFC,10.0,roquette25,4744.0,7.76758,
200639671,3.336157766050071e+18,85.92304,9.26197,0.356943,12.1941,14.414,0.054,13.185,0.092,11.121,0.026,10.564,0.023,10.425,0.019,12.9039,0.000358,13.5483,0.001766,12.1498,0.000919,10.348,0.033,10.429,0.034,10.471,0.116,8.926,,OSFC,10.0,roquette25,4830.0,10.8934,
200640460,3.336481022468949e+18,85.92312,10.00783,0.300473,12.1218,14.941,0.07,13.458,0.08,10.773,0.024,10.04,0.019,9.867,0.022,12.9725,0.000506,13.8031,0.00177,12.0878,0.001015,9.734,0.022,9.828,0.021,9.616,0.047,8.301,,OSFC,10.0,roquette25,4425.0,16.8625,
200640698,3.3365233536652017e+18,85.93137,10.23692,0.188757,12.9495,15.793,0.086,14.381,0.137,11.596,0.026,10.895,0.022,10.732,0.022,13.8208,0.000344,14.6553,0.004154,12.922,0.001709,10.636,0.023,10.676,0.021,10.616,0.094,8.797,,OSFC,10.0,roquette25,4631.0,16.7116,
200639663,3.336157770346721e+18,85.93292,9.25325,0.0888921,12.8474,15.691,0.054,14.132,0.137,11.544,0.026,10.794,0.023,10.647,0.022,13.6923,0.000366,14.503,0.004525,12.8229,0.000979,10.535,0.024,10.632,0.021,10.57,0.104,8.606,,OSFC,10.0,roquette25,4639.0,26.5356,
284284406,3.3362720508366986e+18,85.93442,9.54014,0.410861,12.268,14.838,0.071,13.414,0.092,11.015,0.024,10.397,0.024,10.231,0.021,13.0539,0.000551,13.7889,0.001641,12.2242,0.001198,10.154,0.023,10.259,0.021,10.124,0.057,8.47,,OSFC,10.0,roquette25,4705.98,10.1591,
284283706,3.3360992857753784e+18,85.93946,8.98314,0.358293,12.4442,14.56,0.041,13.349,0.069,11.416,0.027,10.852,0.023,10.712,0.023,13.124,0.000303,13.7255,0.001639,12.3906,0.000983,10.632,0.023,10.704,0.02,10.563,0.088,8.35,,OSFC,10.0,roquette25,4909.0,9.17015,
284284041,3.336157697330595e+18,85.94017,9.24794,1.3796,12.4746,14.758,0.047,13.435,0.103,11.413,0.027,10.85,0.022,10.762,0.021,13.1857,0.000325,13.8345,0.002876,12.4278,0.001461,10.652,0.024,10.714,0.021,10.617,0.098,8.885,,OSFC,10.0,roquette25,4742.0,2.68955,
284284492,3.336275315011827e+18,85.94158,9.60128,2.01138,10.93,12.185,0.304,11.479,0.021,10.22,0.023,9.937,0.022,9.842,0.021,11.4001,0.000505,11.7739,0.001298,10.8735,0.000783,9.801,0.024,9.829,0.02,9.773,0.048,8.874,,OSFC,10.0,roquette25,6249.0,2.32339,1.213
284283482,3.33605898609926e+18,85.94937,8.83047,0.537148,11.7963,14.148,0.043,12.81,0.057,10.687,0.026,10.04,0.022,9.89,0.019,12.5329,0.000276,13.2104,0.001865,11.7546,0.000965,9.835,0.023,9.918,0.02,9.834,0.05,8.503,,OSFC,10.0,roquette25,4766.0,9.44468,
284284841,3.336474395335955e+18,85.94958,9.85894,0.303674,12.4543,14.709,0.054,13.539,0.103,11.326,0.023,10.743,0.022,10.635,0.025,13.1855,0.000323,13.8416,0.002014,12.408,0.001282,10.521,0.023,10.57,0.021,10.398,0.079,8.728,,OSFC,10.0,roquette25,4976.0,11.3614,
284283523,3.3360942735505587e+18,85.95062,8.85483,0.446491,12.6379,15.306,0.055,13.746,0.08,11.425,0.026,10.743,0.022,10.562,0.019,13.4329,0.000337,14.188,0.00185,12.598,0.001131,10.497,0.023,10.592,0.02,10.482,0.112,9.106,,OSFC,10.0,roquette25,4544.0,8.52616,
284284557,3.336277136077947e+18,85.95454,9.64731,0.267232,12.9315,15.594,0.072,14.101,0.08,11.695,0.023,11.049,0.022,10.821,0.02,13.7311,0.00042,14.4869,0.002299,12.8951,0.001687,10.761,0.023,10.868,0.02,10.879,0.124,8.482,,OSFC,10.0,roquette25,4621.0,11.8024,
284284369,3.3362713937049216e+18,85.95483,9.51792,0.128546,12.6514,15.451,0.061,13.948,0.114,11.304,0.023,10.584,0.022,10.432,0.023,13.5029,0.000362,14.3134,0.00372,12.6242,0.000966,10.309,0.023,10.411,0.02,10.277,0.074,8.879,,OSFC,10.0,roquette25,4690.0,24.8305,
284285354,3.3365231131484467e+18,85.96042,10.23319,3.38617,10.8976,12.113,0.26,11.356,0.019,10.261,0.023,9.954,0.023,9.892,0.023,11.3407,0.001061,11.6958,0.001872,10.8489,0.001312,9.826,0.023,9.853,0.02,9.722,0.044,8.778,0.445,OSFC,10.0,roquette25,5952.68,1.49325,1.089
284282771,3.33528506735164e+18,85.96154,8.26428,0.121757,12.4417,15.22,0.048,13.693,0.103,11.115,0.022,10.391,0.022,10.233,0.019,13.2846,0.000351,14.09,0.0028,12.4116,0.001214,10.122,0.023,10.22,0.02,9.985,0.062,8.292,,OSFC,10.0,roquette25,4614.0,27.6662,
284282474,3.333764889446503e+18,85.96171,8.01528,0.620558,11.9712,14.44,0.05,13.047,0.08,10.771,0.023,10.144,0.022,9.981,0.021,12.7388,0.000308,13.4573,0.002073,11.9307,0.000406,9.896,0.024,9.992,0.02,9.805,0.054,8.574,,OSFC,10.0,roquette25,4640.0,8.08653,
284282254,3.3337086769148314e+18,85.96208,7.83292,0.263968,12.4136,14.679,0.034,13.493,0.103,11.286,0.026,10.701,0.022,10.574,0.019,13.146,0.000351,13.8133,0.001626,12.3704,0.001168,10.487,0.024,10.544,0.021,10.376,0.086,8.713,,OSFC,10.0,roquette25,4841.0,13.1068,
284282232,3.333708363379794e+18,85.966,7.81222,0.648017,12.175,14.579,0.042,13.295,0.103,10.997,0.024,10.391,0.022,10.245,0.021,12.9347,0.000457,13.6436,0.001444,12.1348,0.000963,10.159,0.023,10.226,0.021,10.242,0.091,8.804,,OSFC,10.0,roquette25,4666.0,6.95791,
284283533,3.336094239190817e+18,85.96783,8.85833,0.373748,12.1795,14.416,0.036,13.146,0.08,11.08,0.024,10.511,0.022,10.386,0.021,12.8896,0.000252,13.53,0.002025,12.1343,0.001243,10.308,0.023,10.38,0.021,10.304,0.084,8.305,,OSFC,10.0,roquette25,4894.0,10.4418,
284283939,3.336155811841649e+18,85.968,9.15631,0.512767,12.4852,14.791,0.055,13.531,0.103,11.377,0.024,10.802,0.022,10.635,0.019,13.2104,0.000287,13.8743,0.002044,12.4414,0.000879,10.572,0.023,10.635,0.021,10.491,0.096,8.416,,OSFC,10.0,roquette25,4770.0,7.06674,
284283068,3.3352934167680364e+18,85.97371,8.49583,0.358354,11.975,14.309,0.043,13.03,0.057,10.848,0.026,10.24,0.022,10.102,0.019,12.7183,0.000265,13.4002,0.001936,11.9327,0.001467,10.005,0.023,10.081,0.021,10.01,0.06,9.0,,OSFC,10.0,roquette25,4787.0,12.5779,
284284665,3.336278819705104e+18,85.97571,9.72497,0.416692,11.8177,14.164,0.058,12.925,0.092,10.684,0.023,10.085,0.022,9.936,0.02,12.5617,0.000239,13.2436,0.001343,11.7768,0.000833,9.866,0.023,9.913,0.019,9.831,0.058,9.049,0.54,OSFC,10.0,roquette25,4824.0,11.8681,
284283352,3.3360540039372145e+18,85.98492,8.70608,0.0479203,13.006,15.633,0.075,14.202,0.149,11.749,0.026,11.054,0.022,10.917,0.023,13.7961,0.000461,14.5387,0.005201,12.9581,0.001429,10.804,0.024,10.874,0.021,10.883,0.131,8.754,,OSFC,10.0,roquette25,4543.0,20.7472,
284284328,3.3362702984900444e+18,85.98925,9.47725,0.788612,12.4655,14.638,0.054,13.443,0.126,11.427,0.024,10.846,0.022,10.762,0.021,13.1669,0.000406,13.7923,0.002659,12.4183,0.00125,10.659,0.023,10.705,0.022,10.819,0.119,8.842,,OSFC,10.0,roquette25,4986.0,4.44123,
284282564,3.3337669810944676e+18,86.00417,8.10486,0.535951,12.5178,14.578,0.039,13.421,0.114,11.464,0.022,10.928,0.025,10.8,0.023,13.1999,0.000371,13.8007,0.001598,12.4638,0.000989,10.726,0.023,10.761,0.021,10.678,0.11,8.84,,OSFC,10.0,roquette25,4960.0,6.11739,
284285282,3.336519750190488e+18,86.01771,10.18197,1.55386,12.0084,14.207,0.065,13.029,0.08,10.92,0.022,10.372,0.022,10.241,0.019,12.71,0.000198,13.346,0.001901,11.9579,0.000863,10.177,0.023,10.234,0.021,10.195,0.067,8.638,,OSFC,10.0,roquette25,4739.0,2.9318,
284285012,3.336479819878107e+18,86.02596,9.98078,0.79949,11.85,14.215,0.07,12.918,0.103,10.718,0.024,10.084,0.021,9.997,0.025,12.6015,0.000282,13.2874,0.002595,11.8076,0.001228,9.864,0.024,9.919,0.021,9.906,0.055,8.014,,OSFC,10.0,roquette25,4856.0,6.37099,
284282847,3.3352856858269184e+18,86.02929,8.31414,0.261258,12.8535,15.349,0.055,13.961,0.126,11.653,0.023,11.044,0.022,10.889,0.021,13.6181,0.000245,14.3343,0.001599,12.8073,0.000879,10.803,0.024,10.898,0.02,10.769,0.119,8.786,,OSFC,10.0,roquette25,4570.0,11.9643,
284283205,3.335300323075432e+18,86.03746,8.60197,0.478631,11.6512,13.832,0.032,12.588,0.057,10.629,0.026,10.119,0.022,9.928,0.021,12.3516,0.000222,12.9842,0.002044,11.6053,0.001072,9.841,0.023,9.893,0.021,9.759,0.061,8.928,,OSFC,10.0,roquette25,4849.0,10.5037,
284285035,3.3365033262355953e+18,86.03771,9.99825,0.453935,12.0969,14.572,0.083,13.252,0.069,10.954,0.024,10.285,0.022,10.165,0.021,12.8693,0.000354,13.5862,0.002966,12.0618,0.000953,10.079,0.023,10.147,0.021,10.052,0.067,8.367,,OSFC,10.0,roquette25,4804.0,10.0473,
284283453,3.3360813199291894e+18,86.0415,8.79944,0.405978,12.3492,14.641,0.069,13.361,0.092,11.187,0.026,10.598,0.023,10.473,0.024,13.092,0.000477,13.7711,0.002063,12.3026,0.001503,10.343,0.023,10.418,0.021,10.411,0.09,9.034,,OSFC,10.0,roquette25,4757.0,9.58674,
284283513,3.3360826599589724e+18,86.05033,8.84864,1.24178,12.232,14.493,0.047,13.169,0.103,11.144,0.027,10.621,0.025,10.471,0.021,12.946,0.000385,13.5923,0.001145,12.1852,0.001951,10.386,0.024,10.452,0.02,10.273,0.074,9.118,,OSFC,10.0,roquette25,4828.0,3.31144,
156143615,3.3360846871835187e+18,86.05721,8.9225,0.111744,12.4911,15.379,0.072,13.764,0.092,11.123,0.024,10.378,0.024,10.231,0.025,13.3388,0.000319,14.1698,0.001961,12.4516,0.001564,10.114,0.023,10.209,0.019,10.052,0.06,8.98,,OSFC,10.0,roquette25,4360.0,30.0375,
156142283,3.333705545881248e+18,86.05912,7.803,0.385594,12.3247,14.617,0.032,13.455,0.069,11.142,0.024,10.519,0.025,10.417,0.026,13.0741,0.000419,13.7657,0.001846,12.2784,0.001069,10.292,0.022,10.337,0.021,10.365,0.085,8.509,,OSFC,10.0,roquette25,4677.0,10.386,
156145353,3.3365300581119447e+18,86.06392,10.33356,0.250371,12.6367,14.912,0.048,13.756,0.114,11.479,0.023,10.906,0.024,10.802,0.026,13.3637,0.000334,14.015,0.001502,12.5908,0.001096,10.715,0.023,10.734,0.02,10.915,0.132,8.942,,OSFC,10.0,roquette25,5005.0,12.1921,
156145393,3.3365305391482716e+18,86.06833,10.36025,0.332835,12.3668,14.885,0.065,13.553,0.103,11.117,0.023,10.511,0.022,10.377,0.025,13.1474,0.000303,13.871,0.002845,12.327,0.000827,10.26,0.023,10.338,0.02,10.188,0.069,8.385,,OSFC,10.0,roquette25,4749.0,12.0534,
156145250,3.3365205061046973e+18,86.07296,10.24867,0.938553,12.6606,14.878,0.043,13.692,0.114,11.565,0.024,11.046,0.024,10.888,0.023,13.3692,0.000332,14.0022,0.00114,12.6155,0.00107,10.86,0.023,10.911,0.02,10.782,0.116,8.558,,OSFC,10.0,roquette25,5025.0,3.45127,
156144525,3.336280537692005e+18,86.08025,9.69972,0.161475,12.669,15.705,0.069,14.063,0.114,11.268,0.026,10.461,0.022,10.308,0.025,13.5444,0.000406,14.4105,0.002415,12.6345,0.00131,10.187,0.023,10.302,0.02,10.189,0.075,8.673,,OSFC,10.0,roquette25,4339.0,22.9679,
156142706,3.335268986994314e+18,86.09392,8.18347,0.391671,12.8911,15.321,0.033,13.959,0.08,11.683,0.023,11.011,0.024,10.876,0.025,13.6609,0.000296,14.3726,0.002716,12.8423,0.00137,10.792,0.023,10.863,0.02,10.623,0.116,8.914,,OSFC,10.0,roquette25,4648.0,8.15316,
156143942,3.336111144181725e+18,86.09496,9.23747,0.143954,12.9436,15.682,0.049,14.214,0.126,11.629,0.022,10.94,0.025,10.762,0.023,13.7656,0.00028,14.5541,0.001795,12.9047,0.001334,10.67,0.023,10.759,0.021,10.782,0.122,9.089,,OSFC,10.0,roquette25,4494.0,19.6484,
156142658,3.335268501660251e+18,86.09775,8.13728,0.569359,12.2289,14.236,0.03,13.115,0.092,11.221,0.023,10.687,0.024,10.574,0.025,12.8933,0.000499,13.4765,0.001835,12.1765,0.000795,10.506,0.023,10.534,0.021,10.485,0.084,8.791,,OSFC,10.0,roquette25,5004.0,6.39889,
156144874,3.3364999589812316e+18,86.10067,9.95369,0.541428,12.1543,15.095,-0.023,13.451,0.114,10.814,0.022,10.118,0.021,9.941,0.023,13.0123,0.000692,13.8579,0.001999,12.1239,0.002018,9.793,0.024,9.907,0.021,9.759,0.053,9.025,0.504,OSFC,10.0,roquette25,4394.0,9.88245,
156142847,3.335275103027723e+18,86.10192,8.29367,1.41378,12.0015,14.192,0.043,12.927,0.069,10.933,0.023,10.383,0.024,10.279,0.025,12.7081,0.000254,13.3482,0.003174,11.9563,0.000852,10.166,0.022,10.251,0.02,10.209,0.073,8.651,,OSFC,10.0,roquette25,4835.0,3.20287,
156144412,3.3362733221469645e+18,86.10267,9.61314,2.01474,11.7133,13.749,0.049,12.544,0.069,10.761,0.022,10.28,0.021,10.172,0.023,12.3608,0.000203,12.9334,0.001914,11.6686,0.001314,10.096,0.023,10.166,0.019,10.178,0.066,8.784,,OSFC,10.0,roquette25,5043.0,2.30936,
156143795,3.3361043409538273e+18,86.10937,9.07625,1.22043,11.898,13.958,0.062,12.831,0.092,10.854,0.02,10.404,0.025,10.244,0.023,12.5651,0.000251,13.1527,0.002038,11.8474,0.000704,10.154,0.023,10.203,0.022,10.627,0.15,8.74,,OSFC,10.0,roquette25,5006.0,3.58833,
156144466,3.3362801597348874e+18,86.11037,9.65592,1.00408,12.2181,14.336,0.047,13.185,0.103,11.161,0.022,10.619,0.021,10.519,0.025,12.9054,0.000334,13.5155,0.002082,12.1708,0.001453,10.44,0.023,10.482,0.019,10.321,0.073,8.054,,OSFC,10.0,roquette25,5021.0,3.84495,
156142157,3.3336919394248576e+18,86.11792,7.70361,0.535513,12.7387,15.096,0.036,13.84,0.103,11.584,0.023,10.969,0.024,10.84,0.023,13.4921,0.000257,14.1799,0.001337,12.6962,0.001274,10.762,0.024,10.791,0.021,10.893,0.13,9.067,,OSFC,10.0,roquette25,4855.0,6.21319,
156145025,3.336503944710849e+18,86.12075,10.05369,0.486318,12.7298,15.239,0.068,13.935,0.137,11.505,0.024,10.903,0.022,10.715,0.021,13.5142,0.000293,14.2429,0.00171,12.6901,0.001118,10.654,0.023,10.709,0.021,10.603,0.084,8.934,,OSFC,10.0,roquette25,4732.0,7.2612,
156145223,3.3365254882667546e+18,86.12092,10.22803,0.453494,11.8538,14.391,0.035,13.048,0.092,10.642,0.021,10.024,0.022,9.89,0.021,12.6416,0.000329,13.3749,0.00148,11.8202,0.000767,9.78,0.022,9.849,0.019,9.687,0.057,8.816,,OSFC,10.0,roquette25,4808.0,11.5217,
156144780,3.3362876501577953e+18,86.12196,9.87811,0.228371,12.5537,15.345,0.078,13.831,0.114,11.235,0.022,10.499,0.022,10.357,0.023,13.3941,0.00028,14.2015,0.002368,12.5196,0.001244,10.244,0.023,10.318,0.021,10.124,0.069,9.029,,OSFC,10.0,roquette25,4527.0,17.1207,
156145097,3.3365066934898975e+18,86.1255,10.1205,0.399874,12.9926,16.316,0.133,14.55,0.137,11.537,0.024,10.766,0.021,10.563,0.023,13.937,0.000457,14.8906,0.002057,12.9745,0.001383,10.434,0.023,10.551,0.02,10.477,0.09,8.908,,OSFC,10.0,roquette25,4315.0,10.1705,
156143918,3.3361108693040963e+18,86.12746,9.21828,0.402192,12.6132,15.319,0.076,13.858,0.092,11.307,0.021,10.659,0.022,10.494,0.019,13.4401,0.000625,14.2282,0.002231,12.5754,0.002085,10.356,0.023,10.449,0.022,10.772,0.157,8.829,,OSFC,10.0,roquette25,4549.0,9.94653,
156143276,3.3353021054856924e+18,86.13879,8.64194,0.0402554,12.2326,15.034,0.051,13.449,0.092,10.96,0.024,10.167,0.021,10.031,0.025,13.0747,0.000454,13.8818,0.002116,12.2027,0.000521,9.903,0.024,10.008,0.02,9.855,0.061,8.78,,OSFC,10.0,roquette25,4589.0,39.5596,
156145023,3.336502467242095e+18,86.14029,10.05344,0.102483,12.6434,14.944,0.06,13.738,0.114,11.509,0.024,10.938,0.022,10.819,0.025,13.3906,0.000362,14.059,0.00265,12.602,0.001175,10.705,0.023,10.742,0.021,10.841,0.12,8.271,,OSFC,10.0,roquette25,5210.0,21.1736,
156142236,3.3336927683556823e+18,86.14412,7.771,0.48242,12.07,14.333,0.051,13.161,0.092,10.956,0.021,10.446,0.025,10.273,0.023,12.8028,0.000297,13.4677,0.001971,12.0285,0.00066,10.166,0.023,10.221,0.021,10.147,0.07,8.235,,OSFC,10.0,roquette25,4925.0,8.95852,
156142551,3.3337191523376353e+18,86.14442,8.05742,0.442183,11.7358,13.989,0.026,12.738,0.069,10.639,0.023,10.038,0.024,9.912,0.023,12.4602,0.000217,13.1239,0.002142,11.6922,0.001067,9.806,0.023,9.887,0.02,9.784,0.055,8.643,,OSFC,10.0,roquette25,4763.0,11.4202,
156143054,3.335294584999128e+18,86.15158,8.45628,0.586941,12.0483,14.379,0.026,13.05,0.069,10.905,0.022,10.31,0.024,10.187,0.023,12.7823,0.000323,13.4587,0.002318,12.0029,0.000922,10.096,0.023,10.163,0.022,10.035,0.063,9.128,,OSFC,10.0,roquette25,4690.0,7.78826,
156142062,3.333687644457564e+18,86.15567,7.62025,0.203268,12.9285,15.487,0.016,14.19,0.103,11.671,0.024,11.03,0.028,10.83,0.026,13.7417,0.000359,14.5145,0.002713,12.8891,0.001904,10.689,0.023,10.76,0.022,10.543,0.09,8.55,,OSFC,10.0,roquette25,4551.0,14.9322,
156143064,3.335294615061406e+18,86.16321,8.46347,0.433108,12.0347,14.144,0.023,12.917,0.069,10.998,0.024,10.441,0.021,10.295,0.02,12.7204,0.000257,13.3311,0.001591,11.9866,0.000848,10.243,0.023,10.298,0.022,10.279,0.077,8.857,,OSFC,10.0,roquette25,4950.0,9.31003,
156142173,3.3336916301872236e+18,86.1715,7.71892,0.558598,11.7449,14.167,0.022,12.889,0.057,10.561,0.023,9.952,0.024,9.763,0.021,12.5125,0.000225,13.2264,0.001567,11.7085,0.000746,9.714,0.024,9.784,0.021,9.776,0.058,8.816,0.525,OSFC,10.0,roquette25,4756.0,9.75909,
156143646,3.336085030780878e+18,86.17217,8.94972,0.296789,12.7577,15.196,0.061,13.797,0.114,11.575,0.023,10.976,0.021,10.82,0.023,13.5145,0.000367,14.2155,0.004158,12.7141,0.001321,10.713,0.022,10.793,0.02,10.897,0.124,8.932,,OSFC,10.0,roquette25,4685.0,10.8183,
156144256,3.3362596813308467e+18,86.17579,9.48911,0.246178,12.7134,15.069,0.074,13.792,0.08,11.526,0.022,10.965,0.023,10.849,0.023,13.4583,0.000302,14.1334,0.002463,12.6685,0.000845,10.74,0.022,10.79,0.02,10.711,0.103,9.121,,OSFC,10.0,roquette25,4893.0,12.4491,
156188009,3.3360800142590986e+18,86.17687,8.82636,0.0857339,12.723,15.239,0.071,13.872,0.126,11.47,0.023,10.827,0.024,10.67,0.026,13.5067,0.000273,14.2324,0.001501,12.6888,0.000953,10.605,0.023,10.688,0.021,10.547,0.115,8.431,,OSFC,10.0,roquette25,4860.0,25.3912,
156189060,3.3337176405091645e+18,86.18,7.99258,0.412641,12.1778,14.52,0.04,13.196,0.069,11.026,0.026,10.469,0.028,10.268,0.023,12.9266,0.000522,13.6214,0.00216,12.1383,0.000941,10.17,0.021,10.244,0.018,10.169,0.069,8.323,,OSFC,10.0,roquette25,4718.0,10.3621,
156188964,3.335220123148647e+18,86.18292,8.06069,0.359522,12.5586,15.094,0.037,13.661,0.092,11.329,0.026,10.699,0.026,10.558,0.024,13.3407,0.000311,14.0801,0.001298,12.5126,0.001098,10.433,0.023,10.528,0.02,10.383,0.078,8.358,,OSFC,10.0,roquette25,4516.0,10.5758,
156186782,3.3363108386841334e+18,86.18887,9.87058,0.517392,11.6055,13.924,0.055,12.628,0.069,10.513,0.024,9.994,0.025,9.811,0.023,12.3355,0.000187,13.0048,0.00168,11.5669,0.001348,9.714,0.023,9.772,0.021,9.78,0.052,8.902,,OSFC,10.0,roquette25,4845.0,10.4738,
156189008,3.3337180571230664e+18,86.19721,8.02833,0.266418,11.9615,14.607,0.01,13.103,0.069,10.69,0.024,9.997,0.024,9.835,0.021,12.7747,0.000286,13.5567,0.001711,11.9249,0.000819,9.713,0.023,9.802,0.02,9.676,0.042,8.375,,OSFC,10.0,roquette25,4496.0,18.5943,
156187542,3.3362044308718925e+18,86.19812,9.24794,0.565842,12.41,15.165,0.074,13.822,0.08,10.95,0.024,10.243,0.026,10.037,0.025,13.2974,0.000315,14.1237,0.002065,12.3931,0.0009,9.912,0.024,9.966,0.02,9.854,0.055,8.59,0.372,OSFC,10.0,roquette25,5426.0,7.79348,
156188098,3.336077402918989e+18,86.20596,8.77019,0.855479,11.8764,14.243,0.041,12.866,0.069,10.719,0.021,10.143,0.021,10.034,0.026,12.6087,0.000264,13.2852,0.001866,11.8321,0.000708,9.926,0.024,10.007,0.02,9.941,0.069,9.039,,OSFC,10.0,roquette25,4682.0,5.87183,
156188588,3.33528104726243e+18,86.20662,8.37117,0.209888,12.6618,15.283,0.016,13.792,0.092,11.394,0.024,10.69,0.022,10.54,0.023,13.4552,0.000331,14.2111,0.002502,12.616,0.001203,10.457,0.022,10.546,0.021,10.391,0.081,8.786,,OSFC,10.0,roquette25,4473.0,16.1535,
156187837,3.336090180444287e+18,86.20775,8.96183,2.00613,10.6406,12.306,0.232,11.334,0.019,9.762,0.026,9.313,0.027,9.179,0.023,11.249,0.000841,11.7772,0.002859,10.595,0.00102,,,,,,,,,OSFC,10.0,roquette25,5185.0,3.53414,
156188666,3.3352746907108424e+18,86.21183,8.31647,0.493853,12.5416,14.71,-0.015,13.509,0.092,11.458,0.024,10.877,0.021,10.754,0.021,13.2588,0.000325,13.9089,0.002408,12.4939,0.000864,10.661,0.022,10.724,0.021,10.636,0.113,9.042,,OSFC,10.0,roquette25,4802.0,7.02168,
156189489,3.333686785464115e+18,86.21812,7.61569,0.523702,11.7565,14.13,0.018,12.894,0.08,10.597,0.026,10.029,0.022,9.811,0.023,12.5212,0.000199,13.2289,0.001146,11.7182,0.001022,9.727,0.022,9.784,0.021,9.69,0.051,8.577,,OSFC,10.0,roquette25,4780.0,10.2381,
156188735,3.335271220377278e+18,86.21958,8.24683,0.293597,12.1022,14.667,0.036,13.243,0.103,10.871,0.022,10.204,0.021,10.05,0.023,12.893,0.000579,13.6404,0.002071,12.0645,0.000909,9.953,0.023,10.033,0.02,9.926,0.077,7.932,,OSFC,10.0,roquette25,4603.0,15.4615,
156188161,3.335326603979156e+18,86.22054,8.72639,0.297959,12.4693,14.683,0.058,13.43,0.103,11.365,0.023,10.833,0.022,10.691,0.025,13.1741,0.000369,13.8064,0.001257,12.4184,0.000565,10.599,0.023,10.669,0.02,10.713,0.109,8.293,,OSFC,10.0,roquette25,4841.0,11.2439,
156187504,3.336204671390054e+18,86.22475,9.28261,4.04898,9.91601,10.665,0.083,10.346,0.006,9.465,0.021,9.283,0.022,9.231,0.021,10.2501,0.000397,10.5076,0.000915,9.8705,0.001102,9.181,0.023,9.209,0.021,9.183,0.035,8.96,,OSFC,10.0,roquette25,6678.0,1.51054,1.412
156186839,3.3363097434695516e+18,86.23125,9.83442,0.346037,12.8233,15.43,0.067,14.067,0.114,11.557,0.021,10.889,0.025,10.718,0.022,13.6282,0.000345,14.3876,0.002088,12.785,0.001391,10.624,0.023,10.701,0.021,10.603,0.099,8.782,,OSFC,10.0,roquette25,4618.0,9.90607,
156187839,3.3360900430053335e+18,86.23767,8.96058,1.85861,11.9797,12.829,0.394,12.091,0.028,11.239,0.027,11.001,0.031,10.895,0.025,12.3624,0.000262,12.5418,0.00859,11.8096,0.009605,10.804,0.022,10.823,0.019,10.884,0.109,8.884,,OSFC,10.0,roquette25,6584.92,1.36603,1.37
156189001,3.3352191267162353e+18,86.24704,8.03142,0.507624,11.6851,13.94,0.022,12.691,0.092,10.567,0.024,10.01,0.024,9.839,0.021,12.412,0.000233,13.0762,0.001642,11.6425,0.000778,9.754,0.023,9.824,0.019,9.777,0.061,9.103,,OSFC,10.0,roquette25,4809.0,10.2726,
156186914,3.3362821525996544e+18,86.24979,9.77039,0.476767,12.7728,15.264,0.071,13.962,0.137,11.543,0.021,10.933,0.024,10.789,0.023,13.5484,0.000392,14.2642,0.00332,12.726,0.001119,10.687,0.023,10.734,0.021,10.488,0.097,8.567,0.322,OSFC,10.0,roquette25,4695.0,7.19813,
156188868,3.3352208790628884e+18,86.25167,8.13267,0.480968,11.8779,14.541,0.07,13.032,0.103,10.637,0.024,9.954,0.021,9.78,0.025,12.6895,0.000335,13.4726,0.002397,11.8408,0.001766,9.653,0.023,9.78,0.019,9.669,0.052,8.364,,OSFC,10.0,roquette25,4468.0,11.6095,
156189341,3.333697883659606e+18,86.25446,7.76533,0.549797,12.3642,15.03,0.027,13.609,0.114,11.09,0.022,10.44,0.022,10.262,0.023,13.1789,0.0003,13.9595,0.001725,12.3247,0.001826,10.151,0.023,10.241,0.021,10.104,0.073,8.25,,OSFC,10.0,roquette25,4495.0,8.22715,
156188994,3.3352162104361815e+18,86.25512,8.03681,0.121782,12.6071,15.467,0.029,13.857,0.195,11.281,0.024,10.525,0.022,10.373,0.023,13.4646,0.00031,14.2917,0.001322,12.5788,0.001276,10.237,0.023,10.339,0.02,10.14,0.068,8.515,,OSFC,10.0,roquette25,4556.0,26.6044,
156186407,3.3365092017507594e+18,86.25579,10.14956,0.462224,12.7088,15.526,0.035,13.965,0.137,11.418,0.021,10.803,0.026,10.598,0.023,13.5306,0.000297,14.3182,0.002206,12.6692,0.001058,10.481,0.023,10.561,0.02,10.481,0.096,9.011,0.504,OSFC,10.0,roquette25,4493.0,8.35144,
156187054,3.3362693364172677e+18,86.25608,9.66319,0.27169,12.8213,15.41,0.047,13.946,0.092,11.625,0.021,11.023,0.024,10.866,0.021,13.6057,0.000309,14.3411,0.002622,12.7846,0.001875,10.728,0.024,10.838,0.022,10.657,0.103,8.973,,OSFC,10.0,roquette25,4683.0,11.8202,
156186957,3.3362817746425375e+18,86.26646,9.73733,0.243934,12.0398,14.778,0.069,13.253,0.08,10.749,0.021,10.067,0.025,9.901,0.025,12.8614,0.000484,13.6509,0.001676,12.0031,0.000903,9.773,0.023,9.866,0.022,9.725,0.05,8.81,,OSFC,10.0,roquette25,4502.0,18.9724,
156188310,3.335321454314509e+18,86.27525,8.61928,0.424111,12.3304,14.542,0.025,13.234,0.103,11.271,0.023,10.744,0.022,10.632,0.025,13.0248,0.000459,13.6404,0.002015,12.2827,0.000868,10.543,0.022,10.584,0.019,10.494,0.079,8.718,,OSFC,10.0,roquette25,5046.0,8.34696,
156188687,3.3352773020509517e+18,86.27579,8.29608,0.286266,12.5181,15.091,0.048,13.65,0.114,11.271,0.022,10.633,0.022,10.417,0.021,13.3077,0.000355,14.0538,0.004224,12.4726,0.000988,10.358,0.024,10.429,0.021,10.329,0.074,8.73,,OSFC,10.0,roquette25,4528.0,13.3389,
156189388,3.3336941728078633e+18,86.27687,7.70944,2.30936,11.3719,12.499,0.502,12.094,0.057,10.588,0.024,10.247,0.021,10.132,0.021,11.8951,0.000187,12.3235,0.001827,11.3189,0.001056,10.082,0.023,10.12,0.02,10.097,0.067,8.388,,OSFC,10.0,roquette25,5729.0,1.84381,1.023
156189385,3.3336942071676017e+18,86.28862,7.71606,1.99932,11.4304,13.452,0.035,12.349,0.057,10.427,0.022,9.97,0.021,9.816,0.021,12.0962,0.00017,12.6889,0.001726,11.3863,0.000935,9.752,0.023,9.812,0.021,9.721,0.057,8.543,0.461,OSFC,10.0,roquette25,5009.0,2.73223,
156188836,3.3352224596108524e+18,86.29408,8.15561,0.659488,12.2196,14.31,0.06,13.162,0.08,11.265,0.022,10.751,0.022,10.647,0.023,12.8793,0.002159,13.4596,0.004835,12.1729,0.004612,10.528,0.023,10.546,0.02,10.467,0.084,8.547,,OSFC,10.0,roquette25,5108.0,5.48481,
156193104,3.3336999796036444e+18,86.30125,7.84708,0.405664,12.63,14.873,0.036,13.867,0.114,11.328,0.03,10.733,0.033,10.534,0.027,13.4396,0.000373,14.1928,0.002087,12.5885,0.000902,10.454,0.024,10.529,0.022,10.414,0.076,8.512,,OSFC,10.0,roquette25,4713.0,9.35543,
156195626,3.3363119038360223e+18,86.30558,9.90692,0.419964,11.8723,14.232,0.058,12.934,0.08,10.74,0.026,10.137,0.021,9.987,0.021,12.6111,0.000262,13.2885,0.001295,11.8319,0.0009,9.929,0.023,9.998,0.02,9.919,0.05,8.994,0.493,OSFC,10.0,roquette25,4953.59,10.6331,
156192911,3.3336932837519626e+18,86.30783,7.68619,0.373788,12.4578,14.812,0.051,13.552,0.08,11.298,0.032,10.65,0.033,10.552,0.03,13.2118,0.000274,13.9081,0.002816,12.4146,0.000839,10.437,0.023,10.519,0.021,10.306,0.085,8.565,,OSFC,10.0,roquette25,4718.0,10.0757,
156193849,3.3352844102191165e+18,86.30783,8.46419,0.416656,12.3173,14.81,0.055,13.403,0.092,11.106,0.026,10.46,0.023,10.316,0.026,13.09,0.000297,13.814,0.001957,12.273,0.001102,10.226,0.024,10.297,0.02,10.31,0.071,9.013,,OSFC,10.0,roquette25,4592.0,10.1452,
156193312,3.3352162447959153e+18,86.30958,8.01236,0.713225,11.8407,14.034,0.023,12.83,0.092,10.731,0.027,10.152,0.024,10.014,0.023,12.5606,0.000331,13.2095,0.001669,11.7995,0.001595,9.947,0.023,9.986,0.019,9.96,0.058,8.431,,OSFC,10.0,roquette25,5005.0,6.68511,
156239675,3.3365146305893755e+18,86.31004,10.24839,0.109503,12.7404,15.357,0.125,13.965,0.114,11.476,0.024,10.788,0.022,10.609,0.021,13.5531,0.00029,14.3193,0.002458,12.7096,0.000754,10.517,0.023,10.631,0.022,10.453,0.097,8.902,,OSFC,10.0,roquette25,4724.0,24.292,
156195408,3.336305311063305e+18,86.31162,9.75314,0.479203,11.7116,14.491,0.05,12.893,0.092,10.479,0.026,9.855,0.026,9.673,0.026,12.5235,0.000258,13.3039,0.002532,11.6771,0.000714,9.539,0.023,9.658,0.022,9.568,0.051,8.453,,OSFC,10.0,roquette25,4516.0,12.5463,
156195564,3.336307368350559e+18,86.31183,9.86372,0.577149,12.2302,14.893,0.079,13.408,0.114,11.008,0.026,10.363,0.022,10.162,0.023,13.0288,0.000539,13.7858,0.001633,12.1932,0.00113,10.094,0.023,10.194,0.02,10.077,0.066,8.481,,OSFC,10.0,roquette25,4589.0,8.08864,
156193132,3.333701147834749e+18,86.31362,7.87325,0.305032,12.258,14.724,0.028,13.484,0.103,10.998,0.026,10.394,0.025,10.206,0.023,13.0627,0.000537,13.8146,0.001416,12.2218,0.002099,10.068,0.023,10.143,0.02,9.977,0.061,8.36,,OSFC,10.0,roquette25,4737.0,14.1592,
156194096,3.335322004070315e+18,86.31833,8.65031,0.383032,12.3628,14.818,0.057,13.4,0.103,11.21,0.026,10.612,0.023,10.458,0.024,13.1186,0.000477,13.8215,0.002391,12.3203,0.000905,10.353,0.024,10.446,0.021,10.465,0.084,8.498,,OSFC,10.0,roquette25,4665.0,10.3862,
156193662,3.3352769928132977e+18,86.324,8.30064,0.184429,13.0941,15.797,0.073,14.329,0.126,11.778,0.024,11.045,0.024,10.938,0.023,13.9162,0.000329,14.706,0.001906,13.0514,0.002079,10.795,0.023,10.894,0.022,10.681,0.113,8.782,,OSFC,10.0,roquette25,4455.0,14.7096,
156193603,3.335229262839046e+18,86.32612,8.24817,0.480857,11.6282,14.082,0.044,12.685,0.08,10.46,0.024,9.857,0.021,9.684,0.025,12.3926,0.000245,13.108,0.001625,11.5915,0.001174,9.581,0.023,9.678,0.021,9.597,0.046,8.311,,OSFC,10.0,roquette25,4686.0,11.8544,
156194408,3.3360862977938524e+18,86.32837,8.91206,0.192203,12.8208,15.371,0.026,13.937,0.149,11.61,0.024,10.899,0.021,10.778,0.023,13.6034,0.000347,14.3415,0.001512,12.776,0.00111,10.66,0.023,10.744,0.021,10.77,0.151,8.796,,OSFC,10.0,roquette25,4545.0,15.7616,
156194218,3.3353275703480847e+18,86.33029,8.74692,1.38807,12.0987,13.972,0.038,12.911,0.08,11.137,0.024,10.687,0.024,10.544,0.023,12.7235,0.000208,13.263,0.001684,12.0466,0.000727,10.476,0.024,10.511,0.019,10.569,0.089,8.319,,OSFC,10.0,roquette25,5134.0,2.67122,
156195040,3.3362145326349056e+18,86.33692,9.46544,0.356261,12.2674,14.727,0.048,13.324,0.092,11.066,0.024,10.422,0.023,10.292,0.019,13.0434,0.00054,13.7625,0.002191,12.229,0.000861,10.179,0.024,10.251,0.02,10.231,0.081,8.989,,OSFC,10.0,roquette25,4773.0,11.7632,
156193016,3.333696238689451e+18,86.34221,7.77106,2.51708,9.49247,9.763,0.056,9.69,0.005,9.245,0.024,9.172,0.022,9.148,0.023,9.60706,0.000473,9.70289,0.001588,9.4536,0.002913,9.087,0.024,9.106,0.021,9.102,0.034,8.904,,OSFC,10.0,roquette25,8257.0,2.17578,2.029
156193296,3.335215244065908e+18,86.35412,8.00436,4.59893,12.4092,14.997,0.06,13.513,0.114,11.289,0.022,10.639,0.022,10.5,0.022,13.1998,0.000471,13.9758,0.002058,12.3543,0.001005,10.443,0.023,10.51,0.019,10.423,0.085,8.325,,OSFC,10.0,roquette25,4241.0,1.01178,0.663
156195109,3.3362621208725253e+18,86.37392,9.51978,0.514958,11.7153,14.329,0.054,12.885,0.08,10.497,0.022,9.855,0.021,9.72,0.021,12.5151,0.000262,13.2736,0.002021,11.6798,0.000688,9.621,0.024,9.687,0.021,9.591,0.045,8.407,,OSFC,10.0,roquette25,4847.61,9.91472,
156193591,3.335229060978277e+18,86.37862,8.23647,0.273625,11.8987,14.504,0.052,13.069,0.08,10.645,0.022,9.934,0.021,9.77,0.021,12.7,0.000311,13.4673,0.001648,11.8614,0.000855,9.665,0.022,9.763,0.021,9.656,0.056,8.471,,OSFC,10.0,roquette25,4515.0,17.7001,
156194865,3.336203670660156e+18,86.38608,9.31683,2.30457,9.0668,9.018,0.033,9.026,0.003,8.749,0.019,8.685,0.051,8.698,0.024,9.0437,0.002411,8.99959,0.013162,8.94396,0.017356,8.566,0.021,8.575,0.018,8.092,0.023,7.566,0.143,OSFC,10.0,roquette25,12330.0,,
156194974,3.336213433123279e+18,86.38808,9.41731,0.243046,12.8478,15.75,0.024,14.19,0.137,11.501,0.022,10.798,0.022,10.681,0.023,13.719,0.000349,14.5621,0.003213,12.818,0.001318,10.519,0.024,10.585,0.02,10.229,0.098,8.265,0.335,OSFC,10.0,roquette25,4518.0,14.5709,
156194788,3.33620236928766e+18,86.39221,9.26175,0.52981,12.2088,14.965,0.069,13.458,0.114,10.888,0.021,10.248,0.022,10.075,0.023,13.0344,0.000373,13.8239,0.001926,12.1766,0.001195,9.961,0.024,10.062,0.02,9.838,0.051,8.773,,OSFC,10.0,roquette25,4579.0,9.21599,
156192740,3.3334948219026796e+18,86.39921,7.52567,1.69187,11.896,14.238,0.031,12.986,0.069,10.744,0.022,10.234,0.022,10.047,0.021,12.6523,0.000262,13.3508,0.001638,11.8521,0.001457,9.976,0.023,10.017,0.02,9.929,0.059,8.566,,OSFC,10.0,roquette25,4708.0,3.08321,
156239883,3.336891930580818e+18,86.40787,10.37419,0.322785,12.3395,14.716,0.042,13.463,0.114,11.176,0.022,10.556,0.022,10.446,0.021,13.093,0.000339,13.78,0.002438,12.2954,0.001131,10.326,0.023,10.394,0.021,10.218,0.08,8.494,,OSFC,10.0,roquette25,4842.0,11.9437,
156239917,3.3368921410350275e+18,86.41762,10.39819,0.395961,12.5161,15.242,0.049,13.749,0.149,11.223,0.022,10.536,0.022,10.383,0.023,13.3425,0.000325,14.1272,0.002198,12.4835,0.001221,10.274,0.024,10.364,0.02,10.32,0.081,8.309,,OSFC,10.0,roquette25,4635.0,10.4465,
156247303,3.3335073632071485e+18,86.42242,7.70564,0.26475,12.7389,15.227,0.041,13.941,0.137,11.539,0.023,10.932,0.024,10.764,0.025,13.5237,0.000344,14.2529,0.001855,12.6991,0.00242,10.674,0.024,10.739,0.021,10.622,0.1,8.606,,OSFC,10.0,roquette25,4730.0,12.4882,
156246273,3.3353102487436984e+18,86.43987,8.58056,0.144351,12.0844,14.74,0.046,13.28,0.114,10.791,0.026,10.038,0.024,9.84,0.025,12.9087,0.000372,13.7161,0.002352,12.044,0.000715,9.768,0.023,9.856,0.02,9.709,0.059,8.846,,OSFC,10.0,roquette25,4356.0,27.9698,
156245534,3.336189965422011e+18,86.44542,9.20608,0.306488,12.2834,14.775,0.064,13.368,0.114,11.117,0.023,10.514,0.022,10.37,0.023,13.0406,0.000378,13.7368,0.003429,12.243,0.000899,10.271,0.023,10.344,0.021,10.293,0.079,8.456,,OSFC,10.0,roquette25,4811.0,12.8993,
156247268,3.333507943026387e+18,86.45021,7.74181,0.211949,12.1826,14.482,0.033,13.293,0.103,11.037,0.023,10.51,0.026,10.362,0.023,12.9322,0.000332,13.6175,0.002357,12.14,0.001698,10.216,0.023,10.269,0.021,10.362,0.075,8.518,,OSFC,10.0,roquette25,4834.0,16.9946,
156243980,3.3368935841440256e+18,86.454,10.41311,0.273256,12.6086,15.188,0.034,13.814,0.114,11.344,0.023,10.682,0.024,10.512,0.023,13.4181,0.000339,14.1765,0.002059,12.5724,0.000934,10.413,0.024,10.472,0.019,10.221,0.073,8.4,,OSFC,10.0,roquette25,4711.0,13.4474,
156245058,3.3362642125191767e+18,86.45912,9.58672,,12.1747,14.542,0.048,13.291,0.092,10.949,0.024,10.377,0.021,10.256,0.023,12.9136,0.000416,13.6098,0.002175,12.1015,0.00064,10.113,0.022,10.159,0.022,10.151,0.074,8.944,,OSFC,10.0,roquette25,,,
156246744,3.335225448908089e+18,86.47733,8.209,0.4043,12.3294,14.806,0.048,13.463,0.092,11.1,0.021,10.49,0.022,10.323,0.02,13.1072,0.000364,13.8268,0.002187,12.2884,0.000639,10.253,0.022,10.328,0.022,10.284,0.075,8.669,,OSFC,10.0,roquette25,4752.0,10.209,
156244157,3.3368875024704727e+18,86.48196,10.28006,0.465684,12.5,15.32,0.044,13.716,0.126,11.21,0.021,10.579,0.024,10.332,0.022,13.3237,0.000289,14.1151,0.003028,12.4586,0.000882,10.261,0.022,10.373,0.021,10.305,0.083,8.814,0.523,OSFC,10.0,roquette25,4465.0,9.1729,
156245912,3.3353356448864174e+18,86.48646,8.87372,0.11881,13.0141,16.086,0.114,14.314,0.16,11.665,0.024,10.879,0.022,10.669,0.021,13.8989,0.000361,14.7677,0.0029,12.9912,0.001166,10.591,0.022,10.715,0.022,10.568,0.112,8.479,,OSFC,10.0,roquette25,4474.0,22.8662,
156247496,3.3334997697049897e+18,86.48754,7.53503,0.521791,11.8722,14.343,0.034,13.089,0.069,10.625,0.023,9.977,0.024,9.819,0.023,12.6672,0.000382,13.4074,0.001732,11.836,0.00108,9.721,0.022,9.779,0.021,9.731,0.047,8.47,,OSFC,10.0,roquette25,4768.0,10.1872,
156245861,3.335336435160397e+18,86.49458,8.90828,0.381812,12.5268,14.949,0.059,13.512,0.103,11.4,0.022,10.808,0.024,10.633,0.023,13.2694,0.000427,13.9548,0.001978,12.4842,0.00135,10.57,0.023,10.644,0.022,10.769,0.134,8.621,,OSFC,10.0,roquette25,4723.0,9.4095,
156247180,3.3351972095010063e+18,86.49667,7.82267,0.6556,12.1108,14.655,0.014,13.305,0.092,10.876,0.023,10.262,0.026,10.068,0.023,12.91,0.000491,13.6661,0.00288,12.0759,0.001048,9.951,0.023,10.03,0.02,9.88,0.055,8.477,,OSFC,10.0,roquette25,4628.0,7.53949,
156245159,3.3362153916283213e+18,86.50779,9.49792,0.527218,11.9113,14.452,0.059,13.089,0.286,10.709,0.022,10.042,0.021,9.927,0.021,12.6999,0.000234,13.4398,0.004261,11.8748,0.001662,9.801,0.022,9.871,0.02,9.842,0.056,8.163,,OSFC,10.0,roquette25,4680.0,9.94419,
156246347,3.3353061642310897e+18,86.51787,8.53556,0.664464,11.9621,14.257,0.041,12.911,0.08,10.889,0.023,10.274,0.022,10.146,0.021,12.6828,0.000229,13.3454,0.001992,11.9202,0.000703,10.068,0.023,10.139,0.02,10.032,0.065,8.59,,OSFC,10.0,roquette25,4749.0,7.01279,
156245673,3.3361831922552177e+18,86.518,9.08025,2.30524,12.0502,14.658,0.053,13.393,0.08,10.666,0.021,10.107,0.022,9.893,0.025,12.8827,0.001485,13.6524,0.006308,12.0159,0.004472,9.77,0.022,9.746,0.02,9.73,0.054,8.542,,OSFC,10.0,roquette25,5933.96,1.49004,1.083
156244075,3.3368892161614874e+18,86.51817,10.33417,0.584713,11.8246,13.963,0.031,12.801,0.092,10.789,0.023,10.269,0.024,10.142,0.023,12.5169,0.000354,13.1314,0.002011,11.7789,0.000788,10.043,0.024,10.075,0.021,10.018,0.056,8.731,,OSFC,10.0,roquette25,5074.0,7.7662,
156244387,3.336321253981791e+18,86.52592,10.10197,1.75549,8.8873,9.036,0.0,8.97,0.03,8.71,0.029,8.681,0.051,8.635,0.021,8.9228,0.000624,8.97791,0.002678,8.83348,0.001594,8.657,0.024,8.682,0.021,8.666,0.03,8.029,0.192,OSFC,10.0,roquette25,10197.0,3.62793,2.62
156244296,3.3366978324185467e+18,86.53454,10.17528,1.2,11.378,13.391,0.046,12.281,0.069,10.391,0.023,9.858,0.024,9.748,0.023,12.0335,0.000199,12.6105,0.002251,11.328,0.000839,9.682,0.022,9.74,0.02,9.731,0.054,8.301,,OSFC,10.0,roquette25,4998.0,4.5601,
156246618,3.3352309808259604e+18,86.53696,8.32233,0.239532,11.8989,14.629,0.061,13.077,0.103,10.631,0.021,9.938,0.022,9.744,0.023,12.7059,0.000297,13.4792,0.001893,11.861,0.001344,9.664,0.024,9.748,0.02,9.657,0.052,9.075,,OSFC,10.0,roquette25,4506.0,20.8664,
156288076,3.3368893922560753e+18,86.542,10.36033,0.390644,12.3981,15.113,0.052,13.615,0.149,11.113,0.024,10.451,0.021,10.287,0.026,13.2172,0.000345,13.995,0.00208,12.3633,0.000852,10.191,0.024,10.274,0.02,10.149,0.074,8.451,,OSFC,10.0,roquette25,4607.0,11.0836,
156286735,3.3362093056574193e+18,86.54283,9.36933,0.492759,12.0243,14.508,0.043,13.099,0.103,10.843,0.026,10.318,0.027,10.129,0.024,12.7938,0.000231,13.5036,0.002473,11.9888,0.000838,10.031,0.024,10.089,0.021,9.96,0.055,8.835,0.47,OSFC,10.0,roquette25,4870.0,9.53406,
156284375,3.33348808739394e+18,86.54446,7.51233,0.255807,12.5001,15.391,0.044,13.84,0.092,11.142,0.026,10.433,0.022,10.223,0.021,13.3667,0.000348,14.2067,0.001694,12.4722,0.001962,10.144,0.022,10.223,0.021,10.157,0.067,8.459,,OSFC,10.0,roquette25,4522.0,16.5245,
156284507,3.333502793361942e+18,86.54575,7.62219,0.27421,12.8361,15.705,0.028,14.207,0.126,11.467,0.028,10.764,0.023,10.573,0.021,13.7104,0.00041,14.5598,0.001952,12.806,0.001487,10.47,0.023,10.535,0.02,10.12,0.067,8.028,,OSFC,10.0,roquette25,4490.0,13.5228,
156286427,3.336185601735237e+18,86.54721,9.12464,0.510648,12.0536,14.913,0.068,13.281,0.092,10.73,0.026,10.067,0.023,9.868,0.023,12.9113,0.000375,13.7307,0.001924,12.0336,0.001006,9.766,0.023,9.87,0.019,9.475,0.044,8.637,0.48,OSFC,10.0,roquette25,4751.0,10.4941,
156286696,3.336197314107683e+18,86.56179,9.33681,0.447503,11.7935,14.272,0.05,12.912,0.092,10.594,0.022,10.005,0.023,9.834,0.021,12.5665,0.000324,13.2785,0.004033,11.7561,0.000803,9.757,0.024,9.824,0.021,9.7,0.051,8.583,0.392,OSFC,10.0,roquette25,4857.0,11.6554,
156286376,3.33618439484606e+18,86.58104,9.08564,0.127365,11.9811,14.668,0.054,13.192,0.103,10.709,0.023,10.082,0.022,9.915,0.021,12.8206,0.000429,13.6083,0.001886,11.954,0.000873,9.802,0.023,9.86,0.019,9.634,0.052,8.259,0.271,OSFC,10.0,roquette25,4861.0,27.0959,
156285999,3.3353311781205596e+18,86.58121,8.78408,0.0666773,12.857,16.012,0.166,14.227,0.103,11.442,0.022,10.63,0.022,10.439,0.023,13.7566,0.000429,14.6525,0.003072,12.8315,0.000666,10.278,0.022,10.393,0.021,10.199,0.081,8.302,,OSFC,10.0,roquette25,4360.0,33.3435,
156287274,3.3362917733263217e+18,86.58408,9.791,0.395617,12.4434,14.813,0.069,13.523,0.103,11.31,0.022,10.676,0.022,10.541,0.021,13.1817,0.00034,13.8553,0.001881,12.3962,0.000945,10.459,0.024,10.516,0.02,10.584,0.103,8.73,,OSFC,10.0,roquette25,4765.0,9.36009,
156287859,3.336697626260116e+18,86.58554,10.20422,0.373855,11.8612,14.099,0.037,12.907,0.092,10.716,0.023,10.092,0.022,9.976,0.019,12.6015,0.000207,13.2815,0.001199,11.8173,0.000828,9.852,0.022,9.929,0.021,9.868,0.061,8.765,,OSFC,10.0,roquette25,4749.0,12.9164,
156287794,3.336696977721015e+18,86.595,10.16428,0.341171,12.3416,14.709,0.044,13.372,0.114,11.218,0.023,10.587,0.022,10.441,0.019,13.0808,0.000613,13.7566,0.001763,12.295,0.001322,10.375,0.022,10.439,0.021,10.208,0.068,8.481,,OSFC,10.0,roquette25,4756.0,11.2664,
156286374,3.335433879377984e+18,86.59971,9.08469,0.464245,12.5855,15.24,0.045,13.798,0.114,11.256,0.022,10.641,0.022,10.496,0.021,13.421,0.000345,14.2096,0.001873,12.5518,0.000977,10.411,0.024,10.442,0.02,10.1,0.076,8.248,0.318,OSFC,10.0,roquette25,4684.0,8.78333,
156286724,3.336198967673395e+18,86.603,9.36256,0.0929048,12.9546,15.988,0.167,14.258,0.137,11.591,0.021,10.85,0.023,10.708,0.023,13.821,0.000467,14.6642,0.003194,12.9233,0.000881,10.564,0.023,10.634,0.021,10.347,0.087,8.269,,OSFC,10.0,roquette25,4467.0,21.9249,
156287763,3.3366938466891617e+18,86.60967,10.13669,0.565527,12.2322,14.35,0.056,13.155,0.126,11.164,0.023,10.631,0.022,10.485,0.021,12.9176,0.000417,13.5274,0.001828,12.18,0.00084,10.399,0.023,10.464,0.021,10.446,0.098,8.623,,OSFC,10.0,roquette25,4881.0,6.73948,
156286971,3.336236557227121e+18,86.611,9.55106,0.204335,12.9416,15.701,0.025,14.21,0.16,11.657,0.024,10.951,0.022,10.809,0.024,13.7748,0.000397,14.569,0.001947,12.9086,0.001318,10.681,0.024,10.758,0.02,10.722,0.114,8.628,,OSFC,10.0,roquette25,4598.0,15.187,
156284673,3.3350084714572585e+18,86.62292,7.76175,0.312714,12.6736,15.465,0.027,13.928,0.08,11.328,0.024,10.711,0.025,10.513,0.026,13.5324,0.000373,14.3495,0.003823,12.6356,0.002749,10.345,0.023,10.431,0.02,10.35,0.073,8.906,,OSFC,10.0,roquette25,4572.0,12.6221,
156284717,3.335008883774114e+18,86.62925,7.79869,0.30683,12.9006,15.68,0.027,14.195,0.08,11.604,0.024,10.91,0.022,10.712,0.021,13.7568,0.000372,14.5742,0.00205,12.8702,0.002287,10.627,0.022,10.687,0.02,10.812,0.128,8.9,,OSFC,10.0,roquette25,4623.0,11.4284,
156286506,3.3361913355132093e+18,86.63958,9.18267,0.408962,12.1553,14.586,0.059,13.227,0.092,10.99,0.023,10.392,0.022,10.211,0.02,12.9129,0.000338,13.6116,0.003299,12.112,0.000879,10.12,0.024,10.184,0.02,10.05,0.063,8.854,,OSFC,10.0,roquette25,4733.0,10.6648,
156287978,3.336700276255864e+18,86.64104,10.28233,0.27134,12.922,15.65,0.043,14.142,0.114,11.653,0.023,10.928,0.023,10.765,0.021,13.7533,0.000297,14.538,0.003038,12.8878,0.000819,10.672,0.024,10.746,0.02,10.697,0.148,8.797,,OSFC,10.0,roquette25,4675.0,12.1669,
156285318,3.335250084840495e+18,86.64825,8.27722,0.304191,12.7175,15.17,0.076,13.797,0.114,11.528,0.022,10.898,0.022,10.792,0.023,13.4839,0.000291,14.1917,0.002821,12.6719,0.001368,10.637,0.022,10.65,0.02,9.934,0.061,8.961,,OSFC,10.0,roquette25,4696.0,10.9812,
156353068,3.3352380245723305e+18,86.66492,8.23408,0.375505,11.5272,13.769,0.035,12.514,0.092,10.416,0.026,9.884,0.023,9.742,0.023,12.248,0.000223,12.8982,0.001868,11.4872,0.000734,9.659,0.023,9.721,0.02,9.672,0.06,8.928,,OSFC,10.0,roquette25,5028.0,14.0089,
156351363,3.336235079758376e+18,86.67554,9.47231,0.328293,12.491,15.078,0.048,13.568,0.137,11.29,0.026,10.684,0.023,10.505,0.026,13.2744,0.000316,14.0088,0.00246,12.4475,0.001064,10.381,0.023,10.464,0.021,10.208,0.074,8.855,,OSFC,10.0,roquette25,4601.0,11.7969,
156350310,3.336699176744237e+18,86.67675,10.24422,0.326318,12.7737,15.194,0.059,13.907,0.114,11.595,0.028,10.984,0.023,10.837,0.024,13.5583,0.000311,14.2741,0.001847,12.7409,0.001136,10.694,0.024,10.75,0.02,10.858,0.131,8.93,,OSFC,10.0,roquette25,5144.0,9.75527,
156352887,3.335251665388456e+18,86.68233,8.36436,0.455172,11.9002,14.378,0.054,13.004,0.092,10.697,0.024,10.102,0.023,9.939,0.023,12.6722,0.000244,13.3887,0.002237,11.8625,0.000915,9.849,0.023,9.921,0.02,9.918,0.065,8.843,,OSFC,10.0,roquette25,4764.0,11.0638,
156352317,3.3353189804134216e+18,86.68604,8.77917,1.28076,12.1695,14.479,0.034,13.134,0.08,11.065,0.022,10.516,0.022,10.418,0.023,12.8914,0.000245,13.5527,0.001984,12.1265,0.000869,10.312,0.023,10.384,0.021,10.318,0.071,8.613,,OSFC,10.0,roquette25,4771.0,3.36861,
156351274,3.336235973111554e+18,86.69042,9.53872,0.213636,12.393,15.503,0.045,13.741,0.092,10.988,0.024,10.243,0.022,10.048,0.024,13.2751,0.000289,14.1491,0.003406,12.3599,0.0009,9.924,0.024,10.043,0.02,9.946,0.062,8.183,,OSFC,10.0,roquette25,4340.0,21.2785,
156352951,3.3352507419733115e+18,86.69525,8.32056,0.535128,12.0155,14.54,0.049,13.16,0.069,10.806,0.023,10.168,0.022,9.986,0.021,12.8004,0.000339,13.5377,0.00159,11.9815,0.001313,9.912,0.023,9.982,0.02,9.799,0.056,8.201,,OSFC,10.0,roquette25,4697.0,9.27363,
156353742,3.335004515791236e+18,86.69796,7.72131,1.05172,12.6397,14.81,0.02,13.69,0.057,11.559,0.024,10.964,0.024,10.833,0.023,13.3581,0.000329,13.9966,0.001585,12.5923,0.00069,10.777,0.024,10.814,0.021,10.869,0.132,8.891,,OSFC,10.0,roquette25,5074.0,3.14481,
156353565,3.3350109410617677e+18,86.7,7.85489,0.657635,12.9189,15.944,0.027,14.508,0.08,11.509,0.026,10.795,0.023,10.628,0.026,13.848,0.000412,14.7637,0.002478,12.897,0.001747,10.429,0.024,10.447,0.022,10.27,0.089,8.62,,OSFC,10.0,roquette25,4457.0,6.37475,
156350933,3.3362970647263094e+18,86.70046,9.79883,0.264078,12.651,15.211,0.06,13.817,0.092,11.45,0.024,10.779,0.022,10.659,0.023,13.4399,0.000261,14.1749,0.002489,12.6127,0.00089,10.523,0.022,10.616,0.02,10.664,0.113,9.015,,OSFC,10.0,roquette25,4726.0,13.1825,
156351697,3.3361942603892413e+18,86.70317,9.26522,0.32408,12.5729,15.682,0.095,13.975,0.092,11.147,0.023,10.403,0.022,10.223,0.021,13.4829,0.000355,14.3889,0.00264,12.5525,0.001008,10.085,0.023,10.171,0.022,10.109,0.079,8.725,,OSFC,10.0,roquette25,4399.0,13.9386,
156353810,3.3349919100633687e+18,86.70325,7.65889,0.333444,12.8756,15.693,0.033,14.17,0.069,11.594,0.024,10.942,0.027,10.757,0.021,13.7177,0.000423,14.5301,0.002059,12.8419,0.001817,10.622,0.023,10.717,0.021,10.655,0.101,8.744,,OSFC,10.0,roquette25,4502.0,10.6878,
156353610,3.335007681183257e+18,86.71883,7.82425,0.443459,12.0878,14.774,0.041,13.408,0.069,10.808,0.024,10.167,0.026,10.016,0.021,12.929,0.000452,13.7223,0.001866,12.0626,0.000907,9.847,0.024,9.922,0.021,9.787,0.067,8.513,,OSFC,10.0,roquette25,4825.0,11.3294,
156351711,3.336193504474996e+18,86.71954,9.25503,0.297146,12.4411,15.026,0.059,13.741,0.126,11.205,0.023,10.598,0.022,10.445,0.021,13.2409,0.000364,13.984,0.00448,12.4066,0.000977,10.352,0.023,10.411,0.021,10.419,0.081,8.602,,OSFC,10.0,roquette25,4828.0,12.9631,
156351908,3.3354392352014075e+18,86.71979,9.10561,1.9676,11.3686,13.308,0.047,12.219,0.069,10.431,0.023,9.941,0.024,9.846,0.019,12.0068,0.000213,12.5626,0.001886,11.3225,0.001111,9.773,0.022,9.824,0.02,9.865,0.069,8.945,,OSFC,10.0,roquette25,5239.0,2.67465,
156350300,3.3366965611082245e+18,86.72183,10.25114,0.995957,11.4235,12.971,0.034,12.141,0.069,10.56,0.023,10.267,0.022,10.176,0.023,11.9747,0.00018,12.4253,0.001726,11.3601,0.001195,10.051,0.022,10.034,0.02,9.803,0.066,8.462,,OSFC,10.0,roquette25,7040.19,3.54801,1.55
156353367,3.33520648663033e+18,86.72812,8.00078,0.479418,12.0964,14.545,0.039,13.216,0.069,10.909,0.024,10.255,0.023,10.102,0.021,12.8822,0.000349,13.6219,0.003558,12.0553,0.000961,9.993,0.022,10.058,0.021,9.919,0.065,8.825,,OSFC,10.0,roquette25,4597.0,10.0333,
156352713,3.3352632789813535e+18,86.73212,8.49464,0.419012,12.2251,14.519,0.038,13.258,0.069,11.099,0.022,10.555,0.022,10.386,0.019,12.9574,0.000605,13.6257,0.001437,12.1863,0.001375,10.311,0.023,10.369,0.021,10.268,0.079,8.905,,OSFC,10.0,roquette25,4900.0,9.53934,
156353405,3.3350186419397724e+18,86.7365,7.978,1.20613,12.1236,14.261,0.034,13.118,0.069,11.05,0.022,10.54,0.022,10.399,0.021,12.8163,0.000442,13.4366,0.002268,12.0754,0.001772,10.336,0.022,10.393,0.021,10.526,0.104,8.894,,OSFC,10.0,roquette25,4894.0,3.44603,
156351414,3.3362230194902e+18,86.74242,9.44656,0.449508,12.0568,14.513,0.063,13.153,0.103,10.91,0.023,10.306,0.022,10.184,0.021,12.8199,0.000321,13.5279,0.001997,12.0191,0.001045,10.079,0.023,10.143,0.02,10.058,0.065,8.669,,OSFC,10.0,roquette25,4760.0,10.2817,
156350340,3.3366962218067287e+18,86.75429,10.22367,0.134842,13.4394,17.067,0.0,15.085,0.126,11.892,0.023,10.991,0.022,10.773,0.021,14.4516,0.000648,15.4967,0.004067,13.4426,0.002208,10.639,0.022,10.759,0.02,10.51,0.118,8.966,,OSFC,10.0,roquette25,4292.0,21.2468,
156352315,3.3354125419806915e+18,86.75637,8.78219,0.642464,12.275,14.522,0.037,13.256,0.126,11.161,0.021,10.614,0.022,10.481,0.023,12.9953,0.000576,13.6472,0.002404,12.2291,0.001126,10.383,0.023,10.446,0.018,10.528,0.096,8.475,,OSFC,10.0,roquette25,4851.0,6.17662,
156352105,3.3354281069421466e+18,86.75729,8.94411,0.37136,12.6426,15.337,0.062,13.801,0.114,11.361,0.022,10.741,0.026,10.576,0.019,13.4759,0.00032,14.258,0.002545,12.6154,0.000898,10.462,0.024,10.513,0.021,10.142,0.075,8.486,0.373,OSFC,10.0,roquette25,4850.0,10.2384,
156350691,3.3366761900793144e+18,86.76046,9.97317,0.53065,12.1075,14.215,0.058,13.118,0.092,10.942,0.026,10.363,0.025,10.197,0.023,12.8566,0.000318,13.5514,0.002023,12.0651,0.001103,10.058,0.023,10.121,0.021,9.686,0.051,7.434,0.143,OSFC,10.0,roquette25,4686.0,8.53051,
156353697,3.3350059288366044e+18,86.76483,7.75003,0.0813242,12.7491,15.479,0.042,14.11,0.103,11.459,0.024,10.736,0.024,10.546,0.021,13.5956,0.000352,14.3943,0.002876,12.7225,0.001082,10.437,0.024,10.52,0.02,10.445,0.09,8.966,,OSFC,10.0,roquette25,4798.0,23.7189,
156352168,3.3354143974065454e+18,86.76712,8.89047,1.38077,12.3522,15.007,0.037,13.463,0.126,11.087,0.021,10.49,0.022,10.329,0.021,13.168,0.00027,13.9295,0.002452,12.3201,0.000781,10.245,0.022,10.308,0.021,10.305,0.088,8.861,,OSFC,10.0,roquette25,4824.0,3.26762,
156350963,3.3362499532277494e+18,86.78304,9.77675,0.984402,11.8763,14.041,0.047,12.838,0.092,10.805,0.023,10.313,0.023,10.133,0.019,12.5739,0.000196,13.1939,0.001382,11.8341,0.000887,10.061,0.024,10.114,0.02,10.09,0.067,8.217,,OSFC,10.0,roquette25,5174.0,4.5762,
156383463,3.3362449066434847e+18,86.78537,9.64672,0.998644,13.0729,15.877,0.099,14.455,0.183,11.716,0.028,11.019,0.022,10.853,0.026,13.9361,0.000923,14.7642,0.005527,13.0432,0.0031,10.738,0.024,10.775,0.021,10.334,0.083,8.574,0.425,OSFC,10.0,roquette25,4589.0,3.55341,
156384186,3.336682924587989e+18,86.78608,10.14753,0.579037,12.0694,14.72,0.044,13.223,0.092,10.85,0.026,10.23,0.025,10.045,0.025,12.8704,0.000313,13.6274,0.00278,12.0387,0.000647,9.936,0.024,10.03,0.02,9.891,0.055,8.8,,OSFC,10.0,roquette25,4692.0,8.60999,
156383936,3.3366761557199734e+18,86.78754,9.9735,0.0910181,12.9016,15.872,0.077,14.149,0.149,11.557,0.027,10.829,0.025,10.641,0.023,13.7705,0.000314,14.615,0.001713,12.8748,0.001017,10.503,0.023,10.611,0.02,10.426,0.11,8.456,,OSFC,10.0,roquette25,4513.0,27.466,
156357583,3.3350067534703135e+18,86.79079,7.81203,0.300452,12.832,16.049,0.118,14.546,0.103,11.33,0.026,10.618,0.025,10.393,0.024,13.7843,0.000347,14.7458,0.001971,12.8126,0.001301,10.224,0.023,10.271,0.021,9.48,0.056,7.079,0.131,OSFC,10.0,roquette25,4306.0,14.2342,
156359623,3.3362184840047483e+18,86.79671,9.35181,0.287774,12.6292,15.152,0.056,13.77,0.114,11.45,0.026,10.859,0.023,10.711,0.024,13.4054,0.000298,14.1303,0.002461,12.5878,0.001165,10.593,0.022,10.663,0.021,10.521,0.084,8.922,,OSFC,10.0,roquette25,4963.91,10.2779,
156359911,3.336225940067923e+18,86.799,9.56083,0.177246,12.5848,15.299,0.058,13.814,0.103,11.309,0.026,10.606,0.022,10.44,0.024,13.4148,0.000288,14.2007,0.002238,12.554,0.000743,10.333,0.022,10.407,0.02,10.371,0.079,8.492,,OSFC,10.0,roquette25,4688.0,19.617,
156357717,3.3350172675502387e+18,86.80117,7.91361,0.260431,11.904,14.388,0.023,13.062,0.252,10.693,0.026,10.009,0.023,9.897,0.023,12.6818,0.000328,13.4147,0.001576,11.8645,0.000815,9.774,0.024,9.856,0.021,9.646,0.057,8.549,,OSFC,10.0,roquette25,4602.0,18.1915,
156383816,3.3362994699079444e+18,86.8045,9.89047,0.986423,12.4416,14.836,0.052,13.5,0.114,11.253,0.024,10.66,0.023,10.525,0.023,13.192,0.000361,13.8787,0.002153,12.3885,0.000835,10.404,0.023,10.476,0.021,10.38,0.081,9.054,,OSFC,10.0,roquette25,4668.0,4.07749,
156359799,3.336224290800498e+18,86.80571,9.48189,0.430111,11.9045,14.571,0.053,13.138,0.092,10.63,0.023,9.951,0.022,9.831,0.023,12.7291,0.000365,13.513,0.002171,11.8704,0.000956,9.701,0.023,9.746,0.02,9.673,0.046,8.822,,OSFC,10.0,roquette25,4607.0,12.8041,
156384043,3.3366799009310316e+18,86.8085,10.04486,0.316471,12.6016,15.546,0.046,13.925,0.126,11.236,0.024,10.552,0.023,10.361,0.025,13.4552,0.000333,14.2985,0.00243,12.5658,0.001025,10.239,0.023,10.367,0.022,10.262,0.075,8.968,,OSFC,10.0,roquette25,4339.0,13.2168,
156383679,3.336250713439227e+18,86.80854,9.79586,1.21416,12.7852,15.332,0.079,13.892,0.16,11.579,0.024,11.026,0.023,10.851,0.019,13.5612,0.000278,14.2882,0.001873,12.742,0.001287,10.77,0.024,10.838,0.021,10.554,0.106,8.931,,OSFC,10.0,roquette25,4794.14,2.64661,
156359388,3.3354414685844e+18,86.80912,9.18358,0.566898,11.6648,14.071,0.044,12.781,0.08,10.502,0.024,9.887,0.022,9.743,0.024,12.4354,0.000246,13.1451,0.002265,11.6266,0.000902,9.626,0.023,9.674,0.02,9.541,0.045,8.114,,OSFC,10.0,roquette25,4841.0,9.92415,
156358994,3.335414977226126e+18,86.81325,8.86219,0.388622,12.305,15.109,0.045,13.557,0.137,10.98,0.026,10.328,0.023,10.121,0.019,13.1648,0.000485,13.9941,0.002105,12.2728,0.001122,9.967,0.023,10.046,0.02,9.723,0.058,8.066,0.25,OSFC,10.0,roquette25,4520.0,12.4342,
156357290,3.3349876150963395e+18,86.825,7.57206,0.217057,12.8154,15.547,0.043,14.17,0.069,11.449,0.021,10.78,0.022,10.607,0.021,13.6585,0.000315,14.4755,0.004151,12.7785,0.001612,10.479,0.024,10.566,0.021,10.438,0.096,8.333,,OSFC,10.0,roquette25,4449.0,15.858,
156383909,3.336675223710705e+18,86.82621,9.95225,0.489774,11.8082,14.415,0.141,12.867,0.092,10.643,0.022,10.024,0.022,9.896,0.023,12.5659,0.000231,13.2711,0.00189,11.7672,0.000635,9.755,0.022,9.812,0.021,9.646,0.048,8.886,0.504,OSFC,10.0,roquette25,4676.0,10.7003,
156357795,3.335019187399508e+18,86.83171,7.96947,0.312088,12.6083,14.967,0.031,13.821,0.08,11.411,0.026,10.825,0.025,10.615,0.023,13.3888,0.00038,14.1209,0.001949,12.5657,0.001492,10.498,0.022,10.598,0.021,10.814,0.144,8.765,,OSFC,10.0,roquette25,4607.0,11.645,
156384311,3.336701547566161e+18,86.83221,10.24592,0.287827,13.0226,15.844,0.04,14.271,0.126,11.682,0.027,11.03,0.027,10.837,0.026,13.8789,0.000334,14.6995,0.003901,12.9978,0.000852,10.735,0.023,10.806,0.02,10.816,0.135,8.926,,OSFC,10.0,roquette25,4653.0,11.4333,
156384225,3.336683405624315e+18,86.83617,10.16944,0.277607,12.8326,15.691,0.006,14.307,0.114,11.33,0.022,10.551,0.023,10.322,0.021,13.7684,0.000345,14.7172,0.002315,12.8106,0.001098,10.188,0.024,10.294,0.022,10.055,0.09,7.887,,OSFC,10.0,roquette25,4263.0,15.2108,
156358591,3.335265207422894e+18,86.84446,8.54836,3.14915,8.2636,8.121,0.028,8.19,0.03,8.28,0.027,8.377,0.051,8.359,0.023,8.15876,0.000891,8.1406,0.002293,8.22975,0.002364,8.368,0.023,8.41,0.021,8.48,0.025,8.376,,OSFC,10.0,roquette25,14106.0,,
156383902,3.336675189350967e+18,86.84625,9.94925,0.501139,11.8831,14.309,0.048,12.925,0.092,10.758,0.022,10.164,0.023,9.985,0.019,12.6339,0.00032,13.3318,0.002039,11.8435,0.001261,9.893,0.022,9.966,0.021,9.869,0.057,8.793,,OSFC,10.0,roquette25,4704.0,9.98263,
156384251,3.336689349859044e+18,86.863,10.19686,0.29893,12.7454,15.468,0.05,14.008,0.126,11.435,0.021,10.801,0.023,10.603,0.021,13.5799,0.000289,14.3675,0.003589,12.7158,0.001429,10.505,0.023,10.574,0.02,10.229,0.08,8.716,,OSFC,10.0,roquette25,4741.0,12.0458,
156358127,3.3352355506711685e+18,86.86346,8.22042,0.645693,11.4777,13.608,0.036,12.496,0.08,10.395,0.022,9.867,0.022,9.729,0.019,12.1859,0.000181,12.8209,0.002044,11.436,0.000861,9.641,0.023,9.692,0.02,9.559,0.049,8.239,0.256,OSFC,10.0,roquette25,5051.0,8.50275,
156359137,3.3354227081677056e+18,86.86412,8.98419,0.481468,12.5535,15.423,0.04,13.807,0.092,11.194,0.023,10.538,0.022,10.375,0.023,13.4239,0.000343,14.2533,0.002414,12.5281,0.000481,10.231,0.023,10.31,0.02,10.303,0.082,8.816,0.517,OSFC,10.0,roquette25,4707.0,9.03238,
156357851,3.3350198101708575e+18,86.86487,8.01672,0.532675,12.0711,14.589,0.026,13.196,0.092,10.855,0.022,10.247,0.022,10.058,0.019,12.8509,0.000565,13.5869,0.002409,12.0301,0.001365,9.95,0.024,10.057,0.02,9.999,0.068,8.994,0.506,OSFC,10.0,roquette25,4574.0,9.14901,
156383767,3.3366274679707156e+18,86.87817,9.86236,0.51384,12.0176,14.209,0.017,12.996,0.103,10.944,0.022,10.42,0.023,10.285,0.021,12.7235,0.000297,13.3585,0.002328,11.9745,0.000899,10.164,0.022,10.221,0.021,10.223,0.087,8.444,,OSFC,10.0,roquette25,4966.0,8.29012,
156359069,3.3354154625586785e+18,86.8875,8.91736,0.329225,12.421,14.955,0.038,13.597,0.114,11.16,0.023,10.548,0.022,10.379,0.019,13.2306,0.000317,13.978,0.001869,12.3873,0.000528,10.282,0.023,10.323,0.02,10.224,0.089,8.519,,OSFC,10.0,roquette25,4945.0,11.9137,
156359472,3.3354420913554314e+18,86.88962,9.239,0.257187,12.6977,15.388,0.041,13.925,0.126,11.483,0.024,10.813,0.022,10.669,0.023,13.5141,0.000392,14.2838,0.001723,12.6659,0.001004,10.548,0.022,10.631,0.021,10.463,0.092,8.985,,OSFC,10.0,roquette25,4710.0,13.4163,
156358772,3.335361036732875e+18,86.89137,8.68678,0.634625,12.5664,14.692,0.039,13.518,0.103,11.316,0.023,10.79,0.026,10.607,0.019,13.3009,0.0005,13.9225,0.013908,12.4687,0.006397,10.5,0.024,10.567,0.02,10.414,0.085,8.784,,OSFC,10.0,roquette25,4732.0,5.66765,
156384409,3.3367037122296566e+18,86.89704,10.32036,0.646993,12.5641,15.073,0.057,13.707,0.126,11.334,0.022,10.711,0.022,10.58,0.023,13.3575,0.000269,14.0886,0.002491,12.5281,0.000732,10.476,0.023,10.522,0.02,10.597,0.098,8.7,,OSFC,10.0,roquette25,4906.0,5.92192,
156359159,3.3354226437437143e+18,86.90383,8.99908,0.499592,11.9746,14.54,0.035,13.151,0.092,10.721,0.023,10.094,0.022,9.943,0.021,12.7886,0.000255,13.5453,0.002529,11.9467,0.000819,9.821,0.023,9.871,0.019,9.823,0.06,8.891,,OSFC,10.0,roquette25,4965.0,10.137,
156391502,3.3353602078031724e+18,86.91087,8.66458,0.425167,11.7411,13.98,0.024,12.741,0.092,10.638,0.026,10.121,0.023,9.95,0.023,12.4639,0.000276,13.1178,0.002007,11.6966,0.000919,9.876,0.024,9.917,0.02,9.776,0.054,8.201,,OSFC,10.0,roquette25,4891.0,11.6106,
156391488,3.335360212099152e+18,86.91446,8.67389,0.33053,12.866,15.18,0.059,13.989,0.16,11.618,0.026,10.96,0.023,10.804,0.021,13.662,0.000275,14.4131,0.002149,12.8255,0.000929,10.674,0.024,10.74,0.02,10.508,0.097,8.013,,OSFC,10.0,roquette25,4589.0,10.077,
156392711,3.335000362558966e+18,86.91462,7.78719,0.230733,12.9853,15.708,0.036,14.378,0.114,11.659,0.026,10.997,0.027,10.771,0.026,13.8244,0.000304,14.6312,0.00195,12.9508,0.00095,10.657,0.023,10.746,0.021,10.846,0.114,8.793,,OSFC,10.0,roquette25,4518.0,12.5638,
156391054,3.3354216129515694e+18,86.91629,8.95772,0.152176,12.7819,15.606,0.069,14.122,0.16,11.409,0.024,10.726,0.027,10.544,0.026,13.6572,0.00033,14.4951,0.002531,12.7611,0.000493,10.417,0.023,10.475,0.02,10.42,0.084,8.852,,OSFC,10.0,roquette25,4722.0,20.2106,
156392358,3.335043174792938e+18,86.91979,8.04208,0.31561,12.8981,15.593,0.041,14.157,0.114,11.617,0.026,11.002,0.025,10.82,0.024,13.7137,0.000387,14.4925,0.002332,12.859,0.001417,10.649,0.022,10.749,0.021,10.558,0.103,8.453,,OSFC,10.0,roquette25,4522.0,10.7077,
156391644,3.335262527363519e+18,86.92004,8.56625,0.353425,12.1802,14.103,0.038,13.038,0.092,11.133,0.024,10.595,0.022,10.498,0.024,12.839,0.000465,13.4107,0.002328,12.1302,0.001323,10.406,0.023,10.452,0.02,10.432,0.101,8.662,,OSFC,10.0,roquette25,5251.0,9.63248,
156391311,3.3354104116768865e+18,86.9275,8.79589,0.326637,12.9355,15.78,0.051,14.241,0.16,11.551,0.023,10.857,0.022,10.663,0.023,13.8091,0.000316,14.6462,0.002695,12.9086,0.00104,10.582,0.024,10.636,0.021,10.586,0.101,8.403,,OSFC,10.0,roquette25,4633.0,10.8804,
156391349,3.3353633731950664e+18,86.92783,8.76608,0.365311,12.4367,14.799,0.019,13.531,0.126,11.243,0.024,10.653,0.022,10.562,0.024,13.1998,0.00029,13.9005,0.001976,12.3905,0.001166,10.428,0.023,10.47,0.021,10.046,0.057,8.005,0.232,OSFC,10.0,roquette25,4739.0,10.4811,
156390043,3.3362463798140764e+18,86.92958,9.72192,0.383331,11.8932,14.528,0.048,13.072,0.092,10.638,0.024,9.985,0.022,9.841,0.024,12.701,0.000239,13.4707,0.001674,11.8597,0.000763,9.726,0.024,9.805,0.02,9.73,0.055,8.786,,OSFC,10.0,roquette25,4590.0,13.9778,
156392962,3.3349883022910705e+18,86.93833,7.59892,0.430456,11.9628,14.333,0.036,13.1,0.057,10.818,0.024,10.22,0.023,10.094,0.023,12.7201,0.000323,13.4224,0.00228,11.9266,0.001127,9.953,0.023,10.037,0.019,9.956,0.061,8.437,,OSFC,10.0,roquette25,4782.0,10.9988,
156392774,3.3349992974070784e+18,86.94117,7.74794,0.339854,12.5387,15.155,0.047,13.833,0.069,11.29,0.024,10.656,0.022,10.533,0.023,13.3483,0.00034,14.1135,0.002439,12.5023,0.001119,10.393,0.023,10.465,0.021,10.383,0.079,8.379,,OSFC,10.0,roquette25,4624.0,11.5961,
156389628,3.3366777706276137e+18,86.94396,10.03378,0.334306,12.9233,15.496,0.033,14.107,0.114,11.67,0.024,11.053,0.023,10.869,0.021,13.7253,0.000346,14.4706,0.002457,12.8867,0.002274,10.799,0.024,10.873,0.021,10.765,0.113,8.43,,OSFC,10.0,roquette25,4791.0,9.52087,
156391316,3.335410446036623e+18,86.94579,8.79275,1.27937,12.2769,14.548,0.046,13.329,0.126,11.104,0.023,10.555,0.022,10.435,0.023,13.0255,0.000735,13.6981,0.002319,12.2343,0.001298,10.339,0.024,10.369,0.02,10.36,0.103,8.692,,OSFC,10.0,roquette25,5089.0,3.2006,
156390970,3.33542312478004e+18,86.9505,9.02656,0.515933,12.462,15.298,0.052,13.869,0.114,11.071,0.023,10.375,0.024,10.183,0.019,13.3403,0.000377,14.1823,0.002493,12.4376,0.000892,10.093,0.024,10.129,0.02,9.762,0.079,8.153,0.299,OSFC,10.0,roquette25,4661.0,8.98437,
156390713,3.3354623636012206e+18,86.95125,9.22608,0.306108,12.6977,15.214,0.059,13.894,0.137,11.49,0.023,10.875,0.024,10.742,0.019,13.4835,0.000241,14.2121,0.003432,12.656,0.001642,10.636,0.022,10.694,0.021,10.626,0.101,8.975,,OSFC,10.0,roquette25,4726.0,11.289,
156389395,3.3366889719019044e+18,86.95346,10.21636,1.59886,12.0996,13.723,0.022,12.861,0.103,11.201,0.024,10.815,0.022,10.713,0.023,12.6743,0.000312,13.1461,0.001781,12.0398,0.001041,10.634,0.023,10.646,0.021,10.746,0.108,8.888,0.478,OSFC,10.0,roquette25,5884.0,2.01593,1.07
156392775,3.334999263047563e+18,86.96329,7.74736,0.573249,11.7434,14.213,0.034,12.933,0.057,10.541,0.024,10.0,0.022,9.844,0.021,12.5213,0.000195,13.2498,0.001754,11.7076,0.000946,9.705,0.024,9.778,0.021,9.682,0.052,8.56,,OSFC,10.0,roquette25,4701.0,9.75201,
156390044,3.3362464871913907e+18,86.96575,9.72022,0.455596,12.2366,14.505,0.023,13.285,0.126,11.12,0.022,10.585,0.022,10.448,0.019,12.9581,0.000388,13.6106,0.001838,12.1946,0.001187,10.396,0.024,10.435,0.021,10.315,0.072,8.541,,OSFC,10.0,roquette25,5042.62,8.16483,
156392495,3.3350154464840827e+18,86.97158,7.93739,0.294112,12.6962,15.37,0.066,13.983,0.08,11.394,0.022,10.757,0.022,10.582,0.019,13.5229,0.00035,14.3093,0.003407,12.6574,0.001115,10.499,0.023,10.571,0.021,10.409,0.103,8.364,,OSFC,10.0,roquette25,4556.0,12.6259,
156391763,3.335249092705823e+18,86.97375,8.47111,0.231611,12.9307,15.581,0.056,14.238,0.16,11.661,0.023,10.945,0.022,10.814,0.021,13.7446,0.000319,14.5194,0.00397,12.8914,0.002274,10.675,0.023,10.757,0.022,10.678,0.117,8.548,,OSFC,10.0,roquette25,4542.0,13.68,
156392865,3.3349950325034486e+18,86.97504,7.67578,0.509445,12.3734,14.764,0.033,13.548,0.069,11.178,0.026,10.565,0.025,10.399,0.023,13.1448,0.000328,13.8601,0.001767,12.3317,0.00119,10.277,0.023,10.37,0.021,10.342,0.096,8.369,,OSFC,10.0,roquette25,4713.0,8.0593,
156392021,3.3352420790214333e+18,86.9775,8.28169,0.58248,11.9198,14.414,0.042,13.043,0.229,10.699,0.021,10.105,0.022,9.93,0.021,12.6969,0.000271,13.4243,0.00209,11.8829,0.000825,9.828,0.023,9.916,0.02,9.863,0.056,8.572,,OSFC,10.0,roquette25,4691.0,8.85934,
156390101,3.3362342851861714e+18,86.98033,9.68436,0.459162,12.0061,14.579,0.043,13.084,0.103,10.868,0.023,10.26,0.022,10.123,0.021,12.761,0.00035,13.4587,0.002176,11.9676,0.000955,10.03,0.023,10.087,0.021,9.965,0.059,8.488,,OSFC,10.0,roquette25,4781.0,10.1817,
156390724,3.335462118787158e+18,86.98542,9.21219,0.804962,11.8899,14.33,0.058,13.03,0.103,10.722,0.023,10.135,0.024,9.981,0.019,12.66,0.00021,13.3692,0.001849,11.8551,0.001241,9.906,0.023,9.952,0.02,9.981,0.069,8.831,,OSFC,10.0,roquette25,4976.48,6.11438,
156390723,3.335462118787889e+18,86.99042,9.21406,0.274555,12.7814,16.002,0.166,14.03,0.126,11.501,0.022,10.869,0.024,10.723,0.019,13.6123,0.000328,14.3956,0.002742,12.7477,0.001237,10.613,0.022,10.661,0.021,10.961,0.14,9.069,,OSFC,10.0,roquette25,4694.0,12.809,
156389351,3.3366905137939205e+18,86.99046,10.25061,0.58214,12.707,14.927,0.019,13.745,0.126,11.593,0.024,11.008,0.022,10.875,0.023,13.4337,0.000319,14.0832,0.005076,12.6637,0.001497,10.809,0.023,10.859,0.021,10.945,0.135,8.71,,OSFC,10.0,roquette25,5109.0,5.43428,
156392327,3.335040700891766e+18,86.99258,8.05814,0.0983768,12.7988,15.565,0.041,14.086,0.126,11.53,0.022,10.766,0.022,10.639,0.024,13.6478,0.000364,14.4525,0.001823,12.7813,0.001009,10.516,0.023,10.602,0.021,10.622,0.108,8.327,,OSFC,10.0,roquette25,4898.0,25.1738,
156391574,3.3353566000306447e+18,86.99946,8.61406,0.954258,11.8743,13.913,0.041,12.775,0.092,10.855,0.023,10.309,0.022,10.183,0.019,12.5488,0.000232,13.1476,0.001134,11.8257,0.001599,10.112,0.024,10.163,0.02,10.111,0.076,8.84,0.523,OSFC,10.0,roquette25,4959.0,4.68566,
156392736,3.334996823506125e+18,87.00158,7.77197,0.515992,12.1549,14.442,0.033,13.289,0.08,11.006,0.022,10.445,0.023,10.302,0.021,12.8939,0.000298,13.5706,0.002151,12.1167,0.001123,10.208,0.023,10.271,0.022,10.281,0.08,8.797,,OSFC,10.0,roquette25,4878.0,8.22241,
156391238,3.335416901371737e+18,87.01212,8.84581,0.379992,12.9305,15.856,0.065,14.267,0.149,11.53,0.023,10.81,0.022,10.639,0.019,13.8279,0.000351,14.6948,0.002506,12.9141,0.001197,10.515,0.023,10.585,0.02,10.317,0.077,8.85,,OSFC,10.0,roquette25,4684.0,9.8206,
156392418,3.3350391890632817e+18,87.018,8.00069,0.189306,12.7791,15.793,0.036,14.328,0.114,11.33,0.022,10.568,0.022,10.399,0.021,13.7189,0.000348,14.6334,0.002292,12.7754,0.001949,10.25,0.023,10.324,0.02,10.083,0.098,8.54,,OSFC,10.0,roquette25,4782.0,20.0105,
156390519,3.3354683765552737e+18,87.02129,9.37461,0.780593,11.8764,14.349,0.054,13.022,0.092,10.677,0.023,10.062,0.024,9.941,0.019,12.6604,0.000275,13.3881,0.001596,11.8423,0.001068,9.825,0.023,9.864,0.021,9.654,0.043,8.316,,OSFC,10.0,roquette25,4834.0,6.76927,
156392987,3.334941396950962e+18,87.02267,7.58186,0.381185,12.2997,14.69,0.046,13.475,0.069,11.116,0.022,10.564,0.023,10.411,0.023,13.0664,0.000496,13.7766,0.001994,12.2591,0.00094,10.285,0.022,10.351,0.021,10.222,0.075,8.658,,OSFC,10.0,roquette25,4735.0,10.811,
156431043,3.336625612544788e+18,87.03029,9.89819,0.377629,12.1943,14.801,0.063,13.29,0.103,10.98,0.023,10.428,0.024,10.283,0.023,12.969,0.0006,13.6845,0.002312,12.1571,0.001497,9.555,0.017,8.792,0.021,6.426,0.019,3.412,0.024,OSFC,10.0,roquette25,4831.0,11.4385,
156429004,3.3352445915801e+18,87.04292,8.387,0.273337,12.7724,15.183,0.029,13.872,0.195,11.591,0.024,11.049,0.022,10.904,0.026,13.5437,0.000264,14.2419,0.003566,12.736,0.00153,10.809,0.023,10.844,0.021,10.643,0.11,8.885,,OSFC,10.0,roquette25,5175.0,11.1235,
156428198,3.3349982966785884e+18,87.04458,7.78175,0.522405,11.8459,14.466,0.032,13.119,0.069,10.602,0.026,9.979,0.023,9.777,0.021,12.6585,0.000231,13.4333,0.001942,11.8139,0.001818,9.66,0.023,9.752,0.02,9.564,0.046,8.192,,OSFC,10.0,roquette25,4602.0,10.8047,
156430490,3.3362267260441226e+18,87.06946,9.49847,0.187012,12.6872,15.479,0.102,13.923,0.114,11.378,0.024,10.702,0.025,10.518,0.021,13.5321,0.000335,14.3368,0.002309,12.6568,0.001254,10.395,0.023,10.485,0.02,10.323,0.084,9.067,,OSFC,10.0,roquette25,4641.0,18.7646,
156430375,3.335474458229067e+18,87.07492,9.41108,3.01333,10.2204,10.806,0.101,10.375,0.007,9.869,0.021,9.784,0.022,9.782,0.024,10.422,0.000422,10.5766,0.001098,10.1761,0.001141,9.736,0.024,9.74,0.021,9.702,0.046,8.548,0.374,OSFC,10.0,roquette25,7443.57,1.52397,1.71
156431618,3.336714810425128e+18,87.07996,10.33181,0.47749,12.703,15.194,0.013,13.821,0.149,11.485,0.024,10.858,0.023,10.711,0.023,13.4882,0.000289,14.221,0.002163,12.6635,0.00127,10.6,0.023,10.665,0.021,10.461,0.109,8.12,,OSFC,10.0,roquette25,4807.24,7.06111,
156428605,3.335042792539763e+18,87.08287,8.11244,0.479374,11.9263,14.41,0.044,13.134,0.103,10.648,0.021,9.998,0.022,9.823,0.019,12.7201,0.000307,13.4748,0.001657,11.8863,0.001236,9.747,0.024,9.84,0.019,9.689,0.048,8.34,,OSFC,10.0,roquette25,4538.0,11.0565,
156428505,3.335041181928095e+18,87.09133,8.04244,0.547444,12.0526,14.354,0.037,13.114,0.103,10.943,0.021,10.408,0.025,10.271,0.021,12.7936,0.000317,13.4657,0.002743,12.0199,0.001111,10.144,0.024,10.221,0.021,10.291,0.079,8.977,,OSFC,10.0,roquette25,5180.0,7.88052,
156429405,3.3353580474358246e+18,87.09396,8.68231,0.476019,11.9185,14.344,0.045,12.995,0.103,10.725,0.023,10.14,0.022,9.958,0.019,12.694,0.000376,13.4131,0.002393,11.8823,0.000954,9.872,0.024,9.924,0.02,9.758,0.056,8.464,,OSFC,10.0,roquette25,4801.0,10.5257,
156428931,3.3352432816122757e+18,87.09908,8.33986,0.521065,12.6549,15.269,0.042,13.885,0.137,11.3,0.024,10.643,0.025,10.481,0.023,13.4849,0.000245,14.2752,0.003406,12.6089,0.002368,10.356,0.023,10.415,0.02,10.294,0.083,8.799,0.455,OSFC,10.0,roquette25,4486.0,7.74436,
156428182,3.334997338902178e+18,87.11179,7.77211,0.328798,12.6215,14.967,0.024,13.831,0.092,11.423,0.023,10.842,0.023,10.701,0.023,13.382,0.000357,14.08,0.001903,12.5768,0.001192,10.584,0.023,10.657,0.021,10.674,0.101,8.804,,OSFC,10.0,roquette25,4768.0,10.5347,
156430789,3.336609222949619e+18,87.11412,9.72233,0.283346,12.6796,15.065,0.062,13.696,0.114,11.572,0.024,10.941,0.022,10.821,0.021,13.4245,0.000275,14.1009,0.001737,12.6391,0.002021,10.741,0.022,10.811,0.021,11.11,0.172,8.826,,OSFC,10.0,roquette25,5096.42,10.4028,
156429757,3.3353721692880364e+18,87.11542,8.91539,0.140407,13.1392,16.527,0.101,14.695,0.16,11.618,0.023,10.834,0.022,10.646,0.019,14.1057,0.00035,15.081,0.002475,13.1315,0.001594,10.496,0.024,10.599,0.021,10.334,0.088,8.946,,OSFC,10.0,roquette25,4393.0,22.0251,
156431389,3.3366858795257876e+18,87.12529,10.15536,0.235835,12.1867,14.282,0.03,13.17,0.092,11.115,0.024,10.538,0.022,10.435,0.023,12.8805,0.000345,13.4914,0.002306,12.1413,0.000529,10.335,0.023,10.39,0.021,10.391,0.081,8.309,,OSFC,10.0,roquette25,5247.0,13.8169,
156428671,3.3350488398537155e+18,87.12733,8.15108,0.323109,12.7743,15.339,0.05,13.972,0.149,11.48,0.021,10.893,0.022,10.701,0.023,13.5655,0.000423,14.3105,0.001388,12.7257,0.00113,10.61,0.023,10.685,0.02,10.634,0.092,8.231,,OSFC,10.0,roquette25,4524.0,10.686,
156429494,3.335365297340606e+18,87.13246,8.74164,0.779142,12.4903,15.281,0.031,13.686,0.149,11.164,0.023,10.541,0.022,10.382,0.019,13.342,0.000363,14.1496,0.00229,12.4632,0.001272,10.245,0.023,10.293,0.021,10.146,0.07,8.512,,OSFC,10.0,roquette25,4731.0,5.71171,
156430553,3.3354778598430577e+18,87.13683,9.53483,0.363606,12.573,15.255,0.0,13.764,0.126,11.291,0.024,10.673,0.022,10.504,0.021,13.3954,0.000333,14.1773,0.001289,12.5393,0.001353,10.373,0.023,10.469,0.02,10.329,0.079,8.528,,OSFC,10.0,roquette25,4610.0,10.9725,
156429874,3.335420169842512e+18,87.14442,9.01289,0.185666,12.6629,15.206,0.033,13.739,0.126,11.436,0.022,10.877,0.029,10.717,0.019,13.4496,0.000258,14.1756,0.002714,12.621,0.00138,10.618,0.023,10.673,0.021,10.456,0.086,8.163,,OSFC,10.0,roquette25,4775.0,17.3123,
156431651,3.336715291461757e+18,87.14696,10.36164,0.242754,12.6666,15.175,0.026,13.808,0.126,11.401,0.023,10.809,0.023,10.647,0.019,13.4597,0.000287,14.1899,0.002065,12.6283,0.001431,10.511,0.022,10.574,0.021,10.457,0.104,8.789,,OSFC,10.0,roquette25,4869.0,13.8162,
156431589,3.3367119242074127e+18,87.15012,10.30956,0.173404,12.7155,15.658,0.087,14.131,0.149,11.308,0.023,10.536,0.022,10.393,0.021,13.5954,0.000278,14.4521,0.002704,12.6844,0.001076,10.249,0.023,10.329,0.02,10.247,0.086,8.717,,OSFC,10.0,roquette25,4466.0,20.6047,
156500335,3.3366097727054054e+18,87.16446,9.76406,-0.280332,12.5184,14.713,0.043,13.522,0.114,11.409,0.024,10.882,0.024,10.769,0.026,13.2392,0.000633,13.8728,0.002632,12.47,0.00098,10.667,0.022,10.709,0.021,10.775,0.133,8.801,,OSFC,10.0,roquette25,5293.59,29.877,
156502432,3.3350494969847557e+18,87.1685,8.20636,0.373178,12.1236,14.51,0.036,13.21,0.103,10.924,0.024,10.324,0.023,10.193,0.027,12.8843,0.000364,13.5907,0.003092,12.0816,0.001603,10.062,0.023,10.133,0.021,10.157,0.079,8.281,,OSFC,10.0,roquette25,4687.0,11.8985,
156502423,3.3350496000639703e+18,87.17117,8.21117,0.48089,12.3199,14.942,0.037,13.498,0.126,11.07,0.024,10.405,0.023,10.277,0.026,13.1195,0.000518,13.8807,0.001694,12.2793,0.000947,10.145,0.023,10.226,0.021,10.214,0.082,8.667,,OSFC,10.0,roquette25,4524.0,9.29856,
156501412,3.335419890667652e+18,87.17358,8.99989,0.271168,12.5715,15.228,0.04,13.687,0.114,11.307,0.026,10.687,0.027,10.531,0.023,13.3889,0.000256,14.158,0.001448,12.5355,0.001317,10.399,0.023,10.47,0.021,10.311,0.091,8.733,,OSFC,10.0,roquette25,4678.0,14.047,
156499957,3.336632931168981e+18,87.18483,10.04572,0.29444,12.3817,14.874,0.031,13.493,0.092,11.199,0.027,10.608,0.025,10.418,0.025,13.1716,0.000406,13.9077,0.002304,12.3447,0.001026,10.305,0.024,10.378,0.02,10.522,0.103,8.339,,OSFC,10.0,roquette25,4744.0,13.503,
156502699,3.3350293278183506e+18,87.18787,8.02131,0.439894,12.0041,14.493,0.041,13.166,0.08,10.79,0.024,10.166,0.023,10.038,0.021,12.7913,0.0004,13.5282,0.003227,11.9668,0.001327,9.867,0.023,9.938,0.02,9.933,0.087,8.719,,OSFC,10.0,roquette25,4693.0,11.2085,
156502821,3.3350247236136136e+18,87.18983,7.93467,0.175352,12.957,15.819,0.077,14.444,0.092,11.532,0.023,10.793,0.022,10.638,0.023,13.8574,0.000338,14.7319,0.002145,12.9388,0.000978,10.513,0.023,10.574,0.02,10.469,0.121,8.487,,OSFC,10.0,roquette25,4608.0,18.942,
156501073,3.3354515359866803e+18,87.19208,9.22819,0.722385,12.0069,14.537,0.057,13.177,0.08,10.802,0.024,10.17,0.022,10.003,0.021,12.8031,0.000206,13.5434,0.002485,11.9768,0.000929,9.928,0.023,9.965,0.02,9.79,0.054,8.498,,OSFC,10.0,roquette25,4896.0,6.92656,
156501108,3.3354507156498734e+18,87.20508,9.20844,0.169122,12.8128,15.288,0.049,13.955,0.114,11.589,0.023,11.003,0.022,10.857,0.019,13.5968,0.000285,14.3229,0.003206,12.7723,0.001292,10.767,0.023,10.799,0.022,10.905,0.135,8.991,,OSFC,10.0,roquette25,4754.0,17.1688,
156501633,3.3353677712417423e+18,87.20554,8.83581,0.28292,12.986,15.75,0.061,14.348,0.103,11.61,0.024,10.884,0.022,10.763,0.021,13.8767,0.000345,14.7404,0.002215,12.9614,0.001365,10.603,0.023,10.662,0.021,10.298,0.081,8.481,0.318,OSFC,10.0,roquette25,4554.0,12.5469,
156500190,3.3366130712402447e+18,87.2075,9.87936,0.35204,12.4974,14.793,0.022,13.562,0.103,11.38,0.024,10.817,0.024,10.681,0.025,13.23,0.000276,13.8935,0.002032,12.4528,0.000855,10.572,0.023,10.634,0.021,10.511,0.1,8.481,,OSFC,10.0,roquette25,5055.5,9.06935,
156500128,3.336630903944446e+18,87.208,9.92714,0.149396,12.6794,15.457,0.07,13.971,0.114,11.358,0.024,10.659,0.021,10.471,0.025,13.5211,0.000329,14.3363,0.002237,12.6432,0.000838,10.367,0.023,10.437,0.021,10.281,0.081,8.938,,OSFC,10.0,roquette25,4458.0,21.7239,
156502509,3.3350482900980147e+18,87.21371,8.14503,0.263078,11.8523,14.513,0.047,13.082,0.08,10.575,0.023,9.879,0.022,9.739,0.024,12.6666,0.000286,13.4453,0.002283,11.817,0.000897,9.612,0.023,9.716,0.021,9.533,0.059,8.422,,OSFC,10.0,roquette25,4545.0,19.9927,
156499709,3.33666312908079e+18,87.21408,10.2175,0.421343,12.9311,15.572,0.054,14.106,0.092,11.645,0.022,11.032,0.023,10.837,0.021,13.742,0.000317,14.5069,0.003029,12.8953,0.001166,10.737,0.023,10.815,0.021,10.742,0.107,8.547,,OSFC,10.0,roquette25,4650.0,7.9497,
156501310,3.3354439467814405e+18,87.226,9.05967,0.13351,12.8555,15.804,0.082,14.21,0.103,11.481,0.023,10.752,0.024,10.547,0.023,13.7201,0.000297,14.5665,0.001284,12.8239,0.001066,10.45,0.022,10.56,0.021,10.406,0.093,8.916,,OSFC,10.0,roquette25,4428.0,23.0978,
156501123,3.335450475131698e+18,87.24458,9.19753,0.950463,11.8863,14.422,0.047,13.039,0.08,10.684,0.022,10.098,0.022,9.945,0.021,12.6609,0.000222,13.3903,0.00153,11.8496,0.001103,9.855,0.022,9.922,0.02,9.819,0.05,8.821,,OSFC,10.0,roquette25,4637.0,5.63861,
156500115,3.336619565230772e+18,87.24537,9.93481,0.561499,12.6551,14.953,0.024,13.711,0.126,11.536,0.022,10.966,0.022,10.804,0.02,13.3883,0.000328,14.0559,0.002322,12.6093,0.001282,10.733,0.024,10.779,0.021,10.722,0.103,8.627,,OSFC,10.0,roquette25,4804.0,6.04585,
156501686,3.3353666717301146e+18,87.24733,8.79733,0.610826,12.0175,14.812,0.057,13.361,0.114,10.693,0.023,10.03,0.022,9.839,0.021,12.8864,0.000401,13.7195,0.002737,11.9971,0.001464,9.716,0.023,9.766,0.02,9.669,0.049,8.85,,OSFC,10.0,roquette25,4707.0,9.22363,
156500408,3.336606852127639e+18,87.24942,9.70392,0.156012,13.0262,15.9,0.041,14.375,0.172,11.668,0.022,10.926,0.025,10.729,0.025,13.8809,0.000338,14.7174,0.003304,12.9849,0.001263,10.617,0.023,10.699,0.02,10.582,0.127,9.138,,OSFC,10.0,roquette25,4355.0,18.8519,
156500139,3.3366192903530117e+18,87.25904,9.9205,0.408518,12.1286,14.727,0.036,13.333,0.092,10.86,0.022,10.232,0.024,10.072,0.023,12.9296,0.000525,13.6876,0.002737,12.0926,0.001055,9.975,0.024,10.055,0.021,9.81,0.063,8.326,,OSFC,10.0,roquette25,4617.0,11.7033,
156502683,3.335034344340653e+18,87.26179,8.03192,0.373627,12.6965,15.359,0.047,14.118,0.114,11.354,0.023,10.752,0.022,10.564,0.021,13.5412,0.000285,14.337,0.001963,12.6705,0.002025,10.458,0.024,10.489,0.02,10.342,0.171,7.924,,OSFC,10.0,roquette25,4827.0,10.1382,
156500173,3.336618843676273e+18,87.2655,9.89625,0.234041,12.8996,15.445,-0.03,14.109,0.149,11.645,0.021,11.022,0.022,10.826,0.021,13.6984,0.000334,14.4498,0.002154,12.862,0.001177,10.679,0.023,10.746,0.021,10.606,0.102,8.51,,OSFC,10.0,roquette25,4649.0,13.2173,
156499961,3.336634236839016e+18,87.26717,10.04364,0.346626,12.8892,15.464,0.026,14.025,0.114,11.596,0.024,10.966,0.025,10.773,0.023,13.688,0.000353,14.43,0.003038,12.8387,0.001894,10.643,0.023,10.723,0.021,10.641,0.099,8.86,,OSFC,10.0,roquette25,4607.0,9.51252,
156502529,3.3350363372049597e+18,87.26725,8.13147,0.311548,12.065,14.89,0.035,13.45,0.092,10.714,0.023,10.021,0.022,9.86,0.023,12.9129,0.000446,13.7426,0.001978,12.0327,0.001044,9.732,0.023,9.834,0.021,9.732,0.048,8.649,,OSFC,10.0,roquette25,4425.0,16.6166,
156501526,3.335371447733724e+18,87.26758,8.91256,0.389424,12.0573,14.745,0.05,13.272,0.114,10.761,0.023,10.152,0.026,9.981,0.021,12.8738,0.000513,13.6489,0.002036,12.0256,0.001197,9.868,0.023,9.957,0.02,9.896,0.057,8.852,,OSFC,10.0,roquette25,4643.0,12.8755,
80567572,3.3354735305160837e+18,87.27921,9.45839,0.345663,12.3229,14.574,0.055,13.357,0.126,11.2,0.024,10.659,0.021,10.539,0.024,13.0497,0.000415,13.706,0.002314,12.2797,0.000975,10.467,0.023,10.495,0.02,10.508,0.102,8.833,,OSFC,10.0,roquette25,4943.0,10.7426,
80568802,3.336665194963205e+18,87.28492,10.27692,0.252599,12.5733,14.935,0.045,13.682,0.114,11.413,0.027,10.826,0.024,10.681,0.023,13.3299,0.000231,14.0189,0.001423,12.5308,0.001121,10.581,0.022,10.629,0.022,10.578,0.11,8.912,,OSFC,10.0,roquette25,4892.0,13.2674,
80568123,3.3366086731937336e+18,87.287,9.80822,0.267306,12.7078,15.196,0.028,13.885,0.126,11.5,0.024,10.893,0.024,10.695,0.023,13.4777,0.000311,14.1905,0.002801,12.6643,0.001443,10.621,0.022,10.683,0.021,10.641,0.114,8.436,,OSFC,10.0,roquette25,4701.0,12.3321,
80567850,3.3358541676984545e+18,87.28771,9.63153,0.588803,12.121,13.709,0.044,13.099,0.092,11.041,0.026,10.547,0.022,10.419,0.023,12.8093,0.000528,13.4244,0.001702,12.0726,0.001188,10.314,0.022,10.365,0.022,10.145,0.065,8.495,,OSFC,10.0,roquette25,4910.0,6.83472,
80566151,3.3351507164778665e+18,87.29021,8.43639,0.388932,12.3644,15.156,0.06,13.658,0.103,11.068,0.023,10.447,0.022,10.261,0.023,13.194,0.000541,13.9861,0.002143,12.3305,0.001053,10.144,0.022,10.262,0.021,10.547,0.089,9.057,,OSFC,10.0,roquette25,4575.0,11.5058,
80568105,3.3366084670353055e+18,87.29312,9.798,0.136046,12.8178,15.587,0.045,14.123,0.137,11.495,0.024,10.792,0.024,10.604,0.023,13.6467,0.000345,14.4451,0.001862,12.7815,0.000779,10.508,0.023,10.597,0.021,10.348,0.104,8.386,,OSFC,10.0,roquette25,4489.0,19.9322,
80566825,3.3353950528739753e+18,87.29808,8.94456,0.521187,11.8982,14.592,0.04,13.115,0.114,10.631,0.024,10.018,0.024,9.815,0.023,12.7123,0.000277,13.485,0.00202,11.8654,0.00087,9.723,0.022,9.813,0.021,9.774,0.077,8.849,,OSFC,10.0,roquette25,4631.0,10.5623,
80566568,3.335352820458362e+18,87.29858,8.72703,0.49286,12.9303,16.104,0.085,14.369,0.137,11.606,0.032,10.78,0.022,10.596,0.025,13.8455,0.000375,14.7515,0.002593,12.9128,0.002112,10.443,0.024,10.538,0.021,10.312,0.096,8.34,,OSFC,10.0,roquette25,4460.0,8.14128,
80565509,3.335025097274621e+18,87.30017,7.96942,0.606749,12.0371,14.837,0.029,13.419,0.092,10.684,0.023,10.071,0.024,9.881,0.023,12.909,0.000468,13.7438,0.002103,12.0199,0.000806,9.744,0.023,9.799,0.02,9.742,0.056,8.877,,OSFC,10.0,roquette25,4773.0,9.15283,
80568491,3.3366338932416195e+18,87.30387,10.05667,0.382784,12.7193,15.372,0.026,13.93,0.103,11.438,0.024,10.763,0.022,10.606,0.023,13.5297,0.000312,14.3004,0.002469,12.6812,0.001194,10.516,0.024,10.607,0.02,10.357,0.076,8.565,,OSFC,10.0,roquette25,4557.0,9.66914,
80567885,3.33585564516719e+18,87.32917,9.65767,0.371292,12.303,14.565,0.032,13.343,0.092,11.169,0.022,10.581,0.022,10.429,0.021,13.0355,0.000833,13.7055,0.003613,12.2552,0.002055,10.328,0.023,10.41,0.021,10.272,0.071,9.024,,OSFC,10.0,roquette25,4725.0,10.5148,
80568512,3.336657429662384e+18,87.34183,10.07336,0.400471,12.3804,15.137,0.043,13.597,0.103,11.106,0.022,10.445,0.022,10.239,0.021,13.2059,0.000515,13.9986,0.002867,12.3487,0.001061,10.16,0.023,10.264,0.021,10.236,0.082,8.709,0.433,OSFC,10.0,roquette25,4513.85,11.3548,
80567237,3.33545342577229e+18,87.34254,9.22911,0.775478,11.8767,14.375,0.059,12.999,0.114,10.669,0.022,10.077,0.024,9.911,0.019,12.6496,0.000234,13.3715,0.001782,11.8394,0.00118,9.819,0.024,9.881,0.02,9.768,0.049,8.261,,OSFC,10.0,roquette25,4704.0,6.82836,
80567044,3.3353990386033644e+18,87.34733,9.09683,0.276501,12.2526,14.551,0.054,13.281,0.092,11.114,0.022,10.609,0.024,10.44,0.021,12.9829,0.000507,13.6446,0.002054,12.2095,0.000931,10.343,0.023,10.418,0.021,10.346,0.083,8.846,,OSFC,10.0,roquette25,4908.0,13.6175,
144696938,3.336345821194956e+18,84.83782403,9.302714146,2.79774,10.6215,12.313,0.285,11.633,0.02,9.657,0.024,9.168,0.026,9.037,0.025,11.2385,0.001767,11.7774,0.006728,10.5712,0.004288,8.931,0.023,8.936,0.019,8.875,0.028,8.229,,OSFC,10.0,roquette25,5358.27,2.23934,0.927
302537716,3.3408565332869693e+18,82.2849703,11.87018513,2.48499,8.75622,10.717,0.044,9.85,0.03,7.698,0.03,7.103,0.029,6.59,0.029,9.42567,0.002135,10.0125,0.006854,8.70238,0.005467,5.291,0.181,4.399,0.124,1.76,0.015,-0.724,0.011,OSFC,10.0,roquette25,5680.19,5.62818,
