tic,GAIA,ra,dec,plx,tmag,Bmag,e_Bmag,Vmag,e_Vmag,Jmag,e_Jmag,Hmag,e_Hmag,Kmag,e_Kmag,GAIAmag,e_GAIAmag,gaiabp,e_gaiabp,gaiarp,e_gaiarp,w1mag,e_w1mag,w2mag,e_w2mag,w3mag,e_w3mag,w4mag,e_w4mag,assoc,age,ref,teff,rstar,mstar
79537657,2.9225148301898527e+18,104.477902008661,-23.1223928741499,8.93191,17.0403,,,,,14.938,0.035,14.319,0.037,13.903,0.048,18.6116,0.00183,20.72,0.075837,17.1763,0.005352,13.874,0.029,13.704,0.035,12.714,,9.137,,Hyades,650.0,Jerabkova2021,2949.0,0.162933,0.133909
745305650,2.92882747004513e+18,104.537226715414,-22.1274153746331,10.8528,19.7721,,,21.7231,0.0937,,,,,,,20.7852,0.008973,21.2269,0.095121,18.9415,0.035931,,,,,,,,,Hyades,650.0,Lodieu2019,,,
745236349,2.9285770562730506e+18,105.308330596507,-22.5052192099603,12.038,19.612,,,21.6835,0.0939,,,,,,,20.6577,0.009724,21.5641,0.092816,19.1712,0.029368,,,,,,,,,Hyades,650.0,Lodieu2019,,,
53746405,2.921903776605684e+18,103.53458234233,-24.7705221134483,15.8866,13.6156,18.165,0.162,16.441,0.137,11.963,0.023,11.39,0.022,11.145,0.021,14.9244,0.000614,16.5133,0.004055,13.6969,0.001315,10.978,0.023,10.802,0.021,10.607,0.078,9.19,,Hyades,650.0,Roeser2019,3271.0,0.293102,0.268767
78312995,2.9222172748591964e+18,102.367281434463,-23.9865519074379,0.0236007,17.0189,17.188,0.145,17.3522,0.0459,16.456,0.139,16.178,0.251,16.406,,17.285,0.00086,17.477,0.008862,16.9613,0.006305,16.527,0.072,16.692,0.267,12.735,,9.197,,Berkeley_75,1698.243652461746,Cantat-Gaudin2020,7229.0,1.0607,1.62
172997202,2.922223150374468e+18,102.218978338305,-23.9860144920739,-0.102172,17.2189,17.051,0.175,17.5083,0.0459,16.573,0.148,17.367,,15.981,,17.4516,0.001057,17.6305,0.008775,17.1747,0.007278,,,,,,,,,Berkeley_75,1698.243652461746,Cantat-Gaudin2020,7440.0,0.953887,1.7
172997207,2.9222230816548475e+18,102.229327339757,-23.9909046281154,0.0888834,13.0369,15.562,0.029,14.17,0.126,11.815,0.022,11.129,0.026,10.971,0.023,13.804,0.000255,14.5385,0.000925,12.984,0.000795,10.855,0.022,10.962,0.021,10.724,0.106,8.566,,Berkeley_75,1698.243652461746,Cantat-Gaudin2020,4387.0,23.9275,
172997209,2.9222230816548526e+18,102.219484306962,-23.9914672720218,0.0563181,16.9718,17.438,0.156,17.5082,0.0459,16.379,0.118,16.058,0.233,16.813,,17.3804,0.001109,17.6921,0.007332,16.9139,0.005675,,,,,,,,,Berkeley_75,1698.243652461746,Cantat-Gaudin2020,6224.0,1.18234,1.2
172997215,2.92222325345353e+18,102.250431437396,-23.9943134363092,0.0744982,14.6272,13.818,0.092,15.45,0.206,13.577,0.035,13.039,0.044,12.893,0.041,15.3017,0.000326,15.9053,0.001925,14.5703,0.001279,12.728,0.023,12.775,0.024,11.856,,9.067,,Berkeley_75,1698.243652461746,Cantat-Gaudin2020,4727.0,9.42523,
172997221,2.922223253453531e+18,102.251596914241,-23.9963186652117,,17.5806,17.53,0.18,18.065,0.0463,16.524,0.147,15.951,,15.53,,17.9552,0.00159,17.7549,0.020331,17.0449,0.011592,,,,,,,,,Berkeley_75,1698.243652461746,Cantat-Gaudin2020,,,
172997226,2.922223249150559e+18,102.250699591595,-23.9982568541121,0.118475,16.6762,14.875,0.129,16.9663,0.0459,16.127,0.122,15.509,,15.011,,16.9095,0.000918,17.0612,0.007101,16.6049,0.005979,,,,,,,,,Berkeley_75,1698.243652461746,Cantat-Gaudin2020,7416.0,1.07353,1.69
172997227,2.9222228754964137e+18,102.247760395446,-23.9988199837487,0.192013,16.345,17.206,0.132,17.0202,0.046,15.729,0.079,15.107,0.1,15.276,0.182,16.84,0.001235,17.2339,0.008139,16.2846,0.003888,14.925,0.031,15.169,0.067,12.702,,9.193,,Berkeley_75,1698.243652461746,Cantat-Gaudin2020,5623.0,1.61279,1.0
172997229,2.9222232491546696e+18,102.250377326904,-23.9990866839384,0.075302,16.6236,14.871,0.118,16.8985,0.0459,16.232,0.111,15.441,,14.729,,16.845,0.000801,16.9974,0.006361,16.5614,0.004193,,,,,,,,,Berkeley_75,1698.243652461746,Cantat-Gaudin2020,7525.0,1.13238,1.74
172997238,2.922223184728184e+18,102.256207306084,-24.0027780560548,-0.0183009,17.3913,17.057,0.177,17.9523,0.0461,16.539,0.15,17.207,,16.099,,17.8158,0.001173,18.1201,0.009312,17.3112,0.010572,15.961,0.053,16.739,0.318,12.728,,9.198,,Berkeley_75,1698.243652461746,Cantat-Gaudin2020,6091.0,0.994301,1.14
172997246,2.922222806776948e+18,102.242190845286,-24.0089923689778,0.115269,15.5069,16.95,0.115,16.331,0.069,14.626,0.035,14.121,0.04,14.166,0.065,16.108,0.000557,16.6175,0.003497,15.4458,0.001927,13.839,0.026,13.914,0.039,12.216,,8.572,,Berkeley_75,1698.243652461746,Cantat-Gaudin2020,5068.0,4.05891,
172997252,2.922222944215917e+18,102.208054856004,-24.0125987551733,0.0702035,16.9136,17.353,0.155,17.4658,0.0459,16.201,0.115,15.046,,15.0,,17.3324,0.000934,17.659,0.00773,16.8609,0.003677,16.067,0.058,16.964,0.36,12.854,,8.671,,Berkeley_75,1698.243652461746,Cantat-Gaudin2020,6157.0,1.25185,1.17
172997285,2.9222226693380137e+18,102.229972802773,-24.0331290366077,0.157275,16.8124,17.706,0.153,17.4201,0.0459,16.228,0.109,16.091,0.247,15.556,0.236,17.2664,0.000769,17.6158,0.007546,16.7489,0.00499,,,,,,,,,Berkeley_75,1698.243652461746,Cantat-Gaudin2020,5928.0,1.2369,1.08
172997301,2.922221363667991e+18,102.152295216755,-24.0467377214436,0.172461,16.5844,14.992,0.121,17.0809,0.0459,15.953,0.109,15.741,,14.8,,16.9668,0.00074,17.2463,0.004612,16.5193,0.003608,,,,,,,,,Berkeley_75,1698.243652461746,Cantat-Gaudin2020,6309.0,1.24296,1.24
172997351,2.922210540350388e+18,102.251775561149,-24.0821564392033,0.0894108,14.4548,16.223,0.046,15.335,0.343,13.451,0.026,12.908,0.03,12.808,0.031,15.0842,0.000333,15.5996,0.005645,14.3639,0.002225,12.728,0.023,12.791,0.027,12.135,,9.164,,Berkeley_75,1698.243652461746,Cantat-Gaudin2020,4890.0,9.23668,
172997392,2.922208994162188e+18,102.215477138004,-24.1056228300614,0.047358,15.9966,17.573,0.0,16.572,0.14,15.078,0.053,14.678,0.084,14.481,0.084,16.6122,0.000621,17.1444,0.004244,15.9391,0.002534,14.452,0.032,14.318,0.046,12.559,,8.784,,Berkeley_75,1698.243652461746,Cantat-Gaudin2020,4956.0,3.78464,
173042399,2.922208302669423e+18,102.257312340115,-24.1053395740998,0.13828,16.25,17.093,0.13,16.7882,0.0459,15.696,0.076,15.284,0.124,15.285,0.205,16.6598,0.000856,16.9763,0.005009,16.1961,0.003554,15.344,0.037,15.372,0.091,12.525,,8.866,,Berkeley_75,1698.243652461746,Cantat-Gaudin2020,6163.0,1.69313,1.17
173042428,2.9222098187958697e+18,102.289356613243,-24.0857158066922,0.0984155,15.5157,17.208,0.115,16.58,1.133,14.547,0.033,14.078,0.043,13.858,0.062,16.144,0.000523,16.6831,0.004125,15.4498,0.002351,13.912,0.027,13.961,0.04,12.472,,8.755,,Berkeley_75,1698.243652461746,Cantat-Gaudin2020,4895.0,4.66839,
173042479,2.9222110901061555e+18,102.303382988528,-24.0410919872271,0.135391,14.381,15.975,0.043,15.41,0.217,13.417,0.02,12.894,0.027,12.804,0.035,15.016,0.000312,15.5698,0.002384,14.3222,0.00112,12.738,0.025,12.807,0.028,12.673,0.535,8.906,,Berkeley_75,1698.243652461746,Cantat-Gaudin2020,4878.0,7.6986,
173042507,2.922211364984061e+18,102.278884037118,-24.021220311684,0.108264,15.8948,17.13,0.119,16.552,1.133,14.921,0.046,14.44,0.061,14.362,0.089,16.5102,0.000616,17.0371,0.005309,15.833,0.00266,14.309,0.029,14.367,0.045,12.6,,8.75,,Berkeley_75,1698.243652461746,Cantat-Gaudin2020,4972.0,3.50689,
173042512,2.922211395041723e+18,102.293825844955,-24.0177713778346,0.212239,16.5107,16.918,0.131,16.9886,0.0459,15.989,0.086,15.335,0.127,15.44,0.212,16.8801,0.000807,17.1533,0.005634,16.4485,0.004962,15.708,0.045,15.575,0.101,12.656,,9.13,,Berkeley_75,1698.243652461746,Cantat-Gaudin2020,6554.0,1.03866,1.36
173042516,2.9222228067769446e+18,102.252793590422,-24.0135637137259,0.135352,16.2171,16.685,-0.076,16.638,0.15,15.757,0.073,15.562,0.156,15.094,,16.3865,0.000995,16.5064,0.003991,16.16,0.004513,15.646,0.044,15.967,0.156,12.723,,8.716,,Berkeley_75,1698.243652461746,Cantat-Gaudin2020,7934.0,1.28886,1.9
173042537,2.9222114680632566e+18,102.290135881946,-23.9990385116223,0.0873908,14.6177,17.013,0.0,15.482,0.126,13.604,0.026,13.08,0.031,12.892,0.035,15.2779,0.000324,15.8596,0.003348,14.5601,0.001275,12.866,0.025,12.931,0.027,12.57,,8.729,,Berkeley_75,1698.243652461746,Cantat-Gaudin2020,4841.0,8.79671,
173042546,2.9222231847340457e+18,102.262399246661,-23.9915051732302,0.0549322,14.4629,16.279,0.057,15.202,0.183,13.473,0.037,12.917,0.041,12.772,0.043,15.1098,0.00031,15.6749,0.002076,14.4025,0.001239,12.758,0.032,12.817,0.036,11.715,,8.229,,Berkeley_75,1698.243652461746,Cantat-Gaudin2020,4851.0,10.7632,
173042553,2.922211536782715e+18,102.314128449349,-23.9885408441842,0.0402454,14.4482,15.654,0.025,15.358,0.183,13.464,0.03,12.956,0.034,12.819,0.04,15.0937,0.000321,15.6566,0.002216,14.3917,0.00158,12.774,0.026,12.869,0.028,12.142,,8.763,,Berkeley_75,1698.243652461746,Cantat-Gaudin2020,4948.0,11.0935,
173042563,2.922223322172987e+18,102.277670403556,-23.9809556565949,0.0791521,15.4674,16.979,0.119,16.372,1.133,14.486,0.046,13.865,0.058,13.76,0.065,16.1299,0.000585,16.7178,0.004645,15.4131,0.001858,13.58,0.026,13.691,0.034,12.093,,9.013,,Berkeley_75,1698.243652461746,Cantat-Gaudin2020,4830.0,5.16088,
173042581,2.922229300761472e+18,102.289297771998,-23.9525310116886,0.0471219,17.1923,17.682,0.045,17.134,0.16,16.428,0.156,15.514,,14.939,,17.5759,0.001134,17.7822,0.021546,17.0523,0.011259,15.54,0.041,15.896,0.138,12.371,,8.848,,Berkeley_75,1698.243652461746,Cantat-Gaudin2020,6336.0,,
299835196,2.92222339089246e+18,102.270546328612,-23.9693023451499,0.0295987,16.8679,17.602,0.154,17.4551,0.046,16.149,0.11,15.586,0.116,15.296,,17.3091,0.000999,17.6498,0.00891,16.8082,0.006682,16.034,0.059,16.092,0.157,12.392,,9.275,,Berkeley_75,1698.243652461746,Cantat-Gaudin2020,6018.0,1.41979,1.11
299835204,2.922223287813252e+18,102.265937313253,-23.9779620500293,0.0840408,16.6795,17.502,0.151,17.2593,0.0459,16.049,0.106,15.619,0.145,15.628,0.27,17.116,0.000871,17.4567,0.007605,16.6243,0.004381,,,,,,,,,Berkeley_75,1698.243652461746,Cantat-Gaudin2020,6048.0,1.53547,1.13
744368486,2.9222114337035325e+18,102.272524872251,-24.0105328362136,0.0996184,17.5106,,,18.0953,0.046,,,,,,,17.9502,0.001252,18.2886,0.008332,17.4503,0.008699,,,,,,,,,Berkeley_75,1698.243652461746,Cantat-Gaudin2020,5989.0,0.859428,1.1
744370697,2.922223184734046e+18,102.261973812869,-23.9921900347395,-0.143341,17.1396,,,17.6888,0.0462,,,,,,,17.5567,0.001191,17.7425,0.016651,16.9489,0.011782,,,,,,,,,Berkeley_75,1698.243652461746,Cantat-Gaudin2020,,,
744370727,2.922223249155571e+18,102.241283111444,-23.9900664455572,-0.0845748,17.5331,,,18.0721,0.0463,,,,,,,17.9434,0.001203,18.1952,0.019638,17.4138,0.008697,,,,,,,,,Berkeley_75,1698.243652461746,Cantat-Gaudin2020,6219.0,0.980926,1.2
744370812,2.9222235283314355e+18,102.224472923864,-23.9735051120461,0.0693651,17.561,,,18.1127,0.0461,,,,,,,17.9796,0.001412,18.3193,0.014739,17.5221,0.006506,,,,,,,,,Berkeley_75,1698.243652461746,Cantat-Gaudin2020,6114.0,0.84503,1.15
744371806,2.922229300761472e+18,102.289297771998,-23.9525310116886,0.0471219,17.1923,,,17.6908,0.0463,,,,,,,17.5759,0.001134,17.7822,0.021546,17.0523,0.011259,,,,,,,,,Berkeley_75,1698.243652461746,Cantat-Gaudin2020,6336.0,,
49084669,2.9271991577448023e+18,101.270130511159,-20.7155536928693,1.22692,16.8493,20.353,0.167,18.85,0.0517,15.464,0.047,14.714,0.058,14.96,0.138,17.9698,0.001689,19.0935,0.030373,16.8815,0.005446,14.454,0.028,14.567,0.049,12.786,,8.962,,NGC_2287,169.8243652461746,Cantat-Gaudin2020,3607.0,0.536917,0.533336
49085058,2.92720706048287e+18,101.177122382423,-20.5048866829566,1.22146,16.6115,20.162,0.167,18.7252,0.0483,15.2,0.049,14.517,0.057,14.327,0.076,17.7621,0.001145,18.9687,0.017712,16.652,0.005894,14.166,0.029,14.064,0.039,12.41,,9.101,,NGC_2287,169.8243652461746,Cantat-Gaudin2020,3538.0,0.65197,0.628601
49244319,2.92702001037132e+18,101.482950044125,-20.5799716523836,1.51537,13.0762,14.113,0.015,13.454,0.069,12.496,0.023,12.244,0.025,12.179,0.021,13.4585,0.000387,13.7419,0.00172,13.0142,0.001383,12.114,0.023,12.127,0.022,12.679,0.52,9.096,,NGC_2287,169.8243652461746,Cantat-Gaudin2020,6375.0,1.00307,1.272
49244150,2.927018700395781e+18,101.511876510448,-20.6605532389361,1.3388,16.8681,18.673,0.07,18.7276,0.0481,15.633,0.059,14.826,0.053,14.55,0.09,17.9459,0.001633,18.9708,0.018282,16.8901,0.007774,,,,,,,,,NGC_2287,169.8243652461746,Cantat-Gaudin2020,3704.0,0.575777,0.567861
49253384,2.9270215221997056e+18,101.630120554843,-20.5244011608232,1.34928,16.8429,20.441,0.171,18.5599,0.0493,15.646,0.059,15.015,0.098,14.706,0.094,17.8799,0.001248,18.7895,0.025928,16.8536,0.006928,,,,,,,,,NGC_2287,169.8243652461746,Cantat-Gaudin2020,3829.0,0.545687,0.541359
49305970,2.9268263545807846e+18,101.632568602029,-21.3979860382193,1.31968,16.7039,19.937,0.168,18.9051,0.0508,15.176,0.052,14.525,0.029,14.319,0.074,17.8879,0.001306,19.1321,0.025301,16.7495,0.006938,14.254,0.026,14.329,0.041,12.666,,9.16,,NGC_2287,169.8243652461746,Cantat-Gaudin2020,3498.0,0.622883,0.606371
299654361,2.9269272390767964e+18,102.1453344999,-21.1465764413553,1.45688,12.0577,12.977,0.02,12.441,0.069,11.526,0.022,11.322,0.024,11.259,0.023,12.391,0.000187,12.6346,0.001035,11.9997,0.000865,11.23,0.022,11.223,0.021,11.287,0.16,8.674,,NGC_2287,169.8243652461746,Cantat-Gaudin2020,6652.0,1.54598,1.4
299737785,2.933061380088308e+18,102.211677662933,-20.0634230863333,1.30722,16.6086,19.002,0.119,18.248,0.0473,15.176,0.063,14.601,0.097,14.407,0.098,17.5908,0.001234,18.5189,0.015678,16.6169,0.006693,14.154,0.04,14.046,0.046,12.652,,8.528,,NGC_2287,169.8243652461746,Cantat-Gaudin2020,3861.0,0.610589,0.596643
80037961,2.932052784330919e+18,105.120204490428,-20.5127060363178,0.311419,15.7692,17.468,0.053,16.313,0.847,15.039,0.039,14.693,0.033,14.654,0.096,16.2813,0.000521,16.6882,0.003808,15.7031,0.001877,14.472,0.031,14.501,0.053,12.0,,8.39,,Tombaugh_1,1258.9254117941662,Cantat-Gaudin2020,6345.0,1.59169,1.26
80038022,2.932052646892006e+18,105.088361009859,-20.5328859210116,0.291142,14.9393,15.771,0.022,15.515,0.229,14.306,0.027,14.059,0.033,13.96,0.054,15.3146,0.00039,15.5984,0.002391,14.8616,0.001476,,,,,,,,,Tombaugh_1,1258.9254117941662,Cantat-Gaudin2020,7377.0,2.01056,1.68
80038034,2.932052578172523e+18,105.102628584333,-20.5377867201158,0.386024,15.7787,17.082,-0.122,16.435,1.133,14.936,0.038,14.529,0.049,14.528,0.084,16.3232,0.000469,16.7614,0.003959,15.7151,0.001688,14.518,0.031,14.856,0.07,12.822,,9.051,,Tombaugh_1,1258.9254117941662,Cantat-Gaudin2020,5907.0,1.39923,1.07
80038049,2.93205261253228e+18,105.08334970701,-20.5412712150929,0.363605,14.7406,15.749,0.006,15.128,0.08,14.125,0.034,13.929,0.032,13.857,0.048,15.1025,0.000461,15.375,0.002218,14.6677,0.001075,,,,,,,,,Tombaugh_1,1258.9254117941662,Cantat-Gaudin2020,7277.0,1.76781,1.64
80038053,2.932052475093302e+18,105.120449843905,-20.542717919923,0.299717,15.2194,16.628,0.047,15.934,0.263,14.432,0.03,14.196,0.036,14.057,0.063,15.6967,0.000515,16.0547,0.003274,15.1345,0.002889,13.892,0.028,13.982,0.043,12.391,0.471,8.832,,Tombaugh_1,1258.9254117941662,Cantat-Gaudin2020,6622.0,2.00354,1.39
80038072,2.932052612532287e+18,105.082723655913,-20.5483544269942,0.306959,15.6018,17.015,0.055,16.121,0.24,14.894,0.041,14.528,0.039,14.366,0.076,16.0722,0.000506,16.4383,0.00349,15.5307,0.001514,14.253,0.027,14.669,0.054,12.5,,8.89,,Tombaugh_1,1258.9254117941662,Cantat-Gaudin2020,6677.0,1.62782,1.41
80038096,2.9320525438128046e+18,105.098643738151,-20.5540966073985,0.332138,13.6965,13.331,0.043,13.708,0.24,12.993,0.024,12.749,0.029,12.692,0.025,14.0952,0.000186,14.3974,0.0013,13.6187,0.000767,11.814,0.021,11.865,0.022,12.098,0.314,8.516,,Tombaugh_1,1258.9254117941662,Cantat-Gaudin2020,7224.0,3.27159,1.62
80038109,2.932051100703829e+18,105.056951964553,-20.5582206398013,0.343273,7.5305,12.142,0.131,10.403,0.031,5.585,0.018,4.752,0.27,4.278,0.036,8.85557,0.001946,10.7364,0.010261,7.59602,0.004169,4.158,0.269,3.98,0.178,3.891,0.015,3.55,0.019,Tombaugh_1,1258.9254117941662,Cantat-Gaudin2020,3304.0,274.243,
80038112,2.932051066344072e+18,105.083138954925,-20.5590560176854,0.327564,13.1604,13.884,0.043,13.649,0.126,12.54,0.024,12.343,0.024,12.301,0.024,13.4913,0.00027,13.7437,0.001516,13.083,0.000842,12.134,0.023,12.215,0.023,12.564,,8.716,,Tombaugh_1,1258.9254117941662,Cantat-Gaudin2020,7748.0,3.8603,1.83
80038115,2.9320510663440686e+18,105.089325143638,-20.5596855022777,0.353332,14.1872,15.045,0.086,14.702,0.126,13.621,0.026,13.471,0.026,13.363,0.034,14.495,0.000214,14.7296,0.001114,14.1102,0.000941,13.327,0.026,13.431,0.034,12.621,,8.874,,Tombaugh_1,1258.9254117941662,Cantat-Gaudin2020,7883.0,2.17843,1.88
80038119,2.932052303294626e+18,105.120802819186,-20.5607218118416,0.28391,15.16,15.193,0.069,15.876,0.092,14.43,0.059,14.238,0.071,14.07,0.084,15.5927,0.000767,15.9256,0.003255,15.0811,0.002169,13.636,0.025,13.715,0.036,12.193,0.374,8.874,,Tombaugh_1,1258.9254117941662,Cantat-Gaudin2020,7162.0,2.01509,1.6
80038125,2.932051066344082e+18,105.075105611471,-20.5627115202908,0.332142,14.887,15.22,0.065,15.481,0.16,14.276,0.054,14.115,0.066,14.04,0.068,15.274,0.000434,15.5682,0.002002,14.8146,0.001431,13.195,0.024,13.236,0.027,12.253,0.323,8.508,,Tombaugh_1,1258.9254117941662,Cantat-Gaudin2020,7161.0,1.86122,1.6
80038149,2.932051100703839e+18,105.059954051624,-20.569486268427,0.339174,14.4882,15.368,0.01,14.919,0.115,13.957,0.024,13.742,0.024,13.743,0.051,14.8175,0.000269,15.065,0.001137,14.4134,0.001224,,,,,,,,,Tombaugh_1,1258.9254117941662,Cantat-Gaudin2020,7570.0,2.02201,1.76
80038170,2.932050860185653e+18,105.087731050601,-20.5731299304376,0.330874,12.173,13.729,0.008,12.988,0.092,11.216,0.026,10.79,0.023,10.696,0.027,12.7445,0.00021,13.214,0.000871,12.1136,0.00067,10.582,0.022,10.626,0.021,10.554,0.084,9.037,,Tombaugh_1,1258.9254117941662,Cantat-Gaudin2020,6063.0,8.6811,
80038195,2.932050821521676e+18,105.076575152407,-20.5803854014418,0.312256,14.1521,15.245,0.048,14.671,0.172,13.533,0.032,13.387,0.035,13.289,0.045,14.4783,0.000359,14.727,0.001512,14.0723,0.001716,12.961,0.024,13.092,0.029,12.382,,9.179,,Tombaugh_1,1258.9254117941662,Cantat-Gaudin2020,7851.0,2.54131,1.87
80038203,2.932050825826369e+18,105.090526934761,-20.5816698770215,0.313868,14.0192,15.006,0.02,14.516,0.195,13.393,0.026,13.247,0.03,13.178,0.043,14.3688,0.00021,14.6367,0.001016,13.9419,0.000844,13.011,0.102,13.132,0.093,12.1,,9.078,,Tombaugh_1,1258.9254117941662,Cantat-Gaudin2020,7660.0,2.77242,1.79
80038206,2.9320507914661724e+18,105.108644915116,-20.5829474065261,0.448312,15.2062,16.876,0.043,16.01,0.217,14.401,0.024,14.193,0.027,13.989,0.045,15.6911,0.000659,16.0495,0.002802,15.1205,0.002828,13.842,0.026,13.941,0.04,12.139,0.331,8.472,,Tombaugh_1,1258.9254117941662,Cantat-Gaudin2020,6152.0,1.42949,1.17
80038208,2.93205096326491e+18,105.049377775545,-20.583198909484,0.329372,14.4853,15.549,0.016,15.069,0.103,13.821,0.024,13.624,0.027,13.592,0.043,14.8726,0.000278,15.1663,0.001211,14.4118,0.000995,13.462,0.024,13.572,0.031,12.702,,9.163,,Tombaugh_1,1258.9254117941662,Cantat-Gaudin2020,7171.0,2.25496,1.6
80038214,2.9320507914661806e+18,105.100795922483,-20.5856398120256,0.342922,15.1894,16.823,0.0,16.097,0.126,14.383,0.032,14.038,0.029,14.017,0.06,15.7049,0.000373,16.1136,0.001699,15.1211,0.00103,14.035,0.027,14.208,0.043,12.323,,9.114,,Tombaugh_1,1258.9254117941662,Cantat-Gaudin2020,6411.0,1.91093,1.29
80038218,2.9320493139974164e+18,105.122265200202,-20.5868511958379,0.344173,12.4,14.985,0.043,13.462,0.126,11.268,0.024,10.767,0.027,10.641,0.024,13.1359,0.000197,13.7962,0.001174,12.357,0.000616,10.492,0.022,10.547,0.021,10.682,0.099,8.885,,Tombaugh_1,1258.9254117941662,Cantat-Gaudin2020,5069.0,10.4361,
80038270,2.932050688387005e+18,105.069413830452,-20.5994249249833,0.324374,15.1968,15.425,0.044,16.168,0.047,14.454,0.027,14.207,0.029,14.074,0.069,15.6336,0.000413,15.9706,0.002184,15.1226,0.001367,14.065,0.031,14.161,0.043,12.603,,9.014,,Tombaugh_1,1258.9254117941662,Cantat-Gaudin2020,6990.0,1.77237,1.54
80038274,2.932047836528683e+18,105.119117114823,-20.6009915604036,0.33012,13.2797,14.664,0.033,14.043,0.114,12.48,0.026,12.209,0.024,12.129,0.024,13.7793,0.000269,14.1767,0.001327,13.2138,0.000686,12.056,0.022,12.1,0.024,11.657,0.216,8.688,,Tombaugh_1,1258.9254117941662,Cantat-Gaudin2020,6531.0,4.63674,1.35
80038280,2.9320478021693937e+18,105.100914103291,-20.6017802043553,0.259917,16.0888,16.233,0.035,16.7926,0.0459,14.595,,14.944,0.062,15.034,0.128,16.5996,0.000665,16.985,0.00456,15.9982,0.002724,14.052,0.027,14.246,0.047,12.649,,8.874,,Tombaugh_1,1258.9254117941662,Cantat-Gaudin2020,6633.0,1.57746,1.39
80038287,2.932047802169394e+18,105.101067319963,-20.6025883779086,0.27235,15.9109,16.234,0.035,16.3,1.133,14.591,,14.81,0.082,14.682,0.112,16.4138,0.000515,16.8034,0.004209,15.8312,0.002661,,,,,,,,,Tombaugh_1,1258.9254117941662,Cantat-Gaudin2020,6681.0,1.63441,1.41
80038294,2.932050654027257e+18,105.089937525348,-20.6049732093266,0.35208,15.0407,16.532,0.047,15.776,0.115,14.31,0.03,14.146,0.029,13.991,0.062,15.4622,0.000461,15.7785,0.00252,14.9608,0.001573,13.895,0.028,13.983,0.04,12.654,,8.912,,Tombaugh_1,1258.9254117941662,Cantat-Gaudin2020,6995.0,1.72919,1.54
80038335,2.93205027607018e+18,105.04740131086,-20.6206407009895,0.424682,16.8119,18.257,0.07,17.6145,0.0461,15.894,0.059,15.578,0.079,15.256,0.165,17.3813,0.00113,17.8344,0.009695,16.7383,0.004985,15.532,0.045,15.747,0.128,12.699,,8.921,,Tombaugh_1,1258.9254117941662,Cantat-Gaudin2020,5769.0,0.852161,1.03
80038341,2.9320476303702804e+18,105.114557963338,-20.6223343207587,0.442461,13.5236,14.408,0.038,14.222,0.103,12.774,0.026,12.556,0.027,12.414,0.028,13.9815,0.000639,14.3346,0.002846,13.4554,0.001913,12.33,0.026,12.396,0.029,11.838,,8.861,,Tombaugh_1,1258.9254117941662,Cantat-Gaudin2020,6478.0,2.97717,1.32
80038421,2.9320470118950267e+18,105.102928676412,-20.6515282034727,0.30091,14.4792,15.66,0.016,15.236,0.08,13.76,0.024,13.508,0.027,13.432,0.043,14.9114,0.000271,15.2459,0.001507,14.4035,0.001136,13.319,0.025,13.3,0.033,12.47,0.451,9.129,,Tombaugh_1,1258.9254117941662,Cantat-Gaudin2020,7125.0,2.61839,1.59
80038443,2.9320469431755566e+18,105.103931792611,-20.6582646012598,0.260704,16.5926,17.927,0.066,17.3663,0.046,15.735,0.055,15.356,0.089,15.471,0.168,17.1449,0.00084,17.5805,0.006913,16.5154,0.002888,15.132,0.039,15.373,0.108,12.655,,9.131,,Tombaugh_1,1258.9254117941662,Cantat-Gaudin2020,6379.0,1.32328,1.27
80137244,2.9320461185418486e+18,105.124381664608,-20.686459232197,0.333162,14.6003,15.513,0.057,15.096,0.081,14.02,0.033,13.852,0.034,13.823,0.06,14.9302,0.000325,15.173,0.001417,14.5267,0.001456,13.817,0.026,13.991,0.041,12.574,,9.188,,Tombaugh_1,1258.9254117941662,Cantat-Gaudin2020,7361.0,1.95052,1.67
80137322,2.932046599578151e+18,105.133325365443,-20.6566466553654,0.28951,16.1746,18.507,0.063,16.9017,0.0459,15.262,0.051,15.039,0.057,15.021,0.142,16.7005,0.000787,17.09,0.003631,16.0801,0.005195,14.678,0.03,14.614,0.048,12.617,,9.092,,Tombaugh_1,1258.9254117941662,Cantat-Gaudin2020,6061.0,1.44838,1.13
80137351,2.9320466682975867e+18,105.176765783297,-20.6474162446308,0.346279,15.6428,18.572,0.044,16.42,0.401,14.931,0.026,14.531,0.026,14.455,0.081,16.1546,0.000542,16.5511,0.002962,15.5687,0.001858,14.375,0.028,14.984,0.083,12.507,,9.118,,Tombaugh_1,1258.9254117941662,Cantat-Gaudin2020,6119.0,1.54886,1.15
80137391,2.9320474585715866e+18,105.138579585578,-20.6363238927368,0.346582,14.045,,,14.794,0.172,13.289,0.028,13.07,0.021,12.987,0.026,14.5016,0.000654,14.8392,0.004371,13.9626,0.002721,12.554,0.023,12.498,0.024,11.756,0.263,8.993,,Tombaugh_1,1258.9254117941662,Cantat-Gaudin2020,6477.0,2.93591,1.32
80137498,2.932047767809198e+18,105.134130697574,-20.602896594873,0.360207,16.2056,18.397,0.055,17.1846,0.046,15.215,0.041,14.736,0.042,14.59,0.088,16.8712,0.000784,17.4264,0.007973,16.1391,0.002433,14.652,0.028,15.35,0.084,12.712,,8.849,,Tombaugh_1,1258.9254117941662,Cantat-Gaudin2020,5725.0,1.48746,1.02
80137509,2.932049107838953e+18,105.185997931708,-20.6001596865219,0.315966,15.3392,16.102,0.027,16.203,0.275,14.596,0.035,14.275,0.051,14.198,0.071,15.8001,0.000442,16.1617,0.002336,15.2627,0.00158,14.084,0.031,14.157,0.048,12.377,,8.578,,Tombaugh_1,1258.9254117941662,Cantat-Gaudin2020,7109.0,1.75865,1.58
80137541,2.9320478365286707e+18,105.123494501687,-20.5907202184493,0.315455,12.4772,14.509,0.045,13.701,0.103,11.256,0.028,10.671,0.022,10.526,0.023,13.2571,0.000187,13.9716,0.00097,12.4379,0.000584,10.33,0.021,10.374,0.021,10.313,0.068,8.229,,Tombaugh_1,1258.9254117941662,Cantat-Gaudin2020,4906.0,11.8637,
80137545,2.9320492452779325e+18,105.135771349149,-20.5898927687989,0.324144,14.4023,15.712,0.044,15.19,0.16,13.61,0.026,13.359,0.028,13.253,0.035,14.8808,0.000331,15.2546,0.000926,14.324,0.001104,13.175,0.024,13.184,0.03,12.002,0.363,8.598,,Tombaugh_1,1258.9254117941662,Cantat-Gaudin2020,6979.0,2.71531,1.53
80137626,2.932049210918146e+18,105.178495307002,-20.5704555365628,0.467247,15.4327,17.054,0.051,16.116,1.133,14.708,0.036,14.357,0.038,14.276,0.072,15.9151,0.000445,16.286,0.003286,15.3627,0.001919,14.061,0.028,14.322,0.049,12.538,,9.146,,Tombaugh_1,1258.9254117941662,Cantat-Gaudin2020,5995.0,1.24736,1.1
80137645,2.9320494514363315e+18,105.144067657967,-20.5664678125093,0.323739,12.7936,15.737,0.043,13.886,0.092,11.687,0.024,11.195,0.024,11.011,0.021,13.517,0.000193,14.1576,0.000891,12.7521,0.000698,10.92,0.023,10.974,0.022,10.777,0.109,9.108,,Tombaugh_1,1258.9254117941662,Cantat-Gaudin2020,5398.0,8.72733,
80137646,2.932049520155769e+18,105.204286962408,-20.5664340910964,0.351463,14.5328,16.509,0.044,15.142,0.252,13.843,0.026,13.644,0.024,13.618,0.046,14.9287,0.000318,15.2283,0.001478,14.4579,0.001021,13.533,0.026,13.57,0.037,11.9,,8.577,,Tombaugh_1,1258.9254117941662,Cantat-Gaudin2020,7129.0,2.10691,1.59
80137649,2.932049382716843e+18,105.162706817101,-20.5662074572994,0.399418,15.1301,16.736,0.045,15.973,1.03,14.492,0.028,14.195,0.028,14.164,0.066,15.5336,0.000399,15.8373,0.0021,15.0566,0.001163,14.165,0.026,14.339,0.042,12.61,,9.148,,Tombaugh_1,1258.9254117941662,Cantat-Gaudin2020,6945.0,1.44124,1.52
80137652,2.9320493440529613e+18,105.140478923981,-20.5653696647041,0.27396,14.4782,15.566,0.046,15.327,0.229,13.733,0.029,13.43,0.043,13.325,0.037,14.9252,0.000306,15.2356,0.001382,14.3653,0.0023,12.993,0.024,13.04,0.029,12.573,0.42,8.941,,Tombaugh_1,1258.9254117941662,Cantat-Gaudin2020,7067.0,2.90663,1.56
80137663,2.9320523032946166e+18,105.137386542426,-20.5626824391052,0.401335,16.2132,18.13,0.053,17.0041,0.0459,15.341,0.039,15.041,0.06,14.776,0.115,16.776,0.000665,17.2302,0.005412,16.1474,0.003332,14.694,0.034,15.0,0.078,12.224,,9.015,,Tombaugh_1,1258.9254117941662,Cantat-Gaudin2020,5907.0,1.14116,1.07
80137665,2.932049588875243e+18,105.200896132232,-20.5622605877803,0.298763,15.7418,17.347,0.055,16.3888,0.0459,15.041,0.041,14.777,0.064,14.634,0.098,16.218,0.000571,16.5904,0.00253,15.6694,0.001615,14.642,0.033,14.719,0.063,12.487,0.454,9.051,,Tombaugh_1,1258.9254117941662,Cantat-Gaudin2020,6769.0,1.57447,1.45
80137679,2.932049417076568e+18,105.175780477966,-20.5587180997091,0.271672,15.6129,,,16.318,1.133,14.651,0.223,14.297,0.416,14.196,0.148,16.0966,0.000581,16.4594,0.004929,15.524,0.003474,,,,,,,,,Tombaugh_1,1258.9254117941662,Cantat-Gaudin2020,6747.0,1.83191,1.44
80137686,2.9320524063743304e+18,105.137304025918,-20.5571082255389,0.351679,15.3081,17.208,0.046,16.124,0.366,14.545,0.029,14.283,0.022,14.185,0.06,15.7872,0.000407,16.1576,0.002637,15.2373,0.001267,14.071,0.033,14.023,0.051,11.951,0.322,9.066,,Tombaugh_1,1258.9254117941662,Cantat-Gaudin2020,6409.0,1.67887,1.29
80137690,2.932052303294616e+18,105.128947646288,-20.5561841425311,0.320025,14.1497,16.346,0.045,14.788,0.206,13.464,0.028,13.268,0.024,13.201,0.038,14.5641,0.000303,14.8822,0.001708,14.0795,0.000854,13.174,0.024,13.223,0.03,12.02,0.361,8.911,,Tombaugh_1,1258.9254117941662,Cantat-Gaudin2020,6954.0,2.81236,1.52
80137754,2.93205281869065e+18,105.165409987613,-20.5379904710341,0.344913,16.3374,14.382,0.062,17.107,0.0459,15.502,0.051,15.099,0.092,15.104,0.152,16.8877,0.000745,17.3183,0.005689,16.2587,0.002667,14.56,0.072,14.695,0.094,11.977,,8.554,,Tombaugh_1,1258.9254117941662,Cantat-Gaudin2020,6246.0,1.19709,1.21
80137756,2.932049691954422e+18,105.238914974131,-20.536874689943,0.378886,17.239,18.914,0.08,18.1428,0.0462,16.218,0.07,16.126,0.142,15.416,,17.8634,0.001226,18.3917,0.012431,17.182,0.005192,15.662,0.046,15.834,0.138,11.915,,8.797,,Tombaugh_1,1258.9254117941662,Cantat-Gaudin2020,5362.0,0.884527,0.93
80137762,2.9320499324726016e+18,105.208838478725,-20.5353261940367,0.345388,16.7351,18.251,0.072,17.4947,0.046,15.922,0.062,15.508,0.073,15.355,0.177,17.2795,0.000932,17.7205,0.009569,16.6721,0.005108,15.559,0.04,16.306,0.21,12.615,,9.241,,Tombaugh_1,1258.9254117941662,Cantat-Gaudin2020,6285.0,0.990313,1.23
80137787,2.9320528874101274e+18,105.148161461688,-20.526514306141,0.367703,16.1776,16.465,0.103,17.0016,0.0459,15.241,0.095,14.873,0.077,14.586,0.115,16.759,0.000719,17.2273,0.00408,16.1072,0.003039,,,,,,,,,Tombaugh_1,1258.9254117941662,Cantat-Gaudin2020,5712.0,1.3081,1.02
80137791,2.932052887410123e+18,105.155118996525,-20.5255896507382,0.254007,16.1556,17.992,0.059,16.672,1.133,15.422,0.046,15.019,0.082,14.91,0.129,16.6718,0.000724,17.081,0.004843,16.0851,0.00238,,,,,,,,,Tombaugh_1,1258.9254117941662,Cantat-Gaudin2020,6547.0,1.5719,1.35
80137811,2.932052715611444e+18,105.130006122827,-20.5220920917069,0.374704,15.5239,16.304,0.059,15.948,0.206,14.839,0.046,14.533,0.063,14.608,0.1,15.9862,0.000504,16.3418,0.00311,15.4543,0.001617,14.356,0.033,14.373,0.056,12.646,,8.927,,Tombaugh_1,1258.9254117941662,Cantat-Gaudin2020,6460.0,1.39881,1.31
80137917,2.932053952561989e+18,105.136761294051,-20.4834946896546,0.300165,15.7224,16.988,0.053,16.3601,0.0459,15.023,0.039,14.797,0.044,14.663,0.093,16.194,0.000501,16.5617,0.002551,15.6554,0.001704,14.643,0.032,14.756,0.062,12.698,,8.458,,Tombaugh_1,1258.9254117941662,Cantat-Gaudin2020,6477.0,1.57821,1.32
80196466,2.932036188577333e+18,105.251497498577,-20.6534505623699,0.48601,14.5393,15.882,0.043,15.085,0.08,13.954,0.024,13.783,0.023,13.778,0.044,14.8799,0.000278,15.1346,0.001272,14.4719,0.00096,13.65,0.025,13.677,0.031,12.225,,9.087,,Tombaugh_1,1258.9254117941662,Cantat-Gaudin2020,7196.0,1.43517,1.61
746176664,2.932047802159739e+18,105.106511444255,-20.61033277012,0.244574,16.7774,,,17.5554,0.0473,,,,,,,17.3301,0.00117,17.5744,0.026965,16.4989,0.013301,,,,,,,,,Tombaugh_1,1258.9254117941662,Cantat-Gaudin2020,,,
746176677,2.93204783652913e+18,105.115222969438,-20.586995512507,0.395336,15.8817,,,16.8338,0.0585,,,,,,,16.5246,0.001626,16.6456,0.064354,15.3678,0.048805,,,,,,,,,Tombaugh_1,1258.9254117941662,Cantat-Gaudin2020,,,
746176991,2.9320492452779305e+18,105.146480748128,-20.5954465466167,0.334533,14.6877,,,15.3509,0.0459,,,,,,,15.173,0.000332,15.5551,0.002069,14.6126,0.001362,,,,,,,,,Tombaugh_1,1258.9254117941662,Cantat-Gaudin2020,6923.0,2.33726,1.51
746177486,2.932050860185647e+18,105.096309483146,-20.5725270414011,0.389749,16.8089,,,17.6334,0.046,,,,,,,17.3907,0.001028,17.8432,0.006899,16.7228,0.004364,,,,,,,,,Tombaugh_1,1258.9254117941662,Cantat-Gaudin2020,5871.0,0.930268,1.06
746177906,2.9320525438127995e+18,105.097176311292,-20.5486215152979,0.356633,15.8239,,,16.496,0.0459,,,,,,,16.3161,0.000532,16.6633,0.004442,15.715,0.005137,,,,,,,,,Tombaugh_1,1258.9254117941662,Cantat-Gaudin2020,6537.0,1.33257,1.35
80557271,2.929398666342129e+18,105.674904879834,-20.8348612046924,-0.0943688,16.3831,18.648,0.051,17.5825,0.0461,15.159,0.037,14.524,0.038,14.306,0.065,17.1569,0.000785,17.8595,0.008629,16.3444,0.003064,14.3,0.027,14.461,0.048,12.876,,9.334,,Tombaugh_2,1621.8100973589333,Cantat-Gaudin2020,5053.0,5.23624,
48811564,2.925378164628555e+18,100.542846125021,-23.6652872039475,0.508833,15.9082,17.533,0.058,16.5927,0.0459,15.305,0.045,14.938,0.079,14.777,0.116,16.4087,0.000675,16.8179,0.00387,15.8573,0.003178,,,,,,,,,UBC_451,61.65950018614822,Cantat-Gaudin2020,5581.0,0.972493,0.99
48811573,2.925382871912671e+18,100.654347178553,-23.6703616378451,0.497818,11.8942,11.869,0.179,11.943,0.02,11.766,0.024,11.754,0.023,11.784,0.023,11.8839,0.000346,11.8868,0.001358,11.8386,0.000674,11.69,0.023,11.73,0.021,11.779,0.226,9.161,,UBC_451,61.65950018614822,Cantat-Gaudin2020,9958.0,2.88313,2.55
48812083,2.9251902855786803e+18,100.762904095561,-23.8297918310943,0.518102,11.757,11.684,0.155,11.893,0.021,11.722,0.023,11.763,0.023,11.781,0.024,11.691,0.000593,11.6555,0.002366,11.6927,0.001113,11.794,0.023,11.833,0.021,11.835,0.2,8.961,,UBC_451,61.65950018614822,Cantat-Gaudin2020,11579.0,2.59741,3.06
48812235,2.925378851823283e+18,100.751191815927,-23.7420277295564,0.520608,13.168,13.541,0.019,13.433,0.092,12.852,0.024,12.726,0.027,12.671,0.027,13.3195,0.000253,13.4219,0.001053,13.1093,0.001083,12.645,0.023,12.686,0.023,12.603,0.451,9.037,,UBC_451,61.65950018614822,Cantat-Gaudin2020,7977.0,1.93701,1.92
48812257,2.9253790579817114e+18,100.743255964616,-23.7302716267145,0.517459,12.2059,11.983,0.19,12.222,0.131,12.098,0.023,12.147,0.022,12.093,0.027,12.1538,0.000265,12.127,0.001661,12.1428,0.000999,11.864,0.023,11.857,0.023,11.592,0.188,9.213,,UBC_451,61.65950018614822,Cantat-Gaudin2020,10989.0,2.21755,2.87
48812261,2.925378748744072e+18,100.723847221961,-23.7288405227643,0.498823,16.2121,17.984,0.059,16.9617,0.0459,15.461,0.046,14.927,0.063,14.876,0.122,16.7501,0.000765,17.1926,0.004751,16.1539,0.003028,15.045,0.032,15.181,0.068,12.738,,9.155,,UBC_451,61.65950018614822,Cantat-Gaudin2020,5339.0,0.930599,0.92
48952105,2.925378920542743e+18,100.785679509735,-23.7332941804953,0.494845,14.9261,16.515,0.072,15.565,0.183,14.318,0.039,14.135,0.025,14.119,0.058,15.3202,0.000401,15.6074,0.003133,14.8579,0.00322,,,,,,,,,UBC_451,61.65950018614822,Cantat-Gaudin2020,6239.0,1.28799,1.21
53606512,2.9219843845528607e+18,103.28279230235,-24.2062404835567,1.07672,13.0349,14.424,0.061,13.849,0.126,12.355,0.026,11.964,0.03,11.884,0.021,13.5101,0.000557,13.8853,0.001995,12.9758,0.001638,11.764,0.022,11.781,0.022,11.939,0.238,9.114,,Theia86,25.118864315095824,Kounkel2020,5709.0,1.69534,1.02
53606955,2.921962188162147e+18,103.258301901806,-24.4720861104343,1.06979,15.514,17.627,0.043,16.7974,0.0462,14.262,0.024,13.634,0.029,13.459,0.041,16.3088,0.001978,17.0769,0.007283,15.4475,0.006661,13.524,0.025,13.576,0.032,12.727,0.522,9.037,,Theia86,25.118864315095824,Kounkel2020,4244.0,1.02705,0.66
53743836,2.9219617414855286e+18,103.338066654646,-24.452677454309,1.04262,14.2029,15.927,0.054,14.935,0.08,13.291,0.026,12.856,0.027,12.716,0.03,14.7815,0.00116,15.2561,0.004112,14.1331,0.00353,12.746,0.024,12.812,0.027,12.753,,9.017,,Theia86,25.118864315095824,Kounkel2020,5191.0,1.2454,0.88
53743987,2.921964112307437e+18,103.397757804545,-24.3724060428767,1.12024,15.7475,18.552,0.164,17.257,0.0462,14.398,0.036,13.706,0.039,13.551,0.05,16.6298,0.00132,17.5334,0.007249,15.677,0.003233,13.449,0.025,13.445,0.033,12.338,,9.028,,Theia86,25.118864315095824,Kounkel2020,3994.0,1.04003,0.62
53745165,2.921986995892912e+18,103.465084218082,-24.0947438844179,1.0691,11.1802,11.073,0.013,11.122,0.023,11.116,0.022,11.169,0.023,11.154,0.023,11.1139,0.000623,11.099,0.001749,11.1342,0.000748,11.14,0.024,11.166,0.02,11.569,0.171,8.685,,Theia86,25.118864315095824,Kounkel2020,11856.0,1.66835,3.15
78825331,2.922556298094521e+18,103.308914270292,-23.8535718764229,1.11126,16.2595,17.5,0.078,18.0292,0.0467,14.883,0.068,14.123,0.063,13.936,0.066,17.2249,0.001246,18.2916,0.011208,16.1801,0.003973,13.784,0.039,13.688,0.049,12.55,0.48,8.551,,Theia86,25.118864315095824,Kounkel2020,3805.0,0.905425,0.58
53900359,2.922364609419257e+18,103.596589335679,-23.9742553426203,1.16793,14.493,17.026,0.042,15.548,0.057,13.667,0.023,13.022,0.028,12.921,0.03,15.145,0.001479,15.7147,0.007522,14.4262,0.003919,12.816,0.023,12.845,0.026,12.496,0.51,9.089,,Theia86,25.118864315095824,Kounkel2020,4755.0,1.14606,0.76
53987900,2.921896767218927e+18,103.910603997345,-24.6746816106997,1.04436,15.7822,19.061,0.165,17.9258,0.0475,14.109,0.038,13.43,0.044,13.207,0.041,16.8597,0.002118,18.1556,0.013668,15.7149,0.004889,12.971,0.023,12.86,0.024,12.282,,8.753,,Theia86,25.118864315095824,Kounkel2020,3617.0,1.39915,
744327312,2.921973629954865e+18,103.545791694953,-24.1949292069196,1.19347,15.4399,,,16.8966,0.0472,,,,,,,16.307,0.003114,17.0655,0.014848,15.2679,0.007884,,,,,,,,,Theia86,25.118864315095824,Kounkel2020,4089.0,1.10543,0.64
79295228,2.931955889868092e+18,104.040057392534,-21.1724191262462,1.22286,13.0843,,,13.611,0.103,12.495,0.024,12.197,0.026,12.147,0.024,13.4699,0.000372,13.7591,0.001598,13.0238,0.001315,12.139,0.032,12.108,0.029,12.306,0.324,8.952,,Theia86,25.118864315095824,Kounkel2020,6457.0,1.23591,1.31
79301478,2.922333994891224e+18,104.187143906841,-23.8908428337039,1.08698,12.7691,13.525,0.006,13.081,0.046,12.321,0.023,12.162,0.023,12.051,0.019,13.0575,0.000315,13.2581,0.000856,12.7061,0.000819,12.028,0.023,12.058,0.023,11.827,,8.551,,Theia86,25.118864315095824,Kounkel2020,6932.0,1.38542,1.51
53899281,2.9219171769033533e+18,103.636471552495,-24.4957781646234,1.07093,13.6672,15.083,0.016,14.297,0.069,12.936,0.033,12.488,0.04,12.375,0.039,14.1828,0.00165,14.5946,0.005548,13.6027,0.005175,12.129,0.023,12.076,0.023,12.095,0.29,8.949,,Theia86,25.118864315095824,Kounkel2020,5473.0,1.37861,0.96
53900071,2.9223497316525906e+18,103.617641481121,-24.0973496568801,1.10299,14.6565,16.663,0.042,15.562,0.103,13.679,0.023,13.146,0.022,13.025,0.033,15.3032,0.001317,15.8616,0.004867,14.5959,0.004522,12.983,0.029,12.993,0.029,11.711,0.221,8.068,,Theia86,25.118864315095824,Kounkel2020,4983.0,1.08195,0.82
79137377,2.932162117014836e+18,103.71976578286,-20.9240938532182,1.17998,13.3544,14.578,0.053,13.877,0.08,12.661,0.027,12.34,0.027,12.301,0.028,13.7889,0.001002,14.1209,0.00344,13.2922,0.002765,12.213,0.023,12.195,0.024,12.134,0.299,8.721,,Theia86,25.118864315095824,Kounkel2020,6099.0,1.22834,1.15
79137617,2.931971832786711e+18,103.82231714845,-21.0438700738932,1.21545,13.591,14.895,0.029,14.236,0.092,12.909,0.026,12.531,0.024,12.483,0.034,14.0562,0.000757,14.4193,0.00284,13.5301,0.002193,12.451,0.023,12.494,0.024,12.035,,8.952,,Theia86,25.118864315095824,Kounkel2020,5847.0,1.13669,1.06
47636314,2.922332070745884e+18,104.162501769167,-23.9553996005033,1.06651,12.9683,13.816,0.01,13.32,0.069,12.502,0.022,12.32,0.027,12.393,0.024,13.2826,0.000193,13.5097,0.001007,12.9067,0.000603,11.43,0.023,11.541,0.021,9.587,0.058,7.228,0.118,Theia86,25.118864315095824,Kounkel2020,6916.0,1.33689,1.51
53606783,2.921975107423566e+18,103.232777530421,-24.37111288486,0.986996,15.5749,18.616,0.163,17.4236,0.0463,14.014,0.03,13.368,0.038,13.153,0.039,16.5687,0.00105,17.6795,0.007463,15.5005,0.002501,13.022,0.024,12.956,0.028,12.334,0.369,8.866,,Theia86,25.118864315095824,Kounkel2020,3780.0,1.44847,
53743292,2.9218840197552614e+18,103.378783990943,-24.7660223283652,1.15023,16.3554,19.745,0.163,18.2203,0.047,14.92,0.033,14.151,0.032,13.999,0.06,17.3535,0.001315,18.4778,0.01284,16.2833,0.003949,13.89,0.026,13.841,0.035,12.765,0.521,8.904,,Theia86,25.118864315095824,Kounkel2020,3766.0,0.878559,0.57
53604522,2.9219254232414484e+18,103.109685715704,-24.7435284992921,1.09753,14.088,16.037,0.05,14.84,0.08,13.07,0.024,12.606,0.025,12.488,0.027,14.6978,0.000878,15.221,0.003246,14.0278,0.002978,12.558,0.024,12.573,0.025,12.263,0.326,8.911,,Theia86,25.118864315095824,Kounkel2020,4963.0,1.34225,0.82
53606986,2.921962050723203e+18,103.221894357358,-24.4904158477855,1.07655,14.7975,16.697,0.044,15.742,0.217,13.511,0.026,12.917,0.027,12.731,0.032,15.5772,0.001377,16.3176,0.005976,14.7262,0.003116,12.714,0.024,12.685,0.024,12.634,0.456,9.109,,Theia86,25.118864315095824,Kounkel2020,4301.0,1.37078,0.67
78825152,2.9225616281566766e+18,103.328913162608,-23.7623904372288,1.02534,13.0369,13.951,0.011,13.453,0.092,12.581,0.024,12.353,0.027,12.28,0.024,13.3774,0.000239,13.6264,0.000995,12.9792,0.000804,12.256,0.024,12.258,0.023,12.202,,8.935,,Theia86,25.118864315095824,Kounkel2020,6547.0,1.40387,1.35
53743773,2.921958649109077e+18,103.375608236453,-24.4860645911867,1.15397,15.5226,18.352,0.163,16.898,1.133,14.197,0.03,13.538,0.038,13.343,0.047,16.4064,0.00156,17.3063,0.007578,15.4576,0.004203,13.139,0.024,13.093,0.027,11.868,0.243,8.77,,Theia86,25.118864315095824,Kounkel2020,4020.0,1.13026,0.63
53899755,2.9223439205516247e+18,103.671691011869,-24.2556783726594,1.0813,8.9619,8.637,0.026,8.8,0.03,9.123,0.021,9.232,0.022,9.25,0.023,8.76755,0.000535,8.69825,0.001163,8.91976,0.001287,9.259,0.023,9.318,0.019,9.318,0.034,8.251,,Theia86,25.118864315095824,Kounkel2020,,,
53901027,2.92234584900215e+18,103.780085205001,-24.1939426565865,1.1105,10.4969,10.338,0.051,10.389,0.005,10.516,0.023,10.552,0.022,10.567,0.023,10.4049,0.000526,10.3777,0.000801,10.4547,0.000968,10.559,0.024,10.606,0.021,10.655,0.08,8.958,,Theia86,25.118864315095824,Kounkel2020,12722.0,,
53901621,2.9219159743124864e+18,103.756695348213,-24.4767711298415,1.03443,12.9676,13.954,0.036,13.395,0.08,12.515,0.026,12.288,0.027,12.22,0.024,13.3272,0.000547,13.5919,0.002095,12.9074,0.001361,12.156,0.023,12.192,0.023,12.443,0.452,8.743,,Theia86,25.118864315095824,Kounkel2020,6492.0,1.47866,1.33
53989179,2.922352858388692e+18,103.86559404194,-24.0715791450268,1.15521,14.273,16.579,0.014,15.744,0.137,13.13,0.026,12.51,0.025,12.367,0.026,15.0359,0.001149,15.754,0.004717,14.2081,0.003314,12.25,0.024,12.206,0.026,12.003,0.265,8.824,,Theia86,25.118864315095824,Kounkel2020,4388.0,1.56732,
53556292,2.9221450850473667e+18,102.874330038671,-24.2733036115465,1.11589,15.9855,18.661,0.163,17.6856,0.0483,14.451,0.029,13.761,0.022,13.56,0.043,16.9292,0.003276,17.9677,0.01863,15.9221,0.008852,13.527,0.026,13.484,0.031,12.624,,8.991,,Theia86,25.118864315095824,Kounkel2020,3861.0,0.984243,0.6
53606513,2.921981665833406e+18,103.212604906735,-24.2062794616524,1.07197,16.3856,19.178,0.166,18.1922,0.0468,14.847,0.044,14.138,0.043,13.965,0.066,17.3664,0.001864,18.4601,0.010986,16.3197,0.0046,13.804,0.026,13.749,0.04,12.774,,8.451,,Theia86,25.118864315095824,Kounkel2020,3809.0,0.904755,0.58
53743918,2.9219635625516426e+18,103.360497373757,-24.4014151394731,1.08248,15.7059,18.22,0.045,17.1677,0.0465,14.279,0.028,13.572,0.031,13.402,0.041,16.5687,0.001782,17.4422,0.010331,15.6297,0.005171,13.342,0.025,13.281,0.031,12.28,,9.018,,Theia86,25.118864315095824,Kounkel2020,4005.0,1.07091,0.63
53606919,2.921961878924488e+18,103.300402692349,-24.4482601571012,1.14732,15.9467,18.638,0.048,17.6032,0.0465,14.581,0.033,13.93,0.033,13.693,0.05,16.8812,0.001192,17.872,0.010094,15.8751,0.003574,13.607,0.026,13.558,0.033,12.722,,8.837,,Theia86,25.118864315095824,Kounkel2020,3934.0,0.964663,0.61
53743301,2.921881202256708e+18,103.407022042149,-24.7601063159049,1.10623,15.2195,17.304,0.043,16.405,0.206,14.077,0.024,13.455,0.022,13.303,0.043,15.9639,0.002079,16.6524,0.007775,15.1532,0.006907,13.263,0.024,13.229,0.03,12.174,,8.9,,Theia86,25.118864315095824,Kounkel2020,4464.0,1.02188,0.7
53743780,2.921959916116786e+18,103.400025281063,-24.4809007341824,1.18344,16.4249,19.65,0.163,18.3524,0.049,14.785,0.03,14.097,0.039,13.918,0.054,17.4464,0.001966,18.5971,0.021319,16.352,0.005257,13.873,0.025,13.861,0.035,12.77,,9.073,,Theia86,25.118864315095824,Kounkel2020,3758.0,0.856578,0.57
53744001,2.92196449026457e+18,103.341113709092,-24.3635839760683,1.20127,12.4987,13.345,0.0,13.001,0.092,11.985,0.024,11.743,0.022,11.694,0.026,12.8261,0.00018,13.0622,0.001101,12.4393,0.000529,11.657,0.023,11.651,0.022,11.535,0.208,9.213,,Theia86,25.118864315095824,Kounkel2020,6632.0,1.51133,1.39
53745517,2.92197057193821e+18,103.469750368564,-24.3063158703938,1.12096,16.1038,18.879,0.163,17.8912,0.0488,14.545,0.03,13.771,0.023,13.688,0.049,17.0883,0.003684,18.1281,0.017756,16.0185,0.013028,13.557,0.026,13.481,0.034,12.168,0.339,8.6,,Theia86,25.118864315095824,Kounkel2020,3904.0,0.984288,0.61
53899493,2.9219206128771656e+18,103.63195247421,-24.3856491223092,1.12218,11.63,11.404,0.128,11.481,0.014,11.486,0.024,11.504,0.022,11.498,0.019,11.653,0.000409,11.6849,0.000975,11.5825,0.000736,11.454,0.023,11.494,0.022,11.65,0.204,9.129,,Theia86,25.118864315095824,Kounkel2020,9463.0,1.57193,2.41
53899714,2.9219693349875763e+18,103.644699180348,-24.274678271813,1.14638,16.4455,19.768,0.165,18.3668,0.0484,14.752,0.041,14.127,0.05,13.894,0.053,17.468,0.001795,18.5991,0.018835,16.3632,0.005176,13.831,0.027,13.808,0.04,12.679,,8.431,,Theia86,25.118864315095824,Kounkel2020,3780.0,0.8776,0.57
53900347,2.922364265821863e+18,103.633580936951,-23.9777546644716,1.12796,14.8893,16.803,0.0,15.624,0.069,13.844,0.026,13.322,0.024,13.116,0.038,15.5501,0.001926,16.1346,0.006961,14.829,0.005246,13.099,0.023,13.102,0.026,12.392,,8.751,,Theia86,25.118864315095824,Kounkel2020,4760.0,1.00008,0.77
53900608,2.922357393874127e+18,103.826052503803,-23.9923306251835,1.02893,16.3661,19.419,0.163,18.3374,0.0476,14.795,0.03,14.114,0.025,13.806,0.06,17.4061,0.002922,18.5957,0.013462,16.3186,0.007413,13.904,0.026,13.819,0.04,12.4,,8.532,,Theia86,25.118864315095824,Kounkel2020,3767.0,1.03902,0.57
53901164,2.9222971913080253e+18,103.767794647289,-24.2547048041891,1.14343,14.5076,16.59,0.0,15.449,0.08,13.459,0.026,12.895,0.022,12.72,0.024,15.2144,0.00201,15.861,0.007201,14.4432,0.004826,12.634,0.024,12.677,0.024,12.171,,8.89,,Theia86,25.118864315095824,Kounkel2020,4519.0,1.29469,0.71
53988608,2.922292758901542e+18,103.87394050486,-24.3422329701489,1.1036,16.5904,20.067,0.167,18.569,0.0487,15.065,0.047,14.249,0.033,14.176,0.074,17.624,0.001354,18.8181,0.019765,16.5239,0.004148,14.071,0.027,14.033,0.04,12.367,,8.684,,Theia86,25.118864315095824,Kounkel2020,3713.0,0.866335,0.55
78958761,2.922568637543136e+18,103.50606961449,-23.6411930799132,1.03085,16.3224,19.518,0.164,18.0169,0.0465,14.902,0.037,14.181,0.042,14.081,0.07,17.2684,0.00136,18.2817,0.009747,16.2472,0.004064,13.933,0.026,13.997,0.037,12.565,,9.105,,Theia86,25.118864315095824,Kounkel2020,3901.0,0.916193,0.6
53605253,2.921979677268792e+18,103.067437212097,-24.3209990367342,1.12334,16.3005,17.28,0.064,18.2197,0.047,14.78,0.053,14.02,0.056,13.882,0.062,17.3181,0.001583,18.4735,0.011786,16.234,0.005449,13.625,0.026,13.578,0.032,12.4,,8.756,,Theia86,25.118864315095824,Kounkel2020,3754.0,0.948108,0.57
53678767,2.9218788314348155e+18,103.280318008945,-24.8738204583792,1.13882,15.8917,19.215,0.163,17.5148,0.0463,14.624,0.032,13.838,0.021,13.666,0.037,16.8125,0.001155,17.7979,0.008111,15.8294,0.003238,13.61,0.026,13.584,0.032,12.845,,9.142,,Theia86,25.118864315095824,Kounkel2020,3936.0,0.976722,0.61
53745050,2.9223626466105e+18,103.472348816619,-24.0351341910164,1.11479,14.0632,15.882,0.0,14.851,0.057,13.222,0.024,12.784,0.022,12.66,0.027,14.6489,0.00106,15.1398,0.004262,14.0036,0.002846,12.612,0.023,12.663,0.025,12.44,0.465,8.583,,Theia86,25.118864315095824,Kounkel2020,5224.0,1.25267,0.89
53745653,2.9219667923670216e+18,103.461389412132,-24.3837383643742,1.16176,12.2914,13.035,0.02,12.577,0.069,11.872,0.026,11.765,0.025,11.72,0.027,12.5652,0.000163,12.7622,0.000827,12.2316,0.000662,11.568,0.024,11.656,0.025,11.142,0.124,8.702,0.335,Theia86,25.118864315095824,Kounkel2020,7216.0,1.58301,1.62
53745710,2.9219606076141256e+18,103.454203804972,-24.4174302299255,1.09932,15.3352,17.886,0.045,16.451,0.297,14.162,0.028,13.485,0.022,13.328,0.034,16.1519,0.000757,16.9397,0.004816,15.2721,0.002223,13.336,0.025,13.3,0.03,11.88,,8.5,,Theia86,25.118864315095824,Kounkel2020,4280.0,1.11114,0.67
53745548,2.921967479561749e+18,103.523256667561,-24.3207523102796,1.07226,14.9286,14.884,0.045,16.189,0.698,13.541,0.028,12.848,0.074,12.646,0.056,15.8543,0.000889,16.7794,0.00402,14.8801,0.002875,12.607,0.029,12.582,0.03,12.051,0.297,8.912,,Theia86,25.118864315095824,Kounkel2020,4173.0,1.6525,
53899606,2.921967960598065e+18,103.625628131873,-24.3307350502286,1.16357,15.1193,17.928,0.044,16.481,0.16,13.935,0.027,13.334,0.03,13.13,0.038,15.9098,0.001001,16.6696,0.005224,15.0539,0.002761,13.124,0.024,13.113,0.027,12.503,0.392,8.277,,Theia86,25.118864315095824,Kounkel2020,4281.0,1.11782,0.67
53743784,2.921959233224618e+18,103.436234302511,-24.47877540466,1.1506,15.3099,17.907,0.045,16.492,0.183,14.048,0.028,13.385,0.027,13.251,0.033,16.1148,0.000855,16.894,0.006465,15.2374,0.003417,13.204,0.023,13.245,0.028,11.841,0.255,8.66,,Theia86,25.118864315095824,Kounkel2020,4194.0,1.08041,0.66
53744798,2.9225551685259494e+18,103.344085663745,-23.9074205519117,1.07064,12.4824,13.184,0.029,12.776,0.057,12.07,0.023,11.942,0.027,11.904,0.023,12.7584,0.000184,12.9572,0.001245,12.4246,0.000625,11.848,0.024,11.858,0.022,11.336,0.154,8.603,0.371,Theia86,25.118864315095824,Kounkel2020,7133.0,1.57497,1.59
53745167,2.921986995892913e+18,103.455137414069,-24.095573412787,1.05816,14.0175,15.881,0.029,14.946,0.092,13.061,0.026,12.519,0.022,12.4,0.026,14.6625,0.002028,15.2248,0.007848,13.9543,0.005284,12.221,0.023,12.255,0.023,12.551,0.418,8.38,,Theia86,25.118864315095824,Kounkel2020,4823.0,1.54058,0.78
53745780,2.921959508102501e+18,103.499162910215,-24.4576492412604,1.12638,12.3322,13.43,0.013,12.847,0.057,11.835,0.024,11.549,0.022,11.48,0.023,12.7244,0.000687,13.0213,0.002277,12.2755,0.001466,11.385,0.023,11.4,0.022,11.62,0.214,9.234,,Theia86,25.118864315095824,Kounkel2020,6251.0,1.92348,1.21
744327297,2.9219735612354e+18,103.493512544972,-24.1836377877836,1.02569,15.6185,,,16.8425,0.0463,,,,,,,16.3918,0.001336,17.0618,0.010054,15.5001,0.004376,,,,,,,,,Theia86,25.118864315095824,Kounkel2020,4425.0,0.959563,0.69
53900592,2.922357393874124e+18,103.831322948344,-23.9861867183694,1.12215,15.7819,18.667,0.163,17.3994,0.0464,14.411,0.03,13.673,0.022,13.502,0.045,16.709,0.001268,17.6769,0.009372,15.7257,0.003152,13.475,0.025,13.429,0.031,12.214,0.29,9.084,,Theia86,25.118864315095824,Kounkel2020,3985.0,1.08396,0.62
79381183,2.931901395321507e+18,104.177580572277,-21.3866772344709,1.13057,10.6101,10.554,0.053,10.603,0.006,10.572,0.024,10.61,0.024,10.618,0.025,10.5535,0.000345,10.545,0.000955,10.5664,0.00071,10.588,0.023,10.602,0.02,10.445,0.071,8.387,,Theia86,25.118864315095824,Kounkel2020,11305.0,2.13832,2.97
79434798,2.9320588660056177e+18,104.32215863218,-20.9659903851645,1.22015,13.3882,14.491,0.021,13.95,0.172,12.813,0.024,12.574,0.024,12.486,0.024,13.7823,0.00021,14.0794,0.001064,13.3293,0.001032,12.366,0.022,12.475,0.022,12.17,,9.196,,Theia86,25.118864315095824,Kounkel2020,6285.0,1.09605,1.23
79435940,2.9318978906281974e+18,104.237288719049,-21.4404776839739,1.2066,15.9944,18.758,0.163,17.5882,0.0466,14.568,0.033,13.886,0.035,13.643,0.034,16.9063,0.001299,17.8718,0.011451,15.933,0.004506,13.721,0.027,13.715,0.037,12.2,,9.109,,Theia86,25.118864315095824,Kounkel2020,3958.0,0.880451,0.62
79541397,2.9318854180434483e+18,104.394191460187,-21.5184167969778,1.21673,15.5862,18.459,0.162,16.9873,0.046,14.26,0.024,13.626,0.023,13.385,0.034,16.4294,0.000766,17.2746,0.005295,15.5281,0.002094,13.442,0.025,13.508,0.033,12.293,0.369,9.126,,Theia86,25.118864315095824,Kounkel2020,4107.0,0.975745,0.64
79541799,2.9319049644311654e+18,104.423518366602,-21.3600492332424,1.15017,11.4323,11.492,0.102,11.313,0.008,11.267,0.023,11.304,0.023,11.272,0.023,11.45,0.000571,11.4817,0.001435,11.3813,0.000739,11.228,0.023,11.261,0.021,11.274,0.154,8.563,,Theia86,25.118864315095824,Kounkel2020,9813.0,1.66663,2.51
79542138,2.9319084390679465e+18,104.47048430179,-21.2207289752101,1.23025,13.8383,15.418,0.063,14.555,0.08,13.019,0.024,12.657,0.023,12.594,0.032,14.3568,0.001425,14.7759,0.005279,13.7798,0.003603,12.518,0.024,12.518,0.025,12.806,0.517,9.18,,Theia86,25.118864315095824,Kounkel2020,5595.0,1.1048,0.99
79694320,2.932004234020225e+18,104.649312513004,-21.0996966778039,1.13365,13.0566,14.069,0.006,13.53,0.08,12.464,0.024,12.228,0.024,12.181,0.024,13.4268,0.00036,13.7015,0.001419,12.9935,0.001177,12.125,0.023,12.115,0.023,11.82,0.2,8.861,,Theia86,25.118864315095824,Kounkel2020,6640.0,1.31505,1.4
53900129,2.9223500752499574e+18,103.63926614081,-24.0689718463486,1.03131,11.2511,11.132,0.015,11.19,0.023,11.214,0.024,11.257,0.024,11.23,0.023,11.1669,0.000772,11.1504,0.001658,11.1916,0.000571,11.213,0.023,11.257,0.021,10.956,0.113,9.153,,Theia86,25.118864315095824,Kounkel2020,14914.0,,
79028415,2.9321365877284946e+18,103.68578907544,-21.0617147683241,1.19945,13.876,15.248,0.04,14.566,0.149,13.082,0.024,12.693,0.027,12.578,0.024,14.3995,0.001453,14.8231,0.005561,13.8172,0.003858,12.517,0.024,12.534,0.024,12.146,0.285,8.571,,Theia86,25.118864315095824,Kounkel2020,5616.0,1.11915,0.99
79435146,2.931960013036505e+18,104.322234539751,-21.1111960721953,1.22613,14.2293,16.364,0.044,15.007,0.092,13.377,0.026,12.89,0.024,12.769,0.021,14.8007,0.001185,15.2787,0.004395,14.1724,0.002806,12.804,0.024,12.756,0.026,12.371,,8.95,,Theia86,25.118864315095824,Kounkel2020,5281.0,1.03029,0.91
79535713,2.922333509553429e+18,104.259608430622,-23.8851142941726,1.0505,16.1602,19.324,0.164,17.9146,0.0464,14.665,0.034,13.965,0.022,13.73,0.043,17.1216,0.00099,18.1921,0.009053,16.0959,0.003014,13.725,0.026,13.737,0.035,12.768,,9.063,,Theia86,25.118864315095824,Kounkel2020,3822.0,0.994748,0.59
53744757,2.9225548249285714e+18,103.378845250704,-23.9463048352233,1.06312,16.2969,,,18.1658,0.0509,14.698,0.046,14.041,0.041,13.836,0.052,17.2993,0.003052,18.4164,0.02727,16.2222,0.008414,13.828,0.031,13.729,0.037,12.704,,8.761,,Theia86,25.118864315095824,Kounkel2020,3785.0,0.981948,0.58
53744990,2.922365777650173e+18,103.455127969589,-24.003394719873,1.04413,15.0475,16.953,0.045,16.351,0.16,14.028,0.027,13.4,0.022,13.254,0.033,15.7855,0.000977,16.4685,0.004419,14.9924,0.002805,13.191,0.024,13.224,0.028,12.902,,9.025,,Theia86,25.118864315095824,Kounkel2020,4554.0,1.15007,0.72
53745370,2.9219719119679816e+18,103.452738284535,-24.2220348271725,1.09837,12.1229,12.637,0.006,12.371,0.057,11.781,0.024,11.664,0.023,11.632,0.029,12.3444,0.000518,12.5003,0.002134,12.0644,0.00129,11.482,0.023,11.52,0.022,11.76,0.24,9.068,,Theia86,25.118864315095824,Kounkel2020,7518.0,1.67818,1.74
53745631,2.921966684985472e+18,103.518539899753,-24.3660971400916,1.11486,16.2837,19.897,0.163,18.5699,0.0484,14.622,0.033,13.951,0.022,13.642,0.045,17.3991,0.001695,18.7692,0.016339,16.2086,0.005403,13.596,0.028,13.505,0.033,12.771,,8.835,,Theia86,25.118864315095824,Kounkel2020,3547.0,1.1078,0.48
53899186,2.921911095229679e+18,103.603047321691,-24.5404977114065,1.08112,12.1385,13.088,0.009,12.637,0.092,11.573,0.022,11.288,0.024,11.281,0.026,12.5045,0.00022,12.7761,0.001049,12.0807,0.000648,11.175,0.023,11.211,0.022,11.258,0.127,9.019,,Theia86,25.118864315095824,Kounkel2020,6372.0,2.10104,1.27
53899905,2.922345505404788e+18,103.681217902007,-24.1834347244603,1.08735,11.5317,11.691,0.015,11.648,0.034,11.283,0.021,11.197,0.022,11.139,0.021,11.5914,0.000414,11.6435,0.000981,11.4794,0.000612,11.077,0.023,11.102,0.02,10.9,0.106,9.067,,Theia86,25.118864315095824,Kounkel2020,9038.0,1.79761,2.28
79436786,2.931852879370238e+18,104.317902609347,-21.7791435025045,1.16907,16.488,19.529,0.164,18.5203,0.0476,14.832,0.036,14.152,0.041,13.957,0.054,17.5375,0.001009,18.7587,0.015109,16.4178,0.003717,13.882,0.027,13.864,0.036,12.025,,9.046,,Theia86,25.118864315095824,Kounkel2020,3688.0,0.876483,0.54
79540427,2.928845577632887e+18,104.426270198782,-21.9166023449302,1.19197,12.7062,13.529,0.017,13.062,0.069,12.238,0.026,12.081,0.026,12.006,0.019,13.0153,0.000253,13.2353,0.000703,12.6463,0.000513,11.994,0.023,12.053,0.023,11.995,0.246,9.157,,Theia86,25.118864315095824,Kounkel2020,6747.0,1.34648,1.44
79541756,2.9318992950743363e+18,104.365402252093,-21.3748305078581,1.19099,12.0171,12.458,0.012,12.246,0.046,11.68,0.023,11.587,0.026,11.591,0.023,12.1846,0.000187,12.3038,0.0009860001,11.9646,0.00064,11.557,0.023,11.566,0.023,11.565,0.212,8.701,,Theia86,25.118864315095824,Kounkel2020,7838.0,1.51316,1.87
79543866,2.932089102575496e+18,104.413472009842,-20.4930815969635,1.16413,15.6833,17.524,0.043,17.4983,0.0465,14.179,0.024,13.459,0.029,13.268,0.03,16.6714,0.001443,17.7528,0.008618,15.6109,0.004477,12.555,0.023,12.543,0.026,12.063,0.286,8.863,,Theia86,25.118864315095824,Kounkel2020,3840.0,1.1633,0.59
63301488,2.921661261271971e+18,104.96565193924,-23.9485117729407,1.19192,11.6709,11.736,0.159,11.451,0.012,11.518,0.024,11.54,0.024,11.491,0.019,11.7614,0.000323,11.8397,0.001148,11.6242,0.000924,11.502,0.024,11.52,0.021,11.25,0.119,8.606,,Theia86,25.118864315095824,Kounkel2020,8700.0,1.61002,2.18
63301782,2.9216575547243587e+18,104.924347729756,-24.1125493634659,1.04424,14.4186,16.362,0.045,15.439,0.057,13.383,0.027,12.814,0.027,12.637,0.03,15.0963,0.001225,15.7036,0.004734,14.3544,0.00352,12.582,0.024,12.583,0.026,12.574,0.4,9.098,,Theia86,25.118864315095824,Kounkel2020,4628.0,1.39568,0.73
79682042,2.928876913715558e+18,104.606104386056,-21.6858227084661,1.75057,16.0972,18.122,0.05,17.8771,0.0468,14.789,0.035,14.148,0.032,13.86,0.05,17.1291,0.000666,18.1499,0.012597,16.116,0.002268,13.91,0.03,13.891,0.04,12.517,,8.903,,Theia86,25.118864315095824,Kounkel2020,3742.0,0.59272,0.582108
53744982,2.922363200669781e+18,103.520407915614,-24.000522629148,1.114,15.046,17.969,0.162,16.607,0.217,13.701,0.024,12.994,0.022,12.861,0.03,15.9206,0.000757,16.8108,0.005399,14.9812,0.001919,12.794,0.024,12.796,0.025,12.276,,9.171,,Theia86,25.118864315095824,Kounkel2020,4022.0,1.43897,
53745515,2.921968922670747e+18,103.56057637689,-24.304560431728,1.15724,14.2744,16.337,0.008,15.062,0.069,13.208,0.026,12.599,0.025,12.559,0.032,14.9543,0.001769,15.5483,0.007637,14.2058,0.004677,12.427,0.024,12.433,0.025,12.059,0.265,8.502,,Theia86,25.118864315095824,Kounkel2020,4776.0,1.32719,0.77
53899563,2.9219210939134843e+18,103.686775286259,-24.3503239306367,1.10894,12.8632,13.764,0.02,13.27,0.08,12.352,0.022,12.155,0.021,12.114,0.026,13.2017,0.000244,13.4481,0.000855,12.8026,0.000619,11.992,0.023,12.038,0.023,11.81,0.252,8.791,,Theia86,25.118864315095824,Kounkel2020,6665.0,1.40254,1.41
53901695,2.921903153827824e+18,103.835676591218,-24.5213464141458,1.20201,11.9878,12.751,0.011,12.358,0.08,11.599,0.024,11.418,0.023,11.36,0.023,12.2852,0.000469,12.5003,0.001877,11.9323,0.001702,11.34,0.023,11.378,0.02,10.897,0.096,8.83,0.415,Theia86,25.118864315095824,Kounkel2020,6855.0,1.82595,1.48
53901864,2.92190030627198e+18,103.813886038699,-24.6116617037965,1.11392,14.8663,17.01,0.127,15.992,0.275,13.792,0.026,13.204,0.027,13.014,0.038,15.5707,0.00119,16.2073,0.005032,14.7987,0.003295,12.974,0.024,12.985,0.026,12.603,0.523,9.117,,Theia86,25.118864315095824,Kounkel2020,4559.0,,
79296716,2.93184964955496e+18,103.994057143152,-21.8162154825447,1.26463,15.8174,18.793,0.163,17.5442,0.0463,14.357,0.032,13.695,0.033,13.501,0.043,16.7724,0.001146,17.816,0.008608,15.749,0.003091,13.447,0.026,13.366,0.031,12.472,,9.214,,Theia86,25.118864315095824,Kounkel2020,3865.0,0.956481,0.6
78959158,2.922369488501869e+18,103.520662646166,-23.8662791088836,1.15317,13.6153,15.223,0.017,14.346,0.046,12.821,0.026,12.375,0.027,12.232,0.024,14.1628,0.001313,14.6118,0.005609,13.5524,0.003529,12.176,0.023,12.201,0.023,12.43,0.419,9.178,,Theia86,25.118864315095824,Kounkel2020,5264.0,1.40462,0.9
53989754,2.9223075722517115e+18,104.005735640402,-24.0629117620432,1.1564,13.3653,14.475,0.0,13.88,0.092,12.809,0.024,12.557,0.025,12.419,0.023,13.7735,0.00059,14.0816,0.002282,13.3052,0.001887,12.418,0.023,12.456,0.024,12.115,,9.014,,Theia86,25.118864315095824,Kounkel2020,6108.0,1.19962,1.15
53990013,2.922301387498972e+18,104.084836858077,-24.1745295270478,1.10495,15.5947,17.404,0.049,17.2758,0.0463,14.179,0.033,13.455,0.035,13.293,0.041,16.5344,0.001161,17.546,0.00796,15.5215,0.003395,13.12,0.029,13.028,0.032,12.58,,8.374,,Theia86,25.118864315095824,Kounkel2020,3895.0,1.17941,0.6
63039890,2.9223227936167204e+18,104.451904107134,-23.9816545495357,1.11555,16.4176,20.654,0.164,18.5984,0.0519,14.695,0.037,14.042,0.035,13.749,0.056,17.5003,0.002076,18.8207,0.027557,16.3427,0.00522,13.738,0.026,13.626,0.034,12.26,,8.539,,Theia86,25.118864315095824,Kounkel2020,3574.0,0.994151,0.5
79436729,2.931854562997397e+18,104.335195248612,-21.750805963212,1.29516,9.797,9.592,0.035,9.691,0.004,9.851,0.024,9.908,0.023,9.903,0.019,9.67335,0.000241,9.63663,0.000695,9.75514,0.000416,9.925,0.023,9.961,0.019,9.979,0.058,9.136,,Theia86,25.118864315095824,Kounkel2020,,,
79536519,2.922437245905405e+18,104.473593121683,-23.6385378751011,1.09349,10.7101,10.636,0.073,10.67,0.007,10.72,0.024,10.748,0.026,10.781,0.024,10.6208,0.00051,10.5937,0.001251,10.671,0.000569,10.688,0.023,10.722,0.021,10.438,0.078,9.034,,Theia86,25.118864315095824,Kounkel2020,12182.0,,
79539630,2.9288197734698086e+18,104.483174705719,-22.2446793075284,1.11564,15.7113,17.488,0.043,17.0991,0.0462,14.358,0.024,13.69,0.033,13.581,0.041,16.5475,0.001284,17.3763,0.00748,15.6401,0.00407,13.556,0.027,13.488,0.033,12.081,,8.824,,Theia86,25.118864315095824,Kounkel2020,4088.0,0.996235,0.64
79137750,2.931948571242916e+18,103.729205147659,-21.1051441436715,1.28112,15.9326,18.517,0.051,17.4679,0.0473,14.595,0.036,13.845,0.026,13.732,0.048,16.825,0.003214,17.7337,0.01418,15.8533,0.008663,13.506,0.025,13.502,0.031,12.942,,9.298,,Theia86,25.118864315095824,Kounkel2020,3988.0,0.8485,0.62
79213425,2.9319699730543155e+18,103.962288010304,-21.06220510315,1.21527,12.7904,13.646,0.016,13.161,0.069,12.295,0.024,12.134,0.026,12.064,0.023,13.1116,0.000327,13.3461,0.001098,12.7314,0.000874,12.013,0.022,12.033,0.023,11.529,0.168,8.78,0.449,Theia86,25.118864315095824,Kounkel2020,6827.0,1.29135,1.47
63039879,2.92232890965017e+18,104.403530759032,-23.975192417674,1.16572,11.0991,11.068,0.086,11.079,0.009,11.057,0.024,11.088,0.023,11.058,0.023,11.0417,0.000516,11.0334,0.001715,11.0577,0.000864,11.05,0.023,11.095,0.021,10.766,0.09,8.402,0.247,Theia86,25.118864315095824,Kounkel2020,11170.0,1.66536,2.92
79294561,2.931981895883554e+18,104.071397198882,-20.8937263718833,1.245,13.2005,14.23,0.018,13.703,0.092,12.667,0.024,12.42,0.024,12.355,0.023,13.5748,0.000494,13.8543,0.002459,13.1377,0.001272,12.354,0.024,12.359,0.023,12.394,0.342,9.299,,Theia86,25.118864315095824,Kounkel2020,6662.0,1.13017,1.41
79295135,2.9319570237394365e+18,104.016992516009,-21.1264045145444,1.20235,12.2281,12.838,0.019,12.504,0.057,11.843,0.023,11.694,0.023,11.624,0.023,12.464,0.000172,12.6321,0.001331,12.1716,0.00062,11.615,0.022,11.622,0.022,11.856,0.227,8.84,,Theia86,25.118864315095824,Kounkel2020,7391.0,1.49342,1.69
79381903,2.93196248693775e+18,104.132444872422,-21.0894545471778,1.2866,15.2876,18.051,0.044,16.311,1.133,13.904,0.027,13.19,0.03,12.947,0.03,16.2203,0.001068,17.2243,0.005586,15.226,0.002448,12.94,0.025,12.827,0.027,12.234,,9.144,,Theia86,25.118864315095824,Kounkel2020,3923.0,1.16149,0.61
79382190,2.931976059034327e+18,104.117283965713,-20.9742912570671,1.2484,16.1229,19.068,0.164,17.758,0.047,14.81,0.034,14.005,0.03,13.944,0.045,17.0517,0.002316,18.0361,0.012761,16.0617,0.006555,13.884,0.025,13.869,0.039,12.801,,9.188,,Theia86,25.118864315095824,Kounkel2020,3955.0,0.820657,0.62
53900438,2.922365502772214e+18,103.616405137059,-23.9084177190029,1.06932,16.1525,18.853,0.163,17.8462,0.0472,14.693,0.032,13.997,0.037,13.78,0.051,17.0974,0.002063,18.0862,0.014375,16.0512,0.005716,13.708,0.027,13.621,0.036,12.126,0.34,8.718,,Theia86,25.118864315095824,Kounkel2020,3895.0,0.951688,0.6
53901212,2.922296783293937e+18,103.751900368251,-24.2762663485681,0.994241,14.6849,16.961,-0.103,15.897,0.103,13.645,0.026,13.037,0.023,12.884,0.032,15.3786,0.00164,16.0006,0.006073,14.6143,0.003794,12.811,0.024,12.769,0.023,12.009,0.267,9.022,,Theia86,25.118864315095824,Kounkel2020,4570.0,1.335,0.72
53901931,2.921899859595404e+18,103.77859311976,-24.6445982602068,1.06367,14.9994,17.13,0.0,16.052,0.055,14.055,0.022,13.47,0.031,13.335,0.038,15.6799,0.00072,16.2897,0.003188,14.9396,0.002446,13.304,0.025,13.344,0.032,12.684,,9.283,,Theia86,25.118864315095824,Kounkel2020,4684.0,1.04679,0.75
53988263,2.922277949854034e+18,103.943324084483,-24.4991312611421,1.21492,16.1531,19.309,0.162,17.9661,0.0467,14.758,0.026,14.081,0.036,13.861,0.052,17.1337,0.001695,18.2392,0.010557,16.09,0.004027,13.667,0.026,13.718,0.035,11.973,,8.709,,Theia86,25.118864315095824,Kounkel2020,3788.0,0.892206,0.58
79137836,2.931967877111287e+18,103.812826644914,-21.1530132977678,1.08795,13.5032,14.909,0.043,14.201,0.149,12.823,0.024,12.485,0.026,12.424,0.025,13.9493,0.000664,14.293,0.003267,13.4418,0.002208,12.228,0.023,12.22,0.023,12.493,0.453,8.855,,Theia86,25.118864315095824,Kounkel2020,6022.0,1.26869,1.11
79144078,2.922397384307808e+18,103.915608040226,-23.70292723216,1.08024,15.3718,18.015,0.046,16.637,0.24,14.104,0.029,13.435,0.027,13.303,0.041,16.1657,0.001222,16.9313,0.007042,15.3052,0.002901,13.218,0.025,13.185,0.028,12.166,,8.728,,Theia86,25.118864315095824,Kounkel2020,4255.0,1.08192,0.67
79435623,2.931900501968257e+18,104.320608173951,-21.3093546326095,1.1211,15.4999,18.34,0.044,16.6,0.08,14.27,0.026,13.647,0.03,13.435,0.042,16.287,0.001891,17.0498,0.009998,15.4382,0.0059,13.463,0.024,13.488,0.034,12.766,,8.56,,Theia86,25.118864315095824,Kounkel2020,4261.0,0.974465,0.67
53900835,2.9223502126889016e+18,103.721870593712,-24.1046920506951,1.16881,14.0547,15.93,0.006,14.92,0.057,13.1,0.024,12.625,0.025,12.461,0.029,14.6693,0.00116,15.1972,0.004054,13.993,0.003065,12.34,0.023,12.372,0.024,12.343,0.309,9.169,,Theia86,25.118864315095824,Kounkel2020,4933.0,1.29603,0.81
53901203,2.9223436156192005e+18,103.722788668019,-24.2736907702763,1.08587,15.4387,17.875,0.048,16.57,1.133,14.219,0.032,13.608,0.031,13.476,0.037,16.2778,0.001164,17.1199,0.005264,15.3753,0.00382,13.362,0.025,13.351,0.029,12.337,,8.868,,Theia86,25.118864315095824,Kounkel2020,4076.0,1.16632,0.64
78959672,2.922564205136899e+18,103.609908152913,-23.729107476468,1.08499,16.2708,19.298,0.164,18.0645,0.0471,14.829,0.034,14.101,0.042,13.846,0.06,17.2488,0.001364,18.3224,0.013766,16.1955,0.003919,13.819,0.027,13.823,0.039,12.175,,9.057,,Theia86,25.118864315095824,Kounkel2020,3828.0,0.937944,0.59
79213011,2.931953690844925e+18,103.955928492626,-21.2457982190196,1.24553,14.2714,16.192,0.045,15.337,0.137,13.47,0.027,12.972,0.026,12.845,0.027,14.8729,0.001364,15.3824,0.00537,14.2109,0.003763,12.815,0.025,12.836,0.028,12.377,0.459,8.895,,Theia86,25.118864315095824,Kounkel2020,5101.0,1.05984,0.86
79213053,2.931954549838369e+18,103.959595231703,-21.2291164626616,1.2822,14.459,16.358,0.011,15.212,0.092,13.558,0.027,13.035,0.027,12.955,0.034,15.0778,0.001702,15.6088,0.006496,14.3997,0.004698,12.893,0.024,12.934,0.027,12.298,0.337,8.972,,Theia86,25.118864315095824,Kounkel2020,5010.0,0.979355,0.83
79295377,2.931953759564383e+18,103.98595052256,-21.2411844089579,1.24895,12.8297,13.856,0.016,13.302,0.08,12.251,0.024,11.958,0.024,11.869,0.023,13.2151,0.000292,13.5025,0.000844,12.768,0.000757,11.814,0.023,11.858,0.022,11.744,0.211,9.238,,Theia86,25.118864315095824,Kounkel2020,6418.0,1.36285,1.29
47635818,2.922287334366005e+18,104.182020498953,-24.2859121318794,1.08984,14.3389,16.157,0.016,15.216,0.069,13.387,0.027,12.928,0.031,12.78,0.031,14.9591,0.001349,15.4941,0.004244,14.2772,0.003558,12.725,0.026,12.708,0.027,12.21,0.396,8.56,,Theia86,25.118864315095824,Kounkel2020,4899.0,1.23306,0.8
53900292,2.92235216688881e+18,103.67842983918,-24.0005165136036,1.01932,11.8901,11.949,0.015,11.925,0.023,11.734,0.023,11.726,0.024,11.697,0.021,11.902,0.000327,11.926,0.00108,11.8366,0.000689,11.642,0.023,11.68,0.022,11.419,0.172,9.011,,Theia86,25.118864315095824,Kounkel2020,9831.0,1.50338,2.51
79295218,2.931956680142088e+18,104.004820247169,-21.1686879381312,1.16921,14.0259,15.643,0.069,14.779,0.092,13.143,0.026,12.682,0.024,12.588,0.027,14.5969,0.001625,15.0706,0.005246,13.9653,0.004491,12.476,0.022,12.467,0.023,12.04,,8.655,,Theia86,25.118864315095824,Kounkel2020,5287.0,1.18352,0.91
79381362,2.931902632272068e+18,104.168875915147,-21.3195050965293,1.16037,10.5518,10.608,0.053,10.578,0.005,10.491,0.026,10.472,0.024,10.436,0.022,10.5391,0.000419,10.5579,0.000739,10.5099,0.000794,10.431,0.022,10.476,0.02,10.467,0.071,8.94,,Theia86,25.118864315095824,Kounkel2020,10163.0,2.36297,2.61
79381445,2.931904453338183e+18,104.221826375577,-21.2841030772329,1.20026,13.5572,15.195,0.021,14.334,0.092,12.723,0.024,12.243,0.024,12.117,0.024,14.0995,0.001489,14.5459,0.004893,13.4989,0.003711,12.128,0.023,12.127,0.023,12.094,0.326,9.189,,Theia86,25.118864315095824,Kounkel2020,5354.0,1.36407,0.93
47636243,2.922330490198282e+18,104.155078566271,-24.0194447392134,1.08403,15.4316,18.602,0.164,16.703,1.133,14.106,0.035,13.437,0.039,13.287,0.045,16.2697,0.001239,17.0941,0.006055,15.36,0.002877,13.153,0.026,13.121,0.031,12.08,,9.122,,Theia86,25.118864315095824,Kounkel2020,4120.0,1.1597,0.64
53990190,2.9222948247855703e+18,104.001074975432,-24.2559569621576,1.11038,16.303,19.209,0.164,18.1396,0.0469,14.661,0.036,13.989,0.036,13.793,0.045,17.2937,0.001778,18.3123,0.01126,16.1451,0.005733,13.677,0.026,13.535,0.035,12.29,,8.605,,Theia86,25.118864315095824,Kounkel2020,3793.0,0.924884,0.58
79434699,2.932059995569813e+18,104.296605508567,-20.9264886017151,1.23058,14.9018,17.341,0.0,16.044,0.126,13.829,0.026,13.239,0.027,13.085,0.033,15.6023,0.001972,16.2337,0.007585,14.8362,0.005315,13.031,0.024,13.035,0.026,12.431,,8.976,,Theia86,25.118864315095824,Kounkel2020,4595.0,0.988495,0.73
79435461,2.931904590777121e+18,104.249614106686,-21.2545971482394,1.24339,15.4698,17.961,0.054,16.7656,0.0461,14.392,0.041,13.709,0.043,13.58,0.051,16.2688,0.001226,17.0547,0.00747,15.411,0.003749,,,,,,,,,Theia86,25.118864315095824,Kounkel2020,4203.0,0.920591,0.66
79436008,2.931897409591868e+18,104.230771594264,-21.4622348718524,1.16623,13.2605,14.458,0.019,13.925,0.092,12.706,0.029,12.41,0.026,12.306,0.03,13.6822,0.000651,14.0062,0.001969,13.203,0.001722,12.291,0.023,12.341,0.024,12.681,0.501,9.265,,Theia86,25.118864315095824,Kounkel2020,6098.0,1.27366,1.15
79541840,2.931905174892889e+18,104.435758835186,-21.3381555727113,1.21716,10.817,10.73,0.061,10.742,0.006,10.734,0.022,10.76,0.026,10.77,0.019,10.7538,0.000422,10.7437,0.001607,10.7687,0.000683,10.795,0.022,10.808,0.021,10.545,0.085,8.804,,Theia86,25.118864315095824,Kounkel2020,12244.0,,
53744036,2.9219651044360945e+18,103.345797998462,-24.3419653979308,1.16356,12.2692,12.731,0.36,12.819,0.039,11.956,0.023,11.849,0.023,11.77,0.026,12.4532,0.000281,12.5814,0.001399,12.215,0.000845,11.711,0.023,11.729,0.022,11.632,0.191,8.86,0.362,Theia86,25.118864315095824,Kounkel2020,7667.0,1.40659,1.8
53744472,2.9219896072330486e+18,103.351728936326,-24.1055012048451,1.26977,15.3303,19.312,0.162,16.8747,0.0462,13.889,0.026,13.184,0.026,13.049,0.033,16.2252,0.001299,17.1372,0.007521,15.2468,0.003425,12.945,0.023,12.909,0.027,12.112,,8.773,,Theia86,25.118864315095824,Kounkel2020,3981.0,1.12291,0.62
79435896,2.9318979593479444e+18,104.275740434891,-21.4233592766933,1.05431,14.997,17.859,-0.186,16.468,0.252,13.699,0.026,13.008,0.026,12.883,0.03,15.8528,0.001038,16.7153,0.005459,14.936,0.002474,12.86,0.024,12.825,0.027,12.451,0.427,9.128,,Theia86,25.118864315095824,Kounkel2020,4070.0,1.50863,
79541721,2.931899093219247e+18,104.376668672504,-21.3871993846163,1.22786,13.0082,13.98,0.014,13.478,0.08,12.482,0.024,12.274,0.026,12.268,0.027,13.3672,0.00026,13.6323,0.001215,12.9496,0.000735,12.203,0.023,12.257,0.024,12.158,0.33,9.05,,Theia86,25.118864315095824,Kounkel2020,6455.0,1.22772,1.31
79542127,2.9319085421471754e+18,104.446352529669,-21.2256744658387,1.19661,13.7144,15.013,0.043,14.4,0.103,13.018,0.022,12.672,0.024,12.614,0.026,14.19,0.001078,14.5661,0.003906,13.6564,0.003164,12.508,0.024,12.533,0.024,12.251,0.374,9.081,,Theia86,25.118864315095824,Kounkel2020,5927.0,1.1008,1.08
79542462,2.9319136617479926e+18,104.406480497072,-21.0770534845028,1.21826,15.8037,18.784,0.164,17.2859,0.0479,14.413,0.037,13.79,0.029,13.63,0.044,16.6794,0.003122,17.5676,0.019275,15.7434,0.008985,13.561,0.027,13.551,0.034,12.221,0.336,9.017,0.456,Theia86,25.118864315095824,Kounkel2020,4048.0,0.933476,0.63
79544151,2.932301067799955e+18,104.398773259783,-20.3799415264529,1.01453,15.281,16.862,0.046,16.068,1.133,14.468,0.029,14.015,0.041,13.899,0.05,15.8633,0.000514,16.3536,0.003719,15.2238,0.001741,13.727,0.027,13.769,0.037,12.37,0.406,9.03,,Theia86,25.118864315095824,Kounkel2020,5212.0,0.783202,0.89
79685885,2.922499918069631e+18,104.600331800369,-23.2739994305608,1.0948,14.9503,16.745,-0.095,15.745,0.069,13.86,0.026,13.38,0.029,13.242,0.032,15.5951,0.001872,16.1613,0.008149,14.8886,0.005169,13.27,0.024,13.269,0.03,12.71,,8.969,,Theia86,25.118864315095824,Kounkel2020,4777.0,0.976065,0.77
79693830,2.931985404883684e+18,104.734204032916,-21.2964356533704,1.75876,13.959,15.539,0.019,14.727,0.08,13.19,0.03,12.767,0.027,12.731,0.034,14.5115,0.00029,14.9726,0.00128,13.9033,0.000943,12.554,0.023,12.599,0.025,12.503,0.428,8.904,,Theia86,25.118864315095824,Kounkel2020,5261.0,0.798523,0.9
79693937,2.93198904701593e+18,104.723416637629,-21.2507427612638,1.40519,13.2003,14.314,0.013,13.794,0.08,12.592,0.023,12.333,0.026,12.301,0.026,13.6068,0.00045,13.9142,0.001753,13.1408,0.001123,12.261,0.024,12.29,0.024,12.293,0.369,8.999,,Theia86,25.118864315095824,Kounkel2020,6163.0,1.06418,1.17
79872717,2.922444495809828e+18,104.837983487999,-23.4404937555369,1.20082,15.5314,18.218,0.044,16.413,1.133,14.288,0.027,13.618,0.025,13.517,0.041,16.339,0.000898,17.1333,0.005473,15.4657,0.002983,13.416,0.025,13.487,0.032,12.731,0.528,9.095,,Theia86,25.118864315095824,Kounkel2020,4155.0,0.950719,0.65
80044968,2.922481569968409e+18,105.026266207153,-23.1381736312076,1.21183,13.652,14.781,0.056,14.075,0.08,13.0,0.026,12.743,0.023,12.663,0.024,14.0778,0.001194,14.4039,0.004469,13.5923,0.003087,12.616,0.024,12.6,0.025,12.03,0.308,8.795,,Theia86,25.118864315095824,Kounkel2020,6109.0,1.03007,1.15
53744555,2.9219903631472763e+18,103.386054385881,-24.0630460140636,1.07822,15.827,16.474,0.051,17.3175,0.0462,14.592,0.037,13.935,0.048,13.686,0.05,16.705,0.001617,17.5965,0.007008,15.7629,0.004273,13.45,0.026,13.447,0.032,12.459,,8.96,,Theia86,25.118864315095824,Kounkel2020,4031.0,1.0446,0.63
53744989,2.9223632350295173e+18,103.531728311859,-24.0032724437382,,15.6262,17.235,0.027,16.101,0.008,13.999,0.05,13.07,,13.145,0.054,16.5311,0.001146,17.3325,0.013582,15.3785,0.012117,12.734,0.024,12.74,0.025,12.722,,9.089,,Theia86,25.118864315095824,Kounkel2020,,,
53899360,2.921917898457847e+18,103.637876828281,-24.4500542642399,1.14635,12.3494,11.537,0.048,12.59,0.057,11.978,0.033,11.868,0.04,11.8,0.031,12.5863,0.000252,12.7524,0.000981,12.2928,0.000863,11.273,0.022,11.378,0.02,11.71,0.181,8.882,,Theia86,25.118864315095824,Kounkel2020,7292.0,1.48141,1.65
53900371,2.922364128382888e+18,103.680946870561,-23.9657386009857,1.10834,15.1126,17.424,0.042,16.329,0.16,14.081,0.023,13.428,0.032,13.22,0.031,15.865,0.000896,16.5754,0.004462,15.0543,0.002408,13.195,0.024,13.268,0.031,12.373,0.405,8.939,,Theia86,25.118864315095824,Kounkel2020,4419.0,1.08854,0.69
53990007,2.9223014218550856e+18,104.08839436739,-24.172764512537,1.02825,14.1922,16.573,0.043,15.172,0.114,12.927,0.024,12.35,0.025,12.177,0.024,14.9486,0.002148,15.6177,0.004844,14.0825,0.004106,12.073,0.023,12.046,0.023,12.533,0.507,8.946,,Theia86,25.118864315095824,Kounkel2020,4373.0,,
79382684,2.932077145386336e+18,104.213157445773,-20.7564550952395,1.21583,15.021,16.511,0.035,16.248,0.389,13.831,,13.282,,13.247,0.045,15.7335,0.001351,16.3831,0.006858,14.9544,0.003365,12.931,0.024,12.98,0.027,12.415,,9.215,,Theia86,25.118864315095824,Kounkel2020,4524.0,0.971076,0.71
79435344,2.931957745293878e+18,104.25591902679,-21.2036666329473,1.1981,14.0084,15.47,0.05,14.914,0.114,13.349,0.026,12.876,0.023,12.755,0.032,14.5634,0.000713,15.0233,0.002643,13.9482,0.002038,12.632,0.023,12.63,0.025,12.435,,9.006,,Theia86,25.118864315095824,Kounkel2020,5228.0,1.14554,0.89
79375823,2.9223879396823803e+18,104.210441477202,-23.7587425348509,1.09312,15.4232,17.853,0.045,16.403,0.355,14.331,0.027,13.74,0.03,13.561,0.034,16.1601,0.002324,16.8451,0.008666,15.3626,0.006945,13.51,0.026,13.567,0.035,12.741,,8.562,,Theia86,25.118864315095824,Kounkel2020,4478.0,0.930924,0.7
79435370,2.9319108442494884e+18,104.286421826671,-21.2158900683493,1.2176,13.4878,15.398,0.043,14.134,0.092,12.795,0.024,12.395,0.023,12.362,0.029,13.9711,0.001458,14.3534,0.005723,13.428,0.004089,12.288,0.023,12.309,0.025,12.483,0.445,9.139,,Theia86,25.118864315095824,Kounkel2020,5709.0,1.23515,1.02
79435919,2.931898440384263e+18,104.326594089108,-21.4294314073314,1.26313,15.471,17.73,0.046,16.616,1.133,14.348,0.029,13.684,0.029,13.494,0.033,16.2494,0.000943,16.994,0.005347,15.4113,0.002896,13.507,0.026,13.495,0.033,11.969,,8.947,,Theia86,25.118864315095824,Kounkel2020,4344.0,0.853052,0.68
79536578,2.92243786438067e+18,104.482227177051,-23.614584442867,1.11052,12.6957,13.451,0.017,12.948,0.057,12.26,0.023,12.103,0.026,12.048,0.024,12.9793,0.000301,13.1799,0.000881,12.6381,0.000665,11.979,0.024,12.031,0.024,11.801,0.239,8.808,,Theia86,25.118864315095824,Kounkel2020,6901.0,1.39445,1.5
79541376,2.931885177525271e+18,104.428012452125,-21.5287102361949,1.20648,15.4114,18.615,0.162,17.0597,0.0463,14.024,0.024,13.328,0.027,13.093,0.027,16.3436,0.000988,17.3395,0.008786,15.351,0.00281,13.132,0.025,13.114,0.03,12.722,,9.062,,Theia86,25.118864315095824,Kounkel2020,3941.0,1.17333,0.61
79541600,2.9318866893537213e+18,104.387054979538,-21.4377527569229,1.29078,16.0821,19.479,0.162,18.3065,0.0485,14.368,0.028,13.738,0.033,13.488,0.037,17.177,0.001335,18.5362,0.017533,16.0222,0.003818,,,,,,,,,Theia86,25.118864315095824,Kounkel2020,3556.0,1.02143,0.49
79542098,2.9319070990381834e+18,104.416792744474,-21.2360165264341,1.25668,16.1732,18.968,0.164,17.8517,0.0472,14.707,0.035,14.065,0.029,13.816,0.044,17.1192,0.001777,18.0907,0.015203,16.0787,0.003677,,,,,,,,,Theia86,25.118864315095824,Kounkel2020,3949.0,0.816904,0.61
79868478,2.9288612413668977e+18,104.74977586559,-21.7402598354827,1.20368,12.0167,12.494,0.262,12.853,0.172,11.571,0.026,11.377,0.027,11.321,0.024,12.3415,0.000121,12.5789,0.000777,11.9586,0.000404,11.262,0.023,11.281,0.022,11.379,0.151,9.151,,Theia86,25.118864315095824,Kounkel2020,6760.0,1.87391,1.45
79876040,2.922530223359804e+18,104.924054662729,-23.0467703348451,1.10626,15.2381,17.514,0.046,16.246,1.133,14.231,0.029,13.599,0.027,13.597,0.049,15.93,0.001614,16.5501,0.00614,15.1707,0.005148,13.393,0.026,13.396,0.032,12.792,,8.413,,Theia86,25.118864315095824,Kounkel2020,4606.0,0.926022,0.73
744409677,2.9224149421308524e+18,104.814578867203,-23.8664976495635,1.07314,11.6853,,,11.8074,0.0459,,,,,,,11.78,0.000432,11.8062,0.002936,11.5876,0.010907,,,,,,,,,Theia86,25.118864315095824,Kounkel2020,8522.0,,
80280377,2.921693735529619e+18,105.339618170996,-23.6951774756855,1.31711,13.0333,14.53,0.065,13.795,0.057,12.402,0.027,11.979,0.022,11.854,0.023,13.541,0.00089,13.9498,0.003068,12.9735,0.002446,11.765,0.023,11.801,0.023,11.792,0.224,8.877,,Theia86,25.118864315095824,Kounkel2020,5473.0,1.49101,0.96
79382422,2.931979495008085e+18,104.116428694519,-20.8666668463926,1.20034,13.0354,14.043,0.026,13.478,0.103,12.503,0.026,12.274,0.026,12.201,0.024,13.4041,0.000199,13.6787,0.001013,12.9778,0.000763,12.164,0.024,12.159,0.023,11.741,0.197,8.941,,Theia86,25.118864315095824,Kounkel2020,6394.0,1.25882,1.28
79435769,2.931900020932187e+18,104.340008037502,-21.3684061292541,1.19606,15.2812,17.542,0.0,16.39,0.206,14.186,0.03,13.533,0.024,13.368,0.039,16.043,0.001363,16.7695,0.005788,15.2244,0.003687,13.354,0.025,13.355,0.032,12.544,0.428,8.664,,Theia86,25.118864315095824,Kounkel2020,4379.0,0.953626,0.68
79436166,2.931884559050038e+18,104.281578533885,-21.5184043822978,1.24001,15.8566,19.144,0.163,17.7905,0.0464,14.328,0.033,13.612,0.03,13.444,0.042,16.8763,0.00074,18.0507,0.008376,15.7952,0.002739,13.349,0.026,13.209,0.028,12.145,0.287,9.036,,Theia86,25.118864315095824,Kounkel2020,3732.0,1.05865,0.56
79436417,2.9318596825983744e+18,104.258815742419,-21.6198460085852,1.09181,15.9488,18.626,0.052,17.4748,0.0463,14.647,0.038,13.963,0.032,13.741,0.05,16.8371,0.000853,17.7504,0.008997,15.878,0.002252,13.687,0.027,13.695,0.033,11.998,,8.842,,Theia86,25.118864315095824,Kounkel2020,3987.0,0.980461,0.62
79541989,2.9319065492821934e+18,104.371801137426,-21.2799609778458,1.19986,13.5274,14.779,0.016,14.112,0.092,12.892,0.028,12.619,0.024,12.553,0.027,13.9611,0.001139,14.2973,0.003781,13.4706,0.003096,12.528,0.023,12.541,0.025,12.386,0.382,8.833,,Theia86,25.118864315095824,Kounkel2020,6022.0,1.11957,1.11
79686768,2.9224364212716995e+18,104.490803271124,-23.6683268104937,1.06665,15.0641,17.837,0.046,16.664,0.217,13.784,0.029,13.131,0.023,13.014,0.027,15.8951,0.001382,16.7217,0.005589,14.9934,0.004105,12.897,0.025,12.88,0.028,12.129,,8.767,,Theia86,25.118864315095824,Kounkel2020,4077.0,1.3931,
79639363,2.9319092637016294e+18,104.489262434057,-21.1673739124533,1.00141,14.5744,16.046,0.0,15.233,0.103,13.883,0.028,13.632,0.032,13.474,0.036,15.066,0.00063,15.4576,0.00235,14.516,0.001917,13.456,0.026,13.532,0.032,12.389,,9.067,,Theia86,25.118864315095824,Kounkel2020,5802.0,0.910395,1.04
63116944,2.921565569399691e+18,104.691376482469,-24.1456425958322,1.17447,12.8346,13.718,0.006,13.279,0.126,12.393,0.028,12.196,0.024,12.125,0.024,13.1611,0.000216,13.3977,0.000727,12.7765,0.000726,12.076,0.023,12.097,0.023,12.302,0.342,8.531,,Theia86,25.118864315095824,Kounkel2020,6633.0,1.32151,1.39
79692368,2.9288577409819566e+18,104.722174832583,-21.8788625023862,1.20422,13.9352,15.573,0.023,14.694,0.069,13.186,0.027,12.788,0.03,12.703,0.029,14.4751,0.000895,14.9172,0.003348,13.8754,0.002405,12.634,0.024,12.664,0.026,12.214,0.322,9.177,,Theia86,25.118864315095824,Kounkel2020,5373.0,1.13636,0.93
79693336,2.931887891944504e+18,104.632947887759,-21.5013509279255,1.20363,14.5587,16.038,0.053,15.592,0.08,13.782,0.039,13.276,0.038,13.05,0.044,15.187,0.000924,15.7288,0.003764,14.4966,0.002872,12.81,0.024,12.865,0.028,12.623,0.483,8.868,,Theia86,25.118864315095824,Kounkel2020,4918.0,1.0213,0.81
79694185,2.931992070672857e+18,104.692830727057,-21.1519404935564,1.18201,12.8912,13.838,0.017,13.344,0.08,12.335,0.026,12.157,0.027,12.066,0.023,13.2471,0.000458,13.5059,0.001642,12.8291,0.001815,12.014,0.023,12.027,0.022,12.293,0.417,8.615,,Theia86,25.118864315095824,Kounkel2020,6477.0,1.3381,1.32
79541245,2.9318803671620137e+18,104.450128298689,-21.5877184952014,1.13962,15.3196,17.975,0.048,16.685,1.133,14.318,0.032,13.624,0.029,13.413,0.04,16.0931,0.001082,16.8356,0.004867,15.2596,0.003056,13.326,0.026,13.329,0.032,12.664,,8.828,,Theia86,25.118864315095824,Kounkel2020,4322.0,1.00781,0.68
63117376,2.9215425526786094e+18,104.721691845422,-24.347236786545,1.18868,13.2855,14.394,0.015,13.784,0.137,12.768,0.027,12.469,0.026,12.458,0.026,13.6658,0.000467,13.9504,0.001718,13.228,0.0014,12.409,0.024,12.461,0.024,12.388,0.371,9.204,,Theia86,25.118864315095824,Kounkel2020,6256.0,1.15636,1.22
79686596,2.9224383797766554e+18,104.605318414695,-23.5948796559071,1.16855,14.7277,16.516,0.044,15.555,0.252,13.809,0.026,13.291,0.023,13.167,0.03,15.3417,0.000898,15.8734,0.004268,14.669,0.00322,13.211,0.026,13.205,0.031,12.918,,9.284,,Theia86,25.118864315095824,Kounkel2020,4909.0,0.953515,0.8
79872006,2.9225246227226337e+18,104.758137287982,-23.1619408298341,1.24177,14.977,14.709,0.051,15.914,0.046,13.836,0.037,13.247,0.027,13.106,0.037,15.6779,0.002188,16.309,0.008362,14.9112,0.006496,13.148,0.029,13.162,0.032,11.77,,8.594,,Theia86,25.118864315095824,Kounkel2020,4601.0,0.945724,0.73
79873697,2.9224149421308524e+18,104.814578867203,-23.8664976495635,1.07314,11.6853,11.871,0.191,11.712,0.016,11.267,0.036,11.343,0.045,11.145,0.032,11.78,0.000432,11.8062,0.002936,11.5876,0.010907,10.87,0.023,10.871,0.021,9.243,0.032,8.348,0.258,Theia86,25.118864315095824,Kounkel2020,8522.0,,
79682044,2.928876363959765e+18,104.519985216434,-21.6860013718753,1.19656,13.099,14.093,0.013,13.57,0.08,12.558,0.024,12.36,0.026,12.301,0.029,13.4673,0.000335,13.7422,0.001385,13.0408,0.001034,12.25,0.023,12.319,0.026,12.102,0.305,8.847,,Theia86,25.118864315095824,Kounkel2020,6481.0,1.22267,1.32
63301940,2.921551486210444e+18,104.940101955325,-24.1880253108207,1.152,15.2903,14.822,0.046,16.458,1.133,13.87,0.03,13.215,0.029,12.995,0.027,16.1773,0.001146,17.0901,0.005806,15.2121,0.002654,12.923,0.045,12.862,0.045,11.821,,8.684,,Theia86,25.118864315095824,Kounkel2020,3976.0,1.23896,0.62
79940181,2.9289638094946755e+18,104.972176458866,-21.5688572599287,1.11942,16.2549,19.312,0.163,18.0392,0.0467,14.738,0.033,13.998,0.029,13.824,0.054,17.2336,0.001368,18.3024,0.011416,16.1891,0.003394,13.842,0.027,13.688,0.035,12.12,,8.612,,Theia86,25.118864315095824,Kounkel2020,3866.0,0.915058,0.6
79686144,2.9224945923103063e+18,104.528241555704,-23.3846720423681,1.1804,13.481,14.559,0.017,13.94,0.092,12.934,0.027,12.624,0.026,12.555,0.027,13.8777,0.000482,14.1761,0.002169,13.4218,0.001492,12.539,0.025,12.508,0.025,12.449,0.489,8.968,,Theia86,25.118864315095824,Kounkel2020,6181.0,1.09314,1.18
79687010,2.922431645268092e+18,104.596341143716,-23.7761432734863,1.00447,10.88,10.705,0.076,10.686,0.007,10.846,0.026,10.898,0.022,10.906,0.023,10.7994,0.000393,10.7764,0.001377,10.8386,0.000958,10.863,0.023,10.915,0.02,10.704,0.085,9.03,0.502,Theia86,25.118864315095824,Kounkel2020,11979.0,1.98113,3.2
79688940,2.922497169290524e+18,104.680904223588,-23.2797986729997,1.2055,16.2055,18.418,0.058,18.5857,0.0476,14.49,0.045,13.847,0.031,13.552,0.041,17.3402,0.00172,18.7802,0.012999,16.1373,0.004755,13.26,0.025,13.031,0.029,12.256,,8.907,,Theia86,25.118864315095824,Kounkel2020,3478.0,1.10924,0.45
79695007,2.932018493311414e+18,104.7148794324,-20.8226286090256,1.19895,14.9332,17.102,0.164,15.796,0.137,13.884,0.027,13.328,0.029,13.203,0.031,15.6197,0.001722,16.2341,0.007311,14.8717,0.004959,13.149,0.025,13.204,0.027,12.498,,9.153,,Theia86,25.118864315095824,Kounkel2020,4680.0,0.969616,0.75
79872129,2.922521805224273e+18,104.861814171585,-23.2043050477896,1.16136,12.7375,13.521,0.025,13.075,0.08,12.261,0.024,12.123,0.025,12.09,0.024,13.0359,0.000271,13.2484,0.000822,12.6772,0.000612,12.051,0.023,12.072,0.022,12.12,0.337,8.54,,Theia86,25.118864315095824,Kounkel2020,6913.0,1.33671,1.51
79872306,2.922519709280247e+18,104.780107751841,-23.2770467570445,1.15224,16.3652,18.842,0.049,18.1159,0.0477,14.755,0.034,14.103,0.038,13.925,0.063,17.3257,0.001641,18.2857,0.016124,16.1933,0.007807,13.673,0.025,13.618,0.033,12.518,,8.568,,Theia86,25.118864315095824,Kounkel2020,3827.0,0.825598,0.59
79687583,2.922419447560993e+18,104.632134233878,-23.8416739926031,1.06981,13.0793,13.956,0.008,13.443,0.069,12.588,0.023,12.399,0.027,12.355,0.028,13.4071,0.000235,13.6465,0.000859,13.0214,0.000719,12.307,0.023,12.361,0.023,12.34,0.381,9.053,,Theia86,25.118864315095824,Kounkel2020,6700.0,1.29426,1.42
79687584,2.922415942867636e+18,104.736576692709,-23.8414792122744,0.967913,14.6244,16.327,0.078,15.345,0.069,13.781,0.024,13.369,0.03,13.331,0.046,15.181,0.000454,15.6412,0.001988,14.5646,0.001303,13.14,0.023,13.175,0.026,12.179,0.311,9.152,,Theia86,25.118864315095824,Kounkel2020,5298.0,1.05729,0.91
79875196,2.9224677229940915e+18,104.992908473057,-23.3748657172127,1.15026,13.5048,15.384,0.043,14.027,0.057,12.861,0.024,12.559,0.027,12.521,0.024,13.9525,0.001079,14.3019,0.00368,13.4475,0.003026,12.419,0.024,12.486,0.024,12.446,0.406,8.494,,Theia86,25.118864315095824,Kounkel2020,5839.0,1.21759,1.05
79875408,2.922473426710615e+18,104.943244191666,-23.288966502606,1.1407,12.3636,12.982,0.402,12.378,0.028,11.974,0.026,11.865,0.027,11.757,0.019,12.6198,0.000337,12.8,0.001383,12.3065,0.001007,11.753,0.023,11.764,0.022,11.23,0.131,8.921,,Theia86,25.118864315095824,Kounkel2020,7134.0,1.52023,1.59
63425170,2.9216431236341125e+18,105.228159746963,-24.1123535386525,1.1636,13.7359,15.101,0.048,14.545,0.16,13.105,0.03,12.649,0.033,12.533,0.024,14.2348,0.001508,14.6336,0.005164,13.6755,0.003897,12.317,0.025,12.333,0.024,12.014,0.261,8.888,,Theia86,25.118864315095824,Kounkel2020,5528.0,1.19651,0.97
80041658,2.928815375421681e+18,105.104774734805,-21.8512536192909,1.2448,13.9311,15.459,0.044,14.543,0.149,13.082,0.026,12.681,0.026,12.564,0.023,14.479,0.001243,14.9301,0.00417,13.8723,0.00355,12.507,0.022,12.562,0.024,12.278,0.344,8.569,,Theia86,25.118864315095824,Kounkel2020,5367.0,1.1155,0.93
80046267,2.922425868530091e+18,105.057376015584,-23.6288892422117,1.17339,12.5744,13.333,-0.005,12.849,0.08,12.16,0.024,12.009,0.026,11.978,0.021,12.8565,0.000223,13.0585,0.000903,12.5171,0.000667,11.934,0.023,11.964,0.022,12.736,0.524,9.082,,Theia86,25.118864315095824,Kounkel2020,7009.0,1.39313,1.54
80128257,2.9216733602035594e+18,105.113237378031,-23.7438122783183,1.2505,16.0221,19.468,0.162,17.9722,0.0467,14.453,0.028,13.834,0.026,13.594,0.044,17.0458,0.001275,18.241,0.010473,15.97,0.00312,13.547,0.025,13.397,0.03,12.26,0.362,8.653,,Theia86,25.118864315095824,Kounkel2020,3719.0,0.976467,0.55
79536770,2.922488888593919e+18,104.362456064716,-23.527657117778,1.03905,16.5713,19.595,0.17,18.3167,0.0472,15.147,0.058,14.428,0.05,14.329,0.077,17.5318,0.000961,18.5899,0.014645,16.5048,0.00455,14.206,0.034,14.207,0.044,12.533,,8.955,,Theia86,25.118864315095824,Kounkel2020,3845.0,0.83373,0.59
79540132,2.92882626746027e+18,104.416892438349,-22.0389957334995,1.18736,12.8672,13.583,0.005,13.21,0.103,12.37,0.027,12.171,0.027,12.151,0.021,13.1996,0.000159,13.4415,0.000606,12.8083,0.000423,12.097,0.025,12.138,0.025,11.683,0.252,9.021,,Theia86,25.118864315095824,Kounkel2020,6648.0,1.2988,1.4
79543132,2.9320626799368084e+18,104.373379980529,-20.7969407121719,1.21935,13.5155,14.657,0.035,14.088,0.137,12.965,0.027,12.668,0.023,12.637,0.03,13.9243,0.000658,14.239,0.002394,13.4596,0.001513,12.594,0.023,12.613,0.025,12.072,0.296,8.686,,Theia86,25.118864315095824,Kounkel2020,6294.0,1.05562,1.23
79639126,2.9320069827989816e+18,104.518779359745,-21.0641068693861,1.15729,13.9121,15.553,0.023,14.604,0.103,13.167,0.026,12.744,0.024,12.641,0.032,14.4404,0.00114,14.8665,0.00437,13.85,0.004523,12.572,0.023,12.622,0.025,12.111,,9.092,,Theia86,25.118864315095824,Kounkel2020,5511.0,1.15929,0.97
79682146,2.928875294501982e+18,104.542167089658,-21.7259945451761,1.24138,13.0061,13.94,0.016,13.424,0.057,12.504,0.023,12.297,0.024,12.219,0.021,13.3612,0.000164,13.6247,0.000857,12.9481,0.000753,12.232,0.085,12.292,0.079,11.862,0.525,9.078,,Theia86,25.118864315095824,Kounkel2020,6562.0,1.20672,1.36
80045853,2.9224544558324065e+18,105.058227529956,-23.4688504826869,1.16894,11.652,11.704,0.183,11.846,0.022,11.482,0.021,11.491,0.022,11.487,0.021,11.6855,0.000453,11.7219,0.000771,11.6074,0.000678,11.455,0.024,11.479,0.023,11.339,0.151,9.022,,Theia86,25.118864315095824,Kounkel2020,9123.0,1.52245,2.31
745286493,2.928752016063364e+18,104.669788333056,-22.5350510152577,1.1949,11.6139,,,11.6841,0.0459,,,,,,,11.662,0.000426,11.7099,0.001075,11.5669,0.000725,,,,,,,,,Theia86,25.118864315095824,Kounkel2020,9106.0,1.54824,2.3
80045858,2.922454460135131e+18,105.05518053095,-23.4706087344456,1.12633,14.8841,17.142,0.043,17.72,0.2,13.688,0.024,13.052,0.023,12.896,0.023,15.6624,0.001278,16.3981,0.006514,14.8035,0.003396,12.766,0.024,12.681,0.025,12.241,,9.103,,Theia86,25.118864315095824,Kounkel2020,4258.0,1.26976,0.67
744412528,2.92242700669548e+18,105.023971429447,-23.5877845608033,1.13701,15.4439,,,16.5823,0.0484,,,,,,,16.173,0.001221,16.6928,0.024999,15.2087,0.016094,,,,,,,,,Theia86,25.118864315095824,Kounkel2020,,,
745303738,2.928819739110063e+18,104.507190857227,-22.2492993943865,1.24132,14.3441,,,15.2253,0.0473,,,,,,,14.9534,0.001556,15.4197,0.010064,14.2276,0.025327,,,,,,,,,Theia86,25.118864315095824,Kounkel2020,4967.0,1.05695,0.82
79693180,2.928884846507145e+18,104.613107745737,-21.5555243121659,1.17038,12.29,12.904,0.026,12.579,0.057,11.885,0.029,11.777,0.023,11.729,0.024,12.5289,0.00071,12.6969,0.002727,12.2331,0.001673,11.684,0.023,11.726,0.023,11.918,0.29,8.76,,Theia86,25.118864315095824,Kounkel2020,7303.0,1.49671,1.65
79693609,2.931890743802718e+18,104.637341089224,-21.3872180295964,1.13714,12.7971,13.939,0.045,13.233,0.069,12.263,0.027,12.062,0.022,11.996,0.021,13.1278,0.000264,13.3665,0.001073,12.7358,0.000582,11.946,0.023,11.943,0.022,11.518,0.181,8.748,,Theia86,25.118864315095824,Kounkel2020,6699.0,1.39498,1.42
79867367,2.931985748481056e+18,104.759175618018,-21.2904958817539,1.20576,12.0081,12.317,0.216,12.0,0.016,11.728,0.026,11.69,0.022,11.623,0.019,12.1535,0.000208,12.2601,0.001091,11.9543,0.000567,11.604,0.023,11.625,0.021,11.386,0.163,8.463,,Theia86,25.118864315095824,Kounkel2020,8132.0,1.46604,1.98
79870783,2.9227422916630246e+18,104.747706749177,-22.6769914240071,1.21481,11.7378,12.141,0.263,11.923,0.021,11.341,0.024,11.274,0.023,11.152,0.023,11.9647,0.000281,12.1279,0.00082,11.6834,0.000579,11.133,0.023,11.149,0.021,11.111,0.14,8.784,,Theia86,25.118864315095824,Kounkel2020,7450.0,1.829,1.71
79873922,2.9216651782843817e+18,104.896576157006,-23.9142764986386,1.16993,12.2796,12.819,-0.004,12.519,0.092,11.917,0.026,11.789,0.026,11.736,0.024,12.4945,0.000248,12.6456,0.00104,12.2263,0.000649,11.705,0.024,11.694,0.022,11.886,0.252,9.145,,Theia86,25.118864315095824,Kounkel2020,7402.0,1.45334,1.69
80042599,2.9287873722355005e+18,105.070663791637,-22.193586338028,1.1786,16.1149,18.138,0.051,17.68,0.0468,14.708,0.036,13.968,0.027,13.849,0.054,17.019,0.001945,17.9521,0.012309,16.0444,0.005516,13.787,0.029,13.754,0.04,12.565,,8.511,,Theia86,25.118864315095824,Kounkel2020,3982.0,0.858848,0.62
80039408,2.931997052834665e+18,105.013682225774,-21.0202507493607,1.16254,13.2626,14.243,0.017,13.689,0.092,12.665,0.038,12.443,0.043,12.373,0.041,13.6502,0.000301,13.9389,0.001279,13.2002,0.0008,11.914,0.024,11.931,0.023,12.17,0.337,8.999,,Theia86,25.118864315095824,Kounkel2020,6414.0,1.20168,1.29
80129500,2.922449336231396e+18,105.132562432273,-23.6017543982927,1.17882,11.9786,12.134,0.255,12.298,0.031,11.695,0.024,11.646,0.022,11.639,0.023,12.1105,0.000238,12.206,0.001192,11.9286,0.000789,11.622,0.023,11.637,0.022,11.437,0.161,8.812,,Theia86,25.118864315095824,Kounkel2020,8085.0,1.48692,1.96
80129856,2.922453081442871e+18,105.208723804768,-23.4446636935277,1.27477,12.3551,12.432,0.346,12.635,0.046,11.936,0.023,11.791,0.022,11.729,0.023,12.6331,0.000168,12.8311,0.000766,12.2986,0.000857,11.707,0.023,11.725,0.022,11.736,0.189,9.081,,Theia86,25.118864315095824,Kounkel2020,6981.0,1.41372,1.53
80045258,2.9224710902483087e+18,105.025019901571,-23.2460969231885,1.19362,12.5283,13.516,0.0,12.917,0.057,11.979,0.022,11.797,0.025,11.727,0.024,12.8954,0.000288,13.1676,0.001049,12.4703,0.000751,11.665,0.023,11.706,0.022,11.49,0.188,8.958,,Theia86,25.118864315095824,Kounkel2020,6350.0,1.59779,1.26
63723919,2.9212824107953203e+18,105.59499335238,-24.7737533307394,1.34061,16.8622,20.716,0.164,19.3436,0.0517,15.246,0.037,14.648,0.045,14.317,0.079,18.118,0.001423,19.5476,0.025321,16.9264,0.0056,14.322,0.03,14.174,0.042,12.774,,8.615,,Theia87,23.988329190194897,Kounkel2020,3368.0,0.617169,0.601876
63729697,2.9213664547146066e+18,105.737601748071,-24.7045890601308,1.17476,14.7579,16.915,0.06,15.867,0.16,13.71,0.027,13.158,0.022,13.011,0.032,15.416,0.001981,15.997,0.00759,14.6931,0.005616,12.995,0.024,13.02,0.027,12.655,0.467,9.165,,Theia87,23.988329190194897,Kounkel2020,4707.0,1.02463,0.75
172592543,2.923680484314164e+18,100.56075069565,-23.9951864982322,3.20848,14.8425,18.357,0.176,16.594,1.133,13.435,0.024,12.78,0.028,12.516,0.03,15.9788,0.000957,17.2065,0.00569,14.8845,0.002206,12.44,0.023,12.369,0.024,12.054,0.252,9.172,,Theia95,30.19951720402019,Kounkel2020,3535.0,0.599366,0.587571
172467705,2.9236391495490365e+18,100.257308612638,-24.498531049549,3.15636,13.3904,15.31,0.04,14.155,0.092,12.273,0.024,11.727,0.026,11.605,0.024,14.0802,0.002474,14.7043,0.009211,13.3217,0.005942,11.545,0.023,11.583,0.022,11.633,0.183,9.116,,Theia95,30.19951720402019,Kounkel2020,4532.0,0.776211,0.71
172469224,2.923622691234736e+18,100.391459028469,-24.6220014328807,3.88596,16.0671,19.453,0.179,18.5106,0.0487,14.567,0.04,13.984,0.043,13.687,0.061,17.3069,0.000926,18.7271,0.017645,16.1299,0.003013,13.529,0.026,13.443,0.032,12.661,,9.146,,Theia95,30.19951720402019,Kounkel2020,3381.0,0.353861,0.338668
47586111,2.923555410568472e+18,100.7564669809,-24.915137486122,3.28465,11.9705,13.416,0.027,12.58,0.069,11.287,0.024,10.939,0.022,10.893,0.021,12.437,0.001366,12.8063,0.004457,11.914,0.003885,10.74,0.023,10.776,0.02,10.462,0.077,8.738,,Theia95,30.19951720402019,Kounkel2020,5681.0,0.913918,1.01
172738995,2.9251412499331267e+18,101.425264458371,-24.057064437428,3.01981,11.8511,,,11.914,0.32,11.088,0.052,10.857,0.075,10.359,0.03,12.2828,0.00051,12.6107,0.002295,11.7882,0.002263,10.158,0.023,10.207,0.02,10.158,0.067,8.89,,Theia95,30.19951720402019,Kounkel2020,5840.0,0.985334,1.053
48751600,2.92636002421103e+18,100.496682195314,-22.4849234096967,2.42644,9.065,9.095,0.027,9.053,0.003,8.952,0.03,8.963,0.022,8.933,0.019,9.06218,0.000313,9.08937,0.000523,9.03209,0.00063,8.937,0.022,8.979,0.021,8.992,0.035,8.542,0.387,Theia97,32.35936569296281,Kounkel2020,9708.0,2.30855,2.48
48745946,2.9266871675816576e+18,100.363885349526,-21.3147811245121,2.46899,14.9844,18.69,0.162,17.1536,0.0461,13.479,0.026,12.821,0.023,12.579,0.024,16.1461,0.0009,17.4012,0.005642,15.0302,0.002314,12.533,0.023,12.41,0.024,12.523,0.393,8.749,,Theia97,32.35936569296281,Kounkel2020,3505.0,0.694602,0.659648
48811605,2.925377816730013e+18,100.578263401391,-23.6956569868599,2.5322,12.4939,13.832,0.044,13.146,0.103,11.717,0.022,11.344,0.022,11.244,0.019,12.9788,0.00126,13.3649,0.004204,12.4344,0.003523,11.194,0.023,11.211,0.02,10.947,0.099,8.447,,Theia97,32.35936569296281,Kounkel2020,5513.0,0.968008,0.97
48745834,2.926688782489336e+18,100.368595421138,-21.2413791849154,2.52946,14.4261,17.388,0.271,16.124,0.195,13.081,0.024,12.396,0.027,12.209,0.026,15.2705,0.003183,16.1104,0.013528,14.3563,0.008306,12.222,0.024,12.182,0.022,12.108,0.305,9.089,,Theia97,32.35936569296281,Kounkel2020,4081.0,0.813863,0.64
48808811,2.9264745151629087e+18,100.583575346257,-21.7233120360021,2.19659,13.2674,14.906,0.029,14.133,0.114,12.531,0.027,12.063,0.023,11.968,0.023,13.8161,0.000721,14.2677,0.002676,13.2071,0.002408,11.889,0.024,11.889,0.023,11.531,0.196,8.673,,Theia97,32.35936569296281,Kounkel2020,5310.0,0.872313,0.91
48950858,2.925585113334293e+18,100.839621644628,-22.8691326313417,2.51214,12.1835,13.362,0.046,12.694,0.092,11.566,0.034,11.307,0.045,11.198,0.034,12.6043,0.000717,12.9286,0.002687,12.1278,0.001644,10.861,0.021,10.888,0.021,11.163,0.129,8.857,,Theia97,32.35936569296281,Kounkel2020,5947.0,0.990766,1.09
48954074,2.9255880339119647e+18,100.915526932532,-22.750788937949,2.85836,15.294,19.342,0.162,,,13.559,0.024,12.982,0.027,12.748,0.03,16.6356,0.001092,18.2939,0.010906,15.3818,0.002625,12.609,0.024,12.4,0.023,11.771,0.213,8.612,,Theia97,32.35936569296281,Kounkel2020,3225.0,0.602747,0.590324
48810953,2.9254757806450084e+18,100.613869174359,-23.2339039725914,2.30543,9.866,6.031,0.181,9.8856,0.0459,9.467,0.083,9.413,0.102,9.715,0.024,9.86681,0.000483,9.89034,0.003273,9.82487,0.003358,,,,,,,,,Theia97,32.35936569296281,Kounkel2020,9755.0,1.68707,2.49
48882482,2.926411190163556e+18,100.77169136862,-21.997876376371,2.56321,12.1764,13.455,0.027,12.688,0.114,11.519,0.023,11.224,0.023,11.128,0.021,12.6209,0.000387,12.9679,0.001484,12.1199,0.000997,11.133,0.022,11.14,0.022,11.269,0.157,8.664,,Theia97,32.35936569296281,Kounkel2020,5831.0,1.01681,1.05
48950048,2.9263674802747213e+18,100.828962768732,-22.2989721248106,2.54978,16.9275,21.158,0.164,,,15.128,0.036,14.47,0.045,14.236,0.07,18.3153,0.001209,20.0627,0.034071,17.0242,0.004459,14.174,0.028,14.002,0.039,12.402,,8.596,,Theia97,32.35936569296281,Kounkel2020,3165.0,0.403912,0.39589
47585920,2.92359382905446e+18,100.679204030264,-24.72149031895,2.38348,13.9104,16.341,0.045,15.16,0.092,12.893,0.027,12.271,0.026,12.133,0.024,14.6182,0.001246,15.2663,0.005329,13.8444,0.003617,11.919,0.023,11.991,0.022,11.972,0.285,8.938,,Theia97,32.35936569296281,Kounkel2020,4501.0,0.830121,0.71
48882615,2.9264155194905805e+18,100.693046454345,-21.917288168437,2.38564,14.2663,13.889,0.046,15.76,0.126,13.149,0.029,12.502,0.025,12.282,0.031,15.0362,0.001244,15.7696,0.006657,14.1982,0.004194,11.805,0.023,11.716,0.025,11.144,0.146,8.437,,Theia97,32.35936569296281,Kounkel2020,4305.0,0.788851,0.67
48950859,2.925585113334293e+18,100.838604720327,-22.8699281977826,2.52186,14.4609,12.963,0.053,15.8755,0.0462,13.16,0.039,12.488,0.036,12.361,0.026,15.3044,0.001833,16.141,0.007764,14.373,0.004793,,,,,,,,,Theia97,32.35936569296281,Kounkel2020,4022.0,0.805493,0.63
48950921,2.925581879216754e+18,100.881409273639,-22.9070226451218,2.37,16.6198,20.31,0.166,,,14.907,0.044,14.314,0.052,14.078,0.068,17.9455,0.001188,19.518,0.034199,16.6995,0.004094,13.698,0.024,13.576,0.033,12.247,,8.63,,Theia97,32.35936569296281,Kounkel2020,3270.0,0.449398,0.44591
48952817,2.9252174641316884e+18,100.976002438705,-23.6060655871045,2.48456,15.2649,19.33,0.163,17.7798,0.0464,13.706,0.03,13.076,0.025,12.822,0.031,16.5317,0.000999,17.9776,0.007199,15.3319,0.002485,12.641,0.023,12.524,0.024,12.01,0.263,9.101,,Theia97,32.35936569296281,Kounkel2020,3356.0,0.645117,0.623454
172468942,2.923664266517744e+18,100.364509666046,-24.3830483955202,2.50841,8.3797,8.169,0.024,8.28,0.03,8.445,0.024,8.56,0.034,8.582,0.025,8.25418,0.000432,8.21409,0.001428,8.35002,0.001354,8.59,0.023,8.63,0.02,8.648,0.025,8.566,0.32,Theia97,32.35936569296281,Kounkel2020,13481.0,,
48949363,2.92642221963951e+18,100.809786711801,-21.86238089383,2.13898,7.4104,7.108,0.023,7.27,0.03,7.563,0.032,7.656,0.049,7.707,0.031,7.23085,0.000276,7.17354,0.000719,7.38173,0.001482,7.682,0.031,7.747,0.02,7.799,0.019,8.042,0.253,Theia97,32.35936569296281,Kounkel2020,15139.0,,
172599763,2.923606095480942e+18,100.793291917909,-24.5116686153268,2.39312,16.3837,20.218,0.171,,,14.732,0.035,14.083,0.046,13.904,0.054,17.7037,0.001285,19.278,0.027567,16.4632,0.003325,13.819,0.025,13.631,0.032,12.617,0.516,8.885,,Theia97,32.35936569296281,Kounkel2020,3272.0,0.47223,0.469951
48751213,2.925509143950243e+18,100.49076568518,-22.7695940318577,2.48437,13.5272,16.16,0.043,14.398,0.08,12.594,0.024,12.041,0.023,11.903,0.021,14.1701,0.000709,14.7348,0.003016,13.4658,0.002037,11.91,0.025,11.91,0.023,11.71,0.272,9.149,,Theia97,32.35936569296281,Kounkel2020,4780.0,0.837097,0.771
48753820,2.927080242989694e+18,100.459284014807,-20.9945460461079,2.47195,15.7243,19.953,0.163,,,14.001,0.029,13.402,0.027,13.115,0.027,17.0593,0.001128,18.7213,0.016325,15.8117,0.00398,13.051,0.024,12.855,0.027,12.483,0.414,8.737,,Theia97,32.35936569296281,Kounkel2020,3226.0,0.593078,0.582405
47586008,2.923557132854293e+18,100.738725320681,-24.819567106024,2.41275,16.0611,19.921,0.164,,,14.402,0.034,13.837,0.024,13.559,0.039,17.3587,0.001603,18.9029,0.019084,16.137,0.005403,13.431,0.025,13.278,0.03,12.709,,9.024,,Theia97,32.35936569296281,Kounkel2020,3296.0,0.524858,0.522079
48752261,2.926436959968087e+18,100.51818093695,-22.0102662028488,2.50454,16.0914,19.578,0.163,18.6617,0.0482,14.478,0.032,13.819,0.033,13.555,0.042,17.3916,0.00103,18.8291,0.015709,16.1597,0.002899,13.5,0.025,13.338,0.029,12.368,,8.701,,Theia97,32.35936569296281,Kounkel2020,3344.0,0.512314,0.510092
172697012,2.9236037203617715e+18,100.981393472229,-24.5070003678315,2.49131,16.0943,20.025,0.169,,,14.458,0.026,13.803,0.041,13.571,0.04,17.3969,0.001286,18.9622,0.015274,16.1721,0.003253,13.528,0.025,13.319,0.03,12.532,,9.185,,Theia97,32.35936569296281,Kounkel2020,3284.0,0.511512,0.509317
48748235,2.9262514517385907e+18,100.288088119531,-22.8729010774559,2.47738,14.719,17.416,0.0,16.099,0.16,13.314,0.026,12.627,0.023,12.495,0.026,15.6185,0.001187,16.5618,0.006621,14.6481,0.00466,12.406,0.024,12.395,0.024,12.597,0.453,8.879,,Theia97,32.35936569296281,Kounkel2020,3960.0,0.762024,0.62
48751193,2.925507769560735e+18,100.428378957675,-22.7850014372584,2.35994,12.4589,14.582,0.055,12.982,0.057,12.073,0.042,11.504,0.022,11.428,0.023,12.9069,0.000962,13.2571,0.003426,12.4022,0.002653,11.399,0.023,11.422,0.021,11.371,0.15,9.101,0.504,Theia97,32.35936569296281,Kounkel2020,5852.0,0.972225,1.057
172593535,2.923569807299403e+18,100.574363889569,-24.7969786627508,2.53272,16.6201,20.42,0.172,,,14.908,0.037,14.395,0.049,14.036,0.061,17.9551,0.001395,19.5829,0.037554,16.7045,0.00693,14.0,0.026,13.797,0.035,12.435,,9.071,,Theia97,32.35936569296281,Kounkel2020,3241.0,0.433491,0.428709
49017200,2.925596898724575e+18,101.125755536321,-22.5788198502734,2.30923,16.2099,16.602,0.058,18.8592,0.0499,14.559,0.045,13.925,0.06,13.674,0.047,17.5261,0.001165,19.0196,0.020372,16.2834,0.003546,13.356,0.024,13.278,0.029,12.557,,8.724,,Theia97,32.35936569296281,Kounkel2020,3310.0,0.522541,0.519886
49081631,2.925543675488175e+18,101.252248694935,-22.7641735649397,2.41403,13.4104,15.274,0.074,13.971,0.137,12.416,0.026,11.907,0.027,11.791,0.024,14.0304,0.002083,14.5667,0.007272,13.3484,0.005477,11.748,0.023,11.769,0.021,11.992,0.305,8.525,,Theia97,32.35936569296281,Kounkel2020,4868.0,0.868638,0.79
49190917,2.925631906998044e+18,101.494175408923,-22.2624617724749,2.41003,16.2401,19.89,0.163,18.8156,0.0474,14.682,0.03,14.008,0.04,13.794,0.049,17.5155,0.000932,19.0123,0.012413,16.3109,0.002809,13.443,0.042,13.289,0.044,12.567,,9.131,,Theia97,32.35936569296281,Kounkel2020,3328.0,0.487182,0.485245
48808451,2.9264907630186696e+18,100.607614810506,-21.4969324979415,2.5044,17.127,20.817,0.167,,,15.339,0.049,14.781,0.065,14.495,0.086,18.4984,0.002106,20.2038,0.050575,17.2193,0.009318,14.416,0.028,14.28,0.041,12.657,,9.207,,Theia97,32.35936569296281,Kounkel2020,3190.0,0.373927,0.36178
49006133,2.927283068525208e+18,100.965519902661,-20.1263517835532,2.79543,12.6052,14.091,0.016,13.068,0.08,11.743,0.022,11.415,0.027,11.293,0.021,13.1247,0.000931,13.545,0.003398,12.5446,0.002551,11.301,0.023,11.321,0.02,11.022,0.112,8.322,,Theia97,32.35936569296281,Kounkel2020,5419.0,0.884176,0.943
172696739,2.923579088727041e+18,100.988973061037,-24.7477750918566,2.16752,17.1171,19.51,0.123,19.3895,0.0539,15.633,0.071,14.958,0.078,14.57,0.099,18.3534,0.001718,19.5696,0.033153,17.1643,0.005342,14.677,0.03,14.605,0.049,12.522,,8.642,,Theia97,32.35936569296281,Kounkel2020,3485.0,0.405914,0.398141
49082450,2.925647132662644e+18,101.197322875589,-22.2005453669037,2.46674,14.5794,17.219,0.042,16.137,0.286,13.284,0.022,12.613,0.027,12.421,0.024,15.4372,0.001594,16.3123,0.006394,14.5135,0.004442,12.377,0.023,12.357,0.024,11.811,0.227,8.879,,Theia97,32.35936569296281,Kounkel2020,4015.0,0.794929,0.63
49188345,2.9251494662097044e+18,101.419310015077,-23.8278017364581,2.41604,15.7816,19.052,0.162,18.1934,0.0474,14.172,0.023,13.585,0.035,13.358,0.037,17.0178,0.001416,18.4081,0.013136,15.8421,0.003108,13.229,0.025,13.053,0.028,12.381,0.38,8.857,,Theia97,32.35936569296281,Kounkel2020,3397.0,0.558381,0.552731
172739415,2.925101156418336e+18,101.331773738717,-24.3693076879717,2.39917,11.3004,12.268,0.203,11.681,0.014,10.864,0.024,10.656,0.021,10.626,0.024,11.613,0.000469,11.8436,0.00133,11.2497,0.000921,10.566,0.022,10.591,0.02,10.537,0.071,8.957,,Theia97,32.35936569296281,Kounkel2020,6654.0,1.30104,1.4
172592657,2.923675845749491e+18,100.637554129258,-24.0919322997532,2.66229,13.8161,15.697,0.057,14.913,0.549,12.735,0.037,12.125,0.037,11.951,0.035,14.5621,0.000751,15.2693,0.003628,13.7505,0.002065,11.712,0.023,11.76,0.023,11.39,0.14,8.583,,Theia97,32.35936569296281,Kounkel2020,4341.0,0.835761,0.68
49016566,2.925648438332699e+18,101.148326083988,-22.1552328353508,2.49054,13.3375,15.378,0.056,14.007,0.103,12.285,0.024,11.794,0.022,11.682,0.021,13.974,0.000925,14.5322,0.003232,13.278,0.00262,11.724,0.023,11.745,0.022,11.478,0.179,9.118,,Theia97,32.35936569296281,Kounkel2020,4811.0,0.898958,0.78
49079319,2.925219388277025e+18,101.086527008355,-23.5473145802882,2.64182,16.4598,20.537,0.164,,,14.829,0.036,14.119,0.038,13.942,0.058,17.7852,0.0011,19.335,0.038567,16.5379,0.004716,13.819,0.026,13.651,0.037,12.608,,8.833,,Theia97,32.35936569296281,Kounkel2020,3280.0,0.434072,0.429343
49188886,2.9252048154503854e+18,101.497778287636,-23.6829973587412,2.4799,11.4961,12.689,0.272,12.05,0.019,10.896,0.023,10.608,0.025,10.504,0.021,11.9252,0.000863,12.2595,0.002445,11.4423,0.002182,10.451,0.025,10.467,0.022,10.275,0.073,8.681,,Theia97,32.35936569296281,Kounkel2020,5893.0,1.39923,1.07
48807177,2.92711762638422e+18,100.630699059649,-20.6782197313926,2.49265,15.5271,19.631,0.162,17.8332,0.0474,13.998,0.026,13.357,0.037,13.159,0.03,16.7377,0.001632,18.0557,0.012721,15.5807,0.004774,12.964,0.024,12.845,0.026,12.255,0.387,8.662,,Theia97,32.35936569296281,Kounkel2020,3446.0,0.581621,0.572828
49081723,2.9255450498776745e+18,101.266253399049,-22.7027942574596,2.41007,14.5534,17.75,0.0,15.931,0.286,13.174,0.023,12.545,0.031,12.351,0.027,15.4163,0.001539,16.2991,0.005796,14.4834,0.00434,12.277,0.023,12.246,0.022,12.085,0.344,8.911,,Theia97,32.35936569296281,Kounkel2020,3999.0,0.825771,0.62
49084912,2.9272040711856e+18,101.206888175727,-20.5952240377687,2.01098,16.5266,20.525,0.167,19.1114,0.0503,14.958,0.046,14.275,0.048,13.989,0.055,17.8202,0.001584,19.2885,0.02127,16.5965,0.004872,13.942,0.027,13.748,0.036,12.4,,8.88,,Theia97,32.35936569296281,Kounkel2020,3332.0,0.519665,0.517151
4618311,2.925256050118896e+18,101.995601860478,-23.5513662286246,2.41958,14.6563,17.608,0.218,15.885,0.343,13.276,0.024,12.653,0.025,12.44,0.021,15.5248,0.001395,16.4219,0.005694,14.5825,0.003488,12.455,0.023,12.441,0.023,11.91,0.243,9.122,,Theia97,32.35936569296281,Kounkel2020,3979.0,0.778615,0.62
48950141,2.925615624782096e+18,100.90925552175,-22.3624719723519,2.41552,16.8684,20.624,0.164,,,15.067,0.035,14.529,0.053,14.201,0.072,18.2423,0.001083,19.9409,0.030913,16.9606,0.003614,14.12,0.028,13.949,0.037,12.107,,9.17,,Theia97,32.35936569296281,Kounkel2020,3192.0,0.425238,0.419654
172737955,2.9250884390152817e+18,101.231621474631,-24.5618122710087,2.58368,12.3066,13.5,0.014,12.881,0.08,11.688,0.023,11.399,0.023,11.363,0.027,12.7331,0.000357,13.0625,0.001997,12.2502,0.001429,11.315,0.023,11.344,0.022,11.311,0.151,9.273,,Theia97,32.35936569296281,Kounkel2020,5908.0,0.920701,1.07
49308711,2.925327552736077e+18,101.619347647903,-23.177682879603,2.26973,15.1383,18.579,0.163,17.2519,0.0467,13.471,0.029,12.833,0.022,12.623,0.03,16.1984,0.000849,17.4925,0.010382,15.0666,0.002099,12.549,0.023,12.411,0.023,12.535,0.43,9.117,,Theia97,32.35936569296281,Kounkel2020,3586.0,0.854746,0.5
49386409,2.9259652694787635e+18,101.875033827886,-22.1337176474133,2.30999,14.4944,17.463,0.162,15.91,0.309,13.238,0.023,12.609,0.022,12.394,0.024,15.3318,0.00072,16.1752,0.003897,14.4278,0.001559,12.33,0.023,12.318,0.023,11.971,,8.94,,Theia97,32.35936569296281,Kounkel2020,4050.0,0.857254,0.63
49081365,2.9255320618967613e+18,101.172581665228,-22.9320856235726,2.64101,10.8547,11.707,0.108,11.294,0.008,10.434,0.026,10.294,0.023,10.215,0.021,11.1375,0.001306,11.3541,0.001097,10.8138,0.000851,10.195,0.023,10.203,0.02,10.211,0.056,8.601,,Theia97,32.35936569296281,Kounkel2020,6906.0,1.38764,1.5
49085106,2.9272066825257083e+18,101.287287294281,-20.4748047641186,2.18094,9.366,9.277,0.034,9.357,0.004,9.33,0.032,9.353,0.034,9.32,0.029,9.31135,0.000429,9.31354,0.000931,9.32662,0.000904,9.031,0.023,9.046,0.019,9.068,0.03,8.6,,Theia97,32.35936569296281,Kounkel2020,11750.0,1.95046,3.12
49242860,2.9268321656782285e+18,101.49818046162,-21.408293839932,2.2706,16.0133,19.466,0.163,18.3783,0.0491,14.467,0.033,13.736,0.038,13.546,0.033,17.2335,0.001706,18.6024,0.019294,16.071,0.004944,13.443,0.026,13.28,0.029,12.551,,8.617,,Theia97,32.35936569296281,Kounkel2020,3415.0,0.549413,0.544726
49243141,2.926838281711579e+18,101.433209791744,-21.2477710606025,2.17731,10.8523,11.441,0.121,10.972,0.008,10.558,0.027,10.419,0.025,10.38,0.023,11.0798,0.001426,11.258,0.003322,10.8138,0.002004,10.34,0.022,10.334,0.02,10.195,0.065,8.453,,Theia97,32.35936569296281,Kounkel2020,7399.0,1.55103,1.688
49014901,2.926901984666597e+18,101.056138719674,-21.091016457301,2.40911,14.6763,17.609,0.0,15.745,0.229,13.297,0.026,12.563,0.026,12.457,0.026,15.54,0.001871,16.427,0.007452,14.6048,0.004997,12.397,0.024,12.354,0.023,12.053,0.312,8.547,,Theia97,32.35936569296281,Kounkel2020,3989.0,0.777924,0.623
49309191,2.925302401407496e+18,101.660064878563,-23.5043374695426,2.37591,15.0864,17.071,0.044,17.5662,0.0471,13.441,0.026,12.838,0.031,12.635,0.033,16.3387,0.001344,17.7751,0.011177,15.1518,0.003965,12.484,0.023,12.339,0.024,12.628,0.526,9.07,,Theia97,32.35936569296281,Kounkel2020,3367.0,0.700062,0.663533
49311690,2.925559240450378e+18,101.761821800031,-22.6803080976903,2.45631,8.4313,8.23,0.024,8.32,0.03,8.469,0.032,8.508,0.029,8.57,0.019,8.31742,0.000329,8.28318,0.000486,8.40112,0.000667,8.538,0.021,8.576,0.018,8.626,0.024,8.165,,Theia97,32.35936569296281,Kounkel2020,12975.0,,
744514123,2.923579256227572e+18,100.965626811371,-24.7421428868558,2.14888,16.7851,,,18.7612,0.0476,,,,,,,17.8052,0.003707,18.4891,0.014777,16.1811,0.004245,,,,,,,,,Theia97,32.35936569296281,Kounkel2020,,,
48953126,2.925414993972221e+18,101.017793056986,-23.3809168145442,2.68725,16.3751,19.995,0.164,,,14.744,0.037,14.119,0.032,13.832,0.055,17.7031,0.001316,19.2992,0.023898,16.4568,0.004564,13.799,0.027,13.558,0.032,12.715,,9.188,,Theia97,32.35936569296281,Kounkel2020,3258.0,0.445226,0.441433
49016841,2.925637030899637e+18,101.123903992233,-22.3344363399396,2.54448,11.4049,12.434,0.274,12.121,0.02,10.896,0.024,10.711,0.024,10.617,0.021,11.7472,0.000523,12.0031,0.000941,11.353,0.000551,10.552,0.022,10.56,0.019,10.551,0.085,9.048,,Theia97,32.35936569296281,Kounkel2020,6505.0,1.22315,1.33
4616458,2.925962074023087e+18,101.999309127527,-22.2086163320199,2.27217,11.5301,12.413,0.011,11.925,0.034,11.066,0.024,10.892,0.024,10.82,0.024,11.8555,0.000242,12.0959,0.000694,11.4768,0.000446,10.798,0.023,10.808,0.021,10.825,0.098,8.478,,Theia97,32.35936569296281,Kounkel2020,6646.0,1.25766,1.398
172926458,2.9220064091427267e+18,101.969601245809,-24.9426335512836,2.42784,13.5578,15.515,0.067,14.472,0.126,12.563,0.026,12.051,0.028,11.964,0.027,14.2078,0.000991,14.7826,0.004616,13.4951,0.003302,11.834,0.023,11.873,0.022,11.614,0.216,9.114,,Theia97,32.35936569296281,Kounkel2020,4713.0,0.860794,0.75
172698149,2.925109162237405e+18,101.105156541473,-24.2906122248229,2.52712,14.5113,17.226,0.1,16.081,0.378,13.243,0.024,12.62,0.025,12.373,0.023,15.3584,0.000833,16.2196,0.005697,14.4447,0.002094,12.36,0.024,12.308,0.024,12.106,0.275,8.985,,Theia97,32.35936569296281,Kounkel2020,4023.0,0.789532,0.63
172925704,2.922103544122704e+18,101.872448082571,-24.4211144783669,2.37488,15.6585,18.823,0.18,17.9494,0.0483,14.169,0.03,13.576,0.039,13.272,0.04,16.8599,0.002208,18.1794,0.01676,15.7114,0.00486,13.187,0.024,13.064,0.028,12.562,,8.897,,Theia97,32.35936569296281,Kounkel2020,3450.0,0.579989,0.571446
172696916,2.9235892248498063e+18,101.037241916043,-24.599635978592,2.76173,11.9436,13.076,0.01,12.499,0.069,11.319,0.023,11.011,0.023,10.942,0.019,12.3772,0.001111,12.7151,0.003795,11.8887,0.002804,10.851,0.022,10.885,0.021,10.953,0.13,9.004,,Theia97,32.35936569296281,Kounkel2020,5845.0,1.0338,1.05
4618772,2.925228871563564e+18,101.985161335856,-23.9262372809886,2.58741,11.1925,11.948,0.134,11.35,0.009,10.744,0.026,10.59,0.022,10.525,0.019,11.4983,0.000538,11.7239,0.001297,11.1434,0.00056,10.522,0.022,10.544,0.02,10.336,0.074,9.079,,Theia97,32.35936569296281,Kounkel2020,6657.0,1.25626,1.4
49242349,2.926787910335945e+18,101.50718887613,-21.7539439817023,2.30045,12.4805,13.74,0.05,13.102,0.08,11.762,0.026,11.413,0.029,11.343,0.03,12.9479,0.001287,13.3149,0.004676,12.4214,0.003391,11.17,0.023,11.189,0.021,11.101,0.115,9.201,,Theia97,32.35936569296281,Kounkel2020,5795.0,1.01928,1.04
49387460,2.925366443660228e+18,101.80587649047,-22.8267681381441,2.38267,16.9468,20.613,0.166,,,15.176,0.044,14.592,0.07,14.385,0.086,18.3193,0.001514,20.0514,0.035144,17.0413,0.004403,14.269,0.029,14.055,0.04,12.232,,8.551,,Theia97,32.35936569296281,Kounkel2020,3178.0,0.403361,0.395269
172925859,2.922099214795699e+18,101.93593976427,-24.5149672461801,2.79267,16.092,20.132,0.17,,,14.481,0.038,13.807,0.041,13.619,0.052,17.402,0.001172,18.9828,0.017938,16.1714,0.002957,13.485,0.025,13.326,0.032,11.902,,9.098,,Theia97,32.35936569296281,Kounkel2020,3273.0,0.46463,0.462038
53606519,2.9219816701335506e+18,103.202906478529,-24.2084216850821,2.50953,15.3478,18.623,0.163,17.4468,0.0463,13.969,0.029,13.295,0.026,13.094,0.033,16.487,0.000885,17.7014,0.007062,15.3888,0.00351,12.972,0.024,12.847,0.027,12.151,,9.184,,Theia97,32.35936569296281,Kounkel2020,3541.0,0.590514,0.58028
49386114,2.9260393490774886e+18,101.898982600082,-21.9397709597327,2.14552,13.9972,16.165,0.108,15.145,0.229,12.919,0.024,12.343,0.023,12.205,0.026,14.6988,0.001879,15.3349,0.007869,13.9356,0.004829,12.172,0.023,12.189,0.023,12.079,0.279,8.855,,Theia97,32.35936569296281,Kounkel2020,4598.0,0.868482,0.727
78377979,2.92599739583499e+18,102.374237472469,-21.8676461048877,2.36821,16.029,17.251,0.058,,,14.339,0.045,13.695,0.056,13.447,0.045,17.3849,0.001071,18.969,0.013824,16.1121,0.003157,13.083,0.024,12.946,0.027,12.685,,8.897,,Theia97,32.35936569296281,Kounkel2020,3251.0,0.551182,0.546317
49309005,2.925306657714338e+18,101.660422203594,-23.375926235539,2.28887,16.388,20.443,0.163,,,14.648,0.03,13.994,0.031,13.901,0.051,17.7199,0.001776,19.3886,0.02165,16.4752,0.005528,13.742,0.025,13.521,0.032,12.73,,9.231,,Theia97,32.35936569296281,Kounkel2020,3224.0,0.488187,0.48626
49311596,2.92555508292206e+18,101.79231326533,-22.7367927606711,2.59306,15.1211,17.966,0.163,17.0631,0.0463,13.719,0.028,13.041,0.032,12.846,0.031,16.2086,0.001259,17.3301,0.007792,15.1517,0.003345,12.714,0.023,12.639,0.027,12.581,0.461,9.104,,Theia97,32.35936569296281,Kounkel2020,3630.0,0.622971,0.606439
172785339,2.9251379900575754e+18,101.690379805678,-23.9596641270333,2.51893,15.6139,19.058,0.177,17.7509,0.0468,14.132,0.032,13.54,0.038,13.267,0.034,16.7613,0.000908,18.0068,0.010989,15.6576,0.003046,13.221,0.025,13.111,0.028,12.578,0.411,9.088,,Theia97,32.35936569296281,Kounkel2020,3518.0,0.558499,0.552836
49387777,2.925354318972856e+18,101.837473926472,-23.0397091978377,2.45656,15.509,18.964,0.162,17.7783,0.0465,13.986,0.026,13.351,0.029,13.121,0.034,16.7008,0.001133,18.0149,0.008495,15.5609,0.002798,,,,,,,,,Theia97,32.35936569296281,Kounkel2020,3457.0,0.594065,0.58322
172785245,2.9251447589260703e+18,101.549827591182,-23.9268052844112,2.46845,16.2775,19.886,0.176,18.9037,0.0501,14.713,0.041,14.011,0.059,13.748,0.049,17.567,0.001487,19.0913,0.020743,16.3513,0.003284,13.648,0.025,13.469,0.035,12.443,,8.699,,Theia97,32.35936569296281,Kounkel2020,3308.0,0.48618,0.484232
48955870,2.926850445059338e+18,101.031922259592,-21.5079142144477,2.27248,15.8059,19.945,0.162,,,14.127,0.024,13.447,0.029,13.289,0.039,17.1345,0.001941,18.7118,0.019836,15.8866,0.00621,13.135,0.025,12.989,0.03,12.21,,8.894,,Theia97,32.35936569296281,Kounkel2020,3267.0,0.594658,0.583708
49017478,2.9255428852142725e+18,101.139218356433,-22.806168606192,2.32712,15.9244,19.044,0.163,,,14.229,0.029,13.602,0.044,13.405,0.041,17.2381,0.000853,18.8096,0.015668,16.0035,0.002813,13.195,0.037,13.048,0.04,12.7,,8.579,,Theia97,32.35936569296281,Kounkel2020,3276.0,0.564698,0.558285
49386107,2.926018939391923e+18,101.849095409971,-21.9366680987282,2.18933,12.4327,13.572,0.063,13.034,0.08,11.769,0.023,11.455,0.022,11.401,0.023,12.8734,0.001828,13.2168,0.006072,12.3764,0.004707,11.349,0.023,11.37,0.021,11.005,0.107,8.943,,Theia97,32.35936569296281,Kounkel2020,5873.0,1.04712,1.063
172925763,2.922100932782572e+18,101.967120228719,-24.4571286791593,2.5669,13.8507,16.104,0.064,14.947,0.126,12.629,0.026,11.997,0.027,11.861,0.026,14.604,0.001296,15.3174,0.004481,13.7832,0.003967,11.781,0.024,11.754,0.022,11.689,0.235,8.93,,Theia97,32.35936569296281,Kounkel2020,4335.0,0.86331,0.68
172926480,2.922012387737091e+18,101.901883924275,-24.9581258213278,2.66024,12.5921,14.081,0.043,13.229,0.103,11.834,0.022,11.436,0.025,11.346,0.026,13.1132,0.00094,13.5374,0.002929,12.5319,0.002414,11.277,0.023,11.33,0.021,11.34,0.169,9.026,,Theia97,32.35936569296281,Kounkel2020,5329.0,0.945572,0.919
78443001,2.925983411421721e+18,102.492613761827,-21.9590737655138,2.22828,11.9518,13.206,0.353,12.613,0.024,11.402,0.022,11.166,0.022,11.1,0.023,12.3364,0.00037,12.6272,0.001321,11.8956,0.000978,11.084,0.023,11.1,0.021,11.103,0.14,8.727,,Theia97,32.35936569296281,Kounkel2020,6320.0,1.15746,1.246
172996081,2.922025715015068e+18,102.003219629793,-24.6881796611055,2.37404,16.6803,20.624,0.175,,,15.064,0.051,14.45,0.047,14.008,0.071,18.0053,0.001246,19.6039,0.033849,16.7618,0.004894,13.932,0.026,13.749,0.034,12.142,,8.941,,Theia97,32.35936569296281,Kounkel2020,3259.0,0.459641,0.456794
172997183,2.922223906288562e+18,102.20421748047,-23.9659376709117,2.47353,15.5667,18.859,0.177,,,13.924,0.033,13.293,0.028,13.107,0.034,16.8704,0.001006,18.4585,0.01245,15.6465,0.00242,12.986,0.024,12.775,0.026,12.7,0.523,8.705,,Theia97,32.35936569296281,Kounkel2020,3273.0,0.594171,0.583307
78376558,2.925725644665553e+18,102.387020641595,-22.7640952191148,2.28667,16.498,20.429,0.166,,,14.812,0.043,14.158,0.038,13.907,0.057,17.8098,0.001184,19.4002,0.025393,16.578,0.002863,13.892,0.027,13.659,0.036,12.614,,8.655,,Theia97,32.35936569296281,Kounkel2020,3268.0,0.487707,0.485775
172997436,2.922208062151217e+18,102.242825707152,-24.1420638466623,2.36934,14.6722,17.396,-0.14,16.342,0.24,13.335,0.029,12.677,0.032,12.415,0.032,15.5516,0.002524,16.4719,0.010211,14.6024,0.006215,12.37,0.023,12.355,0.025,12.073,0.28,8.693,,Theia97,32.35936569296281,Kounkel2020,3966.0,0.794301,0.62
78445449,2.9222699139787075e+18,102.515531107865,-23.5122214206875,2.96034,12.4588,14.239,0.017,13.219,0.057,11.637,0.024,11.131,0.021,11.094,0.024,13.0471,0.000279,13.5531,0.001113,12.4027,0.000722,11.014,0.022,11.088,0.021,10.981,0.112,8.883,,Theia97,32.35936569296281,Kounkel2020,4969.0,1.03789,0.82
53898978,2.921906559744416e+18,103.678601305592,-24.6501224017865,2.50331,12.544,13.84,0.031,13.217,0.08,11.941,0.023,11.62,0.022,11.529,0.021,13.0016,0.000887,13.3628,0.002879,12.4882,0.002119,11.49,0.023,11.535,0.023,11.219,0.132,9.329,,Theia97,32.35936569296281,Kounkel2020,5689.0,0.905766,1.01
299650493,2.922235034545729e+18,102.169867317876,-23.8070909778366,2.4049,15.187,18.294,0.182,17.0458,0.0465,13.853,0.029,13.186,0.03,12.96,0.034,16.2442,0.000874,17.3199,0.010346,15.2121,0.002169,12.889,0.023,12.857,0.026,12.238,,8.83,,Theia97,32.35936569296281,Kounkel2020,3683.0,0.631951,0.613413
49017482,2.925542885214273e+18,101.139645982615,-22.8079637013079,2.3797,15.249,19.009,0.162,,,13.615,0.026,13.0,0.029,12.682,0.027,16.561,0.001129,18.1292,0.014309,15.3282,0.002482,12.61,0.029,12.438,0.03,12.149,0.33,8.459,,Theia97,32.35936569296281,Kounkel2020,3279.0,0.690208,0.656509
172698286,2.925094456269402e+18,101.170906296712,-24.3967340726803,2.46389,15.0722,18.667,0.176,17.1671,0.0461,13.665,0.028,12.964,0.022,12.74,0.033,16.2099,0.00072,17.4225,0.005668,15.1131,0.002098,12.638,0.023,12.515,0.024,12.508,0.387,8.737,,Theia97,32.35936569296281,Kounkel2020,3543.0,0.664043,0.63755
53555673,2.921942706189717e+18,102.891206767512,-24.6093646728125,2.64536,15.4433,18.739,0.162,17.6573,0.0468,13.963,0.024,13.286,0.023,13.055,0.033,16.6158,0.001512,17.9037,0.010086,15.492,0.003769,12.995,0.024,12.87,0.026,12.468,0.391,9.14,,Theia97,32.35936569296281,Kounkel2020,3481.0,0.577244,0.569113
53557342,2.9221696866207795e+18,102.995433385202,-24.1640748725225,2.24193,14.6059,17.182,0.0,15.751,0.24,13.356,0.023,12.679,0.022,12.543,0.03,15.4374,0.001028,16.2653,0.004195,14.5358,0.002629,12.445,0.023,12.41,0.025,11.626,0.185,8.464,,Theia97,32.35936569296281,Kounkel2020,4077.0,0.829068,0.64
53604541,2.921928511317652e+18,103.05306566069,-24.7319288756969,2.36772,17.2319,17.03,0.077,,,15.407,0.067,14.958,0.085,14.517,0.105,18.6835,0.002466,20.1454,0.10454,17.3124,0.026276,14.22,0.033,14.114,0.047,12.796,,8.875,,Theia97,32.35936569296281,Kounkel2020,3263.0,0.388544,0.378492
53607030,2.9219581337130225e+18,103.305196074386,-24.5138116443666,2.48786,12.7017,14.079,0.026,13.289,0.206,11.907,0.029,11.576,0.038,11.477,0.029,13.1854,0.000975,13.5615,0.00367,12.6344,0.002452,11.291,0.023,11.304,0.021,11.248,0.138,9.185,,Theia97,32.35936569296281,Kounkel2020,5610.0,0.886146,0.99
78444631,2.9256723870693914e+18,102.570963394666,-22.973786704072,2.59427,16.1003,19.585,0.164,18.7207,0.0485,14.427,0.036,13.765,0.038,13.552,0.045,17.3853,0.001148,18.9127,0.016215,16.1741,0.003252,13.466,0.025,13.298,0.031,12.513,,9.102,,Theia97,32.35936569296281,Kounkel2020,3309.0,0.50042,0.498471
173083417,2.9221380413011886e+18,102.512920695962,-24.4811484464113,2.42491,15.4932,17.425,0.119,17.2591,0.0462,14.074,0.054,13.418,0.049,12.98,,16.4584,0.001109,17.5275,0.006829,15.4208,0.003048,12.953,0.032,12.915,0.035,12.183,,8.329,,Theia97,32.35936569296281,Kounkel2020,3815.0,0.595099,0.58
299835050,2.92223421420982e+18,102.269322542704,-23.8260501302113,2.21488,13.006,14.352,0.036,13.66,0.126,12.321,0.022,11.975,0.025,11.837,0.026,13.4941,0.001517,13.8829,0.005054,12.9467,0.004074,11.82,0.024,11.845,0.024,11.794,0.211,8.874,,Theia97,32.35936569296281,Kounkel2020,5558.0,0.873398,0.98
78447415,2.925658810670426e+18,102.616112815745,-23.0736264263251,2.51636,10.0105,10.161,0.006,10.06,0.03,9.878,0.026,9.817,0.028,9.828,0.024,10.0705,0.00036,10.1336,0.000745,9.97832,0.000845,9.711,0.023,9.737,0.02,9.637,0.038,8.928,0.402,Theia97,32.35936569296281,Kounkel2020,8703.0,1.58773,2.181
78566768,2.9226332338528696e+18,102.953138246764,-23.3882486631061,2.29315,12.1786,13.269,0.017,12.638,0.046,11.63,0.026,11.381,0.023,11.29,0.019,12.577,0.000302,12.8805,0.001024,12.1235,0.000939,11.281,0.023,11.297,0.021,11.217,0.13,9.165,,Theia97,32.35936569296281,Kounkel2020,6103.0,1.04298,1.148
173043164,2.9221519526935854e+18,102.501963036578,-24.3189568725303,2.28903,15.1493,18.911,0.171,17.2904,0.0466,13.496,0.03,12.857,0.032,12.585,0.036,16.2201,0.001321,17.5255,0.00927,15.0799,0.002924,12.493,0.025,12.386,0.026,12.307,0.392,8.757,,Theia97,32.35936569296281,Kounkel2020,3589.0,0.856443,0.5
53678910,2.92187140973135e+18,103.304130901943,-24.9655309242971,,15.2648,19.23,0.162,,,13.6,0.026,13.007,0.027,12.757,0.029,16.5693,0.001178,18.1075,0.009465,15.3412,0.002142,12.657,0.024,12.495,0.025,12.834,0.53,9.176,,Theia97,32.35936569296281,Kounkel2020,3296.0,0.642907,0.621783
172997177,2.922224352965155e+18,102.20227561357,-23.9555941137758,2.48529,12.3913,14.155,0.047,13.253,0.114,11.574,0.024,11.128,0.026,10.955,0.021,12.9756,0.001022,13.4742,0.004301,12.3334,0.00241,10.885,0.023,10.884,0.02,10.8,0.093,9.198,0.526,Theia97,32.35936569296281,Kounkel2020,5003.0,1.25999,0.83
173083407,2.922056333842709e+18,102.416438819933,-24.4754645245082,2.53934,12.251,13.547,0.045,12.875,0.092,11.699,0.023,11.376,0.025,11.274,0.025,12.6866,0.002216,13.0263,0.007726,12.1959,0.006273,11.253,0.022,11.274,0.019,11.316,0.154,8.908,,Theia97,32.35936569296281,Kounkel2020,5849.0,0.977808,1.06
53403412,2.921836087919136e+18,102.551425609499,-24.9697319871784,2.60065,16.1578,20.351,0.162,,,14.433,0.027,13.813,0.025,13.566,0.044,17.5511,0.001304,19.2839,0.029813,16.2542,0.002855,13.407,0.025,13.156,0.031,11.739,0.226,8.62,,Theia97,32.35936569296281,Kounkel2020,3169.0,0.498171,0.496245
172995729,2.922005962466511e+18,102.071720559459,-24.9315439447906,2.42873,15.1397,18.43,0.18,17.083,0.047,13.726,0.032,13.021,0.032,12.858,0.034,16.2279,0.001884,17.3497,0.012281,15.1704,0.005076,12.786,0.024,12.687,0.025,12.382,,9.081,,Theia97,32.35936569296281,Kounkel2020,3630.0,0.647213,0.625034
299651866,2.9253634930227487e+18,102.083942343751,-22.8476138701487,2.52478,12.6087,13.991,0.026,13.255,0.08,11.984,0.027,11.596,0.026,11.528,0.023,13.0857,0.000924,13.4629,0.002993,12.5493,0.002198,11.407,0.023,11.47,0.02,11.612,0.161,8.915,,Theia97,32.35936569296281,Kounkel2020,5633.0,0.901137,1.0
53605561,2.922170305096026e+18,103.109422991474,-24.1540988441792,2.25623,16.9474,20.926,0.17,,,15.347,0.057,14.727,0.048,14.614,0.102,18.2648,0.001476,19.8364,0.03608,17.0263,0.00538,14.341,0.029,14.127,0.043,12.67,,9.312,,Theia97,32.35936569296281,Kounkel2020,3274.0,0.387624,0.377443
78565793,2.922241356735523e+18,102.71137311209,-23.8199714407448,2.30452,16.2688,20.12,0.165,18.9323,0.0546,14.606,0.039,14.013,0.039,13.693,0.044,17.6376,0.001139,19.0348,0.0312,16.3391,0.004667,13.616,0.025,13.427,0.031,12.405,0.387,8.889,,Theia97,32.35936569296281,Kounkel2020,3330.0,0.519525,0.517017
53898430,2.9218627854370893e+18,103.689001035621,-24.9402851498282,2.64004,14.8653,18.837,0.162,17.1454,0.0464,13.13,0.024,12.441,0.024,12.202,0.019,15.9685,0.001127,17.3671,0.00713,14.7997,0.002203,12.172,0.024,12.041,0.022,12.119,0.315,8.645,,Theia97,32.35936569296281,Kounkel2020,3498.0,0.897561,0.458
53900672,2.9223539922600407e+18,103.839803733308,-24.0225583566967,2.20735,15.4655,18.62,0.163,17.5697,0.0464,13.987,0.03,13.335,0.022,13.11,0.031,16.6099,0.001357,17.8191,0.007858,15.5065,0.002752,12.995,0.025,12.966,0.03,12.171,0.328,8.876,,Theia97,32.35936569296281,Kounkel2020,3541.0,0.638468,0.61841
53898549,2.921867046044649e+18,103.586904319044,-24.8804086936628,2.2849,14.6883,17.229,-0.112,16.45,0.4,13.422,0.026,12.752,0.024,12.615,0.029,15.5403,0.001275,16.4124,0.003934,14.6203,0.003953,12.449,0.023,12.474,0.025,12.647,,9.02,,Theia97,32.35936569296281,Kounkel2020,4003.0,0.806465,0.625
53899070,2.9219068990393103e+18,103.642383721626,-24.6071258266203,2.37737,10.8341,11.346,0.113,11.137,0.009,10.45,0.022,10.343,0.022,10.296,0.019,11.0902,0.000571,11.279,0.000983,10.7883,0.000496,10.247,0.023,10.265,0.021,10.16,0.05,9.16,0.498,Theia97,32.35936569296281,Kounkel2020,7041.0,1.49433,1.554
299741661,2.9257427901672325e+18,102.200802771781,-22.6496597437816,2.11748,10.607,11.119,0.096,10.753,0.007,10.338,0.025,10.296,0.025,10.268,0.026,10.7385,0.000309,10.8443,0.000567,10.5651,0.000603,10.152,0.022,10.094,0.021,10.368,0.063,8.273,,Theia97,32.35936569296281,Kounkel2020,8158.0,1.57604,1.99
299743234,2.922235760398037e+18,102.21064710099,-23.7490488513723,2.78724,13.5319,15.477,0.03,14.481,0.137,12.524,0.026,12.005,0.027,11.881,0.029,14.2037,0.000374,14.8085,0.002014,13.4694,0.001089,11.717,0.023,11.764,0.022,11.404,0.197,8.514,,Theia97,32.35936569296281,Kounkel2020,4610.0,0.794826,0.73
78737676,2.922196929595092e+18,103.158944397928,-23.8103694730248,2.5173,16.963,18.561,0.074,,,14.991,0.064,14.038,,13.668,,18.1612,0.001415,19.7759,0.036163,16.8549,0.011301,13.557,0.025,13.419,0.028,12.617,,9.048,,Theia97,32.35936569296281,Kounkel2020,3265.0,,
53898759,2.921892850208847e+18,103.699656698098,-24.7705998055266,2.40284,12.9271,14.984,0.043,13.767,0.092,11.876,0.024,11.356,0.022,11.235,0.024,13.5643,0.002014,14.1216,0.007533,12.8654,0.005345,11.161,0.022,11.156,0.022,10.991,0.114,8.495,,Theia97,32.35936569296281,Kounkel2020,4802.0,1.12784,0.78
53898811,2.9218931594464865e+18,103.686779147236,-24.7447989383397,2.55705,16.1796,20.353,0.163,,,14.401,0.03,13.865,0.042,13.49,0.046,17.5574,0.001261,19.2355,0.033427,16.271,0.00384,,,,,,,,,Theia97,32.35936569296281,Kounkel2020,3200.0,0.516049,0.513691
53902071,2.921893606123065e+18,103.72520586743,-24.7181022203616,2.4037,8.3702,8.109,0.023,8.245,0.003,8.48,0.024,8.576,0.042,8.553,0.021,8.21969,0.000589,8.17108,0.002493,8.34083,0.001851,8.555,0.048,8.59,0.044,8.637,0.042,8.695,0.372,Theia97,32.35936569296281,Kounkel2020,,,
53989331,2.9223545076560927e+18,103.874711478843,-23.9969677009192,2.37379,13.5012,15.21,0.01,14.208,0.057,12.712,0.026,12.261,0.022,12.18,0.026,14.0769,0.000193,14.5628,0.001387,13.4477,0.000682,12.113,0.024,12.173,0.024,12.115,0.275,8.879,,Theia97,32.35936569296281,Kounkel2020,5276.0,0.757141,0.9
53902135,2.921892953288041e+18,103.746882246495,-24.7509434025041,2.52621,10.0365,10.301,0.055,10.228,0.005,9.878,0.024,9.871,0.022,9.795,0.019,10.1124,0.000438,10.1864,0.000751,10.007,0.000608,9.777,0.023,9.821,0.021,9.732,0.039,8.738,0.381,Theia97,32.35936569296281,Kounkel2020,8461.0,1.59836,2.101
63299385,2.921443974586921e+18,104.813731900335,-24.9125046905603,2.33576,16.1129,20.018,0.162,18.6503,0.0499,14.534,0.024,13.855,0.023,13.596,0.039,17.3717,0.002243,18.8604,0.020399,16.1819,0.004813,13.55,0.026,13.355,0.03,12.261,,8.834,,Theia97,32.35936569296281,Kounkel2020,3339.0,0.530427,0.527309
79138313,2.9319281959182746e+18,103.778940745416,-21.3802240053437,3.73954,11.2437,12.817,0.277,12.266,0.019,10.556,0.023,10.148,0.023,10.14,0.021,11.7351,0.000538,12.1337,0.001595,11.1901,0.001195,10.043,0.023,10.092,0.019,9.947,0.048,8.7,,Theia118,34.673685045253166,Kounkel2020,5487.0,1.1839,0.961
79636528,2.9323178009921244e+18,104.590866941989,-20.0169529926963,3.8104,15.8312,18.829,0.163,18.2748,0.0566,14.131,0.03,13.547,0.029,13.268,0.034,17.1719,0.001401,18.3687,0.037356,15.8852,0.007923,13.164,0.023,13.008,0.026,12.553,,8.416,,Theia118,34.673685045253166,Kounkel2020,3441.0,0.416988,0.41052
80287353,2.928916358693111e+18,105.488403102804,-21.5612127001281,3.20498,16.1913,19.898,0.164,18.7132,0.0486,14.613,0.036,13.97,0.026,13.697,0.047,17.4591,0.000809,18.9104,0.017212,16.2582,0.002358,13.602,0.025,13.593,0.033,12.714,,9.169,,Theia118,34.673685045253166,Kounkel2020,3352.0,0.409084,0.401698
63575473,2.92165102637382e+18,105.399439351908,-24.0161703549084,3.99153,16.0645,20.462,0.164,,,14.351,0.034,13.761,0.039,13.575,0.044,17.4206,0.001193,19.0984,0.018827,16.1543,0.003907,13.342,0.025,13.159,0.03,12.748,,9.049,,Theia118,34.673685045253166,Kounkel2020,3210.0,0.360835,0.346716
745321647,2.928890314000792e+18,105.579527299929,-21.8943890874943,3.80439,17.4101,,,19.3125,0.1443,,,,,,,18.4095,0.001256,19.0366,0.156674,16.7954,0.077211,,,,,,,,,Theia118,34.673685045253166,Kounkel2020,,,
80461272,2.928890314011885e+18,105.57940348596,-21.8950626535173,3.5566,14.5238,17.368,0.163,16.557,0.389,13.11,0.032,12.459,0.036,12.223,0.033,15.6355,0.0005,16.7695,0.003667,14.5574,0.001585,11.982,0.024,11.902,0.022,11.733,0.235,9.201,,Theia118,34.673685045253166,Kounkel2020,3607.0,0.612349,0.598049
48882015,2.9263701989946266e+18,100.730097251263,-22.3022975923451,9.79151,10.9142,13.365,0.026,12.022,0.034,9.707,0.024,9.094,0.027,8.945,0.024,11.6653,0.001222,12.389,0.003339,10.8531,0.003417,8.795,0.022,8.774,0.019,8.674,0.027,8.541,0.353,Theia208,263.02679918953817,Kounkel2020,4291.0,0.886399,0.671
53555180,2.921828769294625e+18,102.908970289931,-24.9059360678244,2.47997,14.7353,17.17,0.046,16.147,0.126,13.545,0.029,12.944,0.035,12.771,0.039,15.5556,0.000652,16.3785,0.003888,14.6757,0.001998,12.634,0.027,12.734,0.028,12.488,0.456,8.678,,Theia239,281.8382931264449,Kounkel2020,4098.0,0.692972,0.64
78447834,2.9256835539842115e+18,102.582643629994,-22.7916714874492,2.70645,11.4095,12.123,0.221,11.849,0.034,10.913,0.023,10.679,0.022,10.642,0.024,11.7609,0.000358,12.0233,0.001007,11.3563,0.000605,10.619,0.023,10.632,0.021,10.579,0.115,8.938,,Theia239,281.8382931264449,Kounkel2020,6423.0,1.16577,1.295
53988389,2.922279324243636e+18,103.959738511115,-24.4445281005541,2.24996,16.231,19.872,0.164,18.3722,0.0489,14.824,0.035,14.229,0.038,13.924,0.05,17.3851,0.001367,18.6203,0.020251,16.2741,0.003427,13.737,0.027,13.666,0.035,12.498,,9.145,,Theia239,281.8382931264449,Kounkel2020,3520.0,0.490112,0.488199
78822403,2.925819584189684e+18,103.320490515675,-22.2418899649714,2.23567,16.7576,19.823,0.169,19.2171,0.0489,15.168,0.054,14.593,0.068,14.346,0.08,18.0061,0.001001,19.4258,0.018064,16.8206,0.005096,14.241,0.029,14.025,0.04,12.284,,8.706,,Theia239,281.8382931264449,Kounkel2020,3376.0,0.428179,0.422891
53902499,2.9211355615758536e+18,103.730699943042,-24.9536906872337,2.35101,15.9954,19.447,0.164,18.081,0.0469,14.608,0.037,13.909,0.029,13.618,0.047,17.1229,0.000771,18.3465,0.011941,16.0359,0.002569,13.656,0.025,13.557,0.032,12.896,,9.046,,Theia239,281.8382931264449,Kounkel2020,3542.0,0.524101,0.521363
79300199,2.922413228449569e+18,103.991876848523,-23.3921907176678,2.25328,16.2487,19.989,0.165,18.4392,0.0478,14.794,0.04,14.15,0.036,13.99,0.058,17.4145,0.000967,18.6869,0.015588,16.2953,0.003249,13.822,0.026,13.672,0.035,12.228,,8.914,,Theia239,281.8382931264449,Kounkel2020,3493.0,0.478719,0.476635
54059174,2.9218973169747195e+18,103.988834691226,-24.6732447823333,2.38671,13.7137,15.503,0.039,14.42,0.092,12.829,0.024,12.442,0.022,12.309,0.024,14.3129,0.000307,14.8291,0.001324,13.6559,0.001047,12.216,0.023,12.287,0.023,12.011,0.277,9.243,,Theia239,281.8382931264449,Kounkel2020,4941.0,0.73455,0.813
63301356,2.921663430239264e+18,104.827410729621,-23.9474333574581,2.31813,10.1774,10.362,0.052,10.261,0.005,10.025,0.024,10.013,0.024,9.986,0.024,10.2488,0.00074,10.3143,0.000744,10.1417,0.000929,9.935,0.023,9.959,0.02,9.996,0.053,8.374,,Theia239,281.8382931264449,Kounkel2020,8536.0,1.62518,2.126
79144449,2.922405012170217e+18,103.881236171628,-23.5145597754137,2.20332,17.6083,18.711,0.1,19.581,0.061,16.032,0.092,15.37,0.08,15.608,0.218,18.634,0.001679,19.7729,0.048714,17.4761,0.011437,15.012,0.044,14.865,0.071,12.625,,9.011,,Theia239,281.8382931264449,Kounkel2020,3683.0,,
53555955,2.921953426428035e+18,102.910318996512,-24.4527357285098,2.06878,14.8393,17.29,-0.094,15.938,0.115,13.777,0.026,13.167,0.027,13.062,0.034,15.5916,0.000481,16.3076,0.00324,14.7812,0.001608,12.988,0.024,13.072,0.029,12.238,,8.987,,Theia239,281.8382931264449,Kounkel2020,4379.0,0.671779,0.68
53605854,2.922181540730367e+18,103.156168153913,-23.9789414331364,2.27368,16.5877,20.751,0.163,,,14.838,0.032,14.24,0.04,13.959,0.059,17.9461,0.00161,19.5564,0.036234,16.6726,0.005586,13.845,0.025,13.653,0.033,12.391,0.432,9.159,,Theia239,281.8382931264449,Kounkel2020,3238.0,0.481745,0.479727
78825519,2.922367701795499e+18,103.44086929863,-23.9058669491257,2.22971,12.8919,14.644,0.005,13.585,0.046,12.046,0.023,11.585,0.022,11.463,0.023,13.4846,0.000367,13.9897,0.001687,12.8337,0.001262,11.459,0.023,11.509,0.021,11.36,0.145,8.905,,Theia239,281.8382931264449,Kounkel2020,5041.0,1.12178,0.84
78956632,2.925794742099193e+18,103.465387351061,-22.5107414326374,2.30364,15.9235,18.642,0.058,17.9931,0.0465,14.556,0.045,13.851,0.036,13.663,0.04,17.0526,0.00136,18.2509,0.008275,15.9623,0.003882,13.515,0.027,13.387,0.032,12.057,0.331,9.018,,Theia239,281.8382931264449,Kounkel2020,3556.0,0.524057,0.521321
79376145,2.922393883917057e+18,104.1288350791,-23.6062889367172,2.31245,12.3284,13.783,0.011,12.935,0.057,11.608,0.023,11.245,0.023,11.207,0.027,12.8316,0.0005,13.2398,0.001733,12.2725,0.001331,11.132,0.022,11.142,0.022,11.312,0.156,8.961,,Theia239,281.8382931264449,Kounkel2020,5479.0,1.17745,0.959
79376484,2.9224084137844065e+18,104.189709080223,-23.4528376177697,2.78527,16.8232,21.267,0.164,,,15.033,0.034,14.506,0.037,14.232,0.067,18.1983,0.001358,19.8826,0.040403,16.9145,0.005845,14.003,0.029,13.802,0.037,12.213,,8.695,,Theia239,281.8382931264449,Kounkel2020,3198.0,0.377825,0.366249
79685173,2.922543967255285e+18,104.574025021835,-22.9673156721012,2.40745,14.5246,17.181,0.0,15.43,0.046,13.47,0.026,12.845,0.023,12.686,0.024,15.2787,0.000806,15.9979,0.003611,14.4609,0.002785,12.641,0.025,12.684,0.027,12.124,,9.15,,Theia239,281.8382931264449,Kounkel2020,4328.0,0.6757,0.676
79299589,2.9227024687252454e+18,104.078835235029,-23.0989332753941,2.03263,16.5282,20.299,0.163,19.0567,0.0487,15.002,0.032,14.338,0.032,14.047,0.048,17.7902,0.001123,19.2617,0.016528,16.5961,0.006178,14.041,0.03,13.808,0.036,12.646,,8.95,,Theia239,281.8382931264449,Kounkel2020,3346.0,0.506238,0.504187
79682201,2.928872137712424e+18,104.601088055943,-21.7454429107522,,15.0732,18.415,0.162,16.572,0.229,13.818,0.028,13.199,0.029,13.049,0.03,16.0312,0.000615,16.9176,0.00342,15.0775,0.001104,12.941,0.033,12.954,0.032,12.619,0.492,8.917,,Theia239,281.8382931264449,Kounkel2020,3923.0,0.600093,0.588165
80281863,2.9216967591864863e+18,105.398751973385,-23.5967729303737,2.3708,13.7605,15.778,0.027,14.697,0.092,12.809,0.026,12.264,0.024,12.158,0.023,14.412,0.000235,14.9888,0.001502,13.6967,0.000867,12.057,0.024,12.118,0.024,12.275,0.36,9.253,,Theia239,281.8382931264449,Kounkel2020,4690.0,0.807293,0.75
53989063,2.922352377352372e+18,103.8946562662,-24.1223477022307,2.93826,12.7443,14.112,0.043,13.403,0.057,12.008,0.024,11.618,0.022,11.576,0.021,13.268,0.000525,13.6978,0.001733,12.687,0.001309,11.489,0.022,11.524,0.023,11.021,0.117,9.049,,Theia239,281.8382931264449,Kounkel2020,5321.0,0.802359,0.917
79376849,2.922508026968136e+18,104.137857130025,-23.2998360903535,2.70171,16.612,20.178,0.166,19.0178,0.0521,15.077,0.043,14.485,0.036,14.331,0.075,17.8486,0.001099,19.2303,0.027435,16.6715,0.003987,14.01,0.026,13.971,0.039,12.179,,8.828,,Theia239,281.8382931264449,Kounkel2020,3401.0,0.372739,0.360416
79539153,2.9227640070172564e+18,104.413880180291,-22.4619889443832,2.19291,12.5161,13.758,0.023,13.125,0.08,11.932,0.023,11.605,0.026,11.518,0.019,12.9565,0.000951,13.2989,0.003226,12.4591,0.002555,11.442,0.022,11.473,0.022,11.436,0.168,8.763,,Theia239,281.8382931264449,Kounkel2020,5901.0,1.00306,1.072
63424814,2.9216540843905505e+18,105.263016100583,-23.9481733456446,2.49298,16.053,19.331,0.163,18.1701,0.047,14.617,0.033,13.937,0.037,13.692,0.044,17.197,0.000852,18.4239,0.012376,16.0949,0.002601,13.711,0.027,13.575,0.033,12.881,,9.197,0.502,Theia239,281.8382931264449,Kounkel2020,3531.0,0.491366,0.489458
63299670,2.921461906070074e+18,104.79134720542,-24.7524477948166,2.25984,17.0036,18.457,0.073,19.5055,0.0612,15.508,0.063,14.801,0.063,14.578,0.09,18.275,0.001571,19.6947,0.043957,17.0681,0.005072,14.453,0.032,14.327,0.045,12.516,,8.798,,Theia239,281.8382931264449,Kounkel2020,3365.0,0.392634,0.383141
54058772,2.9222783664744934e+18,104.038748535412,-24.4600002421023,2.38822,11.8825,13.329,0.319,12.288,0.028,11.35,0.024,11.114,0.023,11.057,0.023,12.2581,0.000302,12.5411,0.001402,11.8278,0.000988,11.038,0.023,11.05,0.021,11.196,0.135,8.92,,Theia239,281.8382931264449,Kounkel2020,6269.0,1.10365,1.222
63039618,2.92232808501654e+18,104.250106929137,-23.9976695210117,2.45204,13.397,14.988,0.037,14.136,0.046,12.597,0.029,12.135,0.024,12.064,0.021,13.9581,0.000813,14.4252,0.003248,13.3356,0.002388,11.898,0.023,11.979,0.024,12.035,,8.668,,Theia239,281.8382931264449,Kounkel2020,5150.0,0.763705,0.87
79871969,2.9225231753114214e+18,104.78685656302,-23.1436316477852,2.53612,17.7618,18.389,0.08,,,15.839,0.07,14.924,,14.979,,18.9429,0.002117,20.5162,0.075853,17.6635,0.009322,14.498,0.03,14.427,0.049,12.309,,8.33,,Theia239,281.8382931264449,Kounkel2020,3306.0,,
63115055,2.9215113196756925e+18,104.616526910074,-24.6487459870449,2.40994,15.9871,19.45,0.164,18.0803,0.047,14.589,0.037,13.866,0.027,13.658,0.041,17.1192,0.000884,18.3422,0.012412,16.0279,0.00216,13.647,0.025,13.511,0.036,12.653,0.499,9.044,,Theia239,281.8382931264449,Kounkel2020,3540.0,0.508668,0.506557
63041273,2.921507574464342e+18,104.454112974888,-24.6681369322072,2.85432,15.1939,18.744,0.163,16.9523,0.0461,13.93,0.029,13.262,0.023,13.018,0.029,16.2195,0.000981,17.224,0.005969,15.2116,0.002747,12.935,0.023,12.93,0.027,12.077,,8.507,,Theia239,281.8382931264449,Kounkel2020,3760.0,0.554919,0.549657
79375836,2.922388691294907e+18,104.20486415866,-23.754348805947,2.50384,16.9072,17.297,0.055,19.4335,0.0661,15.28,0.041,14.624,0.087,14.437,0.08,18.2011,0.001335,19.6005,0.051515,16.9719,0.005394,13.785,0.027,13.687,0.038,12.115,,9.225,,Theia239,281.8382931264449,Kounkel2020,3364.0,0.380766,0.369615
63574545,2.921575400588209e+18,105.315603371517,-24.4424987224447,2.23857,10.6223,11.126,0.082,10.863,0.006,10.339,0.03,10.243,0.024,10.257,0.023,10.7985,0.000434,10.9323,0.00103,10.5821,0.000631,10.205,0.024,10.237,0.023,10.171,0.06,8.849,,Theia239,281.8382931264449,Kounkel2020,7643.0,1.56128,1.786
80281873,2.921696759186481e+18,105.402625810163,-23.5940565453571,2.37797,15.7382,19.491,0.164,17.8317,0.0467,14.278,0.035,13.663,0.032,13.427,0.038,16.8804,0.000859,18.0802,0.010502,15.7781,0.002809,13.275,0.024,13.212,0.028,12.804,,9.314,,Theia239,281.8382931264449,Kounkel2020,3547.0,0.552358,0.547371
63115369,2.921516641135139e+18,104.59149627818,-24.4803294295695,2.59796,16.4802,,,18.7793,0.0501,14.993,0.059,14.274,0.063,14.122,0.065,17.716,0.001145,18.9677,0.023224,16.5303,0.00517,13.803,0.077,13.781,0.084,12.302,,8.073,,Theia239,281.8382931264449,Kounkel2020,3467.0,0.413328,0.406443
79869402,2.928780946962709e+18,104.78227758197,-22.115336336316,2.15244,12.9126,14.357,0.026,13.535,0.149,12.21,0.027,11.841,0.024,11.764,0.023,13.4085,0.000219,13.8079,0.00102,12.8561,0.000738,11.689,0.022,11.717,0.02,11.662,0.206,9.177,,Theia239,281.8382931264449,Kounkel2020,5554.0,0.948912,0.98
80130680,2.9224823559399383e+18,105.139448200874,-23.1121745545103,2.39606,17.1563,,,19.6503,0.0643,15.637,0.059,15.063,0.052,14.839,0.107,18.4644,0.002258,19.7944,0.049058,17.2169,0.010034,14.369,0.031,14.139,0.041,12.187,0.32,8.816,,Theia239,281.8382931264449,Kounkel2020,3391.0,0.341894,0.324838
79874298,2.92242357072934e+18,104.970672979634,-23.7383237394257,2.14676,15.0243,17.95,0.043,16.469,0.195,13.809,0.024,13.177,0.027,13.005,0.033,15.8544,0.000477,16.6971,0.003192,14.9647,0.00164,12.991,0.024,12.997,0.026,12.051,,8.144,,Theia239,281.8382931264449,Kounkel2020,4052.0,0.714646,0.634
63426067,2.9214926623369697e+18,105.203898324544,-24.5067963527747,2.27138,13.596,15.307,0.043,14.412,0.149,12.828,0.023,12.408,0.026,12.31,0.026,14.1623,0.000393,14.6401,0.002146,13.5386,0.001239,12.238,0.023,12.279,0.026,12.026,,9.048,,Theia239,281.8382931264449,Kounkel2020,5099.0,0.76158,0.86
63575028,2.921594573321835e+18,105.317241037008,-24.2127420312448,2.09965,17.0969,20.776,0.174,19.3259,0.0544,15.695,0.069,15.054,0.068,14.738,0.114,18.2759,0.001376,19.567,0.034284,17.1453,0.004252,14.704,0.039,14.566,0.06,12.087,,8.509,,Theia239,281.8382931264449,Kounkel2020,3476.0,0.392003,0.382424
80131999,2.9285631749425746e+18,105.170998177183,-22.5876945039407,2.33252,16.5328,20.185,0.164,18.8806,0.0497,15.025,0.037,14.377,0.022,14.079,0.062,17.7674,0.001107,19.0827,0.021531,16.5874,0.00421,13.978,0.028,13.874,0.04,12.87,,8.783,,Theia239,281.8382931264449,Kounkel2020,3435.0,0.454131,0.450958
80130678,2.922482287222768e+18,105.143612523526,-23.1127725210152,2.34793,15.3497,,,17.0083,0.0496,14.078,0.128,13.504,0.115,13.289,0.037,16.3843,0.002872,17.2062,0.022605,15.3547,0.017587,,,,,,,,,Theia239,281.8382931264449,Kounkel2020,3912.0,0.58139,0.572633
63576907,2.9215736826011924e+18,105.545037232284,-24.4266113986383,2.45154,10.4647,10.985,0.072,10.64,0.005,10.165,0.024,10.108,0.026,10.052,0.021,10.6402,0.000316,10.774,0.000622,10.4261,0.000645,9.992,0.023,10.012,0.019,10.061,0.055,8.495,,Theia239,281.8382931264449,Kounkel2020,7620.0,1.53219,1.78
48947097,2.927176106659365e+18,100.798558239361,-20.4271057609105,4.40899,15.0672,18.578,0.163,17.6244,0.0469,13.481,0.032,12.825,0.034,12.638,0.033,16.3357,0.001516,17.827,0.009949,15.1377,0.003477,12.475,0.024,12.318,0.024,12.515,0.438,9.071,,Theia308,173.78008287493762,Kounkel2020,3334.0,0.463678,0.46104
48954049,2.9255878277490924e+18,100.968121584272,-22.7657323027123,3.71368,10.508,11.388,0.084,10.957,0.006,10.019,0.024,9.785,0.023,9.726,0.019,10.8527,0.000361,11.1135,0.000647,10.4597,0.000473,9.675,0.022,9.69,0.018,9.64,0.038,8.901,0.444,Theia308,173.78008287493762,Kounkel2020,6424.0,1.27818,1.295
48812097,2.9251846849413294e+18,100.71926080695,-23.8207684005081,3.98225,15.7975,14.838,0.094,18.0412,0.051,13.782,0.086,13.18,0.047,12.915,0.046,16.8865,0.000946,17.9575,0.018024,15.4149,0.017573,13.256,0.099,13.066,0.093,12.106,,8.516,0.514,Theia308,173.78008287493762,Kounkel2020,,,
48949137,2.926424895399871e+18,100.893470337209,-21.7243721728829,3.4613,17.1206,,,,,15.332,0.045,14.827,0.062,14.526,0.089,18.4988,0.001665,20.0805,0.057892,17.2045,0.00738,14.374,0.03,14.089,0.04,12.388,,8.817,,Theia308,173.78008287493762,Kounkel2020,3242.0,0.284536,0.259075
48881137,2.9254913456057324e+18,100.771044411473,-22.8995115982636,3.58571,12.8214,14.708,0.043,13.577,0.103,11.973,0.027,11.458,0.025,11.366,0.025,13.4171,0.00144,13.9214,0.005494,12.7546,0.003931,11.305,0.022,11.332,0.021,11.082,0.122,9.16,,Theia308,173.78008287493762,Kounkel2020,4934.0,0.737046,0.811
48952275,2.9251863342091684e+18,100.856331126725,-23.8544291051374,3.24596,11.5225,12.597,0.261,11.931,0.018,10.948,0.023,10.707,0.023,10.611,0.019,11.9262,0.000618,12.2374,0.002024,11.4699,0.001339,10.597,0.023,10.622,0.02,10.606,0.079,8.982,,Theia308,173.78008287493762,Kounkel2020,6085.0,1.00915,1.14
48884582,2.927118588457466e+18,100.739169924427,-20.6536286987074,3.42712,13.2977,15.427,0.055,14.136,0.137,12.372,0.022,11.819,0.024,11.703,0.023,13.9713,0.000929,14.5793,0.0034,13.2413,0.002754,11.626,0.022,11.705,0.021,11.353,0.168,8.869,,Theia308,173.78008287493762,Kounkel2020,4664.0,0.718175,0.742
48953623,2.925532199335872e+18,100.994167152091,-23.0488397932496,3.82241,16.0558,19.8,0.163,18.5402,0.0486,14.497,0.03,13.88,0.041,13.585,0.043,17.3078,0.001126,18.7496,0.01701,16.121,0.00446,13.51,0.024,13.422,0.028,12.691,,9.148,,Theia308,173.78008287493762,Kounkel2020,3364.0,0.371901,0.359453
172468907,2.923667530692892e+18,100.301223300442,-24.3451873174799,4.36376,15.3216,18.755,0.177,17.5342,0.0461,13.854,0.026,13.255,0.024,13.037,0.032,16.4926,0.000825,17.7822,0.005155,15.3704,0.002058,12.886,0.024,12.764,0.026,12.422,0.362,8.982,,Theia308,173.78008287493762,Kounkel2020,3481.0,0.407721,0.40017
49083695,2.926859133773052e+18,101.206089987312,-21.3725009548948,4.06539,16.6441,20.393,0.164,18.9998,0.0568,15.159,0.035,14.538,0.041,14.455,0.076,17.8739,0.001139,19.2096,0.037661,16.6997,0.006706,14.176,0.026,14.169,0.037,12.632,,9.241,,Theia308,173.78008287493762,Kounkel2020,3427.0,0.25531,0.22663
172738620,2.92512170354176e+18,101.299112193051,-24.0516237726804,3.30916,16.0533,19.912,0.172,18.6184,0.0507,14.487,0.035,13.799,0.038,13.541,0.045,17.3359,0.001432,18.8055,0.022798,16.1228,0.00388,13.469,0.025,13.253,0.029,11.956,,8.436,,Theia308,173.78008287493762,Kounkel2020,3337.0,0.421265,0.415265
172468898,2.923667702491585e+18,100.27556114942,-24.3415568548221,3.54178,16.6912,20.845,0.17,19.2921,0.0637,15.025,0.043,14.502,0.053,14.186,0.076,17.9882,0.001303,19.4676,0.046544,16.7621,0.004516,14.046,0.026,13.884,0.035,12.659,0.453,9.236,,Theia308,173.78008287493762,Kounkel2020,3326.0,0.317094,0.296211
48950287,2.9256137349961344e+18,100.904903680005,-22.4705093632048,3.88159,15.1774,18.65,0.162,17.2085,0.046,13.783,0.024,13.181,0.022,12.915,0.029,16.2903,0.000546,17.475,0.004081,15.2144,0.00136,12.809,0.024,12.75,0.026,12.019,,9.002,,Theia308,173.78008287493762,Kounkel2020,3574.0,0.463261,0.460603
47585875,2.9235943788102467e+18,100.721353417585,-24.679330768017,5.29549,14.7018,18.609,0.162,16.9592,0.0462,13.214,0.027,12.577,0.026,12.325,0.026,15.8885,0.000628,17.1997,0.005691,14.7536,0.002036,12.207,0.023,12.139,0.022,12.162,0.318,9.137,,Theia308,173.78008287493762,Kounkel2020,3462.0,0.450946,0.447565
53404902,2.922165803969479e+18,102.6195331242,-24.0879263705796,3.71117,13.9296,17.129,0.124,15.683,0.034,12.638,0.024,11.96,0.024,11.77,0.024,14.9732,0.000714,16.0349,0.003262,13.9534,0.001992,11.638,0.023,11.618,0.021,11.528,0.191,9.068,,Theia308,173.78008287493762,Kounkel2020,3703.0,0.681044,0.649927
744548750,2.9251846849413294e+18,100.71926080695,-23.8207684005081,3.98225,15.7975,,,18.0412,0.051,,,,,,,16.8865,0.000946,17.9575,0.018024,15.4149,0.017573,,,,,,,,,Theia308,173.78008287493762,Kounkel2020,,,
49015187,2.926864360753188e+18,101.099014830496,-21.2738668695227,4.53343,10.1607,11.005,0.084,10.544,0.006,9.666,0.021,9.483,0.022,9.416,0.021,10.5097,0.000431,10.7761,0.001032,10.1134,0.001009,9.391,0.022,9.397,0.02,9.317,0.039,8.431,0.292,Theia308,173.78008287493762,Kounkel2020,6455.0,1.23646,1.31
78375853,2.9252807547714145e+18,102.419730011603,-23.224717598433,3.49723,9.92343,10.638,0.059,10.305,0.004,9.563,0.022,9.376,0.024,9.362,0.024,10.1922,0.000312,10.3934,0.000552,9.88013,0.00049,9.33,0.022,9.348,0.02,9.325,0.033,8.765,,Theia308,173.78008287493762,Kounkel2020,6942.0,1.58024,1.517
4616572,2.9259596001219763e+18,101.968007505237,-22.2748141423666,3.00108,15.6656,19.172,0.163,18.0389,0.0463,14.123,0.029,13.488,0.032,13.203,0.044,16.8877,0.000684,18.2626,0.006989,15.724,0.002146,13.128,0.025,12.997,0.028,12.502,,9.254,,Theia308,173.78008287493762,Kounkel2020,3411.0,0.505842,0.503799
172785549,2.925127029301111e+18,101.693718488009,-24.1096882065742,3.30141,13.61,15.777,0.123,14.61,0.137,12.557,0.024,11.984,0.022,11.855,0.025,14.3057,0.000726,14.9465,0.002832,13.5495,0.002455,11.855,0.023,11.913,0.022,11.645,0.211,8.76,,Theia308,173.78008287493762,Kounkel2020,4602.0,0.639067,0.728
78376065,2.925669878808664e+18,102.416879008752,-23.0870374152637,3.4071,10.8257,11.659,0.131,11.292,0.009,10.361,0.026,10.103,0.023,10.053,0.021,11.1712,0.000528,11.4329,0.001156,10.7769,0.000519,10.006,0.023,10.025,0.02,9.923,0.056,9.118,,Theia308,173.78008287493762,Kounkel2020,6469.0,1.20249,1.317
53555244,2.921832136548981e+18,102.858306841742,-24.864948355364,3.61036,16.065,19.804,0.162,18.6658,0.0491,14.46,0.028,13.852,0.029,13.595,0.046,17.3404,0.001132,18.8661,0.018257,16.138,0.002959,13.517,0.025,13.337,0.03,12.555,0.416,9.097,,Theia308,173.78008287493762,Kounkel2020,3314.0,0.387285,0.377057
49081682,2.925544946798465e+18,101.27281032514,-22.7259611993321,3.33034,16.1147,20.347,0.162,,,14.49,0.024,13.875,0.033,13.692,0.043,17.4178,0.001242,18.9754,0.018281,16.1919,0.002502,13.574,0.024,13.407,0.029,12.301,,9.004,,Theia308,173.78008287493762,Kounkel2020,3287.0,0.397975,0.389192
53556467,2.922149861050977e+18,102.807812384245,-24.1724736259119,3.71435,16.4164,20.759,0.164,,,14.703,0.035,14.139,0.022,13.774,0.053,17.7801,0.001094,19.5208,0.028386,16.5111,0.005749,13.653,0.024,13.509,0.028,12.78,,9.143,,Theia308,173.78008287493762,Kounkel2020,3178.0,0.355284,0.340311
172592918,2.923659765392256e+18,100.586121047895,-24.3171385387509,3.70184,12.8763,14.757,-0.014,13.74,0.114,11.976,0.023,11.476,0.025,11.396,0.023,13.5049,0.000329,14.0606,0.001601,12.8204,0.001058,11.336,0.023,11.386,0.021,11.172,0.126,8.958,,Theia308,173.78008287493762,Kounkel2020,4782.0,0.745161,0.771
172737771,2.920582953900403e+18,101.31483530145,-24.696253073716,3.79116,15.5488,19.085,0.174,17.967,0.0469,13.923,0.026,13.309,0.027,13.117,0.038,16.7889,0.001131,18.1785,0.010381,15.6097,0.002475,13.019,0.024,12.91,0.026,12.094,,9.225,,Theia308,173.78008287493762,Kounkel2020,3395.0,0.440344,0.436162
78375276,2.9222619768791675e+18,102.382465004102,-23.6100863733874,4.69611,15.6344,19.512,0.163,18.2352,0.0495,14.086,0.03,13.413,0.031,13.295,0.048,16.9248,0.000972,18.4187,0.019022,15.7064,0.004531,13.027,0.024,12.884,0.027,12.676,0.467,9.212,,Theia308,173.78008287493762,Kounkel2020,3322.0,0.351567,0.336019
49310596,2.9253083456421514e+18,101.763272987028,-23.4160450342924,3.74084,14.3538,17.831,0.161,15.818,0.229,13.116,0.021,12.452,0.026,12.308,0.029,15.3261,0.000691,16.2791,0.003067,14.3644,0.001831,12.184,0.024,12.198,0.024,11.979,0.286,9.055,,Theia308,173.78008287493762,Kounkel2020,3849.0,0.577252,0.569119
49312357,2.926005397351326e+18,101.701785126059,-22.2129499424475,3.3972,9.79301,10.507,0.051,10.105,0.004,9.419,0.024,9.236,0.024,9.184,0.024,10.0717,0.000246,10.2839,0.000506,9.75082,0.000541,9.129,0.023,9.146,0.02,9.083,0.033,8.541,,Theia308,173.78008287493762,Kounkel2020,6945.0,1.75192,1.519
49309731,2.9251520775502587e+18,101.659679279087,-23.8504639478833,3.70968,13.8842,16.851,0.085,15.837,0.114,12.504,0.023,11.83,0.023,11.655,0.023,14.9442,0.000846,16.0107,0.006029,13.9096,0.003372,11.536,0.023,11.524,0.022,11.564,0.22,8.861,,Theia308,173.78008287493762,Kounkel2020,3688.0,0.704057,0.666367
49310941,2.9253278276136965e+18,101.718863823271,-23.190081145124,3.17219,14.9869,16.655,0.05,16.526,0.309,13.717,0.035,13.04,0.028,12.853,0.029,16.0238,0.000501,17.0722,0.003798,15.0087,0.001388,12.742,0.029,12.709,0.03,12.622,0.44,8.552,,Theia308,173.78008287493762,Kounkel2020,3717.0,0.544206,0.540014
49386342,2.9259669187461627e+18,101.923475619489,-22.0880287789938,3.39517,10.848,11.744,0.118,11.274,0.008,10.338,0.023,10.123,0.023,10.07,0.021,11.2129,0.000509,11.4948,0.000782,10.8022,0.000619,10.041,0.023,10.06,0.02,10.033,0.047,8.491,,Theia308,173.78008287493762,Kounkel2020,6326.0,1.23277,1.249
172995835,2.922019122245713e+18,102.007505073614,-24.8493348393095,3.48194,13.1986,15.259,0.028,14.304,0.092,12.207,0.024,11.632,0.022,11.457,0.023,13.8758,0.000907,14.4854,0.00351,13.133,0.003043,11.373,0.023,11.345,0.021,11.146,0.136,9.254,,Theia308,173.78008287493762,Kounkel2020,4581.0,0.751318,0.724
53606180,2.922177383202039e+18,103.203429768087,-24.0372591117426,3.84867,12.3661,13.88,0.0,13.06,0.092,11.607,0.024,11.227,0.022,11.14,0.023,12.8876,0.000499,13.318,0.001595,12.3117,0.000998,11.107,0.024,11.14,0.021,11.406,0.131,8.697,,Theia308,173.78008287493762,Kounkel2020,5328.0,0.728075,0.919
53678539,2.9218838780175155e+18,103.28055021078,-24.7281243087727,3.53277,17.1566,21.458,0.168,,,15.423,0.051,14.821,0.044,14.483,0.086,18.5391,0.001741,20.2273,0.050621,17.2485,0.00526,14.345,0.031,14.187,0.043,12.123,,8.962,,Theia308,173.78008287493762,Kounkel2020,3193.0,0.284196,0.258693
299741801,2.925729321157377e+18,102.223627126895,-22.7461304273781,3.66612,11.1126,11.985,0.172,11.4,0.012,10.523,0.021,10.274,0.024,10.196,0.023,11.518,0.000827,11.8358,0.001447,11.0654,0.001202,10.188,0.022,10.199,0.02,10.167,0.064,9.088,,Theia308,173.78008287493762,Kounkel2020,6010.0,1.08691,1.11
78743092,2.932207643668505e+18,103.188474921234,-20.744272280854,3.61174,14.9269,18.675,0.162,16.96,1.133,13.599,0.024,13.002,0.029,12.738,0.022,15.9811,0.001033,17.0614,0.008723,14.9522,0.002961,12.666,0.025,12.613,0.025,12.579,0.478,9.223,,Theia308,173.78008287493762,Kounkel2020,3682.0,0.516505,0.514128
78743120,2.9322076780282225e+18,103.20231889514,-20.7276383864903,3.60582,14.5699,17.57,0.162,16.02,1.133,13.294,0.024,12.603,0.027,12.454,0.025,15.5715,0.001219,16.5555,0.008115,14.5847,0.002768,12.315,0.023,12.283,0.023,11.109,0.124,8.425,,Theia308,173.78008287493762,Kounkel2020,3796.0,0.565517,0.559
79215393,2.932345426222869e+18,103.949711316668,-20.1905877283644,1.33367,13.9047,15.268,0.073,14.449,0.16,13.284,0.024,12.954,0.029,12.874,0.027,14.3612,0.000502,14.7153,0.002364,13.8435,0.001442,12.788,0.024,12.835,0.025,12.267,,9.1,,Theia398,117.48975549395304,Kounkel2020,5811.0,0.889462,1.04
79638170,2.9320706857556475e+18,104.605553688186,-20.6764640971092,1.49443,14.0385,15.581,0.017,14.662,0.114,13.274,0.023,12.936,0.026,12.854,0.029,14.5585,0.001263,14.9793,0.004109,13.9796,0.003162,12.816,0.031,12.845,0.035,12.083,,8.846,,Theia398,117.48975549395304,Kounkel2020,5547.0,0.838509,0.98
80135012,2.92896552748138e+18,105.184086982713,-21.4633737571105,1.40805,16.3748,19.015,0.054,17.9559,0.0466,15.104,0.04,14.479,0.048,14.253,0.066,17.3263,0.001547,18.2399,0.0116,16.3799,0.004046,14.341,0.027,14.444,0.047,12.021,,8.979,,Theia398,117.48975549395304,Kounkel2020,3903.0,0.60668,0.593505
79383203,2.9322699378761185e+18,104.149601153831,-20.5211108458837,1.24412,13.2182,14.498,0.008,13.819,0.103,12.597,0.026,12.298,0.027,12.222,0.03,13.6643,0.000189,14.0104,0.001048,13.1586,0.000494,12.146,0.023,12.177,0.023,12.418,0.369,9.04,,Theia398,117.48975549395304,Kounkel2020,6107.0,1.2626,1.15
79943022,2.9321001320518784e+18,104.950486168624,-20.4759249248042,1.18302,13.8363,15.092,0.016,14.521,0.137,13.174,0.026,12.907,0.024,12.845,0.03,14.2805,0.000431,14.6269,0.00167,13.7785,0.000926,12.794,0.025,12.874,0.026,11.948,0.327,9.093,,Theia398,117.48975549395304,Kounkel2020,6161.0,0.992266,1.17
80038795,2.9320278391611346e+18,105.107567301972,-20.7763215645422,0.731851,15.3927,14.837,0.046,15.995,0.115,14.458,0.029,14.004,0.043,13.926,0.065,16.0152,0.000507,16.5389,0.002705,15.3274,0.001454,,,,,,,,,Theia398,117.48975549395304,Kounkel2020,5147.0,1.09111,0.87
79383431,2.932280039639425e+18,104.146653306153,-20.4249984888115,0.73084,16.0011,17.819,0.049,16.9991,0.046,15.094,0.034,14.507,0.039,14.401,0.07,16.6715,0.000672,17.2614,0.005618,15.9433,0.002854,,,,,,,,,Theia398,117.48975549395304,Kounkel2020,4872.0,0.918068,0.79
79544879,2.9323272155605453e+18,104.399873721568,-20.085229569895,1.42456,14.6342,16.417,0.044,15.452,0.057,13.705,0.026,13.274,0.025,13.125,0.033,15.2377,0.001095,15.741,0.003783,14.564,0.002961,13.109,0.024,13.144,0.029,12.296,,9.089,,Theia398,117.48975549395304,Kounkel2020,5054.0,0.793252,0.84
79944033,2.9325003499789507e+18,104.869880693053,-20.0826437707006,1.48369,11.9066,12.293,0.276,12.482,0.034,11.589,0.027,11.401,0.026,11.371,0.024,12.1384,0.000816,12.3051,0.002905,11.8483,0.001685,11.348,0.023,11.367,0.021,11.559,0.176,8.7,,Theia398,117.48975549395304,Kounkel2020,7530.0,1.40274,1.74
80038216,2.932051341222052e+18,105.023025200676,-20.5859436007655,1.40184,12.5777,13.44,0.01,13.035,0.103,12.07,0.026,11.935,0.024,11.833,0.03,12.9033,0.000235,13.1414,0.001025,12.5179,0.000551,11.66,0.023,11.686,0.023,11.593,0.195,9.24,,Theia398,117.48975549395304,Kounkel2020,6832.0,1.24693,1.48
80138021,2.9324294014200617e+18,105.164491296969,-20.4485267674007,1.47183,14.8261,15.99,0.045,15.706,0.035,14.013,0.027,13.465,0.028,13.449,0.039,15.4301,0.00058,15.9461,0.004062,14.7671,0.001813,13.284,0.024,13.39,0.029,12.01,,9.162,,Theia398,117.48975549395304,Kounkel2020,5029.0,0.706191,0.84
80456223,2.93246431091476e+18,105.578998904653,-20.1099489162102,1.33034,12.5703,13.408,0.027,13.024,0.08,12.08,0.024,11.912,0.024,11.859,0.021,12.8901,0.000396,13.1248,0.001227,12.5106,0.000694,11.818,0.023,11.887,0.022,11.922,0.265,8.938,,Theia398,117.48975549395304,Kounkel2020,6933.0,1.30562,1.514
4613370,2.9332514581595213e+18,102.029813744521,-20.0255972539539,1.61233,13.6002,14.982,0.036,14.181,0.137,12.933,0.026,12.624,0.029,12.569,0.033,14.0764,0.000566,14.4543,0.002504,13.5433,0.001426,12.344,0.023,12.379,0.023,11.751,0.27,9.095,,Theia398,117.48975549395304,Kounkel2020,5754.0,0.877775,1.03
79543580,2.9320834332187284e+18,104.48172868026,-20.6106370453153,1.52789,15.3935,17.651,0.045,16.451,1.133,14.142,0.028,13.509,0.029,13.323,0.031,16.2484,0.000636,17.1028,0.004242,15.3434,0.001487,13.232,0.024,13.317,0.03,12.743,,8.887,,Theia398,117.48975549395304,Kounkel2020,4170.0,0.852466,0.65
79940701,2.928979511894949e+18,104.961424746456,-21.367627904865,1.08741,15.8544,17.991,0.049,16.8846,0.0459,14.844,0.033,14.306,0.042,14.257,0.07,16.5382,0.000504,17.1577,0.003854,15.7996,0.001812,14.199,0.028,14.232,0.046,12.323,,8.647,,Theia398,117.48975549395304,Kounkel2020,4666.0,0.697298,0.74
80388562,2.929013356238174e+18,105.400169121798,-21.1128799159818,0.810462,14.7055,15.984,0.046,15.293,0.172,14.044,0.029,13.797,0.029,13.613,0.039,15.1633,0.000348,15.5172,0.001694,14.6427,0.00123,13.589,0.026,13.588,0.034,12.632,,8.965,,Theia398,117.48975549395304,Kounkel2020,5950.0,0.992498,1.09
80557692,2.9294047823756774e+18,105.657952660635,-20.7132541686534,1.37233,15.0297,16.921,0.045,15.723,0.115,14.182,0.027,13.618,0.022,13.584,0.043,15.6572,0.000465,16.2032,0.00236,14.9758,0.001353,13.562,0.024,13.619,0.033,12.169,,9.101,,Theia398,117.48975549395304,Kounkel2020,4989.0,0.715893,0.826
79942309,2.9320390404359163e+18,104.942070217464,-20.7450005764476,1.29767,14.2283,16.409,0.046,15.077,0.172,13.152,0.029,12.682,0.029,12.538,0.027,14.8519,0.009259,15.3857,0.027191,14.1656,0.029158,12.58,0.024,12.624,0.024,12.042,0.318,9.143,,Theia398,117.48975549395304,Kounkel2020,4975.0,1.0886,0.82
80136505,2.932021723127772e+18,105.227282419166,-20.9364617305965,1.36051,13.5745,,,14.078,0.092,12.918,0.024,12.671,0.025,12.553,0.025,14.0159,0.000567,14.3598,0.002381,13.5179,0.001854,12.524,0.029,12.574,0.029,12.434,,8.64,,Theia398,117.48975549395304,Kounkel2020,5967.0,0.982903,1.09
80137317,2.9320464234749563e+18,105.176014026892,-20.6583073619159,1.32045,16.5931,19.786,0.166,17.8078,0.0461,15.398,0.044,14.817,0.05,14.708,0.1,17.3603,0.001312,18.0532,0.007783,16.4975,0.002892,14.277,0.026,14.536,0.044,12.627,,8.998,,Theia398,117.48975549395304,Kounkel2020,4379.0,0.482157,0.685
63573840,2.921472939847228e+18,105.324887123931,-24.7536172864974,3.08095,16.575,20.287,0.167,18.8531,0.0521,15.106,0.049,14.57,0.04,14.238,0.063,17.7704,0.00124,19.0869,0.028381,16.6268,0.004198,14.141,0.028,14.062,0.041,12.4,,8.588,,Theia449,194.98445997580416,Kounkel2020,3454.0,0.347726,0.331579
63577721,2.921285851073639e+18,105.470465980788,-24.7744865963879,1.04831,14.3329,15.773,0.036,14.905,0.023,13.662,0.029,13.279,0.029,13.23,0.033,14.8221,0.00028,15.2143,0.001229,14.2755,0.000972,13.181,0.024,13.281,0.027,12.603,,8.422,,Theia469,112.20184543019651,Kounkel2020,5519.0,0.993391,0.97
78826462,2.922612068253408e+18,103.459516609615,-23.3553764119767,1.59793,14.5942,16.532,0.052,15.476,0.115,13.683,0.023,13.188,0.031,13.158,0.034,15.2265,0.000457,15.7789,0.002262,14.5328,0.001597,13.061,0.025,13.057,0.027,12.406,0.36,8.825,,Theia469,112.20184543019651,Kounkel2020,4807.0,0.776653,0.78
79533762,2.9227052175041403e+18,104.293339645703,-23.0606442910748,1.55119,13.3181,14.842,0.044,13.954,0.126,12.563,0.026,12.169,0.023,12.132,0.03,13.8546,0.000329,14.2993,0.001135,13.2646,0.001098,12.05,0.024,12.101,0.024,12.075,0.436,8.588,,Theia469,112.20184543019651,Kounkel2020,5391.0,1.17003,0.936
78960817,2.922621375441868e+18,103.699491404877,-23.1478049030602,1.64541,16.4873,19.358,0.165,18.317,0.0471,15.168,0.041,14.505,0.044,14.386,0.08,17.5293,0.001275,18.5991,0.013947,16.5102,0.00389,14.255,0.026,14.26,0.047,12.764,,8.781,0.446,Theia469,112.20184543019651,Kounkel2020,3697.0,0.524821,0.522043
79537377,2.9225112224236355e+18,104.41656326222,-23.2493678437678,1.69074,15.7343,17.708,0.049,17.068,0.046,14.459,0.033,13.845,0.029,13.66,0.044,16.5527,0.001036,17.3535,0.005156,15.678,0.002725,13.678,0.025,13.703,0.033,11.946,,8.631,,Theia469,112.20184543019651,Kounkel2020,4250.0,0.612683,0.66
79691634,2.9287789540979487e+18,104.713430539116,-22.1622786557242,1.60934,13.1238,14.35,0.014,13.553,0.08,12.533,0.024,12.231,0.024,12.154,0.026,13.5588,0.000513,13.8967,0.001896,13.0674,0.001251,12.156,0.024,12.178,0.023,12.244,0.319,8.815,,Theia469,112.20184543019651,Kounkel2020,6015.0,1.013,1.11
79684764,2.92273978340216e+18,104.566910222504,-22.7858128701711,1.34828,16.6085,19.338,0.054,18.5027,0.0473,15.277,0.041,14.53,0.039,14.436,0.089,17.6796,0.001059,18.7719,0.015199,16.6351,0.003301,14.361,0.031,14.21,0.044,12.572,,9.264,,Theia469,112.20184543019651,Kounkel2020,3661.0,0.591195,0.580845
80130763,2.922482836977805e+18,105.202212741876,-23.0761453193162,,15.835,18.688,0.162,17.4077,0.0466,14.29,0.026,13.641,0.03,13.393,0.04,16.7316,0.001734,17.542,0.010776,15.6118,0.004942,13.328,0.024,13.25,0.03,12.42,,9.101,,Theia469,112.20184543019651,Kounkel2020,,,
80133006,2.928784863974488e+18,105.175491082898,-22.2246882492802,1.33635,15.4417,17.822,0.05,16.395,1.133,14.489,0.035,13.935,0.035,13.784,0.045,16.1351,0.000435,16.7721,0.002742,15.3896,0.001767,13.769,0.028,13.829,0.038,12.751,,9.025,,Theia469,112.20184543019651,Kounkel2020,4605.0,0.70335,0.73
80279385,2.9224648324756654e+18,105.277708351409,-23.2813938293356,1.82804,17.4711,17.664,0.113,19.5893,0.0596,15.841,0.105,15.251,0.106,14.326,,18.5428,0.001685,19.7954,0.043599,17.3778,0.011312,14.417,0.028,14.544,0.048,12.85,,9.104,,Theia469,112.20184543019651,Kounkel2020,3636.0,,
80466752,2.9216259094043346e+18,105.681906984766,-23.9658731615216,1.67065,14.5412,17.515,0.042,15.442,0.057,13.606,0.023,13.096,0.022,13.017,0.026,15.1775,0.000506,15.7343,0.002151,14.4809,0.001947,12.943,0.025,12.971,0.027,12.175,0.32,8.616,,Theia469,112.20184543019651,Kounkel2020,4818.0,0.764553,0.78
80130360,2.922465901927688e+18,105.233900623378,-23.2494134139332,1.60149,11.2089,11.688,0.15,11.276,0.011,10.895,0.023,10.82,0.022,10.79,0.021,11.391,0.000573,11.527,0.000914,11.1658,0.00073,10.761,0.023,10.771,0.022,10.71,0.086,8.364,,Theia469,112.20184543019651,Kounkel2020,7623.0,1.67144,1.778
80467404,2.921686038948024e+18,105.645795400369,-23.6594083648213,1.6697,15.0072,17.968,0.162,16.246,0.172,13.709,0.027,13.071,0.024,12.962,0.033,15.8307,0.000959,16.6428,0.005866,14.934,0.002862,12.871,0.024,12.862,0.027,12.026,,9.252,,Theia469,112.20184543019651,Kounkel2020,4100.0,0.907077,0.642
80129737,2.9224512303197e+18,105.133040901492,-23.4967632337476,1.64523,14.4136,16.353,0.044,14.931,0.046,13.431,0.026,13.018,0.022,12.917,0.034,15.0151,0.001305,15.5227,0.005141,14.3438,0.00344,12.872,0.024,12.87,0.026,11.372,0.144,8.796,0.361,Theia469,112.20184543019651,Kounkel2020,4920.0,0.772448,0.81
80130173,2.9224628439110584e+18,105.208795716205,-23.3248434862894,1.87839,16.4346,16.145,0.05,18.3418,0.0488,15.047,0.035,14.419,0.073,14.235,0.082,17.5481,0.001004,18.5553,0.021769,16.4582,0.005819,13.753,0.027,13.773,0.039,12.748,,9.253,,Theia469,112.20184543019651,Kounkel2020,3691.0,0.502622,0.500641
80280632,2.921680953707021e+18,105.319104179041,-23.7912727792602,1.31822,16.0574,17.844,0.049,17.3476,0.0459,14.975,0.033,14.341,0.053,14.196,0.068,16.855,0.000686,17.6365,0.004114,16.0001,0.00243,14.094,0.039,14.105,0.051,12.36,,8.693,,Theia469,112.20184543019651,Kounkel2020,4233.0,0.657435,0.66
48652901,2.9270842630785377e+18,100.393386285066,-20.9508098315407,0.857315,14.4178,15.681,0.02,15.081,0.08,13.749,0.024,13.443,0.032,13.436,0.043,14.8718,0.000284,15.2227,0.00229,14.3556,0.001258,13.326,0.025,13.415,0.032,12.545,,8.978,,Theia476,102.32929922807536,Kounkel2020,5979.0,1.06396,1.1
48754813,2.9271857961050286e+18,100.461566375841,-20.3521809246761,0.704781,16.3039,18.623,0.062,17.3679,0.0463,15.286,0.05,14.71,0.065,14.489,0.084,17.007,0.000744,17.6286,0.01257,16.2404,0.003114,14.533,0.03,14.442,0.051,12.233,,9.27,,Theia476,102.32929922807536,Kounkel2020,4782.0,0.877121,0.77
744760248,2.926477951136833e+18,100.386262139647,-21.8213116771953,1.08581,14.0186,,,14.692,0.0459,,,,,,,14.5125,0.000329,14.8911,0.00241,13.9438,0.001739,,,,,,,,,Theia476,102.32929922807536,Kounkel2020,5606.0,1.1075,0.99
48947290,2.9271260445206103e+18,100.83318831961,-20.546546827488,1.41484,14.8979,16.682,0.0,15.454,0.069,14.022,0.032,13.532,0.026,13.421,0.036,15.4985,0.000647,16.0129,0.002792,14.8411,0.001622,13.454,0.025,13.485,0.032,12.081,,8.453,,Theia476,102.32929922807536,Kounkel2020,5038.0,0.705555,0.84
48884490,2.927117763823781e+18,100.727891519749,-20.7155406325841,1.30657,13.9933,15.36,0.02,14.549,0.114,13.315,0.023,12.986,0.021,12.908,0.029,14.478,0.000577,14.8661,0.002193,13.938,0.0019,12.861,0.024,12.9,0.028,12.364,0.397,9.175,,Theia476,102.32929922807536,Kounkel2020,5735.0,0.912965,1.02
48948030,2.927093677647268e+18,100.903457152805,-21.0237045726532,1.33656,13.2758,14.521,0.062,13.836,0.114,12.557,0.023,12.219,0.021,12.144,0.024,13.7168,0.000286,14.0583,0.001094,13.2165,0.001055,12.121,0.023,12.169,0.023,11.657,0.226,8.493,,Theia476,102.32929922807536,Kounkel2020,6122.0,1.13644,1.16
48948446,2.926875562028009e+18,100.859569684598,-21.2653769624568,1.37522,15.6752,18.029,0.053,16.676,1.133,14.654,0.039,14.048,0.035,13.893,0.049,16.4124,0.000604,17.1044,0.006154,15.6205,0.00194,13.957,0.067,13.963,0.069,11.938,,8.952,,Theia476,102.32929922807536,Kounkel2020,4471.0,0.663219,0.7
48753849,2.9270890734418985e+18,100.453135438371,-20.975290212854,0.592975,16.3185,17.847,0.06,17.1004,0.046,15.54,0.048,15.137,0.068,14.962,0.126,16.8756,0.000651,17.3341,0.007019,16.26,0.003562,15.006,0.032,15.32,0.084,12.832,,8.891,,Theia476,102.32929922807536,Kounkel2020,5486.0,0.765521,0.96
48883132,2.9264776075392696e+18,100.729082707991,-21.5757873866997,2.4307,12.6172,13.908,0.045,13.198,0.126,11.999,0.024,11.634,0.022,11.596,0.023,13.0755,0.000483,13.4347,0.001914,12.5593,0.001259,11.539,0.023,11.573,0.021,11.629,0.209,8.238,,Theia476,102.32929922807536,Kounkel2020,5815.0,0.893254,1.046
48754739,2.9271853494284687e+18,100.444127995528,-20.4070399481875,1.41607,14.3712,16.371,0.0,15.156,0.126,13.425,0.032,12.92,0.038,12.825,0.034,15.0113,0.000514,15.571,0.00241,14.3106,0.001609,12.671,0.023,12.725,0.026,12.216,,9.014,,Theia476,102.32929922807536,Kounkel2020,4828.0,0.977059,0.78
48806413,2.92729165845995e+18,100.614367324988,-20.1516857734051,2.68752,13.4875,15.265,0.024,14.212,0.103,12.586,0.022,12.103,0.023,12.007,0.023,14.0843,0.000248,14.5947,0.001439,13.4282,0.001174,11.951,0.023,11.997,0.022,11.753,0.243,9.189,,Theia476,102.32929922807536,Kounkel2020,4987.0,0.717936,0.825
48807643,2.927085465669871e+18,100.611960693366,-20.97360785045,1.37372,14.7157,16.731,0.046,15.238,0.206,13.934,0.029,13.524,0.021,13.438,0.039,15.2847,0.000443,15.7645,0.002128,14.6622,0.001747,13.379,0.024,13.416,0.03,12.366,,8.623,,Theia476,102.32929922807536,Kounkel2020,5244.0,0.737282,0.9
48884918,2.927174766628958e+18,100.714273136354,-20.4407183683794,1.338,14.868,16.688,0.021,15.624,0.126,14.018,0.024,13.533,0.023,13.396,0.038,15.4747,0.000565,15.9925,0.002494,14.8111,0.001391,13.384,0.024,13.333,0.029,12.288,0.354,8.396,,Theia476,102.32929922807536,Kounkel2020,5111.0,0.755433,0.86
48948387,2.926875699466927e+18,100.889041455021,-21.235124245451,1.30529,12.2597,,,12.6882,0.0459,11.668,0.039,11.396,0.047,11.363,0.038,12.5954,0.000886,12.753,0.002921,12.1135,0.003594,11.294,0.027,11.357,0.026,11.535,0.194,8.618,,Theia476,102.32929922807536,Kounkel2020,6637.0,1.58299,1.39
48956293,2.9268761805032264e+18,100.9879182299,-21.2567481747916,1.35398,16.4344,19.232,0.059,17.9931,0.0471,15.213,0.047,14.633,0.053,14.443,0.071,17.3713,0.001144,18.2865,0.015556,16.4385,0.005095,,,,,,,,,Theia476,102.32929922807536,Kounkel2020,3915.0,0.587699,0.577935
48957218,2.927120650041691e+18,100.960044593838,-20.6499628080104,1.4684,12.217,13.285,0.599,13.009,0.045,11.746,0.023,11.536,0.025,11.465,0.021,12.5319,0.000184,12.7608,0.001005,12.1571,0.000594,11.436,0.023,11.466,0.023,11.545,0.208,9.184,,Theia476,102.32929922807536,Kounkel2020,6893.0,1.38375,1.5
48652183,2.9271831504052874e+18,100.365598725391,-20.4795482108765,1.86032,13.475,15.012,0.038,14.181,0.16,12.708,0.022,12.298,0.023,12.211,0.024,14.0038,0.000193,14.4383,0.000906,13.418,0.000777,12.163,0.023,12.195,0.023,11.926,0.268,9.006,,Theia476,102.32929922807536,Kounkel2020,5342.0,0.904844,0.923
48807315,2.9271158740382346e+18,100.635187084293,-20.778718477967,1.39535,14.9164,16.467,0.048,15.621,0.137,14.045,0.032,13.563,0.034,13.497,0.037,15.5226,0.000802,16.0456,0.004303,14.8609,0.002,13.341,0.025,13.287,0.029,12.763,0.507,8.642,,Theia476,102.32929922807536,Kounkel2020,4998.0,0.718311,0.83
48947455,2.927121509035175e+18,100.894501599226,-20.6549826709953,1.50599,16.5564,19.336,0.067,18.2066,0.0496,15.289,0.056,14.655,0.049,14.461,0.075,17.537,0.001292,18.4866,0.027353,16.5661,0.005393,14.276,0.027,14.284,0.044,12.525,,9.027,0.489,Theia476,102.32929922807536,Kounkel2020,3843.0,0.544087,0.539905
48808696,2.926475408516068e+18,100.636651646349,-21.6553253223479,1.31189,11.4189,11.532,0.155,11.308,0.012,11.191,0.026,11.175,0.023,11.133,0.023,11.5216,0.000462,11.6058,0.001368,11.3708,0.000743,11.113,0.023,11.135,0.02,11.229,0.149,8.704,,Theia476,102.32929922807536,Kounkel2020,8540.0,1.6775,2.13
48957371,2.927123673698624e+18,100.948699309427,-20.5545392106654,1.25307,16.4761,18.975,0.058,18.0454,0.0471,15.32,0.045,14.543,0.053,14.366,0.074,17.4189,0.001014,18.3361,0.016404,16.4808,0.003426,14.419,0.032,14.562,0.053,12.639,,9.086,,Theia476,102.32929922807536,Kounkel2020,3908.0,0.632101,0.613528
48957722,2.927271729811629e+18,101.00906509675,-20.3225862429779,1.3795,15.2629,17.253,0.043,16.11,0.16,14.328,0.024,13.808,0.035,13.599,0.045,15.9258,0.000611,16.5161,0.003138,15.2093,0.001799,13.633,0.027,13.78,0.034,12.427,,9.11,,Theia476,102.32929922807536,Kounkel2020,4807.0,0.689455,0.78
49013404,2.927280109285461e+18,101.058919561296,-20.1542747346384,1.22754,15.9798,18.241,0.051,17.2398,0.0465,14.794,0.037,14.193,0.055,14.049,0.064,16.7669,0.002579,17.5062,0.011274,15.9045,0.006833,13.958,0.027,13.999,0.041,12.359,,8.692,,Theia476,102.32929922807536,Kounkel2020,4332.0,0.704817,0.68
49013794,2.927223385660344e+18,101.102841810934,-20.3843113614368,1.36367,16.62,19.172,0.069,18.2955,0.0476,15.531,0.058,14.714,0.068,14.396,0.084,17.6094,0.0011,18.5765,0.018196,16.6316,0.004938,14.473,0.029,14.44,0.047,12.656,,8.785,,Theia476,102.32929922807536,Kounkel2020,3820.0,0.593374,0.582649
48947789,2.9271004121559306e+18,100.861851559272,-20.8682746772839,1.46641,16.3006,19.026,0.057,17.814,0.0463,15.043,0.044,14.29,0.049,14.258,0.072,17.2236,0.001284,18.0997,0.009675,16.3009,0.003448,14.176,0.027,14.293,0.043,12.142,,9.074,,Theia476,102.32929922807536,Kounkel2020,3968.0,0.589639,0.579552
48948388,2.9268756994669266e+18,100.890536561334,-21.2352039755482,1.41085,13.8374,12.086,0.047,14.4822,0.0459,13.129,0.032,12.784,0.035,12.68,0.027,14.3142,0.000779,14.6857,0.002862,13.7733,0.00243,12.59,0.061,12.599,0.059,12.197,,8.548,,Theia476,102.32929922807536,Kounkel2020,5718.0,0.900851,1.02
48955377,2.9264199175369887e+18,100.951871183522,-21.8467631400674,2.58358,10.4185,11.241,0.092,10.796,0.006,10.017,0.037,9.807,0.043,9.74,0.034,10.7162,0.000237,10.9398,0.000445,10.3732,0.0004,9.36,0.022,9.392,0.019,9.47,0.036,8.465,,Theia476,102.32929922807536,Kounkel2020,6765.0,1.77372,1.45
48956883,2.927097422858652e+18,100.979249401116,-20.8734577052419,1.35805,12.1879,12.927,0.018,12.422,0.08,11.767,0.023,11.618,0.021,11.589,0.021,12.4539,0.000218,12.646,0.001425,12.1277,0.001136,11.474,0.023,11.536,0.021,11.415,0.158,8.942,,Theia476,102.32929922807536,Kounkel2020,7319.0,1.40963,1.66
48957103,2.927108177456706e+18,100.945408087302,-20.7285428599698,1.40917,9.8568,9.761,0.044,9.784,0.004,9.823,0.024,9.833,0.022,9.833,0.019,9.79527,0.000388,9.79396,0.000949,9.81369,0.000826,9.793,0.023,9.846,0.021,9.841,0.046,8.506,,Theia476,102.32929922807536,Kounkel2020,12438.0,,
48957578,2.927222561026701e+18,100.948830414738,-20.4088282857372,1.39407,14.2055,16.14,0.026,14.962,0.092,13.317,0.026,12.833,0.025,12.726,0.029,14.8239,0.000313,15.355,0.002164,14.1523,0.001021,12.664,0.024,12.676,0.026,12.624,0.511,8.657,,Theia476,102.32929922807536,Kounkel2020,5173.0,0.994051,0.88
48947671,2.9271133657776456e+18,100.811565905405,-20.791702382006,1.428,12.8255,13.79,0.041,13.227,0.103,12.297,0.024,12.098,0.023,12.0,0.027,13.1812,0.00034,13.443,0.001345,12.7645,0.000974,12.002,0.023,12.008,0.021,11.854,0.247,8.924,,Theia476,102.32929922807536,Kounkel2020,6610.0,1.14344,1.38
48956814,2.927095567432826e+18,100.914555442171,-20.9167696032659,0.958892,16.2355,18.415,0.056,17.3818,0.0461,15.125,0.043,14.515,0.058,14.364,0.08,16.9739,0.000734,17.64,0.008873,16.1585,0.003961,14.216,0.027,14.222,0.043,12.66,,9.122,,Theia476,102.32929922807536,Kounkel2020,4510.0,0.730414,0.71
48956627,2.9269061421945467e+18,101.00641159487,-21.0306910934297,1.33868,14.6935,16.664,0.044,15.527,0.103,13.747,0.03,13.164,0.032,13.101,0.033,15.3524,0.000552,15.9334,0.00376,14.6342,0.00148,13.029,0.023,13.07,0.025,11.861,,8.806,,Theia476,102.32929922807536,Kounkel2020,4803.0,0.917389,0.78
49013623,2.9272252410861834e+18,101.052078460361,-20.2857410728603,1.27173,16.2007,18.447,0.05,17.5723,0.0464,14.96,0.035,14.242,0.045,14.045,0.059,17.0333,0.001353,17.8534,0.010456,16.1381,0.00379,14.106,0.028,14.16,0.046,12.67,,9.308,,Theia476,102.32929922807536,Kounkel2020,4168.0,0.683436,0.65
49013889,2.927219979742896e+18,101.107186493406,-20.4417260116289,1.4369,12.0873,12.745,0.019,12.35,0.057,11.68,0.023,11.552,0.023,11.493,0.021,12.332,0.00057,12.5062,0.002422,12.0295,0.00121,11.467,0.023,11.496,0.02,11.534,0.239,9.204,,Theia476,102.32929922807536,Kounkel2020,7348.0,1.3557,1.67
48949608,2.926398545779811e+18,100.898537334468,-22.0283904222923,1.51121,16.2691,18.774,0.054,17.8315,0.0465,15.121,0.041,14.271,0.04,14.212,0.066,17.2148,0.001211,18.1129,0.011174,16.2727,0.004348,14.2,0.028,14.19,0.044,12.597,,8.645,,Theia476,102.32929922807536,Kounkel2020,3923.0,0.585671,0.576238
48957433,2.9271271440321715e+18,100.968413149368,-20.5123575212178,1.41585,13.5671,14.792,0.024,14.055,0.08,12.961,0.026,12.674,0.033,12.599,0.029,14.0066,0.000674,14.3489,0.002304,13.5105,0.001804,12.544,0.024,12.555,0.025,12.107,0.369,8.937,0.446,Theia476,102.32929922807536,Kounkel2020,6030.0,0.942185,1.118
49005857,2.927270424141604e+18,100.935587770083,-20.318557954815,1.38391,14.9878,16.777,0.168,15.854,0.172,14.101,0.03,13.598,0.031,13.484,0.043,15.6224,0.00051,16.1792,0.003345,14.9353,0.001827,13.426,0.025,13.528,0.031,12.708,0.538,8.296,,Theia476,102.32929922807536,Kounkel2020,4931.0,0.736316,0.81
48957394,2.927123948576503e+18,101.005473345962,-20.5384092467126,1.33458,13.991,15.532,0.042,14.616,0.092,13.313,0.023,13.01,0.023,12.963,0.031,14.4568,0.00046,14.8218,0.002465,13.9315,0.00156,12.881,0.024,12.894,0.027,12.688,,9.112,,Theia476,102.32929922807536,Kounkel2020,5928.0,0.858337,1.08
49013595,2.927231249737074e+18,101.083341958886,-20.2706633933869,1.28105,11.1167,11.314,0.128,11.319,0.013,10.962,0.023,10.965,0.026,10.941,0.021,11.1407,0.000472,11.1857,0.001315,11.0715,0.001019,10.927,0.023,10.958,0.021,10.848,0.103,9.201,,Theia476,102.32929922807536,Kounkel2020,9864.0,1.75256,2.52
49014305,2.9271092082488064e+18,101.045501134564,-20.6970877042711,1.31113,12.9341,13.975,0.014,13.357,0.092,12.365,0.026,12.12,0.024,12.016,0.029,13.3093,0.000278,13.5881,0.001292,12.8716,0.001112,11.993,0.023,12.023,0.024,11.686,0.189,8.997,,Theia476,102.32929922807536,Kounkel2020,6569.0,1.21663,1.36
49014524,2.9271030879160945e+18,101.102998336523,-20.834924902379,1.59287,17.1478,20.077,0.173,19.1642,0.0553,15.754,0.065,15.067,0.073,14.756,0.122,18.2721,0.001764,19.4084,0.038913,17.1811,0.007588,13.697,0.024,13.732,0.039,12.381,,9.015,,Theia476,102.32929922807536,Kounkel2020,3596.0,0.478573,0.476484
48956894,2.927100240357209e+18,100.938092841264,-20.8627337003781,1.38259,12.9328,13.987,0.016,13.35,0.103,12.366,0.024,12.092,0.022,12.034,0.024,13.3147,0.000227,13.6008,0.001294,12.8735,0.000831,12.028,0.023,12.074,0.024,12.1,0.301,8.951,,Theia476,102.32929922807536,Kounkel2020,6416.0,1.17058,1.29
48957481,2.927218197339937e+18,101.021344531272,-20.4802480166062,1.43672,16.0243,18.958,0.163,17.6463,0.0467,14.764,0.028,14.117,0.033,14.032,0.061,16.9943,0.000776,17.9263,0.012624,16.0322,0.00317,13.91,0.027,13.94,0.037,12.243,,9.079,,Theia476,102.32929922807536,Kounkel2020,3869.0,0.638511,0.618442
49014071,2.9272053811576945e+18,101.155830312888,-20.5449062334419,1.31157,14.0341,15.455,0.02,14.653,0.149,13.299,0.023,12.901,0.027,12.895,0.03,14.5279,0.000531,14.9209,0.002206,13.9744,0.002315,12.817,0.023,12.818,0.026,12.222,,8.692,,Theia476,102.32929922807536,Kounkel2020,5676.0,0.908847,1.01
49084326,2.926913357739834e+18,101.175634565062,-20.9432493879231,1.41604,14.2331,16.128,0.079,15.027,0.092,13.392,0.024,12.911,0.023,12.819,0.033,14.8391,0.000472,15.3579,0.002533,14.1781,0.001285,12.778,0.024,12.821,0.026,12.337,0.396,8.754,,Theia476,102.32929922807536,Kounkel2020,5116.0,0.955348,0.86
49084357,2.9269108494788746e+18,101.264335102055,-20.9236618138668,1.40916,13.9445,15.272,0.014,14.505,0.057,13.278,0.026,12.959,0.027,12.919,0.034,14.4096,0.000779,14.7771,0.002982,13.8884,0.002129,12.876,0.024,12.908,0.029,12.703,,8.705,,Theia476,102.32929922807536,Kounkel2020,5944.0,0.829369,1.09
49084378,2.926912395667086e+18,101.262414258205,-20.9001328091119,1.32194,15.1979,17.233,0.388,16.046,0.137,14.192,0.03,13.588,0.029,13.563,0.038,15.8642,0.001635,16.4521,0.006318,15.1395,0.00599,13.416,0.024,13.441,0.029,12.325,,9.161,,Theia476,102.32929922807536,Kounkel2020,4823.0,0.742306,0.78
48957107,2.92710834925582e+18,101.001951298681,-20.7261571028341,1.33206,14.2248,15.703,0.019,14.772,0.114,13.521,0.022,13.141,0.035,13.121,0.029,14.7283,0.000731,15.1348,0.003197,14.1692,0.002272,13.055,0.023,13.085,0.029,12.371,,8.887,,Theia476,102.32929922807536,Kounkel2020,5691.0,0.830365,1.01
49014446,2.927104088647806e+18,101.11643558572,-20.783330476163,1.37705,15.516,19.466,0.166,16.082,0.149,14.468,0.043,13.828,0.034,13.798,0.059,16.2112,0.0021,16.831,0.00874,15.447,0.005711,,,,,,,,,Theia476,102.32929922807536,Kounkel2020,4626.0,0.6597,0.73
49014511,2.927102954776452e+18,101.140998816344,-20.8279346422421,1.29511,14.9519,16.821,0.047,15.735,0.058,14.084,0.03,13.527,0.028,13.5,0.043,15.5737,0.000531,16.1092,0.002628,14.8925,0.002271,13.436,0.025,13.548,0.036,12.672,,8.753,,Theia476,102.32929922807536,Kounkel2020,4972.0,0.780392,0.82
49084276,2.9269096468880666e+18,101.266742401055,-20.9779836297474,0.976919,15.5217,17.688,0.046,16.255,0.195,14.556,0.03,13.924,0.038,14.104,0.072,16.1889,0.000535,16.7778,0.00489,15.4631,0.001655,13.877,0.026,13.934,0.037,12.664,0.459,9.031,,Theia476,102.32929922807536,Kounkel2020,4821.0,0.861835,0.78
49084483,2.926915861700004e+18,101.242486215429,-20.831993046598,1.35621,17.0518,19.969,0.175,18.9056,0.0499,15.703,0.07,15.002,0.07,14.662,0.104,18.111,0.001476,19.1735,0.026197,17.0751,0.005849,14.773,0.031,14.779,0.059,12.736,,9.137,,Theia476,102.32929922807536,Kounkel2020,3690.0,0.550539,0.545739
49084596,2.927105050720432e+18,101.221571033028,-20.7655548175017,1.26187,10.9432,11.101,0.119,10.834,0.009,10.672,0.023,10.626,0.023,10.551,0.019,11.0497,0.000654,11.1439,0.001195,10.8901,0.000562,10.526,0.023,10.548,0.02,10.625,0.086,8.61,,Theia476,102.32929922807536,Kounkel2020,8918.0,2.18145,2.25
48754248,2.927141334603795e+18,100.463505106273,-20.723300855282,1.38902,11.7835,12.245,0.287,12.178,0.026,11.453,0.023,11.367,0.023,11.34,0.021,11.9748,0.000379,12.1136,0.00118,11.7305,0.000833,11.327,0.023,11.34,0.022,11.242,0.139,8.933,,Theia476,102.32929922807536,Kounkel2020,7735.0,1.49701,1.823
48884900,2.9271746635497523e+18,100.705080352773,-20.4521319429376,1.4189,14.8294,17.252,0.043,15.858,0.172,13.739,0.024,13.143,0.031,13.004,0.031,15.5346,0.002004,16.1666,0.007259,14.7644,0.004736,12.961,0.024,13.026,0.028,11.757,0.268,8.651,,Theia476,102.32929922807536,Kounkel2020,4647.0,0.88853,0.74
48808329,2.9264949592070364e+18,100.577949737171,-21.4202954178776,1.334,15.0311,17.169,0.044,15.813,1.133,14.151,0.026,13.615,0.031,13.506,0.037,15.685,0.000429,16.2631,0.002737,14.981,0.001048,13.441,0.025,13.508,0.034,12.074,,9.205,,Theia476,102.32929922807536,Kounkel2020,4935.0,0.768697,0.81
48946614,2.927284030597888e+18,100.911481609594,-20.1006394087968,1.66712,14.0092,15.599,0.054,14.61,0.103,13.268,0.024,12.815,0.021,12.78,0.026,14.5531,0.000333,15.0007,0.001466,13.9549,0.001024,12.724,0.024,12.758,0.025,11.854,,8.862,,Theia476,102.32929922807536,Kounkel2020,5692.0,0.779672,1.01
48946615,2.9272900435521254e+18,100.848532663065,-20.1022425607018,1.36128,14.0662,15.826,0.072,14.761,0.16,13.153,0.023,12.683,0.026,12.57,0.026,14.6599,0.001047,15.1611,0.003667,14.0043,0.003412,12.555,0.024,12.606,0.024,12.386,0.472,9.091,0.511,Theia476,102.32929922807536,Kounkel2020,5074.0,1.05906,0.85
49013942,2.927218403498332e+18,101.092454313946,-20.4690408927855,1.40245,16.709,19.785,0.167,18.4254,0.0478,15.406,0.047,14.733,0.041,14.559,0.089,17.7188,0.001109,18.6977,0.019017,16.7229,0.003955,14.502,0.029,14.52,0.051,12.759,,8.772,,Theia476,102.32929922807536,Kounkel2020,3793.0,0.554709,0.54947
49014590,2.9271025424596403e+18,101.061657127732,-20.8709742862936,1.8028,17.0684,20.338,0.17,19.2533,0.053,15.57,0.057,14.941,0.083,14.649,0.105,18.24,0.001774,19.4914,0.031695,17.1134,0.003759,14.581,0.03,14.559,0.056,12.707,,9.08,,Theia476,102.32929922807536,Kounkel2020,3501.0,0.453042,0.4498
49015370,2.926859550389899e+18,101.090211913151,-21.3898480674296,1.3339,15.9263,18.473,0.05,17.2064,0.046,14.827,0.035,14.118,0.038,13.95,0.045,16.7202,0.000766,17.4954,0.00607,15.8703,0.002679,14.019,0.026,14.119,0.041,12.814,,8.567,,Theia476,102.32929922807536,Kounkel2020,4261.0,0.682564,0.67
48957159,2.927110032882532e+18,101.015139292974,-20.6828688833588,1.32898,15.422,18.455,0.162,16.613,1.133,14.285,0.026,13.566,0.022,13.448,0.049,16.2524,0.001025,17.0695,0.006346,15.3662,0.002914,13.33,0.025,13.29,0.03,12.154,0.335,8.794,,Theia476,102.32929922807536,Kounkel2020,4220.0,0.918317,0.66
49014227,2.927203422652471e+18,101.166029902207,-20.6559126298238,1.20839,15.3817,17.127,0.051,16.266,0.137,14.357,0.036,13.751,0.04,13.628,0.049,16.0786,0.000589,16.6814,0.006449,15.2971,0.002083,13.547,0.025,13.629,0.034,12.456,0.439,8.644,,Theia476,102.32929922807536,Kounkel2020,4665.0,0.79595,0.74
49014367,2.9271059784333875e+18,101.121360053001,-20.7283157620328,1.55612,16.8522,20.125,0.171,18.7316,0.0501,15.458,0.059,14.741,0.076,14.386,0.084,17.9342,0.001375,18.9781,0.025617,16.8759,0.00988,14.58,0.031,14.602,0.052,12.264,0.315,8.53,,Theia476,102.32929922807536,Kounkel2020,3687.0,0.54631,0.541924
49014550,2.92710264553885e+18,101.048900046701,-20.8476928148227,1.3291,12.509,13.343,0.01,12.789,0.092,12.067,0.026,11.899,0.024,11.845,0.024,12.8127,0.000245,13.0324,0.001077,12.4493,0.000891,11.801,0.022,11.812,0.023,12.221,0.338,8.871,,Theia476,102.32929922807536,Kounkel2020,6962.0,1.31178,1.52
49014685,2.926908616095701e+18,101.074494508092,-20.9292706645024,1.41525,16.2044,18.801,0.058,17.5615,0.0467,14.979,0.046,14.334,0.047,14.12,0.061,17.0303,0.001227,17.8394,0.01374,16.137,0.005022,14.152,0.028,14.174,0.042,12.633,,8.84,,Theia476,102.32929922807536,Kounkel2020,4166.0,0.60825,0.65
49016208,2.9267812789065687e+18,101.151283857638,-21.9298690020866,1.32991,15.0558,16.97,0.112,15.883,0.149,14.193,0.026,13.741,0.04,13.69,0.046,15.6444,0.000324,16.1466,0.001886,15.001,0.001323,13.668,0.025,13.718,0.035,12.888,,9.205,,Theia476,102.32929922807536,Kounkel2020,5104.0,0.680052,0.86
49013663,2.927225138006979e+18,101.051918132293,-20.3060737782964,1.37164,15.0865,17.461,0.044,16.365,0.195,13.89,0.026,13.288,0.031,13.239,0.034,15.8481,0.000862,16.5637,0.003806,15.0255,0.002234,13.158,0.024,13.19,0.028,12.294,0.381,8.939,,Theia476,102.32929922807536,Kounkel2020,4428.0,0.905777,0.69
49013842,2.927220465082572e+18,101.164420497747,-20.4128117608431,1.31763,9.2222,9.13,0.031,9.174,0.003,9.127,,9.246,0.035,9.205,0.053,9.15099,0.000411,9.1441,0.001064,9.18417,0.00106,9.121,0.024,9.122,0.022,9.138,0.032,8.722,,Theia476,102.32929922807536,Kounkel2020,12325.0,,
49014163,2.927204522164099e+18,101.112720608747,-20.6169440587547,1.42911,14.8308,16.598,0.045,15.485,0.035,13.995,0.028,13.502,0.03,13.464,0.039,15.4191,0.00064,15.9177,0.003125,14.7736,0.001896,13.358,0.025,13.412,0.03,12.626,,9.119,,Theia476,102.32929922807536,Kounkel2020,5130.0,0.69995,0.86
49015051,2.9268887561673523e+18,101.128353890396,-21.1871553259824,1.39864,14.4814,16.082,0.023,15.123,0.126,13.737,0.024,13.307,0.028,13.248,0.041,15.0215,0.000551,15.4645,0.004129,14.4239,0.00182,13.129,0.025,13.2,0.029,12.617,0.524,8.882,,Theia476,102.32929922807536,Kounkel2020,5464.0,0.756668,0.955
49015106,2.926888206411581e+18,101.083705364658,-21.2160902118144,0.756111,15.7012,16.784,0.082,16.4824,0.0459,14.846,0.073,14.428,0.089,14.358,0.091,16.2578,0.000587,16.6992,0.003105,15.6256,0.003145,14.309,0.039,14.35,0.059,12.285,,8.698,,Theia476,102.32929922807536,Kounkel2020,5453.0,0.80662,0.95
49083685,2.926859034993758e+18,101.200449470199,-21.3782479485646,1.27891,15.5166,17.714,0.051,16.442,0.217,14.428,0.036,13.916,0.039,13.706,0.044,16.2359,0.000674,16.8454,0.008744,15.4093,0.008312,13.68,0.025,13.814,0.034,12.133,,8.979,,Theia476,102.32929922807536,Kounkel2020,4580.0,0.738755,0.72
49084344,2.926910780759422e+18,101.224933056814,-20.9329027842024,1.25543,16.3378,19.391,0.163,18.0336,0.0471,14.973,0.033,14.246,0.036,14.291,0.07,17.3414,0.001376,18.3041,0.015072,16.3503,0.004214,14.121,0.026,14.138,0.04,12.562,,8.856,,Theia476,102.32929922807536,Kounkel2020,3812.0,0.644929,0.623312
49016083,2.926794438685998e+18,101.087946329417,-21.8503002008855,1.07872,15.4954,17.319,0.046,16.157,0.252,14.592,0.029,14.033,0.05,14.093,0.064,16.1204,0.000412,16.6618,0.00411,15.4358,0.001296,13.942,0.027,14.022,0.039,12.631,,9.152,,Theia476,102.32929922807536,Kounkel2020,4908.0,0.736161,0.8
49083610,2.9268583134392955e+18,101.18510686391,-21.4289500882,1.35254,14.5789,16.187,0.101,15.348,0.057,13.853,0.029,13.42,0.033,13.301,0.03,15.1298,0.000489,15.5902,0.002383,14.524,0.001796,13.304,0.025,13.326,0.032,12.38,,9.101,,Theia476,102.32929922807536,Kounkel2020,5259.0,0.775008,0.9
49084226,2.926908989752213e+18,101.272406821646,-21.0029508886566,1.51896,16.9453,19.176,0.064,18.7578,0.0542,15.513,0.053,14.844,0.082,14.552,0.084,18.0284,0.001668,18.9692,0.040221,16.9616,0.0078,,,,,,,,,Theia476,102.32929922807536,Kounkel2020,3764.0,0.527791,0.52484
49084408,2.926914938287752e+18,101.181153331566,-20.878984117943,1.38679,16.1509,18.449,0.057,17.4938,0.0462,14.954,0.044,14.273,0.041,14.234,0.09,16.9712,0.000852,17.7783,0.009288,16.0905,0.003456,14.098,0.025,14.253,0.042,12.624,,9.193,,Theia476,102.32929922807536,Kounkel2020,4189.0,0.627175,0.66
49084544,2.9269169655121167e+18,101.207276286713,-20.7946346207739,1.42139,11.0874,11.084,0.12,10.978,0.011,10.934,0.023,10.913,0.023,10.882,0.021,11.124,0.000719,11.1736,0.001434,11.0455,0.000687,10.83,0.022,10.885,0.02,10.832,0.124,8.725,,Theia476,102.32929922807536,Kounkel2020,9413.0,1.63478,2.39
49084924,2.9272041442069125e+18,101.243182241148,-20.5877199726115,1.29452,15.6395,17.919,0.045,16.464,0.286,14.602,0.028,13.987,0.033,13.908,0.053,16.3668,0.002001,17.0355,0.008647,15.5803,0.006597,,,,,,,,,Theia476,102.32929922807536,Kounkel2020,4548.0,0.700308,0.72
49085008,2.92720603399249e+18,101.255056672495,-20.5355329967437,1.52737,16.6142,19.699,0.167,18.2936,0.0479,15.22,0.047,14.61,0.067,14.345,0.066,17.6187,0.001371,18.5528,0.019421,16.6244,0.005694,14.429,0.029,14.541,0.05,12.506,,8.69,,Theia476,102.32929922807536,Kounkel2020,3836.0,0.559626,0.553831
49016909,2.925635175473794e+18,101.086792892876,-22.3840643510594,1.3857,11.848,12.386,0.203,12.094,0.046,11.525,0.023,11.42,0.021,11.334,0.019,12.048,0.000216,12.1912,0.000953,11.7951,0.00046,11.323,0.023,11.359,0.022,11.543,0.175,9.004,,Theia476,102.32929922807536,Kounkel2020,7607.0,1.47181,1.77
49083787,2.926883018091049e+18,101.285490518071,-21.3095728611525,1.3825,15.5136,17.809,0.044,16.647,0.172,14.552,0.026,13.927,0.031,13.781,0.049,16.226,0.000703,16.8786,0.004674,15.456,0.002078,13.747,0.026,13.799,0.037,12.792,0.507,8.89,,Theia476,102.32929922807536,Kounkel2020,4580.0,0.67826,0.72
49084514,2.926916999871968e+18,101.249617830157,-20.814634849508,1.4078,12.784,13.733,0.012,13.131,0.092,12.287,0.023,12.071,0.023,12.063,0.026,13.1271,0.000264,13.3777,0.001202,12.7225,0.000994,12.008,0.023,12.021,0.022,11.908,0.234,8.653,,Theia476,102.32929922807536,Kounkel2020,6696.0,1.1588,1.42
49084810,2.92720074259285e+18,101.238849974611,-20.6487072536763,1.34341,14.5012,16.051,0.079,15.129,0.035,13.709,0.024,13.357,0.027,13.204,0.04,15.0487,0.000872,15.5024,0.003587,14.4463,0.002641,13.168,0.025,13.244,0.028,12.296,,9.101,,Theia476,102.32929922807536,Kounkel2020,5415.0,0.792374,0.942
49084854,2.9272008113123026e+18,101.274986617514,-20.6299343425545,1.31032,15.8837,18.481,0.053,16.591,0.686,14.784,0.039,14.126,0.038,14.02,0.066,16.6581,0.000807,17.385,0.009216,15.8186,0.002666,13.952,0.027,14.038,0.044,12.341,,9.191,,Theia476,102.32929922807536,Kounkel2020,4405.0,0.670803,0.69
49084928,2.9272042429842934e+18,101.184247440103,-20.5857468338935,1.4157,15.4461,17.351,0.047,16.377,1.133,14.439,0.03,13.892,0.031,13.727,0.053,16.1394,0.00111,16.7654,0.004946,15.3864,0.003173,13.705,0.025,13.851,0.031,12.781,,8.83,,Theia476,102.32929922807536,Kounkel2020,4642.0,0.660018,0.74
49085119,2.927218918894377e+18,101.166603196705,-20.468855260141,1.40552,16.6911,20.368,0.167,18.6445,0.0504,15.352,0.048,14.519,0.051,14.368,0.08,17.798,0.001183,18.888,0.027216,16.7201,0.004802,14.149,0.027,14.212,0.038,12.697,,8.925,,Theia476,102.32929922807536,Kounkel2020,3638.0,0.587249,0.577559
49084682,2.927199368203346e+18,101.22089162476,-20.7088912261142,1.16558,16.3785,19.127,0.059,17.9372,0.0474,15.138,0.047,14.462,0.042,14.175,0.063,17.3273,0.002707,18.2108,0.016359,16.3813,0.008324,14.28,0.029,14.331,0.047,12.597,,9.163,,Theia476,102.32929922807536,Kounkel2020,3935.0,0.69823,0.662231
49084894,2.927203663170612e+18,101.183505330224,-20.6092631445672,1.3066,14.0009,15.732,0.059,14.743,0.069,13.205,0.026,12.734,0.025,12.599,0.029,14.5664,0.00101,15.0365,0.003291,13.9418,0.002384,12.6,0.024,12.634,0.025,12.505,,8.85,,Theia476,102.32929922807536,Kounkel2020,5283.0,1.06632,0.91
49084995,2.927205278078285e+18,101.169556523048,-20.5431217905193,1.31693,16.051,18.476,0.048,17.6271,0.0463,14.811,0.032,14.161,0.035,14.012,0.062,17.0051,0.001306,17.9038,0.009167,16.0554,0.004174,13.898,0.026,13.852,0.037,12.785,,8.513,,Theia476,102.32929922807536,Kounkel2020,3915.0,0.678308,0.647951
49085080,2.927206549388534e+18,101.270628374767,-20.4926286933086,1.48425,16.91,19.996,0.168,18.7565,0.0485,15.537,0.051,14.934,0.065,14.629,0.105,17.9829,0.001728,19.0006,0.020993,16.9311,0.005402,14.649,0.031,14.697,0.053,12.198,0.307,9.122,,Theia476,102.32929922807536,Kounkel2020,3713.0,0.522499,0.519845
49085091,2.927207133504349e+18,101.206827084661,-20.4853890917401,1.38086,11.3887,11.652,0.164,11.48,0.014,11.153,0.026,11.108,0.022,11.064,0.021,11.466,0.000457,11.5328,0.001365,11.3367,0.001078,11.053,0.023,11.062,0.021,11.045,0.129,8.974,,Theia476,102.32929922807536,Kounkel2020,8935.0,1.55666,2.25
49085128,2.927218953254108e+18,101.184411720299,-20.4647538058,1.29049,11.8744,12.653,0.011,12.161,0.057,11.45,0.026,11.266,0.022,11.186,0.021,12.1561,0.000328,12.3625,0.001172,11.8139,0.000772,11.118,0.023,11.161,0.02,11.459,0.169,9.092,,Theia476,102.32929922807536,Kounkel2020,7297.0,1.7507,1.65
49085796,2.927304921318697e+18,101.214146480381,-20.0690065494805,0.418842,16.5708,17.926,0.078,17.3615,0.046,15.739,0.068,15.24,0.104,14.951,0.13,17.1327,0.000819,17.6025,0.006977,16.5178,0.003548,,,,,,,,,Theia476,102.32929922807536,Kounkel2020,5415.0,0.956072,0.94
49014118,2.927122745985664e+18,101.052424859569,-20.5852010739818,,14.0119,15.428,0.059,14.69,0.149,13.233,0.029,12.788,0.03,12.729,0.03,14.5185,0.001234,14.8786,0.00262,13.9017,0.002516,12.669,0.024,12.674,0.026,11.978,,8.906,,Theia476,102.32929922807536,Kounkel2020,,,
49014119,2.9272046939627653e+18,101.147926989839,-20.5860019577313,1.28784,15.8438,17.16,0.059,17.0629,0.046,14.777,0.047,14.138,0.047,13.999,0.065,16.6133,0.000698,17.3435,0.005064,15.7839,0.002708,13.893,0.027,13.929,0.038,12.74,,8.533,,Theia476,102.32929922807536,Kounkel2020,4384.0,0.691644,0.69
49015205,2.9268641202297006e+18,101.043290283053,-21.2852996973817,0.707396,15.6503,16.295,0.053,16.385,0.0459,14.884,0.039,14.569,0.058,14.406,0.073,16.1805,0.000557,16.6119,0.003328,15.5928,0.002412,14.408,0.039,14.485,0.06,11.872,,8.768,,Theia476,102.32929922807536,Kounkel2020,5614.0,0.835475,0.99
49015327,2.9268626084066e+18,101.076376417645,-21.3611581925027,0.699685,14.9996,16.92,0.046,15.878,0.013,14.189,0.029,13.79,0.038,13.735,0.045,15.5577,0.000422,16.02,0.002565,14.9407,0.001586,13.678,0.026,13.842,0.039,12.672,,8.998,,Theia476,102.32929922807536,Kounkel2020,5308.0,1.21976,0.91
49083977,2.926888824887681e+18,101.166256248162,-21.1720370632446,1.18168,15.5877,17.9,0.052,16.5873,0.0459,14.699,0.038,14.128,0.043,13.993,0.064,16.257,0.000568,16.8543,0.005338,15.5304,0.001885,13.989,0.027,14.061,0.04,12.734,,9.112,,Theia476,102.32929922807536,Kounkel2020,4739.0,0.703901,0.76
49084764,2.927200257256426e+18,101.231121172884,-20.6713736754744,,13.2486,14.685,0.05,13.744,0.103,12.536,0.022,12.21,0.022,12.12,0.021,13.7393,0.000656,14.1352,0.002311,13.1916,0.001707,12.109,0.023,12.139,0.022,11.831,,8.8,,Theia476,102.32929922807536,Kounkel2020,,,
49084768,2.9271995400020137e+18,101.25108114386,-20.6690687577574,1.3883,11.5558,11.9,0.008,11.661,0.057,11.265,0.022,11.216,0.022,11.156,0.019,11.6735,0.000423,11.7643,0.001573,11.5012,0.000817,11.193,0.024,11.197,0.022,11.173,0.135,9.174,,Theia476,102.32929922807536,Kounkel2020,8489.0,1.52077,2.11
48947190,2.9271277968672225e+18,100.875925611978,-20.4913165823501,1.34143,13.3048,14.457,0.042,13.744,0.08,12.749,0.027,12.444,0.024,12.409,0.027,13.7056,0.000266,14.009,0.001238,13.2459,0.000878,12.354,0.023,12.334,0.025,12.264,,8.971,,Theia476,102.32929922807536,Kounkel2020,6264.0,1.04842,1.22
48947604,2.927102233221994e+18,100.905864948353,-20.7526188290886,1.36677,14.4014,15.671,0.084,15.126,0.217,13.659,0.028,13.217,0.033,13.192,0.041,14.9371,0.001335,15.3763,0.004792,14.3424,0.003501,12.903,0.023,12.928,0.027,11.906,0.266,8.898,,Theia476,102.32929922807536,Kounkel2020,5356.0,0.806691,0.93
48947881,2.927095567432836e+18,100.90367917045,-20.9245440028885,1.40887,14.5215,16.72,0.0,15.311,0.08,13.533,0.026,13.001,0.026,12.893,0.031,15.1895,0.00057,15.7786,0.005371,14.4569,0.001698,12.826,0.023,12.84,0.025,11.929,0.24,9.007,0.498,Theia476,102.32929922807536,Kounkel2020,4734.0,0.968141,0.76
48954474,2.925610951857291e+18,101.015485133875,-22.4679051489502,1.38553,14.7004,15.98,-0.038,15.353,0.103,13.895,0.057,13.414,0.082,13.457,0.055,15.2777,0.000313,15.7648,0.001566,14.643,0.000957,,,,,,,,,Theia476,102.32929922807536,Kounkel2020,5143.0,0.753025,0.87
49013411,2.9272799761487227e+18,101.103683463819,-20.1565378519041,1.3097,11.7685,12.105,0.269,12.165,0.029,11.466,0.023,11.381,0.024,11.341,0.023,11.9492,0.000387,12.0805,0.001142,11.7096,0.001055,11.31,0.023,11.314,0.021,11.584,0.21,8.966,,Theia476,102.32929922807536,Kounkel2020,7987.0,1.58182,1.93
49013775,2.9272234543798195e+18,101.089819584121,-20.3736439318307,0.533193,16.3067,17.855,0.071,17.0844,0.0459,15.502,0.061,15.129,0.074,14.939,0.13,16.8618,0.000578,17.3171,0.004723,16.2488,0.003265,15.014,0.035,15.102,0.07,12.71,,9.248,,Theia476,102.32929922807536,Kounkel2020,5662.0,0.836667,1.01
49013849,2.927220224564432e+18,101.110770197442,-20.4191806853868,1.41074,14.9683,17.061,0.047,15.902,0.126,14.088,0.03,13.634,0.022,13.513,0.045,15.5696,0.001405,16.0781,0.008463,14.9059,0.003254,13.522,0.026,13.578,0.035,12.438,0.403,8.637,,Theia476,102.32929922807536,Kounkel2020,5066.0,0.683414,0.85
49083074,2.926784783599835e+18,101.185948790199,-21.7970944682459,1.89109,11.4852,13.046,0.024,12.134,0.046,10.729,0.023,10.356,0.023,10.244,0.021,12.0182,0.000159,12.4625,0.000691,11.4332,0.000442,10.182,0.023,10.243,0.021,10.145,0.063,8.445,,Theia476,102.32929922807536,Kounkel2020,5320.0,2.24471,0.917
49084200,2.926908856614134e+18,101.24458015226,-21.0272318486753,0.987731,16.2217,18.523,0.054,17.316,0.046,15.185,0.04,14.669,0.053,14.451,0.087,16.9374,0.000755,17.593,0.006331,16.169,0.002412,14.511,0.029,14.612,0.051,12.809,,8.843,,Theia476,102.32929922807536,Kounkel2020,4634.0,0.680628,0.74
49084262,2.9269100248452086e+18,101.236363876785,-20.982575402156,1.38589,13.7659,15.052,0.046,14.305,0.114,13.109,0.024,12.79,0.023,12.672,0.029,14.2232,0.000481,14.5796,0.002013,13.7061,0.001802,12.653,0.024,12.698,0.025,12.203,,8.951,,Theia476,102.32929922807536,Kounkel2020,5972.0,0.903808,1.1
49084443,2.926915591122712e+18,101.274107137013,-20.8554622775701,1.38602,14.2468,15.728,0.026,15.063,0.412,13.571,0.028,13.106,0.033,13.021,0.035,14.7664,0.00113,15.1849,0.004426,14.1865,0.002779,12.911,0.024,12.941,0.026,12.165,,9.092,,Theia476,102.32929922807536,Kounkel2020,5587.0,0.816536,0.99
49084678,2.9271991276851743e+18,101.244146469336,-20.7106199178983,1.39247,16.3384,18.554,0.051,17.8381,0.0476,15.025,0.037,14.423,0.049,14.195,0.075,17.2647,0.001628,18.1082,0.019888,16.3366,0.004609,13.982,0.026,13.968,0.038,12.686,,8.369,,Theia476,102.32929922807536,Kounkel2020,3998.0,0.621148,0.60501
49084752,2.927199849239654e+18,101.274834935498,-20.6773980138515,1.50411,10.721,10.798,0.101,10.753,0.01,10.56,0.022,10.56,0.023,10.547,0.021,10.7283,0.000544,10.7622,0.001527,10.6753,0.000757,10.542,0.023,10.566,0.021,10.713,0.103,9.029,,Theia476,102.32929922807536,Kounkel2020,10125.0,1.74583,2.6
49084886,2.927202323140773e+18,101.29335417776,-20.6145323425217,1.40142,16.7146,20.159,0.165,18.8848,0.0504,15.22,0.041,14.56,0.055,14.316,0.073,17.8964,0.001546,19.1053,0.024597,16.7575,0.006461,14.278,0.029,14.17,0.043,11.909,,8.745,,Theia476,102.32929922807536,Kounkel2020,3519.0,0.598499,0.586862
49084399,2.926914182373505e+18,101.197232456511,-20.8885765011107,1.42468,11.0671,11.063,0.123,10.975,0.011,10.881,0.023,10.872,0.022,10.828,0.023,11.1223,0.000529,11.1859,0.001488,11.0174,0.001032,10.805,0.022,10.834,0.022,10.749,0.102,8.967,,Theia476,102.32929922807536,Kounkel2020,9546.0,1.68845,2.43
49085024,2.927206755547008e+18,101.211036456746,-20.526360350801,1.34584,13.7972,15.116,0.018,14.288,0.103,13.183,0.023,12.856,0.027,12.788,0.029,14.2418,0.000384,14.5874,0.001658,13.739,0.001203,12.765,0.024,12.789,0.026,12.467,0.441,8.907,,Theia476,102.32929922807536,Kounkel2020,6046.0,0.896232,1.12
49085191,2.9272195373696174e+18,101.239039750662,-20.4304765904583,1.57283,10.8407,10.941,0.101,10.842,0.009,10.702,0.026,10.671,0.022,10.673,0.021,10.8416,0.000507,10.8713,0.001861,10.8008,0.001032,10.659,0.023,10.691,0.02,10.685,0.093,8.317,,Theia476,102.32929922807536,Kounkel2020,9963.0,1.57189,2.55
49085534,2.9272292268157066e+18,101.293360969856,-20.2278728774661,1.62827,16.9102,19.173,0.07,18.9424,0.0494,15.529,0.059,14.812,0.083,14.73,0.109,18.0661,0.001536,19.149,0.022621,16.9421,0.006578,14.418,0.031,14.516,0.053,11.944,,8.903,,Theia476,102.32929922807536,Kounkel2020,3610.0,0.474075,0.471859
49085656,2.927233796660883e+18,101.271767051099,-20.1596618262055,1.32305,15.9809,18.353,0.051,17.2925,0.0461,14.83,0.037,14.234,0.047,14.066,0.064,16.789,0.000776,17.5815,0.006641,15.9263,0.002673,14.071,0.028,14.13,0.042,12.606,,9.108,,Theia476,102.32929922807536,Kounkel2020,4249.0,0.687037,0.66
49084480,2.92691617523159e+18,101.271800781497,-20.8336650002518,1.46389,10.9892,10.993,0.121,10.894,0.011,10.801,0.023,10.769,0.025,10.762,0.019,11.0359,0.000528,11.0899,0.001705,10.9444,0.000838,10.73,0.023,10.748,0.02,10.71,0.085,8.577,,Theia476,102.32929922807536,Kounkel2020,9313.0,1.68844,2.36
49084657,2.9271990933254395e+18,101.235411819372,-20.7251162358955,1.3137,11.9614,12.151,0.27,12.173,0.069,11.593,0.023,11.472,0.023,11.453,0.023,12.1825,0.000596,12.3413,0.002161,11.9049,0.001314,11.427,0.023,11.453,0.022,11.303,0.143,8.615,,Theia476,102.32929922807536,Kounkel2020,7556.0,1.51714,1.75
49084699,2.927106322030739e+18,101.172010677718,-20.7023550409164,1.38521,15.4755,17.811,0.051,16.577,1.133,14.545,0.037,13.93,0.048,13.814,0.043,16.1809,0.001376,16.8244,0.006934,15.4245,0.004728,13.774,0.026,13.742,0.036,12.424,,8.926,,Theia476,102.32929922807536,Kounkel2020,4681.0,0.673581,0.75
49084845,2.92720008975779e+18,101.293356509352,-20.633555619099,1.26859,14.3791,15.896,0.057,14.955,0.069,13.648,0.024,13.205,0.033,13.211,0.027,14.8946,0.000511,15.3113,0.002619,14.3213,0.001587,13.202,0.025,13.289,0.032,12.534,,8.472,,Theia476,102.32929922807536,Kounkel2020,5627.0,0.829972,1.0
49085606,2.9272329033077064e+18,101.254642614586,-20.188737477223,1.28042,11.906,12.597,0.309,11.861,0.022,11.561,0.024,11.452,0.022,11.418,0.019,12.113,0.000262,12.2602,0.001038,11.8484,0.000731,11.304,0.022,11.332,0.022,11.079,0.122,8.162,,Theia476,102.32929922807536,Kounkel2020,7662.0,1.56545,1.79
49182611,2.9272587718890547e+18,101.407483938548,-20.0557347751,1.19354,11.6769,12.366,0.286,11.885,0.02,11.353,0.023,11.23,0.022,11.207,0.023,11.8468,0.000337,11.9706,0.001077,11.6181,0.001163,11.177,0.023,11.192,0.021,11.071,0.139,8.828,,Theia476,102.32929922807536,Kounkel2020,8080.0,1.78417,1.96
49085113,2.927207374022249e+18,101.257075367378,-20.4734752620188,1.35707,15.4117,17.614,0.045,16.537,0.172,14.328,0.027,13.726,0.025,13.583,0.044,16.1353,0.001481,16.7938,0.007814,15.3445,0.003961,13.534,0.026,13.577,0.033,12.077,,9.095,,Theia476,102.32929922807536,Kounkel2020,4534.0,0.738966,0.71
49085644,2.927280418524232e+18,101.181124825977,-20.1646461803956,1.22579,10.4896,10.539,0.069,10.488,0.006,10.333,0.023,10.331,0.022,10.29,0.021,10.4794,0.00038,10.5041,0.000635,10.4413,0.000742,10.314,0.022,10.341,0.022,10.393,0.067,8.602,,Theia476,102.32929922807536,Kounkel2020,10663.0,2.29318,2.76
49183234,2.9272098479233454e+18,101.402748512615,-20.4595895222337,1.46488,16.9447,20.198,0.173,18.7187,0.0495,15.727,0.064,15.025,0.072,14.886,0.121,17.9856,0.001251,18.9741,0.025733,16.9613,0.005109,14.724,0.031,14.821,0.057,12.389,,8.432,,Theia476,102.32929922807536,Kounkel2020,3760.0,0.485864,0.483912
49183337,2.9272090576493896e+18,101.409340735359,-20.5125159243158,1.3634,9.3945,9.251,0.035,9.332,0.004,9.413,0.023,9.431,0.023,9.455,0.021,9.30925,0.000422,9.29363,0.001031,9.35343,0.000788,9.44,0.023,9.491,0.02,9.516,0.036,8.456,,Theia476,102.32929922807536,Kounkel2020,13082.0,,
49183420,2.927202937317461e+18,101.32687117334,-20.5621260653237,1.31784,13.6037,,,13.922,0.08,12.897,0.04,12.602,0.067,12.517,0.045,14.0372,0.000506,14.3618,0.004812,13.5349,0.002906,,,,,,,,,Theia476,102.32929922807536,Kounkel2020,6111.0,0.981182,1.15
49183452,2.9272018764641203e+18,101.382070801358,-20.5831042315518,1.34936,14.926,17.31,0.045,15.639,0.103,14.048,0.028,13.618,0.023,13.574,0.049,15.5265,0.000608,16.0348,0.002507,14.8651,0.001606,13.435,0.024,13.569,0.031,12.692,,9.146,,Theia476,102.32929922807536,Kounkel2020,5088.0,0.725168,0.85
49013931,2.9272186096567767e+18,101.051701923511,-20.4639103529597,0.709262,16.4427,18.36,0.063,17.4458,0.046,15.394,0.051,14.924,0.066,14.839,0.104,17.1155,0.001055,17.7103,0.007629,16.3862,0.004118,14.835,0.032,14.875,0.064,12.72,,9.05,,Theia476,102.32929922807536,Kounkel2020,4851.0,0.776353,0.79
49083709,2.926859859627483e+18,101.169627726458,-21.3607411651219,1.46529,15.4988,17.702,-0.175,16.581,1.133,14.503,0.032,13.877,0.035,13.714,0.049,16.2264,0.00064,16.8944,0.007118,15.4318,0.001642,13.71,0.026,13.793,0.038,12.771,,8.672,,Theia476,102.32929922807536,Kounkel2020,4490.0,0.665357,0.7
49084397,2.9269125331060204e+18,101.282794231911,-20.8896522629511,1.31031,10.8372,10.838,0.104,10.889,0.011,10.674,0.023,10.621,0.023,10.663,0.021,10.8633,0.000422,10.9077,0.000944,10.7902,0.000746,10.619,0.023,10.638,0.02,10.636,0.078,9.098,0.502,Theia476,102.32929922807536,Kounkel2020,9829.0,1.949,2.51
49084629,2.927011313053407e+18,101.275950472474,-20.7419996005302,1.31037,12.1698,12.141,0.301,12.551,0.208,11.751,0.023,11.587,0.025,11.496,0.023,12.443,0.000191,12.6392,0.001248,12.1098,0.000571,11.47,0.023,11.479,0.021,11.412,0.16,8.447,,Theia476,102.32929922807536,Kounkel2020,7216.0,1.48782,1.62
49084882,2.927203663170613e+18,101.189628133762,-20.6152522313199,1.3418,13.0347,14.066,0.023,13.398,0.103,12.486,0.024,12.273,0.025,12.193,0.024,13.4037,0.000336,13.6785,0.001342,12.9754,0.000894,12.201,0.023,12.198,0.023,12.257,,9.078,,Theia476,102.32929922807536,Kounkel2020,6505.0,1.12664,1.33
49182653,2.9272572643621094e+18,101.374757947053,-20.0771089233204,1.31818,11.8526,12.979,0.405,12.358,0.028,11.332,0.022,11.06,0.021,11.033,0.019,12.2202,0.000251,12.4976,0.000755,11.7941,0.000738,10.988,0.024,11.032,0.02,10.958,0.109,8.73,,Theia476,102.32929922807536,Kounkel2020,6668.0,1.96913,1.41
49183021,2.9272159639567114e+18,101.388065007554,-20.3280774251206,1.38843,14.135,15.561,0.043,14.699,0.069,13.45,0.026,13.065,0.031,12.948,0.027,14.6336,0.001072,15.0307,0.00374,14.075,0.002964,12.917,0.023,12.981,0.027,11.825,0.25,8.541,,Theia476,102.32929922807536,Kounkel2020,5739.0,0.822073,1.03
49183150,2.9272132495374254e+18,101.37607266791,-20.3997563254757,1.22543,15.2626,15.234,0.048,16.169,0.252,14.201,0.033,13.672,0.039,13.56,0.04,15.9244,0.002808,16.4924,0.011415,15.19,0.007299,13.458,0.038,13.46,0.045,12.124,,8.485,,Theia476,102.32929922807536,Kounkel2020,4849.0,0.768724,0.79
49183360,2.9272031134146816e+18,101.359416031951,-20.5281436134673,1.34661,10.9614,10.862,0.104,10.783,0.009,10.767,0.023,10.798,0.023,10.716,0.019,11.0003,0.000523,11.05,0.001468,10.9121,0.000607,10.729,0.023,10.748,0.02,10.776,0.102,8.403,,Theia476,102.32929922807536,Kounkel2020,9618.0,1.83055,2.45
49183382,2.927203113414686e+18,101.361609927468,-20.5385315703782,1.21245,10.7921,10.854,0.104,10.795,0.01,10.69,0.023,10.698,0.023,10.677,0.023,10.7717,0.000388,10.7889,0.001236,10.7457,0.000557,10.696,0.025,10.721,0.023,10.675,0.105,9.081,,Theia476,102.32929922807536,Kounkel2020,10699.0,1.98545,2.77
49183397,2.9272081256342794e+18,101.414441284553,-20.5494081221182,1.64063,17.0074,20.079,0.17,18.8405,0.0481,15.74,0.057,15.042,0.068,14.683,0.107,18.0664,0.001617,19.0987,0.019451,17.0285,0.004722,14.801,0.035,14.79,0.064,12.721,,9.206,,Theia476,102.32929922807536,Kounkel2020,3712.0,0.479559,0.477494
49183434,2.927202013903288e+18,101.409781968008,-20.5704975183828,1.29896,14.4019,16.123,0.041,14.985,0.092,13.547,0.024,13.084,0.023,13.063,0.041,14.9856,0.000578,15.4739,0.003691,14.3409,0.002141,12.882,0.024,12.961,0.028,12.34,0.388,9.086,,Theia476,102.32929922807536,Kounkel2020,5192.0,0.924082,0.88
49183577,2.927013378941901e+18,101.416714601258,-20.6608537075931,1.40248,14.9056,16.698,0.008,15.818,0.115,13.97,0.029,13.513,0.033,13.452,0.042,15.5127,0.000842,16.0155,0.005507,14.8306,0.002014,13.391,0.025,13.419,0.032,12.477,,9.126,,Theia476,102.32929922807536,Kounkel2020,5034.0,0.716172,0.84
49183658,2.9270122107108347e+18,101.418047618243,-20.7141132367507,1.3609,11.7862,12.298,0.022,11.924,0.046,11.467,0.023,11.343,0.025,11.306,0.026,11.9723,0.00045,12.1033,0.001898,11.7317,0.000646,11.271,0.022,11.317,0.021,11.587,0.208,8.837,,Theia476,102.32929922807536,Kounkel2020,7697.0,1.51349,1.81
49085247,2.9272256877627694e+18,101.229900820507,-20.3944485463728,0.496801,16.617,18.395,0.088,17.4953,0.046,15.809,0.079,15.253,0.088,15.136,0.145,17.2264,0.00083,17.744,0.008274,16.5592,0.003845,15.109,0.037,15.26,0.081,12.789,,9.13,,Theia476,102.32929922807536,Kounkel2020,5165.0,0.882866,0.87
49183168,2.927213004717565e+18,101.402861985899,-20.4093332428008,1.22559,10.5168,10.589,0.076,10.639,0.008,10.388,0.023,10.415,0.023,10.382,0.024,10.5004,0.000405,10.5227,0.000959,10.471,0.000718,10.381,0.022,10.419,0.02,10.3,0.071,8.938,0.478,Theia476,102.32929922807536,Kounkel2020,10738.0,2.24128,2.79
49183341,2.9272033882925926e+18,101.332803133905,-20.5149436305771,1.3683,9.8083,9.733,0.044,9.778,0.005,9.79,0.023,9.838,0.023,9.81,0.019,9.73017,0.000473,9.71945,0.000836,9.76271,0.000678,9.831,0.023,9.854,0.02,9.7,0.041,8.424,,Theia476,102.32929922807536,Kounkel2020,13325.0,,
49183393,2.927203079054954e+18,101.353215515819,-20.5467255426019,1.36821,15.5434,18.29,0.048,16.24,0.217,14.541,0.032,13.951,0.033,13.79,0.051,16.2479,0.000592,16.8841,0.005774,15.4812,0.002201,13.816,0.025,13.919,0.039,12.572,,8.828,0.484,Theia476,102.32929922807536,Kounkel2020,4621.0,0.665054,0.73
49183433,2.927202151342033e+18,101.352394017981,-20.5703227480567,1.43143,15.387,17.155,-0.112,16.331,0.229,14.184,0.036,13.646,0.033,13.476,0.037,16.1152,0.001635,16.7674,0.007755,15.3075,0.004089,13.367,0.025,13.352,0.031,12.28,0.356,9.056,,Theia476,102.32929922807536,Kounkel2020,4523.0,0.715125,0.71
49183643,2.927011867113496e+18,101.3163368387,-20.702270784822,1.29729,16.4804,19.35,0.063,18.1193,0.047,15.214,0.051,14.614,0.055,14.537,0.082,17.4739,0.001358,18.3714,0.014537,16.4873,0.006029,14.317,0.028,14.201,0.043,12.328,,9.055,,Theia476,102.32929922807536,Kounkel2020,3879.0,0.587078,0.577416
49183753,2.927007537786459e+18,101.406400690999,-20.7647161912398,1.37011,13.4971,14.57,0.085,13.921,0.115,12.916,0.024,12.613,0.027,12.579,0.036,13.9157,0.000567,14.236,0.00326,13.438,0.001825,12.465,0.023,12.504,0.026,12.243,0.351,8.86,,Theia476,102.32929922807536,Kounkel2020,6212.0,0.966334,1.2
49085097,2.9272188501749043e+18,101.172547262025,-20.4806722788251,1.2912,13.8612,15.149,0.034,14.401,0.103,13.235,0.027,12.925,0.025,12.824,0.026,14.3183,0.000546,14.6773,0.002096,13.8038,0.001841,12.806,0.024,12.896,0.027,12.0,,8.937,,Theia476,102.32929922807536,Kounkel2020,6110.0,0.919547,1.15
49085297,2.927226027058553e+18,101.275183962846,-20.3655601551914,1.43075,16.6157,18.013,0.071,18.3561,0.0476,15.322,0.061,14.68,0.07,14.485,0.089,17.6395,0.001431,18.6199,0.01697,16.6307,0.006297,14.311,0.028,14.393,0.048,12.634,,8.533,,Theia476,102.32929922807536,Kounkel2020,3780.0,0.55945,0.553676
49085794,2.927304921318697e+18,101.217114469788,-20.0703801843904,1.34529,14.15,15.599,0.034,14.645,0.035,13.476,0.028,13.094,0.031,13.032,0.036,14.6486,0.000637,15.0485,0.003356,14.0923,0.00185,12.963,0.024,12.991,0.027,12.257,,8.86,,Theia476,102.32929922807536,Kounkel2020,5652.0,0.848643,1.0
49182622,2.927258088995828e+18,101.361716104406,-20.0623491834821,1.22536,16.2292,15.667,0.062,17.5793,0.0462,15.077,0.05,14.35,0.042,14.234,0.075,17.0562,0.000791,17.8581,0.009317,16.1694,0.003141,,,,,,,,,Theia476,102.32929922807536,Kounkel2020,4277.0,0.67599,0.67
49182890,2.9272295360533514e+18,101.315117380388,-20.2437170992254,1.38306,13.0359,14.077,0.039,13.463,0.08,12.522,0.024,12.267,0.021,12.236,0.024,13.4029,0.000236,13.6754,0.001223,12.9753,0.000917,12.17,0.023,12.199,0.023,11.92,0.293,9.13,,Theia476,102.32929922807536,Kounkel2020,6566.0,1.08895,1.36
49182955,2.9272280585846134e+18,101.338577785353,-20.284716479819,1.64725,16.7857,19.871,0.168,18.5125,0.0486,15.588,0.051,14.916,0.074,14.818,0.118,17.8029,0.00122,18.779,0.022705,16.7998,0.004383,14.672,0.03,14.651,0.051,12.592,,8.995,,Theia476,102.32929922807536,Kounkel2020,3789.0,0.455715,0.45264
49014257,2.9271066312683715e+18,101.161641127816,-20.672702698517,1.29273,16.0831,18.579,0.048,17.4066,0.0464,14.898,0.032,14.214,0.05,14.12,0.068,16.8962,0.001488,17.6955,0.010513,16.0284,0.004101,13.979,0.026,14.051,0.037,12.541,,9.29,,Theia476,102.32929922807536,Kounkel2020,4234.0,0.677393,0.66
49014525,2.927103504532303e+18,101.048508239725,-20.8360410623075,1.3184,12.6016,13.501,0.005,12.93,0.103,12.133,0.028,11.897,0.024,11.873,0.026,12.9279,0.000314,13.1651,0.001223,12.5398,0.000699,11.833,0.022,11.85,0.024,11.819,0.224,8.45,,Theia476,102.32929922807536,Kounkel2020,6849.0,1.31043,1.48
49015766,2.9268015855114266e+18,101.121981724206,-21.6398702853675,1.72854,13.5123,14.916,0.03,14.174,0.114,12.88,0.023,12.482,0.024,12.419,0.027,13.9992,0.000338,14.3903,0.002188,13.4575,0.001136,12.384,0.023,12.413,0.025,11.999,0.315,8.915,,Theia476,102.32929922807536,Kounkel2020,5664.0,0.873469,1.01
49081912,2.925616689934716e+18,101.291985402524,-22.5758961219336,2.44723,14.51,17.253,0.0,15.637,0.195,13.432,0.023,12.813,0.027,12.691,0.031,15.2709,0.001028,15.9991,0.004312,14.4469,0.002925,12.614,0.023,12.67,0.025,12.564,0.421,9.245,,Theia476,102.32929922807536,Kounkel2020,4314.0,0.677943,0.67
49083625,2.926811687274276e+18,101.27339851792,-21.4150159884404,1.3608,15.1551,17.125,0.172,16.064,0.172,14.238,0.032,13.684,0.033,13.637,0.045,15.7963,0.000641,16.3596,0.005122,15.0985,0.00197,13.595,0.025,13.645,0.035,12.832,,9.177,,Theia476,102.32929922807536,Kounkel2020,4853.0,0.706963,0.789
49084202,2.926908955392448e+18,101.267394016185,-21.0255602661962,1.33939,16.5152,18.152,0.071,18.1411,0.0504,15.235,0.061,14.509,0.063,14.275,0.081,17.5414,0.00144,18.3301,0.031467,16.5166,0.008938,14.069,0.027,14.106,0.042,12.127,,9.215,,Theia476,102.32929922807536,Kounkel2020,3952.0,0.622747,0.606264
49084383,2.9269124643865446e+18,101.291919274222,-20.8976496200489,1.39749,12.1236,12.846,0.01,12.363,0.046,11.68,0.023,11.533,0.023,11.5,0.021,12.3925,0.000156,12.5852,0.001304,12.063,0.000728,11.479,0.023,11.506,0.021,11.679,0.21,8.915,0.452,Theia476,102.32929922807536,Kounkel2020,7262.0,1.41731,1.64
49085235,2.927220602521513e+18,101.183925205261,-20.4014516386064,1.26128,15.5821,17.683,0.055,16.475,0.4,14.581,0.041,13.998,0.042,13.903,0.062,16.3058,0.000614,16.971,0.00458,15.521,0.002696,13.63,0.025,13.74,0.034,12.459,0.42,9.04,,Theia476,102.32929922807536,Kounkel2020,4531.0,0.735221,0.71
49183000,2.927226478036682e+18,101.29384175604,-20.3117537625487,1.25829,16.1344,18.688,0.058,17.4742,0.0461,14.952,0.045,14.304,0.053,14.278,0.072,16.9539,0.000786,17.7653,0.007841,16.0814,0.002501,14.082,0.028,14.168,0.044,12.738,,8.825,,Theia476,102.32929922807536,Kounkel2020,4204.0,0.692068,0.66
49183276,2.9272122874648105e+18,101.336386746953,-20.482100806859,1.44059,16.6994,,,18.408,0.0498,15.385,0.097,14.754,0.129,14.48,0.108,17.7346,0.001279,18.6357,0.027133,16.7095,0.00992,,,,,,,,,Theia476,102.32929922807536,Kounkel2020,3838.0,0.558054,0.552441
49183508,2.927201567226531e+18,101.300872162747,-20.6233267064585,1.3549,14.3745,15.863,0.064,15.167,0.15,13.461,0.053,12.952,0.077,12.467,,15.0146,0.000412,15.574,0.002613,14.3181,0.001535,,,,,,,,,Theia476,102.32929922807536,Kounkel2020,4910.0,1.00752,0.8
49183562,2.9270135851005097e+18,101.364677950738,-20.6524420650823,1.36484,14.5061,16.771,0.043,15.016,0.103,13.743,0.024,13.361,0.022,13.266,0.038,15.0373,0.000506,15.4697,0.003469,14.4456,0.00218,13.203,0.025,13.258,0.03,12.301,,9.347,,Theia476,102.32929922807536,Kounkel2020,5394.0,0.762013,0.94
49085840,2.927304818240035e+18,101.271942917572,-20.0492265332414,1.30322,15.0648,16.969,0.0,15.763,0.137,14.227,0.03,13.747,0.038,13.578,0.043,15.667,0.000586,16.1815,0.004108,15.0093,0.002906,13.622,0.026,13.627,0.034,12.744,,8.476,,Theia476,102.32929922807536,Kounkel2020,5114.0,0.703887,0.86
49182593,2.9272582951542564e+18,101.343155601887,-20.0451853948174,1.22957,11.0116,11.221,0.109,10.999,0.009,10.816,0.023,10.785,0.021,10.76,0.021,11.0478,0.000889,11.099,0.001872,10.9591,0.001119,10.768,0.023,10.786,0.021,10.799,0.095,8.883,,Theia476,102.32929922807536,Kounkel2020,9930.0,1.94407,2.54
49182989,2.927227916844232e+18,101.331493190571,-20.3057017192353,0.855542,15.9679,17.692,0.058,16.8788,0.046,15.125,0.045,14.566,0.047,14.305,0.075,16.5943,0.000726,17.135,0.007306,15.9132,0.003208,14.392,0.029,14.488,0.05,12.218,,9.087,,Theia476,102.32929922807536,Kounkel2020,5070.0,0.730334,0.85
49183429,2.9272022544212383e+18,101.370796050907,-20.5674820016221,1.34374,15.6924,17.669,0.051,16.552,0.263,14.652,0.037,14.039,0.029,13.883,0.05,16.4306,0.000773,17.1105,0.005461,15.6269,0.003,13.847,0.026,13.936,0.041,12.399,,9.126,,Theia476,102.32929922807536,Kounkel2020,4490.0,0.672735,0.7
49084520,2.926916278317448e+18,101.277841140882,-20.8097783557432,1.38508,16.0355,18.575,0.054,16.792,1.133,14.918,0.04,14.281,0.06,14.076,0.065,16.8209,0.000863,17.5696,0.007053,15.973,0.004529,14.049,0.026,14.208,0.043,12.135,,9.135,,Theia476,102.32929922807536,Kounkel2020,4344.0,0.607708,0.68
49085640,2.927233693581673e+18,101.26492630588,-20.1665845822292,0.502617,15.6793,,,16.4257,0.0461,14.826,0.061,14.395,0.44,14.157,0.187,16.2163,0.000622,16.5944,0.010165,15.5616,0.006107,,,,,,,,,Theia476,102.32929922807536,Kounkel2020,5620.0,1.15427,1.0
49183471,2.927201872161833e+18,101.385184318382,-20.596068354665,1.16923,10.3229,10.219,0.063,10.326,0.007,10.202,0.023,10.233,0.023,10.208,0.023,10.2979,0.000321,10.3143,0.000719,10.2783,0.000678,10.209,0.023,10.216,0.02,10.165,0.063,8.583,0.362,Theia476,102.32929922807536,Kounkel2020,10836.0,2.52444,2.82
49183484,2.927014237935325e+18,101.413256039404,-20.6061671303807,1.37821,14.419,16.653,0.043,14.923,0.115,13.73,0.024,13.28,0.031,13.254,0.034,14.9428,0.000591,15.3671,0.003097,14.3587,0.001595,13.139,0.024,13.156,0.029,12.694,0.518,9.079,,Theia476,102.32929922807536,Kounkel2020,5455.0,0.772714,0.95
49183495,2.927201773385121e+18,101.379827804438,-20.6133769463709,1.31304,14.9024,16.882,0.0,15.55,0.16,14.068,0.026,13.571,0.031,13.488,0.045,15.4977,0.00069,15.9998,0.003014,14.8392,0.001989,13.495,0.025,13.649,0.03,12.615,,9.16,,Theia476,102.32929922807536,Kounkel2020,5058.0,0.750103,0.84
49183217,2.9272128028608394e+18,101.398259682423,-20.4444154498064,1.34584,16.6938,19.433,0.056,18.3745,0.0478,15.409,0.043,14.653,0.061,14.562,0.084,17.6999,0.001208,18.6319,0.019515,16.704,0.00469,14.532,0.031,14.596,0.051,11.791,0.24,9.022,,Theia476,102.32929922807536,Kounkel2020,3836.0,0.568935,0.561971
49183226,2.927212768501109e+18,101.388893577224,-20.4530954058878,1.37895,14.5703,16.257,0.045,15.227,0.126,13.837,0.023,13.405,0.035,13.316,0.033,15.1265,0.000838,15.586,0.003326,14.5152,0.002313,13.268,0.025,13.336,0.03,11.85,,8.971,,Theia476,102.32929922807536,Kounkel2020,5620.0,0.743303,0.995
49183490,2.9272018421044045e+18,101.368393486036,-20.6091485512152,1.36531,14.6077,16.321,0.019,15.186,0.172,13.804,0.028,13.378,0.027,13.328,0.034,15.1702,0.000466,15.6383,0.001932,14.548,0.001516,13.219,0.025,13.282,0.029,12.323,,8.717,,Theia476,102.32929922807536,Kounkel2020,5221.0,0.774084,0.89
49183550,2.927201292348623e+18,101.332360074398,-20.6442586599282,1.339,13.9619,15.292,0.019,14.444,0.069,13.308,0.026,12.989,0.025,12.972,0.034,14.4256,0.000501,14.7883,0.003168,13.9021,0.001604,12.885,0.024,12.916,0.026,12.31,0.346,8.66,,Theia476,102.32929922807536,Kounkel2020,5793.0,0.873469,1.04
49183711,2.927010664522641e+18,101.397186787795,-20.7434252460514,1.35273,13.5922,15.145,0.06,14.127,0.08,12.837,0.028,12.458,0.033,12.392,0.029,14.1131,0.000289,14.5335,0.001947,13.5322,0.001366,12.324,0.023,12.35,0.024,11.748,0.211,8.888,,Theia476,102.32929922807536,Kounkel2020,5561.0,1.13497,0.98
49183768,2.927010458364238e+18,101.37917862484,-20.7715409408324,1.18305,10.8655,10.938,0.118,11.016,0.013,10.73,0.023,10.642,0.023,10.638,0.024,10.8691,0.000583,10.9002,0.00158,10.8185,0.001135,10.624,0.023,10.655,0.021,10.815,0.11,9.189,,Theia476,102.32929922807536,Kounkel2020,10214.0,2.05651,2.62
49183790,2.927007469066985e+18,101.416700367663,-20.7775074489366,1.41446,15.4522,18.196,0.044,16.191,0.126,14.407,0.026,13.772,0.023,13.702,0.049,16.1704,0.000627,16.8186,0.004969,15.3841,0.001955,13.652,0.026,13.756,0.036,12.461,,8.683,,Theia476,102.32929922807536,Kounkel2020,4574.0,0.688323,0.72
49183456,2.927202048262825e+18,101.360414519645,-20.5861820202215,1.35576,13.5778,14.743,0.066,14.004,0.114,12.946,0.026,12.687,0.035,12.616,0.029,14.0004,0.000547,14.3207,0.002782,13.5153,0.001795,12.561,0.024,12.578,0.025,12.196,0.336,9.048,,Theia476,102.32929922807536,Kounkel2020,6152.0,0.948974,1.17
49183477,2.927201876464386e+18,101.379241528422,-20.5991035998155,1.32357,12.8203,13.091,0.042,13.158,0.092,12.337,0.022,12.107,0.025,12.077,0.023,13.1642,0.000199,13.4153,0.001026,12.7589,0.000819,12.012,0.023,12.054,0.022,12.705,0.486,8.887,,Theia476,102.32929922807536,Kounkel2020,6675.0,1.21258,1.41
49183592,2.92719978052016e+18,101.309001307074,-20.6676936352009,1.33251,15.8381,18.129,0.051,16.477,1.133,14.755,0.037,14.051,0.038,13.935,0.059,16.5984,0.000768,17.3072,0.006332,15.7749,0.002761,13.973,0.025,14.034,0.034,12.766,,8.948,,Theia476,102.32929922807536,Kounkel2020,4452.0,0.656792,0.7
49183603,2.927013482021159e+18,101.354121341421,-20.6737260355827,1.33531,10.7594,10.713,0.095,10.706,0.009,10.664,0.023,10.715,0.025,10.677,0.021,10.7383,0.000422,10.7531,0.001491,10.7203,0.000885,10.672,0.023,10.69,0.02,10.476,0.082,8.721,,Theia476,102.32929922807536,Kounkel2020,10223.0,1.84778,2.63
49183673,2.927010905040796e+18,101.395847223836,-20.7206840926347,1.35363,9.0154,8.884,0.03,8.934,0.003,8.976,0.021,9.015,0.025,9.033,0.026,8.95356,0.000409,8.94839,0.001438,8.979,0.001367,9.004,0.023,9.022,0.02,9.022,0.03,8.385,0.298,Theia476,102.32929922807536,Kounkel2020,11401.0,3.69064,3.0
49183709,2.9270112142785014e+18,101.295979566654,-20.7424065531264,1.39342,12.8069,13.763,0.032,13.127,0.069,12.26,0.024,12.105,0.022,12.051,0.026,13.1497,0.000316,13.4005,0.001309,12.7456,0.001166,12.02,0.023,12.04,0.022,12.288,0.373,8.759,,Theia476,102.32929922807536,Kounkel2020,6704.0,1.15805,1.42
49183828,2.9270074347072696e+18,101.40256768248,-20.798360960001,1.40062,15.613,18.277,0.049,16.702,1.133,14.606,0.033,13.995,0.045,13.889,0.052,16.3435,0.000724,17.01,0.004961,15.5451,0.002161,13.811,0.025,13.879,0.035,12.644,0.493,8.518,,Theia476,102.32929922807536,Kounkel2020,4518.0,0.660708,0.71
49182835,2.927252965093633e+18,101.367873912042,-20.2090199869417,1.28289,14.852,17.365,0.046,15.88,0.114,13.771,0.03,13.168,0.038,13.055,0.031,15.5718,0.001076,16.226,0.004243,14.7884,0.002361,12.978,0.024,12.998,0.028,12.374,,9.041,,Theia476,102.32929922807536,Kounkel2020,4577.0,1.00042,0.72
49183489,2.927014134856116e+18,101.404667697103,-20.6085323813742,1.37615,12.6419,13.511,0.02,12.922,0.057,12.166,0.024,11.955,0.025,11.932,0.027,12.9589,0.000313,13.188,0.001216,12.5813,0.000683,11.886,0.023,11.891,0.021,11.749,0.227,8.966,,Theia476,102.32929922807536,Kounkel2020,6847.0,1.21727,1.48
49183615,2.927012004552423e+18,101.344403250091,-20.6812903766821,1.4132,14.9453,17.699,0.042,15.945,0.08,13.89,0.023,13.288,0.027,13.135,0.037,15.6805,0.000625,16.3682,0.002563,14.8856,0.002144,13.126,0.024,13.178,0.027,12.76,,8.912,,Theia476,102.32929922807536,Kounkel2020,4451.0,0.901727,0.7
49183769,2.9270103209253007e+18,101.344774396243,-20.7717188079323,1.35176,13.9591,15.656,0.043,14.56,0.08,13.297,0.024,12.981,0.025,12.918,0.027,14.4311,0.000605,14.8023,0.002498,13.8998,0.003172,12.844,0.024,12.865,0.027,12.747,,9.106,,Theia476,102.32929922807536,Kounkel2020,5939.0,0.867104,1.08
49183784,2.9270104583642445e+18,101.375744764273,-20.7757822530612,1.39229,12.7064,12.876,0.042,13.002,0.057,12.225,0.023,12.022,0.029,11.993,0.03,13.0349,0.000399,13.2725,0.001741,12.644,0.00102,11.848,0.023,11.877,0.022,12.224,0.346,8.927,,Theia476,102.32929922807536,Kounkel2020,6800.0,1.18797,1.46
49183843,2.927007022390421e+18,101.384174911782,-20.8082153482768,1.4433,16.3058,18.792,0.051,17.8524,0.0471,15.03,0.037,14.334,0.041,14.17,0.063,17.2504,0.001924,18.1248,0.015592,16.3076,0.006644,14.031,0.025,14.25,0.038,12.673,,9.001,,Theia476,102.32929922807536,Kounkel2020,3948.0,0.611362,0.597261
49183504,2.9270141004963886e+18,101.396987051944,-20.6208574697753,1.28361,9.1752,9.037,0.033,9.067,0.003,9.121,0.024,9.155,0.023,9.162,0.023,9.11573,0.000383,9.11174,0.000728,9.13672,0.001291,9.164,0.023,9.187,0.02,9.188,0.035,8.396,,Theia476,102.32929922807536,Kounkel2020,11517.0,3.60371,3.04
49183760,2.927007640865674e+18,101.411485945579,-20.7683024914661,0.742687,15.293,16.958,0.044,16.097,0.115,14.586,0.026,14.258,0.029,14.223,0.064,15.7888,0.000573,16.1709,0.002887,15.221,0.001415,14.081,0.026,14.075,0.04,12.41,,9.075,,Theia476,102.32929922807536,Kounkel2020,5800.0,0.879974,1.04
49183767,2.92701028656558e+18,101.30862950379,-20.7710400780831,1.34038,16.3292,19.366,0.165,17.8573,0.0466,15.119,0.041,14.372,0.051,14.223,0.067,17.2692,0.002209,18.1244,0.010835,16.3292,0.006481,14.199,0.028,14.244,0.045,12.518,,9.075,,Theia476,102.32929922807536,Kounkel2020,3972.0,0.631379,0.612972
49183789,2.9270075377864663e+18,101.409144057274,-20.7773804176576,1.35262,12.7129,13.683,0.038,12.987,0.057,12.197,0.022,12.061,0.025,12.018,0.024,13.0358,0.000297,13.2695,0.001282,12.651,0.000764,11.98,0.023,11.999,0.023,12.083,0.336,8.804,,Theia476,102.32929922807536,Kounkel2020,6847.0,1.20838,1.48
49183815,2.9270072629085645e+18,101.416445661651,-20.7912045850495,1.29628,11.1028,11.229,0.014,11.061,0.023,10.954,0.023,10.929,0.023,10.959,0.024,11.123,0.000683,11.1642,0.001284,11.0585,0.00076,10.916,0.026,10.939,0.026,11.022,0.126,9.084,,Theia476,102.32929922807536,Kounkel2020,9826.0,1.72926,2.51
49183826,2.927009942968247e+18,101.345567062602,-20.7955256828065,1.43715,12.2111,12.832,0.011,12.293,0.057,11.726,0.037,11.526,0.048,11.509,0.039,12.5066,0.000174,12.7046,0.001691,12.1338,0.003722,11.162,0.023,11.171,0.021,11.3,0.145,8.901,,Theia476,102.32929922807536,Kounkel2020,7113.0,1.3769,1.58
49184172,2.92690944072962e+18,101.322914148627,-20.9946400415876,1.33896,16.8578,20.572,0.17,18.7067,0.0505,15.526,0.057,14.916,0.071,14.765,0.115,17.9284,0.001451,18.9554,0.027861,16.8794,0.008643,14.694,0.036,14.722,0.061,12.47,,8.938,,Theia476,102.32929922807536,Kounkel2020,3707.0,0.536847,0.53327
49183666,2.927011695314793e+18,101.360152683273,-20.7191997730043,1.41692,14.3559,15.97,0.016,14.904,0.057,13.664,0.028,13.247,0.027,13.184,0.039,14.875,0.000777,15.295,0.002517,14.2966,0.001769,13.165,0.024,13.188,0.027,11.944,,9.194,,Theia476,102.32929922807536,Kounkel2020,5498.0,0.765514,0.96
49183668,2.927010905040801e+18,101.385314233464,-20.7195064267167,1.54501,13.2818,14.566,0.04,13.8,0.08,12.626,0.023,12.309,0.027,12.224,0.023,13.7386,0.000631,14.0921,0.002512,13.2196,0.002142,12.159,0.024,12.133,0.024,12.717,0.469,8.546,,Theia476,102.32929922807536,Kounkel2020,5798.0,1.02736,1.041
49183765,2.9270103552850376e+18,101.348771239658,-20.7705593279995,1.35883,13.1635,14.295,0.035,13.537,0.069,12.633,0.024,12.397,0.023,12.314,0.026,13.5447,0.000265,13.83,0.000932,13.1045,0.000632,12.291,0.023,12.294,0.024,12.209,0.345,9.104,,Theia476,102.32929922807536,Kounkel2020,6381.0,1.07021,1.27
49183850,2.927009908608468e+18,101.337770410759,-20.8107299508183,1.37978,14.47,16.109,0.139,15.095,0.069,13.699,0.029,13.308,0.027,13.216,0.038,15.0162,0.000506,15.4635,0.002271,14.4109,0.002053,13.15,0.025,13.252,0.032,12.723,,8.824,,Theia476,102.32929922807536,Kounkel2020,5474.0,0.777159,0.96
49183857,2.9270068505917256e+18,101.405310781618,-20.816219686856,1.24055,9.1125,9.018,0.031,9.018,0.003,9.092,0.019,9.114,0.023,9.113,0.023,9.05722,0.000363,9.05858,0.00082,9.06987,0.00079,9.105,0.023,9.126,0.021,9.118,0.029,8.872,0.409,Theia476,102.32929922807536,Kounkel2020,12043.0,,
49183858,2.926916140878488e+18,101.31944012692,-20.8163114952991,1.34816,12.1531,12.934,0.017,12.363,0.046,11.747,0.026,11.585,0.025,11.55,0.024,12.4348,0.000178,12.6393,0.001182,12.093,0.000678,11.479,0.023,11.503,0.021,11.358,0.172,8.515,,Theia476,102.32929922807536,Kounkel2020,7214.0,1.47581,1.62
49184933,2.926807254868043e+18,101.35309479952,-21.4972201872668,1.20588,14.1794,15.613,0.1,14.641,0.092,13.538,0.024,13.215,0.038,13.099,0.038,14.6525,0.000292,15.0294,0.001385,14.1241,0.001027,13.082,0.024,13.138,0.028,12.76,0.536,8.948,,Theia476,102.32929922807536,Kounkel2020,5682.0,0.895365,1.01
49183855,2.927006850591727e+18,101.398803143064,-20.8139333630388,1.37687,14.552,12.79,0.042,15.216,0.08,13.777,0.023,13.322,0.022,13.254,0.039,15.1122,0.000689,15.5708,0.003879,14.4874,0.002269,12.888,0.024,12.884,0.027,12.631,,8.976,,Theia476,102.32929922807536,Kounkel2020,5311.0,0.77735,0.91
49183867,2.927006781872248e+18,101.416541133608,-20.8208053715159,1.38258,13.6061,15.134,0.043,14.162,0.092,12.881,0.023,12.51,0.025,12.459,0.026,14.1227,0.000397,14.5421,0.001666,13.5492,0.00103,12.407,0.024,12.476,0.026,12.811,0.497,9.101,,Theia476,102.32929922807536,Kounkel2020,5536.0,1.0999,0.97
49183962,2.9269119489904087e+18,101.391076145422,-20.8783490772432,1.25982,13.6805,14.986,0.036,14.128,0.092,13.021,0.026,12.666,0.027,12.63,0.03,14.1374,0.00053,14.492,0.002144,13.6195,0.001978,12.558,0.024,12.528,0.026,12.709,0.502,8.974,,Theia476,102.32929922807536,Kounkel2020,5831.0,1.04148,1.05
49184063,2.926911330515188e+18,101.322314075308,-20.9324430433793,1.3372,13.4942,14.624,0.055,13.872,0.069,12.912,0.024,12.627,0.022,12.546,0.027,13.9105,0.000727,14.2287,0.002358,13.436,0.001878,12.543,0.023,12.584,0.024,12.111,,9.153,,Theia476,102.32929922807536,Kounkel2020,6125.0,0.991414,1.16
49184105,2.926910986918924e+18,101.347346202267,-20.9558290029644,1.37921,14.3883,15.889,0.013,14.974,0.092,13.662,0.026,13.297,0.031,13.207,0.043,14.9074,0.000716,15.328,0.002869,14.3291,0.002167,13.118,0.023,13.22,0.027,12.608,0.498,8.933,,Theia476,102.32929922807536,Kounkel2020,5469.0,0.776562,0.96
49184218,2.926897380461452e+18,101.365357885429,-21.0240950156861,2.60823,14.2815,16.541,0.068,15.071,0.092,13.263,0.026,12.677,0.027,12.578,0.027,14.9952,0.000402,15.6574,0.002795,14.2182,0.001274,12.496,0.024,12.535,0.025,12.352,0.484,8.979,,Theia476,102.32929922807536,Kounkel2020,4458.0,0.647956,0.699
49184405,2.92689236393973e+18,101.38577591864,-21.1515778404335,1.16216,16.4308,19.359,0.165,18.0095,0.0469,15.162,0.041,14.549,0.051,14.393,0.076,17.3876,0.001251,18.2831,0.013977,16.4349,0.004929,14.366,0.029,14.397,0.049,12.648,,8.81,,Theia476,102.32929922807536,Kounkel2020,3915.0,0.657315,0.632581
49183184,2.9272131120984945e+18,101.354133488226,-20.4284564646684,1.36595,9.48589,9.32,0.034,9.334,0.003,9.474,0.023,9.526,0.022,9.525,0.021,9.37571,0.00032,9.35783,0.000888,9.42819,0.000753,9.538,0.022,9.572,0.02,9.506,0.039,8.425,,Theia476,102.32929922807536,Kounkel2020,,,
49183257,2.9272066868274657e+18,101.301887695492,-20.4726762763892,1.41805,13.1979,15.058,0.043,13.597,0.114,12.686,0.024,12.391,0.022,12.381,0.027,13.5773,0.00025,13.8623,0.000866,13.1383,0.00097,,,,,,,,,Theia476,102.32929922807536,Kounkel2020,6516.0,1.00494,1.34
49183475,2.9272018077448586e+18,101.389912020044,-20.5975043342665,1.33389,13.7025,15.803,0.0,14.132,0.092,13.062,0.023,12.736,0.033,12.716,0.03,14.1441,0.000592,14.4837,0.002447,13.6412,0.002216,12.585,0.023,12.595,0.024,11.954,0.253,8.972,,Theia476,102.32929922807536,Kounkel2020,6033.0,0.940843,1.12
49183531,2.9272000210383084e+18,101.30542202298,-20.6342607142502,1.35182,11.7727,11.795,0.223,11.739,0.021,11.441,0.023,11.373,0.022,11.353,0.023,11.9534,0.000309,12.0866,0.001048,11.7171,0.000787,11.318,0.023,11.349,0.022,11.355,0.171,9.091,,Theia476,102.32929922807536,Kounkel2020,7951.0,1.52855,1.91
49183575,2.9271997461604106e+18,101.321117179253,-20.6599088579575,1.46698,11.1115,10.98,0.115,10.929,0.011,10.919,0.043,10.869,0.056,10.879,0.045,11.1645,0.000692,11.2241,0.001641,11.0649,0.001196,10.217,0.018,10.266,0.018,10.407,0.071,8.801,,Theia476,102.32929922807536,Kounkel2020,9357.0,1.60629,2.38
49184093,2.926899682563842e+18,101.40877800558,-20.9487647467275,1.33916,12.101,12.38,0.042,12.314,0.046,11.703,0.023,11.549,0.022,11.511,0.026,12.3651,0.000225,12.5542,0.001075,12.0412,0.000958,11.479,0.023,11.484,0.021,11.503,0.175,8.741,,Theia476,102.32929922807536,Kounkel2020,7273.0,1.4835,1.64
49244092,2.927012519948461e+18,101.423156454553,-20.6906452254802,1.3456,12.6642,,,13.02,0.092,12.171,0.032,11.987,0.022,11.935,0.021,12.9899,0.000668,13.228,0.001471,12.6073,0.001197,,,,,,,,,Theia476,102.32929922807536,Kounkel2020,6686.0,1.24954,1.42
49183661,2.927011660955062e+18,101.342750411989,-20.7164111985874,1.32624,14.3939,15.961,0.058,14.916,0.08,13.675,0.026,13.319,0.031,13.205,0.034,14.9088,0.000827,15.3252,0.003134,14.3353,0.002146,13.241,0.025,13.204,0.03,12.285,,8.984,,Theia476,102.32929922807536,Kounkel2020,5526.0,0.795913,0.97
49183785,2.927010458364242e+18,101.380737993086,-20.7759913949975,1.29901,15.8825,16.937,0.042,17.1137,0.0466,14.688,0.023,14.078,0.039,13.874,0.055,16.658,0.002239,17.3674,0.011668,15.7967,0.007645,13.755,0.026,13.7,0.034,12.627,0.486,8.994,,Theia476,102.32929922807536,Kounkel2020,4391.0,0.679267,0.69
49183786,2.927007537786467e+18,101.405944162434,-20.7761329669404,0.37973,16.8892,18.476,0.088,17.6792,0.0461,16.002,0.079,15.475,0.119,15.669,,17.4509,0.000982,17.858,0.009835,16.7747,0.004906,,,,,,,,,Theia476,102.32929922807536,Kounkel2020,5484.0,0.890679,0.96
49183796,2.927010252205848e+18,101.303427859371,-20.7792869801118,0.629681,16.2183,17.747,0.062,16.9705,0.046,15.442,0.05,15.017,0.078,14.716,0.107,16.7588,0.000768,17.1855,0.009029,16.1464,0.003079,14.87,0.033,14.926,0.064,12.739,,9.109,,Theia476,102.32929922807536,Kounkel2020,5682.0,0.727619,1.01
49184051,2.926911566731284e+18,101.373473084075,-20.927351109072,1.36306,12.1577,12.87,0.01,12.374,0.046,11.744,0.023,11.61,0.025,11.561,0.023,12.4193,0.000181,12.6069,0.001,12.0985,0.000557,11.54,0.023,11.575,0.022,11.836,0.239,8.755,,Theia476,102.32929922807536,Kounkel2020,7288.0,1.41473,1.65
49184121,2.926899235887292e+18,101.354496026073,-20.9687919820962,1.2944,8.8439,8.732,0.029,8.769,0.003,8.774,0.023,8.818,0.042,8.79,0.021,8.78396,0.000342,8.77995,0.000994,8.80528,0.001165,8.787,0.022,8.806,0.02,8.612,0.025,7.836,0.186,Theia476,102.32929922807536,Kounkel2020,11569.0,4.14798,3.06
49243097,2.926837250919431e+18,101.465052875135,-21.2746306176023,1.32275,13.4184,14.566,0.009,13.857,0.08,12.788,0.029,12.488,0.025,12.443,0.027,13.8298,0.000717,14.1397,0.003267,13.3562,0.002287,12.392,0.023,12.419,0.024,12.289,0.298,9.312,,Theia476,102.32929922807536,Kounkel2020,6174.0,1.02806,1.18
49184107,2.926911223137755e+18,101.312881115938,-20.9576787035761,1.33722,10.3066,10.243,0.062,10.276,0.006,10.225,0.023,10.24,0.023,10.249,0.023,10.2784,0.000452,10.2911,0.001062,10.2675,0.000917,10.222,0.022,10.258,0.021,10.159,0.059,8.585,,Theia476,102.32929922807536,Kounkel2020,10448.0,2.24547,2.7
49184827,2.926834124183394e+18,101.363611452622,-21.4277159203647,1.33234,16.5361,19.202,0.067,18.0218,0.0465,15.374,0.056,14.67,0.079,14.597,0.101,17.4114,0.001192,18.3029,0.011216,16.4726,0.003993,14.247,0.028,14.227,0.043,12.721,,9.093,,Theia476,102.32929922807536,Kounkel2020,4024.0,0.611953,0.63
49242966,2.9268337805859e+18,101.481515579928,-21.3506588426757,1.30253,11.7338,12.439,0.322,11.972,0.022,11.426,0.026,11.381,0.023,11.306,0.021,11.9088,0.000288,12.0363,0.000947,11.6817,0.000643,11.302,0.023,11.311,0.021,11.371,0.159,8.788,,Theia476,102.32929922807536,Kounkel2020,7847.0,1.59662,1.87
49243681,2.926993622092479e+18,101.479671564189,-20.9106460626177,1.34735,16.0293,18.236,0.051,17.3007,0.0461,14.818,0.037,14.268,0.055,14.067,0.057,16.8188,0.000908,17.5774,0.008257,15.9598,0.002749,14.029,0.026,14.093,0.04,12.577,,9.18,,Theia476,102.32929922807536,Kounkel2020,4253.0,0.641408,0.66
49243705,2.927005510561967e+18,101.424571655473,-20.8983745559831,1.5032,16.3728,19.252,0.168,17.9603,0.0469,15.099,0.052,14.482,0.061,14.273,0.083,17.3497,0.001502,18.2062,0.014387,16.3756,0.004618,14.059,0.032,13.971,0.044,12.283,,8.896,,Theia476,102.32929922807536,Kounkel2020,3933.0,0.577185,0.569062
49243720,2.9269937938911764e+18,101.438798912748,-20.8914606456753,1.36788,12.2126,12.97,0.012,12.45,0.057,11.808,0.024,11.655,0.022,11.612,0.026,12.4916,0.000203,12.6906,0.00087,12.1555,0.000729,11.545,0.022,11.581,0.021,11.436,0.139,9.214,,Theia476,102.32929922807536,Kounkel2020,6999.0,1.411,1.54
49244211,2.9270189795791964e+18,101.495803790079,-20.6312790614106,1.40352,12.6991,13.544,0.012,12.99,0.057,12.196,0.023,11.986,0.022,11.965,0.021,13.0261,0.000369,13.2627,0.00133,12.6381,0.000903,11.941,0.023,12.004,0.022,11.907,,9.066,,Theia476,102.32929922807536,Kounkel2020,6753.0,1.18115,1.44
49183866,2.9270069150081403e+18,101.371547476352,-20.8207038313184,1.39584,15.1378,17.751,0.045,15.975,0.103,14.241,0.028,13.668,0.031,13.656,0.045,15.7723,0.000665,16.319,0.003776,15.0748,0.001472,13.547,0.025,13.75,0.031,12.718,,8.943,,Theia476,102.32929922807536,Kounkel2020,4922.0,0.682172,0.81
49183930,2.926912773624129e+18,101.369685076669,-20.8624178918269,1.35427,14.4802,14.376,0.046,15.025,0.092,13.722,0.03,13.319,0.041,13.287,0.047,15.0145,0.000873,15.4483,0.003824,14.4176,0.002884,13.103,0.043,13.165,0.046,12.232,,8.45,,Theia476,102.32929922807536,Kounkel2020,5374.0,0.781743,0.93
49184085,2.926911120054686e+18,101.363991443648,-20.9430867791641,1.38439,12.7507,13.679,0.008,13.042,0.057,12.259,0.023,12.059,0.023,11.997,0.019,13.0875,0.000403,13.3301,0.000848,12.6885,0.000765,11.915,0.022,11.995,0.023,12.161,0.285,8.812,,Theia476,102.32929922807536,Kounkel2020,6636.0,1.18678,1.39
49185774,2.926024844967128e+18,101.340931534974,-22.068942185746,1.52436,16.8566,18.456,0.095,18.6365,0.0473,15.512,0.086,14.849,0.098,14.638,0.126,17.89,0.000777,18.9065,0.015874,16.8748,0.003994,14.513,0.041,14.584,0.061,11.998,,8.576,,Theia476,102.32929922807536,Kounkel2020,3744.0,0.511045,0.508865
49243826,2.927006129037212e+18,101.455625966527,-20.8371834330032,1.36817,10.9585,11.154,0.015,10.96,0.023,10.771,0.026,10.725,0.025,10.69,0.019,11.014,0.000473,11.072,0.001657,10.9132,0.000831,10.667,0.023,10.694,0.021,10.765,0.109,9.172,,Theia476,102.32929922807536,Kounkel2020,9146.0,1.85405,2.32
49244037,2.927009633730422e+18,101.490772498437,-20.7201512666975,1.37742,14.0325,15.931,0.084,14.718,0.08,13.192,0.026,12.721,0.027,12.634,0.033,14.602,0.000766,15.0741,0.003656,13.9693,0.00282,12.636,0.025,12.652,0.026,12.582,,8.447,,Theia476,102.32929922807536,Kounkel2020,5200.0,1.01207,0.88
49244072,2.927012279430282e+18,101.453927834253,-20.7020276258433,1.30394,12.3743,13.179,0.021,12.616,0.057,11.936,0.023,11.764,0.022,11.762,0.023,12.6668,0.000218,12.8765,0.001301,12.315,0.0007,11.708,0.023,11.723,0.021,11.52,0.179,8.879,,Theia476,102.32929922807536,Kounkel2020,6989.0,1.39976,1.54
49183895,2.927006678793065e+18,101.366670075343,-20.8397236027537,1.22323,8.2851,8.247,0.026,8.233,0.003,8.201,0.021,8.2,0.04,8.217,0.027,8.2574,0.000568,8.27179,0.00122,8.24062,0.00115,8.14,0.022,8.14,0.017,8.167,0.019,8.238,0.284,Theia476,102.32929922807536,Kounkel2020,10875.0,6.13971,
49184281,2.9268968650654367e+18,101.304384791811,-21.0635506176549,1.37955,13.6332,14.836,0.024,14.118,0.092,13.034,0.028,12.7,0.025,12.674,0.029,14.0647,0.000565,14.3951,0.002937,13.5725,0.001683,12.584,0.023,12.636,0.025,12.411,0.473,8.975,,Theia476,102.32929922807536,Kounkel2020,6060.0,0.925022,1.13
49243771,2.9270056823606257e+18,101.455923614338,-20.8619943863629,1.22586,8.411,8.271,0.027,8.273,0.003,8.393,0.026,8.374,0.04,8.411,0.023,8.33904,0.000492,8.33342,0.00102,8.37368,0.001062,8.379,0.023,8.401,0.02,8.406,0.023,8.231,0.208,Theia476,102.32929922807536,Kounkel2020,12437.0,,
49243797,2.9270059185744983e+18,101.429216392957,-20.8526663423479,1.32937,6.3958,8.658,0.019,7.44,0.03,5.394,0.024,4.878,0.036,4.614,0.023,7.07705,0.000185,7.71318,0.001044,6.36249,0.002166,4.597,0.191,4.475,0.071,4.581,0.015,4.508,0.024,Theia476,102.32929922807536,Kounkel2020,4581.29,47.3798,
49243931,2.9270080188228915e+18,101.499243044033,-20.7766578554758,1.39979,12.2059,12.933,0.015,12.383,0.057,11.794,0.028,11.649,0.033,11.582,0.024,12.4746,0.000201,12.6653,0.001126,12.1489,0.000769,,,,,,,,,Theia476,102.32929922807536,Kounkel2020,7066.0,1.36249,1.56
49243933,2.9270080832380063e+18,101.489421565725,-20.7750457325819,1.28631,5.5932,8.375,0.015,6.91,0.03,4.61,0.292,3.687,0.232,3.571,0.24,6.39024,0.000413307,7.19278,0.001883,5.55617,0.001679,3.488,0.394,3.163,0.24,3.409,0.013,3.33,0.02,Theia476,102.32929922807536,Kounkel2020,4224.0,83.334,
49243958,2.9270076065059185e+18,101.434378658437,-20.7576246557733,0.891101,13.7947,15.16,0.036,14.318,0.092,13.119,0.024,12.745,0.023,12.681,0.024,14.2693,0.000264,14.6401,0.001341,13.7324,0.001222,12.679,0.024,12.699,0.025,11.798,0.226,9.186,,Theia476,102.32929922807536,Kounkel2020,5964.0,1.4075,1.09
49183810,2.927010114766879e+18,101.342669149853,-20.7860250853105,1.37287,14.8444,16.625,0.0,15.492,0.332,14.027,0.022,13.561,0.035,13.487,0.045,15.4293,0.000506,15.9165,0.003508,14.7828,0.00243,13.38,0.025,13.488,0.033,12.252,,9.014,,Theia476,102.32929922807536,Kounkel2020,5256.0,0.710598,0.9
49184103,2.9268993733262213e+18,101.377104767692,-20.9543217087582,1.3436,14.7841,16.51,0.088,15.508,0.137,13.972,0.026,13.53,0.035,13.476,0.041,15.3762,0.00065,15.8767,0.00308,14.7262,0.001232,13.365,0.025,13.401,0.033,12.361,,8.779,,Theia476,102.32929922807536,Kounkel2020,5166.0,0.761172,0.87
49243858,2.927006300835871e+18,101.490582140424,-20.8179360124885,1.37872,12.8422,13.777,0.026,13.129,0.069,12.316,0.024,12.095,0.022,12.073,0.021,13.19,0.000275,13.4428,0.001008,12.7813,0.000946,12.034,0.023,12.064,0.024,12.33,0.394,9.212,,Theia476,102.32929922807536,Kounkel2020,6529.0,1.16236,1.35
49243990,2.927008980895405e+18,101.498957366903,-20.743012729077,1.38365,14.0312,17.323,0.044,14.553,0.069,13.364,0.026,13.025,0.022,12.975,0.03,14.5086,0.000779,14.8831,0.003054,13.9694,0.002117,12.86,0.028,13.129,0.032,12.685,,9.026,,Theia476,102.32929922807536,Kounkel2020,5715.0,0.840755,1.02
49244012,2.927009187053855e+18,101.448594244295,-20.733280128583,1.4179,16.2917,19.012,0.058,17.6869,0.0464,15.12,0.046,14.389,0.052,14.239,0.064,17.131,0.001063,17.9542,0.01081,16.2109,0.004479,,,,,,,,,Theia476,102.32929922807536,Kounkel2020,4084.0,0.60761,0.64
49244039,2.927009255773306e+18,101.47699177089,-20.7189573925475,1.22358,9.4418,9.313,0.036,9.347,0.004,9.381,0.023,9.392,0.022,9.376,0.019,9.40087,0.000342,9.41033,0.001295,9.40204,0.00097,9.361,0.023,9.372,0.019,9.322,0.038,8.632,,Theia476,102.32929922807536,Kounkel2020,11161.0,3.492,2.92
49244516,2.9272111192336435e+18,101.46853177483,-20.4621036878479,1.42094,12.3706,13.184,0.022,12.689,0.069,11.956,0.023,11.787,0.025,11.704,0.019,12.6664,0.000195,12.8785,0.001165,12.3114,0.00091,11.702,0.024,11.712,0.022,11.699,0.22,8.514,,Theia476,102.32929922807536,Kounkel2020,6947.0,1.29554,1.52
49184380,2.926889752599638e+18,101.307947328098,-21.132017588354,1.40034,11.764,12.251,0.015,11.876,0.046,11.481,0.024,11.374,0.021,11.359,0.026,11.9413,0.000263,12.0694,0.001115,11.7127,0.000622,11.344,0.023,11.378,0.021,11.583,0.192,9.119,,Theia476,102.32929922807536,Kounkel2020,7779.0,1.46898,1.84
49242402,2.92678900984757e+18,101.468873051795,-21.7155369204711,1.41371,9.7001,9.662,0.034,9.632,0.003,9.653,0.024,9.677,0.025,9.617,0.021,9.67073,0.00034,9.68176,0.000827,9.66066,0.000616,9.619,0.022,9.648,0.02,9.639,0.044,8.716,,Theia476,102.32929922807536,Kounkel2020,10446.0,2.80552,2.7
49243419,2.926893257292845e+18,101.441199205685,-21.0762639045813,1.38188,15.2689,17.145,0.046,15.919,0.08,14.269,0.029,13.717,0.038,13.584,0.041,15.9267,0.002006,16.4958,0.008791,15.1999,0.006239,13.217,0.024,13.205,0.027,12.109,,8.491,,Theia476,102.32929922807536,Kounkel2020,4822.0,0.679569,0.781
49243924,2.9270074003474964e+18,101.447840940748,-20.7810507584516,1.18116,10.4587,10.879,0.017,10.589,0.023,10.212,0.024,10.105,0.023,10.041,0.019,10.6077,0.000291,10.7272,0.000874,10.411,0.00071,10.036,0.022,10.059,0.019,10.135,0.062,8.534,,Theia476,102.32929922807536,Kounkel2020,8221.0,3.08456,2.02
49243984,2.927009015255154e+18,101.483948577099,-20.7440195810043,1.38358,13.3781,14.517,0.028,13.769,0.08,12.8,0.023,12.519,0.023,12.458,0.027,13.7776,0.000753,14.0794,0.003112,13.3192,0.001972,12.432,0.024,12.511,0.025,12.113,0.338,8.859,,Theia476,102.32929922807536,Kounkel2020,6239.0,0.982516,1.21
49244171,2.9270187734207754e+18,101.497506541408,-20.647792321129,1.33748,10.959,11.102,0.022,10.954,0.023,10.754,0.023,10.712,0.022,10.679,0.019,10.9867,0.00071,11.0327,0.001589,10.9171,0.000941,10.683,0.023,10.706,0.02,10.551,0.084,8.871,0.422,Theia476,102.32929922807536,Kounkel2020,9615.0,1.81645,2.45
49244209,2.9270189795791964e+18,101.497912681876,-20.6328960402009,1.36628,14.2789,13.475,0.044,14.761,0.046,13.57,0.026,13.166,0.029,13.126,0.029,14.7925,0.000697,15.2055,0.002925,14.2186,0.002861,13.044,0.03,13.17,0.034,12.599,,8.969,,Theia476,102.32929922807536,Kounkel2020,5552.0,0.811365,0.98
49244099,2.9270126573873823e+18,101.474938547007,-20.6875289056667,1.40563,14.3787,,,14.934,0.103,13.599,0.024,13.171,0.022,13.086,0.027,14.9098,0.001273,15.3355,0.007235,14.3127,0.003676,,,,,,,,,Theia476,102.32929922807536,Kounkel2020,5465.0,0.779712,0.96
49244176,2.927013791258743e+18,101.431773332108,-20.6458139247507,1.32196,9.6819,9.537,0.042,9.6,0.004,9.689,0.024,9.706,0.022,9.725,0.023,9.60208,0.000378,9.59004,0.000903,9.6422,0.000993,9.728,0.023,9.749,0.02,9.772,0.048,9.173,,Theia476,102.32929922807536,Kounkel2020,12784.0,,
49244199,2.9270131384236954e+18,101.457219463066,-20.6368441108013,1.40602,12.4539,13.274,0.027,12.719,0.069,12.007,0.022,11.831,0.022,11.777,0.023,12.7547,0.000226,12.9703,0.001674,12.3936,0.000758,11.723,0.023,11.762,0.022,11.898,0.213,9.055,,Theia476,102.32929922807536,Kounkel2020,6933.0,1.26901,1.51
49244213,2.927018979579427e+18,101.483392795253,-20.6309199078581,1.34648,15.3429,17.142,0.048,16.165,0.229,14.28,0.032,13.742,0.029,13.602,0.045,16.0143,0.001987,16.6085,0.007734,15.2801,0.005303,13.658,0.026,13.645,0.033,12.815,,8.651,,Theia476,102.32929922807536,Kounkel2020,4736.0,0.695972,0.76
49244246,2.927014169215847e+18,101.426224000712,-20.6141878213448,1.38476,14.9343,16.696,0.073,15.568,0.16,13.979,0.029,13.477,0.023,13.361,0.038,15.5385,0.002481,16.0468,0.00991,14.867,0.006561,13.359,0.025,13.45,0.031,12.516,,9.179,,Theia476,102.32929922807536,Kounkel2020,5021.0,0.713671,0.83
49244290,2.92701427229505e+18,101.424167281337,-20.5944821687821,1.35011,13.6523,14.813,0.065,14.062,0.08,13.034,0.028,12.752,0.023,12.711,0.033,14.0833,0.000552,14.4137,0.002089,13.5922,0.001224,12.628,0.024,12.639,0.025,12.122,0.302,8.385,,Theia476,102.32929922807536,Kounkel2020,6041.0,0.936933,1.12
49244493,2.927208817131477e+18,101.48577422994,-20.4816580250199,0.654769,14.0771,15.303,0.038,14.566,0.046,13.444,0.024,13.226,0.036,13.144,0.034,14.5052,0.000265,14.8347,0.001231,14.0159,0.00086,13.065,0.024,13.119,0.029,11.981,,8.952,,Theia476,102.32929922807536,Kounkel2020,6395.0,1.52662,1.28
49243331,2.9268921234222285e+18,101.468530749769,-21.1301895587328,1.41521,12.3141,13.08,0.022,12.593,0.069,11.902,0.026,11.738,0.023,11.666,0.023,12.5972,0.000212,12.8011,0.001187,12.2565,0.000678,11.656,0.022,11.692,0.022,11.989,0.267,8.849,,Theia476,102.32929922807536,Kounkel2020,7053.0,1.30942,1.56
49243476,2.9268948378407864e+18,101.448188652656,-21.0465609677486,1.48031,15.6792,17.989,0.059,16.302,0.046,14.853,0.047,14.013,0.031,13.916,0.051,16.4033,0.001047,17.0637,0.006405,15.6065,0.00399,13.721,0.025,13.754,0.032,12.696,,9.135,,Theia476,102.32929922807536,Kounkel2020,4477.0,0.603717,0.7
49243478,2.9268977884762035e+18,101.438958781927,-21.0456364214262,1.32893,12.101,12.808,0.028,12.313,0.057,11.721,0.027,11.583,0.023,11.486,0.023,12.3603,0.000248,12.5444,0.001965,12.0448,0.000547,11.439,0.023,11.444,0.022,11.381,0.154,8.89,,Theia476,102.32929922807536,Kounkel2020,7142.0,1.48347,1.59
49243631,2.9268995794846e+18,101.458612933365,-20.9396357913323,1.43807,11.8937,12.46,0.016,12.058,0.046,11.528,0.023,11.386,0.022,11.343,0.023,12.1062,0.000257,12.2552,0.001209,11.8384,0.000932,11.312,0.023,11.342,0.021,11.4,0.161,8.545,,Theia476,102.32929922807536,Kounkel2020,7476.0,1.4144,1.72
49243809,2.9269943436469376e+18,101.49673407696,-20.848536646388,1.37547,13.1723,14.222,0.014,13.5,0.069,12.645,0.023,12.375,0.027,12.327,0.023,13.5456,0.000263,13.822,0.001283,13.1112,0.00097,12.302,0.022,12.358,0.024,12.392,0.399,9.16,,Theia476,102.32929922807536,Kounkel2020,6440.0,1.04036,1.3
49244097,2.9270097368096143e+18,101.492727416363,-20.6884869588621,1.36161,14.5788,16.243,0.028,15.183,0.057,13.832,0.026,13.395,0.033,13.25,0.03,15.1222,0.000678,15.5645,0.002912,14.5162,0.002455,13.28,0.024,13.285,0.028,11.864,0.245,9.16,,Theia476,102.32929922807536,Kounkel2020,5397.0,0.751305,0.94
49244175,2.927013138423907e+18,101.452921104205,-20.6461986035405,1.42027,13.5933,12.251,0.074,14.1348,0.0468,12.557,0.065,12.141,0.075,10.248,,14.0054,0.001183,14.135,0.027347,13.3513,0.020454,,,,,,,,,Theia476,102.32929922807536,Kounkel2020,,,
49244089,2.9270126573873905e+18,101.469085528482,-20.6932793292906,1.24608,10.2816,,,10.248,0.023,10.18,0.023,10.214,0.023,10.168,0.019,10.2567,0.000487,10.2714,0.001164,10.2378,0.000888,10.164,0.023,10.188,0.02,10.132,0.056,8.633,,Theia476,102.32929922807536,Kounkel2020,10662.0,2.43512,2.76
49244090,2.927012515646283e+18,101.427592566275,-20.6931589682507,1.36531,8.6102,8.411,0.029,8.508,0.003,8.584,0.019,8.646,0.044,8.661,0.023,8.53108,0.000426,8.51748,0.000997,8.57478,0.001188,8.665,0.023,8.68,0.02,8.663,0.025,8.374,0.26,Theia476,102.32929922807536,Kounkel2020,12182.0,,
49244096,2.927012657387386e+18,101.47177221162,-20.6892036864033,1.2278,9.8572,9.01,0.042,9.99,0.023,9.733,0.023,9.736,0.022,9.692,0.021,9.86743,0.000375,9.90736,0.001111,9.81869,0.000799,9.68,0.023,9.713,0.02,9.678,0.049,9.267,,Theia476,102.32929922807536,Kounkel2020,9939.0,3.18852,2.54
49244269,2.927014203575572e+18,101.440055144262,-20.6039448135003,1.39272,13.8545,15.129,0.03,14.28,0.08,13.248,0.024,12.898,0.022,12.812,0.03,14.3098,0.000426,14.665,0.002011,13.7955,0.001582,12.781,0.024,12.884,0.027,12.315,0.305,8.553,,Theia476,102.32929922807536,Kounkel2020,5878.0,0.86695,1.06
49244552,2.927209916642804e+18,101.433799761216,-20.4419046579503,1.41632,15.0181,14.32,0.057,15.001,0.561,14.066,0.044,13.609,0.056,13.478,0.041,15.6296,0.000855,16.1328,0.004937,14.937,0.002146,,,,,,,,,Theia476,102.32929922807536,Kounkel2020,4983.0,0.68207,0.82
49244853,2.92723991269429e+18,101.479204845886,-20.2682069889567,1.37902,15.7213,18.149,0.046,16.422,1.133,14.65,0.029,13.991,0.044,13.915,0.052,16.4773,0.000702,17.1851,0.006376,15.6609,0.003613,13.876,0.026,13.949,0.038,12.548,,9.152,,Theia476,102.32929922807536,Kounkel2020,4450.0,0.666357,0.7
49245190,2.9272585356724e+18,101.455196054064,-20.0759731416656,1.39541,16.0288,18.704,0.054,17.3482,0.0463,14.867,0.04,14.142,0.043,14.062,0.057,16.8447,0.000806,17.6264,0.010426,15.9711,0.00281,13.983,0.026,14.039,0.039,12.149,,8.502,,Theia476,102.32929922807536,Kounkel2020,4359.0,0.630693,0.68
49184449,2.92688645406476e+18,101.35804770898,-21.1766144472404,1.41103,15.3523,17.834,0.044,16.181,0.389,14.43,0.026,13.875,0.028,13.767,0.044,16.016,0.000577,16.6045,0.003929,15.2917,0.002208,13.695,0.026,13.798,0.036,12.619,0.487,8.941,,Theia476,102.32929922807536,Kounkel2020,4738.0,0.653711,0.76
49243759,2.927005613641166e+18,101.433498713878,-20.8699918521159,1.3775,12.569,13.669,0.038,12.944,0.069,12.022,0.024,11.79,0.025,11.697,0.024,12.9578,0.000464,13.2483,0.001826,12.509,0.001682,11.616,0.022,11.683,0.021,12.332,0.366,9.042,,Theia476,102.32929922807536,Kounkel2020,6266.0,1.40935,1.22
49244101,2.927012554308188e+18,101.434148269196,-20.6863510462845,1.2694,16.3168,20.165,0.165,17.6952,0.0463,15.179,0.04,14.418,0.038,14.328,0.075,17.1494,0.001615,17.9431,0.009694,16.2165,0.003965,14.055,0.026,14.175,0.037,12.459,,8.677,,Theia476,102.32929922807536,Kounkel2020,4101.0,0.66153,0.64
49244178,2.9270137912587407e+18,101.436006615169,-20.6451177377253,1.36702,16.6338,,,18.2419,0.0504,15.423,0.059,14.79,0.068,14.494,0.091,17.646,0.001977,18.4422,0.030881,16.6347,0.010945,,,,,,,,,Theia476,102.32929922807536,Kounkel2020,3958.0,0.575364,0.567507
49244189,2.927013104064167e+18,101.475148953145,-20.6411077376703,1.59633,16.5171,19.104,0.074,18.1393,0.0471,15.263,0.064,14.612,0.068,14.546,0.084,17.5068,0.001329,18.387,0.015396,16.5225,0.005513,14.284,0.03,14.317,0.047,12.013,,8.545,,Theia476,102.32929922807536,Kounkel2020,3898.0,0.509052,0.506931
49244515,2.9272103633193964e+18,101.476000728709,-20.463032618715,1.31241,14.757,16.254,0.042,15.44,0.206,13.907,0.023,13.468,0.029,13.34,0.031,15.3431,0.000599,15.8399,0.002882,14.7005,0.001575,13.326,0.025,13.359,0.031,12.639,,9.144,,Theia476,102.32929922807536,Kounkel2020,5140.0,0.784027,0.87
744807535,2.927009942968247e+18,101.346136002999,-20.7951120073722,1.24374,13.6305,,,14.1951,0.046,,,,,,,14.0571,0.001397,14.3394,0.010591,13.5253,0.008509,,,,,,,,,Theia476,102.32929922807536,Kounkel2020,6243.0,1.00931,1.21
48746247,2.926674523198253e+18,100.331118335137,-21.5163233616671,1.11318,15.6838,18.252,0.046,16.424,1.133,14.739,0.03,14.111,0.045,14.097,0.063,16.3916,0.000675,17.0383,0.003073,15.6337,0.002828,13.982,0.027,14.053,0.042,12.217,0.323,8.846,0.451,Theia476,102.32929922807536,Kounkel2020,4680.0,0.761958,0.75
48807439,2.927091822221425e+18,100.589650382739,-20.8587279371032,1.29089,9.5468,9.447,0.035,9.507,0.004,9.542,0.023,9.526,0.022,9.543,0.019,9.48311,0.000341,9.47832,0.001071,9.50968,0.000938,9.532,0.023,9.549,0.02,9.596,0.042,8.606,,Theia476,102.32929922807536,Kounkel2020,11712.0,2.97385,3.11
49243717,2.926993656452202e+18,101.486960632863,-20.8935074932406,1.39385,13.2147,14.289,0.011,13.607,0.069,12.664,0.023,12.441,0.025,12.365,0.026,13.5994,0.000353,13.8881,0.001255,13.1566,0.001181,12.314,0.023,12.343,0.024,11.918,0.251,9.184,,Theia476,102.32929922807536,Kounkel2020,6289.0,1.02818,1.23
49243751,2.9269939313301064e+18,101.466029941336,-20.8739761889737,1.30255,15.1112,15.494,0.046,15.929,0.195,14.09,0.03,13.487,0.07,13.331,0.051,15.8109,0.000586,16.4375,0.003617,15.0437,0.001388,13.284,0.034,13.364,0.039,12.593,,8.552,,Theia476,102.32929922807536,Kounkel2020,4618.0,0.845454,0.73
49244451,2.927208507893833e+18,101.494776201396,-20.5109643763996,1.37656,11.9408,12.517,0.023,12.09,0.034,11.604,0.024,11.489,0.022,11.45,0.021,12.1544,0.000313,12.3049,0.0011,11.8833,0.000851,11.423,0.023,11.46,0.021,11.994,0.322,9.13,,Theia476,102.32929922807536,Kounkel2020,7558.0,1.44728,1.75
49244513,2.927210363319395e+18,101.482121706916,-20.4641739329545,1.29515,15.8947,18.403,0.046,17.1736,0.0463,14.571,0.03,13.994,0.047,13.836,0.054,16.6888,0.001904,17.4457,0.008983,15.823,0.005205,13.832,0.026,13.852,0.038,12.023,,8.689,,Theia476,102.32929922807536,Kounkel2020,4281.0,0.709437,0.67
49244753,2.927215375539699e+18,101.474192621925,-20.3290588232037,1.36559,16.5816,18.973,0.061,18.235,0.0473,15.326,0.049,14.645,0.045,14.437,0.081,17.5712,0.001497,18.5025,0.015654,16.5907,0.006329,14.475,0.028,14.49,0.047,12.499,,9.098,,Theia476,102.32929922807536,Kounkel2020,3851.0,0.585744,0.576299
744841656,2.92723008580927e+18,101.136333157987,-20.3090321513408,1.425,14.3464,,,15.0381,0.047,,,,,,,14.8504,0.00174,15.1177,0.025801,14.1463,0.015358,,,,,,,,,Theia476,102.32929922807536,Kounkel2020,,,
49244369,2.927020250889471e+18,101.48347222012,-20.5581099742581,1.32835,14.5449,16.198,0.034,15.109,0.08,13.779,0.028,13.343,0.029,13.315,0.031,15.0938,0.000684,15.5458,0.003571,14.4878,0.001697,13.281,0.024,13.381,0.03,12.224,,9.217,,Theia476,102.32929922807536,Kounkel2020,5467.0,0.783034,0.96
49244549,2.927211149291317e+18,101.472790039907,-20.443236659136,1.51734,16.7909,20.146,0.167,18.901,0.0507,15.312,0.046,14.68,0.072,14.456,0.081,17.9493,0.00121,19.1329,0.026299,16.8303,0.004643,14.343,0.032,14.192,0.047,11.816,,8.837,,Theia476,102.32929922807536,Kounkel2020,3547.0,0.54378,0.539626
49244819,2.92721630755406e+18,101.437165976493,-20.2942732090946,1.3304,15.4802,18.302,0.048,16.278,0.16,14.475,0.033,13.89,0.029,13.792,0.055,16.1962,0.000671,16.8559,0.00394,15.424,0.001285,13.658,0.026,13.969,0.04,12.148,,9.059,,Theia476,102.32929922807536,Kounkel2020,4558.0,0.720658,0.72
49244843,2.927216509410874e+18,101.439985919242,-20.2776748338609,1.34366,12.0261,12.377,0.286,12.252,0.057,11.627,0.023,11.493,0.025,11.461,0.023,12.2621,0.001023,12.432,0.003703,11.9708,0.002945,11.427,0.022,11.449,0.022,11.265,0.15,9.021,,Theia476,102.32929922807536,Kounkel2020,7402.0,1.47087,1.69
49244094,2.927009736809618e+18,101.486181951367,-20.6898899229437,1.36304,13.6361,14.981,0.051,14.176,0.08,12.914,0.023,12.556,0.022,12.421,0.026,14.1081,0.000687,14.4771,0.002401,13.5746,0.001935,12.449,0.023,12.475,0.023,12.181,,9.056,,Theia476,102.32929922807536,Kounkel2020,5833.0,1.0058,1.05
49244218,2.927013894337939e+18,101.446910449719,-20.6285869684356,1.37901,13.0897,13.86,0.051,13.466,0.08,12.574,0.026,12.31,0.022,12.263,0.026,13.4626,0.000282,13.739,0.001413,13.029,0.001004,12.221,0.025,12.27,0.025,11.928,,8.569,,Theia476,102.32929922807536,Kounkel2020,6451.0,1.07713,1.31
49244432,2.927208404814619e+18,101.48875969183,-20.524286632177,1.60537,16.7246,19.777,0.174,18.4681,0.048,15.453,0.067,14.73,0.079,14.446,0.089,17.7653,0.001334,18.7073,0.01944,16.738,0.005987,14.324,0.028,14.195,0.042,11.634,0.223,8.597,,Theia476,102.32929922807536,Kounkel2020,3798.0,0.524277,0.521529
49244671,2.9272148300853555e+18,101.428854925495,-20.3760963795082,1.33396,14.7162,16.739,0.044,15.443,0.092,13.899,0.026,13.468,0.038,13.395,0.039,15.2878,0.000669,15.7683,0.003911,14.6574,0.002042,13.309,0.036,13.31,0.039,12.551,,8.799,,Theia476,102.32929922807536,Kounkel2020,5136.0,0.770542,0.87
4615002,2.92692497133411e+18,101.984371961616,-21.1502538823766,1.39034,14.4996,16.166,0.032,15.11,0.046,13.692,0.032,13.304,0.029,13.235,0.038,15.054,0.000609,15.5158,0.002578,14.4436,0.001513,13.197,0.025,13.229,0.029,12.767,,9.194,,Theia476,102.32929922807536,Kounkel2020,5303.0,0.782997,0.91
49243418,2.9268939788473e+18,101.540873396369,-21.0774038594451,1.38294,14.5388,16.615,0.048,15.195,0.046,13.505,0.03,12.957,0.025,12.865,0.031,15.2159,0.001057,15.8182,0.00442,14.4762,0.003206,12.854,0.024,12.864,0.026,12.193,0.282,8.898,,Theia476,102.32929922807536,Kounkel2020,4702.0,0.994224,0.75
49243684,2.92699283181848e+18,101.508753146335,-20.906976845601,1.38212,13.1509,14.299,0.017,13.562,0.069,12.535,0.023,12.236,0.023,12.148,0.021,13.5626,0.000382,13.8733,0.001679,13.0901,0.001257,12.13,0.022,12.159,0.022,12.658,0.441,9.037,,Theia476,102.32929922807536,Kounkel2020,6053.0,1.1213,1.13
49244546,2.927211187953115e+18,101.456293289048,-20.4446549425406,1.33908,15.9715,18.471,0.051,16.8,1.133,14.84,0.037,14.285,0.042,14.023,0.065,16.7642,0.000802,17.5329,0.005584,15.9124,0.002507,13.994,0.026,14.101,0.037,12.223,0.41,8.495,,Theia476,102.32929922807536,Kounkel2020,4278.0,0.662245,0.67
49244609,2.9272113597517706e+18,101.49628622534,-20.4089629082634,1.29171,14.6744,16.36,0.034,15.295,0.08,13.857,0.028,13.475,0.035,13.33,0.041,15.2344,0.000473,15.7007,0.002364,14.6173,0.001247,13.342,0.024,13.401,0.031,12.471,0.446,8.574,,Theia476,102.32929922807536,Kounkel2020,5294.0,0.783618,0.91
49244647,2.927214555207452e+18,101.443164731545,-20.390906578059,1.37434,15.7716,18.144,0.051,16.711,1.133,14.676,0.037,14.062,0.044,14.014,0.06,16.5232,0.000589,17.2326,0.004171,15.7078,0.002359,,,,,,,,,Theia476,102.32929922807536,Kounkel2020,4379.0,0.654296,0.68
4614080,2.927030661891284e+18,101.993862790685,-20.4970302866153,1.36466,15.8218,15.028,0.062,16.524,1.133,14.711,0.05,14.088,0.058,13.983,0.068,16.5813,0.000738,17.2922,0.006653,15.7605,0.002969,13.84,0.067,14.066,0.08,12.562,,8.6,,Theia476,102.32929922807536,Kounkel2020,4444.0,0.646345,0.7
4614419,2.9269762360640666e+18,101.998557165544,-20.7340532453771,1.25051,16.3606,19.62,0.167,18.1929,0.0475,14.987,0.047,14.335,0.048,14.057,0.072,17.4153,0.001834,18.4576,0.015917,16.3825,0.005919,14.029,0.028,13.981,0.038,12.257,,8.651,,Theia476,102.32929922807536,Kounkel2020,3708.0,0.693511,0.658869
4614748,2.9269448999822874e+18,101.999474828061,-20.9665035016045,1.34267,12.495,13.347,0.016,12.792,0.08,12.045,0.028,11.827,0.022,11.801,0.023,12.803,0.000211,13.0273,0.001004,12.4331,0.000847,11.749,0.022,11.766,0.022,11.742,0.216,8.65,,Theia476,102.32929922807536,Kounkel2020,7064.0,1.31452,1.56
49244358,2.927207958138024e+18,101.446963844928,-20.5619835307166,1.32077,13.8343,15.065,0.034,14.262,0.046,13.247,0.026,12.903,0.029,12.872,0.03,14.2716,0.00049,14.6084,0.002199,13.7735,0.001336,12.812,0.024,12.842,0.026,12.616,0.423,8.898,,Theia476,102.32929922807536,Kounkel2020,6174.0,0.882661,1.18
49244446,2.9272085078938337e+18,101.481796203584,-20.5131346610378,1.32914,14.4607,16.033,0.061,14.992,0.057,13.627,0.026,13.259,0.022,13.09,0.03,15.0048,0.001351,15.4501,0.004954,14.3997,0.003139,13.137,0.024,13.172,0.029,12.759,0.519,9.182,,Theia476,102.32929922807536,Kounkel2020,5367.0,0.815637,0.93
49245273,2.927259360306088e+18,101.469626023415,-20.0236411098974,0.466905,14.6272,16.115,0.0,15.21,0.195,13.819,0.028,13.5,0.046,13.319,0.038,15.1484,0.000306,15.5614,0.001633,14.5606,0.001214,13.407,0.026,13.446,0.031,11.951,,8.96,,Theia476,102.32929922807536,Kounkel2020,6106.0,1.88835,1.15
49243397,2.9268937683868165e+18,101.511492465466,-21.0913646831388,1.36761,12.2802,13.062,0.025,12.558,0.057,11.863,0.026,11.679,0.022,11.647,0.023,12.5684,0.000211,12.7776,0.001198,12.2203,0.000666,11.621,0.023,11.642,0.022,11.729,0.195,9.031,,Theia476,102.32929922807536,Kounkel2020,7147.0,1.38557,1.593
49243500,2.926895147078373e+18,101.5296009407,-21.0297857094249,1.39341,15.141,17.238,-0.115,15.999,0.149,14.152,0.028,13.56,0.027,13.52,0.047,15.8298,0.000637,16.4513,0.003433,15.0762,0.001899,13.389,0.025,13.44,0.031,12.13,,9.131,,Theia476,102.32929922807536,Kounkel2020,4587.0,0.771236,0.73
49243519,2.926895417655543e+18,101.504891882637,-21.0118105759742,1.38866,14.3383,15.873,0.079,14.828,0.057,13.644,0.026,13.252,0.025,13.133,0.037,14.8531,0.000653,15.2706,0.002866,14.2797,0.001616,13.123,0.024,13.131,0.029,12.45,,9.087,,Theia476,102.32929922807536,Kounkel2020,5433.0,0.787415,0.95
49244537,2.9272104320391777e+18,101.509426191486,-20.4496012540345,1.30209,13.7051,14.969,0.048,14.259,0.092,13.046,0.024,12.743,0.025,12.679,0.024,14.1557,0.000899,14.5045,0.003423,13.6443,0.002621,12.61,0.024,12.64,0.026,12.719,,8.99,,Theia476,102.32929922807536,Kounkel2020,5959.0,0.979922,1.09
49244740,2.927215208042433e+18,101.49071314907,-20.3364081210995,0.83038,14.2712,15.479,0.062,14.743,0.046,13.628,0.03,13.361,0.033,13.292,0.044,14.6947,0.000277,15.0186,0.00151,14.2053,0.000981,13.235,0.024,13.321,0.031,12.244,,9.103,,Theia476,102.32929922807536,Kounkel2020,6613.0,1.09915,1.38
49245035,2.927252797596131e+18,101.477749276151,-20.1711427816429,1.38126,13.8156,15.113,0.034,14.33,0.286,13.147,0.022,12.846,0.021,12.801,0.026,14.27,0.000445,14.6235,0.002123,13.7557,0.001985,12.78,0.024,12.805,0.026,12.056,,8.895,,Theia476,102.32929922807536,Kounkel2020,6007.0,0.880933,1.11
4615650,2.926065977874568e+18,101.949963580211,-21.6126813030554,1.17942,15.4009,17.641,-0.155,16.133,0.366,14.43,0.041,13.894,0.044,13.877,0.066,16.0539,0.000665,16.6306,0.006639,15.3411,0.001884,13.834,0.027,13.871,0.039,12.706,,8.473,,Theia476,102.32929922807536,Kounkel2020,4769.0,0.747842,0.77
49243362,2.926893635249963e+18,101.500314057963,-21.1131328179949,1.32358,11.6257,12.073,0.017,11.774,0.046,11.33,0.026,11.195,0.023,11.154,0.021,11.7888,0.000453,11.9074,0.001195,11.5712,0.000976,11.134,0.023,11.152,0.022,11.014,0.112,8.765,,Theia476,102.32929922807536,Kounkel2020,7996.0,1.63145,1.93
49243594,2.926992346477855e+18,101.528876392547,-20.9680251839107,1.35878,13.2737,14.351,0.008,13.665,0.08,12.704,0.023,12.488,0.025,12.382,0.023,13.6632,0.000272,13.9556,0.001366,13.2155,0.001132,12.372,0.023,12.441,0.024,12.583,,9.086,,Theia476,102.32929922807536,Kounkel2020,6200.0,1.03601,1.19
4614482,2.9269525965635287e+18,101.955562155316,-20.7779013918708,1.35178,15.0463,16.876,0.12,15.748,0.195,14.206,0.035,13.736,0.042,13.579,0.048,15.6658,0.000498,16.2036,0.002852,14.992,0.001543,13.547,0.026,13.675,0.032,12.171,,9.081,,Theia476,102.32929922807536,Kounkel2020,4988.0,0.712626,0.825
4614868,2.926932186879139e+18,101.96690558348,-21.0567376637106,1.32676,16.4954,18.376,0.068,18.0724,0.0469,15.319,0.057,14.715,0.074,14.394,0.102,17.4451,0.001137,18.3567,0.014436,16.5002,0.005151,14.46,0.04,14.533,0.06,12.617,,8.539,,Theia476,102.32929922807536,Kounkel2020,3906.0,0.604956,0.592114
49243298,2.9268449475007176e+18,101.510718485323,-21.1542305891113,1.39685,11.8778,12.161,0.295,12.335,0.036,11.413,0.026,11.194,0.022,11.155,0.019,12.1942,0.000203,12.4259,0.001171,11.8206,0.000892,11.115,0.022,11.12,0.022,11.028,0.119,8.798,,Theia476,102.32929922807536,Kounkel2020,6841.0,1.70309,1.48
49243938,2.92700795010325e+18,101.538994471832,-20.7670660849369,1.36523,11.1827,11.774,0.021,11.354,0.034,10.825,0.023,10.699,0.022,10.655,0.019,11.3996,0.000713,11.5603,0.001199,11.1345,0.000803,10.516,0.023,10.533,0.02,10.445,0.069,8.391,,Theia476,102.32929922807536,Kounkel2020,7487.0,2.07848,1.72
49244704,2.9272355833672765e+18,101.540401683326,-20.3547518243135,1.36388,13.1507,14.241,0.019,13.639,0.092,12.628,0.023,12.348,0.022,12.297,0.023,13.5332,0.001191,13.8168,0.005246,13.0896,0.003179,12.21,0.023,12.232,0.024,12.525,0.43,9.058,,Theia476,102.32929922807536,Kounkel2020,6296.0,1.07762,1.23
49245118,2.9272544468635284e+18,101.528081351366,-20.11934677321,1.48313,15.614,17.806,0.051,16.409,1.133,14.567,0.036,13.962,0.034,13.764,0.04,16.3353,0.00086,16.9932,0.006028,15.5496,0.002103,13.61,0.025,13.612,0.035,12.759,,9.213,,Theia476,102.32929922807536,Kounkel2020,4546.0,0.614693,0.72
4615492,2.926071063115669e+18,101.978917439575,-21.5120878259815,1.25664,9.9882,9.873,0.04,9.885,0.004,9.929,0.026,9.989,0.022,9.988,0.019,9.90913,0.00052,9.9009,0.000999,9.93809,0.000606,9.965,0.024,10.01,0.022,9.896,0.048,8.724,0.421,Theia476,102.32929922807536,Kounkel2020,14206.0,,
49243516,2.9268954219562747e+18,101.516081062576,-21.0131943752886,1.47058,15.76,17.891,0.05,16.599,1.133,14.745,0.035,14.146,0.049,13.956,0.055,16.5063,0.00076,17.2113,0.005977,15.6979,0.002414,13.951,0.028,13.896,0.036,12.569,,9.014,,Theia476,102.32929922807536,Kounkel2020,4386.0,0.610429,0.69
49243708,2.9269932097755914e+18,101.521906394218,-20.8977860161092,1.35141,16.1772,18.449,0.055,17.5294,0.0463,14.953,0.041,14.274,0.048,14.109,0.077,16.9994,0.001661,17.8005,0.008326,16.1002,0.005581,14.072,0.027,14.081,0.04,12.384,,8.652,,Theia476,102.32929922807536,Kounkel2020,4133.0,0.647326,0.65
49243917,2.927007812664322e+18,101.516758807542,-20.7854328867008,1.28572,10.8439,8.486,0.082,10.9027,0.0459,10.631,0.029,10.589,0.031,10.588,0.023,10.8815,0.000463,10.9225,0.002212,10.7976,0.002031,,,,,,,,,Theia476,102.32929922807536,Kounkel2020,9211.0,2.02536,2.33
49243941,2.9270081562616904e+18,101.522381765728,-20.7655158134404,1.36411,13.6032,16.442,0.043,14.044,0.114,12.99,0.024,12.711,0.023,12.62,0.024,14.0281,0.00039,14.3523,0.001768,13.5429,0.001099,12.463,0.024,12.666,0.025,12.812,,9.16,,Theia476,102.32929922807536,Kounkel2020,6062.0,0.93927,1.13
49243968,2.9270085986361006e+18,101.525666480352,-20.7505012750101,1.47384,16.0416,,,17.2189,0.0479,14.521,0.192,14.097,0.142,14.047,0.116,16.7914,0.0031,17.4418,0.024852,15.923,0.005995,,,,,,,,,Theia476,102.32929922807536,Kounkel2020,4397.0,0.536887,0.69
49244023,2.9270093932122373e+18,101.52750453856,-20.7265918338189,1.40137,12.6565,13.569,0.042,12.958,0.057,12.154,0.023,11.94,0.023,11.949,0.021,12.9853,0.00036,13.2219,0.001123,12.5955,0.000878,11.938,0.024,11.994,0.021,12.102,0.341,8.894,,Theia476,102.32929922807536,Kounkel2020,6674.0,1.21009,1.41
49243632,2.9269924839168067e+18,101.544158475596,-20.9382330769004,1.34547,13.201,14.273,0.019,13.578,0.057,12.635,0.023,12.391,0.023,12.348,0.026,13.5896,0.000502,13.8806,0.001604,13.1422,0.001793,12.318,0.023,12.388,0.023,12.419,,9.05,,Theia476,102.32929922807536,Kounkel2020,6207.0,1.08017,1.19
49243692,2.9269931410561137e+18,101.536436361706,-20.9048737784857,1.42902,15.1643,16.659,0.042,16.062,0.08,14.28,0.023,13.678,0.035,13.617,0.041,15.8107,0.000601,16.381,0.004058,15.106,0.002055,13.595,0.025,13.727,0.034,12.75,,8.85,,Theia476,102.32929922807536,Kounkel2020,4793.0,0.681783,0.77
49243916,2.9270079157435366e+18,101.518177628315,-20.7860866413527,1.27342,9.6794,9.574,0.044,9.527,0.004,9.605,0.026,9.667,0.029,9.625,0.023,9.62338,0.000367,9.61992,0.000956,9.64201,0.00078,9.289,0.023,9.32,0.02,9.448,0.042,9.032,,Theia476,102.32929922807536,Kounkel2020,11128.0,2.95,2.91
49243972,2.927008602938273e+18,101.524443423934,-20.748428220277,,16.8091,,,18.5512,0.051,15.577,0.052,14.84,0.085,14.776,0.124,17.9158,0.002468,18.6837,0.033029,16.8147,0.008101,11.667,0.021,11.727,0.024,11.483,0.167,8.459,,Theia476,102.32929922807536,Kounkel2020,3894.0,0.507591,0.505508
49244034,2.927009461931719e+18,101.513255386258,-20.721839211797,1.17579,8.9715,,,8.92,0.03,8.92,0.023,8.975,0.023,8.979,0.023,8.90131,0.000433,8.89341,0.000948,8.93175,0.001331,8.972,0.024,8.996,0.02,8.953,0.029,8.408,0.279,Theia476,102.32929922807536,Kounkel2020,12298.0,,
49244289,2.9270192200975923e+18,101.512363414974,-20.5948777458355,1.31771,13.9719,15.21,0.017,14.432,0.092,13.293,0.023,12.987,0.025,12.932,0.037,14.4407,0.000633,14.8085,0.00292,13.9123,0.002476,12.333,0.022,12.331,0.021,12.428,0.429,9.11,,Theia476,102.32929922807536,Kounkel2020,5838.0,0.886839,1.05
49244384,2.927020663206313e+18,101.503956584959,-20.5459572302693,1.31767,11.6801,11.527,0.176,11.752,0.046,11.378,0.023,11.323,0.022,11.302,0.023,11.8178,0.000405,11.9179,0.001263,11.6261,0.000788,11.304,0.023,11.315,0.02,11.489,0.209,8.806,,Theia476,102.32929922807536,Kounkel2020,8164.0,1.54673,1.99
4613512,2.933062788837728e+18,101.98424821792,-20.1272460816569,1.39048,10.828,11.114,0.097,10.946,0.008,10.595,0.023,10.546,0.022,10.519,0.019,10.9066,0.000479,10.9821,0.001232,10.7853,0.000668,10.466,0.023,10.528,0.021,10.55,0.081,9.132,,Theia476,102.32929922807536,Kounkel2020,8864.0,2.00733,2.23
49243847,2.927006232116395e+18,101.501894331122,-20.8270579806197,1.37096,13.6792,14.925,0.068,14.106,0.069,13.082,0.024,12.76,0.023,12.735,0.029,14.1072,0.00066,14.4317,0.003899,13.6163,0.002011,12.681,0.024,12.712,0.027,12.636,0.471,8.461,,Theia476,102.32929922807536,Kounkel2020,6008.0,0.909189,1.11
49243983,2.927008980895405e+18,101.502299145416,-20.7447798885451,1.45722,14.4223,17.899,0.162,15.289,0.08,13.421,0.026,12.881,0.027,12.724,0.026,15.0881,0.000425,15.6724,0.002343,14.353,0.001194,12.613,0.027,12.859,0.027,12.724,,8.989,,Theia476,102.32929922807536,Kounkel2020,4704.0,0.979501,0.75
49243994,2.927008568578518e+18,101.543048258571,-20.7406592794161,1.43929,16.1952,17.988,0.045,17.5058,0.0469,14.86,0.028,14.144,0.042,14.055,0.054,17.0008,0.001853,17.7385,0.015793,16.0806,0.006178,,,,,,,,,Theia476,102.32929922807536,Kounkel2020,4194.0,0.579157,0.66
49243996,2.9270089808874624e+18,101.510318656252,-20.7400772024443,1.3018,10.2774,10.29,0.016,10.271,0.012,10.15,0.026,10.134,0.029,10.147,0.024,10.2598,0.000585,10.2757,0.000701,10.235,0.000867,10.047,0.023,10.081,0.02,10.307,0.072,8.608,,Theia476,102.32929922807536,Kounkel2020,10267.0,2.37682,2.64
49244028,2.927008740377199e+18,101.546677530635,-20.7243068449674,1.38155,12.9679,14.017,0.035,13.301,0.057,12.429,0.024,12.231,0.025,12.176,0.026,13.3259,0.000336,13.5887,0.002464,12.9056,0.000878,12.159,0.024,12.157,0.023,11.88,0.237,9.161,,Theia476,102.32929922807536,Kounkel2020,6606.0,1.1097,1.38
49244688,2.927212150025732e+18,101.492549152296,-20.3645515542061,1.3755,13.47,14.643,0.021,13.931,0.069,12.859,0.023,12.558,0.023,12.509,0.029,13.8888,0.000352,14.2094,0.001208,13.4119,0.00101,12.473,0.023,12.476,0.025,12.081,,8.947,,Theia476,102.32929922807536,Kounkel2020,6059.0,0.982553,1.13
49244713,2.927215311121676e+18,101.434003871635,-20.3499429681623,1.35345,16.3957,19.351,0.053,17.9179,0.0465,15.204,0.039,14.512,0.051,14.277,0.069,17.3231,0.000845,18.2024,0.011066,16.3966,0.004453,14.361,0.027,14.445,0.049,12.415,,9.075,,Theia476,102.32929922807536,Kounkel2020,3960.0,0.617747,0.602333
4614198,2.9270267105214213e+18,101.991700312688,-20.5781244776269,1.32576,15.0188,17.004,-0.093,15.967,0.08,14.079,0.032,13.596,0.033,13.514,0.049,15.6539,0.000712,16.207,0.003558,14.9607,0.001908,13.422,0.025,13.445,0.031,12.376,0.37,9.043,0.514,Theia476,102.32929922807536,Kounkel2020,4907.0,0.760121,0.8
4614806,2.926944178427806e+18,101.981021308123,-21.0119211366246,1.28033,12.4072,13.291,0.016,12.747,0.172,11.908,0.028,11.692,0.022,11.639,0.023,12.73,0.000242,12.9648,0.001424,12.3472,0.000649,11.596,0.023,11.641,0.021,11.685,0.205,8.513,,Theia476,102.32929922807536,Kounkel2020,6823.0,1.47019,1.47
49242759,2.926818524862977e+18,101.503427332229,-21.4773868459935,1.27768,10.4311,10.381,0.058,10.418,0.006,10.332,0.026,10.399,0.023,10.368,0.021,10.3933,0.0004,10.4001,0.000873,10.3895,0.000692,10.354,0.023,10.381,0.019,10.413,0.066,8.655,,Theia476,102.32929922807536,Kounkel2020,10849.0,2.15866,2.821
49243149,2.9268434013125417e+18,101.540697387509,-21.2439064039401,1.31988,13.783,14.977,0.027,14.267,0.092,13.138,0.026,12.837,0.022,12.789,0.029,14.2261,0.000507,14.5705,0.002084,13.7252,0.001868,12.725,0.024,12.777,0.025,12.147,,9.094,,Theia476,102.32929922807536,Kounkel2020,5942.0,0.923215,1.09
49243605,2.926992415198037e+18,101.510605767786,-20.9585699469913,1.08301,16.1494,18.461,0.054,17.4739,0.0465,14.893,0.04,14.202,0.052,14.022,0.055,16.9596,0.001844,17.7433,0.010612,16.0695,0.007132,14.042,0.031,13.998,0.041,12.869,,8.664,,Theia476,102.32929922807536,Kounkel2020,4149.0,0.797591,0.65
744808078,2.927013138423907e+18,101.452921104205,-20.6461986035405,1.42027,13.5933,,,14.1348,0.0468,,,,,,,14.0054,0.001183,14.135,0.027347,13.3513,0.020454,,,,,,,,,Theia476,102.32929922807536,Kounkel2020,,,
4614339,2.927023618145043e+18,101.953245389338,-20.6757166768046,1.40906,15.4513,17.569,-0.163,16.214,0.24,14.53,0.04,13.908,0.048,13.793,0.043,16.1651,0.000614,16.8224,0.004698,15.4086,0.0023,13.726,0.026,13.754,0.035,12.273,,9.153,,Theia476,102.32929922807536,Kounkel2020,4717.0,0.674511,0.76
4614514,2.9269515657713777e+18,101.990207663588,-20.8043513567875,1.36552,11.5047,11.916,0.255,12.041,0.03,11.214,0.023,11.172,0.023,11.09,0.021,11.6459,0.000601,11.749,0.001413,11.4529,0.00091,11.09,0.023,11.127,0.021,11.093,0.131,9.085,,Theia476,102.32929922807536,Kounkel2020,8092.0,1.62469,1.97
4614797,2.92694431586677e+18,101.93272318621,-21.0034665082106,1.23298,16.1344,18.452,0.056,17.495,0.0461,14.936,0.043,14.389,0.077,13.996,0.066,16.9639,0.000982,17.7938,0.007554,16.0916,0.003286,14.126,0.028,14.193,0.04,12.628,,9.033,,Theia476,102.32929922807536,Kounkel2020,4216.0,0.713725,0.66
49242409,2.926788322652794e+18,101.513355254805,-21.7076226342582,0.869462,14.1256,15.268,0.028,14.595,0.103,13.37,0.026,13.072,0.031,12.971,0.036,14.5582,0.000421,14.787,0.003264,13.9626,0.002668,12.881,0.024,12.914,0.025,12.657,,9.11,,Theia476,102.32929922807536,Kounkel2020,6021.0,1.16114,1.11
49243178,2.9268436761904466e+18,101.519722380711,-21.2268281854834,1.23055,16.2991,19.026,0.054,17.7059,0.0466,15.043,0.041,14.401,0.036,14.199,0.066,17.1446,0.002054,17.9855,0.010706,16.2334,0.006857,14.105,0.027,14.079,0.045,11.964,,9.09,,Theia476,102.32929922807536,Kounkel2020,4101.0,0.69952,0.64
49243748,2.9269941031287685e+18,101.53325317621,-20.874925608157,1.34366,11.6409,12.099,0.026,11.718,0.034,11.383,0.023,11.328,0.022,11.298,0.021,11.7938,0.000378,11.9066,0.001008,11.5913,0.000553,11.249,0.021,11.276,0.019,11.209,0.145,9.065,,Theia476,102.32929922807536,Kounkel2020,7979.0,1.5713,1.92
48883588,2.9268728819678536e+18,100.676676026395,-21.2852462372085,0.659469,14.4689,15.613,0.045,14.927,0.195,13.855,0.033,13.587,0.036,13.461,0.038,14.8962,0.000313,15.2199,0.002018,14.4058,0.001307,13.469,0.025,13.406,0.03,12.164,0.308,9.087,,Theia476,102.32929922807536,Kounkel2020,6062.0,1.28041,1.13
48957255,2.9271216464741074e+18,100.921606388696,-20.627706699269,2.4529,17.1316,20.799,0.17,19.7586,0.0609,15.508,0.058,14.895,0.075,14.48,0.094,18.4204,0.001564,19.9466,0.041466,17.205,0.005437,14.592,0.029,14.515,0.05,12.934,,8.952,,Theia476,102.32929922807536,Kounkel2020,3308.0,0.381676,0.370656
49005869,2.9272717298116224e+18,101.004632599826,-20.3095147894436,1.35251,13.2277,14.349,0.024,13.702,0.092,12.672,0.023,12.399,0.023,12.377,0.027,13.6209,0.000284,13.9182,0.001365,13.1689,0.001292,12.332,0.024,12.379,0.023,12.209,,8.565,,Theia476,102.32929922807536,Kounkel2020,6375.0,1.0621,1.27
49243493,2.9268950439991654e+18,101.523628321239,-21.0367331071751,1.38431,14.268,15.756,0.035,14.826,0.069,13.559,0.027,13.215,0.029,13.092,0.037,14.7804,0.000732,15.1948,0.002734,14.2109,0.001762,13.066,0.024,13.089,0.027,12.741,,8.809,,Theia476,102.32929922807536,Kounkel2020,5623.0,0.798914,1.0
49244051,2.9270094962914376e+18,101.541824753955,-20.7126662390986,1.32932,14.4217,17.261,0.044,14.967,0.08,13.692,0.026,13.268,0.035,13.156,0.033,14.9444,0.000937,15.3653,0.003673,14.3604,0.00215,13.231,0.027,13.281,0.03,12.637,,8.913,,Theia476,102.32929922807536,Kounkel2020,5552.0,0.790913,0.98
49244204,2.927018842140229e+18,101.526904788176,-20.6343079287904,1.32382,12.0005,12.644,0.03,12.161,0.046,11.591,0.022,11.496,0.022,11.441,0.023,12.2371,0.000974,12.4074,0.003844,11.9428,0.002462,11.393,0.023,11.44,0.021,11.581,0.193,9.002,,Theia476,102.32929922807536,Kounkel2020,7474.0,1.51152,1.72
49244263,2.9270191513778586e+18,101.520168190575,-20.6069190717463,1.32011,6.8362,9.004,0.0,7.8,0.03,5.905,0.018,5.34,0.036,5.206,0.018,7.48152,0.000196,8.06667,0.000953,6.79754,0.001006,5.168,0.191,5.061,0.066,5.154,0.014,5.099,0.031,Theia476,102.32929922807536,Kounkel2020,4734.93,36.1569,
49244498,2.9272101228015334e+18,101.512780311678,-20.4793501458115,1.40216,12.7406,13.657,0.022,13.077,0.069,12.23,0.024,12.036,0.025,12.017,0.024,13.0724,0.00036,13.3143,0.001062,12.6774,0.000839,11.953,0.023,11.985,0.022,11.899,0.266,9.097,,Theia476,102.32929922807536,Kounkel2020,6880.0,1.16565,1.49
49245139,2.9272545155830057e+18,101.513033580628,-20.1096465958621,1.34765,11.1095,11.45,0.119,11.043,0.008,10.867,0.023,10.837,0.022,10.813,0.021,11.178,0.000585,11.2435,0.001774,11.0613,0.001035,10.809,0.023,10.83,0.021,10.821,0.095,9.053,,Theia476,102.32929922807536,Kounkel2020,9059.0,1.78973,2.29
49253065,2.927235510345884e+18,101.570571437338,-20.3449995917656,1.21691,16.4567,19.123,0.058,18.0912,0.0466,15.159,0.045,14.522,0.068,14.415,0.089,17.4305,0.001082,18.3728,0.011906,16.4655,0.003955,14.273,0.03,14.287,0.05,12.598,0.518,8.868,,Theia476,102.32929922807536,Kounkel2020,3856.0,0.634713,0.615537
49013811,2.92722056816178e+18,101.158117298308,-20.3943882122045,1.35344,13.3771,14.537,0.028,13.848,0.114,12.806,0.024,12.505,0.023,12.476,0.024,13.7842,0.000391,14.0939,0.001679,13.3187,0.001108,12.447,0.023,12.486,0.023,12.17,,9.018,,Theia476,102.32929922807536,Kounkel2020,6220.0,1.01642,1.2
49014120,2.927204620939848e+18,101.118448042737,-20.5868379903784,1.3696,12.2918,13.103,0.01,12.604,0.08,11.866,0.023,11.649,0.021,11.637,0.023,12.5876,0.000195,12.802,0.001073,12.2339,0.000537,11.602,0.023,11.639,0.021,11.444,0.154,8.838,,Theia476,102.32929922807536,Kounkel2020,6984.0,1.39219,1.53
49014159,2.9272045178606336e+18,101.115017622532,-20.611754585914,1.25585,10.974,11.019,0.106,10.965,0.01,10.836,0.023,10.823,0.021,10.823,0.023,10.9801,0.000409,11.0164,0.001274,10.9352,0.001004,10.82,0.023,10.842,0.02,10.807,0.088,9.076,,Theia476,102.32929922807536,Kounkel2020,9979.0,1.85163,2.55
49014465,2.9271033284342845e+18,101.125669384547,-20.7944564976348,1.28186,15.703,18.022,0.048,16.8444,0.046,14.688,0.032,14.015,0.042,13.909,0.057,16.4382,0.000653,17.1191,0.006405,15.6408,0.002907,13.887,0.026,13.926,0.038,12.161,,8.927,,Theia476,102.32929922807536,Kounkel2020,4485.0,0.698393,0.7
49014492,2.927103023495926e+18,101.13014411837,-20.8139168189607,1.3469,15.5913,17.219,0.048,16.265,0.32,14.494,0.032,13.891,0.044,13.941,0.068,16.3391,0.000632,17.0384,0.006197,15.5302,0.002086,13.65,0.025,13.678,0.035,12.028,,8.85,,Theia476,102.32929922807536,Kounkel2020,4447.0,0.715374,0.7
49082368,2.9256437611085885e+18,101.253314229469,-22.2581887087286,1.93374,15.6502,18.075,0.045,17.2361,0.0459,14.418,0.028,13.776,0.023,13.699,0.052,16.6016,0.000475,17.5239,0.003986,15.6563,0.001424,13.556,0.025,13.598,0.033,12.708,,9.042,0.525,Theia476,102.32929922807536,Kounkel2020,3895.0,0.582434,0.573515
49083045,2.926783817225711e+18,101.258771920554,-21.8119694320069,1.38546,11.294,11.675,0.12,11.519,0.01,11.045,0.023,11.016,0.025,10.947,0.021,11.3968,0.000634,11.4815,0.001106,11.2498,0.000652,10.969,0.022,10.997,0.021,10.783,0.108,8.66,,Theia476,102.32929922807536,Kounkel2020,8430.0,1.68349,2.09
49243855,2.926995924194861e+18,101.543946973304,-20.8208097976025,1.33903,16.4326,18.626,0.061,17.9732,0.0466,15.27,0.049,14.482,0.039,14.609,0.097,17.3909,0.00138,18.2178,0.012349,16.4319,0.004655,14.357,0.032,14.463,0.058,12.479,,9.084,,Theia476,102.32929922807536,Kounkel2020,3982.0,0.562098,0.556008
49243905,2.927007812664336e+18,101.507414858063,-20.7928962777365,1.45735,16.3436,20.167,0.166,17.8798,0.0467,15.164,0.044,14.466,0.029,14.255,0.072,17.2988,0.001378,18.1267,0.013186,16.3428,0.003254,,,,,,,,,Theia476,102.32929922807536,Kounkel2020,3984.0,0.592328,0.581784
49244032,2.927008740377202e+18,101.537823444363,-20.7229297668318,1.19548,10.1163,10.031,0.021,10.088,0.023,10.035,0.023,10.072,0.022,10.068,0.019,10.0515,0.000603,10.0483,0.001184,10.0724,0.000991,10.089,0.023,10.11,0.02,10.095,0.059,8.672,,Theia476,102.32929922807536,Kounkel2020,12629.0,,
49244182,2.927018734755287e+18,101.531950621402,-20.6433498255724,1.4113,11.6032,11.955,0.01,11.651,0.046,11.355,0.023,11.296,0.022,11.282,0.024,11.7223,0.000405,11.8172,0.001372,11.5528,0.000825,11.271,0.023,11.296,0.021,11.444,0.207,9.184,,Theia476,102.32929922807536,Kounkel2020,8440.0,1.46709,2.09
49244634,2.92721177206862e+18,101.507623750154,-20.3965388372574,1.34534,13.0723,14.097,0.005,13.433,0.08,12.545,0.023,12.291,0.022,12.228,0.023,13.4453,0.00027,13.7221,0.001261,13.0132,0.001202,12.229,0.023,12.243,0.024,12.337,,8.682,,Theia476,102.32929922807536,Kounkel2020,6360.0,1.1145,1.26
49244759,2.9272356864464773e+18,101.536479866113,-20.3254381891871,1.37479,11.7715,11.893,0.21,11.576,0.015,11.428,0.022,11.339,0.022,11.317,0.021,11.9677,0.000361,12.1088,0.000995,11.7205,0.000898,11.333,0.023,11.353,0.022,11.378,0.166,8.968,,Theia476,102.32929922807536,Kounkel2020,7595.0,1.52839,1.77
49253436,2.927018429823256e+18,101.658568441893,-20.5544505946809,1.30929,15.0231,16.89,0.183,15.782,0.115,14.163,0.028,13.612,0.035,13.549,0.045,15.6379,0.000939,16.1637,0.003387,14.9618,0.002541,13.492,0.025,13.604,0.035,12.692,,8.505,,Theia476,102.32929922807536,Kounkel2020,4994.0,0.737855,0.83
49244948,2.9272404624500613e+18,101.526872028548,-20.218275796836,1.41098,14.8987,17.349,0.042,16.145,0.286,13.854,0.023,13.226,0.021,13.16,0.034,15.6346,0.000453,16.3095,0.00415,14.8422,0.001834,12.86,0.024,12.907,0.028,12.373,0.384,9.133,,Theia476,102.32929922807536,Kounkel2020,4600.0,0.910075,0.73
49252639,2.927248743147413e+18,101.664474999857,-20.0982257068763,1.38244,15.8841,17.05,0.055,17.1653,0.0461,14.723,0.041,14.023,0.038,13.978,0.065,16.682,0.000836,17.4273,0.008379,15.8073,0.00238,13.72,0.024,13.83,0.031,12.69,,8.998,,Theia476,102.32929922807536,Kounkel2020,4355.0,0.66419,0.68
49252724,2.927248502628759e+18,101.639189193286,-20.1391936042182,1.20639,16.5196,18.627,0.057,18.0662,0.0474,15.263,0.044,14.543,0.063,14.259,0.069,17.4783,0.001371,18.3144,0.018062,16.5195,0.005285,,,,,,,,,Theia476,102.32929922807536,Kounkel2020,3972.0,0.669113,0.641266
49253225,2.9270230683879045e+18,101.593316817333,-20.434474535658,1.15633,12.4267,13.627,0.035,12.864,0.057,11.793,0.023,11.526,0.023,11.485,0.024,12.8582,0.000417,13.1906,0.001805,12.3664,0.001797,11.419,0.023,11.424,0.022,11.776,0.206,8.542,,Theia476,102.32929922807536,Kounkel2020,6268.0,1.91797,1.22
49253575,2.927016059001386e+18,101.602179420531,-20.6393519328769,1.40895,14.156,15.567,0.022,14.663,0.069,13.406,0.029,13.094,0.024,12.992,0.029,14.6499,0.000655,15.0427,0.002676,14.0962,0.0019,12.976,0.024,13.0,0.028,12.804,0.516,8.952,0.474,Theia476,102.32929922807536,Kounkel2020,5708.0,0.799247,1.02
49253648,2.9270148907702825e+18,101.655189698899,-20.6809401866442,1.35425,13.4392,14.624,0.014,13.824,0.092,12.869,0.024,12.578,0.024,12.574,0.03,13.8546,0.000572,14.1717,0.002038,13.38,0.002049,12.492,0.022,12.52,0.023,12.854,,9.038,,Theia476,102.32929922807536,Kounkel2020,6233.0,0.998616,1.21
49084391,2.9269123613073347e+18,101.280975683276,-20.8953016918859,1.36539,10.7944,10.902,0.108,10.783,0.009,10.653,0.023,10.631,0.022,10.625,0.023,10.8093,0.000389,10.8463,0.000788,10.7467,0.000844,10.593,0.023,10.61,0.021,10.533,0.077,8.984,,Theia476,102.32929922807536,Kounkel2020,10016.0,1.87519,2.57
49084550,2.9269171373109023e+18,101.27429706074,-20.7912023705189,1.3306,10.6078,10.632,0.084,10.575,0.008,10.482,0.023,10.501,0.025,10.485,0.024,10.5986,0.000553,10.6177,0.000862,10.563,0.000829,10.322,0.023,10.333,0.019,10.492,0.082,8.921,,Theia476,102.32929922807536,Kounkel2020,10146.0,2.02448,2.6
49084593,2.927104707123065e+18,101.180539181232,-20.7666243165237,1.30011,14.3926,15.871,0.037,14.978,0.126,13.673,0.026,13.285,0.025,13.162,0.038,14.915,0.000637,15.3365,0.002618,14.3334,0.001964,13.14,0.024,13.176,0.028,11.833,,9.141,0.508,Theia476,102.32929922807536,Kounkel2020,5709.0,0.808104,1.02
49084740,2.927199505642286e+18,101.243204750518,-20.6828154797264,1.36285,11.498,11.487,0.16,11.324,0.013,11.242,0.023,11.232,0.023,11.208,0.021,11.5943,0.000417,11.674,0.00139,11.4486,0.00084,11.231,0.023,11.236,0.022,11.176,0.136,8.725,,Theia476,102.32929922807536,Kounkel2020,8641.0,1.54299,2.16
49084812,2.9272005321320443e+18,101.203197001106,-20.6481298605933,1.38031,16.567,18.854,0.067,18.2329,0.0469,15.324,0.056,14.541,0.058,14.339,0.074,17.5535,0.001113,18.5129,0.013523,16.5778,0.004282,14.266,0.029,14.416,0.044,12.795,,8.342,,Theia476,102.32929922807536,Kounkel2020,3829.0,0.599164,0.587406
49084888,2.927203834969312e+18,101.169254045909,-20.6135299766487,1.34948,14.2914,15.786,0.045,14.856,0.092,13.571,0.033,13.169,0.033,13.134,0.037,14.8064,0.000468,15.2247,0.002235,14.2351,0.001569,13.015,0.023,13.057,0.029,11.933,0.274,9.036,,Theia476,102.32929922807536,Kounkel2020,5562.0,0.817508,0.98
49085152,2.927213382674763e+18,101.283383441703,-20.4486827871775,1.31705,14.654,16.333,0.006,15.388,0.046,13.887,0.027,13.378,0.022,13.362,0.034,15.2161,0.000462,15.6802,0.001947,14.5942,0.001767,13.247,0.024,13.411,0.03,12.07,,9.152,,Theia476,102.32929922807536,Kounkel2020,5367.0,0.772637,0.93
49243963,2.927008534218797e+18,101.530038771702,-20.7543210607358,1.25638,6.5626,7.824,0.024,7.25,0.03,5.74,0.034,5.272,0.053,5.04,0.021,7.03759,0.000174,7.42719,0.000918,6.51837,0.001646,5.037,0.181,4.912,0.083,5.024,0.015,4.966,0.029,Theia476,102.32929922807536,Kounkel2020,4350.0,58.7807,
49243967,2.927008224981158e+18,101.516299246524,-20.7508966454327,1.33651,10.8345,10.84,0.016,10.714,0.023,10.672,0.03,10.664,0.039,10.577,0.027,10.8292,0.000407,10.8465,0.002135,10.7872,0.00198,10.403,0.023,10.471,0.02,10.563,0.085,9.238,,Theia476,102.32929922807536,Kounkel2020,10001.0,1.82791,2.56
49245051,2.927254034546692e+18,101.523355325944,-20.1599800569611,1.37057,15.7934,18.136,0.051,16.462,1.133,14.719,0.037,14.008,0.05,13.919,0.053,16.5423,0.00072,17.2336,0.01047,15.7259,0.00277,13.904,0.028,14.047,0.04,11.896,,9.017,,Theia476,102.32929922807536,Kounkel2020,4466.0,0.641339,0.7
49252947,2.927237610591765e+18,101.641875553353,-20.2803004895484,1.38263,13.1255,14.173,0.025,13.526,0.114,12.574,0.023,12.332,0.027,12.282,0.023,13.4984,0.000432,13.7787,0.001609,13.0635,0.001217,12.266,0.023,12.292,0.024,11.902,0.243,9.151,,Theia476,102.32929922807536,Kounkel2020,6740.0,1.0517,1.44
49253710,2.927014409734e+18,101.593029981071,-20.713370064352,1.39718,14.293,15.838,0.071,14.813,0.069,13.577,0.029,13.172,0.032,13.089,0.033,14.8126,0.000652,15.2341,0.002492,14.2343,0.001768,13.1,0.024,13.189,0.025,12.683,,8.994,,Theia476,102.32929922807536,Kounkel2020,5484.0,0.800914,0.96
49253717,2.927014409725778e+18,101.602856016435,-20.7156028538601,1.306,14.0328,15.367,0.056,14.486,0.08,13.292,0.026,12.976,0.028,12.917,0.03,14.5129,0.000723,14.8499,0.004481,13.931,0.003857,12.823,0.023,12.891,0.024,12.194,0.303,9.211,,Theia476,102.32929922807536,Kounkel2020,5739.0,0.890726,1.03
49244875,2.927240256291651e+18,101.519832803171,-20.252933632902,1.0724,15.3015,17.455,0.0,16.237,1.133,14.25,0.028,13.675,0.038,13.489,0.047,15.9974,0.001151,16.6064,0.004233,15.2234,0.002051,13.516,0.025,13.533,0.031,12.384,,9.207,,Theia476,102.32929922807536,Kounkel2020,4657.0,0.930492,0.74
49253113,2.927234758733929e+18,101.641994733822,-20.3704602765874,1.33773,16.5663,19.449,0.064,18.2237,0.047,15.317,0.053,14.589,0.071,14.587,0.099,17.5513,0.001785,18.501,0.014362,16.5763,0.005519,14.275,0.028,14.219,0.044,12.709,,9.157,,Theia476,102.32929922807536,Kounkel2020,3839.0,0.567645,0.560853
49253433,2.927021006803659e+18,101.600223881051,-20.5530895188359,1.39029,15.0758,16.617,0.0,15.681,0.149,14.227,0.033,13.736,0.032,13.616,0.054,15.7021,0.000519,16.2395,0.003861,15.0175,0.001394,13.559,0.025,13.58,0.032,11.729,0.232,8.496,0.281,Theia476,102.32929922807536,Kounkel2020,5063.0,0.684464,0.85
49253594,2.9270158828970035e+18,101.548707144463,-20.6490106346354,1.37056,11.6841,12.182,0.025,11.817,0.035,11.409,0.033,11.26,0.037,11.206,0.03,11.8694,0.000307,12.0042,0.0011,11.6283,0.000678,11.017,0.022,11.033,0.02,10.952,0.096,9.134,,Theia476,102.32929922807536,Kounkel2020,7873.0,1.57843,1.88
49253655,2.9270147876911017e+18,101.594593692555,-20.6839151391512,1.38946,11.2423,11.41,0.016,11.214,0.023,11.113,0.024,11.068,0.021,11.033,0.021,11.2812,0.000626,11.3293,0.001685,11.1948,0.000861,11.006,0.023,11.04,0.02,11.346,0.162,9.143,,Theia476,102.32929922807536,Kounkel2020,9482.0,1.56139,2.41
49253740,2.927002589984001e+18,101.617978463592,-20.7316697305231,1.37247,14.9321,17.06,0.042,15.607,0.115,14.094,0.023,13.54,0.028,13.562,0.041,15.533,0.000789,16.0455,0.004357,14.8732,0.001834,13.471,0.026,13.5,0.032,12.404,,9.245,,Theia476,102.32929922807536,Kounkel2020,5045.0,0.71519,0.84
49253782,2.9270024869048013e+18,101.618854223167,-20.7554989960519,1.39377,14.4577,16.033,0.055,14.952,0.046,13.704,0.023,13.295,0.032,13.226,0.034,14.9967,0.000851,15.438,0.003382,14.3987,0.002988,13.178,0.024,13.258,0.028,12.635,,9.073,,Theia476,102.32929922807536,Kounkel2020,5409.0,0.770835,0.94
49253198,2.927210775636557e+18,101.572776606318,-20.4197358594695,1.3956,12.8425,13.788,0.014,13.169,0.057,12.328,0.024,12.137,0.023,12.115,0.026,13.1844,0.000303,13.4345,0.001049,12.7805,0.000791,12.075,0.024,12.068,0.024,12.39,0.374,8.811,,Theia476,102.32929922807536,Kounkel2020,6741.0,1.13601,1.44
49253323,2.9270225529918474e+18,101.599118709696,-20.4860274335201,1.32896,15.3634,17.46,-0.165,16.051,0.229,14.375,0.029,13.825,0.029,13.731,0.044,16.0487,0.001631,16.6571,0.008092,15.3002,0.005305,,,,,,,,,Theia476,102.32929922807536,Kounkel2020,4722.0,0.713583,0.76
49253393,2.9270220032360765e+18,101.553755576625,-20.528209312656,1.35559,11.267,11.571,0.18,11.563,0.018,11.079,0.026,11.071,0.025,10.997,0.021,11.3253,0.000761,11.3856,0.001366,11.2135,0.000707,10.98,0.023,11.003,0.022,11.102,0.112,9.035,0.478,Theia476,102.32929922807536,Kounkel2020,9444.0,1.62696,2.4
49253614,2.9270152000079334e+18,101.614303609086,-20.6583183006139,1.25726,10.3614,10.276,0.065,10.254,0.006,10.221,0.024,10.195,0.022,10.194,0.019,10.3919,0.000537,10.4447,0.000668,10.3206,0.000586,10.161,0.023,10.17,0.02,10.297,0.068,8.633,,Theia476,102.32929922807536,Kounkel2020,9735.0,2.55119,2.48
49253698,2.9270146502521743e+18,101.571784729342,-20.7067765849486,1.03684,10.3511,10.347,0.073,10.391,0.008,10.182,0.023,10.172,0.024,10.147,0.019,10.3569,0.000625,10.3875,0.000989,10.3052,0.000784,10.134,0.023,10.173,0.019,10.115,0.052,8.526,,Theia476,102.32929922807536,Kounkel2020,10046.0,2.99246,2.57
49253770,2.92700843113955e+18,101.588735376193,-20.7495280704325,1.40762,11.4567,11.86,0.021,11.528,0.023,11.159,0.023,11.095,0.021,11.037,0.019,11.5923,0.000432,11.6975,0.001259,11.4038,0.000745,11.012,0.023,11.04,0.02,10.864,0.1,8.706,,Theia476,102.32929922807536,Kounkel2020,8337.0,1.6085,2.06
49245243,2.9272560961309327e+18,101.522584178225,-20.0417725801654,1.30384,14.5835,12.804,0.044,15.095,0.183,13.605,0.026,13.162,0.094,13.046,0.034,15.1833,0.000441,15.6862,0.002712,14.5159,0.001263,12.272,0.03,12.354,0.032,11.914,,8.45,,Theia476,102.32929922807536,Kounkel2020,5039.0,0.882416,0.84
49252651,2.927254756101148e+18,101.575813055927,-20.1036548715869,1.32508,14.1971,15.633,0.045,14.635,0.114,13.523,0.024,13.165,0.035,13.12,0.029,14.6841,0.000672,15.0715,0.002788,14.1387,0.001853,13.08,0.025,13.128,0.029,12.285,,9.035,,Theia476,102.32929922807536,Kounkel2020,5702.0,0.82488,1.02
49253454,2.92701970113362e+18,101.573986304025,-20.5653007471173,1.38104,12.4824,13.319,0.014,12.785,0.137,12.05,0.026,11.857,0.028,11.795,0.027,12.7881,0.00025,13.01,0.001232,12.4214,0.000911,11.711,0.024,11.751,0.022,11.878,0.307,9.239,,Theia476,102.32929922807536,Kounkel2020,7020.0,1.28267,1.55
49253686,2.927014856410561e+18,101.645631254761,-20.6978297220778,1.3477,15.1586,17.147,0.051,15.939,0.183,14.259,0.036,13.685,0.035,13.669,0.051,15.8012,0.000525,16.3603,0.003419,15.0991,0.001665,13.475,0.025,13.584,0.03,12.425,,8.943,,Theia476,102.32929922807536,Kounkel2020,4906.0,0.709225,0.8
49253708,2.927002723118813e+18,101.645690654575,-20.7124963361278,1.41059,9.4393,9.325,0.037,9.351,0.004,9.412,0.023,9.452,0.022,9.44,0.023,9.36482,0.000275,9.35554,0.00083,9.39959,0.000789,9.443,0.023,9.481,0.02,9.491,0.032,8.962,,Theia476,102.32929922807536,Kounkel2020,12570.0,,
49085415,2.9272272339509207e+18,101.282924461547,-20.2957833960042,1.22173,11.3362,11.644,0.015,11.456,0.046,11.136,0.027,11.029,0.022,10.998,0.021,11.4376,0.000558,11.5209,0.001428,11.2859,0.000902,11.005,0.023,11.017,0.021,11.092,0.125,8.305,,Theia476,102.32929922807536,Kounkel2020,8627.0,1.86473,2.16
49085437,2.9272275431885804e+18,101.233983339208,-20.2837135496674,1.37639,13.0034,14.023,0.008,13.397,0.08,12.49,0.024,12.221,0.023,12.159,0.023,13.3724,0.000299,13.6468,0.001099,12.9451,0.000798,12.176,0.023,12.207,0.024,11.99,0.342,8.531,,Theia476,102.32929922807536,Kounkel2020,6408.0,1.1176,1.29
49182870,2.927229604772826e+18,101.300440798038,-20.2293648443449,1.28513,15.4174,17.848,0.048,16.141,0.16,14.358,0.032,13.816,0.049,13.674,0.04,16.1032,0.001026,16.7158,0.006489,15.3585,0.003124,13.633,0.026,13.755,0.035,12.669,,9.06,,Theia476,102.32929922807536,Kounkel2020,4730.0,0.719265,0.76
49183027,2.9272159639567124e+18,101.392071957295,-20.3324002684026,1.32666,14.8545,17.201,0.045,15.689,0.115,13.991,0.028,13.506,0.038,13.461,0.044,15.4656,0.000624,15.9871,0.002546,14.7966,0.001775,13.261,0.024,13.25,0.03,12.426,0.437,8.725,,Theia476,102.32929922807536,Kounkel2020,5100.0,0.7726,0.86
49183087,2.9272155516398715e+18,101.393184104429,-20.3671820673488,1.39013,15.7684,18.376,0.05,16.9775,0.0461,14.715,0.035,14.115,0.044,13.929,0.055,16.5347,0.00062,17.2559,0.007409,15.7088,0.003094,13.866,0.026,13.881,0.04,12.737,,8.725,,Theia476,102.32929922807536,Kounkel2020,4431.0,0.657974,0.69
49183366,2.927208920210459e+18,101.382554381402,-20.5312575426328,1.37047,14.075,15.482,0.045,14.656,0.103,13.403,0.024,13.074,0.023,12.981,0.027,14.5659,0.00063,14.9589,0.003089,14.0183,0.001686,12.945,0.025,12.973,0.027,12.04,,9.01,,Theia476,102.32929922807536,Kounkel2020,5703.0,0.848937,1.02
49183465,2.9272018764641265e+18,101.380589589212,-20.5919778500917,1.3923,16.7804,18.217,0.059,18.4505,0.0505,15.502,0.047,14.893,0.057,14.789,0.096,17.8014,0.001318,18.6773,0.030703,16.7876,0.008657,14.485,0.031,14.641,0.058,12.678,,9.116,,Theia476,102.32929922807536,Kounkel2020,3873.0,0.518948,0.516467
49183627,2.9270125156462853e+18,101.420220157031,-20.6936082577322,1.2375,7.896,7.724,0.026,7.802,0.003,7.915,0.029,7.986,0.036,7.98,0.02,7.80192,0.000475,7.78416,0.001356,7.86245,0.002391,7.989,0.026,8.044,0.02,8.032,0.02,7.665,0.139,Theia476,102.32929922807536,Kounkel2020,12982.0,,
49183804,2.927010252205848e+18,101.309157629688,-20.7828008966608,1.39842,13.0445,14.033,0.015,13.393,0.08,12.519,0.024,12.307,0.025,12.222,0.026,13.4048,0.000301,13.6707,0.001672,12.9819,0.001674,12.215,0.023,12.215,0.023,12.047,0.277,9.233,,Theia476,102.32929922807536,Kounkel2020,6666.0,1.06118,1.41
49183878,2.927006713152792e+18,101.382427757223,-20.8296111719403,1.34823,12.1019,12.758,0.022,12.285,0.046,11.719,0.023,11.606,0.023,11.565,0.026,12.339,0.000945,12.508,0.003872,12.0434,0.002291,11.502,0.023,11.553,0.021,11.669,0.205,8.977,0.495,Theia476,102.32929922807536,Kounkel2020,7444.0,1.41742,1.71
49183892,2.926913082861777e+18,101.328876112626,-20.8386535057974,1.35243,14.0099,15.341,0.043,14.609,0.115,13.371,0.029,13.027,0.035,12.988,0.036,14.4815,0.000522,14.8531,0.002847,13.9512,0.001609,12.877,0.025,12.914,0.027,12.248,,8.962,,Theia476,102.32929922807536,Kounkel2020,5898.0,0.848916,1.07
49183913,2.926913014142304e+18,101.335798592367,-20.8532838126851,1.34078,12.5062,13.355,0.018,12.81,0.149,12.054,0.023,11.884,0.023,11.806,0.026,12.8146,0.000189,13.0369,0.001306,12.4478,0.000778,11.802,0.024,11.822,0.022,11.351,0.194,8.892,,Theia476,102.32929922807536,Kounkel2020,6822.0,1.3126,1.47
49184904,2.9268075641056824e+18,101.338353514183,-21.4782848859349,1.2518,16.4815,18.523,0.064,20.709,1.133,15.186,0.052,14.49,0.063,14.451,0.084,17.4655,0.001378,18.3582,0.025422,16.4874,0.004669,14.351,0.049,14.357,0.068,12.616,0.538,8.869,,Theia476,102.32929922807536,Kounkel2020,3892.0,0.616173,0.601088
49243776,2.926994309287216e+18,101.482354054458,-20.8609341906479,1.44665,16.0379,18.571,0.054,17.2944,0.0461,14.938,0.04,14.268,0.039,13.973,0.053,16.8224,0.00087,17.5596,0.007146,15.9595,0.003032,14.08,0.029,14.19,0.046,12.218,,9.015,,Theia476,102.32929922807536,Kounkel2020,4307.0,0.584389,0.67
49244296,2.927019529334959e+18,101.540705763367,-20.5909315859175,1.35105,10.8129,11.242,0.02,10.928,0.023,10.536,0.023,10.441,0.023,10.405,0.021,10.9634,0.000532,11.0871,0.001015,10.7672,0.000708,10.383,0.023,10.399,0.02,10.353,0.066,8.986,0.452,Theia476,102.32929922807536,Kounkel2020,8239.0,2.29866,2.02
49253675,2.92701485641056e+18,101.641949533893,-20.6926332572,1.38697,16.2631,18.799,0.054,17.6344,0.0467,14.989,0.04,14.429,0.055,14.163,0.059,17.0953,0.001086,17.9131,0.013356,16.1976,0.004979,14.244,0.032,14.386,0.047,12.442,,9.097,,Theia476,102.32929922807536,Kounkel2020,4162.0,0.610384,0.65
49253729,2.927008671657716e+18,101.559671795541,-20.7252538771474,1.3845,13.0588,14.089,0.012,13.416,0.092,12.491,0.028,12.285,0.03,12.214,0.034,13.4324,0.000253,13.7102,0.001328,12.9979,0.00096,12.14,0.026,12.159,0.026,12.345,0.413,9.14,,Theia476,102.32929922807536,Kounkel2020,6503.0,1.08797,1.33
49253801,2.926996405231116e+18,101.625432425381,-20.7662399403811,1.25583,14.333,15.819,0.017,14.903,0.092,13.601,0.026,13.206,0.03,13.131,0.029,14.8437,0.000374,15.2562,0.002363,14.2752,0.001401,13.133,0.024,13.109,0.026,12.156,,9.26,,Theia476,102.32929922807536,Kounkel2020,5576.0,0.854615,0.98
49253821,2.9269965770298194e+18,101.60961926564,-20.7749085639525,1.38071,15.7163,18.509,0.046,16.625,0.286,14.638,0.03,14.051,0.038,13.928,0.062,16.4498,0.000648,17.1218,0.006398,15.6467,0.00287,13.823,0.028,13.899,0.036,12.55,,8.95,,Theia476,102.32929922807536,Kounkel2020,4483.0,0.643891,0.7
49253916,2.926995374439001e+18,101.631768155176,-20.8273215255263,1.51343,15.7785,17.899,0.046,16.485,0.218,14.704,0.029,13.967,0.047,13.898,0.058,16.5281,0.001444,17.2129,0.008438,15.6983,0.00541,13.656,0.025,13.75,0.032,12.828,,9.236,,Theia476,102.32929922807536,Kounkel2020,4425.0,0.588417,0.69
49244195,2.927013791258734e+18,101.439844235008,-20.6377633873538,1.39179,13.3636,14.425,0.026,13.76,0.114,12.795,0.026,12.521,0.022,12.502,0.027,13.7616,0.000435,14.06,0.001907,13.3021,0.00136,12.463,0.023,12.533,0.024,12.381,,8.798,,Theia476,102.32929922807536,Kounkel2020,6287.0,0.979967,1.23
49244233,2.9270139286976686e+18,101.451817219155,-20.6191832491872,1.474,12.9229,13.799,0.038,13.257,0.057,12.374,0.026,12.155,0.023,12.078,0.029,13.2916,0.000258,13.5601,0.001103,12.8585,0.001022,,,,,,,,,Theia476,102.32929922807536,Kounkel2020,6435.0,1.0832,1.3
49244445,2.9272083360948746e+18,101.434274361939,-20.5138373087516,1.35572,11.0131,11.19,0.138,11.053,0.012,10.84,0.023,10.858,0.023,10.838,0.023,11.0351,0.000894,11.073,0.001801,10.967,0.000721,10.808,0.023,10.849,0.021,10.735,0.094,8.999,,Theia476,102.32929922807536,Kounkel2020,9681.0,1.73297,2.47
49244467,2.92720857661331e+18,101.477479785422,-20.4984826895195,1.44297,12.7385,13.879,0.017,13.132,0.057,12.149,0.024,11.89,0.029,11.858,0.019,13.1451,0.00037,13.4523,0.001618,12.6782,0.001186,11.731,0.023,11.782,0.022,11.029,0.139,9.084,,Theia476,102.32929922807536,Kounkel2020,6209.0,1.28069,1.19
49244689,2.927212150025729e+18,101.499863665643,-20.3644922777731,1.49875,14.6324,16.539,0.075,15.391,0.08,13.778,0.024,13.289,0.027,13.112,0.035,15.242,0.000387,15.7684,0.002184,14.5746,0.001553,13.147,0.023,13.209,0.029,12.7,,9.038,,Theia476,102.32929922807536,Kounkel2020,4945.0,0.772289,0.81
49244953,2.9272520416819205e+18,101.445849177502,-20.2158458059054,1.22544,14.3282,16.193,0.017,15.131,0.057,13.438,0.024,12.929,0.022,12.838,0.026,14.9337,0.00059,15.4515,0.00237,14.2717,0.001507,12.849,0.024,12.888,0.027,12.521,0.422,9.177,,Theia476,102.32929922807536,Kounkel2020,5086.0,1.05672,0.85
49253598,2.927015818483253e+18,101.54924461089,-20.6507288049549,1.38023,14.4384,,,15.196,0.08,13.494,0.043,12.945,0.044,12.796,0.039,15.0734,0.001104,15.6041,0.005002,14.3598,0.00263,,,,,,,,,Theia476,102.32929922807536,Kounkel2020,4940.0,0.950287,0.81
49253619,2.927015062568964e+18,101.651352336979,-20.6608270883496,1.32445,11.9233,12.507,0.025,12.085,0.057,11.56,0.023,11.468,0.028,11.412,0.021,12.1367,0.00028,12.2891,0.000946,11.8647,0.000827,11.398,0.023,11.424,0.022,11.492,0.156,9.137,,Theia476,102.32929922807536,Kounkel2020,7657.0,1.51652,1.79
49253734,2.927008671657718e+18,101.560132063336,-20.7268955200828,1.36506,16.5851,,,18.1736,0.0497,15.248,0.073,14.718,0.085,14.338,0.083,17.6022,0.001757,18.3514,0.030295,16.5829,0.004961,,,,,,,,,Theia476,102.32929922807536,Kounkel2020,4002.0,0.604069,0.591396
49253745,2.92700849555486e+18,101.570701972483,-20.7332248870541,1.36991,13.9077,15.021,0.048,14.237,0.115,13.185,0.037,12.901,0.047,12.816,0.04,14.3586,0.000614,14.6871,0.006392,13.8265,0.004264,12.566,0.023,12.625,0.026,12.164,,9.136,,Theia476,102.32929922807536,Kounkel2020,5918.0,0.851671,1.08
49253826,2.9269963708713887e+18,101.614426534972,-20.7777141112073,1.40339,15.1198,17.238,-0.112,15.776,0.115,14.253,0.026,13.751,0.037,13.673,0.043,15.7592,0.000596,16.3174,0.00436,15.0603,0.002485,13.607,0.026,13.718,0.033,12.382,,8.807,,Theia476,102.32929922807536,Kounkel2020,4860.0,0.694592,0.79
49305063,2.926994824683235e+18,101.588629523836,-20.8561955844544,1.34092,10.7491,10.87,0.019,10.728,0.012,10.582,0.023,10.605,0.024,10.562,0.021,10.7707,0.000391,10.8085,0.001705,10.7051,0.000925,10.54,0.023,10.569,0.019,10.608,0.077,9.109,,Theia476,102.32929922807536,Kounkel2020,9615.0,1.97636,2.45
49305260,2.9269888460888166e+18,101.631813199688,-20.971828727074,1.34667,13.3915,14.549,0.023,13.77,0.057,12.822,0.026,12.55,0.03,12.507,0.026,13.7939,0.000343,14.1008,0.001512,13.3343,0.001036,12.457,0.024,12.498,0.024,11.951,,9.228,,Theia476,102.32929922807536,Kounkel2020,6285.0,1.00562,1.23
49243992,2.9270089808954025e+18,101.502838833357,-20.7416791632736,1.38695,14.0109,16.731,0.042,14.54,0.08,13.343,0.022,12.975,0.022,12.876,0.029,14.487,0.00065,14.8594,0.003315,13.9482,0.002024,12.786,0.025,12.941,0.028,12.331,,9.099,,Theia476,102.32929922807536,Kounkel2020,5722.0,0.844807,1.02
49244066,2.927009565010918e+18,101.527614319873,-20.7076625539311,1.28003,9.5767,9.474,0.04,9.455,0.004,9.462,0.023,9.465,0.022,9.444,0.019,9.5379,0.000447,9.54661,0.001065,9.5319,0.00097,9.467,0.023,9.504,0.019,9.478,0.037,9.096,,Theia476,102.32929922807536,Kounkel2020,11373.0,3.11807,2.99
49244403,2.9270207662858184e+18,101.508554035083,-20.5350620059886,1.36547,14.903,17.188,0.045,15.653,0.149,14.057,0.028,13.521,0.031,13.494,0.034,15.5021,0.000699,16.0161,0.00275,14.8478,0.001778,13.499,0.026,13.508,0.029,12.872,,9.061,,Theia476,102.32929922807536,Kounkel2020,5053.0,0.725657,0.84
49244756,2.9272357895256893e+18,101.54683282043,-20.3265213246682,1.38919,14.2308,15.671,0.06,14.811,0.092,13.509,0.024,13.156,0.022,13.056,0.029,14.7279,0.000403,15.1266,0.002013,14.1725,0.001236,13.072,0.025,13.118,0.028,12.032,,8.636,,Theia476,102.32929922807536,Kounkel2020,5558.0,0.797069,0.98
49253355,2.927021797077612e+18,101.605296220548,-20.5059608834805,1.34869,14.2418,15.632,0.021,14.892,0.057,13.658,0.03,13.233,0.036,13.109,0.033,14.7388,0.001053,15.0993,0.007387,14.1469,0.006435,12.853,0.023,12.969,0.027,12.051,,9.249,,Theia476,102.32929922807536,Kounkel2020,5814.0,0.798538,1.05
49253515,2.927017673900448e+18,101.627107674788,-20.6001661314148,1.30565,16.0373,18.827,0.051,17.6189,0.0466,14.84,0.036,14.214,0.038,13.961,0.058,17.0,0.001663,17.8848,0.011442,16.0413,0.004422,13.804,0.027,13.849,0.037,12.132,0.33,8.978,,Theia476,102.32929922807536,Kounkel2020,3920.0,0.692601,0.65822
49305267,2.9269894302044017e+18,101.562367904532,-20.9769785325626,1.45181,15.0924,17.048,-0.104,16.068,0.08,14.223,0.032,13.718,0.037,13.631,0.044,15.7171,0.000613,16.2616,0.003516,15.0336,0.00174,13.613,0.027,13.657,0.037,12.18,,8.998,,Theia476,102.32929922807536,Kounkel2020,4862.0,0.666299,0.79
49253781,2.927008396779816e+18,101.58722948474,-20.7544426124901,1.3775,11.3245,12.05,0.006,11.521,0.023,10.903,0.023,10.754,0.022,10.745,0.019,11.5893,0.000584,11.7837,0.001282,11.2687,0.000892,10.699,0.023,10.7,0.02,10.596,0.083,8.796,,Theia476,102.32929922807536,Kounkel2020,7292.0,2.06482,1.65
49253832,2.9269965083103667e+18,101.567966170069,-20.7800205405157,1.39016,15.1535,17.994,0.045,15.954,0.092,14.217,0.028,13.726,0.042,13.605,0.045,15.8039,0.000685,16.3691,0.005913,15.0918,0.002568,13.597,0.025,13.795,0.034,12.782,,9.16,,Theia476,102.32929922807536,Kounkel2020,4890.0,0.698837,0.8
49305080,2.9269946872442614e+18,101.636103567127,-20.8672969591268,1.3544,15.1301,17.033,0.046,15.821,0.126,14.225,0.029,13.732,0.044,13.636,0.047,15.7757,0.000691,16.3464,0.003642,15.0757,0.001958,13.593,0.026,13.616,0.033,12.394,,8.843,,Theia476,102.32929922807536,Kounkel2020,4838.0,0.724746,0.79
49305101,2.926993377270991e+18,101.556315195725,-20.8773626954911,1.40297,16.1945,18.662,0.05,17.529,0.0468,15.085,0.035,14.426,0.034,14.199,0.062,17.0097,0.001793,17.8044,0.015022,16.1221,0.005439,13.89,0.029,13.958,0.039,11.874,,8.72,,Theia476,102.32929922807536,Kounkel2020,4157.0,0.608604,0.65
49305117,2.9269931066963425e+18,101.577231300519,-20.8876540467815,1.43647,14.3879,15.936,0.061,14.904,0.092,13.65,0.024,13.273,0.026,13.198,0.034,14.9104,0.000807,15.33,0.004763,14.3245,0.003975,13.169,0.024,13.194,0.026,12.073,,9.207,,Theia476,102.32929922807536,Kounkel2020,5491.0,0.748666,0.96
49305287,2.926988743009616e+18,101.619495196871,-20.9913680071723,1.45506,16.2346,19.03,0.054,17.7021,0.047,15.024,0.04,14.407,0.05,14.291,0.073,17.145,0.000938,17.976,0.016468,16.2308,0.003445,14.15,0.029,14.174,0.046,12.594,,8.961,,Theia476,102.32929922807536,Kounkel2020,4028.0,0.58625,0.576723
49305313,2.9269884681317053e+18,101.645792814034,-21.0042963076173,1.43545,15.5099,17.332,0.049,16.416,0.446,14.532,0.033,13.913,0.035,13.821,0.051,16.2224,0.000781,16.8776,0.004956,15.4535,0.003098,13.731,0.027,13.88,0.037,12.73,,8.756,,Theia476,102.32929922807536,Kounkel2020,4565.0,0.656103,0.72
49253533,2.9270192544570604e+18,101.55166600639,-20.6115933923201,1.43049,16.4176,19.713,0.168,18.0233,0.0471,15.133,0.049,14.493,0.046,14.23,0.078,17.38,0.002262,18.3053,0.014351,16.4243,0.006629,14.144,0.028,14.314,0.046,12.156,,8.596,,Theia476,102.32929922807536,Kounkel2020,3882.0,0.604745,0.591943
49253540,2.9270163682390154e+18,101.60214380904,-20.6158938698929,1.36494,11.1864,11.409,0.017,11.191,0.023,10.979,0.023,10.945,0.021,10.926,0.021,11.2525,0.000762,11.3155,0.00137,11.1402,0.000652,10.902,0.023,10.917,0.021,10.897,0.095,9.133,,Theia476,102.32929922807536,Kounkel2020,8982.0,1.70186,2.27
49253577,2.927015852842969e+18,101.575909831163,-20.6403906625428,1.391,15.4753,17.812,0.051,16.143,0.195,14.537,0.036,13.923,0.022,13.855,0.052,16.1733,0.00063,16.8026,0.003588,15.4154,0.002016,13.819,0.026,13.936,0.037,12.525,0.485,9.346,,Theia476,102.32929922807536,Kounkel2020,4655.0,0.666186,0.74
49253636,2.9270148220508257e+18,101.605843075046,-20.6708291574396,1.27412,9.1938,9.098,0.032,9.142,0.003,9.079,0.024,9.139,0.024,9.083,0.019,9.16197,0.00053,9.17475,0.000729,9.1483,0.001012,9.071,0.023,9.081,0.02,8.93,0.03,8.706,0.32,Theia476,102.32929922807536,Kounkel2020,11169.0,3.80921,2.92
49253791,2.9270082893984886e+18,101.565339164032,-20.7597656856992,1.16431,9.2486,9.207,0.035,9.25,0.004,8.851,0.045,9.0,0.062,8.539,,9.19486,0.000387,9.17958,0.002192,9.18389,0.003334,8.458,0.022,8.491,0.019,8.543,0.022,8.245,0.245,Theia476,102.32929922807536,Kounkel2020,,,
49305077,2.926994824683241e+18,101.588699916036,-20.8647091080491,1.41826,14.2823,15.823,0.132,14.821,0.149,13.546,0.026,13.185,0.03,13.108,0.03,14.8001,0.000584,15.2173,0.002408,14.2213,0.002012,13.031,0.024,13.086,0.027,12.469,,8.869,,Theia476,102.32929922807536,Kounkel2020,5502.0,0.789888,0.97
49305194,2.926992866178209e+18,101.562740829,-20.9293018429983,1.36193,15.0545,16.683,0.046,15.745,0.126,14.168,0.029,13.639,0.032,13.585,0.046,15.6686,0.000554,16.1951,0.003803,14.9913,0.001608,13.56,0.026,13.604,0.034,12.844,,9.031,,Theia476,102.32929922807536,Kounkel2020,4918.0,0.705751,0.81
49253765,2.9270024181852964e+18,101.662826751336,-20.7450316989739,1.39792,12.152,12.881,0.011,12.375,0.057,11.718,0.022,11.59,0.024,11.594,0.024,12.4182,0.000208,12.61,0.001007,12.0951,0.000738,11.542,0.023,11.548,0.021,11.449,0.181,9.137,,Theia476,102.32929922807536,Kounkel2020,7192.0,1.39349,1.61
49253856,2.926996439590896e+18,101.581176106251,-20.7964693863424,1.88827,16.9946,20.214,0.171,18.8016,0.0489,15.628,0.059,15.013,0.083,15.07,0.138,18.0636,0.001673,19.0316,0.022315,17.0118,0.008393,14.771,0.029,14.809,0.056,12.832,,8.908,,Theia476,102.32929922807536,Kounkel2020,3754.0,0.377949,0.366391
49253866,2.92699554623768e+18,101.625819408272,-20.8042139028995,1.4448,11.3437,11.782,0.017,11.424,0.023,11.048,0.023,10.955,0.024,10.916,0.021,11.4997,0.000598,11.6173,0.001071,11.2951,0.000661,10.852,0.023,10.896,0.019,10.882,0.095,9.062,,Theia476,102.32929922807536,Kounkel2020,7995.0,1.6879,1.93
49305183,2.9269900443773583e+18,101.588876130553,-20.9238899054292,1.33751,12.2416,11.445,0.044,12.6052,0.0459,11.808,0.026,11.639,0.026,11.586,0.024,12.5304,0.000215,12.736,0.001113,12.1808,0.000717,11.557,0.029,11.554,0.028,11.552,0.177,9.0,,Theia476,102.32929922807536,Kounkel2020,7028.0,1.44344,1.55
49305185,2.926990048679648e+18,101.58701916209,-20.9246226316908,1.4009,11.6445,11.805,0.034,11.695,0.035,11.368,0.036,11.307,0.046,11.284,0.031,11.7853,0.000383,11.8906,0.001312,11.5925,0.000722,11.27,0.026,11.304,0.025,11.474,0.165,8.277,,Theia476,102.32929922807536,Kounkel2020,8169.0,1.48792,2.0
49305196,2.9269899799601684e+18,101.601818102551,-20.9306075206249,1.31749,11.1488,11.299,0.022,11.103,0.023,10.996,0.024,11.007,0.022,10.966,0.021,11.1817,0.000539,11.2287,0.00106,11.106,0.000773,10.933,0.023,10.969,0.021,10.957,0.101,9.219,,Theia476,102.32929922807536,Kounkel2020,9489.0,1.70329,2.41
744788097,2.9268994076859377e+18,101.434357596177,-20.9709966076092,1.25031,11.4644,,,11.6165,0.0459,,,,,,,11.5852,0.00053,11.6801,0.000905,11.4176,0.000788,,,,,,,,,Theia476,102.32929922807536,Kounkel2020,8287.0,1.76098,2.04
4615256,2.9269177557891323e+18,101.972157294703,-21.3422402505019,1.32135,14.1151,15.522,0.03,14.657,0.046,13.411,0.028,13.046,0.022,12.959,0.036,14.6035,0.000899,14.9935,0.004,14.0582,0.002558,12.933,0.024,13.001,0.027,12.372,,9.206,,Theia476,102.32929922807536,Kounkel2020,5751.0,0.856876,1.03
49243728,2.926993995745289e+18,101.530303936445,-20.8859254278648,1.30512,11.5396,11.892,0.021,11.578,0.034,11.308,0.024,11.258,0.023,11.233,0.023,11.6602,0.000398,11.7529,0.001012,11.4913,0.000924,11.218,0.023,11.239,0.021,11.23,0.12,9.147,,Theia476,102.32929922807536,Kounkel2020,8272.0,1.62991,2.03
49244139,2.9270098742485453e+18,101.509595910584,-20.666760606766,1.38106,14.0537,15.966,0.069,14.735,0.08,13.178,0.024,12.684,0.023,12.561,0.03,14.6659,0.000394,15.1882,0.002532,13.9929,0.001358,12.487,0.023,12.548,0.023,12.025,0.291,8.59,,Theia476,102.32929922807536,Kounkel2020,5028.0,1.0851,0.84
49244188,2.927018739061024e+18,101.516280633418,-20.6421570150933,1.40231,13.9237,15.658,0.042,14.387,0.08,13.286,0.023,12.93,0.025,12.843,0.024,14.3929,0.00044,14.7623,0.001705,13.8652,0.001324,12.818,0.023,12.858,0.025,12.682,,8.596,,Theia476,102.32929922807536,Kounkel2020,5824.0,0.854494,1.05
49244649,2.927211772068614e+18,101.515997976471,-20.3901314667045,1.16268,15.2833,13.943,0.242,16.284,0.046,14.321,0.238,13.697,0.079,13.64,0.072,15.9538,0.00073,16.5247,0.005144,15.2009,0.003967,,,,,,,,,Theia476,102.32929922807536,Kounkel2020,4778.0,0.820635,0.77
49253741,2.92700849555486e+18,101.583812978208,-20.7317538961652,1.29059,11.6718,12.31,0.024,11.854,0.035,11.265,0.026,11.129,0.028,11.125,0.026,11.9142,0.000269,12.0884,0.001072,11.6166,0.000789,10.997,0.023,11.023,0.02,11.124,0.108,8.456,,Theia476,102.32929922807536,Kounkel2020,7340.0,1.8166,1.67
49253818,2.9269965383673457e+18,101.5859681782,-20.7742351166662,1.16327,16.7773,20.136,0.168,18.5377,0.0486,15.38,0.052,14.722,0.068,14.698,0.095,17.8322,0.001668,18.7642,0.022344,16.791,0.006431,14.52,0.029,14.66,0.057,12.536,0.432,9.094,,Theia476,102.32929922807536,Kounkel2020,3794.0,0.601696,0.589471
49253881,2.9269953057194967e+18,101.664018931487,-20.8096776951232,1.40543,14.4144,16.122,0.046,14.998,0.069,13.378,0.029,12.862,0.028,12.737,0.029,15.0613,0.002016,15.6195,0.009523,14.3445,0.005555,12.541,0.023,12.62,0.023,12.101,,9.257,,Theia476,102.32929922807536,Kounkel2020,4809.0,0.976966,0.778
49305145,2.926993175415844e+18,101.551866182653,-20.9042755285866,1.2479,10.0442,9.952,0.05,9.945,0.005,10.039,0.024,10.126,0.024,10.073,0.023,9.97755,0.000413,9.97024,0.000941,10.0067,0.000748,10.061,0.024,10.096,0.02,9.954,0.057,8.917,,Theia476,102.32929922807536,Kounkel2020,11793.0,2.42435,3.13
49305281,2.926988811729094e+18,101.612543118805,-20.9867686741984,1.35621,14.3264,15.86,0.089,14.796,0.057,13.661,0.028,13.22,0.03,13.116,0.033,14.8465,0.000349,15.2694,0.001844,14.2695,0.001398,13.088,0.024,13.128,0.03,12.473,,9.086,,Theia476,102.32929922807536,Kounkel2020,5533.0,0.80845,0.97
49306959,2.926023234359336e+18,101.579212489407,-22.0397807789518,1.34721,15.8458,18.37,0.045,17.0474,0.0459,14.744,0.028,14.178,0.045,14.08,0.064,16.6063,0.000503,17.3305,0.004189,15.7865,0.001939,13.944,0.026,13.992,0.041,12.161,,9.11,,Theia476,102.32929922807536,Kounkel2020,4368.0,0.655859,0.68
49307058,2.9260102463782487e+18,101.605388064923,-22.1039184722922,1.10889,16.0464,18.34,0.051,17.1693,0.046,14.9,0.037,14.4,0.055,14.156,0.071,16.7729,0.00056,17.386,0.00505,15.9268,0.002659,14.121,0.028,14.14,0.043,12.8,0.525,8.937,,Theia476,102.32929922807536,Kounkel2020,4499.0,0.680023,0.71
49253759,2.927002521264523e+18,101.630057536262,-20.738085823152,1.4466,16.8274,20.105,0.171,18.5764,0.0477,15.582,0.06,14.958,0.077,14.673,0.101,17.8674,0.001317,18.8198,0.018266,16.8415,0.004228,14.659,0.033,14.719,0.058,12.253,,8.681,,Theia476,102.32929922807536,Kounkel2020,3790.0,0.524458,0.5217
49253901,2.926995924194853e+18,101.552202374778,-20.8201623278384,1.30926,15.0634,16.922,0.046,15.705,0.137,14.177,0.029,13.7,0.034,13.605,0.04,15.6849,0.00056,16.2182,0.003386,15.0015,0.001775,13.533,0.025,13.67,0.03,12.778,,8.644,,Theia476,102.32929922807536,Kounkel2020,4961.0,0.734354,0.82
49305064,2.926994755963736e+18,101.629102874414,-20.8564930017567,1.46808,15.5901,18.087,0.048,16.706,0.24,14.353,0.032,13.708,0.022,13.554,0.037,16.4247,0.000877,17.245,0.008255,15.5167,0.002005,13.454,0.026,13.522,0.033,12.812,,9.06,,Theia476,102.32929922807536,Kounkel2020,4113.0,0.799028,0.64
49305284,2.926989120966761e+18,101.560258559154,-20.9906653957793,1.32995,15.5732,17.557,0.05,16.3,0.149,14.61,0.035,13.99,0.05,13.848,0.057,16.284,0.000652,16.9346,0.004321,15.5163,0.002188,13.856,0.025,13.972,0.036,12.749,,9.321,,Theia476,102.32929922807536,Kounkel2020,4592.0,0.683015,0.73
49305292,2.9269891553264937e+18,101.58744151835,-20.9937222912673,1.39165,14.5981,16.336,0.086,15.086,0.069,13.831,0.029,13.433,0.042,13.308,0.043,15.1481,0.000731,15.6052,0.003812,14.5403,0.002678,13.235,0.024,13.309,0.029,12.746,,8.529,,Theia476,102.32929922807536,Kounkel2020,5243.0,0.747684,0.9
49305479,2.9268469060057395e+18,101.582033791355,-21.1112203004744,1.40724,14.4234,15.932,0.009,15.103,0.126,13.734,0.026,13.34,0.028,13.268,0.038,14.9414,0.000574,15.3609,0.002736,14.3639,0.001556,13.226,0.024,13.243,0.03,12.579,,8.891,,Theia476,102.32929922807536,Kounkel2020,5456.0,0.749128,0.953
49314246,2.926940295777257e+18,101.738854958978,-21.0608313827784,0.835481,15.1057,15.814,0.075,15.699,0.263,14.291,0.065,13.885,0.081,13.773,0.058,15.6875,0.000628,16.1629,0.002891,15.0363,0.001704,13.099,0.025,13.149,0.029,12.548,,9.29,,Theia476,102.32929922807536,Kounkel2020,5295.0,1.02227,0.91
49245241,2.927256096130933e+18,101.523479083282,-20.042755735198,1.3333,14.459,12.805,0.063,14.903,0.138,13.595,0.052,13.15,0.034,13.041,0.055,15.003,0.00123,15.4411,0.005172,14.3904,0.003798,,,,,,,,,Theia476,102.32929922807536,Kounkel2020,5333.0,0.8165,0.92
49252856,2.927238332146235e+18,101.66849671742,-20.2263085010657,1.34345,11.8284,12.519,0.374,12.533,0.037,11.49,0.028,11.43,0.031,11.35,0.027,12.0218,0.000353,12.1601,0.001091,11.7712,0.000848,11.448,0.033,11.434,0.033,11.318,0.166,8.203,,Theia476,102.32929922807536,Kounkel2020,7785.0,1.52113,1.84
49253071,2.9272354802884367e+18,101.590091403419,-20.3474504925615,1.3759,14.3511,15.825,0.048,14.941,0.115,13.643,0.029,13.269,0.027,13.181,0.034,14.8581,0.000611,15.2656,0.002913,14.2924,0.001999,13.16,0.024,13.234,0.03,11.977,,8.809,,Theia476,102.32929922807536,Kounkel2020,5622.0,0.767836,1.0
49253324,2.927022617405696e+18,101.586414517045,-20.4864847658143,1.4047,11.5166,11.761,0.198,11.524,0.016,11.099,0.024,10.997,0.025,10.894,0.021,11.7802,0.00041,11.9691,0.000999,11.4575,0.000792,10.831,0.021,10.824,0.021,10.959,0.105,9.022,,Theia476,102.32929922807536,Kounkel2020,7263.0,1.85117,1.64
49253492,2.927017738322856e+18,101.670160232179,-20.5898334959054,1.37746,11.6889,12.314,0.338,11.684,0.023,11.377,0.024,11.275,0.021,11.252,0.024,11.8653,0.000273,11.9911,0.001212,11.6361,0.000887,11.22,0.023,11.245,0.022,11.361,0.16,9.163,,Theia476,102.32929922807536,Kounkel2020,7776.0,1.54486,1.84
49253606,2.927015096928986e+18,101.658809189931,-20.6544894571381,1.3465,13.5664,14.705,0.017,14.0,0.103,13.003,0.026,12.647,0.026,12.679,0.029,13.9886,0.000587,14.3129,0.002346,13.508,0.001541,12.59,0.024,12.641,0.025,12.695,0.54,8.997,,Theia476,102.32929922807536,Kounkel2020,6191.0,0.958106,1.19
49253607,2.9270158184832543e+18,101.553170112049,-20.6549556523862,1.22547,16.0472,18.811,0.054,17.3428,0.0461,14.928,0.04,14.256,0.034,14.063,0.065,16.8499,0.000826,17.621,0.00781,15.9842,0.0026,14.078,0.029,14.195,0.045,12.411,0.398,9.124,,Theia476,102.32929922807536,Kounkel2020,4303.0,0.704806,0.67
49253654,2.9270154362220063e+18,101.565621392975,-20.6833199737766,1.42048,12.5911,13.475,0.018,12.881,0.057,12.127,0.024,11.948,0.022,11.897,0.027,12.9113,0.000235,13.1429,0.001253,12.5295,0.000792,11.862,0.023,11.873,0.022,12.114,0.262,9.251,,Theia476,102.32929922807536,Kounkel2020,6856.0,1.21348,1.48
49253721,2.927014341014519e+18,101.611814002673,-20.7188939740617,1.28207,14.9237,17.691,0.042,15.951,0.103,13.935,0.022,13.247,0.028,13.128,0.031,15.6417,0.001475,16.2952,0.006843,14.8576,0.004056,13.046,0.024,13.09,0.028,12.233,,9.142,,Theia476,102.32929922807536,Kounkel2020,4542.0,0.969038,0.72
49253863,2.9269962291295887e+18,101.583792704181,-20.7997693662212,1.34458,16.6335,19.78,0.17,18.2629,0.0493,15.436,0.058,14.762,0.043,14.448,0.092,17.6197,0.001381,18.5209,0.02692,16.6401,0.004086,14.552,0.032,14.711,0.063,12.768,,9.156,,Theia476,102.32929922807536,Kounkel2020,3882.0,0.589835,0.579716
49305011,2.926995030833789e+18,101.609428234045,-20.8335795078275,1.3091,11.3014,11.493,0.023,11.281,0.023,11.125,0.024,11.17,0.028,11.069,0.019,11.3529,0.000777,11.4037,0.001814,11.2523,0.000991,11.031,0.023,11.105,0.02,10.969,0.1,9.092,,Theia476,102.32929922807536,Kounkel2020,9174.0,1.644,2.32
49305022,2.9269952026403e+18,101.663732080314,-20.8372021046395,1.43635,14.7801,16.599,0.09,15.329,0.08,13.976,0.028,13.508,0.037,13.491,0.041,15.3645,0.000896,15.8571,0.003029,14.7201,0.001957,13.39,0.026,13.459,0.033,12.593,0.413,8.756,,Theia476,102.32929922807536,Kounkel2020,5112.0,0.710687,0.859
49305339,2.926988090174603e+18,101.630340963384,-21.0225922356972,1.36522,15.0709,16.801,0.048,16.073,0.08,14.179,0.032,13.561,0.026,13.481,0.04,15.7151,0.001812,16.272,0.008051,15.0065,0.006339,13.45,0.025,13.475,0.031,12.771,,8.693,,Theia476,102.32929922807536,Kounkel2020,4883.0,0.733064,0.8
49305441,2.926846871645963e+18,101.616033589701,-21.0894583459949,1.286,11.9429,12.49,0.019,12.141,0.046,11.623,0.026,11.503,0.024,11.459,0.023,12.1436,0.000176,12.2858,0.001013,11.8875,0.000675,11.441,0.022,11.445,0.022,11.48,0.176,9.349,,Theia476,102.32929922807536,Kounkel2020,7627.0,1.5186,1.78
49305483,2.9269398147409413e+18,101.667127271899,-21.1147430944066,1.60141,16.3943,19.832,0.165,18.4258,0.0471,15.109,0.041,14.351,0.05,14.157,0.08,17.5174,0.00117,18.6777,0.012199,16.4296,0.005406,14.031,0.027,14.045,0.039,12.27,,8.664,,Theia476,102.32929922807536,Kounkel2020,3582.0,0.574382,0.566667
49308089,2.9255532618560445e+18,101.566011474342,-22.7579859948606,1.26151,15.3108,16.869,0.046,15.931,0.309,14.435,0.029,13.967,0.027,13.897,0.057,15.8962,0.000388,16.3957,0.002254,15.253,0.001242,13.866,0.026,13.979,0.037,12.786,,9.187,,Theia476,102.32929922807536,Kounkel2020,5014.0,0.640712,0.83
49313767,2.926826977358299e+18,101.719292814896,-21.3534093131738,1.38491,11.3831,11.536,0.152,11.42,0.013,11.152,0.021,11.067,0.022,11.05,0.021,11.4749,0.000633,11.5501,0.000966,11.335,0.000733,11.03,0.024,11.066,0.022,10.868,0.119,9.155,,Theia476,102.32929922807536,Kounkel2020,8593.0,1.59151,2.15
49313778,2.926827011718033e+18,101.724508821098,-21.3467334362646,1.38084,12.6499,13.564,0.031,12.939,0.069,12.135,0.022,11.92,0.022,11.895,0.021,12.9838,0.000347,13.226,0.00095,12.5896,0.000928,11.855,0.023,11.891,0.024,11.969,0.237,9.031,,Theia476,102.32929922807536,Kounkel2020,6669.0,1.24051,1.41
49314128,2.9269367910841605e+18,101.783031587512,-21.1310686620244,1.35529,15.019,16.819,-0.073,15.691,0.103,14.148,0.028,13.614,0.041,13.652,0.049,15.627,0.001359,16.1408,0.004977,14.9551,0.004764,13.502,0.025,13.592,0.035,12.793,,9.338,,Theia476,102.32929922807536,Kounkel2020,5063.0,0.701238,0.85
49253809,2.927002280746577e+18,101.635751401656,-20.7703717086944,1.35081,12.4653,13.337,0.018,12.795,0.069,11.983,0.024,11.72,0.024,11.703,0.026,12.7886,0.000211,13.0227,0.001276,12.4053,0.000858,11.633,0.023,11.672,0.021,11.805,0.198,8.812,,Theia476,102.32929922807536,Kounkel2020,6768.0,1.35806,1.45
49305032,2.9269949621221627e+18,101.617032724224,-20.8428962164455,1.42449,14.0616,15.527,0.062,14.574,0.069,13.368,0.028,13.067,0.032,12.949,0.027,14.5524,0.000515,14.9446,0.001939,14.004,0.001386,12.898,0.023,12.971,0.025,12.61,,9.189,,Theia476,102.32929922807536,Kounkel2020,5666.0,0.824967,1.01
49305153,2.926992999312879e+18,101.585694582551,-20.9087336897021,1.34946,12.6784,13.583,0.026,12.961,0.046,12.189,0.024,12.003,0.024,11.976,0.027,13.0081,0.000435,13.2463,0.001302,12.6165,0.000695,11.952,0.024,11.96,0.022,12.117,0.333,9.168,,Theia476,102.32929922807536,Kounkel2020,6743.0,1.24419,1.44
49305180,2.9269912512704594e+18,101.652598814376,-20.9229671629594,1.32339,14.4643,16.029,0.056,15.048,0.092,13.705,0.028,13.319,0.021,13.215,0.027,14.9949,0.000629,15.4256,0.002729,14.4039,0.002534,13.247,0.025,13.232,0.028,12.391,,8.569,,Theia476,102.32929922807536,Kounkel2020,5467.0,0.794429,0.96
49305724,2.926841683326299e+18,101.653110739008,-21.2495088412707,1.31657,11.2755,11.456,0.016,11.289,0.034,11.113,0.023,11.088,0.026,11.072,0.019,11.3255,0.000656,11.3765,0.001454,11.2336,0.000636,11.015,0.022,11.064,0.021,11.011,0.104,9.096,,Theia476,102.32929922807536,Kounkel2020,8971.0,1.65189,2.26
49313067,2.9260568381749857e+18,101.74233102908,-21.7799706618927,1.42944,10.9084,11.086,0.079,10.927,0.007,10.771,0.024,10.723,0.022,10.721,0.021,10.9425,0.000411,10.9886,0.001316,10.8653,0.000979,10.685,0.024,10.72,0.02,10.91,0.115,8.621,,Theia476,102.32929922807536,Kounkel2020,9414.0,1.76045,2.393
49313567,2.92681635589676e+18,101.693842277734,-21.476198624567,1.26104,16.7195,19.772,0.169,18.4824,0.0479,15.482,0.055,14.914,0.077,14.483,0.098,17.7482,0.001337,18.7508,0.018288,16.7364,0.006862,14.551,0.03,14.531,0.053,12.44,,8.937,,Theia476,102.32929922807536,Kounkel2020,3758.0,0.609337,0.59564
49305224,2.926989842521237e+18,101.575529511166,-20.9487118007159,1.47065,16.466,19.109,0.063,18.0736,0.047,15.238,0.052,14.597,0.05,14.465,0.083,17.4294,0.001312,18.3551,0.014645,16.4728,0.004732,14.37,0.029,14.325,0.046,12.67,,8.808,,Theia476,102.32929922807536,Kounkel2020,3880.0,0.552053,0.547098
49305463,2.926939814740939e+18,101.669496576725,-21.105580547928,1.28876,12.5748,13.427,0.011,12.919,0.08,12.109,0.023,11.921,0.024,11.902,0.023,12.8852,0.000303,13.1102,0.000939,12.5147,0.000697,11.877,0.023,11.902,0.022,12.046,0.278,9.2,,Theia476,102.32929922807536,Kounkel2020,6930.0,1.32479,1.51
49306725,2.9260312058183885e+18,101.595926772112,-21.8959810392764,1.6957,15.855,18.515,0.048,17.4372,0.0461,14.604,0.032,13.989,0.028,13.809,0.048,16.8197,0.000645,17.7003,0.007058,15.8589,0.002465,13.67,0.026,13.717,0.037,12.067,0.308,8.666,,Theia476,102.32929922807536,Kounkel2020,3922.0,0.614026,0.599384
49312211,2.925956713904044e+18,101.796339775032,-22.3146866964036,1.53242,16.4491,19.362,0.166,18.349,0.0467,15.145,0.043,14.483,0.069,14.204,0.065,17.5186,0.000676,18.6231,0.010917,16.4765,0.003236,14.161,0.028,14.204,0.042,12.79,,8.793,,Theia476,102.32929922807536,Kounkel2020,3653.0,0.583525,0.574435
49313668,2.926825431170093e+18,101.706895344105,-21.4134795913001,1.36063,15.886,17.998,0.046,17.1404,0.0461,14.806,0.03,14.097,0.041,14.073,0.059,16.6696,0.000797,17.4304,0.00781,15.8324,0.002814,13.984,0.028,13.979,0.038,12.824,,8.884,,Theia476,102.32929922807536,Kounkel2020,4308.0,0.664418,0.67
49314053,2.926935549830344e+18,101.779453207507,-21.1728557950352,1.3995,11.8453,12.347,0.285,11.64,0.02,11.507,0.023,11.4,0.023,11.36,0.021,12.0517,0.00024,12.1975,0.001063,11.791,0.000711,11.344,0.022,11.343,0.02,11.057,0.123,8.68,,Theia476,102.32929922807536,Kounkel2020,7530.0,1.4725,1.74
49314903,2.927005029525304e+18,101.75997391084,-20.6462807116075,1.4156,13.0052,14.043,0.019,13.386,0.08,12.494,0.026,12.254,0.022,12.195,0.023,13.3763,0.00025,13.6522,0.001474,12.9462,0.000898,12.16,0.023,12.196,0.024,11.776,0.243,8.896,,Theia476,102.32929922807536,Kounkel2020,6416.0,1.08921,1.29
49305329,2.926988227613567e+18,101.587902500288,-21.0168859962688,1.41823,16.0245,18.694,0.05,17.3134,0.0466,14.918,0.035,14.149,0.049,14.037,0.057,16.8228,0.001865,17.5822,0.01355,15.9494,0.005266,13.869,0.028,13.941,0.04,12.141,,9.102,,Theia476,102.32929922807536,Kounkel2020,4269.0,0.616485,0.667
49306040,2.926820105410696e+18,101.564435121156,-21.4503497485422,1.29031,11.0874,11.208,0.109,10.976,0.008,10.94,0.023,10.959,0.023,10.927,0.021,11.1091,0.000753,11.149,0.001295,11.0429,0.000676,10.9,0.023,10.926,0.02,10.765,0.09,9.223,,Theia476,102.32929922807536,Kounkel2020,9723.0,1.75443,2.48
49314044,2.926842439240505e+18,101.69999258612,-21.1770934724051,1.39841,11.1681,11.43,0.151,11.383,0.014,10.949,0.024,10.95,0.025,10.908,0.023,11.2461,0.000836,11.3179,0.001406,11.1275,0.000763,10.88,0.023,10.896,0.021,10.579,0.075,8.493,,Theia476,102.32929922807536,Kounkel2020,8686.0,1.706,2.18
49314068,2.92693558849333e+18,101.785841690043,-21.1654480412543,1.37323,14.5216,16.641,0.043,15.214,0.126,13.785,0.024,13.361,0.031,13.269,0.04,15.0604,0.000355,15.5021,0.002866,14.4616,0.000993,13.171,0.024,13.22,0.028,12.319,,9.115,,Theia476,102.32929922807536,Kounkel2020,5331.0,0.764735,0.92
49314460,2.9269495041871084e+18,101.802935466399,-20.9193534229818,0.684005,16.6622,17.938,0.074,17.572,0.0461,15.683,0.064,15.264,0.093,15.432,0.194,17.2873,0.0009869999,17.8208,0.009311,16.5987,0.004069,15.146,0.045,15.271,0.092,12.781,,8.502,,Theia476,102.32929922807536,Kounkel2020,4998.0,0.668894,0.83
49314574,2.9269920071846124e+18,101.716120391634,-20.8465986667344,1.3231,13.1996,14.264,0.025,13.585,0.103,12.672,0.024,12.394,0.025,12.304,0.027,13.5826,0.000463,13.8701,0.002158,13.1409,0.001244,12.307,0.023,12.336,0.023,12.034,0.247,9.119,,Theia476,102.32929922807536,Kounkel2020,6385.0,1.08326,1.28
49314975,2.927005441842136e+18,101.769857454697,-20.6040014923794,1.3761,12.5982,13.478,0.03,12.883,0.057,12.134,0.023,11.916,0.021,11.877,0.024,12.919,0.00032,13.1497,0.000948,12.538,0.000977,11.88,0.023,11.89,0.023,12.293,0.375,8.956,,Theia476,102.32929922807536,Kounkel2020,6721.0,1.25068,1.43
49314413,2.926943525592637e+18,101.802180533002,-20.9508780697618,1.31494,14.0456,15.421,0.044,14.589,0.114,13.381,0.023,13.003,0.035,12.962,0.031,14.527,0.000457,14.9075,0.001541,13.9859,0.001276,12.913,0.024,12.939,0.027,11.938,0.257,8.92,,Theia476,102.32929922807536,Kounkel2020,5716.0,0.883053,1.02
49314487,2.926990976392495e+18,101.724909752931,-20.9018502511454,1.33288,14.9722,16.689,0.047,15.701,0.183,14.137,0.03,13.619,0.033,13.535,0.041,15.5809,0.001265,16.0983,0.005972,14.9113,0.003892,13.499,0.025,13.565,0.033,12.706,,9.002,,Theia476,102.32929922807536,Kounkel2020,5060.0,0.72938,0.85
49314653,2.9270012499542047e+18,101.707109021948,-20.7965596987476,1.16852,10.4246,10.301,0.067,10.216,0.006,10.355,0.024,10.396,0.025,10.412,0.023,10.386,0.000386,10.3908,0.001025,10.3824,0.000858,10.363,0.024,10.38,0.02,10.402,0.063,8.975,,Theia476,102.32929922807536,Kounkel2020,10791.0,2.36687,2.8
49314716,2.927000287881456e+18,101.802092191839,-20.7575692422343,1.29101,14.7357,16.763,0.043,15.657,0.092,13.782,0.024,13.214,0.022,13.091,0.038,15.394,0.000591,15.976,0.004228,14.6747,0.001482,13.034,0.023,13.115,0.026,12.336,,9.154,,Theia476,102.32929922807536,Kounkel2020,4752.0,0.938742,0.76
49314737,2.927001799709959e+18,101.754666010055,-20.7450066837615,1.63664,16.6634,19.775,0.171,18.3724,0.0466,15.465,0.059,14.727,0.05,14.747,0.1,17.6732,0.001222,18.6404,0.01148,16.6764,0.004476,14.567,0.032,14.83,0.065,12.811,,9.049,,Theia476,102.32929922807536,Kounkel2020,3803.0,0.468806,0.466397
49314738,2.927001937148933e+18,101.71236560173,-20.7440560218282,1.33014,12.7125,11.186,0.042,13.056,0.08,12.242,0.024,12.003,0.024,11.991,0.023,13.0509,0.000301,13.2988,0.001049,12.6522,0.000871,11.882,0.023,11.9,0.023,11.878,0.282,9.342,,Theia476,102.32929922807536,Kounkel2020,6729.0,1.25748,1.43
49314739,2.9270003566009293e+18,101.789810166762,-20.7433403727132,1.53819,16.0988,18.365,0.051,17.7076,0.0465,14.77,0.037,14.179,0.055,13.994,0.053,17.0683,0.001012,17.9801,0.011312,16.1052,0.004144,13.854,0.026,13.884,0.038,12.412,,9.138,,Theia476,102.32929922807536,Kounkel2020,3888.0,0.618973,0.6033
49305205,2.926990456692997e+18,101.658360162116,-20.9417363869308,1.47806,17.0307,19.952,0.173,18.9213,0.0512,15.798,0.065,14.998,0.089,14.85,0.117,18.1171,0.00183,19.1664,0.030353,17.055,0.004946,14.802,0.033,14.746,0.059,12.72,,9.135,,Theia476,102.32929922807536,Kounkel2020,3680.0,0.488362,0.486436
49305757,2.9268401371373824e+18,101.602048622745,-21.2705050839488,1.98816,15.0181,17.824,0.044,16.052,0.195,13.856,0.026,13.227,0.021,13.115,0.034,15.8168,0.00075,16.5831,0.004475,14.9414,0.001895,13.004,0.024,13.066,0.028,11.92,0.243,8.332,,Theia476,102.32929922807536,Kounkel2020,4212.0,0.712085,0.659
49311757,2.9255608553580554e+18,101.774344152966,-22.6423159710966,1.40488,13.6649,14.64,0.044,14.309,0.092,12.959,0.026,12.523,0.028,12.413,0.026,14.1892,0.000305,14.6196,0.001447,13.6086,0.001625,12.399,0.024,12.409,0.024,12.486,0.441,9.186,,Theia476,102.32929922807536,Kounkel2020,5357.0,1.08395,0.93
49314437,2.926943766110808e+18,101.757752475233,-20.9351520435005,1.36212,13.7571,15.014,0.027,14.246,0.092,13.093,0.024,12.796,0.023,12.686,0.024,14.211,0.000393,14.5642,0.001389,13.6975,0.001613,12.65,0.024,12.689,0.025,12.746,0.507,8.887,,Theia476,102.32929922807536,Kounkel2020,5887.0,0.923959,1.07
49314722,2.9270017266864046e+18,101.720991025526,-20.7539063384412,1.36859,12.3751,13.157,0.013,12.675,0.069,11.963,0.026,11.798,0.024,11.722,0.023,12.6665,0.0002,12.8772,0.00106,12.3161,0.000671,11.662,0.023,11.68,0.022,11.792,0.218,9.149,,Theia476,102.32929922807536,Kounkel2020,7050.0,1.33168,1.56
49314917,2.927016574388824e+18,101.677345699179,-20.6384369417496,1.33538,10.6898,10.702,0.087,10.462,0.007,10.576,0.028,10.607,0.022,10.601,0.024,10.6524,0.000453,10.6641,0.001182,10.6344,0.000875,10.577,0.023,10.603,0.021,10.535,0.075,9.101,0.537,Theia476,102.32929922807536,Kounkel2020,12570.0,,
49313753,2.926826182782178e+18,101.740661696429,-21.3609553364517,1.44302,16.2861,18.528,0.054,17.8257,0.0463,15.16,0.04,14.436,0.062,14.269,0.072,17.2193,0.001141,18.1126,0.008406,16.2885,0.004997,14.239,0.026,14.297,0.042,12.494,,8.545,,Theia476,102.32929922807536,Kounkel2020,3940.0,0.593625,0.582857
49313815,2.9268273209556803e+18,101.684365195032,-21.3210418509889,1.30787,15.5916,17.585,0.049,16.387,0.149,14.471,0.033,13.883,0.033,13.775,0.053,16.2977,0.00216,16.9358,0.011353,15.5251,0.005793,13.739,0.025,13.709,0.035,12.234,,9.243,,Theia476,102.32929922807536,Kounkel2020,4574.0,0.685179,0.72
49314167,2.926936756724215e+18,101.728495261417,-21.1074221713181,1.37585,14.0761,15.367,0.053,14.628,0.137,13.401,0.029,13.043,0.033,13.019,0.034,14.5463,0.000465,14.9107,0.001675,14.0117,0.001735,12.78,0.024,12.793,0.026,11.898,,8.464,,Theia476,102.32929922807536,Kounkel2020,5833.0,0.81184,1.05
49314616,2.926998157577766e+18,101.708984229185,-20.8203288143019,1.41058,12.4623,13.311,0.018,12.749,0.069,12.003,0.024,11.809,0.023,11.808,0.023,12.7751,0.000226,13.0016,0.001201,12.4042,0.000593,11.729,0.023,11.747,0.022,11.703,0.222,8.609,,Theia476,102.32929922807536,Kounkel2020,6802.0,1.28336,1.463
49314663,2.9270012499541955e+18,101.716018619828,-20.7893250633421,1.36115,13.9947,15.268,0.011,14.525,0.103,13.335,0.026,13.026,0.023,12.96,0.034,14.4658,0.000516,14.836,0.002378,13.9352,0.001701,12.926,0.025,12.97,0.029,12.834,,9.221,,Theia476,102.32929922807536,Kounkel2020,5860.0,0.851253,1.06
49314873,2.9270047202879974e+18,101.721809189171,-20.6659315912867,1.38016,14.924,16.812,0.044,15.719,0.172,14.128,0.026,13.576,0.042,13.475,0.043,15.5314,0.000966,16.0489,0.005814,14.8619,0.002887,13.451,0.025,13.451,0.031,12.277,,8.983,,Theia476,102.32929922807536,Kounkel2020,5001.0,0.724811,0.83
49315127,2.9270415195687096e+18,101.796605398608,-20.5194317869927,1.30162,14.9381,16.715,0.11,15.439,0.137,14.108,0.028,13.586,0.028,13.536,0.043,15.5458,0.000713,16.0667,0.003004,14.8818,0.001532,13.42,0.027,13.473,0.032,12.461,,9.21,,Theia476,102.32929922807536,Kounkel2020,5064.0,0.756927,0.85
49305378,2.9268943224446587e+18,101.549625387598,-21.0534664720533,1.24684,15.1849,17.127,0.0,15.818,0.16,14.277,0.037,13.729,0.043,13.686,0.051,15.8191,0.000742,16.3662,0.004384,15.1222,0.002141,13.408,0.025,13.353,0.03,12.367,0.35,9.17,,Theia476,102.32929922807536,Kounkel2020,4916.0,0.746143,0.81
49314282,2.9269412578501407e+18,101.681250874123,-21.0380320550875,1.38234,13.6973,14.403,0.032,13.91,0.15,12.266,,12.785,0.062,11.813,,14.1327,0.000445,14.4653,0.001733,13.6351,0.001577,12.526,0.073,12.54,0.072,12.189,0.42,8.46,,Theia476,102.32929922807536,Kounkel2020,6041.0,0.902692,1.12
49314562,2.926992174679152e+18,101.685461762532,-20.856024237802,1.37201,12.311,13.121,0.016,12.579,0.057,11.863,0.024,11.721,0.023,11.628,0.024,12.6092,0.000223,12.8245,0.001291,12.2524,0.000756,11.618,0.023,11.643,0.022,11.315,0.135,9.258,,Theia476,102.32929922807536,Kounkel2020,6961.0,1.38225,1.52
49314683,2.926998668671101e+18,101.770102748353,-20.777950790534,1.42066,16.6906,19.32,0.063,18.4607,0.0477,15.377,0.051,14.674,0.057,14.503,0.091,17.7169,0.001714,18.7366,0.017948,16.7086,0.004223,14.546,0.031,14.579,0.053,12.529,,8.837,,Theia476,102.32929922807536,Kounkel2020,3747.0,0.559689,0.553886
49314927,2.927004892086357e+18,101.722487795776,-20.6329946624828,1.38985,16.6808,19.776,0.168,18.3471,0.0472,15.459,0.052,14.636,0.058,14.566,0.091,17.6793,0.00118,18.6082,0.015945,16.6903,0.004696,14.464,0.031,14.523,0.052,12.748,,9.027,,Theia476,102.32929922807536,Kounkel2020,3846.0,0.556783,0.551315
49315485,2.9272366141597926e+18,101.699466845863,-20.3117005932596,1.21379,16.5286,19.562,0.17,18.1493,0.0471,15.343,0.057,14.667,0.06,14.48,0.084,17.4997,0.001179,18.4265,0.015702,16.536,0.004935,14.366,0.031,14.318,0.042,12.64,,9.181,,Theia476,102.32929922807536,Kounkel2020,3872.0,0.624228,0.607422
49315610,2.927238125988275e+18,101.679300651473,-20.2456988978121,1.33682,13.1394,14.168,0.018,13.528,0.103,12.635,0.026,12.391,0.027,12.346,0.026,13.5136,0.000276,13.7913,0.001391,13.0781,0.00083,12.24,0.023,12.292,0.024,12.333,0.373,9.26,,Theia476,102.32929922807536,Kounkel2020,6486.0,1.0863,1.32
49305371,2.9269410516915103e+18,101.651800975291,-21.0488684616001,1.41331,11.6037,12.278,0.017,11.844,0.034,11.221,0.023,11.057,0.021,11.014,0.021,11.8538,0.000246,12.0352,0.000803,11.5495,0.000724,10.975,0.023,11.007,0.021,10.967,0.104,8.54,,Theia476,102.32929922807536,Kounkel2020,7292.0,1.73368,1.65
49305519,2.926846631127834e+18,101.607694153066,-21.1332026390399,1.34174,13.7163,14.971,0.039,14.189,0.092,13.096,0.024,12.794,0.022,12.735,0.027,14.1555,0.00038,14.496,0.001623,13.6585,0.001412,12.704,0.024,12.727,0.027,12.17,,9.173,,Theia476,102.32929922807536,Kounkel2020,5971.0,0.929872,1.1
49313971,2.926923425145965e+18,101.798388531403,-21.2201969588692,1.41627,13.2016,14.081,0.079,13.602,0.103,12.634,0.024,12.369,0.025,12.335,0.024,13.5936,0.000378,13.8883,0.001807,13.1425,0.001504,12.294,0.024,12.358,0.024,11.771,0.226,8.938,,Theia476,102.32929922807536,Kounkel2020,6289.0,1.02866,1.23
49314953,2.92701667317138e+18,101.729226394669,-20.6204820697373,1.63334,15.9901,17.169,0.051,17.2018,0.0485,14.734,0.036,14.006,0.049,14.127,0.059,16.7546,0.000816,17.3578,0.021508,15.8025,0.019103,13.816,0.028,13.884,0.04,12.66,,8.653,,Theia476,102.32929922807536,Kounkel2020,4343.0,0.511764,0.68
49315047,2.9270175021102925e+18,101.750144534143,-20.5635164938447,1.41656,16.082,18.562,0.058,17.4135,0.0463,14.986,0.046,14.286,0.053,14.289,0.075,16.902,0.000848,17.6979,0.010025,16.0289,0.003952,14.127,0.026,14.235,0.042,12.675,,8.959,,Theia476,102.32929922807536,Kounkel2020,4317.0,0.614623,0.67
49315476,2.927236545440316e+18,101.712502222199,-20.3199510695351,1.35655,12.6043,13.468,0.021,12.951,0.069,12.126,0.03,11.943,0.031,11.891,0.026,12.9208,0.000273,13.1511,0.001562,12.5402,0.000719,11.835,0.024,11.841,0.022,12.034,0.268,9.095,,Theia476,102.32929922807536,Kounkel2020,7051.0,1.25317,1.56
49315646,2.927243417387972e+18,101.775787628872,-20.223022572048,1.35157,14.0737,15.507,0.031,14.643,0.137,13.354,0.022,13.007,0.026,12.932,0.031,14.5707,0.000749,14.968,0.002954,14.015,0.001735,12.857,0.025,12.856,0.027,12.698,0.525,8.962,,Theia476,102.32929922807536,Kounkel2020,5664.0,0.871787,1.01
49314914,2.927004995165549e+18,101.792173716453,-20.6412065268985,1.39226,11.6203,11.789,0.19,11.369,0.013,11.375,0.029,11.28,0.035,11.204,0.027,11.757,0.00047,11.8568,0.001079,11.5638,0.000924,11.081,0.023,11.085,0.021,10.591,0.085,8.773,,Theia476,102.32929922807536,Kounkel2020,8253.0,1.50843,2.03
49384474,2.926942735318653e+18,101.831340584312,-20.9622917779542,1.4735,16.7133,19.184,0.063,18.4201,0.0471,15.471,0.052,14.815,0.063,14.506,0.088,17.7171,0.001339,18.6963,0.014992,16.7267,0.004935,14.493,0.034,14.659,0.057,12.753,,8.474,,Theia476,102.32929922807536,Kounkel2020,3798.0,0.545693,0.541364
49384548,2.926942357361538e+18,101.816281356465,-20.9991032399942,1.25351,10.3329,10.223,0.061,10.115,0.005,10.258,0.023,10.246,0.022,10.255,0.019,10.2837,0.00051,10.2874,0.000984,10.2814,0.000533,10.254,0.024,10.284,0.02,10.196,0.063,8.404,,Theia476,102.32929922807536,Kounkel2020,12544.0,,
4613369,2.933251492519262e+18,102.010398640534,-20.0251769387526,1.04885,15.7767,16.938,0.059,16.9803,0.046,14.685,0.047,14.042,0.061,14.019,0.077,16.5392,0.000623,17.2641,0.00492,15.72,0.002267,13.942,0.039,14.066,0.052,12.481,,7.952,,Theia476,102.32929922807536,Kounkel2020,4396.0,0.864607,0.69
4614117,2.9270274320758804e+18,102.022357317263,-20.5250444476887,0.60547,16.1132,17.564,0.064,17.0425,0.0459,15.16,0.052,14.599,0.07,14.454,0.103,16.7496,0.00069,17.2976,0.004391,16.0566,0.003902,14.574,0.03,14.795,0.055,12.665,,9.278,,Theia476,102.32929922807536,Kounkel2020,5093.0,0.965317,0.85
49314747,2.927002040228145e+18,101.709982963485,-20.739102601712,1.25957,10.9483,10.945,0.112,10.979,0.012,10.792,0.026,10.797,0.028,10.758,0.024,10.9565,0.000609,10.9867,0.002082,10.9,0.001283,10.683,0.023,10.699,0.02,10.596,0.081,8.951,,Theia476,102.32929922807536,Kounkel2020,10034.0,1.88034,2.57
49314759,2.927001902789166e+18,101.759785732548,-20.7354900754126,1.3311,11.7675,12.224,0.297,12.086,0.057,11.328,0.023,11.153,0.024,11.073,0.021,12.0669,0.00026,12.2825,0.001191,11.71,0.000848,11.072,0.022,11.081,0.021,11.135,0.116,8.789,,Theia476,102.32929922807536,Kounkel2020,6880.0,1.83328,1.49
49315318,2.927046742248927e+18,101.689649718108,-20.4179842567256,1.38142,12.4577,13.515,0.014,12.897,0.092,11.897,0.024,11.661,0.023,11.618,0.024,12.8419,0.000325,13.1302,0.001367,12.3985,0.000841,11.537,0.023,11.544,0.022,11.492,0.167,9.012,,Theia476,102.32929922807536,Kounkel2020,6404.0,1.46377,1.286
49315464,2.927048941272092e+18,101.772397859547,-20.329592439454,1.38443,11.0529,11.205,0.119,11.161,0.011,10.906,0.026,10.897,0.027,10.851,0.021,11.0725,0.000935,11.1129,0.00144,11.008,0.000922,10.775,0.022,10.862,0.021,10.5,0.093,8.96,,Theia476,102.32929922807536,Kounkel2020,9842.0,1.65946,2.52
49383397,2.9270511059355264e+18,101.902632079011,-20.3123653325512,1.33957,15.6789,17.79,0.046,16.504,0.32,14.647,0.029,14.1,0.038,13.908,0.06,16.4082,0.000733,17.0749,0.005287,15.6104,0.003715,13.908,0.029,14.174,0.047,12.744,,9.235,,Theia476,102.32929922807536,Kounkel2020,4502.0,0.670161,0.71
49383511,2.927044818103492e+18,101.842831223256,-20.3876130575069,1.4408,12.5439,13.663,0.031,13.007,0.092,11.951,0.026,11.682,0.028,11.632,0.024,12.9484,0.00035,13.2542,0.001156,12.4849,0.000687,11.489,0.024,11.508,0.023,11.335,0.155,8.989,,Theia476,102.32929922807536,Kounkel2020,6145.0,1.40286,1.17
49314331,2.926941670166789e+18,101.682328549733,-21.0044278961425,1.32634,15.0741,,,15.9795,0.0461,13.493,,13.599,0.095,13.467,0.078,15.6961,0.001542,16.2214,0.007835,15.0022,0.00543,12.775,0.024,12.883,0.027,12.786,0.443,9.027,,Theia476,102.32929922807536,Kounkel2020,4928.0,0.724743,0.81
49314446,2.926990357917228e+18,101.713989367893,-20.9248094090588,1.40129,11.6076,12.002,0.017,11.705,0.046,11.32,0.024,11.226,0.022,11.18,0.019,11.747,0.000444,11.8506,0.001189,11.556,0.000801,11.179,0.023,11.196,0.02,11.061,0.121,8.915,,Theia476,102.32929922807536,Kounkel2020,8147.0,1.50876,1.99
49314494,2.926991010752248e+18,101.697860135265,-20.8973829126319,1.44782,15.4604,17.572,0.053,16.467,0.092,14.538,0.039,13.932,0.036,13.805,0.05,16.16,0.000638,16.798,0.004997,15.4029,0.002718,13.79,0.027,13.886,0.034,12.275,,8.992,,Theia476,102.32929922807536,Kounkel2020,4602.0,0.650428,0.73
49314905,2.927004892086364e+18,101.725774845091,-20.6448345526708,1.43722,15.5614,18.931,0.163,17.0921,0.0465,14.218,0.029,13.548,0.021,13.308,0.035,16.4508,0.001393,17.3615,0.010482,15.4835,0.004189,13.293,0.024,13.317,0.032,12.827,0.543,9.145,,Theia476,102.32929922807536,Kounkel2020,3983.0,0.889767,0.62
49315507,2.9270492505097247e+18,101.763074435443,-20.3020175132116,1.38533,15.9012,17.887,0.057,16.764,1.133,14.762,0.044,14.132,0.029,13.977,0.054,16.6714,0.001072,17.3954,0.00723,15.8298,0.002915,,,,,,,,,Theia476,102.32929922807536,Kounkel2020,4351.0,0.632073,0.68
49383434,2.9270538890745846e+18,101.862764205809,-20.3390127468194,1.35696,14.489,16.062,0.094,15.186,0.114,13.765,0.026,13.354,0.024,13.259,0.033,15.0325,0.000459,15.4788,0.003095,14.4305,0.001841,12.906,0.026,13.098,0.031,11.885,0.287,8.849,,Theia476,102.32929922807536,Kounkel2020,5417.0,0.784694,0.94
49383898,2.92702784439288e+18,101.827589828674,-20.6182928995662,1.4429,15.1287,17.028,0.045,15.865,0.137,14.248,0.028,13.664,0.036,13.515,0.044,15.7715,0.000535,16.3311,0.003466,15.0678,0.002448,13.578,0.026,13.641,0.037,12.505,,9.234,,Theia476,102.32929922807536,Kounkel2020,4874.0,0.675531,0.79
49383591,2.9270435124334454e+18,101.897295353098,-20.4441410439357,1.334,12.5232,13.378,0.019,12.893,0.092,12.07,0.024,11.863,0.024,11.82,0.021,12.838,0.000249,13.0668,0.001057,12.4645,0.000781,11.795,0.022,11.837,0.021,11.498,0.171,8.973,,Theia476,102.32929922807536,Kounkel2020,6842.0,1.32116,1.48
49383715,2.92704141648946e+18,101.853077456557,-20.504132985224,,12.3592,13.448,0.016,12.742,0.16,11.82,0.023,11.543,0.022,11.51,0.021,12.749,0.000281,13.0409,0.000913,12.3012,0.000648,11.473,0.023,11.491,0.021,11.294,0.138,9.004,,Theia476,102.32929922807536,Kounkel2020,,,
49384083,2.92700063147007e+18,101.86305965363,-20.7217207213809,1.44438,16.9939,16.56,0.054,,,14.759,0.04,14.371,0.06,14.19,0.072,17.4239,0.001429,,0.0,,0.0,13.971,0.028,14.022,0.043,12.348,,8.905,,Theia476,102.32929922807536,Kounkel2020,,,
49384201,2.9269977452608394e+18,101.809447460784,-20.7960940927363,1.35865,12.729,13.635,0.017,13.066,0.08,12.199,0.026,12.024,0.027,11.951,0.026,13.0624,0.000326,13.3034,0.001227,12.6659,0.000766,11.884,0.023,11.924,0.022,12.274,0.363,8.605,,Theia476,102.32929922807536,Kounkel2020,6759.0,1.21326,1.45
49384430,2.9269487096109256e+18,101.841551312548,-20.9266995454575,1.72397,16.8282,19.418,0.071,18.6953,0.0539,15.489,0.061,14.876,0.061,14.683,0.094,17.9159,0.001463,18.9275,0.038406,16.85,0.005968,14.354,0.03,14.342,0.048,12.347,,8.436,,Theia476,102.32929922807536,Kounkel2020,3706.0,0.462148,0.459435
49384547,2.926945106140764e+18,101.89466456709,-20.9983912909755,1.4107,15.1346,16.922,0.043,15.878,0.229,14.177,0.024,13.683,0.038,13.558,0.043,15.7695,0.001037,16.3212,0.005006,15.0742,0.002387,13.573,0.025,13.625,0.033,12.505,,9.176,,Theia476,102.32929922807536,Kounkel2020,4881.0,0.680414,0.8
49384591,2.9269390244670874e+18,101.876910607733,-21.033459250281,1.28294,16.5532,19.217,0.068,18.1537,0.0468,15.294,0.057,14.703,0.067,14.468,0.082,17.5153,0.001571,18.4327,0.013232,16.5592,0.004747,14.339,0.028,14.332,0.043,12.341,,8.974,,Theia476,102.32929922807536,Kounkel2020,3889.0,0.604572,0.591803
49314136,2.926939539863033e+18,101.688778136885,-21.1229503123176,1.45734,16.3846,19.364,0.167,17.9921,0.0467,15.133,0.046,14.48,0.058,14.228,0.076,17.3599,0.001947,18.2541,0.011576,16.39,0.005629,14.209,0.029,14.13,0.042,12.76,,9.188,,Theia476,102.32929922807536,Kounkel2020,3899.0,0.597782,0.586276
49314344,2.926942185562851e+18,101.787353675229,-20.998198378887,1.30197,11.0855,11.225,0.018,11.056,0.023,10.915,0.023,10.933,0.025,10.903,0.019,11.1123,0.00054,11.1505,0.001731,11.0386,0.000886,10.885,0.022,10.923,0.019,11.035,0.122,9.257,,Theia476,102.32929922807536,Kounkel2020,9536.0,1.75694,2.43
49314713,2.926998844772462e+18,101.770522451791,-20.760203574532,1.29715,16.1032,18.548,0.053,17.4534,0.0462,15.057,0.039,14.347,0.043,14.216,0.069,16.9278,0.000838,17.7423,0.008841,16.0494,0.003112,14.157,0.028,14.237,0.043,12.788,,9.073,,Theia476,102.32929922807536,Kounkel2020,4212.0,0.684356,0.66
49315209,2.9270451230351974e+18,101.709240122893,-20.4813762310849,1.35875,16.6006,19.428,0.063,18.2633,0.0476,15.433,0.052,14.705,0.078,14.427,0.088,17.5927,0.001163,18.5324,0.018444,16.6104,0.004996,14.248,0.028,14.257,0.044,12.299,0.385,8.71,,Theia476,102.32929922807536,Kounkel2020,3842.0,0.590492,0.580261
49315308,2.927046364291812e+18,101.68180841109,-20.4214220845647,1.4005,13.0382,14.075,0.02,13.436,0.08,12.523,0.026,12.263,0.022,12.214,0.027,13.4097,0.000378,13.6855,0.001887,12.9778,0.001012,12.179,0.023,12.19,0.024,12.297,0.334,9.148,,Theia476,102.32929922807536,Kounkel2020,6483.0,1.08291,1.323
49383473,2.927047876120197e+18,101.826474318081,-20.3610215391745,1.39876,13.8712,15.191,0.025,14.406,0.149,13.219,0.024,12.89,0.024,12.829,0.033,14.3369,0.000466,14.7031,0.001608,13.8127,0.001459,12.526,0.024,12.577,0.025,12.54,,8.977,,Theia476,102.32929922807536,Kounkel2020,5757.0,0.877745,1.03
744809264,2.92701963241417e+18,101.528179617138,-20.5752693868972,1.41434,16.0797,,,17.3606,0.0468,,,,,,,16.874,0.001361,17.5782,0.014924,15.9523,0.006192,,,,,,,,,Theia476,102.32929922807536,Kounkel2020,4262.0,0.600843,0.67
49312871,2.926031751271915e+18,101.692164165874,-21.8931239083716,1.43739,13.8733,15.236,0.035,14.552,0.012,13.245,0.028,12.888,0.022,12.808,0.03,14.3419,0.000426,14.7126,0.001779,13.8168,0.001391,12.814,0.023,12.845,0.026,12.575,,9.096,,Theia476,102.32929922807536,Kounkel2020,5858.0,0.850388,1.06
49314882,2.9270047546474307e+18,101.699715864281,-20.6594305891382,1.29017,10.68,10.956,0.114,10.807,0.01,10.472,0.026,10.425,0.024,10.405,0.026,10.7634,0.000354,10.8454,0.00074,10.6273,0.000584,10.344,0.022,10.346,0.02,10.385,0.077,8.78,,Theia476,102.32929922807536,Kounkel2020,9303.0,2.31961,2.36
49314992,2.9270169867142605e+18,101.680074132747,-20.5964924743217,1.37163,16.0314,18.813,0.053,17.3239,0.0461,14.917,0.039,14.23,0.054,14.229,0.069,16.8297,0.001019,17.6008,0.007542,15.9617,0.003172,14.038,0.031,14.183,0.048,12.238,0.3,9.093,,Theia476,102.32929922807536,Kounkel2020,4224.0,0.643066,0.66
49383031,2.9272457194904177e+18,101.869204018883,-20.1163217203403,1.48087,15.9788,18.221,0.051,17.2355,0.046,14.892,0.037,14.202,0.053,14.043,0.062,16.7648,0.00082,17.5181,0.004686,15.9204,0.002977,14.044,0.026,14.157,0.039,12.731,,8.972,,Theia476,102.32929922807536,Kounkel2020,4344.0,0.584862,0.679
49383197,2.927055950658588e+18,101.866076879913,-20.2103027947356,0.885837,16.3334,15.041,0.063,17.1967,0.046,15.442,0.052,15.039,0.09,15.069,0.15,16.9344,0.000718,17.4485,0.006849,16.2796,0.003497,,,,,,,,,Theia476,102.32929922807536,Kounkel2020,5148.0,0.571921,0.87
49383585,2.9270435467931745e+18,101.905339335338,-20.4374057999248,1.4008,13.4954,14.661,0.034,14.059,0.103,12.904,0.024,12.634,0.026,12.584,0.029,13.9126,0.000414,14.232,0.001594,13.4372,0.001041,12.477,0.024,12.512,0.025,11.906,0.23,8.968,0.474,Theia476,102.32929922807536,Kounkel2020,6171.0,0.946026,1.18
49383824,2.9270284628681093e+18,101.915302966088,-20.5739187893688,1.3804,14.5919,16.202,0.033,15.185,0.069,13.775,0.033,13.43,0.041,13.316,0.039,15.1489,0.000461,15.6144,0.002502,14.5382,0.001583,13.176,0.024,13.259,0.029,12.287,0.353,8.934,,Theia476,102.32929922807536,Kounkel2020,5351.0,0.754886,0.93
49384013,2.927024339699558e+18,101.92996998915,-20.6753342354802,1.29922,14.3695,16.0,0.073,15.249,0.08,13.523,0.023,13.035,0.032,12.942,0.03,14.9492,0.001599,15.428,0.006963,14.3078,0.003714,12.832,0.024,12.823,0.025,12.391,0.345,9.157,,Theia476,102.32929922807536,Kounkel2020,5410.0,0.911656,0.94
49384052,2.9270008719969567e+18,101.845239014815,-20.7014817877545,1.42335,13.5967,14.803,0.008,14.156,0.069,12.98,0.024,12.662,0.024,12.624,0.024,14.0261,0.000654,14.3581,0.002283,13.5388,0.001673,12.59,0.023,12.615,0.028,12.043,,9.105,,Theia476,102.32929922807536,Kounkel2020,6204.0,0.903278,1.19
49384100,2.927000253521683e+18,101.849740968319,-20.7344082032379,1.71778,16.1603,18.807,0.051,17.7261,0.0466,14.951,0.036,14.274,0.051,13.974,0.054,17.1336,0.001157,17.9632,0.013057,16.161,0.002806,14.042,0.027,14.035,0.043,12.701,0.528,8.957,,Theia476,102.32929922807536,Kounkel2020,3964.0,0.580201,0.571626
49384121,2.9270003222411843e+18,101.810370991695,-20.7452205091387,1.32246,15.4168,17.62,0.049,16.667,0.309,14.297,0.033,13.674,0.029,13.577,0.041,16.1423,0.001941,16.8041,0.00853,15.3576,0.005155,13.609,0.027,13.555,0.033,12.8,,9.091,,Theia476,102.32929922807536,Kounkel2020,4600.0,0.753143,0.73
49385607,2.926065565557724e+18,101.923804348616,-21.6294143010338,0.427256,14.838,15.973,0.043,15.512,0.08,14.096,0.024,13.823,0.033,13.776,0.035,15.2849,0.003593,15.6214,0.012636,14.7685,0.013029,13.677,0.025,13.662,0.032,12.69,,9.082,,Theia476,102.32929922807536,Kounkel2020,5992.0,1.68289,1.1
744807199,2.927008156261682e+18,101.530361429755,-20.7627989852709,1.44951,13.3954,,,13.9425,0.0459,,,,,,,13.811,0.000592,14.1189,0.002544,13.3276,0.001979,,,,,,,,,Theia476,102.32929922807536,Kounkel2020,6096.0,0.960351,1.14
49314983,2.927028875185032e+18,101.797550606765,-20.5999095108025,1.41524,15.0025,16.948,0.048,15.846,0.092,14.052,0.032,13.463,0.038,13.29,0.038,15.6389,0.002492,16.1812,0.010716,14.9324,0.007492,13.303,0.025,13.319,0.031,12.071,,9.003,,Theia476,102.32929922807536,Kounkel2020,4908.0,0.719528,0.8
49315225,2.9270454022191657e+18,101.678519883998,-20.4696467028816,1.30767,13.9874,15.237,0.075,14.541,0.137,13.335,0.04,12.996,0.051,12.894,0.04,14.4652,0.000962,14.8415,0.003104,13.9273,0.002698,12.625,0.024,12.679,0.026,12.072,,9.003,0.536,Theia476,102.32929922807536,Kounkel2020,5809.0,0.90058,1.044
49384237,2.9269519780882504e+18,101.880517954698,-20.820842501538,1.47667,12.4184,12.941,0.042,12.795,0.069,11.864,0.023,11.652,0.023,11.58,0.021,12.7701,0.000215,13.0278,0.00125,12.358,0.000908,11.505,0.023,11.54,0.022,11.416,0.165,8.336,,Theia476,102.32929922807536,Kounkel2020,6563.0,1.33412,1.36
49384583,2.926939093186565e+18,101.861507924948,-21.0255011812825,1.32341,15.8268,16.047,0.035,16.9998,0.0463,14.323,,13.747,,13.772,0.051,16.5759,0.001384,17.2642,0.0105,15.7523,0.004002,13.638,0.025,13.685,0.033,12.624,,8.992,,Theia476,102.32929922807536,Kounkel2020,4437.0,0.655362,0.69
49384808,2.926935794651744e+18,101.827037943578,-21.1547431011963,1.53334,16.4406,19.351,0.054,18.0607,0.0472,15.207,0.041,14.662,0.068,14.441,0.088,17.4067,0.002604,18.3458,0.014166,16.4486,0.00827,14.297,0.029,14.411,0.051,12.645,,8.889,,Theia476,102.32929922807536,Kounkel2020,3866.0,0.540325,0.53647
49387562,2.925359198055616e+18,101.830507018718,-22.9049656861354,1.29199,15.0716,16.194,0.047,16.097,0.126,14.196,0.03,13.737,0.027,13.555,0.038,15.6795,0.000494,16.2036,0.002777,15.0116,0.001667,13.519,0.033,13.557,0.04,11.977,,8.803,,Theia476,102.32929922807536,Kounkel2020,4910.0,0.731713,0.8
744795149,2.926942975836836e+18,101.757424408488,-20.9915156734818,1.36386,14.772,,,15.6,0.0459,,,,,,,15.3535,0.00104,15.838,0.004017,14.708,0.003241,,,,,,,,,Theia476,102.32929922807536,Kounkel2020,5153.0,0.744109,0.87
49384097,2.9269997037658337e+18,101.932036760043,-20.732028321471,1.19133,15.9944,18.34,0.051,17.2786,0.046,14.897,0.036,14.286,0.049,14.127,0.064,16.7906,0.000758,17.5672,0.006324,15.9388,0.00201,14.065,0.027,14.108,0.04,12.774,,8.771,,Theia476,102.32929922807536,Kounkel2020,4270.0,0.740512,0.67
49384166,2.926999325808761e+18,101.871150925844,-20.772981592687,1.42096,14.9189,17.212,0.0,15.81,0.137,13.794,0.026,13.216,0.03,13.125,0.032,15.628,0.001458,16.2707,0.005628,14.8561,0.003646,13.114,0.023,13.071,0.027,12.22,,8.785,,Theia476,102.32929922807536,Kounkel2020,4592.0,0.862756,0.73
49384277,2.926951668850604e+18,101.913108871972,-20.8413971572907,1.06967,13.0002,14.007,0.025,13.411,0.08,12.407,0.033,12.129,0.042,12.063,0.034,13.386,0.000244,13.6729,0.001059,12.9389,0.000735,12.0,0.031,12.03,0.032,12.256,0.461,7.875,,Theia476,102.32929922807536,Kounkel2020,6337.0,1.47625,1.25
49385277,2.9268240911402685e+18,101.821343534264,-21.4088541808999,1.31219,14.286,15.839,0.045,14.868,0.115,13.579,0.028,13.226,0.023,13.164,0.034,14.7868,0.000721,15.188,0.002743,14.2281,0.002796,13.016,0.025,13.074,0.029,12.587,,8.885,,Theia476,102.32929922807536,Kounkel2020,5761.0,0.811501,1.03
744803847,2.92698898352775e+18,101.637700911801,-20.9495733186063,1.38968,13.0751,,,13.555,0.0459,,,,,,,13.4461,0.000278,13.7232,0.001502,13.0165,0.000911,,,,,,,,,Theia476,102.32929922807536,Kounkel2020,6472.0,1.07224,1.32
744807224,2.9270082893984886e+18,101.565339164032,-20.7597656856992,1.16431,9.2486,,,9.2124,0.0459,,,,,,,9.19486,0.000387,9.17958,0.002192,9.18389,0.003334,,,,,,,,,Theia476,102.32929922807536,Kounkel2020,,,
744807266,2.9270084998590167e+18,101.584322590879,-20.7310878623675,0.475227,15.4471,,,15.9902,0.0468,,,,,,,15.8603,0.001859,15.8843,0.023836,15.0985,0.021271,,,,,,,,,Theia476,102.32929922807536,Kounkel2020,,,
49315986,2.9272628306395587e+18,101.700596156598,-20.0031069013306,0.462426,16.198,18.141,0.008,16.931,0.022,15.285,0.057,14.949,0.069,14.703,0.111,16.7512,0.000821,17.206,0.004551,16.1409,0.00318,14.915,0.036,15.133,0.072,12.784,,8.835,,Theia476,102.32929922807536,Kounkel2020,5596.0,1.00927,0.99
49383490,2.927049834625244e+18,101.917743980854,-20.3774111681817,0.503085,14.8979,16.37,0.042,15.703,0.08,14.064,0.029,13.758,0.043,13.642,0.037,15.458,0.000358,15.9115,0.002594,14.8337,0.001684,13.618,0.026,13.651,0.035,12.557,0.492,9.01,0.471,Theia476,102.32929922807536,Kounkel2020,5707.0,1.69091,1.02
49383711,2.9270415539284296e+18,101.813967321986,-20.501855786933,1.39033,13.4665,14.651,0.051,13.883,0.092,12.866,0.028,12.579,0.028,12.489,0.03,13.8866,0.000346,14.2071,0.001139,13.4065,0.000869,12.415,0.023,12.477,0.024,12.044,0.244,8.911,0.515,Theia476,102.32929922807536,Kounkel2020,6176.0,0.969772,1.18
49383769,2.927030043416056e+18,101.921570505718,-20.5471227173443,1.38153,13.8023,14.995,0.036,14.325,0.092,13.13,0.035,12.801,0.028,12.788,0.045,14.2672,0.000649,14.6344,0.002865,13.746,0.001517,12.369,0.022,12.447,0.027,11.97,,8.654,,Theia476,102.32929922807536,Kounkel2020,5890.0,0.906397,1.07
49384049,2.9270007689177293e+18,101.87195468766,-20.6990385221746,1.40721,14.9327,16.797,0.062,15.709,0.115,14.047,0.03,13.548,0.03,13.382,0.045,15.5532,0.00054,16.0875,0.003596,14.877,0.001877,13.416,0.025,13.477,0.031,12.664,,9.131,,Theia476,102.32929922807536,Kounkel2020,5063.0,0.716186,0.85
744795002,2.9269421512031165e+18,101.773432764144,-21.0131978885126,1.36587,11.6805,,,11.8996,0.0459,,,,,,,11.8574,0.000329,11.9828,0.001165,11.625,0.000761,,,,,,,,,Theia476,102.32929922807536,Kounkel2020,7829.0,1.56591,1.86
299654118,2.926169057089032e+18,102.062950699654,-21.3138557796408,1.26735,11.3106,11.455,0.131,11.125,0.009,11.142,0.026,11.117,0.026,11.074,0.024,11.3612,0.000745,11.416,0.001305,11.2606,0.000574,11.072,0.023,11.106,0.021,11.011,0.128,8.297,,Theia476,102.32929922807536,Kounkel2020,9387.0,1.68544,2.38
49383431,2.9270507966978893e+18,101.920233989357,-20.3367014276608,1.3784,14.3936,16.062,0.044,15.028,0.103,13.669,0.026,13.242,0.032,13.17,0.035,14.9117,0.000535,15.3299,0.001718,14.3348,0.00146,13.11,0.025,12.799,0.026,11.96,,8.799,,Theia476,102.32929922807536,Kounkel2020,5623.0,0.763394,1.0
49383952,2.9270043079707694e+18,101.824117810304,-20.6435572572695,1.20972,16.6724,19.22,0.062,18.4399,0.0479,15.279,0.05,14.57,0.062,14.527,0.082,17.7066,0.002227,18.7024,0.018822,16.6893,0.005338,14.306,0.029,14.349,0.052,12.002,,9.23,,Theia476,102.32929922807536,Kounkel2020,3759.0,0.618068,0.602586
49385170,2.9268249114718766e+18,101.833785742369,-21.3516104033564,2.19274,16.7108,20.514,0.165,19.1487,0.0627,15.069,0.041,14.615,0.057,14.258,0.073,17.9702,0.001301,19.3402,0.047492,16.771,0.004693,14.232,0.029,14.139,0.045,12.82,,9.232,,Theia476,102.32929922807536,Kounkel2020,3395.0,0.447371,0.443737
4613955,2.927037808716803e+18,102.000791385129,-20.418337470308,1.3502,16.4427,17.087,0.088,18.0673,0.0468,15.13,0.079,14.557,0.115,14.343,0.105,17.4165,0.001004,18.3426,0.013427,16.4502,0.004523,14.022,0.133,13.978,0.117,12.077,,8.223,,Theia476,102.32929922807536,Kounkel2020,3870.0,0.606667,0.593495
78379411,2.926954520709682e+18,102.324096512297,-20.9511102126553,1.36387,14.7496,16.436,0.016,15.511,0.115,13.901,0.024,13.482,0.034,13.278,0.038,15.3279,0.000512,15.816,0.002868,14.6944,0.002389,13.368,0.025,13.386,0.03,12.328,0.369,9.115,,Theia476,102.32929922807536,Kounkel2020,5224.0,0.742237,0.89
299655769,2.9270527552028406e+18,102.0768046958,-20.2359215379713,1.2137,10.6265,10.876,0.089,10.775,0.008,10.45,0.023,10.418,0.025,10.374,0.026,10.695,0.000451,10.7641,0.000678,10.5838,0.000493,10.343,0.023,10.377,0.021,10.298,0.074,8.577,,Theia476,102.32929922807536,Kounkel2020,8989.0,2.47943,2.27
49315344,2.927046158133345e+18,101.734162000398,-20.4029121537885,1.25126,16.6212,19.187,0.076,18.2802,0.0468,15.454,0.066,14.624,0.052,14.526,0.086,17.6109,0.001258,18.5509,0.012902,16.6308,0.005373,14.509,0.03,14.855,0.072,12.955,,9.224,,Theia476,102.32929922807536,Kounkel2020,3843.0,0.604508,0.591751
49384289,2.92695046625977e+18,101.853881484931,-20.8482762687244,1.36867,11.0935,11.262,0.147,11.151,0.013,10.934,0.023,10.965,0.022,10.903,0.019,11.1152,0.000549,11.1536,0.000795,11.0499,0.001027,10.906,0.023,10.939,0.021,11.253,0.146,9.056,,Theia476,102.32929922807536,Kounkel2020,9618.0,1.65336,2.45
744807213,2.927008224973259e+18,101.515604038972,-20.750989354054,1.89405,13.0861,,,13.463,0.0467,,,,,,,13.3857,0.001074,13.3639,0.037877,12.7963,0.022288,,,,,,,,,Theia476,102.32929922807536,Kounkel2020,,,
4614384,2.926976579661444e+18,102.05003940251,-20.7085696829282,1.37225,14.447,15.469,0.044,15.074,0.103,13.619,0.026,13.232,0.036,13.163,0.03,14.9853,0.000594,15.4256,0.002062,14.3881,0.002217,13.142,0.027,13.143,0.03,12.46,,8.859,,Theia476,102.32929922807536,Kounkel2020,5434.0,0.783845,0.95
78378966,2.9261733864161326e+18,102.359263031061,-21.2289230115702,1.5559,15.2724,17.268,0.047,16.257,0.16,14.258,0.03,13.714,0.03,13.692,0.051,15.9574,0.001121,16.5526,0.00492,15.192,0.002761,13.569,0.024,13.608,0.036,12.756,,9.111,,Theia476,102.32929922807536,Kounkel2020,4665.0,0.642451,0.74
78441949,2.926160535873966e+18,102.483793898262,-21.2850314672956,1.32711,14.4032,16.022,0.104,15.093,0.092,13.688,0.026,13.269,0.028,13.221,0.037,14.9348,0.001161,15.3685,0.004294,14.3442,0.002865,13.169,0.024,13.199,0.028,12.535,,9.009,,Theia476,102.32929922807536,Kounkel2020,5432.0,0.818746,0.95
4614270,2.927025606703321e+18,102.033640161534,-20.6269546829114,1.21259,16.4301,19.004,0.062,18.0076,0.0473,15.163,0.05,14.494,0.075,14.249,0.097,17.385,0.001145,18.2836,0.017047,16.4343,0.004279,14.329,0.03,14.494,0.055,12.359,0.349,9.278,0.54,Theia476,102.32929922807536,Kounkel2020,3914.0,0.668018,0.640465
4614508,2.92697482731508e+18,102.037176988633,-20.7982834272218,1.33186,12.265,13.04,0.014,12.552,0.057,11.828,0.023,11.666,0.025,11.655,0.024,12.5472,0.000206,12.7507,0.000857,12.2066,0.000836,11.606,0.023,11.623,0.022,11.321,0.128,8.773,,Theia476,102.32929922807536,Kounkel2020,7109.0,1.41887,1.58
78378849,2.926160089197397e+18,102.43794295968,-21.3141586544787,1.24205,14.993,16.838,0.168,15.811,0.16,14.177,0.024,13.598,0.039,13.655,0.045,15.6066,0.000666,16.1355,0.004743,14.9422,0.001257,13.544,0.024,13.564,0.033,12.276,,9.13,,Theia476,102.32929922807536,Kounkel2020,5160.0,0.771001,0.87
78379691,2.926966134301136e+18,102.402008664295,-20.7834328915317,0.440344,15.1496,16.575,0.133,15.559,0.24,14.488,0.043,14.132,0.035,14.017,0.07,15.6364,0.000498,16.0192,0.002994,15.0866,0.001757,13.866,0.026,13.883,0.035,12.53,0.418,9.088,,Theia476,102.32929922807536,Kounkel2020,6128.0,1.49282,1.16
299654430,2.9269288883442115e+18,102.181927241229,-21.106529658882,0.959452,16.169,18.171,0.116,17.2729,0.046,15.14,0.042,14.487,0.04,14.532,0.093,16.8887,0.000783,17.5505,0.005569,16.1154,0.002792,14.314,0.027,14.892,0.055,12.763,,9.145,,Theia476,102.32929922807536,Kounkel2020,4598.0,0.729239,0.73
78485737,2.9329898774716544e+18,102.59742350284,-20.4368074309108,1.91142,14.186,15.957,0.052,14.825,0.069,13.372,0.024,12.901,0.024,12.801,0.03,14.7729,0.000385,15.272,0.001498,14.1311,0.001156,12.791,0.024,12.824,0.027,12.15,0.32,8.715,,Theia476,102.32929922807536,Kounkel2020,5144.0,0.705136,0.87
78485811,2.9329959247855657e+18,102.636281284801,-20.3936854644643,0.744618,14.6525,15.986,0.056,15.235,0.103,14.041,0.029,13.662,0.022,13.522,0.044,15.1104,0.000441,15.467,0.001837,14.5924,0.001338,13.561,0.025,13.598,0.037,12.232,,9.119,,Theia476,102.32929922807536,Kounkel2020,5978.0,1.10122,1.1
4614505,2.9269748616748114e+18,102.060190246269,-20.7964662919938,1.43326,16.2227,18.675,0.058,17.7134,0.0463,15.02,0.046,14.262,0.065,14.199,0.082,17.1413,0.001512,17.9904,0.009319,16.2208,0.004072,14.114,0.028,14.17,0.041,12.147,,9.024,,Theia476,102.32929922807536,Kounkel2020,4000.0,0.608864,0.595261
4615552,2.926067730221179e+18,102.007970172548,-21.5523719287211,1.98207,9.28215,9.343,0.031,9.279,0.003,9.169,0.027,9.164,0.022,9.126,0.019,9.29468,0.000318,9.33468,0.001373,9.24716,0.001143,9.122,0.023,9.139,0.02,9.156,0.032,8.816,,Theia476,102.32929922807536,Kounkel2020,9700.0,2.6078,2.474
78380177,2.93299138930025e+18,102.413670682826,-20.4726690455713,1.33142,12.0462,12.498,0.3,11.911,0.021,11.711,0.024,11.592,0.028,11.514,0.024,12.2575,0.00022,12.4064,0.001044,11.9905,0.000898,11.478,0.022,11.508,0.021,11.352,0.163,8.996,,Theia476,102.32929922807536,Kounkel2020,7520.0,1.4201,1.74
299654760,2.926946927206788e+18,102.107620526148,-20.8923599689646,1.214,16.338,14.643,0.203,17.7124,0.0472,15.027,0.19,14.327,0.269,14.111,0.173,17.1753,0.001314,17.9352,0.017357,16.223,0.005899,,,,,,,,,Theia476,102.32929922807536,Kounkel2020,4254.0,0.662466,0.67
299654982,2.92697396832156e+18,102.1427340208,-20.7405052842818,1.39156,13.5108,14.669,0.013,13.974,0.069,12.891,0.024,12.632,0.025,12.578,0.031,13.9243,0.000549,14.2427,0.00206,13.4498,0.001699,12.503,0.023,12.507,0.023,12.659,0.515,9.158,,Theia476,102.32929922807536,Kounkel2020,6592.0,0.929635,1.374
299655540,2.9270386677101665e+18,102.158045084741,-20.3899719384275,1.37901,14.1749,15.648,0.064,14.861,0.08,13.513,0.026,13.151,0.03,12.982,0.032,14.6721,0.0006,15.0734,0.002936,14.1199,0.001364,13.025,0.026,13.111,0.028,12.514,,8.859,,Theia476,102.32929922807536,Kounkel2020,5655.0,0.81662,1.0
299740934,2.925974203011936e+18,102.315995002168,-22.1638243339642,1.36782,14.9068,16.863,0.064,15.707,0.126,14.036,0.024,13.568,0.034,13.485,0.046,15.5234,0.000259,16.0563,0.001619,14.852,0.000835,13.408,0.025,13.484,0.031,12.143,,8.941,,Theia476,102.32929922807536,Kounkel2020,5022.0,0.744607,0.83
49385327,2.926823056045277e+18,101.846642060371,-21.4415487015883,0.805876,12.8456,14.872,0.026,13.68,0.08,11.776,0.024,11.241,0.023,11.118,0.021,13.5234,0.000534,14.0874,0.002484,12.7526,0.001929,10.991,0.022,11.098,0.021,10.96,0.13,8.555,,Theia476,102.32929922807536,Kounkel2020,4833.0,3.6023,
4614300,2.9270253017721687e+18,102.049555695861,-20.6516236867936,1.37553,11.6613,12.037,0.263,11.764,0.02,11.364,0.022,11.305,0.025,11.299,0.024,11.8184,0.000326,11.9348,0.001241,11.6086,0.000861,11.275,0.023,11.294,0.022,11.652,0.218,9.121,,Theia476,102.32929922807536,Kounkel2020,8048.0,1.5337,1.95
78377663,2.925977948223367e+18,102.424489794941,-22.0762051132749,1.33492,14.2396,15.738,0.039,14.842,0.092,13.455,0.024,13.089,0.027,12.986,0.03,14.7663,0.00102,15.1949,0.003597,14.1823,0.002806,12.938,0.023,13.003,0.026,11.842,,9.19,,Theia476,102.32929922807536,Kounkel2020,5588.0,0.858854,0.99
299654531,2.926931740202497e+18,102.088393061328,-21.040211633861,1.35997,14.9228,16.693,0.064,15.673,0.069,14.106,0.033,13.67,0.037,13.441,0.045,15.5136,0.000427,16.0168,0.002107,14.8678,0.001867,13.445,0.025,13.5,0.031,12.185,,8.69,,Theia476,102.32929922807536,Kounkel2020,5137.0,0.706776,0.87
299654801,2.926970601067271e+18,102.109634957486,-20.8698766288591,1.38661,15.1168,17.081,0.117,16.308,0.309,13.992,0.045,13.407,0.04,13.187,0.048,15.8837,0.00061,16.6076,0.003402,15.0659,0.002215,13.175,0.024,13.277,0.031,12.475,,8.949,,Theia476,102.32929922807536,Kounkel2020,4480.0,0.886459,0.7
299655084,2.926978057130188e+18,102.096002341828,-20.6803834580935,1.39922,16.3354,19.359,0.188,17.935,0.0465,15.158,0.047,14.528,0.053,14.422,0.087,17.2956,0.001013,18.2167,0.010603,16.3417,0.005145,14.32,0.031,14.312,0.045,12.911,,8.867,,Theia476,102.32929922807536,Kounkel2020,3888.0,0.578499,0.570181
49384657,2.9269385434307814e+18,101.825773948689,-21.0711291838408,1.38541,15.4895,17.947,0.045,16.373,0.206,14.464,0.028,13.91,0.036,13.836,0.046,16.201,0.000601,16.8488,0.004149,15.4351,0.002151,13.759,0.028,13.847,0.036,12.041,,8.738,,Theia476,102.32929922807536,Kounkel2020,4658.0,0.677321,0.74
49386128,2.926039383437236e+18,101.873904335492,-21.9506421395696,1.38845,15.2169,16.777,0.048,16.151,0.298,14.295,0.032,13.772,0.033,13.619,0.046,15.8696,0.000541,16.4472,0.003178,15.1569,0.001693,13.665,0.028,13.719,0.036,12.843,,8.811,,Theia476,102.32929922807536,Kounkel2020,4749.0,0.694974,0.76
744807225,2.927008289399877e+18,101.564866935107,-20.759211505032,1.13877,9.3114,,,9.2714,0.0459,,,,,,,9.25386,0.000428,9.23877,0.002667,9.24871,0.004887,,,,,,,,,Theia476,102.32929922807536,Kounkel2020,,,
744808943,2.927017914427203e+18,101.644331169941,-20.5823048521738,1.34911,10.3806,,,10.3499,0.0459,,,,,,,10.3323,0.000401,10.3293,0.000779,10.3345,0.001574,,,,,,,,,Theia476,102.32929922807536,Kounkel2020,11267.0,2.02882,2.96
4614795,2.926932839714121e+18,102.042716730141,-21.0012608911273,1.34287,14.5172,16.147,0.051,15.173,0.126,13.753,0.03,13.299,0.029,13.24,0.04,15.063,0.000544,15.515,0.002179,14.4618,0.001586,13.21,0.025,13.278,0.028,12.545,,8.764,,Theia476,102.32929922807536,Kounkel2020,5386.0,0.787322,0.93
4615512,2.926067863358988e+18,102.022047177615,-21.5263873661182,1.30271,11.8062,12.376,0.273,12.018,0.019,11.485,0.024,11.422,0.022,11.362,0.023,11.9807,0.00038,12.1073,0.001399,11.7495,0.000824,11.349,0.023,11.354,0.021,11.336,0.144,8.825,,Theia476,102.32929922807536,Kounkel2020,7968.0,1.54727,1.92
299655505,2.927038530271236e+18,102.139681730703,-20.41202236843,1.91151,16.7134,19.535,0.109,18.5249,0.0487,15.495,0.049,14.856,0.069,14.514,0.09,17.7613,0.001404,18.7893,0.021075,16.7336,0.008752,14.527,0.031,14.616,0.063,12.539,,9.052,,Theia476,102.32929922807536,Kounkel2020,3724.0,0.453811,0.450618
4614203,2.927026607442204e+18,102.005242160876,-20.5814700752417,1.29966,12.8408,13.787,0.062,13.216,0.103,12.355,0.022,12.122,0.022,12.076,0.029,13.1939,0.000312,13.4542,0.001009,12.781,0.000781,12.037,0.024,12.047,0.022,12.03,0.328,8.675,,Theia476,102.32929922807536,Kounkel2020,6595.0,1.24068,1.38
4614436,2.926976029905637e+18,102.003346768139,-20.7425249842968,1.35766,15.3666,16.403,0.058,16.067,0.24,14.35,0.045,13.785,0.071,13.654,0.064,16.0573,0.00233,16.6755,0.008091,15.3038,0.00722,13.433,0.025,13.454,0.03,12.723,,9.16,,Theia476,102.32929922807536,Kounkel2020,4668.0,0.708686,0.74
4614908,2.9269309842882806e+18,102.05905141717,-21.0886149201539,1.32937,16.1912,18.208,0.062,17.5476,0.0462,14.961,0.05,14.296,0.06,14.195,0.088,17.0176,0.000936,17.8271,0.008712,16.1267,0.003137,14.142,0.028,14.223,0.046,12.74,,8.926,,Theia476,102.32929922807536,Kounkel2020,4187.0,0.647749,0.66
4615342,2.9261666175476244e+18,102.000094776944,-21.4028287454096,1.27366,15.6148,17.92,0.046,16.661,1.133,14.6,0.029,14.005,0.054,14.001,0.06,16.3476,0.000894,17.02,0.007178,15.5606,0.003513,13.859,0.027,13.981,0.038,12.255,,8.82,,Theia476,102.32929922807536,Kounkel2020,4619.0,0.71972,0.73
299654691,2.926934798219152e+18,102.136370017963,-20.9384821102221,1.35752,14.9999,16.937,0.011,15.9,0.137,14.146,0.027,13.718,0.035,13.498,0.044,15.6101,0.000644,16.1398,0.002972,14.9473,0.001679,13.572,0.026,13.589,0.034,12.2,0.319,8.829,,Theia476,102.32929922807536,Kounkel2020,4999.0,0.714466,0.83
299654828,2.926970704146482e+18,102.101233347286,-20.8562191101215,1.38907,14.1731,15.985,0.113,14.794,0.08,13.456,0.027,13.093,0.03,13.03,0.034,14.6772,0.000655,15.083,0.002977,14.1166,0.002122,12.997,0.025,13.033,0.027,12.425,0.443,8.867,,Theia476,102.32929922807536,Kounkel2020,5790.0,0.810371,1.04
299655379,2.9270335438033377e+18,102.130777784881,-20.4877616390723,1.57581,16.9751,20.554,0.187,18.9547,0.0506,15.66,0.066,14.963,0.068,14.841,0.125,18.0813,0.001553,19.2097,0.026828,17.0066,0.006336,,,,,,,,,Theia476,102.32929922807536,Kounkel2020,3613.0,0.468749,0.466338
4614652,2.9269477862002657e+18,102.043425426861,-20.8957167336594,1.28221,15.5308,17.31,0.053,16.576,0.0461,14.638,0.039,14.009,0.042,13.875,0.054,16.2227,0.001215,16.8404,0.006944,15.4678,0.005588,13.794,0.024,13.826,0.035,11.986,,8.964,,Theia476,102.32929922807536,Kounkel2020,4688.0,0.694257,0.75
78379877,2.926979981275664e+18,102.326955633101,-20.6625982688916,1.31896,15.3455,16.904,0.049,16.141,1.133,14.264,0.033,13.681,0.035,13.549,0.053,16.0371,0.000539,16.5808,0.015394,15.209,0.009185,13.418,0.025,13.536,0.031,12.145,,8.846,,Theia476,102.32929922807536,Kounkel2020,4688.0,0.734851,0.75
299652618,2.9259478490914253e+18,102.11579202653,-22.3275420713577,1.35884,16.3895,18.756,0.117,18.0072,0.0469,15.218,0.053,14.409,0.053,14.222,0.074,17.3636,0.002083,18.2777,0.013779,16.3962,0.004492,14.281,0.029,14.144,0.038,12.712,,9.008,,Theia476,102.32929922807536,Kounkel2020,3881.0,0.626178,0.608942
299654475,2.926931568403828e+18,102.062286057021,-21.0774791913217,1.38022,13.7778,15.114,0.04,14.303,0.103,13.096,0.024,12.829,0.026,12.67,0.03,14.2301,0.000629,14.5865,0.002411,13.723,0.001835,12.697,0.023,12.726,0.026,12.28,0.33,8.9,,Theia476,102.32929922807536,Kounkel2020,5979.0,0.895853,1.099
299654978,2.926973933961812e+18,102.167175625786,-20.7431540864866,1.42723,16.4122,18.396,0.116,17.8815,0.0467,15.217,0.045,14.475,0.043,14.511,0.096,17.2896,0.001088,18.153,0.012439,16.3518,0.005596,13.97,0.029,13.903,0.038,12.135,0.308,8.601,,Theia476,102.32929922807536,Kounkel2020,4189.0,0.589183,0.655
78450241,2.926179158852848e+18,102.648983655972,-21.3274060104039,1.26411,14.4123,15.971,0.026,15.1,0.195,13.685,0.024,13.293,0.03,13.223,0.044,14.9355,0.000539,15.3584,0.002892,14.3525,0.002293,13.044,0.023,13.063,0.027,12.759,,9.033,,Theia476,102.32929922807536,Kounkel2020,5571.0,0.833635,0.98
78486057,2.933000872587829e+18,102.590720810448,-20.2666276008014,1.07029,14.0843,15.512,0.079,14.581,0.092,13.371,0.026,13.057,0.038,13.025,0.034,14.5643,0.000231,14.9378,0.001576,14.0189,0.002489,12.858,0.024,12.914,0.026,12.418,0.433,9.064,,Theia476,102.32929922807536,Kounkel2020,5724.0,1.05798,1.02
299654523,2.926930022215564e+18,102.15170911487,-21.0482087134339,1.55779,9.7483,9.624,0.042,9.653,0.004,9.748,0.024,9.748,0.022,9.793,0.023,9.6639,0.00052,9.64676,0.000821,9.70516,0.000707,9.778,0.023,9.817,0.021,9.781,0.044,8.857,,Theia476,102.32929922807536,Kounkel2020,13062.0,,
299655020,2.926977026338264e+18,102.12565524368,-20.7105310605142,1.34017,12.6275,13.543,0.013,12.982,0.069,12.133,0.023,11.87,0.027,11.807,0.023,12.9624,0.000369,13.2063,0.000993,12.5646,0.000598,11.784,0.023,11.808,0.022,12.064,0.285,8.671,,Theia476,102.32929922807536,Kounkel2020,6827.0,1.2898,1.47
299655057,2.9269766140211794e+18,102.071123286467,-20.6925010547279,1.41402,15.0009,17.031,0.083,16.08,0.08,14.145,0.032,13.539,0.035,13.482,0.045,15.6246,0.001988,16.1603,0.009049,14.9394,0.004701,13.422,0.025,13.433,0.031,12.256,,8.946,,Theia476,102.32929922807536,Kounkel2020,4961.0,0.703009,0.82
299739519,2.926176684951011e+18,102.315004115904,-21.1856739501629,1.31151,15.6102,16.946,0.115,16.372,1.133,14.643,0.035,13.984,0.044,13.982,0.055,16.3157,0.000957,16.953,0.007487,15.548,0.002538,13.851,0.026,13.836,0.037,12.331,,9.062,,Theia476,102.32929922807536,Kounkel2020,4620.0,0.67354,0.73
78495852,2.926192937107712e+18,102.791124051669,-21.0332560178291,1.29461,15.2009,16.774,0.158,16.504,0.332,14.177,0.03,13.634,0.033,13.432,0.037,15.9015,0.000745,16.5373,0.003778,15.1437,0.001949,13.469,0.025,13.514,0.031,12.122,,8.934,,Theia476,102.32929922807536,Kounkel2020,4639.0,0.815649,0.74
299655589,2.927039664142604e+18,102.069789691273,-20.3628252485434,1.21525,16.5381,18.964,0.122,18.1487,0.0468,15.375,0.064,14.647,0.056,14.486,0.092,17.5018,0.00119,18.4316,0.012814,16.5451,0.005046,14.333,0.03,14.385,0.046,12.329,,9.127,0.478,Theia476,102.32929922807536,Kounkel2020,3876.0,0.622119,0.605772
299739106,2.926957952379777e+18,102.246450459598,-20.9101219203789,1.44222,12.3404,13.189,0.021,12.617,0.069,11.887,0.023,11.709,0.024,11.681,0.024,12.645,0.000197,12.8663,0.001417,12.2794,0.000644,11.619,0.022,11.633,0.021,11.655,0.21,9.262,,Theia476,102.32929922807536,Kounkel2020,7042.0,1.31028,1.55
299740549,2.925996021445488e+18,102.311899835215,-21.8939705864967,1.57297,12.9366,14.676,0.113,13.59,0.103,12.201,0.024,11.743,0.025,11.681,0.026,13.4848,0.000391,13.9407,0.001524,12.8805,0.001156,11.574,0.023,11.616,0.023,11.643,0.21,8.91,,Theia476,102.32929922807536,Kounkel2020,5282.0,1.41487,0.906
78450037,2.926107759314473e+18,102.659451074233,-21.4487408182199,1.12598,14.6418,16.283,0.068,15.475,0.115,13.783,0.026,13.344,0.035,13.235,0.037,15.2159,0.000383,15.6934,0.002566,14.5828,0.001337,13.216,0.024,13.22,0.03,12.154,,9.0,,Theia476,102.32929922807536,Kounkel2020,5324.0,0.925195,0.92
79142862,2.9224044667163146e+18,103.842155032254,-23.5551436023179,1.24454,14.7933,16.364,0.0,15.398,0.057,13.988,0.029,13.598,0.027,13.472,0.038,15.3498,0.000512,15.813,0.002394,14.7326,0.001874,13.494,0.026,13.557,0.033,12.641,0.453,8.95,,Theia476,102.32929922807536,Kounkel2020,5150.0,0.777513,0.87
299739298,2.926930297093444e+18,102.218432168011,-21.0384668832901,1.40902,16.7909,18.948,0.123,18.5429,0.0469,15.457,0.065,14.826,0.058,14.759,0.112,17.8062,0.001537,18.826,0.01196,16.8081,0.006503,14.559,0.031,14.528,0.051,12.62,,8.892,,Theia476,102.32929922807536,Kounkel2020,3755.0,0.520041,0.517509
78439973,2.933051896800381e+18,102.560657657242,-20.1013957355385,0.535748,16.0258,17.07,0.066,16.8294,0.046,15.214,0.055,14.775,0.083,14.828,0.128,16.5954,0.000656,17.0639,0.007478,15.9658,0.002703,14.791,0.049,14.759,0.078,12.044,,8.755,,Theia476,102.32929922807536,Kounkel2020,5541.0,0.981457,0.98
78441798,2.9261850343680686e+18,102.560402082446,-21.1874496131562,1.42111,16.0579,15.236,0.064,17.3859,0.047,14.861,0.053,14.303,0.073,14.085,0.095,16.872,0.002414,17.6569,0.015657,15.9839,0.007378,13.282,0.026,13.286,0.029,12.708,0.522,8.772,,Theia476,102.32929922807536,Kounkel2020,4206.0,0.63032,0.66
78449957,2.9261062818457324e+18,102.686845473815,-21.502090894082,1.26848,12.2154,12.845,0.03,12.511,0.046,11.821,0.022,11.713,0.026,11.654,0.023,12.4601,0.001029,12.6335,0.00371,12.1553,0.002273,11.602,0.025,11.66,0.025,11.707,0.216,8.355,,Theia476,102.32929922807536,Kounkel2020,7396.0,1.4446,1.69
78486176,2.9330027280136407e+18,102.644083811171,-20.2053385999637,0.885331,15.5854,17.254,0.059,16.694,1.133,14.781,0.034,14.289,0.034,14.205,0.063,16.1661,0.000525,16.6576,0.003858,15.532,0.001792,14.183,0.029,14.197,0.042,12.477,,8.831,,Theia476,102.32929922807536,Kounkel2020,5252.0,0.772825,0.9
78495557,2.932213175586678e+18,102.813301545925,-20.8562364130159,0.559682,16.0576,18.027,0.067,16.326,1.133,15.256,0.056,14.874,0.06,14.733,0.106,16.6149,0.00068,17.0767,0.005244,16.0023,0.002158,14.807,0.034,14.868,0.063,12.446,,8.362,,Theia476,102.32929922807536,Kounkel2020,5496.0,0.914776,0.96
78682606,2.9261087213882506e+18,103.010937410016,-21.6545073812464,0.733101,16.4201,17.629,0.071,17.3519,0.0459,15.428,0.061,15.156,0.103,14.991,0.129,17.0569,0.000709,17.6085,0.005742,16.3625,0.002615,14.825,0.033,14.891,0.063,12.68,,9.145,,Theia476,102.32929922807536,Kounkel2020,4982.0,0.709898,0.82
299655826,2.933058459510682e+18,102.10771405593,-20.1986831171611,1.35627,14.8434,17.119,0.109,15.792,0.115,13.804,0.024,13.231,0.027,13.155,0.035,15.5222,0.000931,16.1283,0.004455,14.7793,0.002964,13.083,0.023,13.095,0.026,12.554,,8.959,,Theia476,102.32929922807536,Kounkel2020,4656.0,0.887999,0.74
299655932,2.933059249784619e+18,102.105106668221,-20.1282869976349,1.28932,11.4781,11.647,0.152,11.556,0.014,11.226,0.021,11.202,0.024,11.166,0.021,11.5685,0.000505,11.6355,0.001164,11.4227,0.000802,11.072,0.023,11.167,0.021,11.11,0.126,8.84,,Theia476,102.32929922807536,Kounkel2020,8618.0,1.6303,2.15
299738349,2.9330396303740856e+18,102.308875322099,-20.4150348858219,0.617491,14.3455,15.216,0.109,14.93,0.217,13.677,0.024,13.378,0.035,13.37,0.038,14.7963,0.000263,15.1427,0.00149,14.2811,0.001012,13.249,0.025,13.269,0.03,12.294,,9.188,,Theia476,102.32929922807536,Kounkel2020,6195.0,1.48419,1.19
78569717,2.926089308135151e+18,102.903279185315,-21.6135413336543,1.49873,13.0627,14.129,0.034,13.593,0.15,12.454,0.027,12.217,0.03,12.139,,13.4573,0.000203,13.7518,0.000778,13.0004,0.000577,12.038,0.022,12.054,0.024,11.6,0.205,9.064,,Theia476,102.32929922807536,Kounkel2020,6317.0,1.04035,1.244
78682531,2.9261089962661294e+18,103.06933608939,-21.6332828459307,0.904081,15.0949,,,15.792,0.172,14.295,0.041,13.905,0.055,13.98,0.066,15.6233,0.000376,16.0478,0.002442,15.0308,0.001403,,,,,,,,,Theia476,102.32929922807536,Kounkel2020,5488.0,0.857335,0.96
299738107,2.9330446812555745e+18,102.258918731136,-20.2752414443399,1.32144,13.4299,14.687,0.033,13.977,0.149,12.76,0.021,12.448,0.022,12.297,0.025,13.8714,0.000403,14.2131,0.001586,13.3709,0.001568,12.328,0.023,12.317,0.024,12.68,,8.953,,Theia476,102.32929922807536,Kounkel2020,6000.0,1.07875,1.11
78450414,2.926182354308446e+18,102.675581455907,-21.2186358612764,0.888603,13.8025,15.158,0.077,14.446,0.103,13.082,0.024,12.81,0.025,12.686,0.026,14.2844,0.000247,14.6619,0.001968,13.7384,0.000657,12.675,0.024,12.68,0.025,11.919,0.227,9.296,,Theia476,102.32929922807536,Kounkel2020,6194.0,1.40427,1.19
78486209,2.9330031403304786e+18,102.673060215388,-20.1834273863655,0.99585,13.6224,14.641,0.086,14.096,0.08,13.1,0.027,12.833,0.022,12.827,0.031,13.9875,0.000226,14.2578,0.001035,13.5617,0.001551,12.76,0.024,12.81,0.027,12.197,,9.224,,Theia476,102.32929922807536,Kounkel2020,6540.0,1.14349,1.35
78683322,2.925895068232922e+18,103.004427843329,-21.8452472892081,1.3452,16.2745,18.654,0.057,17.6421,0.0461,15.129,0.044,14.387,0.057,14.264,0.077,17.1033,0.001029,17.929,0.006199,16.214,0.002943,14.279,0.029,14.343,0.048,12.803,,8.501,,Theia476,102.32929922807536,Kounkel2020,4124.0,0.629429,0.65
78686384,2.925693582725633e+18,103.024722167101,-22.7463182320356,1.36685,13.4585,14.764,0.037,13.977,0.126,12.826,0.023,12.543,0.025,12.47,0.03,13.9206,0.000192,14.2874,0.000928,13.4045,0.00093,12.391,0.022,12.458,0.023,12.15,0.366,8.906,,Theia476,102.32929922807536,Kounkel2020,5886.0,1.06905,1.067
78822550,2.925813223337322e+18,103.2916975083,-22.3142856491206,1.38659,14.3338,15.997,0.047,14.994,0.286,13.574,0.027,13.212,0.031,13.139,0.034,14.8817,0.000409,15.3367,0.001928,14.2774,0.001303,13.045,0.024,13.113,0.028,12.13,,8.963,,Theia476,102.32929922807536,Kounkel2020,5296.0,0.841384,0.91
299737688,2.933067667920361e+18,102.299635467626,-20.0214024142418,1.40687,15.935,18.477,0.109,17.2083,0.0461,14.806,0.037,14.164,0.049,14.061,0.059,16.7254,0.000707,17.4948,0.00743,15.8754,0.002114,13.984,0.028,14.062,0.042,12.795,,9.068,,Theia476,102.32929922807536,Kounkel2020,4253.0,0.643996,0.665
299738333,2.933039699093563e+18,102.286039496952,-20.4024123824024,1.39421,13.6816,14.773,0.034,14.211,0.137,13.054,0.027,12.767,0.022,12.76,0.033,14.1177,0.000463,14.4558,0.002096,13.6242,0.001724,12.681,0.026,12.727,0.028,12.436,0.413,8.439,,Theia476,102.32929922807536,Kounkel2020,6066.0,0.900806,1.13
299739250,2.926953833514957e+18,102.266479204803,-21.0155540878823,1.29788,16.2284,18.897,0.11,17.6027,0.0461,15.101,0.045,14.377,0.053,14.062,0.076,17.0628,0.000835,17.8947,0.00758,16.1779,0.003281,,,,,,,,,Theia476,102.32929922807536,Kounkel2020,4182.0,0.661311,0.65
78448914,2.9257905502118006e+18,102.615964196329,-22.1359931839897,1.0966,15.4617,17.168,0.048,16.74,1.133,14.574,0.032,14.102,0.048,14.019,0.062,16.0618,0.000427,16.5755,0.003075,15.4064,0.001449,14.02,0.027,14.144,0.042,12.787,,8.412,,Theia476,102.32929922807536,Kounkel2020,5086.0,0.69447,0.85
78495679,2.926208398989941e+18,102.719034725019,-20.9239649080879,1.59205,15.8143,14.594,0.067,16.805,1.133,14.537,0.056,13.919,0.056,13.717,0.064,16.8308,0.00104,17.6608,0.015264,15.8183,0.013255,13.228,0.024,13.272,0.026,12.295,,9.126,,Theia476,102.32929922807536,Kounkel2020,3921.0,0.656954,0.632313
78570336,2.9261401949082296e+18,102.870964927207,-21.2562000127792,1.27242,14.568,16.153,0.036,15.226,0.103,13.8,0.026,13.43,0.023,13.328,0.033,15.0942,0.000371,15.5226,0.001875,14.5098,0.001165,13.305,0.025,13.336,0.031,12.327,0.338,8.904,,Theia476,102.32929922807536,Kounkel2020,5481.0,0.780743,0.96
78567824,2.9257046852242847e+18,102.891144720264,-22.728842231942,1.02714,14.5033,,,15.088,0.092,13.858,0.032,13.48,0.044,13.407,0.039,14.9906,0.000268,15.3768,0.002064,14.443,0.001156,13.35,0.037,13.477,0.044,11.981,,8.268,,Theia476,102.32929922807536,Kounkel2020,5640.0,0.923856,1.0
78679663,2.932202008671607e+18,103.022224295359,-20.8634868071091,1.42905,16.1097,18.804,0.054,17.6822,0.0462,14.966,0.041,14.205,0.051,13.947,0.061,17.0502,0.000756,17.979,0.007865,16.1152,0.002647,14.028,0.027,14.06,0.042,12.631,,8.425,,Theia476,102.32929922807536,Kounkel2020,3899.0,0.657183,0.632483
78743148,2.93220946473464e+18,103.139022261296,-20.7112651294911,1.10164,14.3719,15.735,0.014,14.946,0.069,13.726,0.026,13.367,0.029,13.313,0.039,14.8434,0.000546,15.2158,0.002338,14.314,0.001188,13.318,0.026,13.354,0.029,11.999,,8.868,,Theia476,102.32929922807536,Kounkel2020,5803.0,0.884538,1.04
299654225,2.9261754480003507e+18,102.166463143242,-21.2360826628701,1.29756,16.0026,18.254,0.113,17.5767,0.0478,14.724,0.045,14.082,0.055,13.905,0.055,16.955,0.002963,17.8549,0.01882,16.007,0.007539,13.764,0.027,13.725,0.033,12.248,,9.179,,Theia476,102.32929922807536,Kounkel2020,3915.0,0.706249,0.66792
299654398,2.9269280293507727e+18,102.139219577369,-21.1253349608327,1.37753,15.4745,17.688,0.112,16.289,0.275,14.557,0.032,13.937,0.043,13.699,0.044,16.1749,0.000619,16.8171,0.004689,15.4192,0.001921,13.779,0.026,13.802,0.038,12.319,,9.168,0.538,Theia476,102.32929922807536,Kounkel2020,4586.0,0.680659,0.72
78450321,2.926179708608625e+18,102.682380965931,-21.2797112749544,1.16236,15.9036,15.002,0.057,17.1043,0.046,14.886,0.045,14.181,0.066,14.152,0.072,16.6654,0.000741,17.3844,0.004598,15.8444,0.003261,14.075,0.049,14.151,0.067,12.437,,8.233,,Theia476,102.32929922807536,Kounkel2020,4417.0,0.734204,0.69
78484643,2.9261992249399245e+18,102.615228728821,-21.0597198340962,1.26236,15.2519,17.257,0.0,15.93,0.149,14.202,0.026,13.621,0.029,13.516,0.037,15.9398,0.001713,16.5557,0.007945,15.1986,0.005674,13.465,0.025,13.525,0.032,12.678,0.51,8.876,,Theia476,102.32929922807536,Kounkel2020,4795.0,0.784549,0.77
78743977,2.93300736657922e+18,103.173155026654,-20.270349531155,1.31215,15.595,17.553,0.047,16.471,0.332,14.63,0.03,14.15,0.042,14.114,0.06,16.2508,0.000589,16.8302,0.003431,15.536,0.002396,14.01,0.029,14.159,0.042,12.199,,8.893,,Theia476,102.32929922807536,Kounkel2020,4786.0,0.617804,0.772
78442709,2.926091438438878e+18,102.55149895901,-21.7800019606093,1.21301,15.9826,17.872,0.054,17.1679,0.0459,14.837,0.04,14.236,0.039,14.097,0.072,16.7381,0.000644,17.4496,0.004755,15.9266,0.002304,14.153,0.028,14.117,0.039,12.629,,9.157,,Theia476,102.32929922807536,Kounkel2020,4451.0,0.669552,0.7
78496703,2.926103223829023e+18,102.703350118585,-21.532662833129,1.37763,11.0618,11.712,0.113,11.293,0.008,10.73,0.027,10.642,0.026,10.59,0.021,11.266,0.000683,11.4208,0.001109,11.0136,0.000418,10.546,0.023,10.576,0.022,10.475,0.071,9.166,,Theia476,102.32929922807536,Kounkel2020,7686.0,2.15941,1.8
78563272,2.92577154927651e+18,102.756964711134,-22.2964873006871,1.13973,13.338,14.439,0.022,13.803,0.046,12.761,0.026,12.549,0.025,12.456,0.021,13.7304,0.000143,14.0266,0.000655,13.279,0.00055,12.401,0.022,12.449,0.025,12.719,,9.068,,Theia476,102.32929922807536,Kounkel2020,6374.0,1.192,1.27
79027726,2.931934174512801e+18,103.669635220854,-21.3854070704742,1.51358,14.6129,16.353,0.163,15.492,0.114,13.695,0.026,13.174,0.027,13.104,0.03,15.239,0.000495,15.7847,0.002972,14.5528,0.00144,13.036,0.025,13.085,0.029,12.868,,9.003,,Theia476,102.32929922807536,Kounkel2020,4840.0,0.801297,0.79
78684008,2.9258765869979464e+18,103.038498066914,-22.0339244705673,1.36128,12.2988,13.428,0.021,12.804,0.103,11.705,0.026,11.385,0.025,11.313,0.023,12.722,0.000127,13.0458,0.000655,12.2392,0.000483,11.207,0.022,11.219,0.021,11.233,0.148,8.623,,Theia476,102.32929922807536,Kounkel2020,6148.0,1.70534,1.17
79300905,2.922386840170808e+18,104.003076740544,-23.7115789798858,1.47195,15.0263,17.455,0.048,16.233,0.149,13.919,0.032,13.371,0.03,13.214,0.038,15.7656,0.000432,16.454,0.002212,14.9558,0.001396,13.072,0.024,13.117,0.03,12.085,,8.931,,Theia476,102.32929922807536,Kounkel2020,4395.0,0.843982,0.69
78738132,2.9225802167750697e+18,103.164854574444,-23.5529900495847,1.2351,12.8717,14.207,0.008,13.434,0.069,12.232,0.026,11.943,0.029,11.827,0.023,13.3358,0.000226,13.6998,0.000942,12.8127,0.000829,11.806,0.023,11.863,0.023,12.016,0.28,8.768,,Theia476,102.32929922807536,Kounkel2020,5753.0,1.56683,1.03
78742965,2.932204860529747e+18,103.207411240312,-20.8206816311373,1.18754,16.2029,,,17.4356,0.048,14.859,0.097,14.364,0.086,14.115,0.069,16.9809,0.000969,17.6369,0.024949,16.0679,0.005898,,,,,,,,,Theia476,102.32929922807536,Kounkel2020,4441.0,0.641155,0.7
78743996,2.933007504018178e+18,103.133517882982,-20.2618361080131,0.479387,13.865,14.904,0.052,14.4,0.092,13.246,0.024,13.024,0.023,12.95,0.03,14.2606,0.000237,14.5587,0.001328,13.8021,0.000829,12.909,0.024,12.942,0.028,12.144,,8.678,,Theia476,102.32929922807536,Kounkel2020,6536.0,2.15523,1.35
79378825,2.922811389098629e+18,104.19648207802,-22.399871122795,1.26901,14.0506,15.683,0.023,14.606,0.08,13.257,0.023,12.802,0.023,12.699,0.027,14.6062,0.000408,15.067,0.001843,13.9912,0.001075,12.692,0.025,12.698,0.024,12.239,,8.916,,Theia476,102.32929922807536,Kounkel2020,5243.0,1.06131,0.9
79377993,2.922749301049628e+18,104.197329082485,-22.7849531302317,1.44589,13.6816,14.933,0.037,14.173,0.092,13.054,0.026,12.786,0.027,12.677,0.025,14.1171,0.000396,14.4545,0.001576,13.6241,0.001098,12.674,0.023,12.72,0.025,12.397,0.47,8.811,,Theia476,102.32929922807536,Kounkel2020,6021.0,0.870908,1.11
80198522,2.929011844409779e+18,105.311002039521,-21.1463908751636,1.65639,16.5965,19.452,0.164,18.4063,0.0466,15.297,0.037,14.64,0.045,14.431,0.082,17.6394,0.001168,18.6773,0.010912,16.6171,0.00365,14.062,0.028,14.2,0.046,12.665,,8.921,,Theia476,102.32929922807536,Kounkel2020,3720.0,0.516121,0.51376
79145394,2.922714322835091e+18,103.86095993115,-23.0716564836437,1.89824,15.7043,19.006,0.163,17.4996,0.0461,14.476,0.029,13.745,0.033,13.548,0.038,16.7392,0.000673,17.7759,0.006586,15.7247,0.001915,13.493,0.026,13.508,0.033,12.5,,9.217,,Theia476,102.32929922807536,Kounkel2020,3727.0,0.617433,0.602084
48954209,2.9255953868958986e+18,100.989811087553,-22.6623799660354,8.36808,15.5447,19.542,0.162,,,13.767,0.026,13.164,0.033,12.878,0.035,16.9517,0.000833,18.7816,0.015167,15.6495,0.00207,12.754,0.023,12.553,0.025,12.357,,9.148,,Theia509,269.1534803926914,Kounkel2020,3121.0,0.256684,0.228131
172925582,2.922106052383509e+18,101.955098178232,-24.3128104423148,8.6958,9.62854,10.834,0.056,10.187,0.004,9.101,0.024,8.775,0.036,8.713,0.025,10.0513,0.000481,10.3894,0.001076,9.58452,0.001113,8.663,0.023,8.692,0.019,8.679,0.024,8.674,0.368,Theia509,269.1534803926914,Kounkel2020,5848.0,0.945123,1.056
79138668,2.9319167884852065e+18,103.840869550464,-21.5411380529667,8.22106,14.495,18.086,0.162,17.019,0.0463,12.918,0.026,12.309,0.026,12.03,0.023,15.7667,0.0008,17.213,0.006966,14.5628,0.001938,11.828,0.023,11.699,0.022,10.854,0.101,8.591,,Theia509,269.1534803926914,Kounkel2020,3353.0,0.358531,0.344059
49017352,2.9255913324469955e+18,101.045014613594,-22.7040226483574,7.17949,14.2114,17.659,0.162,16.32,0.229,12.723,0.026,12.091,0.022,11.929,0.021,15.3894,0.000564,16.6911,0.003529,14.2622,0.001152,11.723,0.023,11.6,0.022,11.347,0.183,8.818,,Theia509,269.1534803926914,Kounkel2020,3472.0,0.412298,0.405293
172925577,2.9221060137231457e+18,101.940922249377,-24.3111407234663,8.55046,9.13334,10.198,0.039,9.662,0.003,8.571,0.02,8.262,0.042,8.171,0.029,9.53517,0.00048,9.8531,0.00128,9.08976,0.000966,8.14,0.023,8.166,0.019,8.138,0.021,8.879,0.522,Theia509,269.1534803926914,Kounkel2020,5984.0,1.16064,1.101
48882347,2.926409089918749e+18,100.715957635156,-22.079157842161,2.3463,11.8055,12.432,0.235,11.758,0.016,11.254,0.023,11.034,0.025,10.992,0.019,12.1801,0.000126,12.4623,0.000744,11.7511,0.000418,10.941,0.023,10.989,0.021,10.923,0.112,9.043,,Theia528,229.086765276777,Kounkel2020,6271.0,1.16161,1.22
78570079,2.926128512597468e+18,102.915828397989,-21.4098796503801,3.16033,14.0754,16.246,0.056,14.922,0.149,12.675,0.032,12.088,0.036,11.801,0.029,14.8245,0.001244,15.3346,0.024258,13.8006,0.0252,11.618,0.024,11.628,0.021,10.925,0.102,8.476,,Theia528,229.086765276777,Kounkel2020,,,
78820426,2.9321301968173926e+18,103.311944770872,-21.211704359226,2.37562,12.2793,13.467,0.032,12.895,0.08,11.669,0.023,11.388,0.022,11.332,0.021,12.7006,0.000528,13.0242,0.002117,12.2217,0.001689,11.29,0.023,11.314,0.022,11.717,0.216,9.22,,Theia528,229.086765276777,Kounkel2020,6122.0,0.992577,1.156
4615350,2.926165930352852e+18,102.050284676805,-21.4058903945071,2.65023,12.1851,13.495,0.014,12.682,0.069,11.536,0.024,11.285,0.021,11.176,0.021,12.637,0.000155,12.9945,0.001127,12.1319,0.00078,11.153,0.024,11.186,0.02,11.261,0.171,8.187,,Theia528,229.086765276777,Kounkel2020,5892.0,0.985938,1.069
80134577,2.928959170929941e+18,105.143400751164,-21.610565267479,3.25371,16.211,19.666,0.162,18.5231,0.0473,14.672,0.028,14.087,0.038,13.753,0.048,17.4174,0.000743,18.7518,0.013269,16.2651,0.002393,13.766,0.027,13.615,0.034,12.721,0.519,9.171,,Theia528,229.086765276777,Kounkel2020,3439.0,0.396307,0.387305
48957524,2.927221564594279e+18,101.02795129811,-20.449731710352,2.79711,12.7974,14.464,0.047,13.41,0.092,11.915,0.023,11.469,0.027,11.333,0.021,13.3526,0.001544,13.807,0.005697,12.7314,0.00424,11.304,0.024,11.289,0.021,11.177,0.126,8.505,,Theia528,229.086765276777,Kounkel2020,5221.0,0.869125,0.89
48808687,2.926487090827123e+18,100.595909591467,-21.6514607889112,2.13902,16.0382,19.193,0.164,17.8343,0.0465,14.758,0.034,14.081,0.029,13.756,0.048,17.0728,0.000755,18.1113,0.010207,16.0585,0.003299,13.78,0.026,13.707,0.035,12.56,,9.068,,Theia528,229.086765276777,Kounkel2020,3726.0,0.535076,0.531633
48807210,2.9271641151102925e+18,100.531415724474,-20.7085246735945,2.51139,15.9509,19.11,0.164,18.0755,0.0476,14.551,0.035,13.915,0.038,13.721,0.045,17.1,0.000941,18.3251,0.015057,15.9931,0.003284,13.524,0.025,13.354,0.028,12.188,,9.158,,Theia528,229.086765276777,Kounkel2020,3529.0,0.484266,0.482292
172591617,2.923622205898418e+18,100.517722895083,-24.5979049497326,2.75406,17.3799,20.89,0.185,,,15.681,0.069,15.188,0.106,14.902,0.144,18.6662,0.001785,20.3238,0.062384,17.4625,0.005813,14.787,0.032,14.684,0.052,12.513,,9.154,,Theia528,229.086765276777,Kounkel2020,3249.0,0.298071,0.274418
78570206,2.9261299900659395e+18,102.942106919747,-21.3288506214794,2.74496,14.2736,17.51,0.162,15.66,0.137,12.955,0.026,12.279,0.022,12.113,0.021,15.1624,0.000392,16.0937,0.00267,14.2096,0.001092,12.054,0.024,12.062,0.022,12.399,0.372,8.854,,Theia528,229.086765276777,Kounkel2020,3973.0,0.839878,0.62
4616293,2.925966334630584e+18,101.999714463367,-22.091192140604,3.27084,12.2605,13.719,0.022,12.866,0.057,11.542,0.026,11.197,0.029,11.095,0.023,12.7661,0.000161,13.1794,0.000975,12.2067,0.000593,11.023,0.022,11.075,0.021,10.835,0.089,9.099,,Theia528,229.086765276777,Kounkel2020,5430.0,0.86895,0.95
49385194,2.926823988061007e+18,101.92903960688,-21.3619478194629,3.4867,14.9748,18.679,0.162,16.762,1.133,13.569,0.026,12.892,0.023,12.68,0.027,16.0892,0.000799,17.2708,0.006799,15.0118,0.001583,12.593,0.024,12.561,0.025,12.206,0.32,9.246,,Theia528,229.086765276777,Kounkel2020,3575.0,0.539017,0.535269
744720194,2.926128512597468e+18,102.915828397989,-21.4098796503801,3.16033,14.0754,,,15.2602,0.0496,,,,,,,14.8245,0.001244,15.3346,0.024258,13.8006,0.0252,,,,,,,,,Theia528,229.086765276777,Kounkel2020,,,
80458082,2.929403098742428e+18,105.600454337964,-20.7527001776743,2.03785,17.1345,19.927,0.16,19.3413,0.0596,14.337,,14.82,0.062,14.624,0.097,18.2262,0.001379,19.5365,0.043283,17.039,0.005899,,,,,,,,,Theia528,229.086765276777,Kounkel2020,3572.0,0.400233,0.5
47585973,2.9235693606228465e+18,100.661257752375,-24.7773889760262,2.81544,17.2252,20.803,0.181,,,15.468,0.084,15.131,0.094,14.517,0.099,18.5627,0.001741,20.1263,0.062626,17.3048,0.005666,14.549,0.029,14.474,0.045,12.623,,9.161,,Theia528,229.086765276777,Kounkel2020,3269.0,0.337936,0.320262
49242659,2.9268172535524465e+18,101.539081568897,-21.5414652482957,4.38435,14.5619,18.052,0.163,16.657,1.133,13.17,0.029,12.579,0.025,12.325,0.029,15.684,0.000554,16.8664,0.005239,14.5997,0.001642,12.163,0.023,12.074,0.021,11.984,0.279,8.896,,Theia791,323.5936569296281,Kounkel2020,3570.0,0.515647,0.513305
49387615,2.925361809395716e+18,101.902273871047,-22.932042753482,5.62567,10.4088,11.649,0.1,10.992,0.007,9.791,0.023,9.436,0.023,9.378,0.023,10.8491,0.000321,11.1952,0.000622,10.3555,0.000523,9.288,0.023,9.322,0.021,9.225,0.033,8.539,0.314,Theia791,323.5936569296281,Kounkel2020,5789.0,1.04911,1.039
53556077,2.922142095747444e+18,102.860044914544,-24.3913241534623,,15.9345,16.754,0.052,16.769,1.133,14.404,0.037,13.916,0.045,13.545,0.046,17.8062,0.001949,17.4953,0.54293,15.9178,0.020184,,,,,,,,,Theia791,323.5936569296281,Kounkel2020,4241.0,0.277089,0.250709
78743817,2.932254475992669e+18,103.107889676724,-20.3612049234236,5.39433,16.07,19.91,0.163,18.6254,0.0548,14.508,0.032,13.875,0.038,13.716,0.057,17.3481,0.001084,18.8161,0.032019,16.139,0.002647,13.503,0.025,13.381,0.03,12.022,,9.036,,Theia791,323.5936569296281,Kounkel2020,3340.0,0.268159,0.240761
49387611,2.925361809395718e+18,101.897755102667,-22.9315156349171,5.6412,9.85197,10.958,0.063,10.392,0.004,9.293,0.023,9.012,0.025,8.957,0.023,10.2565,0.000228,10.5727,0.000465,9.8038,0.000634,8.892,0.022,8.917,0.021,8.869,0.028,9.122,0.444,Theia791,323.5936569296281,Kounkel2020,6021.0,1.2635,1.115
172997575,2.9221103129909023e+18,102.19312786057,-24.2420849038198,4.16953,15.5309,19.538,0.168,,,13.808,0.029,13.262,0.038,12.916,0.034,16.8724,0.001094,18.4997,0.013656,15.6164,0.002422,12.755,0.023,12.666,0.024,12.35,,8.977,,Theia791,323.5936569296281,Kounkel2020,3239.0,0.439794,0.435566
4614236,2.92702640128379e+18,102.001540734607,-20.6074189244848,4.09283,15.8658,19.609,0.163,18.4205,0.048,14.214,0.029,13.662,0.029,13.369,0.034,17.1358,0.000906,18.6206,0.014966,15.9356,0.002652,13.312,0.025,13.121,0.027,12.288,,9.051,,Theia791,323.5936569296281,Kounkel2020,3336.0,0.381049,0.369939
173042936,2.922205867425942e+18,102.408520569897,-24.1434893751173,4.68256,7.08977,7.212,0.024,7.14,0.03,6.995,0.021,7.015,0.023,6.96,0.026,7.11952,0.000292,7.17505,0.001145,7.07216,0.001527,6.891,0.062,6.911,0.02,6.947,0.016,6.805,0.09,Theia791,323.5936569296281,Kounkel2020,8971.0,3.14652,2.264
49253325,2.9270225830468127e+18,101.617020107899,-20.4865177280055,3.59395,16.4543,20.19,0.165,18.8641,0.0489,14.98,0.039,14.336,0.062,14.147,0.064,17.6993,0.001092,19.0674,0.01855,16.5135,0.004562,13.987,0.029,13.918,0.039,12.131,,9.087,,Theia791,323.5936569296281,Kounkel2020,3403.0,0.317992,0.297244
78684994,2.9258621215482266e+18,103.005276458093,-22.3117283994381,4.66374,13.4938,16.286,0.074,14.682,0.24,12.329,0.022,11.689,0.025,11.537,0.023,14.3097,0.000343,15.1281,0.001704,13.4299,0.000805,11.439,0.023,11.496,0.021,11.682,0.233,9.061,,Theia791,323.5936569296281,Kounkel2020,4079.0,0.654074,0.638
172786109,2.9220789425501635e+18,101.702888567048,-24.5429558627072,4.69332,15.8604,19.6,0.174,18.434,0.0477,14.299,0.035,13.63,0.022,13.477,0.045,17.1285,0.000859,18.639,0.01375,15.9318,0.002399,13.31,0.025,13.166,0.03,12.091,,9.079,,Theia791,323.5936569296281,Kounkel2020,3325.0,0.329011,0.309949
80130327,2.922475969331106e+18,105.12954522356,-23.2619009530843,4.36548,10.8192,11.814,0.166,11.325,0.011,10.249,0.043,9.973,0.055,9.898,0.045,11.2502,0.000599,11.5958,0.001033,10.7747,0.000826,9.374,0.023,9.432,0.019,9.478,0.032,8.394,,Theia791,323.5936569296281,Kounkel2020,5855.0,1.09703,1.058
172786258,2.92207560965562e+18,101.67250717244,-24.6682587475882,6.17261,15.8854,19.498,0.175,,,14.213,0.039,13.61,0.055,13.365,0.05,17.2193,0.000982,18.826,0.014533,15.9686,0.002592,13.074,0.024,12.895,0.026,12.043,,8.828,,Theia791,323.5936569296281,Kounkel2020,3251.0,0.274355,0.247654
78440134,2.933048937558349e+18,102.477396831263,-20.1909980041236,5.20399,11.9334,13.728,0.033,12.666,0.069,11.087,0.026,10.627,0.022,10.53,0.019,12.5166,0.000177,13.0189,0.001019,11.8799,0.000691,10.472,0.022,10.546,0.02,10.527,0.075,9.173,,Theia791,323.5936569296281,Kounkel2020,4996.0,0.746689,0.828
80130326,2.922475969331108e+18,105.1283586536,-23.2621877662598,4.50247,12.3948,11.79,,13.5686,0.0462,11.346,0.039,10.789,0.036,10.613,0.033,13.1407,0.002301,13.8332,0.008521,12.3137,0.003591,,,,,,,,,Theia791,323.5936569296281,Kounkel2020,4335.0,0.956052,0.678
80279080,2.922478443232078e+18,105.282891701902,-23.1602715233929,5.40038,14.4102,17.747,0.162,16.6635,0.0461,12.908,0.024,12.275,0.022,12.033,0.023,15.6009,0.000497,16.898,0.004671,14.4614,0.002433,11.869,0.022,11.765,0.022,11.835,0.234,9.145,,Theia791,323.5936569296281,Kounkel2020,3467.0,0.489902,0.487987
80464742,2.928468342062831e+18,105.54709256458,-23.1704092332329,5.05385,13.4399,16.382,0.019,14.843,0.08,12.287,0.024,11.646,0.022,11.482,0.023,14.3595,0.000343,15.2401,0.002059,13.4419,0.001104,11.361,0.023,11.406,0.021,11.445,0.166,8.425,,Theia791,323.5936569296281,Kounkel2020,3968.0,0.609208,0.595537
172599287,2.9251633475443384e+18,100.846574644732,-24.1603264186144,4.22785,13.4311,16.599,0.181,14.745,0.217,12.121,0.023,11.5,0.023,11.292,0.021,14.2876,0.000348,15.1719,0.002471,13.3618,0.001468,11.233,0.023,11.237,0.021,11.317,0.153,8.86,,Theia791,323.5936569296281,Kounkel2020,3987.0,0.780267,0.62
172786111,2.922078942550162e+18,101.70841421901,-24.5442110460205,4.71933,13.4848,16.477,0.031,15.015,0.458,12.319,0.026,11.628,0.022,11.465,0.025,14.4095,0.000244,15.2985,0.002426,13.4878,0.000851,11.404,0.022,11.451,0.022,11.42,0.171,8.954,,Theia791,323.5936569296281,Kounkel2020,3955.0,0.639925,0.619519
299738882,2.926961388353604e+18,102.302060634288,-20.7682481385557,4.95632,12.2263,14.388,0.02,13.061,0.069,11.246,0.026,10.692,0.022,10.578,0.025,12.9082,0.000299,13.5295,0.001758,12.1692,0.000873,10.495,0.023,10.532,0.02,10.524,0.072,9.18,,Theia791,323.5936569296281,Kounkel2020,4598.0,0.832233,0.727
79025468,2.922797056784076e+18,103.616393603659,-22.5238976497497,4.96405,16.2292,20.556,0.163,,,14.55,0.033,13.915,0.023,13.648,0.047,17.5946,0.000982,19.2569,0.018175,16.3185,0.003143,13.497,0.025,13.361,0.029,12.322,,8.791,,Theia791,323.5936569296281,Kounkel2020,3212.0,0.294987,0.270909
79380072,2.931846351020019e+18,104.21661567022,-21.8549722084149,5.65291,16.1428,20.358,0.163,,,14.315,0.033,13.718,0.029,13.449,0.034,17.556,0.000783,19.3795,0.023075,16.2472,0.002571,13.331,0.026,13.15,0.028,12.172,,8.545,,Theia791,323.5936569296281,Kounkel2020,3121.0,0.285859,0.260568
80275733,2.928811591544566e+18,105.276605031079,-21.8703181152859,4.79437,16.8054,,,,,14.789,0.032,14.168,0.025,13.87,0.048,18.3569,0.001326,20.4992,0.040606,16.9426,0.003967,13.664,0.05,13.444,0.047,11.886,,8.879,,Theia791,323.5936569296281,Kounkel2020,2945.0,0.279343,0.253235
49306384,2.9260614767487427e+18,101.651245207576,-21.6789454997927,5.09345,14.2227,,,16.329,0.172,12.819,0.028,12.139,0.032,11.965,0.029,15.3263,0.000566,16.4677,0.004916,14.2564,0.001709,,,,,,,,,Theia791,323.5936569296281,Kounkel2020,3607.0,0.521662,0.519051
78681836,2.92611569211469e+18,103.074999364813,-21.446374315193,4.32916,16.738,20.18,0.164,19.3219,0.058,15.065,0.036,14.506,0.049,14.16,0.062,18.0568,0.001652,19.4696,0.037752,16.8056,0.005405,14.04,0.029,13.838,0.038,11.98,,8.692,,Theia791,323.5936569296281,Kounkel2020,3346.0,0.27189,0.244906
79295215,2.9319551983677937e+18,104.001939460016,-21.167985126238,3.11294,17.0057,,,19.5284,0.061,15.438,0.055,14.846,0.059,14.586,0.094,18.2805,0.001712,19.7172,0.042861,17.0717,0.007965,14.48,0.046,14.273,0.056,12.631,,9.04,,Theia1097,691.8309709189363,Kounkel2020,3356.0,0.30409,0.281289
80280467,2.921693529371215e+18,105.329303975748,-23.7278532507616,4.6923,15.7815,20.26,0.162,,,14.184,0.026,13.514,0.029,13.26,0.038,17.1069,0.000713,18.7555,0.011357,15.8671,0.002263,13.068,0.025,12.919,0.027,12.391,0.415,9.051,,Theia1097,691.8309709189363,Kounkel2020,3236.0,0.356298,0.341482
78892592,2.9257995868142085e+18,103.34106119831,-22.4188421954881,3.575,16.2199,16.578,0.07,18.3938,0.0468,14.673,0.059,14.182,0.072,13.887,0.076,17.3972,0.000746,18.6217,0.0107,16.2639,0.003008,,,,,,,,,Theia1097,691.8309709189363,Kounkel2020,3513.0,0.351396,0.335821
79877485,2.928756207951568e+18,104.92066016924,-22.4743162418283,4.16799,12.9984,15.089,0.008,13.798,0.149,12.051,0.023,11.502,0.022,11.361,0.019,13.6664,0.000185,14.2716,0.000951,12.9408,0.000791,11.332,0.023,11.339,0.021,11.283,0.133,8.738,,Theia1097,691.8309709189363,Kounkel2020,4617.0,0.677369,0.732
63426302,2.9214779563689805e+18,105.262763987682,-24.6145390336985,3.6748,16.3582,19.868,0.167,18.73,0.0481,14.853,0.049,14.351,0.051,14.138,0.071,17.5745,0.000942,18.96,0.016066,16.4166,0.003169,13.92,0.028,13.714,0.033,12.625,,8.378,,Theia1097,691.8309709189363,Kounkel2020,3409.0,0.313337,0.29189
78484776,2.92620598950579e+18,102.683799024143,-20.9754870861703,3.91339,16.7474,20.745,0.164,,,14.925,0.037,14.363,0.059,14.037,0.073,18.1494,0.001876,19.8608,0.045759,16.8426,0.005414,13.933,0.027,13.707,0.035,12.086,0.325,8.57,,Theia1097,691.8309709189363,Kounkel2020,3174.0,0.309572,0.287568
48747101,2.9264350358227963e+18,100.366860966213,-22.103641246962,5.00525,6.45501,8.203,0.019,7.263,0.002,5.703,0.03,5.23,0.018,5.085,0.018,7.01595,0.000195,7.50741,0.000932,6.41735,0.001068,5.121,0.146,4.946,0.084,5.075,0.015,5.021,0.032,Theia1097,691.8309709189363,Kounkel2020,5125.0,9.22707,
172592130,2.9236733718483604e+18,100.489668626055,-24.1958309062013,3.97834,15.926,19.943,0.167,,,14.147,0.027,13.545,0.036,13.35,0.04,17.3002,0.00101,19.028,0.021207,16.0208,0.003451,13.196,0.025,13.041,0.028,12.173,,8.902,,Theia1097,691.8309709189363,Kounkel2020,3180.0,0.392128,0.382566
4617467,2.925349607388264e+18,102.035073322982,-22.9253411881096,,15.7281,17.924,0.048,,,13.955,0.032,13.358,0.036,13.079,0.034,17.1154,0.001208,18.7666,0.011862,15.8185,0.002633,12.933,0.024,12.78,0.028,12.368,,9.021,,Theia1097,691.8309709189363,Kounkel2020,3208.0,0.40725,0.399641
78959065,2.922375673254933e+18,103.586409411574,-23.8118481131072,3.92338,14.36,17.505,-0.152,15.912,0.092,13.126,0.027,12.469,0.022,12.314,0.03,15.358,0.000344,16.3454,0.002926,14.3749,0.001949,12.161,0.023,12.179,0.023,12.434,0.428,9.005,,Theia1097,691.8309709189363,Kounkel2020,3797.0,0.558169,0.552543
80389492,2.9290279591266115e+18,105.433176272036,-20.7956857897211,3.52628,11.9741,13.27,0.01,12.615,0.092,11.297,0.024,10.929,0.026,10.873,0.019,12.4407,0.000164,12.8074,0.000779,11.9146,0.00051,10.798,0.023,10.827,0.022,10.692,0.099,8.936,,Theia1097,691.8309709189363,Kounkel2020,5630.0,0.85474,0.998
78681735,2.9261165167491067e+18,102.965829124929,-21.4256147924096,4.11881,16.7942,20.741,0.174,,,14.974,0.069,14.457,0.06,14.159,0.081,18.2261,0.002168,19.7862,0.065666,16.8806,0.008509,,,,,,,,,Theia1097,691.8309709189363,Kounkel2020,3228.0,0.283345,0.257733
53746759,2.921864812661703e+18,103.489259736971,-24.9744203977558,3.6992,13.1989,15.306,0.029,14.115,0.092,12.226,0.027,11.704,0.026,11.583,0.024,13.8849,0.000212,14.5149,0.000935,13.1433,0.000709,11.4,0.023,11.459,0.021,11.335,0.161,8.828,,Theia1097,691.8309709189363,Kounkel2020,4565.0,0.717878,0.72
79685372,2.9225388132945853e+18,104.588138104911,-23.0527669140632,3.30561,14.9426,16.683,0.048,16.383,0.16,13.581,0.032,12.991,0.029,12.726,0.029,16.0019,0.000559,17.0789,0.005173,14.9681,0.002075,12.642,0.024,12.585,0.024,12.082,0.278,8.971,,Theia1097,691.8309709189363,Kounkel2020,3680.0,0.550781,0.545956
80136669,2.9320259150158684e+18,105.127255284363,-20.8811070433291,4.06172,12.2896,14.0,0.037,13.052,0.08,11.504,0.024,11.06,0.023,10.933,0.025,12.8656,0.000347,13.3548,0.001427,12.2335,0.000872,10.895,0.021,10.964,0.019,10.867,0.099,8.907,,Theia1097,691.8309709189363,Kounkel2020,5087.0,0.79387,0.853
48948558,2.926873942819425e+18,100.876787715297,-21.337891108849,3.73913,11.7838,13.191,0.033,12.348,0.069,11.117,0.023,10.766,0.022,10.663,0.019,12.2753,0.000196,12.6758,0.001027,11.7326,0.000623,10.637,0.022,10.704,0.021,10.572,0.094,8.833,,Theia1097,691.8309709189363,Kounkel2020,5536.0,0.919522,0.974
48955428,2.926420497353145e+18,100.977618841054,-21.8103587367969,3.3259,17.0195,,,,,15.344,0.056,14.704,0.063,14.43,0.069,18.3725,0.001419,19.9528,0.040184,17.1016,0.007427,14.283,0.028,14.063,0.039,12.505,0.41,8.973,,Theia1097,691.8309709189363,Kounkel2020,3254.0,0.305088,0.282431
173042361,2.9222064515415214e+18,102.333383126652,-24.1382068735735,4.79469,15.238,19.112,0.17,17.7077,0.0469,13.685,0.026,13.003,0.029,12.809,0.032,16.4902,0.000907,17.9148,0.010333,15.3025,0.001995,12.685,0.023,12.568,0.025,11.99,0.237,9.243,,Theia1097,691.8309709189363,Kounkel2020,3373.0,0.411325,0.404205
80038315,2.9320504822286167e+18,105.025270784415,-20.61224383518,3.96318,9.17316,9.72,0.033,9.445,0.002,8.896,0.041,8.741,0.04,8.712,0.027,9.38127,0.000319,9.54308,0.001099,9.13653,0.000924,8.684,0.023,8.68,0.02,8.627,0.023,9.022,0.453,Theia1097,691.8309709189363,Kounkel2020,7428.0,1.8058,1.7
49386543,2.9259607640513203e+18,101.919479503941,-22.2210943937286,3.50514,16.8492,21.058,0.165,,,15.025,0.039,14.457,0.048,14.388,0.089,18.2576,0.001084,19.9632,0.039741,16.9444,0.004338,14.098,0.028,13.9,0.035,12.73,,9.091,,Theia1097,691.8309709189363,Kounkel2020,3174.0,0.296804,0.272975
79542878,2.93205982807822e+18,104.373386266104,-20.8966565440247,4.839,14.3449,18.197,0.162,16.497,1.133,12.925,0.027,12.329,0.027,12.123,0.024,15.4811,0.000505,16.6914,0.004052,14.386,0.0018,11.942,0.024,11.843,0.022,12.009,0.271,9.04,,Theia1097,691.8309709189363,Kounkel2020,3545.0,0.51383,0.511556
172697918,2.925120535310201e+18,101.184052809455,-24.1036427093617,0.946314,14.9088,16.388,0.084,15.553,0.126,14.232,0.032,13.879,0.045,13.885,0.064,15.3927,0.000467,15.7768,0.002373,14.8493,0.001019,13.788,0.027,13.841,0.039,12.259,,9.368,,Theia1308,1412.5375446227556,Kounkel2020,5595.0,0.829582,0.99
49190775,2.9256279599288146e+18,101.497929714931,-22.3530863247441,0.740002,16.4343,18.232,0.063,17.4453,0.0459,15.43,0.051,15.018,0.076,14.733,0.101,17.1087,0.000548,17.7155,0.004102,16.3781,0.002132,14.763,0.033,14.997,0.071,12.816,,9.122,,Theia1308,1412.5375446227556,Kounkel2020,4694.0,0.764168,0.75
172696647,2.9235783328128287e+18,100.940644476643,-24.8268136751096,0.757918,15.2972,16.647,0.039,16.159,0.263,14.61,0.039,14.24,0.041,14.287,0.087,15.769,0.00043,16.1423,0.002089,15.2397,0.001976,14.227,0.028,14.291,0.043,12.582,,8.988,,Theia1308,1412.5375446227556,Kounkel2020,5723.0,0.83577,1.02
47585893,2.9235941382920955e+18,100.671391939023,-24.6930893506614,0.975591,15.8521,16.994,0.057,16.367,1.133,14.995,0.044,14.424,0.06,14.357,0.094,16.4537,0.00061,16.9726,0.004569,15.7971,0.002942,14.411,0.033,14.478,0.048,12.746,,9.077,,Theia1308,1412.5375446227556,Kounkel2020,4997.0,0.658387,0.83
49080537,2.92522526379245e+18,101.211404376358,-23.4741639360997,0.549724,14.6545,15.827,0.043,15.211,0.092,14.04,0.028,13.749,0.038,13.681,0.057,15.0756,0.000304,15.3952,0.001365,14.5934,0.001675,13.678,0.027,13.691,0.034,12.235,,8.56,,Theia1308,1412.5375446227556,Kounkel2020,6048.0,1.38724,1.13
49083106,2.9267851228959386e+18,101.23737889318,-21.7712255456415,0.472069,16.7409,18.123,0.081,17.5189,0.046,15.953,0.071,15.548,0.136,15.756,0.25,17.2955,0.000705,17.7527,0.007966,16.6824,0.005282,15.406,0.04,15.472,0.104,12.372,,9.175,,Theia1308,1412.5375446227556,Kounkel2020,5401.0,0.785407,0.94
48880883,2.9254844049391974e+18,100.755673566759,-23.0944573581988,0.933039,14.6178,16.064,0.014,15.258,0.069,13.987,0.026,13.581,0.028,13.558,0.039,15.1135,0.000433,15.5062,0.001571,14.5547,0.001348,13.462,0.025,13.588,0.031,12.599,,8.45,,Theia1308,1412.5375446227556,Kounkel2020,5550.0,0.983455,0.98
172698989,2.9205706874739016e+18,101.155707858745,-24.9330834553328,0.525029,14.4123,15.564,0.037,15.014,0.092,13.806,0.026,13.491,0.034,13.488,0.039,14.8275,0.000312,15.1408,0.001625,14.3506,0.000997,13.432,0.026,13.453,0.031,12.596,0.411,8.524,,Theia1308,1412.5375446227556,Kounkel2020,6095.0,1.60134,1.14
49190279,2.9255655927024783e+18,101.521161015031,-22.6967534061108,0.43085,15.5743,16.686,0.096,16.13,0.366,14.941,0.046,14.518,0.044,14.574,0.09,16.049,0.0004,16.4217,0.002545,15.5134,0.001459,14.474,0.03,14.542,0.051,12.84,,9.107,,Theia1308,1412.5375446227556,Kounkel2020,5736.0,1.26084,1.02
172698482,2.9235912864340746e+18,101.107668570127,-24.546405338504,0.648376,13.9754,15.0,0.008,14.502,0.103,13.419,0.024,13.171,0.028,13.114,0.035,14.3549,0.000287,14.6337,0.001376,13.9122,0.001133,13.058,0.024,13.07,0.029,12.407,,9.107,,Theia1308,1412.5375446227556,Kounkel2020,6335.0,1.50734,1.25
172785472,2.9251275103378263e+18,101.692388882942,-24.0565269836118,0.52476,16.8523,15.413,0.098,17.7657,0.0467,14.519,,15.159,0.106,14.063,,17.4777,0.002381,17.9743,0.01696,16.7445,0.009489,,,,,,,,,Theia1308,1412.5375446227556,Kounkel2020,4853.0,0.797722,0.79
744337231,2.922032213303392e+18,102.224583343296,-24.7883266195093,1.12377,15.0825,,,15.948,0.0464,,,,,,,15.6818,0.000576,16.0776,0.010385,14.8993,0.013922,,,,,,,,,Theia1308,1412.5375446227556,Kounkel2020,,,
299651978,2.9257394572802304e+18,102.178247920966,-22.7717139470617,0.515741,14.0298,15.177,0.049,14.594,0.057,13.438,0.022,13.136,0.026,13.06,0.029,14.4479,0.000197,14.7622,0.000961,13.9662,0.001098,13.029,0.024,13.065,0.027,11.889,0.28,8.907,,Theia1308,1412.5375446227556,Kounkel2020,6080.0,1.95351,1.14
47585768,2.9235996014911007e+18,100.699606283028,-24.5754861138244,0.378354,16.017,17.167,0.071,16.7071,0.0459,15.325,0.06,14.883,0.083,14.849,0.14,16.521,0.000573,16.9192,0.004441,15.9524,0.003062,14.796,0.032,14.811,0.061,12.72,,8.452,,Theia1308,1412.5375446227556,Kounkel2020,5688.0,1.20251,1.01
299650998,2.925258077343353e+18,102.111641258191,-23.4742918341855,0.473343,16.3236,16.63,0.127,17.0673,0.0459,15.624,0.077,15.422,0.11,15.019,0.17,16.8584,0.000602,17.298,0.005669,16.2666,0.004879,,,,,,,,,Theia1308,1412.5375446227556,Kounkel2020,5388.0,0.922226,0.94
48806993,2.927170643461103e+18,100.564739271452,-20.5433001602495,1.62414,15.9865,18.953,0.163,17.6016,0.0462,14.792,0.033,14.151,0.044,13.925,0.054,16.9516,0.000742,17.8853,0.007224,15.9942,0.003263,13.842,0.026,13.871,0.037,12.507,0.397,9.049,,Theia1396,1412.5375446227556,Kounkel2020,3872.0,0.609917,0.596105
79938616,2.92877675507461e+18,104.884378500903,-22.1618898866558,1.54719,15.6674,14.835,0.053,16.9197,0.0459,14.47,0.039,13.822,0.038,13.752,0.047,16.4495,0.000472,17.1812,0.003862,15.5843,0.002019,,,,,,,,,Theia1396,1412.5375446227556,Kounkel2020,4295.0,0.647607,0.67
48652465,2.927144942376321e+18,100.384451726733,-20.6600139631395,2.70535,14.3271,16.994,-0.096,15.362,0.183,13.22,0.024,12.543,0.026,12.432,0.026,15.1055,0.000438,15.8626,0.002398,14.268,0.001441,12.41,0.023,12.444,0.025,12.057,0.284,9.136,,Theia1396,1412.5375446227556,Kounkel2020,4260.0,0.692464,0.666
79691302,2.9287688179752284e+18,104.702761388832,-22.2976437432205,2.47904,12.3488,13.79,0.018,12.905,0.126,11.662,0.026,11.3,0.024,11.232,0.024,12.8619,0.000159,13.2851,0.000805,12.2977,0.000663,11.185,0.023,11.256,0.023,11.273,0.203,8.418,,Theia1396,1412.5375446227556,Kounkel2020,5445.0,1.1082,0.95
79690370,2.92274225730329e+18,104.719137045216,-22.679111635926,1.76871,11.9371,12.671,0.346,12.126,0.024,11.446,0.029,11.223,0.032,11.184,0.026,12.2681,0.000166,12.5103,0.000772,11.8802,0.000693,11.175,0.023,11.193,0.02,11.215,0.128,8.781,,Theia1396,1412.5375446227556,Kounkel2020,6639.0,1.34591,1.4
49310917,2.925327788953749e+18,101.709394835441,-23.2051720152372,2.24117,16.8473,20.486,0.169,19.1813,0.053,15.317,0.055,14.661,0.059,14.389,0.074,18.0532,0.001123,19.4154,0.029898,16.903,0.00511,14.408,0.028,14.376,0.046,12.851,,9.238,,Theia1396,1412.5375446227556,Kounkel2020,3425.0,0.42089,0.41485
63725286,2.921390579557039e+18,105.673363450231,-24.4691219614036,1.83513,14.5472,16.731,0.042,15.617,0.114,13.342,0.023,12.706,0.022,12.561,0.027,15.3528,0.001316,16.1455,0.00611,14.4807,0.003743,12.464,0.024,12.519,0.024,12.236,0.336,9.09,,Theia1396,1412.5375446227556,Kounkel2020,4148.0,0.983415,0.65
53555309,2.9219260760765373e+18,102.904945250138,-24.8295684900547,2.65552,15.5642,18.816,0.163,17.4801,0.0461,14.213,0.03,13.549,0.027,13.377,0.029,16.6388,0.000699,17.7542,0.006518,15.5932,0.001624,13.257,0.025,13.192,0.029,12.465,,8.507,,Theia1396,1412.5375446227556,Kounkel2020,3643.0,0.520526,0.517971
78567302,2.9226595190446884e+18,102.943559089332,-23.0628978606253,1.92175,10.9283,11.774,0.144,11.196,0.01,10.392,0.024,10.125,0.022,10.063,0.019,11.3119,0.000509,11.6065,0.001047,10.8778,0.000687,10.036,0.023,10.064,0.021,10.082,0.06,8.571,,Theia1396,1412.5375446227556,Kounkel2020,6245.0,2.1491,1.211
172592332,2.9238675387305825e+18,100.460007618175,-24.0309053700689,1.12762,15.0615,17.626,0.109,15.792,0.183,14.269,0.027,13.741,0.049,13.647,0.055,15.6344,0.000428,16.1178,0.002613,15.0024,0.001276,13.574,0.025,13.662,0.035,12.82,,8.905,,Theia1442,2454.708915685034,Kounkel2020,5081.0,0.780677,0.85
172599623,2.923609119137855e+18,100.855030278405,-24.4009973331076,1.07955,16.1151,18.459,0.0,16.922,0.06,15.068,0.044,14.498,0.065,14.254,0.08,16.8218,0.000652,17.4724,0.005625,16.0548,0.002802,14.315,0.028,14.397,0.043,12.768,,9.248,,Theia1442,2454.708915685034,Kounkel2020,4519.0,0.654459,0.71
172591885,2.9236639229203533e+18,100.399577652829,-24.3699057358897,1.07538,16.6621,18.818,0.132,17.8413,0.0462,15.508,0.077,14.853,0.076,14.802,0.119,17.4123,0.000912,18.122,0.00988,16.6005,0.004115,14.419,0.03,14.497,0.049,12.574,0.502,9.103,,Theia1442,2454.708915685034,Kounkel2020,4383.0,0.552427,0.69
48953124,2.925412008970537e+18,100.967764642323,-23.3823983063914,1.40637,16.1085,19.333,0.164,18.0222,0.0467,14.601,0.036,13.873,0.038,13.646,0.037,17.1181,0.001255,18.2849,0.010895,16.0422,0.003352,13.609,0.026,13.608,0.033,11.959,,9.017,,Theia1442,2454.708915685034,Kounkel2020,3719.0,0.819556,0.55
47586019,2.9235572316351007e+18,100.694012285153,-24.8255303922302,1.35887,16.4395,17.8,0.077,18.1039,0.0464,15.185,0.067,14.491,0.077,14.304,0.095,17.4262,0.000908,18.3828,0.00963,16.4502,0.003656,14.038,0.026,14.072,0.041,12.838,,9.142,,Theia1442,2454.708915685034,Kounkel2020,3832.0,0.610472,0.59655
172591877,2.9236637511219727e+18,100.432507317633,-24.3759009916768,1.38973,13.6388,15.022,0.063,14.369,0.114,12.885,0.026,12.474,0.027,12.438,0.027,14.1457,0.000411,14.5552,0.002409,13.5804,0.001328,12.353,0.023,12.414,0.023,11.993,0.244,9.158,,Theia1442,2454.708915685034,Kounkel2020,5470.0,1.06942,0.96
172698863,2.9205751542398746e+18,101.098957952847,-24.8458294085466,1.24027,12.6512,13.671,0.033,13.138,0.08,12.114,0.024,11.865,0.022,11.797,0.023,13.0253,0.000265,13.3031,0.000851,12.5924,0.000687,11.762,0.023,11.77,0.022,11.663,0.203,8.953,,Theia1442,2454.708915685034,Kounkel2020,6315.0,1.46948,1.24
172925891,2.922098184003553e+18,101.967154882432,-24.5461655004582,1.79324,16.8037,20.371,0.18,19.1238,0.0504,15.33,0.051,14.857,0.085,14.488,0.091,18.0051,0.001159,19.3603,0.02343,16.8586,0.004423,14.317,0.028,14.245,0.045,12.749,0.529,9.006,,Theia1442,2454.708915685034,Kounkel2020,3431.0,0.478518,0.476428
299650339,2.922227376621936e+18,102.092837013199,-23.9324946323169,1.20849,14.8362,16.59,0.0,15.432,0.458,14.017,0.027,13.612,0.037,13.489,0.042,15.4015,0.000722,15.8802,0.003405,14.7821,0.001649,13.49,0.025,13.581,0.031,12.255,,9.117,,Theia1442,2454.708915685034,Kounkel2020,5148.0,0.79479,0.87
172592211,2.923677421998792e+18,100.432077275584,-24.1392666187181,0.942236,15.6796,17.632,0.0,16.265,1.133,14.805,0.038,14.423,0.054,14.384,0.084,16.2704,0.000615,16.7752,0.003915,15.6219,0.002104,14.25,0.028,14.294,0.044,12.702,,8.658,,Theia3060,169.8243652461746,Kounkel2020,5018.0,0.724195,0.83
48811415,2.9253967876066734e+18,100.591227971044,-23.5464118739969,0.503246,14.5495,15.437,0.032,14.935,0.103,14.086,0.029,13.779,0.033,13.807,0.052,14.9063,0.000278,15.1673,0.001786,14.4894,0.001174,13.696,0.026,13.738,0.037,12.472,,8.747,,Theia3060,169.8243652461746,Kounkel2020,6433.0,1.42165,1.3
48812402,2.925383696546358e+18,100.680871052342,-23.6172367457065,0.592701,12.3558,12.607,0.029,12.617,0.08,12.088,0.035,11.969,0.049,11.923,0.034,12.5101,0.00019,12.6201,0.001089,12.304,0.000591,,,,,,,,,Theia3060,169.8243652461746,Kounkel2020,7925.0,2.49907,1.9
48952542,2.9251881209155133e+18,100.9513729248,-23.815906646782,0.560966,15.1689,16.376,0.011,15.869,0.195,14.539,0.033,14.288,0.047,14.169,0.066,15.5938,0.00054,15.9167,0.00238,15.107,0.001753,14.283,0.03,14.312,0.047,12.562,,8.716,,Theia3060,169.8243652461746,Kounkel2020,6100.0,1.07677,1.15
48952829,2.9254051713827297e+18,100.942662534772,-23.59905209118,0.393818,15.4498,15.945,0.059,15.904,1.133,14.845,0.047,14.45,0.058,14.456,0.088,15.8519,0.000405,16.1526,0.002363,15.3876,0.001552,14.224,0.028,14.228,0.042,12.885,,9.057,,Theia3060,169.8243652461746,Kounkel2020,6181.0,1.26644,1.18
49187069,2.925526976655669e+18,101.379741563821,-22.9123965464716,0.499471,16.301,18.074,0.065,17.1389,0.0459,15.609,0.054,15.046,0.072,14.835,0.126,16.888,0.000576,17.3842,0.005264,16.2432,0.003549,14.994,0.036,15.116,0.078,12.308,,9.259,,Theia3060,169.8243652461746,Kounkel2020,5147.0,0.979099,0.87
48749976,2.9253893315435643e+18,100.463991244456,-23.6983904897333,0.765807,13.3318,13.834,0.034,13.603,0.126,12.919,0.045,12.746,0.058,12.705,0.05,13.6001,0.000617,13.789,0.002504,13.2747,0.001833,12.303,0.023,12.339,0.023,12.103,0.327,9.115,,Theia3060,169.8243652461746,Kounkel2020,7018.0,1.45762,1.55
48952112,2.9251912132916e+18,100.820844855992,-23.7374875582738,0.473077,16.451,18.066,0.068,17.2574,0.0459,15.65,0.057,15.058,0.077,14.949,0.128,17.0205,0.000742,17.4981,0.005747,16.3925,0.00296,15.114,0.034,15.357,0.089,12.706,,9.048,,Theia3060,169.8243652461746,Kounkel2020,5169.0,0.932317,0.88
48952393,2.925172933911235e+18,100.930523559584,-23.9730413024687,0.518365,14.8963,16.56,0.048,15.611,0.149,14.178,0.032,13.819,0.035,13.721,0.047,15.4023,0.000456,15.8071,0.002665,14.8349,0.001538,13.733,0.026,13.682,0.036,12.445,,9.044,,Theia3060,169.8243652461746,Kounkel2020,5531.0,1.54308,0.97
172592486,2.925182039241498e+18,100.633780920998,-23.9488859070921,0.541132,12.8939,13.349,0.035,13.163,0.103,12.566,0.024,12.495,0.027,12.453,0.025,13.0791,0.000249,13.2089,0.000989,12.8388,0.000969,12.442,0.023,12.472,0.024,11.974,0.249,8.671,,Theia3060,169.8243652461746,Kounkel2020,7709.0,2.21122,1.81
299650859,2.925245329880482e+18,102.110824165095,-23.5709176751435,0.531218,15.0202,15.906,0.11,15.578,0.16,14.428,0.033,14.162,0.053,14.066,0.068,15.4268,0.00055,15.7328,0.002727,14.9594,0.001717,14.0,0.026,14.053,0.04,12.78,,8.972,,Theia3060,169.8243652461746,Kounkel2020,6112.0,1.18284,1.15
299741402,2.925754575564893e+18,102.302802493709,-22.4691673811169,0.436594,16.258,17.717,0.131,16.9168,0.0459,15.586,0.07,15.203,0.099,15.321,0.189,16.7431,0.000514,17.1285,0.003169,16.1987,0.002372,15.155,0.037,15.17,0.077,12.802,,8.802,,Theia3060,169.8243652461746,Kounkel2020,5624.0,0.934017,1.0
49188868,2.9252033379817093e+18,101.457599723108,-23.6953127622311,0.665252,16.2051,16.727,0.035,16.9769,0.0459,15.124,,15.154,0.094,14.509,,16.7554,0.000949,17.2154,0.00539,16.15,0.003909,14.515,0.031,14.582,0.055,12.804,,8.848,,Theia3060,169.8243652461746,Kounkel2020,5242.0,0.733242,0.9
172697726,2.925194954203529e+18,101.16849409091,-23.8878685194142,0.491328,16.8548,18.745,0.135,17.7416,0.0461,15.867,0.078,15.628,0.153,15.423,0.223,17.4674,0.001058,17.9806,0.008964,16.783,0.004169,,,,,,,,,Theia3060,169.8243652461746,Kounkel2020,4992.0,0.813757,0.83
4615441,2.9260716128714726e+18,102.019881396609,-21.4755665043155,0.673819,14.4065,16.085,0.014,15.128,0.046,13.537,0.024,13.276,0.03,13.104,0.034,14.9798,0.000315,15.4542,0.001915,14.3494,0.001156,13.092,0.025,13.13,0.03,12.237,,8.648,,Theia3060,169.8243652461746,Kounkel2020,5601.0,1.64906,0.99
48750119,2.9253969250456776e+18,100.506968768191,-23.5881304582852,0.577598,15.4357,16.761,0.102,15.833,0.218,14.835,0.034,14.431,0.047,14.344,0.072,15.895,0.000609,16.2559,0.003298,15.3784,0.002588,14.256,0.027,14.303,0.043,12.596,,8.876,,Theia3060,169.8243652461746,Kounkel2020,5797.0,0.992728,1.04
48811654,2.925373800941784e+18,100.632016214652,-23.733133079299,1.15109,14.7923,16.152,0.0,15.399,0.092,14.054,0.029,13.688,0.039,13.601,0.041,15.3013,0.000369,15.7104,0.001951,14.7309,0.0011,13.427,0.026,13.447,0.031,12.205,,9.198,,Theia3060,169.8243652461746,Kounkel2020,5433.0,0.761275,0.95
48952615,2.925188941248748e+18,100.960457296166,-23.7596226159963,0.534589,13.4203,13.717,0.025,13.715,0.137,13.155,0.026,13.144,0.038,13.027,0.034,13.5411,0.000231,13.6289,0.000896,13.3658,0.000877,13.048,0.027,13.083,0.031,12.037,,8.688,,Theia3060,169.8243652461746,Kounkel2020,8302.0,1.62355,2.04
48952728,2.925216605138239e+18,100.94221721594,-23.6771143513161,0.481455,14.1594,15.008,0.032,14.495,0.092,13.576,0.032,13.389,0.044,13.243,0.044,14.5045,0.000226,14.7523,0.001388,14.0947,0.000972,13.075,0.024,13.116,0.028,12.79,0.529,8.944,,Theia3060,169.8243652461746,Kounkel2020,6606.0,1.73884,1.38
49188338,2.925196951368159e+18,101.318931974344,-23.8225225336878,0.392124,16.3089,16.89,0.07,17.0092,0.0459,15.509,0.059,15.062,0.097,15.076,0.138,16.8188,0.000686,17.2233,0.004369,16.244,0.002374,14.91,0.032,14.834,0.061,12.68,0.539,9.212,,Theia3060,169.8243652461746,Kounkel2020,5566.0,1.04056,0.98
4618139,2.925259417373527e+18,102.022306819175,-23.4201849571818,0.544193,15.3032,16.511,0.074,16.03,0.138,14.653,0.04,14.355,0.059,14.544,0.099,15.7462,0.000852,16.0912,0.001991,15.2463,0.001983,14.339,0.029,14.372,0.047,12.407,0.427,9.1,,Theia3060,169.8243652461746,Kounkel2020,5878.0,1.0853,1.06
48750209,2.9253978183988337e+18,100.519424052952,-23.516428882903,0.519053,14.7364,15.86,0.105,15.218,0.058,14.167,0.044,13.875,0.066,13.782,0.071,15.1515,0.000347,15.4672,0.001963,14.6772,0.00172,13.859,0.058,13.916,0.068,12.104,,7.95,,Theia3060,169.8243652461746,Kounkel2020,6088.0,1.39501,1.14
48812246,2.9253786800245955e+18,100.734836224973,-23.7369302528048,0.518264,14.6224,15.797,0.017,15.302,0.126,14.026,0.026,13.721,0.035,13.59,0.049,15.0448,0.000295,15.3658,0.001828,14.5614,0.001132,13.641,0.024,13.795,0.034,12.713,,9.01,,Theia3060,169.8243652461746,Kounkel2020,6053.0,1.49053,1.13
49079703,2.925175717050739e+18,101.046265261912,-23.8473231510209,0.548833,11.4221,11.475,0.115,11.419,0.011,11.327,0.024,11.391,0.024,11.382,0.023,11.39,0.000831,11.3749,0.001731,11.3616,0.00083,11.398,0.022,11.453,0.021,11.49,0.192,8.81,0.397,Theia3060,169.8243652461746,Kounkel2020,10334.0,3.16269,2.66
49080152,2.925201310757091e+18,101.20872324575,-23.7318462266061,0.563662,16.918,18.332,0.103,17.8402,0.0461,16.11,0.095,15.468,0.11,15.221,0.165,17.5482,0.000821,18.092,0.009964,16.853,0.004463,15.539,0.042,15.62,0.098,12.753,,9.036,,Theia3060,169.8243652461746,Kounkel2020,4859.0,0.728067,0.79
48812256,2.925379092341444e+18,100.757880654539,-23.7310330328191,0.597938,11.0106,10.886,0.079,10.85,0.008,10.896,0.023,10.915,0.022,10.836,0.019,10.9811,0.000685,10.9783,0.002263,10.9598,0.000914,10.785,0.023,10.694,0.02,10.108,0.062,8.888,0.464,Theia3060,169.8243652461746,Kounkel2020,10330.0,3.53761,2.66
49187709,2.925321883379176e+18,101.355870249091,-23.3341547885055,0.404283,14.4775,15.524,0.098,14.993,0.08,14.016,0.033,13.643,0.024,13.643,0.051,14.857,0.000463,15.1379,0.002138,14.4158,0.001498,13.576,0.024,13.697,0.036,12.306,,8.713,,Theia3060,169.8243652461746,Kounkel2020,6372.0,1.86528,1.27
49309275,2.925300580341431e+18,101.5556265271,-23.5571165486154,0.516693,15.042,16.139,-0.042,15.541,0.103,14.482,0.026,14.205,0.028,14.184,0.066,15.4515,0.000514,15.7627,0.002745,14.9838,0.001822,14.062,0.027,14.104,0.044,12.097,,9.25,,Theia3060,169.8243652461746,Kounkel2020,6067.0,1.20915,1.13
78375585,2.925271134044838e+18,102.35222817977,-23.4062166470775,0.588596,12.053,12.181,0.222,11.903,0.017,11.744,0.022,11.697,0.022,11.665,0.019,12.1687,0.000279,12.2477,0.001061,11.9975,0.000984,11.628,0.022,11.649,0.022,12.221,0.353,9.203,,Theia3060,169.8243652461746,Kounkel2020,8221.0,2.75739,2.02
78564759,2.9256534548536474e+18,102.713514489602,-23.1940935216248,0.36009,17.069,18.163,0.117,17.8786,0.046,16.345,0.109,15.638,0.131,15.362,,17.6407,0.000915,18.1237,0.008552,17.0154,0.004529,15.949,0.051,16.113,0.163,12.162,,9.124,,Theia3060,169.8243652461746,Kounkel2020,5227.0,0.892592,0.89
299741932,2.925726572378362e+18,102.223169215241,-22.8370655144677,0.418454,16.5914,18.028,0.134,17.4165,0.046,15.831,0.075,15.202,0.096,15.249,0.183,17.1715,0.000835,17.6541,0.006438,16.528,0.003008,15.165,0.033,15.223,0.071,12.665,,9.125,,Theia3060,169.8243652461746,Kounkel2020,5186.0,0.995529,0.88
299742024,2.9257226210086257e+18,102.27358085782,-22.9032185971356,0.564502,14.302,15.285,0.02,14.675,0.069,13.792,0.026,13.623,0.03,13.56,0.048,14.6542,0.000229,14.9113,0.001202,14.2414,0.000968,13.548,0.025,13.62,0.032,12.351,,9.089,,Theia3060,169.8243652461746,Kounkel2020,6507.0,1.41803,1.33
299742370,2.925295593876264e+18,102.245392980132,-23.1455186703694,0.608305,11.1417,13.411,0.006,12.05,0.046,10.079,0.021,9.58,0.025,9.383,0.021,11.836,0.000514,12.4792,0.001556,11.0939,0.001016,9.278,0.024,9.426,0.019,9.294,0.034,9.007,0.535,Theia3060,169.8243652461746,Kounkel2020,4593.0,10.9436,
78444061,2.9257343033138324e+18,102.549552262633,-22.6135605030403,0.535634,15.8911,,,16.5574,0.0471,14.694,0.054,14.28,0.075,14.232,0.083,16.3802,0.000522,16.602,0.019399,15.6618,0.026184,13.953,0.027,14.012,0.039,12.363,,8.51,,Theia3060,169.8243652461746,Kounkel2020,,,
78444773,2.9256692946930217e+18,102.551318955201,-23.0611138703789,0.481775,15.259,16.563,-0.063,15.585,0.149,14.706,0.039,14.494,0.055,14.478,0.094,15.6559,0.000373,15.9539,0.001856,15.1989,0.00139,14.374,0.031,14.553,0.047,12.587,,9.056,,Theia3060,169.8243652461746,Kounkel2020,6225.0,1.14075,1.2
78740296,2.925817041569164e+18,103.138014705686,-22.2724826991735,0.641383,16.2294,17.906,0.065,17.2751,0.0459,15.255,0.054,14.693,0.073,14.722,0.11,16.9225,0.000567,17.5443,0.004621,16.1732,0.002048,14.675,0.031,14.819,0.069,12.224,,8.954,,Theia3060,169.8243652461746,Kounkel2020,4741.0,0.991124,0.76
78823675,2.922681096968944e+18,103.316716526827,-22.9553183913796,0.673693,16.8342,18.476,0.091,17.8177,0.0461,16.002,0.082,15.379,0.097,15.442,0.191,17.4948,0.000846,18.0894,0.00848,16.7813,0.005402,15.38,0.044,15.452,0.103,12.497,,8.954,,Theia3060,169.8243652461746,Kounkel2020,4719.0,0.686672,0.76
48812355,2.9253833185892454e+18,100.696740624398,-23.6510279320574,0.516475,14.0699,14.807,0.018,14.606,0.172,13.664,0.026,13.452,0.022,13.407,0.038,14.366,0.000255,14.5764,0.001269,14.0105,0.001111,13.422,0.025,13.432,0.033,12.095,,9.079,,Theia3060,169.8243652461746,Kounkel2020,6875.0,1.57512,1.49
172599050,2.9251788094265165e+18,100.872304104968,-23.9765455235977,0.642984,14.8775,15.99,0.01,15.319,0.16,14.172,0.039,13.884,0.053,13.777,0.052,15.33,0.000443,15.6721,0.00311,14.8081,0.001288,13.585,0.025,13.628,0.035,12.629,,8.488,,Theia3060,169.8243652461746,Kounkel2020,5879.0,1.145,1.07
49186081,2.9256324266947973e+18,101.390821629582,-22.2611700641838,0.633364,14.0063,15.105,0.022,14.512,0.137,13.41,0.026,13.168,0.029,13.119,0.033,14.4006,0.000165,14.6954,0.001039,13.9446,0.000803,13.056,0.024,13.081,0.026,12.139,,8.839,,Theia3060,169.8243652461746,Kounkel2020,6312.0,1.55423,1.24
299651298,2.925289172907684e+18,102.085555492748,-23.2648528434939,0.978434,15.663,17.338,0.079,16.413,0.06,14.842,0.04,14.316,0.057,14.384,0.084,16.2429,0.000502,16.7309,0.004106,15.6006,0.001659,14.286,0.028,14.332,0.044,12.669,,8.934,,Theia3060,169.8243652461746,Kounkel2020,5055.0,0.68972,0.84
299835180,2.922223665770539e+18,102.254357067388,-23.9465690783859,0.54627,15.5856,13.366,0.061,16.1988,0.0459,14.914,0.049,14.628,0.057,14.492,0.105,16.043,0.00076,16.4032,0.004008,15.5295,0.002209,,,,,,,,,Theia3060,169.8243652461746,Kounkel2020,5824.0,0.975063,1.05
78446926,2.922271975563052e+18,102.698494703786,-23.3892656714698,0.635063,13.3516,13.875,0.021,13.552,0.057,13.012,0.024,12.923,0.026,12.869,0.035,13.5506,0.000182,13.6918,0.001103,13.2978,0.000715,12.869,0.024,12.886,0.027,12.15,,8.365,,Theia3060,169.8243652461746,Kounkel2020,7598.0,1.56714,1.77
78569814,2.9261135661113303e+18,102.954050828386,-21.5473484929903,0.651977,15.6492,17.388,0.052,16.427,0.435,14.841,0.037,14.367,0.044,14.357,0.07,16.2098,0.000704,16.6738,0.00502,15.5911,0.002693,,,,,,,,,Theia3060,169.8243652461746,Kounkel2020,5391.0,0.966926,0.94
172996842,2.9221267713055764e+18,102.055496709582,-24.1385046128968,0.408666,16.5548,17.81,0.14,17.2883,0.0459,15.716,0.086,15.33,0.122,15.304,0.207,17.0836,0.000752,17.5205,0.00614,16.5008,0.002724,,,,,,,,,Theia3060,169.8243652461746,Kounkel2020,5382.0,0.936856,0.93
173042465,2.922210712149176e+18,102.297240968473,-24.054875824514,0.407348,16.4056,17.326,0.134,17.0222,0.0459,15.728,0.08,15.512,0.149,15.311,0.201,16.8651,0.000717,17.2299,0.005837,16.352,0.003974,15.325,0.08,15.536,0.165,11.914,,8.997,,Theia3060,169.8243652461746,Kounkel2020,5835.0,0.877426,1.05
299740960,2.925972755599914e+18,102.286050447801,-22.1774331863352,0.561437,13.1188,14.092,0.027,13.603,0.08,12.536,0.022,12.353,0.025,12.29,0.026,13.4802,0.000144,13.7477,0.000918,13.0551,0.000534,12.26,0.023,12.267,0.023,12.653,0.484,8.628,,Theia3060,169.8243652461746,Kounkel2020,6746.0,2.48171,1.44
78567195,2.925659811401938e+18,102.836546069353,-23.1279984838499,0.396737,16.7611,17.582,0.074,17.4338,0.0463,15.652,0.064,15.374,0.112,15.105,0.15,17.254,0.000943,17.389,0.014185,16.441,0.012645,14.933,0.036,15.019,0.083,12.243,,8.52,,Theia3060,169.8243652461746,Kounkel2020,,,
78686314,2.9256937588274074e+18,103.053530424039,-22.7260477050306,0.732883,13.7863,15.017,0.016,14.307,0.149,13.159,0.024,12.866,0.022,12.817,0.035,14.2359,0.000265,14.5834,0.001161,13.7248,0.001235,12.7,0.024,12.753,0.028,12.015,0.284,8.997,,Theia3060,169.8243652461746,Kounkel2020,6087.0,1.63712,1.14
78826648,2.922660721644265e+18,103.352320677224,-23.2622007318508,0.594522,14.8472,15.939,0.045,15.397,0.126,14.267,0.028,13.98,0.039,13.89,0.052,15.263,0.00037,15.5771,0.00189,14.7857,0.001202,13.97,0.029,13.953,0.041,12.192,,9.26,,Theia3060,169.8243652461746,Kounkel2020,6043.0,1.17056,1.12
48810372,2.925505433098458e+18,100.651286551865,-22.7954593823243,0.734236,12.1015,12.417,0.244,12.132,0.018,11.872,0.024,11.781,0.023,11.738,0.026,12.2244,0.000176,12.3142,0.000915,12.0491,0.000541,11.713,0.023,11.697,0.022,12.382,0.426,8.873,,Theia3060,169.8243652461746,Kounkel2020,8237.0,2.20566,2.02
48811442,2.925384796057977e+18,100.640316205507,-23.5690347369291,0.458638,16.6375,18.155,0.088,17.5073,0.046,15.801,0.079,15.221,0.102,15.253,0.17,17.2405,0.001122,17.765,0.008026,16.5851,0.004331,14.778,0.032,14.481,0.049,12.104,,8.68,,Theia3060,169.8243652461746,Kounkel2020,4963.0,0.944257,0.82
48811494,2.9253960316924723e+18,100.551943342542,-23.6067890880848,0.610254,16.18,,,16.9164,0.0459,15.402,0.05,15.0,0.077,14.944,0.134,16.7103,0.00069,17.1338,0.00639,16.1102,0.003687,14.897,0.032,14.845,0.064,12.279,,9.168,,Theia3060,169.8243652461746,Kounkel2020,5334.0,0.774089,0.92
48881090,2.925490864569434e+18,100.707993041211,-22.9371069371955,1.0005,15.7805,17.295,0.253,16.371,0.029,14.97,0.04,14.351,0.051,14.388,0.082,16.3985,0.000516,16.9409,0.003431,15.7289,0.00207,,,,,,,,,Theia3060,169.8243652461746,Kounkel2020,4913.0,0.687691,0.81
4617412,2.925362908907257e+18,102.028425541398,-22.8923672556187,0.609534,14.4497,15.525,0.043,14.878,0.092,13.893,0.048,13.648,0.071,13.593,0.07,14.8405,0.000257,15.1318,0.001207,14.3882,0.000989,13.595,0.036,13.6,0.041,12.346,,8.608,,Theia3060,169.8243652461746,Kounkel2020,6285.0,1.31002,1.23
49308390,2.925545393476136e+18,101.612557332896,-22.9791690233236,0.502178,14.6731,15.882,0.034,15.29,0.08,14.041,0.03,13.712,0.044,13.714,0.045,15.0858,0.000314,15.3951,0.001849,14.6099,0.001141,13.671,0.025,13.727,0.034,12.502,,9.281,,Theia3060,169.8243652461746,Kounkel2020,6060.0,1.47912,1.13
78446302,2.9222434569804493e+18,102.60205301114,-23.7813216790639,0.581374,13.1594,13.482,0.012,13.324,0.092,12.927,0.026,12.93,0.029,12.801,0.029,13.2801,0.000204,13.3674,0.000992,13.1075,0.000938,12.83,0.023,12.899,0.028,12.104,,8.511,,Theia3060,169.8243652461746,Kounkel2020,8216.0,1.68691,2.01
78446754,2.922266508063958e+18,102.67368366546,-23.4997502556018,0.90063,12.2556,13.1,0.324,12.353,0.023,11.827,0.023,11.652,0.021,11.659,0.021,12.5451,0.000164,12.7536,0.00096,12.2,0.00073,11.605,0.023,11.636,0.021,11.471,0.182,8.505,,Theia3060,169.8243652461746,Kounkel2020,6914.0,2.11127,1.51
78448263,2.9257597638866186e+18,102.695217624472,-22.5414447452525,0.592216,16.3024,17.989,0.067,17.1768,0.046,15.439,0.056,15.21,0.096,14.736,0.114,16.9089,0.000824,17.4298,0.006116,16.2472,0.002939,14.971,0.036,15.068,0.075,12.693,,9.21,,Theia3060,169.8243652461746,Kounkel2020,5062.0,0.870915,0.85
78824709,2.9225858174123674e+18,103.236775606346,-23.5199778243237,0.536416,13.9286,14.907,0.033,14.366,0.092,13.412,0.026,13.188,0.026,13.115,0.026,14.2877,0.000258,14.5515,0.001236,13.8688,0.000809,13.116,0.023,13.126,0.029,12.237,,9.285,,Theia3060,169.8243652461746,Kounkel2020,6450.0,1.78778,1.31
78375662,2.925277387517168e+18,102.386894073207,-23.3602076333885,0.424644,14.4327,14.966,0.03,14.743,0.218,14.032,0.029,13.907,0.047,13.975,0.066,14.6387,0.000258,14.7794,0.001682,14.3712,0.00089,13.895,0.028,13.968,0.039,12.567,,8.435,,Theia3060,169.8243652461746,Kounkel2020,7612.0,1.408,1.77
299650788,2.9252441573482854e+18,102.12404787339,-23.6188716135513,0.470863,15.0826,15.973,0.028,15.632,0.126,14.524,0.036,14.26,0.038,14.055,0.063,15.4989,0.000537,15.8142,0.002041,15.0218,0.001752,14.175,0.03,14.267,0.051,12.329,,8.584,,Theia3060,169.8243652461746,Kounkel2020,6054.0,1.3096,1.13
78826277,2.9225846148213914e+18,103.424843854744,-23.4651420300377,0.553538,15.7761,16.631,0.056,16.388,0.458,15.005,0.043,14.655,0.053,14.638,0.102,16.2693,0.0005,16.6646,0.003637,15.7196,0.002301,,,,,,,,,Theia3060,169.8243652461746,Kounkel2020,5742.0,0.934879,1.03
48812155,2.925378267707763e+18,100.731200541114,-23.7913039339745,0.508672,14.0094,14.765,0.04,14.399,0.149,13.553,0.022,13.338,0.022,13.268,0.03,14.2956,0.000301,14.4986,0.001396,13.9504,0.000829,13.315,0.024,13.38,0.032,12.139,0.313,8.724,,Theia3060,169.8243652461746,Kounkel2020,6955.0,1.61836,1.52
48812207,2.9253793328596547e+18,100.680288920805,-23.7599778339687,0.725732,16.7838,18.798,0.069,17.895,0.0465,15.61,0.058,15.236,0.095,14.984,0.135,17.5037,0.001036,18.1687,0.013913,16.7195,0.004343,15.014,0.032,15.112,0.074,12.618,,8.841,,Theia3060,169.8243652461746,Kounkel2020,4474.0,0.727328,0.7
48812465,2.92538599864908e+18,100.673793141324,-23.5794304072452,0.536221,14.8293,16.095,0.027,15.407,0.103,14.206,0.028,13.786,0.031,13.705,0.038,15.2868,0.000442,15.6412,0.00267,14.7674,0.001543,13.71,0.025,13.724,0.034,12.656,,9.117,,Theia3060,169.8243652461746,Kounkel2020,5810.0,1.40347,1.04
49189030,2.925206537734998e+18,101.487151845055,-23.5875691789613,0.425603,16.9304,18.196,0.118,17.7,0.05,16.068,0.096,16.197,0.216,15.281,0.169,17.4872,0.000918,17.9551,0.005867,16.875,0.005314,15.438,0.043,15.518,0.118,12.851,,9.129,,Theia3060,169.8243652461746,Kounkel2020,5181.0,0.805788,0.88
744587458,2.9254151314062694e+18,101.056351970793,-23.3786246265741,0.619265,16.1044,,,17.0115,0.0459,,,,,,,16.7266,0.000843,17.2665,0.005257,16.0438,0.003012,,,,,,,,,Theia3060,169.8243652461746,Kounkel2020,4864.0,0.953992,0.79
49189114,2.925303603998402e+18,101.532574186602,-23.5300072712585,0.572014,15.3909,16.555,0.049,15.629,0.206,14.788,0.033,14.506,0.055,14.327,0.077,15.8357,0.000606,16.1791,0.002613,15.3305,0.002014,14.232,0.028,14.369,0.047,12.389,,8.993,,Theia3060,169.8243652461746,Kounkel2020,5836.0,0.999418,1.05
78958660,2.922571248883229e+18,103.475325654933,-23.5855239729473,0.845835,15.8443,17.479,0.052,16.44,0.503,14.986,0.037,14.596,0.042,14.335,0.077,16.4265,0.000669,16.9158,0.004235,15.7822,0.002811,14.416,0.028,14.417,0.049,12.335,,9.139,,Theia3060,169.8243652461746,Kounkel2020,5086.0,0.731431,0.85
4618317,2.925245536038933e+18,102.050741464271,-23.5560906058726,0.345256,15.0157,16.006,0.024,15.379,0.138,14.466,0.037,14.212,0.061,14.216,0.072,15.4005,0.000338,15.685,0.00228,14.9537,0.001342,14.092,0.028,14.224,0.043,12.393,,8.645,,Theia3060,169.8243652461746,Kounkel2020,6260.0,1.69994,1.22
78375241,2.922260980446753e+18,102.431538920622,-23.6359114207823,0.399082,13.312,14.274,0.028,13.778,0.092,12.817,0.027,12.621,0.03,12.525,0.03,13.6756,0.000166,13.946,0.000924,13.2532,0.00089,12.456,0.024,12.451,0.025,12.047,0.306,8.921,0.476,Theia3060,169.8243652461746,Kounkel2020,6517.0,3.14959,1.34
78445012,2.9252808234908723e+18,102.4487103069,-23.2184040661451,0.461314,14.9628,14.723,0.076,15.247,0.172,14.445,0.067,14.162,0.09,14.142,0.088,15.3452,0.000363,15.6269,0.001723,14.8984,0.000915,13.743,0.028,13.79,0.037,12.305,0.371,8.404,,Theia3060,169.8243652461746,Kounkel2020,6421.0,1.32513,1.29
173042513,2.92221129626456e+18,102.321884175675,-24.0144119421137,0.551776,14.6758,15.742,0.049,15.177,0.103,14.175,0.033,13.976,0.044,13.796,0.065,15.0543,0.000344,15.3365,0.001626,14.6163,0.001339,13.835,0.027,13.886,0.038,12.512,,8.658,,Theia3060,169.8243652461746,Kounkel2020,6371.0,1.27121,1.27
48811529,2.925384280661935e+18,100.632281816042,-23.636271249671,0.544418,13.9586,14.645,0.018,14.325,0.126,13.537,0.028,13.4,0.023,13.359,0.038,14.2272,0.000342,14.4173,0.001599,13.9013,0.001177,13.283,0.024,13.251,0.03,12.532,0.443,8.605,,Theia3060,169.8243652461746,Kounkel2020,7062.0,1.51365,1.56
48952939,2.925406923729329e+18,100.989465318055,-23.5256765765619,0.542714,16.8661,17.754,0.102,17.764,0.046,15.993,0.094,15.466,0.11,15.194,0.156,17.4836,0.000893,18.0232,0.008387,16.811,0.0044,15.335,0.04,15.63,0.114,12.683,,9.133,,Theia3060,169.8243652461746,Kounkel2020,4885.0,0.75599,0.8
48952546,2.925187742958375e+18,101.004945425585,-23.8129807160001,0.586589,15.9054,17.388,-0.128,16.477,0.06,15.16,0.047,14.755,0.07,14.732,0.107,16.4279,0.001014,16.8436,0.004598,15.8369,0.003194,14.544,0.028,14.658,0.059,12.538,,8.684,,Theia3060,169.8243652461746,Kounkel2020,5398.0,0.895594,0.94
49079514,2.925212825567309e+18,101.067051259427,-23.6982332845891,0.49489,15.8556,16.839,0.061,16.583,1.133,15.167,0.049,14.865,0.06,14.63,0.095,16.3648,0.000618,16.7786,0.00665,15.8001,0.002251,14.573,0.029,14.61,0.047,12.392,,8.894,,Theia3060,169.8243652461746,Kounkel2020,5519.0,1.04221,0.97
172785222,2.9251438999326264e+18,101.555495056432,-23.9629014484214,0.777703,15.5251,15.363,0.103,16.094,0.081,14.798,0.045,14.266,0.102,14.197,0.091,16.089,0.000472,16.5642,0.004824,15.4696,0.001801,,,,,,,,,Theia3060,169.8243652461746,Kounkel2020,5166.0,0.885429,0.87
172785682,2.9251240400039465e+18,101.602332816266,-24.2149475306769,0.85017,16.5845,18.29,0.137,17.614,0.0461,15.731,0.08,14.942,0.08,15.164,0.185,17.2674,0.00092,17.8896,0.009316,16.531,0.003379,14.851,0.032,15.2,0.079,12.343,,8.96,,Theia3060,169.8243652461746,Kounkel2020,4638.0,0.636833,0.74
299650481,2.922234759662901e+18,102.18379346429,-23.8197626732684,0.494858,13.0774,13.399,0.006,13.265,0.137,12.816,0.023,12.73,0.028,12.681,0.029,13.2047,0.000254,13.2937,0.000772,13.0241,0.000864,12.692,0.025,12.71,0.026,12.525,0.433,9.16,,Theia3060,169.8243652461746,Kounkel2020,8122.0,2.05489,1.98
78448638,2.92577127439863e+18,102.695038327164,-22.3140303480845,0.567511,14.4279,15.68,0.044,15.033,0.08,13.765,0.026,13.496,0.039,13.382,0.045,14.8826,0.000246,15.2336,0.001169,14.3652,0.00082,13.158,0.025,13.226,0.027,12.011,,8.878,,Theia3060,169.8243652461746,Kounkel2020,6039.0,1.56899,1.12
744640456,2.9257343033138324e+18,102.549552262633,-22.6135605030403,0.535634,15.8911,,,16.5574,0.0471,,,,,,,16.3802,0.000522,16.602,0.019399,15.6618,0.026184,,,,,,,,,Theia3060,169.8243652461746,Kounkel2020,,,
48952151,2.9251909727734344e+18,100.825468016287,-23.7699885293021,0.585835,15.977,17.541,0.061,16.6887,0.0459,15.269,0.049,14.82,0.075,14.711,0.112,16.4933,0.000587,16.916,0.004694,15.9223,0.002995,14.798,0.037,14.865,0.064,12.78,,9.139,,Theia3060,169.8243652461746,Kounkel2020,5454.0,0.855693,0.95
172599434,2.9251586015998013e+18,100.874112483184,-24.2623849271522,0.619492,12.1652,12.157,0.22,12.237,0.024,11.945,0.022,11.974,0.023,11.921,0.023,12.2048,0.000241,12.2407,0.001587,12.1106,0.001273,11.917,0.023,11.974,0.022,12.198,0.293,8.629,,Theia3060,169.8243652461746,Kounkel2020,9262.0,2.23522,2.35
172738032,2.925089817704738e+18,101.264176072458,-24.5041075618943,0.527101,14.9718,16.041,-0.039,15.41,0.183,14.364,0.035,14.123,0.033,14.077,0.061,15.3779,0.000458,15.6845,0.002373,14.9118,0.002148,14.074,0.027,14.059,0.04,12.596,,9.036,,Theia3060,169.8243652461746,Kounkel2020,6147.0,1.21499,1.17
49416016,2.92530851314015e+18,101.820014176564,-23.4148654788128,0.255129,15.632,17.055,0.053,16.553,0.24,14.702,0.039,14.127,0.053,14.027,0.059,16.2885,0.000474,16.8777,0.00462,15.5787,0.001796,13.98,0.027,14.025,0.04,12.524,0.46,8.98,,Theia3060,169.8243652461746,Kounkel2020,4732.0,2.75741,
78376512,2.9257250949098184e+18,102.347156852762,-22.79248118786,0.549406,15.0228,16.218,0.033,15.457,0.263,14.403,0.041,14.075,0.068,14.07,0.078,15.4552,0.000591,15.7868,0.003256,14.9625,0.001617,13.718,0.024,13.695,0.034,12.339,,8.867,,Theia3060,169.8243652461746,Kounkel2020,6054.0,1.19186,1.13
744625843,2.925659811401938e+18,102.836546069353,-23.1279984838499,0.396737,16.7611,,,17.4338,0.0463,,,,,,,17.254,0.000943,17.389,0.014185,16.441,0.012645,,,,,,,,,Theia3060,169.8243652461746,Kounkel2020,,,
172697145,2.92510672269604e+18,101.018187960343,-24.3972280431319,0.900626,16.3942,19.002,0.11,17.8782,0.0466,15.178,0.046,14.43,0.056,14.333,0.08,17.2652,0.00084,18.1563,0.012055,16.3219,0.004418,14.258,0.029,14.286,0.047,12.723,,8.559,,Theia3740,263.02679918953817,Kounkel2020,3993.0,0.9437,0.62
172698034,2.9251188173233336e+18,101.146425780084,-24.1931592759163,0.875901,10.6778,10.881,0.072,10.701,0.006,10.47,0.023,10.485,0.025,10.405,0.021,10.7423,0.000251,10.8061,0.000539,10.6365,0.000752,10.403,0.023,10.427,0.02,10.404,0.069,9.09,,Theia3740,263.02679918953817,Kounkel2020,8899.0,3.30611,2.24
172593023,2.9236525455477463e+18,100.594210509054,-24.4104387453715,0.932668,14.1458,15.538,0.042,14.737,0.126,13.45,0.026,13.058,0.031,13.009,0.033,14.6445,0.000565,15.0465,0.002435,14.0895,0.001955,12.97,0.024,12.995,0.027,12.262,,9.159,,Theia3740,263.02679918953817,Kounkel2020,5592.0,1.22076,0.99
47585758,2.923596848414006e+18,100.781854559861,-24.5698131354932,0.984164,16.5859,18.705,0.074,17.8559,0.0463,15.475,0.064,15.004,0.105,14.628,0.119,17.3749,0.000905,18.1391,0.010055,16.5231,0.003607,,,,,,,,,Theia3740,263.02679918953817,Kounkel2020,4256.0,0.675815,0.67
172599421,2.925158640260207e+18,100.881975815334,-24.2533281054152,0.941809,15.983,,,17.1883,0.046,14.857,0.045,14.279,0.053,14.128,0.073,16.7435,0.000705,17.4662,0.005115,15.9153,0.002426,13.972,0.026,13.973,0.037,12.751,,8.881,,Theia3740,263.02679918953817,Kounkel2020,4317.0,0.878706,0.67
172696795,2.9235852734801674e+18,100.999795177776,-24.7080872263751,0.410632,15.5855,16.764,0.116,16.322,0.744,14.944,0.041,14.687,0.072,14.673,0.113,16.058,0.000564,16.4288,0.00271,15.5253,0.00187,14.477,0.029,14.442,0.051,12.207,,9.101,,Theia3740,263.02679918953817,Kounkel2020,5820.0,1.29442,1.05
47585546,2.9236559171015347e+18,100.716294303916,-24.3599450625892,0.641236,16.9022,18.127,0.108,17.7288,0.046,15.938,0.1,15.453,0.128,15.704,0.28,17.4829,0.000967,17.9633,0.00693,16.8348,0.00407,15.561,0.042,15.59,0.116,12.438,,9.043,,Theia3740,263.02679918953817,Kounkel2020,5151.0,0.583542,0.87
48811691,2.9253762404832425e+18,100.561424877365,-23.7600927274252,1.1956,14.8629,16.705,0.042,15.674,0.217,14.062,0.023,13.595,0.036,13.518,0.043,15.4271,0.000475,15.9018,0.002452,14.8053,0.001296,13.573,0.026,13.622,0.031,12.297,,9.081,,Theia3740,263.02679918953817,Kounkel2020,5128.0,0.793624,0.86
48952249,2.9251893578657377e+18,100.83224754397,-23.8340828872681,0.386308,16.4755,18.479,0.062,17.4728,0.0461,15.4,0.05,14.955,0.066,14.717,0.101,17.1438,0.000837,17.737,0.007494,16.4157,0.0064,14.846,0.034,14.998,0.074,12.58,,9.117,,Theia3740,263.02679918953817,Kounkel2020,4750.0,1.32302,0.76
172592965,2.923652996524495e+18,100.610825361891,-24.3577475625598,0.961848,14.3069,15.627,0.076,14.841,0.115,13.681,0.027,13.423,0.032,13.352,0.04,14.7461,0.000332,15.0854,0.001544,14.2479,0.001873,13.321,0.024,13.375,0.029,12.303,,9.097,,Theia3740,263.02679918953817,Kounkel2020,5931.0,0.983145,1.08
172593610,2.923566994099241e+18,100.599510076545,-24.8634626390192,0.843698,15.8959,18.104,0.113,16.9972,0.0459,14.88,0.036,14.32,0.055,14.169,0.062,16.6123,0.000774,17.2791,0.004719,15.8425,0.002339,14.116,0.027,14.221,0.042,12.774,,8.489,,Theia3740,263.02679918953817,Kounkel2020,4520.0,0.931741,0.71
172697506,2.92516238547159e+18,100.98953911873,-24.0937787966826,0.960613,15.5858,17.262,0.09,15.908,1.133,14.724,0.041,14.266,0.045,14.209,0.082,16.1879,0.000608,16.7078,0.003958,15.5303,0.002121,14.127,0.026,14.366,0.045,12.033,,8.471,,Theia3740,263.02679918953817,Kounkel2020,4973.0,0.758634,0.82
172738403,2.925115136531976e+18,101.31773688958,-24.2087898399111,0.939362,13.3996,14.319,0.028,13.939,0.16,12.882,0.022,12.719,0.029,12.655,0.029,13.751,0.000231,14.0094,0.00113,13.3409,0.00082,12.572,0.022,12.716,0.025,12.696,0.472,9.261,,Theia3740,263.02679918953817,Kounkel2020,6517.0,1.31451,1.34
172739605,2.922087807362183e+18,101.384965107132,-24.5249445403779,0.917653,13.0878,13.897,0.026,13.555,0.103,12.615,0.022,12.432,0.025,12.429,0.024,13.3968,0.000208,13.6212,0.001395,13.0315,0.000806,12.383,0.024,12.438,0.022,12.544,,8.597,,Theia3740,263.02679918953817,Kounkel2020,6795.0,1.45483,1.46
48749637,2.923870424948607e+18,100.365377183995,-23.965190312859,0.9433,15.2238,16.896,0.138,15.823,0.332,14.502,0.051,14.018,0.046,14.039,0.075,15.777,0.000821,16.2413,0.003141,15.1695,0.002622,13.591,0.025,13.589,0.03,12.585,,9.164,,Theia3740,263.02679918953817,Kounkel2020,5219.0,0.825411,0.89
172592380,2.9238680197672786e+18,100.458785390653,-23.9852234503354,0.992373,14.7458,16.709,0.112,15.211,0.195,14.04,0.024,13.628,0.038,13.662,0.057,15.2485,0.000408,15.6524,0.002079,14.686,0.001313,13.535,0.025,13.599,0.032,12.546,,8.601,,Theia3740,263.02679918953817,Kounkel2020,5468.0,0.88714,0.96
172698054,2.925113010527571e+18,101.108247462417,-24.2148089057238,1.00444,16.105,18.193,0.0,16.894,0.06,15.103,0.047,14.545,0.051,14.382,0.082,16.8057,0.000748,17.4474,0.006573,16.0476,0.003375,14.413,0.028,14.546,0.047,12.496,,9.028,,Theia3740,263.02679918953817,Kounkel2020,4574.0,0.695394,0.72
172738219,2.92509562450046e+18,101.293173589599,-24.3492337215208,0.869978,10.7425,11.012,0.08,10.845,0.007,10.508,0.023,10.486,0.025,10.447,0.021,10.8331,0.000558,10.9133,0.001452,10.7023,0.000606,10.412,0.023,10.442,0.02,10.562,0.096,8.77,,Theia3740,263.02679918953817,Kounkel2020,8541.0,3.36397,2.13
744534579,2.925092394685144e+18,101.16974407062,-24.5197485465304,0.976497,14.9609,,,15.6646,0.0459,,,,,,,15.4725,0.000652,15.8857,0.003112,14.9017,0.001437,,,,,,,,,Theia3740,263.02679918953817,Kounkel2020,5473.0,0.826855,0.96
172925168,2.925134244846057e+18,101.861651769347,-24.0153311561136,0.811972,13.957,12.944,0.078,14.146,0.263,13.313,0.035,13.067,0.036,12.952,0.037,14.3913,0.000235,14.7252,0.00139,13.8975,0.00092,,,,,,,,,Theia3740,263.02679918953817,Kounkel2020,5932.0,1.35123,1.08
172925529,2.922123713288998e+18,101.97095468805,-24.2725694282454,0.386771,16.8923,17.484,0.156,17.4093,0.046,16.14,0.115,16.417,,15.396,,17.2883,0.000812,17.5784,0.009512,16.8254,0.006627,16.007,0.058,16.463,0.219,12.359,,9.101,,Theia3740,263.02679918953817,Kounkel2020,6195.0,0.650651,1.19
48952525,2.9251873306415247e+18,100.987135068791,-23.8288934385759,0.921128,13.7394,14.787,0.039,14.253,0.137,13.176,0.022,12.95,0.029,12.905,0.033,14.1205,0.00038,14.4055,0.00144,13.6813,0.001541,12.889,0.024,12.879,0.027,12.733,0.533,8.593,,Theia3740,263.02679918953817,Kounkel2020,6267.0,1.20408,1.22
172593622,2.923567127239253e+18,100.565959629367,-24.8712210205785,0.993809,13.8752,15.07,0.037,14.506,0.069,13.294,0.023,13.046,0.027,12.946,0.032,14.2864,0.000453,14.5953,0.001674,13.8132,0.001378,12.858,0.023,12.887,0.027,12.347,0.393,8.92,,Theia3740,263.02679918953817,Kounkel2020,6053.0,1.10726,1.13
172697819,2.9251704213500795e+18,101.123443070275,-24.004237817946,1.0433,16.4785,18.343,0.125,17.6867,0.0462,15.479,0.06,14.904,0.072,14.653,0.103,17.2407,0.000845,17.9716,0.008855,16.4185,0.0033,14.699,0.03,14.877,0.071,12.542,,9.115,,Theia3740,263.02679918953817,Kounkel2020,4326.0,0.635623,0.68
172697165,2.9251070662934124e+18,101.030030717707,-24.3754595137064,0.988004,10.4838,10.707,0.065,10.599,0.006,10.276,0.023,10.252,0.023,10.192,0.019,10.549,0.000348,10.6136,0.001004,10.4464,0.000653,10.214,0.023,10.222,0.021,10.206,0.061,8.7,,Theia3740,263.02679918953817,Kounkel2020,8760.0,3.22174,2.2
172698127,2.925112288973095e+18,101.094510471193,-24.2715176821263,0.930854,15.2512,16.587,0.074,15.704,0.061,14.447,0.033,14.082,0.049,13.884,0.062,15.8179,0.000572,16.2941,0.002923,15.1944,0.003395,13.988,0.027,14.012,0.038,12.315,,8.96,,Theia3740,263.02679918953817,Kounkel2020,5186.0,0.844921,0.88
172698164,2.92510899043871e+18,101.141176483552,-24.3031725714506,0.929238,13.3131,14.185,0.03,13.844,0.103,12.846,0.023,12.654,0.027,12.607,0.023,13.6496,0.00023,13.8947,0.001772,13.2541,0.000859,12.545,0.023,12.565,0.023,12.345,0.327,9.204,,Theia3740,263.02679918953817,Kounkel2020,6617.0,1.35115,1.39
172738310,2.925102633887072e+18,101.27333480652,-24.2865653052866,0.831271,15.4442,17.603,0.111,16.255,1.133,14.381,0.03,13.858,0.044,13.675,0.052,16.1542,0.000601,16.8079,0.005609,15.3859,0.002203,13.676,0.028,13.754,0.036,12.646,,8.677,,Theia3740,263.02679918953817,Kounkel2020,4538.0,1.15307,0.71
172738402,2.925115243911028e+18,101.265158516283,-24.2109971782997,0.914667,13.3665,14.266,0.021,13.834,0.114,12.852,0.023,12.638,0.023,12.557,0.024,13.7132,0.000241,13.9675,0.001123,13.3079,0.001045,12.57,0.024,12.608,0.026,12.234,,9.12,,Theia3740,263.02679918953817,Kounkel2020,6549.0,1.35956,1.35
172738487,2.9251176490926853e+18,101.287607588714,-24.1613232789606,1.0194,13.4105,14.603,0.051,13.989,0.08,12.807,0.023,12.516,0.023,12.487,0.029,13.833,0.000304,14.1587,0.001457,13.3542,0.001101,12.447,0.023,12.486,0.025,12.125,,8.736,,Theia3740,263.02679918953817,Kounkel2020,6029.0,1.36187,1.12
48952588,2.925188705031032e+18,101.006384777218,-23.776692812378,0.950012,14.9467,14.415,0.062,15.75,0.16,14.2,0.05,13.882,0.068,13.737,0.061,15.4615,0.000454,15.8748,0.002473,14.8851,0.001501,13.356,0.027,13.37,0.033,12.408,,8.899,,Theia3740,263.02679918953817,Kounkel2020,5516.0,0.85515,0.97
49079761,2.9251742395812127e+18,101.071199881779,-23.9036243805784,0.980987,14.7671,16.541,0.107,15.704,0.103,13.903,0.029,13.435,0.034,13.366,0.043,15.3693,0.000492,15.8864,0.002177,14.7082,0.001397,13.296,0.024,13.349,0.03,12.809,,9.099,,Theia3740,263.02679918953817,Kounkel2020,4963.0,1.08378,0.82
172698786,2.920581476431712e+18,101.118932304165,-24.7862214922513,0.919181,15.3089,15.173,0.099,16.103,0.503,14.544,0.032,14.049,0.057,13.998,0.061,15.8711,0.000731,16.3408,0.003929,15.2498,0.002311,14.078,0.049,14.015,0.058,12.279,,8.725,,Theia3740,263.02679918953817,Kounkel2020,5176.0,0.828401,0.88
172738123,2.925091776209792e+18,101.296723346329,-24.431107185836,1.04063,15.9695,18.23,0.117,17.2762,0.0461,14.847,0.051,14.164,0.041,14.016,0.057,16.772,0.00062,17.554,0.007507,15.8975,0.003115,,,,,,,,,Theia3740,263.02679918953817,Kounkel2020,4162.0,0.887653,0.65
172697849,2.925168089188094e+18,101.121473206717,-24.0430202027816,0.845174,15.6009,17.898,0.0,16.458,1.133,14.581,0.039,14.071,0.039,13.823,0.057,16.2943,0.000567,16.9252,0.004072,15.5394,0.002792,13.846,0.026,13.757,0.035,12.671,0.488,9.269,,Theia3740,263.02679918953817,Kounkel2020,4570.0,1.02556,0.72
172698389,2.925092807001987e+18,101.178440412814,-24.4757638744885,0.954324,14.0834,15.165,0.048,14.559,0.149,13.531,0.026,13.228,0.032,13.173,0.031,14.4956,0.000478,14.8091,0.001946,14.0249,0.001928,13.123,0.025,13.192,0.031,12.407,0.332,9.377,,Theia3740,263.02679918953817,Kounkel2020,6066.0,1.04743,1.13
172698725,2.923584242687778e+18,101.072734539737,-24.7417788032308,0.925918,12.2583,12.794,0.041,12.544,0.08,11.925,0.024,11.813,0.021,11.784,0.023,12.4611,0.000179,12.6053,0.001135,12.2063,0.000939,11.758,0.023,11.77,0.022,12.317,0.354,8.992,,Theia3740,263.02679918953817,Kounkel2020,7520.0,1.81194,1.74
172738151,2.925095658860243e+18,101.201803072187,-24.4108759707863,0.863261,13.632,14.627,0.033,14.201,0.137,13.069,0.024,12.848,0.027,12.774,0.027,14.0047,0.000313,14.2817,0.001769,13.5736,0.001311,12.775,0.024,12.781,0.026,12.292,,8.891,,Theia3740,263.02679918953817,Kounkel2020,6332.0,1.32772,1.25
172698191,2.925108062725781e+18,101.149888542012,-24.333018710099,0.939526,15.1067,16.719,0.094,16.005,0.103,14.4,0.036,14.055,0.051,13.798,0.055,15.6403,0.000459,16.0804,0.003005,15.0511,0.001886,13.881,0.026,13.868,0.035,12.736,,9.016,,Theia3740,263.02679918953817,Kounkel2020,5366.0,0.837603,0.93
172698228,2.925107272451828e+18,101.065702750427,-24.3615401885438,0.960971,15.8059,17.848,0.117,16.7587,0.0459,14.954,0.041,14.328,0.051,14.147,0.066,16.4511,0.000651,17.0218,0.004882,15.7475,0.002343,,,,,,,,,Theia3740,263.02679918953817,Kounkel2020,4768.0,0.750359,0.77
172697307,2.925158880778358e+18,100.94147239047,-24.2481375945491,1.13219,16.3825,18.265,0.125,17.5582,0.046,15.272,0.061,14.666,0.074,14.644,0.122,17.1313,0.000867,17.8398,0.00644,16.3222,0.003759,14.527,0.029,14.717,0.057,12.674,,8.97,,Theia3740,263.02679918953817,Kounkel2020,4390.0,0.594877,0.69
49080104,2.9252005247809464e+18,101.247907236385,-23.7634032481487,0.935131,14.7555,15.854,0.049,15.333,0.206,14.089,0.033,13.707,0.042,13.672,0.047,15.2436,0.000409,15.6324,0.001926,14.6969,0.001839,13.613,0.027,13.697,0.035,12.28,,9.148,,Theia3740,263.02679918953817,Kounkel2020,5640.0,0.902224,1.0
49079660,2.925199219110947e+18,101.131686145338,-23.8111233386589,0.630001,15.1352,16.533,0.025,15.67,0.263,14.469,0.027,14.101,0.028,14.081,0.068,15.6288,0.000433,16.0226,0.001793,15.0763,0.001607,14.003,0.028,14.012,0.042,12.304,,9.146,,Theia3740,263.02679918953817,Kounkel2020,5665.0,1.11545,1.01
49188826,2.925203067401488e+18,101.487649856405,-23.726217555651,1.15934,11.7194,12.152,0.21,11.999,0.018,11.435,0.026,11.332,0.022,11.258,0.019,11.9008,0.000478,12.031,0.001479,11.6697,0.00126,11.246,0.023,11.273,0.021,11.071,0.116,8.833,0.401,Theia3740,263.02679918953817,Kounkel2020,7669.0,1.8123,1.8
172697911,2.925167225894259e+18,101.079158892943,-24.0985801809878,0.364005,16.0907,17.006,0.125,16.6144,0.0459,15.531,0.067,15.433,0.114,14.941,0.138,16.491,0.000553,16.793,0.00389,16.0309,0.002669,15.174,0.035,15.253,0.083,12.875,,9.086,,Theia3740,263.02679918953817,Kounkel2020,6269.0,0.999763,1.22
172738253,2.9250965865731425e+18,101.234460348335,-24.3259566758665,0.981532,13.0918,13.889,0.022,13.551,0.103,12.666,0.026,12.478,0.023,12.365,0.021,13.4034,0.000217,13.6281,0.001191,13.0339,0.000694,12.395,0.023,12.387,0.025,12.537,,8.732,,Theia3740,263.02679918953817,Kounkel2020,6764.0,1.36631,1.45
172738580,2.925122047138674e+18,101.199552794175,-24.0845108567822,0.924628,9.3464,11.048,0.052,10.082,0.004,8.528,0.023,8.139,0.055,7.999,0.023,9.91066,0.000286,10.3969,0.000781,9.30103,0.000805,7.903,0.026,7.984,0.021,7.925,0.018,7.847,0.179,Theia3740,263.02679918953817,Kounkel2020,5146.0,12.9016,
172698373,2.925093764778625e+18,101.108253805635,-24.4680606834504,0.978116,16.3425,18.38,0.122,17.4734,0.0463,15.296,0.057,14.675,0.06,14.685,0.103,17.0713,0.001502,17.746,0.010536,16.2757,0.004469,14.482,0.029,14.53,0.049,12.865,,9.108,,Theia3740,263.02679918953817,Kounkel2020,4449.0,0.677086,0.7
172738338,2.925114625435767e+18,101.225090853945,-24.2613625212655,0.871479,9.3113,10.789,0.05,10.053,0.004,8.518,0.021,8.162,0.038,8.03,0.024,9.8152,0.000476,10.2325,0.001944,9.26469,0.001437,7.917,0.027,7.991,0.019,7.924,0.021,7.913,0.183,Theia3740,263.02679918953817,Kounkel2020,5542.0,12.2435,
172738614,2.925122253297084e+18,101.223223242756,-24.0549621078421,0.917907,14.4854,15.749,0.148,15.185,0.206,13.822,0.03,13.532,0.037,13.464,0.041,14.9456,0.000443,15.3045,0.001753,14.4251,0.002025,13.428,0.024,13.438,0.031,12.713,0.502,9.03,,Theia3740,263.02679918953817,Kounkel2020,5750.0,0.990376,1.03
172785040,2.9251293271046195e+18,101.537732153295,-24.1047615112747,0.983641,15.7375,17.258,0.117,16.6484,0.0459,14.887,0.039,14.401,0.055,14.397,0.081,16.3615,0.000647,16.9151,0.005136,15.6877,0.002481,14.25,0.028,14.337,0.044,12.298,,8.894,,Theia3740,263.02679918953817,Kounkel2020,4844.0,0.725578,0.79
172786279,2.9220704900546253e+18,101.628947155337,-24.680190172445,0.255186,16.1755,,,16.78,0.0459,15.554,0.054,15.142,0.085,15.218,0.171,16.6275,0.000653,16.9736,0.003989,16.1108,0.003724,15.099,0.036,15.202,0.083,12.754,,9.068,,Theia3740,263.02679918953817,Kounkel2020,5903.0,1.39499,1.07
172697085,2.923604549293077e+18,101.005373512534,-24.4496179553387,0.942541,15.1527,16.79,0.009,15.655,0.115,14.409,0.028,14.041,0.031,13.829,0.052,15.692,0.00056,16.1351,0.003758,15.0937,0.001433,13.878,0.027,13.888,0.037,12.521,,8.768,,Theia3740,263.02679918953817,Kounkel2020,5333.0,0.826785,0.92
172698440,2.925092635203317e+18,101.129896535198,-24.5115163502944,0.988918,13.9841,15.049,0.008,14.492,0.092,13.42,0.029,13.107,0.035,13.06,0.038,14.3904,0.000499,14.6979,0.001902,13.925,0.00128,13.023,0.022,13.089,0.026,12.282,,9.367,,Theia3740,263.02679918953817,Kounkel2020,6138.0,1.04639,1.16
172738021,2.925090436180017e+18,101.318284897619,-24.512752322649,0.940077,13.3733,14.237,-0.009,13.924,0.126,12.907,0.023,12.704,0.022,12.657,0.027,13.7104,0.000227,13.9577,0.001363,13.3171,0.000673,12.574,0.023,12.597,0.026,12.298,0.319,9.021,,Theia3740,263.02679918953817,Kounkel2020,6545.0,1.30227,1.35
172738897,2.925145720998822e+18,101.393863828431,-23.9904751533585,0.90338,13.7245,14.76,0.023,14.191,0.126,13.186,0.024,13.026,0.023,12.935,0.033,14.0985,0.000399,14.3769,0.001901,13.6661,0.001181,12.861,0.023,12.891,0.027,12.186,,8.596,,Theia3740,263.02679918953817,Kounkel2020,6334.0,1.22002,1.25
172698041,2.9251138695210373e+18,101.061004301332,-24.1981830923652,0.888725,15.4833,17.471,0.0,16.485,0.06,14.545,0.035,14.042,0.039,13.86,0.049,16.1244,0.000804,16.6876,0.005201,15.4253,0.002241,13.892,0.025,13.854,0.037,12.622,,8.963,,Theia3740,263.02679918953817,Kounkel2020,4829.0,0.924568,0.78
172738362,2.9251149003136507e+18,101.28554584143,-24.243817871318,0.977968,16.6029,18.95,0.119,17.8499,0.0463,15.449,0.057,14.946,0.096,14.617,0.105,17.3824,0.000929,18.1256,0.011094,16.5336,0.00405,14.453,0.029,14.612,0.045,12.794,,9.294,,Theia3740,263.02679918953817,Kounkel2020,4294.0,0.660226,0.67
172738709,2.9251231122905006e+18,101.249344591579,-23.9804704893963,0.946259,11.4067,11.595,0.119,11.487,0.011,11.209,0.023,11.203,0.022,11.176,0.021,11.4768,0.000541,11.5379,0.001335,11.3628,0.000629,11.138,0.023,11.194,0.022,11.236,0.145,8.776,,Theia3740,263.02679918953817,Kounkel2020,8695.0,2.21319,2.18
172784900,2.925124521040305e+18,101.53367558202,-24.2167762701965,0.884877,14.9847,16.479,0.089,15.784,0.24,14.232,0.035,13.93,0.047,13.814,0.055,15.5016,0.000692,15.9224,0.003717,14.9276,0.002632,13.763,0.026,13.833,0.039,12.679,,8.531,,Theia3740,263.02679918953817,Kounkel2020,5460.0,0.907578,0.95
172738290,2.9251025651676e+18,101.274463859351,-24.2972766346315,0.891665,14.2852,15.462,0.02,14.908,0.263,13.649,0.028,13.374,0.031,13.194,0.035,14.722,0.000469,15.0577,0.001706,14.225,0.001044,13.285,0.026,13.364,0.03,12.26,,8.986,,Theia3740,263.02679918953817,Kounkel2020,5956.0,1.06366,1.09
172739202,2.9251042487946977e+18,101.43435709544,-24.213708024702,0.4884,16.6119,17.786,0.142,17.3806,0.046,15.832,0.09,15.557,0.153,15.324,0.2,17.1608,0.000878,17.6173,0.006262,16.5564,0.003954,,,,,,,,,Theia3740,263.02679918953817,Kounkel2020,5312.0,0.805224,0.91
172924286,2.9220796641046016e+18,101.774554541451,-24.4635631693432,0.612228,15.953,17.074,0.122,16.6794,0.0459,15.191,0.056,14.782,0.084,14.898,0.125,16.4779,0.000585,16.9109,0.003673,15.9001,0.00256,14.718,0.038,14.927,0.078,12.373,,8.9,,Theia3740,263.02679918953817,Kounkel2020,5442.0,0.840673,0.95
49310172,2.9252479412208497e+18,101.770501545481,-23.7119410445015,0.564916,14.2339,15.208,0.051,14.759,0.126,13.659,0.024,13.419,0.035,13.374,0.04,14.6038,0.000269,14.8748,0.001495,14.1717,0.001105,13.313,0.025,13.291,0.03,12.472,,8.71,,Theia3740,263.02679918953817,Kounkel2020,6369.0,1.50456,1.27
172784374,2.9220829282793257e+18,101.542516590449,-24.606892950545,0.473968,15.0942,16.374,0.112,15.647,0.24,14.495,0.028,14.068,0.037,14.131,0.076,15.4967,0.000452,15.7954,0.002096,15.03,0.001357,14.007,0.026,13.982,0.037,12.588,,8.667,,Theia3740,263.02679918953817,Kounkel2020,6136.0,1.26264,1.16
172739695,2.922085161662348e+18,101.389566651696,-24.5914502489037,0.931596,15.8077,17.826,0.119,16.742,1.133,15.058,0.046,14.382,0.073,14.22,0.077,16.4407,0.000673,16.9938,0.004203,15.7468,0.002225,14.027,0.027,14.063,0.039,12.738,,8.533,,Theia3740,263.02679918953817,Kounkel2020,4814.0,0.753877,0.78
49309714,2.9251521119099853e+18,101.671706272154,-23.8399924059671,1.38277,15.1461,,,16.1087,0.046,14.215,0.03,13.717,0.031,13.563,0.043,15.7954,0.001439,16.3702,0.006022,15.0832,0.003703,13.534,0.026,13.573,0.032,12.572,,8.532,,Theia3740,263.02679918953817,Kounkel2020,4701.0,0.721795,0.75
49309737,2.925151287276301e+18,101.599983342322,-23.854443271048,0.929077,14.9194,16.408,0.0,15.528,0.069,14.232,0.028,13.837,0.036,13.79,0.045,15.4174,0.000655,15.8197,0.002481,14.8629,0.001967,13.822,0.025,13.963,0.038,12.694,,8.857,,Theia3740,263.02679918953817,Kounkel2020,5483.0,0.866983,0.96
172738330,2.9251088143401206e+18,101.204178818406,-24.2707872578634,0.920462,11.2434,11.489,0.118,11.518,0.012,11.014,0.024,10.967,0.025,10.926,0.021,11.3442,0.000915,11.4283,0.002179,11.2008,0.001031,10.886,0.023,10.928,0.019,11.006,0.11,8.681,,Theia3740,263.02679918953817,Kounkel2020,8424.0,2.56354,2.09
173042330,2.922206176663616e+18,102.358031846279,-24.1581699960161,0.361362,16.2033,17.49,0.127,16.8066,0.0459,15.514,0.064,15.216,0.123,14.988,0.155,16.6546,0.000658,17.0052,0.004069,16.1438,0.004199,15.226,0.036,15.251,0.081,12.388,,8.548,,Theia3740,263.02679918953817,Kounkel2020,5819.0,1.05812,1.05
744370429,2.9222218790563645e+18,102.056286350619,-24.0545846884877,0.389233,16.5447,,,17.2803,0.0463,,,,,,,17.0747,0.000823,17.4296,0.013698,16.4074,0.010707,,,,,,,,,Theia3740,263.02679918953817,Kounkel2020,5370.0,0.984963,0.93
172786084,2.9220902812632986e+18,101.61390441067,-24.512165389527,0.945651,13.3523,14.21,0.02,13.799,0.126,12.877,0.026,12.679,0.024,12.618,0.027,13.6861,0.000225,13.93,0.000981,13.2953,0.000972,12.548,0.023,12.62,0.024,11.935,,8.953,,Theia3740,263.02679918953817,Kounkel2020,6594.0,1.29967,1.38
172996915,2.922127939536363e+18,102.040115603137,-24.0800729473979,0.413065,15.1072,15.755,0.111,15.55,0.252,14.59,0.044,14.336,0.057,14.384,0.097,15.4843,0.000418,15.7648,0.001755,15.0479,0.001798,14.155,0.029,14.171,0.041,12.629,,8.559,,Theia3740,263.02679918953817,Kounkel2020,6332.0,1.36535,1.25
172997551,2.9221133366478746e+18,102.174519590051,-24.2233132397621,0.534915,14.7157,15.618,0.034,15.234,0.137,14.18,0.026,13.888,0.022,13.802,0.053,15.1088,0.000408,15.3995,0.001334,14.6517,0.001431,13.582,0.025,13.672,0.031,12.66,,8.759,,Theia3740,263.02679918953817,Kounkel2020,6266.0,1.31624,1.22
172785934,2.922095675742186e+18,101.662877071825,-24.403026400864,0.579554,15.8479,17.533,-0.139,16.657,0.06,15.09,0.051,14.628,0.055,14.725,0.117,16.3733,0.000571,16.803,0.005236,15.792,0.002529,14.735,0.032,14.944,0.067,11.994,,8.844,,Theia3740,263.02679918953817,Kounkel2020,5495.0,0.924937,0.96
172926359,2.9220195689223777e+18,101.866830978309,-24.8702948032434,0.564523,16.1878,17.001,0.124,16.507,0.15,15.554,0.065,15.268,0.115,14.994,,16.6776,0.000639,17.0691,0.004105,16.13,0.002957,15.059,0.032,15.229,0.072,12.66,,9.02,,Theia3740,263.02679918953817,Kounkel2020,5622.0,0.762914,1.0
78375066,2.922233492655399e+18,102.390752238518,-23.7542804244672,0.532742,15.4012,16.58,0.049,16.272,0.321,14.662,0.033,14.305,0.043,14.084,0.076,15.924,0.000443,16.3482,0.002687,15.3413,0.002381,14.171,0.035,14.256,0.047,12.73,,8.722,,Theia3740,263.02679918953817,Kounkel2020,5423.0,1.23493,0.94
79944164,2.932502381505659e+18,104.896513817343,-20.0234078443147,0.527213,15.147,16.574,0.016,15.81,0.252,14.344,0.033,14.031,0.033,13.961,0.056,15.6632,0.000499,16.0662,0.002353,15.0746,0.002106,13.792,0.028,13.803,0.039,12.705,,9.196,,Theia4111,323.5936569296281,Kounkel2020,6200.0,1.31441,1.19
79432358,2.9323266314450084e+18,104.246695315461,-20.0040275613436,0.457706,14.1472,15.264,0.008,14.603,0.069,13.501,0.026,13.327,0.029,13.232,0.034,14.5386,0.000221,14.8362,0.001113,14.0768,0.00108,13.219,0.026,13.261,0.029,11.922,,9.042,,Theia4111,323.5936569296281,Kounkel2020,7051.0,1.95398,1.56
78743861,2.9322560565406044e+18,103.126219181383,-20.3328288428657,0.460739,15.6801,17.126,-0.125,16.51,0.06,14.873,0.036,14.456,0.053,14.622,0.106,16.2546,0.000592,16.7282,0.00428,15.62,0.002066,14.446,0.027,14.572,0.046,12.627,,8.227,,Theia4111,323.5936569296281,Kounkel2020,5510.0,1.3364,0.97
80195073,2.9324875380984136e+18,105.296052045784,-20.1410396867467,0.662159,15.7743,17.6,0.052,16.525,0.309,14.986,0.038,14.623,0.046,14.476,0.095,16.3213,0.000655,16.7669,0.004266,15.7138,0.002056,14.558,0.031,14.491,0.046,12.219,,8.604,,Theia4111,323.5936569296281,Kounkel2020,5562.0,0.868464,0.98
79637749,2.9320852199250995e+18,104.509548964562,-20.5162227209771,1.00571,16.0373,17.934,0.056,16.9468,0.0459,15.119,0.043,14.595,0.046,14.626,0.097,16.6628,0.000597,17.2003,0.005118,15.9798,0.00288,14.482,0.031,14.538,0.056,12.902,,9.192,,Theia5222,562.3413251903492,Kounkel2020,5058.0,0.606014,0.84
79866198,2.932017977915306e+18,104.771061383406,-20.8216517216473,0.442566,15.9925,17.572,0.008,16.673,0.195,15.17,0.044,14.831,0.045,14.728,0.102,16.5516,0.000714,17.0048,0.005881,15.9291,0.003194,14.605,0.029,14.713,0.055,12.266,,9.106,,Theia5222,562.3413251903492,Kounkel2020,5777.0,1.15877,1.04
79941176,2.931987363388796e+18,104.899760479697,-21.1910966724949,0.277994,15.4746,17.171,-0.124,16.283,0.195,14.648,0.027,14.189,0.03,14.035,0.053,16.061,0.00057,16.5481,0.004195,15.4176,0.001758,14.128,0.027,14.195,0.044,12.455,,8.557,,Theia5222,562.3413251903492,Kounkel2020,5628.0,2.33068,1.0
79544778,2.932314326356207e+18,104.475864372889,-20.1292281841628,0.201273,15.6789,16.765,0.059,16.49,0.07,14.936,0.046,14.587,0.073,14.454,0.087,16.1777,0.000793,16.5707,0.004121,15.6094,0.009103,14.358,0.029,14.423,0.052,12.639,,8.386,,Theia5222,562.3413251903492,Kounkel2020,6536.0,2.20602,1.35
79865368,2.932096867877071e+18,104.799626857532,-20.5170054122722,0.394494,15.5948,16.489,0.11,15.791,0.286,14.771,0.041,14.496,0.075,14.338,0.101,16.0888,0.000567,16.4737,0.003379,15.5246,0.002349,13.772,0.031,13.766,0.039,12.168,,8.653,0.474,Theia5222,562.3413251903492,Kounkel2020,6341.0,1.35777,1.26
79942653,2.932092091873436e+18,104.879732981536,-20.6099784024288,0.403467,16.1632,17.647,0.053,16.8802,0.0459,15.339,0.039,15.023,0.054,15.07,0.134,16.6829,0.000646,17.0959,0.004731,16.0969,0.003248,14.958,0.034,15.087,0.074,12.682,,9.143,,Theia5222,562.3413251903492,Kounkel2020,6258.0,1.07627,1.22
80037657,2.9321022967153347e+18,105.026625503054,-20.4175874375785,0.351389,14.4071,15.356,0.008,14.977,0.252,13.753,0.027,13.624,0.033,13.509,0.033,14.7565,0.000226,15.018,0.001295,14.3356,0.000933,13.483,0.024,13.508,0.034,12.759,,9.136,,Theia5222,562.3413251903492,Kounkel2020,7278.0,2.08861,1.64
80038079,2.9320525438128005e+18,105.097506262535,-20.549777734902,0.351655,12.1596,14.361,-0.012,13.19,0.092,11.104,0.024,10.559,0.026,10.421,0.021,12.858,0.000191,13.4741,0.000955,12.1151,0.000492,10.297,0.021,10.375,0.02,10.537,0.078,8.382,,Theia5222,562.3413251903492,Kounkel2020,5255.0,10.6205,
80038277,2.932050654027251e+18,105.093482878885,-20.6014629413969,0.386796,14.7403,15.737,0.051,15.32,0.047,14.075,0.037,13.832,0.043,13.78,0.058,15.1558,0.000405,15.4713,0.00216,14.6672,0.001433,13.509,0.026,13.507,0.035,12.696,,9.03,,Theia5222,562.3413251903492,Kounkel2020,6926.0,1.80534,1.51
80038288,2.9320478021689533e+18,105.112022569251,-20.6026788408108,0.352798,15.5293,17.282,0.052,16.378,1.133,14.773,0.037,14.482,0.044,14.309,0.086,16.0171,0.000528,16.397,0.00346,15.457,0.001732,14.337,0.027,14.561,0.047,12.487,,8.588,,Theia5222,562.3413251903492,Kounkel2020,6573.0,1.52716,1.37
79942042,2.932037185010153e+18,104.934805084679,-20.8591776125936,0.437733,16.1896,17.572,0.052,17.0955,0.046,15.119,0.037,14.62,0.041,14.72,0.108,16.8147,0.001236,17.3399,0.005564,16.1267,0.003684,14.649,0.03,14.801,0.054,12.743,,9.153,,Theia5222,562.3413251903492,Kounkel2020,5267.0,1.23092,0.9
79942641,2.932045358322006e+18,104.952957131925,-20.612908149522,0.386823,12.4271,14.492,0.0,13.407,0.092,11.374,0.026,10.885,0.024,10.732,0.019,13.1122,0.000227,13.7137,0.001044,12.3786,0.000864,10.665,0.023,10.706,0.02,10.663,0.094,8.794,,Theia5222,562.3413251903492,Kounkel2020,5167.0,8.50597,
80037816,2.932100819246597e+18,105.064282982865,-20.4655430205567,0.367563,15.7032,17.355,-0.132,16.516,1.133,15.0,0.032,14.755,0.045,14.477,0.079,16.1749,0.000523,16.5428,0.003055,15.6387,0.001437,14.493,0.031,14.577,0.054,12.226,,8.885,,Theia5222,562.3413251903492,Kounkel2020,6291.0,1.33809,1.23
80038103,2.9320523376543734e+18,105.102917590935,-20.5561654473533,0.394236,14.195,15.603,0.042,14.791,0.115,13.554,0.023,13.407,0.027,13.323,0.042,14.5503,0.000214,14.8163,0.001448,14.121,0.001031,13.133,0.024,13.222,0.031,12.175,,9.008,,Theia5222,562.3413251903492,Kounkel2020,7315.0,2.088,1.66
80137084,2.932033955194504e+18,105.13516623435,-20.7308587639939,0.407105,13.8036,14.905,0.029,14.367,0.183,13.115,0.026,12.92,0.028,12.802,0.034,14.2146,0.000216,14.5251,0.001059,13.7373,0.000698,12.7,0.023,12.753,0.028,12.621,,9.257,,Theia5222,562.3413251903492,Kounkel2020,6581.0,2.64113,1.37
80137361,2.9320466682975923e+18,105.163836388407,-20.6439937948554,0.364529,13.8632,14.87,0.043,14.489,0.092,13.194,0.022,13.031,0.021,12.951,0.031,14.2547,0.000369,14.5475,0.001233,13.7915,0.000909,12.693,0.024,12.805,0.024,11.649,0.209,8.562,,Theia5222,562.3413251903492,Kounkel2020,6907.0,2.75955,1.5
80137557,2.9320493139974103e+18,105.132187368962,-20.5881208126632,0.431144,15.5849,,,16.47,0.138,14.757,0.054,14.496,0.068,14.285,0.092,16.1347,0.000568,16.5618,0.003284,15.5047,0.002109,14.154,0.084,14.031,0.072,12.236,0.402,8.962,,Theia5222,562.3413251903492,Kounkel2020,5807.0,1.40127,1.04
79542654,2.932055120794096e+18,104.457712143449,-20.9946080212835,0.490867,14.5451,16.556,0.082,15.43,0.137,13.51,0.026,13.014,0.029,12.883,0.021,15.2073,0.000389,15.778,0.001908,14.4877,0.000945,12.872,0.023,12.908,0.025,12.393,0.338,9.152,,Theia5222,562.3413251903492,Kounkel2020,5147.0,2.49121,
79638752,2.932010418772788e+18,104.578123514332,-20.915788184743,0.746943,13.4512,14.805,0.014,14.096,0.057,12.708,0.027,12.383,0.027,12.298,0.03,13.9376,0.000229,14.3217,0.000886,13.3903,0.000822,12.266,0.023,12.317,0.024,12.227,0.419,8.907,,Theia5222,562.3413251903492,Kounkel2020,6054.0,1.97875,1.13
79865854,2.9320898928500106e+18,104.785726065216,-20.6911164041756,0.360095,15.0994,16.499,0.051,15.544,0.036,14.473,0.036,14.205,0.04,14.156,0.068,15.5229,0.00107,15.8472,0.003871,15.0263,0.002337,13.953,0.029,13.983,0.042,12.775,,8.613,,Theia5222,562.3413251903492,Kounkel2020,6961.0,1.65351,1.52
79865972,2.9320426138487644e+18,104.837589986356,-20.7330337247265,0.413962,16.6318,18.061,0.068,17.4138,0.046,15.674,0.057,15.387,0.069,15.407,0.204,17.1895,0.000774,17.6448,0.007489,16.572,0.004272,,,,,,,,,Theia5222,562.3413251903492,Kounkel2020,5757.0,0.923509,1.03
79867996,2.92888272051149e+18,104.782460570208,-21.5435048215489,0.325402,16.1071,17.145,0.059,16.562,1.133,15.433,0.046,15.062,0.056,15.199,0.155,16.563,0.000504,16.9157,0.00331,16.044,0.002131,,,,,,,,,Theia5222,562.3413251903492,Kounkel2020,6197.0,1.21233,1.19
79294547,2.931981350434045e+18,103.97736053723,-20.8876757017345,0.41693,14.3863,15.455,0.017,14.969,0.195,13.756,0.027,13.541,0.032,13.358,0.038,14.7864,0.000358,15.0892,0.001776,14.3207,0.001356,13.43,0.026,13.441,0.034,12.259,,8.658,,Theia5222,562.3413251903492,Kounkel2020,6699.0,1.94133,1.42
79542419,2.9319134899493074e+18,104.395693532567,-21.1015177631357,0.489913,15.0933,16.396,0.0,15.684,0.081,14.398,0.03,14.11,0.037,14.137,0.068,15.5518,0.000405,15.9049,0.001935,15.0282,0.001335,14.004,0.029,14.047,0.04,12.445,,9.313,,Theia5222,562.3413251903492,Kounkel2020,6156.0,1.33121,1.17
79776725,2.932070479597218e+18,104.614140156163,-20.6842581970008,1.04551,14.8185,16.29,0.05,15.61,0.263,14.128,0.033,13.743,0.03,13.663,0.044,15.3202,0.000417,15.7216,0.002266,14.7598,0.001545,13.676,0.027,13.782,0.04,12.809,,9.062,,Theia5222,562.3413251903492,Kounkel2020,5739.0,0.795812,1.03
79864905,2.932116796524965e+18,104.819635768135,-20.3475174519532,0.406773,14.7043,15.644,0.006,15.147,0.115,14.078,0.029,13.868,0.03,13.886,0.047,15.0555,0.000422,15.3179,0.001717,14.6317,0.00162,13.822,0.026,13.86,0.038,12.399,0.451,9.198,,Theia5222,562.3413251903492,Kounkel2020,7284.0,1.59479,1.64
79865259,2.932102915190726e+18,104.848815503964,-20.4807755155243,0.36822,9.3646,12.74,0.199,10.794,0.047,7.873,0.034,7.069,0.053,6.843,0.031,10.2959,0.00038,11.2786,0.000776,9.34888,0.000708,6.737,0.066,6.836,0.02,6.731,0.015,6.61,0.062,Theia5222,562.3413251903492,Kounkel2020,4281.3,52.0956,
79867918,2.928883029749064e+18,104.852258021022,-21.513910896645,0.449434,14.6032,15.438,0.031,15.157,0.435,13.954,0.043,13.69,0.049,13.64,0.055,15.0202,0.000251,15.3354,0.001319,14.5404,0.000795,13.644,0.03,13.601,0.036,12.674,,9.009,,Theia5222,562.3413251903492,Kounkel2020,6219.0,1.69741,1.2
79636707,2.932315636328676e+18,104.509987129019,-20.0888716231767,0.336468,15.5543,16.67,0.05,16.1951,0.0459,14.813,0.035,14.617,0.048,14.383,0.072,16.0282,0.000487,16.3959,0.002563,15.487,0.002346,,,,,,,,,Theia5222,562.3413251903492,Kounkel2020,6325.0,1.55179,1.25
79790136,2.932688645645658e+18,104.793233231647,-20.0260439863279,0.389058,13.5074,14.698,0.006,14.179,0.137,12.762,0.024,12.55,0.023,12.4,0.021,13.9529,0.000218,14.2961,0.001036,13.4407,0.001067,12.378,0.024,12.369,0.024,12.189,0.305,8.35,,Theia5222,562.3413251903492,Kounkel2020,6529.0,3.32062,1.35
79865420,2.9320964168953e+18,104.805051255132,-20.5402464980736,0.423496,15.6861,15.685,0.079,16.303,0.104,14.972,0.07,14.577,0.079,14.385,0.093,16.1884,0.000504,16.5797,0.003293,15.6149,0.001993,14.145,0.043,14.234,0.058,11.977,,8.681,,Theia5222,562.3413251903492,Kounkel2020,6281.0,1.23651,1.23
79941021,2.9289845627761014e+18,104.927483578809,-21.245559641728,0.365286,15.2672,16.737,0.043,15.792,0.069,14.522,0.029,14.222,0.032,14.12,0.056,15.7639,0.000426,16.1542,0.001989,15.2027,0.001514,14.101,0.029,14.093,0.042,12.404,,8.802,,Theia5222,562.3413251903492,Kounkel2020,5884.0,1.73466,1.07
80038333,2.9320504135091656e+18,104.999368744263,-20.6202053255054,0.366056,13.9675,14.941,0.048,14.481,0.149,13.319,0.029,13.189,0.027,13.022,0.039,14.3235,0.000286,14.5902,0.001266,13.8979,0.000735,13.03,0.025,13.03,0.031,12.276,0.351,8.772,,Theia5222,562.3413251903492,Kounkel2020,7165.0,2.4839,1.6
80037965,2.932099131312542e+18,105.012471837316,-20.5143507732725,0.410845,12.4224,14.385,0.012,13.362,0.103,11.357,0.026,10.884,0.024,10.73,0.023,13.0939,0.000221,13.681,0.001027,12.3754,0.000656,10.685,0.023,10.741,0.022,10.804,0.103,9.0,,Theia5222,562.3413251903492,Kounkel2020,5258.0,7.82487,
80038031,2.932052681251726e+18,105.121686175792,-20.5370097942129,0.439867,14.8345,16.562,0.045,15.388,0.286,14.167,0.027,13.948,0.029,13.974,0.051,15.2581,0.000306,15.5794,0.002503,14.7665,0.00099,13.753,0.028,13.77,0.039,12.24,,9.026,,Theia5222,562.3413251903492,Kounkel2020,6579.0,1.55921,1.37
80036987,2.932494994161769e+18,105.017655510954,-20.1914635471966,0.39526,15.3457,16.055,0.022,15.783,1.133,14.712,0.042,14.401,0.036,14.37,0.084,15.7774,0.002937,16.0953,0.010227,15.268,0.010067,,,,,,,,,Theia5222,562.3413251903492,Kounkel2020,6483.0,1.38525,1.32
80037762,2.9321010597647703e+18,105.02500747213,-20.4503384010217,0.380016,13.5627,14.404,0.045,14.114,0.137,12.938,0.027,12.77,0.023,12.681,0.026,13.9225,0.000227,14.1949,0.001137,13.4944,0.000848,,,,,,,,,Theia5222,562.3413251903492,Kounkel2020,7183.0,2.90987,1.61
80037896,2.932053746403623e+18,105.045400298025,-20.492840056901,0.406946,16.5406,18.067,0.056,17.2804,0.046,15.645,0.043,15.371,0.068,15.439,0.194,17.074,0.000758,17.5055,0.006988,16.4811,0.004603,15.48,0.045,15.883,0.142,12.299,,9.077,,Theia5222,562.3413251903492,Kounkel2020,5830.0,0.941141,1.05
80037903,2.9320536089646464e+18,105.086275675317,-20.4950295766877,0.392376,12.6957,14.82,0.033,13.688,0.103,11.621,0.024,11.125,0.024,10.94,0.019,13.3834,0.000239,13.9925,0.001017,12.6443,0.000662,10.886,0.022,10.937,0.021,10.924,0.114,9.006,,Theia5222,562.3413251903492,Kounkel2020,4958.0,7.63585,
80037982,2.9320527156114493e+18,105.122549288817,-20.52039449367,0.367112,15.1194,16.369,0.0,15.647,0.389,14.438,0.032,14.223,0.037,14.127,0.061,15.5531,0.000399,15.8877,0.001863,15.0532,0.001267,14.125,0.028,14.151,0.046,12.53,,9.102,,Theia5222,562.3413251903492,Kounkel2020,6664.0,1.63981,1.41
80038012,2.932052681251723e+18,105.118607234903,-20.5300967411202,0.375905,15.1251,16.113,0.0,15.76,0.183,14.374,0.05,14.11,0.056,13.875,0.065,15.5939,0.000702,15.9561,0.003873,15.0562,0.001961,13.685,0.026,13.791,0.043,12.09,0.283,8.98,,Theia5222,562.3413251903492,Kounkel2020,6414.0,1.69095,1.29
80038272,2.9320478021689487e+18,105.113317592065,-20.5995198474061,0.404095,14.6057,16.719,0.043,15.186,0.023,13.994,0.024,13.814,0.033,13.701,0.037,14.9841,0.000259,15.2697,0.00142,14.5349,0.001163,13.655,0.026,13.666,0.036,12.501,,8.931,,Theia5222,562.3413251903492,Kounkel2020,7092.0,1.74681,1.57
79544583,2.932307802308428e+18,104.428594010333,-20.2107318932722,0.689168,15.282,18.02,0.045,16.343,1.133,14.078,0.028,13.615,0.036,13.477,0.039,16.0865,0.000613,16.8217,0.003493,15.2398,0.00132,13.327,0.027,13.321,0.031,12.239,0.365,8.853,,Theia5222,562.3413251903492,Kounkel2020,4919.0,1.62567,
80038064,2.932052578172525e+18,105.111502289125,-20.5462663446793,0.388629,14.0512,15.886,0.042,14.711,0.126,13.351,0.023,13.129,0.023,13.023,0.024,14.4633,0.000221,14.776,0.000988,13.9824,0.001074,12.981,0.024,13.013,0.028,12.573,,9.126,,Theia5222,562.3413251903492,Kounkel2020,6759.0,2.45963,1.45
80038126,2.9320517535388826e+18,105.033445653332,-20.5629915130752,0.35881,14.6966,15.972,0.044,15.215,0.183,14.101,0.026,13.909,0.029,13.882,0.056,15.053,0.000279,15.323,0.001588,14.6251,0.001257,13.661,0.024,13.715,0.032,12.316,,9.03,,Theia5222,562.3413251903492,Kounkel2020,7329.0,1.81148,1.66
80038139,2.932051031984348e+18,105.074092047643,-20.5660068990793,0.372163,15.5889,17.016,0.049,16.237,0.115,14.889,0.033,14.585,0.04,14.657,0.1,16.0446,0.000582,16.3962,0.002822,15.519,0.001846,,,,,,,,,Theia5222,562.3413251903492,Kounkel2020,6613.0,1.35171,1.38
80038146,2.932050997624635e+18,105.046789996006,-20.5689216736631,0.355079,14.1491,14.995,0.025,14.547,0.149,13.563,0.027,13.393,0.024,13.307,0.031,14.4649,0.000275,14.7014,0.001149,14.074,0.000916,,,,,,,,,Theia5222,562.3413251903492,Kounkel2020,7650.0,2.22232,1.79
80038169,2.932052268934911e+18,105.108698711853,-20.5730653997955,0.389181,14.3716,15.82,0.042,14.981,0.103,13.67,0.023,13.494,0.032,13.362,0.033,14.7938,0.000267,15.1156,0.001568,14.2996,0.00103,13.252,0.023,13.241,0.028,12.241,0.312,9.143,,Theia5222,562.3413251903492,Kounkel2020,6866.0,2.14951,1.49
80038338,2.932047630370281e+18,105.112717945321,-20.6217363109523,0.391296,14.3629,14.508,0.046,14.876,0.137,13.645,0.029,13.478,0.03,13.36,0.034,14.7823,0.00028,15.1008,0.001398,14.2902,0.000966,13.343,0.04,13.374,0.048,12.045,,8.855,,Theia5222,562.3413251903492,Kounkel2020,6877.0,2.13654,1.49
80038365,2.932047424211854e+18,105.122593909215,-20.6310685611884,0.399569,16.0346,17.189,0.0,16.444,0.052,15.133,0.047,14.781,0.05,14.667,0.088,16.6275,0.00066,17.0958,0.004845,15.9528,0.00304,14.659,0.033,14.94,0.086,12.511,,8.67,,Theia5222,562.3413251903492,Kounkel2020,5719.0,1.31321,1.02
79942615,2.9320920231537183e+18,104.893654889172,-20.6225369041621,0.355143,14.3805,15.934,0.042,15.063,0.343,13.701,0.023,13.52,0.024,13.437,0.041,14.7737,0.000281,15.0732,0.001162,14.3058,0.000893,13.292,0.024,13.352,0.029,12.125,,9.04,,Theia5222,562.3413251903492,Kounkel2020,7210.0,2.22768,1.62
80037909,2.932053780763348e+18,105.074259557862,-20.4970019596225,0.332685,13.4986,14.666,0.031,14.082,0.08,12.801,0.023,12.54,0.027,12.497,0.024,13.9234,0.000176,14.2509,0.00093,13.432,0.000695,12.443,0.023,12.445,0.024,12.003,0.272,9.033,,Theia5222,562.3413251903492,Kounkel2020,6764.0,3.72676,1.45
80038051,2.9320525781725235e+18,105.108845808194,-20.5424234925878,0.392331,15.8018,17.363,0.055,16.597,1.133,14.962,0.041,14.592,0.044,14.405,0.08,16.3583,0.000546,16.8074,0.004869,15.7371,0.001776,14.497,0.055,14.566,0.093,12.433,,9.077,,Theia5222,562.3413251903492,Kounkel2020,5813.0,1.39824,1.05
80038095,2.932052543812815e+18,105.085981896148,-20.5540145500593,0.403419,14.3211,15.23,0.0,14.675,0.126,13.745,0.037,13.532,0.044,13.516,0.061,14.6687,0.000246,14.93,0.001063,14.25,0.001274,13.244,0.024,13.351,0.028,12.541,,9.102,,Theia5222,562.3413251903492,Kounkel2020,7317.0,1.90668,1.66
80038189,2.9320507914661663e+18,105.110704728011,-20.5787043000823,0.376064,14.7418,16.833,0.042,15.456,0.217,14.026,0.023,13.835,0.024,13.78,0.046,15.1649,0.000381,15.4861,0.002113,14.6665,0.00152,13.649,0.026,13.75,0.037,12.372,,8.676,,Theia5222,562.3413251903492,Kounkel2020,6938.0,1.87311,1.52
80038224,2.932050894545438e+18,105.047695963743,-20.588441512462,0.417457,16.1188,18.021,0.058,16.9416,0.0459,15.283,0.045,14.85,0.04,14.818,0.109,16.6995,0.000639,17.1728,0.003635,16.054,0.002795,14.569,0.031,15.074,0.082,12.361,,9.099,,Theia5222,562.3413251903492,Kounkel2020,5694.0,1.19776,1.01
80038353,2.932047664730442e+18,105.08267080822,-20.6250247328666,0.424299,15.0207,16.286,0.043,15.636,0.149,14.334,0.024,14.114,0.03,13.959,0.04,15.459,0.000534,15.7931,0.002684,14.9495,0.00228,13.963,0.025,14.01,0.041,12.691,,9.145,,Theia5222,562.3413251903492,Kounkel2020,6659.0,1.51014,1.4
79638208,2.932070960633575e+18,104.546809042402,-20.6875456549986,0.406735,11.7972,13.983,0.0,12.831,0.08,10.668,0.022,10.139,0.024,9.988,0.019,12.5039,0.000182,13.1383,0.001174,11.752,0.000555,9.797,0.022,9.858,0.02,9.699,0.041,8.91,0.48,Theia5222,562.3413251903492,Kounkel2020,4949.0,11.5107,
79639577,2.9318960695621064e+18,104.57178726206,-21.2446584586637,0.436327,16.7994,18.113,0.085,17.5533,0.046,16.002,0.076,15.582,0.107,15.611,0.232,17.3406,0.000876,17.7866,0.007515,16.7448,0.005424,,,,,,,,,Theia5222,562.3413251903492,Kounkel2020,5554.0,0.806586,0.98
79778273,2.9323127501108736e+18,104.723896371016,-20.0856107848127,0.418227,15.6964,17.631,0.062,16.464,1.133,14.838,0.05,14.539,0.074,14.415,0.094,16.2622,0.000488,16.713,0.004728,15.6244,0.003086,14.376,0.067,14.418,0.087,11.541,,7.703,,Theia5222,562.3413251903492,Kounkel2020,5909.0,1.39314,1.07
79867660,2.928981401680209e+18,104.794586810584,-21.4062508055328,0.61021,14.8122,16.16,0.043,15.451,0.069,14.109,0.024,13.818,0.029,13.79,0.048,15.2845,0.0003,15.6503,0.002835,14.747,0.001552,13.729,0.028,13.786,0.036,12.14,,8.741,,Theia5222,562.3413251903492,Kounkel2020,5989.0,1.26394,1.1
79942242,2.9320389029970084e+18,104.915212276541,-20.7728302785896,0.409855,14.879,,,15.373,0.263,14.285,0.05,14.057,0.056,13.956,0.072,15.2437,0.000431,15.5167,0.002227,14.8095,0.001372,,,,,,,,,Theia5222,562.3413251903492,Kounkel2020,7079.0,1.49129,1.57
79942635,2.932092023153717e+18,104.887426431062,-20.6160486106191,0.425898,13.9053,14.902,0.0,14.434,0.149,13.287,0.03,13.09,0.03,13.014,0.027,14.2681,0.000322,14.541,0.001119,13.8348,0.001771,12.99,0.024,13.017,0.024,12.205,,9.084,0.534,Theia5222,562.3413251903492,Kounkel2020,7181.0,2.2429,1.61
79943926,2.9324961623928576e+18,104.966923152367,-20.1289640956311,0.466631,13.5774,14.623,0.037,14.159,0.069,12.889,0.024,12.706,0.027,12.59,0.024,13.9861,0.000623,14.2978,0.003028,13.5112,0.001828,12.543,0.024,12.561,0.025,12.565,0.51,8.61,,Theia5222,562.3413251903492,Kounkel2020,6744.0,2.56451,1.44
79866696,2.931999320577485e+18,104.841050347873,-21.0131203213288,0.343158,16.5962,16.379,0.069,17.3757,0.046,15.71,0.059,15.289,0.073,15.286,0.157,17.1525,0.000847,17.5999,0.008781,16.53,0.003763,15.255,0.078,15.358,0.125,12.218,,8.366,,Theia5222,562.3413251903492,Kounkel2020,5855.0,1.09511,1.06
80037740,2.932101781319281e+18,105.005141163876,-20.4452928708678,0.384135,13.9919,14.855,0.012,14.534,0.092,13.434,0.027,13.272,0.027,13.212,0.033,14.3053,0.000237,14.5397,0.001177,13.9212,0.001432,13.21,0.023,13.272,0.028,12.586,,8.95,,Theia5222,562.3413251903492,Kounkel2020,7524.0,2.21208,1.74
80038091,2.9320519940570547e+18,105.013302318485,-20.5531535959057,0.362216,14.4165,15.382,0.03,14.886,0.069,13.924,0.03,13.602,0.026,13.539,0.043,14.7615,0.000236,15.0217,0.001267,14.3422,0.001019,13.518,0.025,13.636,0.034,11.799,,9.187,,Theia5222,562.3413251903492,Kounkel2020,7466.0,2.00944,1.71
80038100,2.9320510663440666e+18,105.086313644763,-20.5557223869474,0.39692,15.8079,,,16.449,0.366,14.914,0.03,14.55,0.048,14.404,0.077,16.388,0.000557,16.8624,0.00372,15.7451,0.001912,,,,,,,,,Theia5222,562.3413251903492,Kounkel2020,5808.0,1.42936,1.04
80038122,2.932052372014106e+18,105.117455267971,-20.5621160468483,0.393664,13.4351,14.532,0.0,13.984,0.149,12.717,0.03,12.485,0.032,12.422,0.033,13.8613,0.000395,14.1894,0.001558,13.3667,0.001019,12.298,0.023,12.343,0.026,12.096,0.305,8.983,,Theia5222,562.3413251903492,Kounkel2020,6814.0,3.28881,1.47
80038143,2.9320508601856394e+18,105.100456260531,-20.5681459571149,0.372337,14.044,15.14,0.0,14.653,0.183,13.343,0.023,13.163,0.027,13.07,0.033,14.4376,0.000205,14.737,0.001067,13.9701,0.000898,13.016,0.025,13.068,0.03,12.719,0.531,9.179,,Theia5222,562.3413251903492,Kounkel2020,7168.0,2.49171,1.6
80038183,2.932050860185656e+18,105.090880831992,-20.576758271066,0.40328,15.5458,16.819,0.035,16.251,1.03,14.676,,14.275,,14.5,0.069,16.0105,0.000457,16.3652,0.002314,15.4718,0.002188,13.457,0.025,13.365,0.032,11.904,,8.991,,Theia5222,562.3413251903492,Kounkel2020,6518.0,1.29897,1.34
79543060,2.9320617865831946e+18,104.484976103899,-20.8256667909198,0.494659,14.6067,16.187,0.014,15.33,0.172,13.774,0.03,13.383,0.033,13.264,0.034,15.1631,0.000362,15.6173,0.001721,14.5472,0.001081,13.244,0.025,13.27,0.032,11.949,,8.142,,Theia5222,562.3413251903492,Kounkel2020,5803.0,1.93932,1.04
79864933,2.93211669344576e+18,104.808177110941,-20.3576794835361,0.655575,15.6169,16.8,0.052,16.204,1.133,14.765,0.038,14.386,0.037,14.339,0.069,16.1538,0.000598,16.5817,0.002576,15.5492,0.001607,14.223,0.028,14.348,0.05,12.627,,9.123,,Theia5222,562.3413251903492,Kounkel2020,5621.0,0.923833,1.0
79865662,2.9320915077576827e+18,104.77646961955,-20.6253017073866,0.23487,16.3585,18.263,0.055,17.3402,0.046,15.278,0.041,15.016,0.052,14.9,0.119,17.0248,0.000674,17.5925,0.005852,16.301,0.002742,14.572,0.03,14.371,0.05,12.083,,9.067,,Theia5222,562.3413251903492,Kounkel2020,5437.0,1.98109,0.95
79942249,2.9320389373567293e+18,104.939834507942,-20.7717409131286,0.395279,14.0103,14.821,0.05,14.472,0.114,13.488,0.026,13.337,0.025,13.29,0.03,14.3104,0.000216,14.5354,0.001008,13.9414,0.000802,13.244,0.026,13.244,0.032,12.146,,9.05,,Theia5222,562.3413251903492,Kounkel2020,7580.0,2.09632,1.76
79942833,2.9320986545831634e+18,104.950559829649,-20.5433669363701,0.389713,15.0641,16.397,0.044,15.544,0.058,14.38,0.026,14.176,0.033,14.098,0.048,15.4848,0.000503,15.8054,0.001824,14.9998,0.001308,14.037,0.025,14.261,0.038,12.678,,8.967,,Theia5222,562.3413251903492,Kounkel2020,6498.0,1.56647,1.33
80137584,2.9320491765584184e+18,105.176230649831,-20.581053770611,0.39733,13.7656,14.926,0.014,14.408,0.16,13.097,0.023,12.873,0.024,12.808,0.033,14.1788,0.000203,14.4997,0.000874,13.6933,0.000874,12.685,0.023,12.764,0.031,11.993,,8.999,,Theia5222,562.3413251903492,Kounkel2020,7181.0,2.74433,1.61
80137647,2.932049348357121e+18,105.138542256301,-20.56637748044,0.400662,16.0096,16.582,0.062,16.6962,0.0459,15.25,0.05,14.868,0.068,14.809,0.115,16.5112,0.000629,16.898,0.00533,15.9344,0.002401,,,,,,,,,Theia5222,562.3413251903492,Kounkel2020,6305.0,1.12527,1.24
80137753,2.9320524750932915e+18,105.131605242361,-20.5383319669962,0.350543,14.8186,15.946,0.031,15.507,0.332,14.163,0.03,13.946,0.032,13.851,0.047,15.2297,0.000342,15.5402,0.00246,14.7464,0.001165,13.829,0.027,13.882,0.043,12.63,,9.07,,Theia5222,562.3413251903492,Kounkel2020,6862.0,1.89638,1.49
80137814,2.9320528530503675e+18,105.179576425726,-20.520931715111,0.425377,15.7627,17.844,0.053,16.548,0.149,14.972,0.039,14.691,0.042,14.589,0.093,16.2822,0.00055,16.6916,0.003614,15.6946,0.002018,,,,,,,,,Theia5222,562.3413251903492,Kounkel2020,6005.0,1.23587,1.11
80137838,2.932053093568547e+18,105.145326336245,-20.5120560209261,0.392846,14.7221,15.788,0.038,15.253,0.137,14.104,0.04,13.844,0.049,13.74,0.047,15.1299,0.000368,15.4373,0.001815,14.6518,0.001246,13.544,0.025,13.597,0.033,11.975,,8.483,,Theia5222,562.3413251903492,Kounkel2020,6776.0,1.77833,1.45
80195682,2.932431016327918e+18,105.289839653368,-20.3596520177696,0.445654,16.3728,17.588,0.059,17.0876,0.0459,15.623,0.047,15.372,0.07,15.17,0.153,16.8915,0.000923,17.2972,0.005604,16.3017,0.00487,15.15,0.037,15.095,0.082,12.815,,9.171,,Theia5222,562.3413251903492,Kounkel2020,5752.0,0.916697,1.03
80390915,2.9324375103181005e+18,105.379016246963,-20.2977491684635,0.42352,15.7767,17.25,0.049,16.529,0.309,14.927,0.034,14.443,0.048,14.437,0.078,16.3617,0.000608,16.8463,0.003951,15.7173,0.002734,14.348,0.031,14.32,0.044,11.981,,8.784,,Theia5222,562.3413251903492,Kounkel2020,5525.0,1.40465,0.97
80038225,2.932047836528671e+18,105.119107585936,-20.5888550765419,0.38252,15.8582,18.315,0.042,16.664,1.133,15.024,0.023,14.717,0.029,14.682,0.09,16.4187,0.000601,16.8591,0.003804,15.7806,0.002812,,,,,,,,,Theia5222,562.3413251903492,Kounkel2020,6011.0,1.38616,1.11
80038226,2.9320505853078103e+18,105.023722049767,-20.5890183685527,0.358221,12.7026,14.188,0.046,13.728,0.114,11.642,0.029,11.15,0.023,11.006,0.024,13.3958,0.000186,14.0049,0.001172,12.6547,0.000634,10.919,0.024,10.949,0.022,10.977,0.112,8.611,,Theia5222,562.3413251903492,Kounkel2020,5205.0,8.1016,
80038229,2.932047836528669e+18,105.122844678636,-20.5894603538265,0.395768,14.926,13.744,0.061,15.355,0.161,14.114,0.05,13.902,0.079,13.768,0.096,15.3921,0.000387,15.7434,0.002336,14.847,0.002388,,,,,,,,,Theia5222,562.3413251903492,Kounkel2020,6541.0,1.75492,1.35
80038669,2.932039865069524e+18,105.098699034631,-20.7289958358021,0.420884,14.3063,15.22,0.025,14.812,0.183,13.71,0.029,13.543,0.032,13.474,0.038,14.6578,0.000257,14.9165,0.001329,14.2386,0.000678,13.324,0.024,13.358,0.029,12.649,,9.148,,Theia5222,562.3413251903492,Kounkel2020,6956.0,1.85786,1.52
80137407,2.9320474242118523e+18,105.125424648236,-20.6316563987579,0.369339,16.3046,18.844,0.059,17.1808,0.046,15.378,0.047,14.958,0.051,14.657,0.096,16.9145,0.000745,17.4006,0.008625,16.2219,0.003898,14.936,0.037,15.116,0.091,12.505,,8.979,,Theia5222,562.3413251903492,Kounkel2020,5491.0,1.30779,0.96
80137459,2.9320475573482726e+18,105.144709644159,-20.6150379465573,0.399343,15.1906,,,16.029,0.149,14.37,0.129,14.103,0.133,14.013,0.082,15.6603,0.000577,16.0046,0.003164,15.0962,0.002767,,,,,,,,,Theia5222,562.3413251903492,Kounkel2020,6779.0,1.54603,1.45
80137512,2.9320490391195044e+18,105.147357355475,-20.5992573962878,0.388615,14.0501,15.058,0.042,14.759,0.114,13.273,0.022,13.038,0.021,12.972,0.033,14.5078,0.00025,14.8636,0.001083,13.9752,0.00106,12.844,0.023,12.827,0.026,12.68,,8.732,,Theia5222,562.3413251903492,Kounkel2020,6943.0,2.62339,1.52
79944048,2.9325004573603226e+18,104.873730282993,-20.077282629772,0.511694,14.9821,17.165,0.049,15.925,0.275,14.171,0.034,13.944,0.03,13.792,0.054,15.4974,0.000401,15.9044,0.002518,14.9143,0.001306,13.705,0.057,13.652,0.06,12.518,,8.566,,Theia5222,562.3413251903492,Kounkel2020,6252.0,1.4532,1.21
80037904,2.932053608964633e+18,105.103368789591,-20.4952631434574,0.408814,16.4287,17.842,0.058,17.2088,0.0459,15.564,0.045,15.079,0.054,14.845,0.115,16.9853,0.000666,17.4392,0.006319,16.3686,0.002799,15.245,0.047,15.282,0.105,12.498,,8.46,,Theia5222,562.3413251903492,Kounkel2020,5793.0,1.02283,1.04
80037943,2.932053643324418e+18,105.050304395736,-20.5063152129071,0.346792,14.4737,15.552,0.006,15.025,0.092,13.83,0.03,13.627,0.027,13.503,0.043,14.8612,0.000255,15.1524,0.001305,14.4035,0.001207,13.491,0.024,13.465,0.031,12.2,,9.053,,Theia5222,562.3413251903492,Kounkel2020,6941.0,2.16816,1.52
80037992,2.932053368446516e+18,105.070600159693,-20.5261159020222,0.34731,16.2408,17.858,0.055,16.9486,0.0459,15.489,0.041,15.032,0.056,15.095,0.144,16.7553,0.000691,17.157,0.004688,16.1694,0.003108,14.988,0.036,15.668,0.138,12.132,,9.083,,Theia5222,562.3413251903492,Kounkel2020,6115.0,1.18328,1.15
80038010,2.932052681251721e+18,105.119757780527,-20.5299701240298,0.395976,16.0002,15.541,0.051,16.7569,0.0459,15.13,0.037,14.747,0.049,14.617,0.092,16.5434,0.000587,16.9692,0.004578,15.9253,0.002878,,,,,,,,,Theia5222,562.3413251903492,Kounkel2020,5890.0,1.23645,1.07
80038118,2.932052303294625e+18,105.122391793349,-20.5607056152854,0.390387,15.4053,15.157,0.044,15.898,0.149,14.634,0.027,14.397,0.043,14.383,0.085,15.8696,0.000456,16.2228,0.00309,15.329,0.001703,,,,,,,,,Theia5222,562.3413251903492,Kounkel2020,6583.0,1.42398,1.37
80038273,2.932047802169393e+18,105.102308127743,-20.5998269108868,0.412372,15.658,16.891,0.0,16.423,0.378,14.878,0.029,14.584,0.035,14.612,0.092,16.15,0.000481,16.5296,0.003269,15.5852,0.001878,14.341,0.028,14.416,0.049,12.641,,8.914,,Theia5222,562.3413251903492,Kounkel2020,6294.0,1.26691,1.23
80038756,2.93202801095982e+18,105.098176978211,-20.7619688924201,0.748096,14.5295,15.84,0.055,15.134,0.024,13.832,0.027,13.567,0.032,13.533,0.044,14.9792,0.000271,15.3245,0.001195,14.4651,0.001266,13.495,0.026,13.505,0.03,12.785,,9.254,,Theia5222,562.3413251903492,Kounkel2020,6194.0,1.1339,1.19
80038768,2.9320396932708946e+18,105.060221862213,-20.7676588470725,0.351174,15.1669,16.349,0.045,15.881,0.047,14.615,0.027,14.389,0.045,14.304,0.073,15.5733,0.000394,15.8767,0.001596,15.098,0.001313,14.238,0.027,14.343,0.048,12.584,,9.124,,Theia5222,562.3413251903492,Kounkel2020,6582.0,1.60886,1.37
80136657,2.932025915015872e+18,105.129095138813,-20.8856534174561,0.349039,15.0935,16.249,0.046,15.608,0.229,14.517,0.029,14.392,0.033,14.245,0.065,15.4616,0.000379,15.7323,0.001994,15.0254,0.00145,14.21,0.029,14.32,0.046,12.692,,8.947,,Theia5222,562.3413251903492,Kounkel2020,6792.0,1.57924,1.46
80137267,2.932035844979984e+18,105.244415468015,-20.6786774918609,0.381468,16.0336,16.685,0.051,16.6954,0.0459,15.337,0.036,14.947,0.047,14.897,0.117,16.5206,0.000601,16.9008,0.004157,15.9678,0.002438,,,,,,,,,Theia5222,562.3413251903492,Kounkel2020,6134.0,1.14873,1.16
80138909,2.93249069919436e+18,105.225769511452,-20.1206436937257,0.37895,12.4375,14.358,0.072,13.344,0.069,11.468,0.022,11.077,0.022,10.97,0.024,13.0726,0.000536,13.6136,0.001728,12.3847,0.001851,10.868,0.023,10.885,0.021,10.899,0.101,8.68,,Theia5222,562.3413251903492,Kounkel2020,5486.0,7.76633,
80195381,2.932479669718392e+18,105.2737445524,-20.2479300249487,0.393652,15.6923,15.462,0.061,16.317,0.195,14.905,0.049,14.524,0.044,14.381,0.087,16.2169,0.00054,16.6365,0.004648,15.629,0.002313,14.242,0.031,14.275,0.045,12.781,,9.057,,Theia5222,562.3413251903492,Kounkel2020,6078.0,1.3739,1.14
80196022,2.932425415690396e+18,105.253447718226,-20.4906295155799,0.391555,16.6858,18.133,0.077,17.4486,0.046,15.908,0.067,15.441,0.086,15.13,0.154,17.2325,0.000854,17.6751,0.007993,16.6241,0.005011,,,,,,,,,Theia5222,562.3413251903492,Kounkel2020,5807.0,0.931362,1.04
80038364,2.9320476303702973e+18,105.104114582643,-20.6304118053523,0.384519,15.2941,16.514,0.128,16.099,0.058,14.537,0.033,14.253,0.039,14.153,0.071,15.7852,0.000482,16.1633,0.004165,15.2188,0.001921,14.036,0.029,14.129,0.049,11.69,0.261,9.181,,Theia5222,562.3413251903492,Kounkel2020,6434.0,1.58259,1.3
80137099,2.932034195712632e+18,105.187028798889,-20.7254915686258,0.370251,13.8823,14.643,0.0,14.374,0.217,13.354,0.028,13.152,0.028,13.108,0.031,14.2011,0.000224,14.4373,0.001254,13.814,0.000949,13.052,0.025,13.081,0.032,12.585,0.525,8.735,,Theia5222,562.3413251903492,Kounkel2020,7333.0,2.42349,1.66
80137329,2.9320464621395927e+18,105.189835010502,-20.6540733379799,0.440391,15.9288,16.614,0.054,16.609,1.133,15.087,0.04,14.694,0.046,14.665,0.098,16.5079,0.000588,16.9692,0.004963,15.8528,0.002363,14.582,0.062,15.069,0.119,12.144,,7.926,,Theia5222,562.3413251903492,Kounkel2020,5597.0,1.2545,0.99
80137725,2.9320524063738163e+18,105.140499708154,-20.5466764929602,0.406868,13.4977,14.694,0.054,14.16,0.195,12.785,0.024,12.594,0.028,12.454,0.029,13.9378,0.000298,14.2747,0.001574,13.4298,0.001219,12.399,0.023,12.424,0.026,11.305,0.165,8.896,0.503,Theia5222,562.3413251903492,Kounkel2020,6543.0,3.17412,1.35
80137891,2.932053059208783e+18,105.176537258691,-20.4963558453948,0.416297,16.2336,16.403,0.065,16.9252,0.0459,15.573,0.054,15.043,0.051,14.989,0.132,16.7386,0.000662,17.1349,0.00487,16.1666,0.002992,,,,,,,,,Theia5222,562.3413251903492,Kounkel2020,6031.0,0.997105,1.12
80195900,2.932427271116198e+18,105.321682714245,-20.4447239905134,0.429765,14.3661,15.211,0.011,14.826,0.115,13.832,0.038,13.649,0.052,13.595,0.047,14.6927,0.000365,14.9313,0.001692,14.3005,0.00129,13.395,0.041,13.402,0.046,11.842,,8.44,0.434,Theia5222,562.3413251903492,Kounkel2020,7048.0,1.70848,1.56
80038404,2.932047218053464e+18,105.082751059896,-20.6439290610703,0.371863,15.3896,16.823,0.055,16.28,0.206,14.568,0.033,14.239,0.033,14.149,0.07,15.9136,0.000466,16.3271,0.002469,15.3195,0.003214,14.068,0.028,14.228,0.046,12.565,,8.469,,Theia5222,562.3413251903492,Kounkel2020,6272.0,1.64528,1.22
80038513,2.932046152901598e+18,105.101815770875,-20.6808735105562,0.398095,15.8618,17.583,0.049,16.23,1.133,15.069,0.034,14.822,0.058,14.875,0.126,16.3415,0.00057,16.7076,0.003961,15.7883,0.002552,,,,,,,,,Theia5222,562.3413251903492,Kounkel2020,6220.0,1.17249,1.2
80137281,2.932046359059966e+18,105.184118294282,-20.6742082552981,0.407414,16.1342,17.505,0.136,16.8467,0.046,15.444,0.129,14.964,0.211,14.895,0.149,16.6515,0.000815,17.0454,0.007158,16.0525,0.003617,,,,,,,,,Theia5222,562.3413251903492,Kounkel2020,6069.0,1.0846,1.13
80137300,2.93203611555239e+18,105.211329463562,-20.6658302701671,0.352465,12.5288,12.456,0.232,12.718,0.092,12.22,0.028,12.215,0.037,12.178,0.027,12.605,0.000232,12.6696,0.001903,12.4387,0.000481,,,,,,,,,Theia5222,562.3413251903492,Kounkel2020,10461.0,3.36854,2.7
80137479,2.9320482488455086e+18,105.178117666508,-20.6097024671008,0.386044,14.5376,15.628,0.033,15.109,0.092,13.852,0.024,13.633,0.03,13.605,0.04,14.9485,0.000297,15.268,0.001849,14.4628,0.001426,13.491,0.026,13.549,0.034,12.538,,8.904,,Theia5222,562.3413251903492,Kounkel2020,7301.0,1.97004,1.65
80137552,2.932049313997415e+18,105.127547187164,-20.5892094912639,0.418021,13.8695,15.096,0.045,14.709,0.137,13.086,0.028,12.812,0.028,12.647,0.031,14.3762,0.000223,14.7746,0.00105,13.8022,0.000922,12.456,0.023,12.502,0.027,11.725,0.221,8.734,0.361,Theia5222,562.3413251903492,Kounkel2020,6151.0,2.90529,1.17
80137693,2.9320524020697e+18,105.140537818539,-20.5555306655,0.420263,15.8633,17.353,0.058,16.6029,0.0459,15.013,0.045,14.832,0.059,14.646,0.091,16.3966,0.000578,16.8194,0.003942,15.7951,0.002473,,,,,,,,,Theia5222,562.3413251903492,Kounkel2020,5920.0,1.22733,1.08
79944143,2.932502106627746e+18,104.922934126626,-20.032839720128,0.236272,16.4994,17.831,0.064,17.4168,0.046,15.618,0.052,15.08,0.072,15.149,0.149,17.1322,0.000866,17.6631,0.006564,16.4412,0.003477,14.886,0.034,15.065,0.062,12.767,,9.178,,Theia5222,562.3413251903492,Kounkel2020,5786.0,1.71096,1.04
80037884,2.932053780763339e+18,105.076945645929,-20.4888462192771,0.342183,14.0547,14.741,0.0,14.634,0.115,13.395,0.038,13.204,0.043,13.103,0.049,14.4342,0.000218,14.7207,0.000851,13.9857,0.001299,12.903,0.024,12.891,0.029,12.171,0.33,9.045,,Theia5222,562.3413251903492,Kounkel2020,7023.0,2.62755,1.55
80038108,2.9320523376543703e+18,105.109219128789,-20.557971796141,0.348368,14.9217,16.611,-0.093,15.97,0.423,13.977,0.033,13.678,0.036,13.566,0.049,15.4048,0.007853,15.776,0.028308,14.8445,0.02376,13.693,0.026,13.738,0.039,12.242,,9.199,,Theia5222,562.3413251903492,Kounkel2020,6610.0,2.02472,1.38
80038172,2.932050860185642e+18,105.104946755953,-20.5738103947717,0.359519,14.3818,16.423,0.044,15.041,0.137,13.676,0.026,13.483,0.03,13.398,0.042,14.793,0.000238,15.1082,0.001172,14.3087,0.001539,13.298,0.024,13.363,0.029,12.376,0.403,8.82,,Theia5222,562.3413251903492,Kounkel2020,7080.0,2.26169,1.57
80038223,2.932050757106453e+18,105.090570657896,-20.5882948122019,0.360501,15.6587,16.942,0.0,16.437,1.133,14.961,0.029,14.728,0.045,14.681,0.102,16.1095,0.000506,16.4562,0.002815,15.5848,0.001689,14.722,0.035,15.403,0.111,12.65,,8.96,,Theia5222,562.3413251903492,Kounkel2020,6804.0,1.33328,1.46
80038234,2.9320507227467264e+18,105.081372814557,-20.5922457520084,0.358591,14.0181,14.908,0.029,14.491,0.149,13.429,0.024,13.248,0.029,13.216,0.031,14.3348,0.000198,14.5751,0.001287,13.9411,0.000792,13.165,0.025,13.203,0.03,12.409,,8.663,,Theia5222,562.3413251903492,Kounkel2020,7797.0,2.34671,1.85
80038297,2.932050482228611e+18,105.026078921668,-20.6074727631215,0.396696,15.6529,16.406,0.091,16.017,0.629,14.931,0.082,14.644,0.057,14.352,0.075,16.129,0.000541,16.4914,0.002864,15.5766,0.002223,,,,,,,,,Theia5222,562.3413251903492,Kounkel2020,6446.0,1.27835,1.31
80038313,2.93204773344948e+18,105.120625373609,-20.6117281734969,0.372235,12.5332,14.399,0.027,13.568,0.103,11.456,0.023,11.004,0.026,10.867,0.027,13.1795,0.000194,13.7286,0.000988,12.4778,0.000645,10.786,0.022,10.796,0.021,10.797,0.097,9.131,,Theia5222,562.3413251903492,Kounkel2020,5506.0,7.66822,
80038596,2.932046015462675e+18,105.090977449653,-20.7041705701909,0.384853,14.4483,15.889,0.019,15.316,0.309,13.673,0.027,13.416,0.027,13.255,0.031,14.9465,0.00026,15.3379,0.001807,14.3827,0.000993,13.221,0.024,13.29,0.026,12.756,,9.17,,Theia5222,562.3413251903492,Kounkel2020,6119.0,2.37867,1.15
80040228,2.928985765367209e+18,105.088617237436,-21.3217844642601,0.454327,13.6327,14.43,0.039,13.992,0.114,13.141,0.024,13.038,0.024,12.97,0.027,13.9287,0.000184,14.1488,0.000761,13.5741,0.000673,12.94,0.024,13.026,0.027,12.114,,9.066,,Theia5222,562.3413251903492,Kounkel2020,7216.0,2.17274,1.62
80137023,2.932033852115312e+18,105.129250206862,-20.7516786900282,0.350514,15.2398,15.749,0.05,16.003,0.218,14.623,0.035,14.324,0.051,14.186,0.069,15.6501,0.000396,15.9578,0.002047,15.1718,0.001296,,,,,,,,,Theia5222,562.3413251903492,Kounkel2020,6562.0,1.56799,1.36
80137155,2.932034092633419e+18,105.161847249339,-20.7109054499701,0.338532,14.6104,15.823,0.044,15.251,0.137,13.831,0.024,13.549,0.021,13.496,0.037,15.0599,0.000475,15.3942,0.001536,14.5313,0.0013,13.539,0.027,13.509,0.033,12.261,,9.135,,Theia5222,562.3413251903492,Kounkel2020,6495.0,2.2885,1.33
80137273,2.932046324700642e+18,105.161091448498,-20.6775466561217,0.480228,16.0202,16.467,0.065,16.557,1.133,15.229,0.054,14.741,0.054,14.586,0.09,16.5446,0.000661,16.9429,0.003974,15.9361,0.002781,,,,,,,,,Theia5222,562.3413251903492,Kounkel2020,5982.0,0.990848,1.1
80137332,2.9320464621391544e+18,105.188814573122,-20.6529946758873,0.447979,15.503,16.708,0.07,16.403,0.161,14.628,0.059,14.388,0.082,14.16,0.073,16.0492,0.000548,16.4817,0.00305,15.4317,0.001761,14.069,0.044,14.198,0.06,11.813,,8.427,,Theia5222,562.3413251903492,Kounkel2020,5787.0,1.40148,1.04
80039231,2.9320238534316667e+18,105.060021953826,-20.9466550996682,0.393291,15.397,16.433,0.052,16.03,0.252,14.796,0.038,14.6,0.04,14.643,0.095,15.8085,0.000461,16.1221,0.00231,15.334,0.00178,13.822,0.027,13.895,0.037,12.445,,9.002,,Theia5222,562.3413251903492,Kounkel2020,6544.0,1.31705,1.35
80039541,2.931995953323042e+18,105.070310294833,-21.0643949061899,0.275603,13.7076,15.948,0.041,14.722,0.16,12.587,0.028,12.062,0.026,11.904,0.021,14.4206,0.000265,15.059,0.001963,13.6557,0.001155,11.827,0.022,11.881,0.021,11.665,0.184,8.818,,Theia5222,562.3413251903492,Kounkel2020,4859.0,6.94065,
80135388,2.9289735676600253e+18,105.195962268194,-21.3278898838177,0.412552,13.6048,15.311,0.02,14.434,0.103,12.721,0.026,12.28,0.023,12.126,0.023,14.2043,0.00027,14.71,0.001195,13.5482,0.000977,12.059,0.023,12.106,0.022,12.279,0.378,8.957,,Theia5222,562.3413251903492,Kounkel2020,5301.0,4.06193,
80136841,2.932026774009267e+18,105.131728253333,-20.8162158900841,0.387783,15.3309,16.453,0.0,15.815,0.104,14.712,0.03,14.502,0.042,14.314,0.08,15.7382,0.000428,16.0418,0.002305,15.2627,0.001514,14.373,0.029,14.453,0.049,12.446,,9.069,,Theia5222,562.3413251903492,Kounkel2020,6501.0,1.3678,1.33
80136863,2.932029557139227e+18,105.227489974663,-20.808522150282,0.430421,11.2225,13.436,0.0,12.273,0.069,10.11,0.023,9.559,0.023,9.394,0.021,11.9332,0.000228,12.582,0.000849,11.1759,0.000616,9.302,0.023,9.384,0.02,9.245,0.037,8.574,,Theia5222,562.3413251903492,Kounkel2020,4740.0,14.7336,
80137015,2.932033852115305e+18,105.139580069385,-20.7536287297354,0.383407,16.3704,17.574,0.064,17.0678,0.0459,15.693,0.053,15.329,0.083,15.167,0.151,16.8789,0.000717,17.2781,0.00593,16.3032,0.002254,15.269,0.039,15.804,0.149,12.146,,8.795,,Theia5222,562.3413251903492,Kounkel2020,5908.0,1.03036,1.07
80137074,2.93203395519451e+18,105.132256526695,-20.7355523906026,0.388574,15.4188,16.52,-0.081,16.383,0.286,14.693,0.032,14.421,0.038,14.288,0.074,15.8713,0.000452,16.2166,0.002447,15.3501,0.001761,,,,,,,,,Theia5222,562.3413251903492,Kounkel2020,6321.0,1.40508,1.25
80137597,2.9320487986012616e+18,105.222222489794,-20.5777939334257,0.348915,14.7144,15.566,0.0,15.281,0.08,14.142,0.028,13.973,0.03,13.911,0.044,15.0796,0.000347,15.3577,0.002002,14.6415,0.001192,13.814,0.026,13.854,0.039,12.646,,9.097,,Theia5222,562.3413251903492,Kounkel2020,7354.0,1.86749,1.67
80137598,2.932049313997401e+18,105.127978777851,-20.57771218618,0.376982,14.3224,16.297,0.043,14.822,0.195,13.698,0.024,13.458,0.028,13.406,0.031,14.7097,0.000248,15.0034,0.001056,14.2483,0.000973,13.372,0.024,13.433,0.03,12.567,,9.033,,Theia5222,562.3413251903492,Kounkel2020,7187.0,2.15118,1.61
80137623,2.932049451436332e+18,105.14972058478,-20.5717381292951,,13.7926,14.616,0.032,14.181,0.126,13.065,0.029,12.814,0.028,12.756,0.033,14.188,0.001655,14.3534,0.007806,13.6027,0.007112,12.702,0.037,12.718,0.04,12.422,,8.524,,Theia5222,562.3413251903492,Kounkel2020,,,
80137697,2.9320524063738214e+18,105.143217703209,-20.5544898566595,0.401914,14.9712,16.922,0.045,15.783,0.332,14.178,0.028,13.834,0.037,13.705,0.044,15.5027,0.000346,15.9217,0.002074,14.9011,0.001676,13.664,0.025,13.742,0.043,11.183,0.135,8.712,,Theia5222,562.3413251903492,Kounkel2020,5956.0,1.90467,1.09
80137712,2.9320524063738204e+18,105.138421151948,-20.5503475223357,0.366573,16.4489,18.315,0.068,17.2674,0.046,15.612,0.057,15.11,0.062,14.908,0.119,17.0272,0.000814,17.4926,0.006479,16.3786,0.003482,14.996,0.032,15.392,0.096,11.644,0.244,9.058,,Theia5222,562.3413251903492,Kounkel2020,5740.0,1.15705,1.03
80196264,2.932048661162281e+18,105.269630386766,-20.5770179113692,0.391134,12.4347,14.602,0.025,13.482,0.114,11.303,0.024,10.791,0.022,10.641,0.021,13.1392,0.000228,13.7691,0.000976,12.3836,0.000747,10.553,0.022,10.606,0.021,10.645,0.1,9.135,,Theia5222,562.3413251903492,Kounkel2020,4876.0,8.94165,
80038343,2.9320476303702866e+18,105.108260867292,-20.6227815478363,0.409244,14.2815,16.582,0.044,15.093,0.069,13.485,0.026,13.27,0.026,13.156,0.03,14.7601,0.00028,15.129,0.002201,14.2094,0.000875,13.06,0.024,13.035,0.029,11.977,,9.01,0.535,Theia5222,562.3413251903492,Kounkel2020,6433.0,2.33247,1.3
80038638,2.932040071227952e+18,105.083096082499,-20.7162097646327,0.367501,14.0614,14.865,0.013,14.555,0.172,13.506,0.029,13.359,0.029,13.344,0.044,14.3693,0.000209,14.5982,0.000862,13.9927,0.001127,13.245,0.032,13.319,0.038,12.503,,8.58,,Theia5222,562.3413251903492,Kounkel2020,7461.0,2.21302,1.71
80134205,2.92891000214168e+18,105.230950067445,-21.747918985798,0.380223,15.3621,17.192,0.047,16.009,1.133,14.624,0.03,14.384,0.027,14.341,0.065,15.8111,0.000317,16.1569,0.001882,15.2987,0.001181,14.277,0.028,14.008,0.035,9.963,0.055,8.684,,Theia5222,562.3413251903492,Kounkel2020,6191.0,1.46809,1.19
80137019,2.9320338521153106e+18,105.131221791987,-20.7526909617745,0.430078,15.1914,15.06,0.048,15.657,0.286,14.519,0.032,14.328,0.049,14.262,0.064,15.5971,0.000392,15.8967,0.002096,15.12,0.001437,13.902,0.028,14.038,0.043,12.779,,8.858,,Theia5222,562.3413251903492,Kounkel2020,6551.0,1.31959,1.36
80137436,2.9320474929313065e+18,105.142292172813,-20.6218707732669,0.395347,13.9444,15.174,0.05,14.663,0.069,13.15,0.023,12.906,0.021,12.756,0.026,14.4263,0.000245,14.8046,0.001129,13.8733,0.000687,12.69,0.023,12.687,0.024,12.744,,9.225,,Theia5222,562.3413251903492,Kounkel2020,6721.0,2.81266,1.43
80137449,2.932048180126028e+18,105.197746234736,-20.6189191029549,0.334774,14.7788,17.198,0.044,15.496,0.126,14.01,0.026,13.757,0.024,13.638,0.047,15.2438,0.000363,15.6052,0.001817,14.6994,0.001132,13.577,0.027,13.537,0.035,11.921,0.251,8.881,,Theia5222,562.3413251903492,Kounkel2020,7056.0,2.17276,1.56
80137467,2.9320475616507715e+18,105.143212941486,-20.6122901475449,0.36027,13.7629,14.623,0.043,14.43,0.103,13.045,0.024,12.846,0.021,12.712,0.027,14.1765,0.000242,14.4984,0.001107,13.6841,0.000843,12.501,0.022,12.57,0.025,12.73,,9.241,,Theia5222,562.3413251903492,Kounkel2020,7422.0,3.01051,1.7
80137114,2.932034058273695e+18,105.15206145936,-20.7192217526161,0.386964,13.8112,14.615,0.042,14.264,0.16,13.241,0.024,13.127,0.021,13.154,0.035,14.1168,0.000209,14.341,0.001148,13.744,0.000905,12.952,0.061,12.946,0.06,11.967,,8.205,,Theia5222,562.3413251903492,Kounkel2020,7327.0,2.35942,1.66
80137243,2.932046118541841e+18,105.134630431104,-20.6867021510787,0.380166,14.5549,15.525,0.065,15.136,0.035,13.935,0.037,13.69,0.047,13.581,0.053,14.9314,0.000304,15.2045,0.001851,14.4802,0.001393,13.471,0.027,13.572,0.039,12.566,,9.196,,Theia5222,562.3413251903492,Kounkel2020,6828.0,1.88961,1.47
80137316,2.932046633937874e+18,105.160889338398,-20.6593613422029,0.376819,14.8084,17.403,0.042,15.378,0.047,14.183,0.022,14.025,0.038,13.888,0.063,15.1956,0.00035,15.4837,0.001716,14.7355,0.001319,,,,,,,,,Theia5222,562.3413251903492,Kounkel2020,6932.0,1.7235,1.51
80137431,2.9320481801260344e+18,105.193790573139,-20.6228663875588,0.383593,15.4574,17.682,0.064,16.187,1.133,14.589,0.053,14.265,0.075,14.126,0.078,15.9997,0.000495,16.432,0.002684,15.3861,0.001772,13.71,0.026,13.809,0.037,12.445,0.437,9.049,,Theia5222,562.3413251903492,Kounkel2020,6416.0,1.587,1.29
80137567,2.932049245277925e+18,105.138385596257,-20.5854383657028,0.427484,15.0713,16.627,0.049,15.63,0.549,14.434,0.033,14.131,0.024,14.038,0.057,15.4827,0.000367,15.7857,0.002905,14.989,0.002104,14.145,0.028,14.429,0.052,12.737,,9.044,,Theia5222,562.3413251903492,Kounkel2020,6959.0,1.40542,1.52
80137588,2.932049279638139e+18,105.146965895523,-20.5799761619243,0.359747,15.9708,16.107,0.057,16.6507,0.0459,15.25,0.044,14.895,0.05,14.74,0.098,16.4665,0.000575,16.8593,0.002465,15.8981,0.00207,,,,,,,,,Theia5222,562.3413251903492,Kounkel2020,6836.0,1.23902,1.48
80137618,2.9320493827168497e+18,105.161019311532,-20.572870942617,0.339782,13.0301,15.032,0.019,14.135,0.172,12.026,0.022,11.5,0.021,11.404,0.021,13.6923,0.000219,14.2611,0.000735,12.9808,0.000679,11.35,0.022,11.393,0.022,12.272,,9.064,,Theia5222,562.3413251903492,Kounkel2020,5756.0,6.64334,
80137738,2.932052440734068e+18,105.150539357282,-20.5426581131844,0.424108,14.2017,15.194,0.044,14.558,0.137,13.788,0.026,13.743,0.028,13.653,0.041,14.4079,0.000244,14.5611,0.001699,14.1298,0.001213,13.643,0.025,13.826,0.037,12.546,,8.577,,Theia5222,562.3413251903492,Kounkel2020,8264.0,1.59504,2.03
80137745,2.932049726314168e+18,105.223124720026,-20.540848504178,0.355989,13.0972,14.115,0.0,13.696,0.137,12.427,0.024,12.192,0.022,12.131,0.024,13.4832,0.000172,13.7766,0.000636,13.0239,0.00076,12.061,0.023,12.07,0.023,12.597,0.514,8.415,,Theia5222,562.3413251903492,Kounkel2020,7200.0,3.97047,1.61
80137859,2.9320530248496195e+18,105.180043602934,-20.5057593864099,0.333386,15.5967,17.131,0.051,16.108,0.687,14.919,0.036,14.659,0.04,14.616,0.101,16.0646,0.00049,16.4285,0.003038,15.5315,0.002133,14.515,0.031,14.62,0.055,12.722,0.499,8.675,,Theia5222,562.3413251903492,Kounkel2020,6328.0,1.52291,1.25
80137881,2.9320532310074824e+18,105.161443695539,-20.4991550155245,0.42073,15.3686,17.289,0.052,16.195,0.092,14.736,0.037,14.415,0.042,14.33,0.08,15.8118,0.000451,16.1506,0.002334,15.3014,0.001101,14.26,0.028,14.275,0.046,12.313,,9.12,,Theia5222,562.3413251903492,Kounkel2020,6428.0,1.31325,1.3
80138011,2.932429401420063e+18,105.168266880236,-20.4523452873869,0.408923,16.6399,17.897,0.079,17.4074,0.046,15.882,0.069,15.413,0.086,15.434,0.207,17.1893,0.000921,17.6312,0.006157,16.5749,0.004774,15.395,0.037,15.668,0.111,12.591,,8.834,,Theia5222,562.3413251903492,Kounkel2020,5752.0,0.92185,1.03
80139072,2.932503304916864e+18,105.135093823797,-20.0566683274436,0.592894,14.2624,15.583,0.038,14.851,0.069,13.497,0.043,13.216,0.032,13.187,0.033,14.7487,0.000531,15.1294,0.002411,14.1947,0.001451,13.047,0.032,13.075,0.036,12.188,,8.813,,Theia5222,562.3413251903492,Kounkel2020,6418.0,1.67619,1.29
80195926,2.932425793647456e+18,105.317711502625,-20.4531586248349,0.712853,15.7328,17.011,0.052,16.664,1.133,14.915,0.037,14.425,0.039,14.485,0.086,16.2752,0.000496,16.6963,0.004219,15.651,0.004854,14.234,0.03,14.265,0.047,12.414,,8.692,,Theia5222,562.3413251903492,Kounkel2020,5466.0,0.827286,0.96
80137502,2.9320483519247114e+18,105.185505201575,-20.6023963479996,0.420533,15.6058,16.182,-0.045,16.27,1.133,14.834,0.03,14.486,0.028,14.43,0.078,16.105,0.000518,16.4955,0.00255,15.535,0.001752,14.36,0.035,14.615,0.065,12.354,,8.577,,Theia5222,562.3413251903492,Kounkel2020,6432.0,1.27934,1.3
80137560,2.932049309691916e+18,105.130155353691,-20.5871945528432,0.383018,13.3536,14.711,0.206,14.117,0.114,12.463,0.03,12.18,0.03,12.056,0.03,13.9031,0.000548,14.3173,0.004166,13.2606,0.004292,11.924,0.024,11.919,0.024,11.838,0.273,8.758,,Theia5222,562.3413251903492,Kounkel2020,6060.0,4.2662,1.13
80137667,2.9320523032946207e+18,105.13079068187,-20.5608997981509,0.371479,13.3463,14.392,0.047,13.912,0.126,12.673,0.028,12.439,0.021,12.435,0.026,13.7316,0.000186,14.0269,0.001086,13.2746,0.000633,12.345,0.022,12.367,0.025,11.974,,8.975,,Theia5222,562.3413251903492,Kounkel2020,7232.0,3.40112,1.62
80137678,2.9320495888752404e+18,105.200014696923,-20.5589383599567,0.424255,16.3691,17.958,0.057,17.1133,0.046,15.589,0.044,15.192,0.068,14.961,0.131,16.9051,0.000779,17.3329,0.007391,16.3034,0.003253,15.185,0.036,15.496,0.1,11.836,,8.994,,Theia5222,562.3413251903492,Kounkel2020,5933.0,0.974615,1.08
80138267,2.932430397852379e+18,105.225816291912,-20.3649801086309,0.38894,15.7325,17.113,0.055,16.539,0.275,15.005,0.042,14.708,0.044,14.677,0.112,16.1892,0.000553,16.5409,0.003391,15.6662,0.002556,14.567,0.032,14.583,0.062,12.725,,9.025,,Theia5222,562.3413251903492,Kounkel2020,6315.0,1.22451,1.24
80195969,2.9324255144659507e+18,105.25502004753,-20.470898418278,0.43852,16.6089,18.271,0.063,17.387,0.0459,15.823,0.051,15.339,0.068,15.271,0.155,17.1642,0.000688,17.6146,0.005919,16.5458,0.004156,15.285,0.038,15.39,0.095,11.915,,9.114,,Theia5222,562.3413251903492,Kounkel2020,5622.0,0.891866,1.0
80137641,2.932049520155773e+18,105.200896749386,-20.5673338770308,0.440421,15.0632,16.388,0.049,15.738,0.103,14.425,0.033,14.197,0.04,14.009,0.054,15.4887,0.000778,15.81,0.002745,14.9947,0.002156,14.008,0.028,14.097,0.042,12.473,,9.092,0.535,Theia5222,562.3413251903492,Kounkel2020,6507.0,1.40831,1.33
80137671,2.932052406373827e+18,105.14122847874,-20.5594902635626,0.39712,12.4018,14.726,0.041,13.52,0.126,11.239,0.026,10.708,0.024,10.543,0.023,13.1408,0.000218,13.8132,0.000814,12.3549,0.000736,10.454,0.022,10.489,0.021,10.343,0.064,9.084,,Theia5222,562.3413251903492,Kounkel2020,4800.0,9.50134,
80137819,2.9320528874101176e+18,105.153622691784,-20.5190782424276,0.360315,15.2961,17.183,0.049,15.952,0.343,14.666,0.033,14.353,0.046,14.196,0.075,15.7403,0.000426,16.0827,0.002947,15.2284,0.001678,14.256,0.029,14.378,0.051,12.511,,9.289,,Theia5222,562.3413251903492,Kounkel2020,6616.0,1.56314,1.38
80194737,2.932493413613618e+18,105.268848248634,-20.0222495378188,0.322215,13.7004,14.876,0.026,14.258,0.137,12.994,0.026,12.778,0.026,12.703,0.031,14.1287,0.000789,14.4603,0.002973,13.6292,0.00183,12.61,0.023,12.612,0.026,12.024,0.278,9.065,,Theia5222,562.3413251903492,Kounkel2020,6983.0,3.5065,1.53
80287956,2.928993839906955e+18,105.46274745161,-21.3333584819061,0.561867,16.0154,17.084,0.055,16.8063,0.0459,15.144,0.042,14.627,0.06,14.601,0.107,16.5776,0.000523,17.0045,0.004021,15.92,0.003417,14.335,0.028,14.6,0.046,12.497,,9.159,,Theia5222,562.3413251903492,Kounkel2020,5467.0,0.941586,0.96
80389592,2.932030897178076e+18,105.416404368863,-20.7582267788479,0.300797,15.6925,14.427,0.051,16.323,0.0459,14.969,0.037,14.621,0.038,14.619,0.09,16.1604,0.0005,16.5224,0.003099,15.6269,0.001594,14.561,0.055,14.647,0.083,12.444,,8.677,,Theia5222,562.3413251903492,Kounkel2020,6177.0,1.60492,1.18
80390199,2.932412565148216e+18,105.388943130414,-20.5460377763462,0.392904,14.3284,12.064,0.052,14.605,0.16,13.761,0.038,13.527,0.029,13.575,0.041,14.6496,0.00026,14.8825,0.001061,14.2581,0.001144,,,,,,,,,Theia5222,562.3413251903492,Kounkel2020,7207.0,1.87382,1.62
80196130,2.932424281819055e+18,105.269222541102,-20.5329260098339,0.375016,15.7379,17.466,0.052,16.329,0.059,15.05,0.038,14.729,0.044,14.673,0.092,16.2025,0.00055,16.5634,0.002067,15.6727,0.001972,,,,,,,,,Theia5222,562.3413251903492,Kounkel2020,6348.0,1.27806,1.26
80196436,2.932036394735737e+18,105.284336559658,-20.6452076640546,0.366334,14.8119,15.201,-0.031,15.163,0.16,14.226,0.023,14.063,0.022,14.062,0.048,15.1489,0.000477,15.3994,0.001816,14.7365,0.001956,13.863,0.025,14.002,0.035,12.79,,9.047,,Theia5222,562.3413251903492,Kounkel2020,7443.0,1.64142,1.71
80196780,2.93203141257374e+18,105.355895219451,-20.7610549846551,0.415705,15.6879,16.977,0.058,16.2711,0.0459,15.077,0.045,14.71,0.039,14.545,0.097,16.1262,0.000476,16.4599,0.00266,15.6221,0.002008,14.603,0.032,14.691,0.06,12.368,,9.0,,Theia5222,562.3413251903492,Kounkel2020,6274.0,1.14841,1.22
80287378,2.9289164274125885e+18,105.472955675184,-21.5527413783007,0.589644,16.4409,17.093,0.07,17.0998,0.0459,15.698,0.06,15.2,0.06,15.2,0.169,16.9263,0.000529,17.2616,0.007512,16.3324,0.003774,15.148,0.033,15.069,0.075,12.833,,8.86,,Theia5222,562.3413251903492,Kounkel2020,5847.0,0.644293,1.06
80390215,2.9324127713066445e+18,105.383811051656,-20.5403410724932,0.44872,14.3579,15.403,0.0,14.895,0.137,13.772,0.03,13.555,0.023,13.454,0.038,14.7513,0.000278,15.0462,0.001331,14.2915,0.001182,13.376,0.026,13.43,0.034,12.251,0.367,9.116,,Theia5222,562.3413251903492,Kounkel2020,6675.0,1.82026,1.41
80390314,2.9324141800558515e+18,105.463140916248,-20.5011375464705,0.429749,15.459,16.509,0.0,16.047,0.469,14.817,0.027,14.505,0.031,14.563,0.081,15.8773,0.000453,16.1924,0.002694,15.3937,0.001678,14.461,0.028,14.686,0.052,12.744,,9.035,,Theia5222,562.3413251903492,Kounkel2020,6353.0,1.19471,1.26
746174648,2.9320397276306043e+18,105.075107107624,-20.7478558475422,0.358054,14.5635,,,15.0108,0.0459,,,,,,,14.9108,0.000276,15.1647,0.001334,14.4945,0.000901,,,,,,,,,Theia5222,562.3413251903492,Kounkel2020,6983.0,1.90566,1.53
80196365,2.9320484206441533e+18,105.256852953284,-20.6136765217686,0.423061,15.1836,16.437,0.037,16.077,0.183,14.518,0.03,14.26,0.036,14.218,0.069,15.6093,0.000455,15.9306,0.001885,15.1109,0.002674,14.196,0.029,14.202,0.049,11.923,0.286,8.794,,Theia5222,562.3413251903492,Kounkel2020,6720.0,1.38264,1.43
80388669,2.929013837274459e+18,105.41411702854,-21.0749751703118,0.445373,14.4693,16.434,0.044,15.356,0.069,13.623,0.026,13.162,0.022,13.013,0.027,15.0575,0.000327,15.5476,0.00244,14.4086,0.001209,12.936,0.024,13.001,0.026,12.211,,8.77,,Theia5222,562.3413251903492,Kounkel2020,5309.0,2.49983,
80389421,2.92902730629157e+18,105.484849838028,-20.8175747708123,0.742779,14.8907,16.259,0.008,15.501,0.103,14.158,0.027,13.809,0.03,13.713,0.04,15.3682,0.000335,15.7422,0.002129,14.8285,0.001067,13.778,0.026,13.787,0.036,12.785,,9.161,,Theia5222,562.3413251903492,Kounkel2020,5785.0,1.03249,1.04
746177536,2.932050997624635e+18,105.057377195249,-20.576483206889,0.395451,16.309,,,17.0389,0.046,,,,,,,16.8365,0.000662,17.2443,0.008352,16.231,0.003031,,,,,,,,,Theia5222,562.3413251903492,Kounkel2020,6101.0,1.04125,1.15
80286950,2.928902477347908e+18,105.501679951726,-21.708229034725,0.43559,15.4893,16.742,0.028,16.03,0.081,14.749,0.038,14.377,0.03,14.279,0.061,15.9609,0.000841,16.285,0.002127,15.3831,0.001353,14.309,0.03,14.509,0.058,12.023,,9.052,,Theia5222,562.3413251903492,Kounkel2020,5968.0,1.28595,1.09
80457890,2.9324068957915607e+18,105.519169482262,-20.684129958455,0.584152,15.2774,16.382,0.033,16.129,0.172,14.513,0.033,14.236,0.045,14.095,0.057,15.766,0.000431,16.1477,0.001867,15.2121,0.001298,14.11,0.028,14.237,0.043,12.143,,9.027,,Theia5222,562.3413251903492,Kounkel2020,5812.0,1.10517,1.05
80137942,2.9320540556412e+18,105.134917704223,-20.4751434679787,0.377014,15.2769,16.622,-0.079,16.176,0.275,14.614,0.036,14.395,0.04,14.38,0.075,15.7053,0.00039,16.0333,0.002718,15.2107,0.001337,14.281,0.03,14.27,0.05,12.702,0.497,8.915,,Theia5222,562.3413251903492,Kounkel2020,6594.0,1.48098,1.38
80196092,2.932425140812499e+18,105.272578044208,-20.5155575097137,0.349764,16.6529,18.405,0.075,17.4144,0.046,15.762,0.065,15.329,0.066,15.441,0.183,17.1989,0.000813,17.6429,0.00729,16.5935,0.004847,15.338,0.04,16.316,0.225,12.855,,9.1,,Theia5222,562.3413251903492,Kounkel2020,5881.0,1.03537,1.07
80457879,2.932406895791559e+18,105.530863317437,-20.6799367543186,0.32924,15.5025,16.959,0.082,16.2,1.133,14.795,0.032,14.382,0.037,14.445,0.08,16.0226,0.000483,16.4413,0.002615,15.4425,0.001549,14.259,0.029,14.465,0.053,12.293,,8.6,,Theia5222,562.3413251903492,Kounkel2020,6144.0,1.74607,1.17
80198022,2.9290146619082435e+18,105.300724944241,-21.0553435164486,0.614204,16.1423,17.907,0.055,16.9519,0.0459,15.25,0.041,14.887,0.042,14.663,0.112,16.7147,0.000634,17.1899,0.005046,16.0835,0.002278,14.699,0.033,14.75,0.059,12.888,,8.886,,Theia5222,562.3413251903492,Kounkel2020,5372.0,0.839272,0.93
80389707,2.9320320310489697e+18,105.378246930339,-20.7180220922195,0.379754,14.6739,15.536,0.079,15.069,0.047,14.181,0.033,13.942,0.033,14.034,0.061,15.0077,0.000526,15.2409,0.001749,14.5974,0.002044,13.791,0.027,13.826,0.041,12.484,,9.272,,Theia5222,562.3413251903492,Kounkel2020,6990.0,1.68451,1.54
746176526,2.9320472524132045e+18,105.061894863414,-20.6335101233399,0.446305,16.4114,,,17.1664,0.046,,,,,,,16.9536,0.000779,17.3814,0.006808,16.3394,0.003489,,,,,,,,,Theia5222,562.3413251903492,Kounkel2020,5947.0,0.915516,1.09
80457204,2.9324171349935365e+18,105.621159090247,-20.4482165923857,0.313407,16.558,17.696,0.067,17.3206,0.046,15.686,0.056,15.325,0.064,15.291,0.188,17.1045,0.000843,17.5521,0.007104,16.5013,0.003576,,,,,,,,,Theia5222,562.3413251903492,Kounkel2020,6061.0,1.17646,1.13
80196208,2.9324123246300867e+18,105.335725819671,-20.5566615131644,0.382375,14.0765,14.942,0.046,14.521,0.229,13.511,0.024,13.372,0.022,13.242,0.034,14.3941,0.000272,14.626,0.001233,14.0078,0.000926,13.217,0.025,13.251,0.034,12.687,0.498,9.241,,Theia5222,562.3413251903492,Kounkel2020,7237.0,2.14725,1.63
80196919,2.932029591507728e+18,105.252795920816,-20.8085795121,0.350061,12.9539,13.689,0.033,13.455,0.103,12.393,0.026,12.243,0.022,12.137,0.029,13.2784,0.0004,13.518,0.002145,12.8901,0.001052,12.125,0.024,12.124,0.024,12.076,0.309,8.412,,Theia5222,562.3413251903492,Kounkel2020,7099.0,3.94482,1.58
80275366,2.9289074251612795e+18,105.284518995716,-21.7414479903508,0.5057,12.742,14.393,-0.014,13.585,0.092,11.802,0.028,11.333,0.031,11.211,0.026,13.3607,0.000145,13.8942,0.000711,12.6823,0.000464,11.068,0.023,11.123,0.022,11.556,0.21,9.221,,Theia5222,562.3413251903492,Kounkel2020,4947.0,5.34003,
746177085,2.9320494857960463e+18,105.161805996636,-20.5504863981558,0.381173,15.2057,,,15.8358,0.0459,,,,,,,15.672,0.000957,16.0127,0.004927,15.1134,0.003928,,,,,,,,,Theia5222,562.3413251903492,Kounkel2020,6669.0,1.59809,1.41
80458386,2.929399147378532e+18,105.605241954972,-20.8526215282589,0.394746,13.5062,14.286,0.02,13.936,0.126,12.987,0.026,12.825,0.024,12.844,0.03,13.7986,0.000264,14.0133,0.001048,13.4386,0.000865,12.76,0.024,12.794,0.028,12.142,,9.039,,Theia5222,562.3413251903492,Kounkel2020,7456.0,2.61382,1.71
79639056,2.932007876152173e+18,104.523428750893,-21.0383365797156,0.660529,15.4237,16.891,-0.063,16.183,0.286,14.566,0.032,14.136,0.036,14.103,0.06,15.9798,0.001248,16.4276,0.006258,15.3554,0.00407,14.03,0.027,14.045,0.042,12.541,,8.98,,Theia5222,562.3413251903492,Kounkel2020,5482.0,1.04169,0.96
79694468,2.9320056084097065e+18,104.66384127619,-21.0360359119789,0.50136,15.8752,17.472,0.049,16.334,0.263,15.019,0.034,14.627,0.048,14.476,0.079,16.4352,0.000687,16.8895,0.004605,15.8119,0.003249,14.568,0.029,14.643,0.058,12.179,,8.639,,Theia5222,562.3413251903492,Kounkel2020,5709.0,1.09267,1.02
79695071,2.9320656005143926e+18,104.691310305423,-20.7939533613418,0.471795,15.6055,17.159,0.125,16.606,1.133,14.812,0.038,14.48,0.051,14.461,0.083,16.1072,0.0006,16.5017,0.00289,15.5399,0.002184,14.351,0.03,14.38,0.053,12.26,,9.151,,Theia5222,562.3413251903492,Kounkel2020,6057.0,1.16913,1.13
79778258,2.932312750110872e+18,104.739592312728,-20.0891832619247,0.454629,15.5748,17.042,0.051,16.124,0.047,14.762,0.036,14.404,0.023,14.283,0.073,16.1088,0.000535,16.5353,0.003381,15.5093,0.001977,14.29,0.027,14.448,0.046,12.105,,9.029,,Theia5222,562.3413251903492,Kounkel2020,6086.0,1.28448,1.14
80389886,2.932407342468157e+18,105.503596018317,-20.6502958752592,0.229164,14.1075,15.159,0.035,14.629,0.069,13.417,0.024,13.247,0.027,13.167,0.034,14.5017,0.00026,14.8052,0.001196,14.0325,0.000846,13.094,0.025,13.101,0.028,12.472,,9.093,0.499,Theia5222,562.3413251903492,Kounkel2020,7322.0,3.7339,1.66
80457985,2.9294040608210504e+18,105.50920121463,-20.7180094598837,0.349202,15.6249,15.323,0.055,16.35,1.133,15.047,0.042,14.793,0.045,14.74,0.106,16.0375,0.000499,16.351,0.003114,15.559,0.00155,14.608,0.044,14.81,0.078,12.691,,8.849,,Theia5222,562.3413251903492,Kounkel2020,6634.0,1.32405,1.39
80457304,2.9324139051778964e+18,105.526557355383,-20.4772655697747,0.439174,16.6739,17.892,0.067,17.4064,0.0459,15.907,0.056,15.522,0.074,15.429,0.197,17.203,0.000854,17.6292,0.004168,16.6132,0.004069,15.543,0.045,15.609,0.117,12.644,,8.95,,Theia5222,562.3413251903492,Kounkel2020,5817.0,0.816474,1.05
80458016,2.929403785943138e+18,105.532955458877,-20.7291809813,0.403257,16.1144,17.276,0.055,16.7368,0.0459,15.381,0.041,15.268,0.068,15.255,0.16,16.5773,0.000639,16.936,0.003352,16.0503,0.003101,15.044,0.034,15.152,0.076,12.198,,9.042,,Theia5222,562.3413251903492,Kounkel2020,6197.0,1.00969,1.19
80459111,2.929006896607268e+18,105.52580976704,-21.1106121901329,0.704369,16.2308,17.581,0.227,16.542,0.05,15.394,0.047,14.905,0.056,14.937,0.118,16.8159,0.000619,17.3058,0.006505,16.1693,0.00307,14.862,0.033,15.0,0.073,12.889,,9.051,,Theia5222,562.3413251903492,Kounkel2020,5171.0,0.7327,0.88
80459693,2.928946870142003e+18,105.588507192254,-21.3343396577357,0.27231,16.2451,16.081,0.072,17.0025,0.0459,15.398,0.062,14.941,0.067,15.134,0.155,16.7887,0.00054,17.2169,0.004245,16.1722,0.002275,14.662,0.033,14.876,0.073,12.628,,8.939,,Theia5222,562.3413251903492,Kounkel2020,5800.0,1.53522,1.04
79941692,2.931999973412449e+18,104.93425377087,-20.9965325447439,0.292784,16.1454,,,16.8351,0.0459,15.381,0.045,14.997,0.066,14.992,0.137,16.6489,0.000742,17.0495,0.003325,16.0826,0.002905,,,,,,,,,Theia5222,562.3413251903492,Kounkel2020,6265.0,1.3933,1.22
79942231,2.932041445617665e+18,104.890129360808,-20.7760730156965,0.421348,15.9242,17.417,0.051,16.53,1.133,15.284,0.036,14.866,0.047,14.926,0.124,16.4005,0.000588,16.7703,0.003655,15.8571,0.001807,14.886,0.034,15.157,0.083,12.789,,9.179,,Theia5222,562.3413251903492,Kounkel2020,6278.0,1.07614,1.23
79942824,2.932098723302653e+18,104.920124226585,-20.5463762420786,0.37161,13.3123,14.553,0.044,13.919,0.137,12.614,0.027,12.329,0.027,12.256,0.024,13.7684,0.000202,14.1227,0.000924,13.2456,0.000961,12.169,0.023,12.188,0.023,12.014,0.286,8.984,,Theia5222,562.3413251903492,Kounkel2020,6566.0,3.84615,1.36
80037048,2.9324837585272986e+18,105.108064834032,-20.2117878409567,0.416785,15.5086,15.02,0.057,16.194,0.401,14.765,0.045,14.526,0.066,14.335,0.069,15.9659,0.000442,16.3167,0.002771,15.4414,0.001999,,,,,,,,,Theia5222,562.3413251903492,Kounkel2020,6281.0,1.27417,1.23
80037238,2.932478845084745e+18,105.110905607891,-20.2702216934522,0.411166,15.7636,15.328,0.057,16.313,1.133,15.015,0.045,14.667,0.054,14.641,0.088,16.2403,0.000533,16.6133,0.003423,15.7003,0.002305,,,,,,,,,Theia5222,562.3413251903492,Kounkel2020,6173.0,1.18887,1.18
80037259,2.9324816625833083e+18,105.080234795517,-20.2784757405923,0.410378,14.4065,15.393,0.068,15.024,0.114,13.815,0.026,13.624,0.033,13.572,0.03,14.7577,0.000282,15.0215,0.001871,14.3364,0.001004,13.547,0.025,13.558,0.037,12.386,,8.67,,Theia5222,562.3413251903492,Kounkel2020,7241.0,1.81533,1.63
80037895,2.932053918202269e+18,105.115629474414,-20.4927178152613,0.374374,14.521,15.511,0.025,14.995,0.126,13.892,0.024,13.682,0.03,13.597,0.038,14.8862,0.00028,15.1606,0.001173,14.4512,0.000928,13.621,0.026,13.712,0.039,12.792,,9.032,,Theia5222,562.3413251903492,Kounkel2020,7118.0,1.91332,1.58
80390265,2.932412874385849e+18,105.381156856806,-20.5216911215391,0.460404,16.6578,18.031,0.069,17.4515,0.0459,15.818,0.058,15.373,0.096,15.17,0.148,17.2219,0.000783,17.6858,0.006393,16.5991,0.003487,15.363,0.043,15.723,0.133,12.852,,8.796,,Theia5222,562.3413251903492,Kounkel2020,5600.0,0.845291,0.99
80038120,2.9320510663440773e+18,105.080011877825,-20.5611631840116,0.411546,11.9685,13.854,0.042,12.948,0.092,10.924,0.023,10.408,0.024,10.299,0.028,12.6436,0.000173,13.2364,0.00086,11.921,0.000664,10.175,0.022,10.24,0.021,10.075,0.053,8.982,,Theia5222,562.3413251903492,Kounkel2020,5164.0,9.79871,
80038171,2.932050860185649e+18,105.095126883682,-20.5735254474071,0.351976,14.64,15.527,0.049,15.21,0.069,13.922,0.033,13.696,0.032,13.614,0.05,15.0772,0.000442,15.4124,0.002371,14.5654,0.001598,13.489,0.026,13.622,0.035,12.489,,8.63,,Theia5222,562.3413251903492,Kounkel2020,6913.0,2.12789,1.51
80038383,2.9320500999659034e+18,105.038895615238,-20.6364622004873,0.387424,13.6988,14.637,0.024,14.209,0.115,13.097,0.026,12.927,0.027,12.831,0.035,14.0435,0.000243,14.3046,0.001247,13.6285,0.000971,12.805,0.024,12.827,0.027,12.724,,8.936,,Theia5222,562.3413251903492,Kounkel2020,7382.0,2.62391,1.68
80038538,2.9320411363801574e+18,105.035465068564,-20.6890903354407,0.431957,15.9791,17.326,0.055,16.7577,0.0459,15.139,0.042,14.766,0.048,14.569,0.084,16.5349,0.000629,16.985,0.003549,15.9161,0.002062,14.684,0.033,14.728,0.059,12.773,,8.638,,Theia5222,562.3413251903492,Kounkel2020,5889.0,1.17374,1.07
80039729,2.9289928778328586e+18,105.1091239566,-21.1340084694982,0.477415,13.7935,15.049,0.037,14.427,0.103,13.146,0.024,12.86,0.023,12.803,0.032,14.235,0.000225,14.5753,0.00102,13.7322,0.000839,12.775,0.024,12.781,0.024,11.94,,9.045,,Theia5222,562.3413251903492,Kounkel2020,6171.0,2.41763,1.18
80039880,2.9289913316446817e+18,105.116190371059,-21.1908154349549,0.578328,14.5864,15.531,0.06,15.365,0.858,13.94,0.029,13.529,0.029,13.456,0.041,15.0536,0.000335,15.4125,0.001513,14.5186,0.001833,13.365,0.025,13.332,0.03,12.21,,9.142,,Theia5222,562.3413251903492,Kounkel2020,6125.0,1.45667,1.16
80041162,2.9289583462962755e+18,105.115614078007,-21.6694601027665,0.317776,15.1105,,,15.697,0.092,14.389,0.03,14.003,0.051,13.947,0.06,15.6074,0.00031,15.9976,0.001476,15.0454,0.00111,,,,,,,,,Theia5222,562.3413251903492,Kounkel2020,6020.0,2.09608,1.11
80135619,2.9289870710371057e+18,105.23435415045,-21.2523263958621,0.454219,14.7725,15.781,0.029,15.239,0.137,14.224,0.029,13.947,0.035,13.869,0.051,15.1662,0.000309,15.4605,0.001566,14.7061,0.001194,13.8,0.027,13.787,0.039,11.86,0.227,8.344,,Theia5222,562.3413251903492,Kounkel2020,6632.0,1.49016,1.39
80137132,2.9320344018710487e+18,105.189092004035,-20.7140860956465,0.431163,14.9244,15.777,0.058,15.617,0.058,14.324,0.032,14.09,0.042,14.028,0.064,15.2976,0.000925,15.5735,0.00351,14.8558,0.00263,13.848,0.026,13.879,0.037,12.611,,9.102,,Theia5222,562.3413251903492,Kounkel2020,6821.0,1.41428,1.47
80137286,2.932046187261309e+18,105.125544239828,-20.6705112697996,0.435378,15.0013,16.145,0.011,15.582,0.069,14.346,0.024,14.147,0.043,14.099,0.07,15.392,0.000384,15.6842,0.001383,14.9306,0.001396,14.12,0.029,14.375,0.053,12.876,,8.89,,Theia5222,562.3413251903492,Kounkel2020,6875.0,1.38504,1.49
80137345,2.932046702657345e+18,105.152195654786,-20.6492891524801,0.377447,12.6029,,,13.822,0.114,11.404,0.023,10.898,0.021,10.692,0.021,13.3547,0.000161,14.0421,0.00096,12.5556,0.00064,10.497,0.022,10.574,0.021,10.497,0.099,8.995,,Theia5222,562.3413251903492,Kounkel2020,4756.0,9.31076,
80137356,2.93204663393786e+18,105.160313043601,-20.6457943650555,0.383907,15.5393,15.862,0.044,16.4,1.133,14.653,0.026,14.365,0.028,14.224,0.071,16.0929,0.000644,16.5316,0.004985,15.4671,0.002346,13.918,0.027,14.073,0.035,12.175,0.335,8.522,,Theia5222,562.3413251903492,Kounkel2020,5834.0,1.59848,1.05
80137456,2.9320475616507725e+18,105.146649431261,-20.6158762732565,0.38776,11.3745,14.018,0.045,12.668,0.057,10.088,0.028,9.394,0.021,9.246,0.023,12.2112,0.0002,13.006,0.000953,11.3477,0.000454,9.089,0.022,9.144,0.021,9.061,0.028,8.504,0.305,Theia5222,562.3413251903492,Kounkel2020,4708.0,18.2115,
80137685,2.93204945143632e+18,105.150629335212,-20.557577880426,0.373325,12.928,14.058,0.03,13.578,0.137,12.21,0.024,12.0,0.024,11.893,0.021,13.3519,0.00017,13.6796,0.00086,12.8567,0.000625,11.819,0.023,11.854,0.024,11.032,0.15,9.109,,Theia5222,562.3413251903492,Kounkel2020,7011.0,4.34042,1.54
80137768,2.9320497606738995e+18,105.225860256598,-20.5317165933259,0.403258,13.3085,14.352,0.0,13.901,0.16,12.756,0.026,12.528,0.028,12.426,0.026,13.699,0.000479,13.9983,0.002101,13.2466,0.001292,12.385,0.023,12.417,0.024,12.598,,8.628,,Theia5222,562.3413251903492,Kounkel2020,6810.0,3.23832,1.47
80137882,2.9320531622880246e+18,105.125850889636,-20.4990608570825,0.411756,14.6584,15.559,0.0,15.052,0.15,14.16,0.033,13.922,0.037,13.743,,15.009,0.0003,15.2732,0.00194,14.592,0.000991,13.715,0.026,13.71,0.037,12.716,,9.198,,Theia5222,562.3413251903492,Kounkel2020,7150.0,1.61065,1.59
80138059,2.932429504499272e+18,105.156379279957,-20.4354600862811,0.437907,14.748,15.912,0.0,15.436,0.058,14.074,0.026,13.791,0.034,13.746,0.044,15.1989,0.000298,15.5459,0.002096,14.6812,0.001434,13.717,0.028,13.716,0.035,12.225,,8.727,,Theia5222,562.3413251903492,Kounkel2020,6445.0,1.69837,1.31
80195768,2.9324306040108e+18,105.291125380011,-20.3956086386262,0.364807,15.9527,15.563,0.056,16.268,0.241,15.002,0.043,14.588,0.051,14.395,0.09,16.4431,0.001024,16.7317,0.009102,15.7922,0.012042,14.216,0.028,14.28,0.047,12.808,,8.941,,Theia5222,562.3413251903492,Kounkel2020,6077.0,1.24942,1.14
80197091,2.929025760103512e+18,105.353286577824,-20.878964640046,0.404186,16.6021,17.44,0.071,17.2834,0.0459,15.762,0.061,15.45,0.089,14.994,0.136,17.101,0.000824,17.4945,0.006419,16.5386,0.003625,15.407,0.042,15.771,0.132,12.735,,9.085,,Theia5222,562.3413251903492,Kounkel2020,5835.0,0.877234,1.05
80390591,2.932427752152772e+18,105.379783638975,-20.4140030671906,0.433625,14.8066,15.705,0.006,15.387,0.138,14.249,0.03,14.041,0.022,13.909,0.064,15.1687,0.000317,15.436,0.001645,14.7409,0.001303,13.943,0.03,14.045,0.042,12.636,,8.55,,Theia5222,562.3413251903492,Kounkel2020,6797.0,1.46017,1.46
80391413,2.9324413929688955e+18,105.478995947967,-20.1186639415667,0.205016,16.3303,18.119,0.056,17.2132,0.046,15.395,0.043,15.004,0.05,14.934,0.131,16.9444,0.001041,17.4504,0.005781,16.2658,0.004505,14.892,0.036,14.915,0.079,12.075,,8.977,,Theia5222,562.3413251903492,Kounkel2020,5865.0,1.95285,1.06
746177075,2.932049451436327e+18,105.149553695877,-20.564937030279,0.364839,14.2153,,,14.7759,0.0459,,,,,,,14.6349,0.000369,14.9211,0.003294,14.0965,0.009104,,,,,,,,,Theia5222,562.3413251903492,Kounkel2020,7374.0,2.43782,1.68
80457347,2.932419505815243e+18,105.56351339285,-20.4913722801542,0.427696,16.3219,,,17.188,0.046,15.463,0.052,15.04,0.062,14.685,0.101,16.9262,0.000815,17.4308,0.008484,16.263,0.003317,,,,,,,,,Theia5222,562.3413251903492,Kounkel2020,5484.0,1.12885,0.96
80458170,2.9294000750913823e+18,105.619615929641,-20.7783358257859,0.854492,14.3615,15.937,0.044,14.899,0.103,13.687,0.026,13.407,0.024,13.401,0.035,14.8056,0.000277,15.1484,0.001288,14.3007,0.000724,13.334,0.025,13.378,0.031,12.132,,9.025,,Theia5222,562.3413251903492,Kounkel2020,6069.0,1.07441,1.13
80556749,2.9290089925511014e+18,105.674818942008,-21.0207951763422,0.351195,14.6164,15.647,0.011,15.048,0.126,14.005,0.034,13.783,0.036,13.723,0.05,15.009,0.00025,15.302,0.001377,14.5441,0.000922,13.677,0.026,13.615,0.034,12.701,,9.012,,Theia5222,562.3413251903492,Kounkel2020,6893.0,2.02257,1.5
80556989,2.9290107105379364e+18,105.662516933669,-20.9361545709656,0.412326,15.1625,16.737,0.047,15.745,0.126,14.486,0.03,14.132,0.033,14.183,0.071,15.5773,0.000552,15.8759,0.001767,15.078,0.001501,14.055,0.028,14.034,0.039,12.6,0.396,8.909,,Theia5222,562.3413251903492,Kounkel2020,6708.0,1.41193,1.42
79543154,2.932063057893929e+18,104.380033455226,-20.786492914049,0.317741,15.7245,17.155,-0.088,16.531,0.06,14.972,0.034,14.475,0.039,14.434,0.086,16.2438,0.000686,16.6549,0.004664,15.6582,0.002586,14.542,0.031,14.641,0.055,12.607,,8.916,,Theia5222,562.3413251903492,Kounkel2020,6054.0,1.62782,1.13
79866946,2.931991761435322e+18,104.807777886405,-21.1193954790546,0.423586,15.0417,15.932,0.052,15.703,0.058,14.3,0.042,14.094,0.052,13.919,0.066,15.5054,0.000353,15.8639,0.002618,14.9721,0.001483,13.797,0.029,13.873,0.042,12.328,,8.787,,Theia5222,562.3413251903492,Kounkel2020,6552.0,1.55503,1.36
79943257,2.9321051829333663e+18,104.967601120341,-20.3917325129305,0.351489,13.8081,14.512,0.011,14.444,0.217,13.257,0.026,13.113,0.024,13.016,0.026,14.084,0.002743,14.2798,0.007279,13.726,0.007746,12.925,0.024,12.958,0.028,12.614,,9.0,,Theia5222,562.3413251903492,Kounkel2020,7813.0,2.48642,1.85
80038038,2.932052028416774e+18,105.017323184199,-20.5387078222597,0.401365,14.1513,15.718,0.045,14.598,0.126,13.581,0.027,13.457,0.029,13.369,0.044,14.4943,0.000213,14.758,0.001282,14.0837,0.000937,13.329,0.026,13.371,0.031,12.385,,9.069,,Theia5222,562.3413251903492,Kounkel2020,7423.0,2.05904,1.7
80038293,2.932047802168961e+18,105.104643864266,-20.6045755025798,0.341568,16.4243,18.212,0.055,17.1914,0.0459,15.526,0.041,15.136,0.058,15.175,0.138,16.9732,0.00081,17.4105,0.005324,16.3539,0.003805,15.268,0.036,15.521,0.108,12.527,,8.959,,Theia5222,562.3413251903492,Kounkel2020,6200.0,1.15569,1.19
80038371,2.932047424211864e+18,105.111669773698,-20.6338556247378,0.394471,14.8678,17.414,0.042,15.567,0.092,14.131,0.023,13.888,0.036,13.903,0.037,15.3259,0.00036,15.6757,0.001889,14.794,0.001116,13.739,0.027,13.843,0.041,12.225,,8.756,,Theia5222,562.3413251903492,Kounkel2020,6603.0,1.785,1.38
80038515,2.932046152901588e+18,105.116486003947,-20.6822051603396,0.429608,13.3878,14.316,0.016,13.912,0.172,12.809,0.024,12.643,0.026,12.591,0.027,13.7349,0.000258,13.9907,0.001283,13.3217,0.001069,12.55,0.024,12.552,0.025,12.419,,8.572,,Theia5222,562.3413251903492,Kounkel2020,6951.0,2.76126,1.52
80136632,2.932022341603021e+18,105.24242538851,-20.8966058544888,0.366215,12.4996,14.42,0.026,13.364,0.092,11.542,0.023,11.058,0.023,10.92,0.023,13.1326,0.000247,13.679,0.00104,12.4445,0.000636,10.864,0.024,10.92,0.02,10.895,0.103,8.971,,Theia5222,562.3413251903492,Kounkel2020,5087.0,8.10318,
80137044,2.932033783395798e+18,105.177072308904,-20.7475228999514,0.345266,15.44,16.676,0.049,16.072,0.138,14.783,0.033,14.544,0.049,14.445,0.091,15.8649,0.000449,16.1876,0.002591,15.3718,0.001511,14.424,0.032,14.59,0.06,12.654,,9.011,,Theia5222,562.3413251903492,Kounkel2020,6602.0,1.48022,1.38
80137327,2.932036188577342e+18,105.24380651847,-20.6550530331093,0.376732,13.7511,15.075,0.043,14.272,0.103,13.187,0.024,13.06,0.024,12.941,0.031,14.0266,0.000216,14.2334,0.001045,13.6773,0.000874,12.945,0.024,12.924,0.028,12.623,,9.01,,Theia5222,562.3413251903492,Kounkel2020,7910.0,2.3971,1.89
80137410,2.932046737017055e+18,105.163178900274,-20.6313767277219,0.393596,13.7879,17.031,0.042,14.49,0.069,13.02,0.022,12.741,0.021,12.676,0.023,14.2683,0.000285,14.6478,0.001349,13.719,0.000787,12.45,0.023,12.514,0.023,12.369,,8.966,,Theia5222,562.3413251903492,Kounkel2020,6744.0,3.027,1.44
80137709,2.932048936040181e+18,105.24867140392,-20.5518590204612,0.400745,15.348,16.819,0.048,15.994,1.133,14.673,0.032,14.439,0.043,14.343,0.072,15.7709,0.000393,16.0929,0.001829,15.2755,0.001386,14.388,0.031,14.649,0.06,12.837,,8.637,,Theia5222,562.3413251903492,Kounkel2020,6864.0,1.3396,1.49
80137835,2.9320500312478454e+18,105.210920789066,-20.5124334299382,0.399192,15.9514,17.449,0.056,16.671,0.412,15.131,0.043,15.0,0.046,14.743,0.098,16.4438,0.000598,16.8273,0.002767,15.8835,0.002717,14.651,0.031,14.909,0.071,11.847,,8.562,,Theia5222,562.3413251903492,Kounkel2020,6126.0,1.15629,1.16
80137868,2.932053127928272e+18,105.156635356367,-20.5024655251309,0.413409,15.5667,16.656,0.053,16.1,0.115,14.883,0.039,14.626,0.042,14.578,0.092,16.027,0.000473,16.3761,0.003091,15.4944,0.002398,14.477,0.03,14.631,0.059,12.648,,8.655,,Theia5222,562.3413251903492,Kounkel2020,6304.0,1.25536,1.24
80196211,2.9320488673212754e+18,105.265913863563,-20.5584537774368,0.37332,15.523,17.037,0.047,16.219,0.24,14.788,0.03,14.525,0.042,14.266,0.066,15.9707,0.000456,16.3148,0.003575,15.4506,0.002007,,,,,,,,,Theia5222,562.3413251903492,Kounkel2020,6761.0,1.37087,1.45
80390536,2.9324208802047734e+18,105.486543974704,-20.434400433791,0.376165,16.7134,17.78,0.068,17.4668,0.0459,15.862,0.057,15.602,0.085,15.641,0.232,17.2547,0.000901,17.6867,0.005391,16.6465,0.004926,15.548,0.04,15.676,0.117,12.68,,9.184,,Theia5222,562.3413251903492,Kounkel2020,5786.0,0.946001,1.04
746177565,2.932051100703821e+18,105.06707537706,-20.5580962240367,0.419511,15.481,,,16.1039,0.0459,,,,,,,15.9435,0.000404,16.2983,0.002301,15.4099,0.001824,,,,,,,,,Theia5222,562.3413251903492,Kounkel2020,6482.0,1.28554,1.32
80285373,2.928599046510615e+18,105.388480662891,-22.2678611227364,0.446175,14.8009,,,15.194,0.081,14.288,0.045,14.132,0.044,14.068,0.068,15.123,0.000267,15.3443,0.001562,14.7289,0.000976,14.184,0.065,14.178,0.069,12.714,,8.943,,Theia5232,575.4399373371566,Kounkel2020,6781.0,1.34465,1.45
80551305,2.928477825350371e+18,105.672722682239,-23.00851627788,0.406501,16.1728,17.498,0.059,16.8044,0.0459,15.477,0.047,15.159,0.052,14.958,0.148,16.6416,0.00054,17.0036,0.004299,16.1075,0.002223,14.89,0.032,14.933,0.058,12.028,,9.095,,Theia5232,575.4399373371566,Kounkel2020,5906.0,0.997688,1.07
80462101,2.928601103787238e+18,105.523622137252,-22.1778449364698,0.438857,16.8755,17.739,0.075,17.5446,0.0459,16.067,0.065,15.798,0.093,15.178,,17.367,0.000693,17.7648,0.004868,16.8234,0.003855,15.992,0.055,16.479,0.226,12.792,,9.047,,Theia5232,575.4399373371566,Kounkel2020,5786.0,0.707882,1.04
80553903,2.928697762038978e+18,105.692159233737,-22.0285278168632,0.348756,16.4743,15.693,0.074,17.2093,0.0459,15.648,0.065,15.177,0.065,14.998,0.147,17.0048,0.00054,17.4299,0.004507,16.4106,0.003368,,,,,,,,,Theia5232,575.4399373371566,Kounkel2020,5690.0,1.11497,1.01
80462338,2.928587879595856e+18,105.624650267683,-22.2670342869934,0.440696,13.2673,15.677,0.045,14.383,0.069,12.027,0.027,11.419,0.026,11.222,0.019,14.0313,0.000191,14.75,0.001069,13.2109,0.000749,11.177,0.023,11.221,0.021,10.541,0.085,8.473,0.258,Theia5232,575.4399373371566,Kounkel2020,4456.0,6.2405,
80462378,2.9285865395660964e+18,105.5511994333,-22.2825522591414,0.283967,16.9506,,,17.6862,0.046,16.269,0.084,15.737,0.113,15.627,0.221,17.481,0.000784,17.9205,0.006592,16.8994,0.004335,,,,,,,,,Theia5232,575.4399373371566,Kounkel2020,5481.0,1.0809,0.96
80195685,2.9324313255652705e+18,105.315642036993,-20.3605361666273,0.468178,14.609,15.883,0.047,15.299,0.172,13.947,0.03,13.685,0.023,13.635,0.037,15.0565,0.000316,15.3964,0.001161,14.5411,0.000929,13.585,0.025,13.571,0.032,12.074,,8.692,,Theia5254,575.4399373371566,Kounkel2020,6195.0,1.70475,1.19
80282119,2.92170352805481e+18,105.4716881602,-23.5044719614946,0.431415,15.169,16.59,0.045,15.557,0.138,14.614,0.028,14.406,0.033,14.321,0.077,15.5111,0.0004,15.7494,0.001702,15.0971,0.001247,14.321,0.03,14.507,0.056,12.886,,8.935,,Theia5424,630.9573444801944,Kounkel2020,6650.0,1.20875,1.4
80459498,2.928995867131365e+18,105.581499521571,-21.2564633568082,0.271291,15.4745,17.022,0.011,16.102,0.058,14.612,0.035,14.202,0.037,14.143,0.064,16.001,0.000803,16.3475,0.002368,15.3369,0.001449,14.008,0.027,14.091,0.043,12.748,,8.982,,Theia5424,630.9573444801944,Kounkel2020,5858.0,,
79684260,2.9227592310136643e+18,104.513711207386,-22.5779504226387,0.369133,15.7754,17.227,0.052,16.215,0.298,15.037,0.037,14.887,0.062,14.673,0.117,16.2541,0.000412,16.6299,0.002445,15.7139,0.002218,14.358,0.031,14.249,0.04,11.528,0.174,9.105,,Theia5424,630.9573444801944,Kounkel2020,5985.0,1.31411,1.1
80275390,2.928907940557336e+18,105.354644001071,-21.7489780837728,0.341679,15.3609,17.054,0.049,16.06,1.133,14.704,0.033,14.371,0.041,14.308,0.061,15.7855,0.000321,16.1048,0.001908,15.2942,0.001322,14.163,0.029,14.225,0.045,12.625,,9.03,,Theia5424,630.9573444801944,Kounkel2020,6295.0,1.55743,1.23
79870876,2.928558364579491e+18,104.825335854362,-22.7153623155775,0.415368,15.6156,17.226,0.105,16.226,1.133,14.758,0.041,14.389,0.045,14.273,0.083,16.176,0.000836,16.6264,0.003361,15.544,0.001728,14.077,0.028,14.108,0.042,12.053,,9.086,,Theia5424,630.9573444801944,Kounkel2020,5384.0,1.51966,0.93
80551922,2.9285190226779863e+18,105.705153799263,-22.7745096852781,0.572557,16.7658,18.249,0.068,17.7399,0.046,15.928,0.057,15.28,0.066,15.116,0.144,17.423,0.000735,18.0089,0.007408,16.7141,0.00395,15.14,0.036,15.482,0.105,12.627,,9.068,,Theia5424,630.9573444801944,Kounkel2020,4820.0,0.812756,0.78
79938602,2.9287766863551345e+18,104.894867248645,-22.1709290441286,0.219939,16.6221,18.054,0.063,17.3546,0.0459,15.708,0.051,15.449,0.078,15.38,0.177,17.1512,0.000591,17.568,0.004407,16.5519,0.003779,15.424,0.041,16.026,0.154,12.536,,8.674,,Theia5424,630.9573444801944,Kounkel2020,6046.0,1.4237,1.12
80042473,2.928789330740455e+18,105.118333801489,-22.1425631958347,0.434128,15.8215,16.945,0.0,16.362,1.133,15.145,0.039,14.721,0.05,14.911,0.114,16.2569,0.000438,16.5837,0.002903,15.7531,0.002827,14.845,0.033,15.019,0.074,12.766,,9.258,,Theia5424,630.9573444801944,Kounkel2020,6112.0,1.03647,1.15
80275863,2.928799466863361e+18,105.291491410118,-21.9150749870485,0.377796,14.1201,14.864,-0.015,14.491,0.126,13.644,0.023,13.532,0.027,13.388,0.042,14.4108,0.000166,14.6193,0.000887,14.0598,0.000614,13.341,0.026,13.333,0.031,12.809,,9.112,,Theia5424,630.9573444801944,Kounkel2020,7048.0,2.04679,1.56
80286407,2.928892444315731e+18,105.42431820128,-21.9034232234473,0.503707,15.8271,16.971,0.055,16.543,1.133,15.107,0.041,14.664,0.04,14.6,0.092,16.3293,0.000394,16.736,0.002212,15.772,0.00182,14.678,0.034,14.81,0.063,12.818,,9.002,,Theia5424,630.9573444801944,Kounkel2020,5582.0,1.02907,0.99
80463581,2.928522870968728e+18,105.572251080558,-22.7329466528291,0.412832,16.6626,17.777,0.072,17.5171,0.0459,15.877,0.062,15.291,0.058,15.081,0.136,17.2586,0.000754,17.7553,0.005698,16.5955,0.002666,15.159,0.04,15.485,0.102,12.856,0.537,9.028,,Theia5424,630.9573444801944,Kounkel2020,5119.0,1.02293,0.86
79691179,2.9287682338597443e+18,104.641102479841,-22.3481381126249,0.485109,14.9447,15.614,0.048,15.489,0.081,14.357,0.051,14.137,0.057,14.11,0.069,15.3438,0.000325,15.6431,0.001322,14.8834,0.001277,13.971,0.03,14.024,0.044,12.669,,8.875,,Theia5424,630.9573444801944,Kounkel2020,6262.0,1.31408,1.22
80043564,2.9285639995763354e+18,105.063752697197,-22.5612638860625,0.454126,16.2742,17.273,0.058,16.9561,0.0459,15.397,0.045,15.227,0.063,15.054,0.123,16.7733,0.000558,17.1666,0.003984,16.2097,0.00413,15.4,0.042,15.411,0.095,12.8,,8.913,,Theia5424,630.9573444801944,Kounkel2020,5697.0,0.914272,1.01
80465655,2.9217038029326853e+18,105.570574131335,-23.5299095171408,0.600111,16.524,13.665,0.081,17.6243,0.0464,15.442,0.073,14.73,0.058,14.432,0.072,17.24,0.000995,17.8068,0.011854,16.3714,0.006713,,,,,,,,,Theia5460,645.6542290346563,Kounkel2020,4524.0,0.987139,0.71
80466387,2.9216786172447176e+18,105.536652166584,-23.8039715079511,0.610188,17.0332,18.975,0.078,18.1931,0.0466,15.922,0.068,15.192,0.064,15.148,0.181,17.7751,0.001183,18.4659,0.015076,16.9651,0.004493,15.254,0.036,15.67,0.118,12.857,0.518,9.38,,Theia5460,645.6542290346563,Kounkel2020,4413.0,0.805137,0.69
80278644,2.9284884425097656e+18,105.270052472938,-22.9742408949157,0.236851,13.8716,16.234,0.043,14.783,0.103,12.83,0.024,12.246,0.022,12.092,0.021,14.5489,0.000265,15.151,0.00131,13.8156,0.001018,12.074,0.024,12.125,0.026,11.889,0.229,9.137,,Theia5460,645.6542290346563,Kounkel2020,4810.0,7.01614,
80276392,2.928791942080486e+18,105.312716223443,-22.1091981543054,0.388065,16.0533,17.417,0.059,16.415,1.133,15.286,0.047,14.941,0.052,14.819,0.107,16.5381,0.000448,16.9127,0.003371,15.9849,0.002383,14.672,0.034,14.713,0.065,12.41,,8.785,,Theia5572,676.0829753919818,Kounkel2020,5856.0,1.13247,1.06
80285632,2.9286029291609933e+18,105.403661555597,-22.1708225324181,0.332391,14.7176,15.856,0.047,15.126,0.058,14.083,0.03,13.887,0.026,13.862,0.048,15.0868,0.000236,15.3569,0.001153,14.651,0.000833,13.799,0.027,13.822,0.036,12.304,0.315,8.563,,Theia5572,676.0829753919818,Kounkel2020,6634.0,1.96713,1.39
80463522,2.928522939688199e+18,105.554870624484,-22.7153336852641,0.366874,15.3045,16.459,0.028,15.779,0.183,14.663,0.031,14.452,0.041,14.452,0.079,15.6945,0.000388,15.9827,0.002346,15.2396,0.001347,14.316,0.03,14.279,0.044,12.756,,9.012,,Theia5572,676.0829753919818,Kounkel2020,6392.0,1.42091,1.28
48751952,2.926385489078262e+18,100.460634165822,-22.2323560796399,0.510822,16.5141,17.789,0.07,17.2317,0.0459,15.822,0.059,15.368,0.1,15.457,0.194,17.034,0.000512,17.458,0.004659,16.458,0.003092,15.375,0.039,15.509,0.125,11.997,,8.23,,Theia5632,691.8309709189363,Kounkel2020,5504.0,0.76042,0.97
744590953,2.925438397245176e+18,100.967211473068,-23.0675607313153,0.594377,16.2097,,,16.9027,0.046,,,,,,,16.7145,0.000942,16.7435,0.009879,15.7705,0.004059,,,,,,,,,Theia5632,691.8309709189363,Kounkel2020,,,
49017405,2.925590129856148e+18,101.135560520765,-22.7450989301946,1.09122,15.6512,18.06,0.049,16.603,1.133,14.498,0.033,13.88,0.033,13.788,0.047,16.4435,0.000474,17.2266,0.004328,15.5948,0.002186,13.733,0.026,13.801,0.035,12.568,,8.739,,Theia5632,691.8309709189363,Kounkel2020,4194.0,0.955813,0.66
48809550,2.926383049536802e+18,100.549054750987,-22.2233188519481,0.696452,16.6364,18.259,0.077,17.6097,0.0459,15.88,0.067,15.173,0.104,15.08,0.144,17.2928,0.000629,17.8776,0.005145,16.5828,0.002717,15.137,0.034,15.4,0.091,12.634,,9.031,,Theia5632,691.8309709189363,Kounkel2020,4793.0,0.710301,0.77
48884594,2.927118588456829e+18,100.744108476607,-20.6465359313496,0.69395,13.4261,,,13.778,0.126,12.893,0.029,12.675,0.034,12.621,0.027,13.7727,0.000264,14.0295,0.001331,13.3603,0.001004,12.499,0.034,12.492,0.033,11.915,,8.991,,Theia5632,691.8309709189363,Kounkel2020,7004.0,1.71739,1.54
48950388,2.925611639052155e+18,100.799958636213,-22.5390745072365,0.47703,13.3298,15.491,0.044,14.187,0.092,12.343,0.026,11.837,0.027,11.718,0.023,13.9757,0.00016,14.5473,0.001219,13.275,0.000541,11.664,0.023,11.747,0.022,11.778,0.29,8.681,,Theia5632,691.8309709189363,Kounkel2020,4821.0,4.54719,
49014058,2.927217029108841e+18,101.076830669018,-20.5377270017263,0.714012,15.0552,16.169,0.046,15.613,0.183,14.315,0.029,14.0,0.031,13.878,0.05,15.5313,0.000361,15.9018,0.002938,14.9912,0.00141,,,,,,,,,Theia5632,691.8309709189363,Kounkel2020,5939.0,0.979729,1.08
48652937,2.927083404085098e+18,100.390777488519,-20.9774711448677,0.767317,15.696,17.629,0.048,16.396,1.133,14.844,0.032,14.451,0.035,14.412,0.082,16.2728,0.000513,16.7583,0.003615,15.6403,0.001933,14.336,0.027,14.451,0.05,12.59,,8.844,,Theia5632,691.8309709189363,Kounkel2020,5244.0,0.837659,0.9
48748095,2.926259010880847e+18,100.309952438775,-22.770945725698,0.357006,14.9668,16.155,0.055,15.346,0.081,14.335,0.033,14.099,0.035,14.047,0.06,15.3835,0.0003,15.6978,0.002435,14.9043,0.000999,13.963,0.026,13.874,0.037,12.707,,8.996,,Theia5632,691.8309709189363,Kounkel2020,6148.0,1.77087,1.17
49189653,2.92551907391566e+18,101.430466808216,-23.1200347800365,0.696514,14.7128,16.041,0.0,15.231,0.275,14.023,0.033,13.661,0.038,13.619,0.045,15.2018,0.000326,15.592,0.002032,14.6546,0.001067,13.62,0.025,13.635,0.032,12.7,,9.033,,Theia5632,691.8309709189363,Kounkel2020,5612.0,1.22839,0.99
4613934,2.9270379805154647e+18,102.047597054451,-20.4088875563686,0.433032,14.5489,15.886,0.067,15.221,0.115,13.801,0.03,13.53,0.031,13.493,0.044,15.0202,0.000358,15.3848,0.002243,14.4833,0.00123,13.444,0.025,13.49,0.03,12.571,0.467,8.866,,Theia5632,691.8309709189363,Kounkel2020,6079.0,1.95761,1.14
49183126,2.9272141428906373e+18,101.314733575102,-20.3851589618403,0.433029,14.9376,17.449,0.044,15.949,0.195,13.954,0.026,13.495,0.035,13.339,0.039,15.5983,0.000429,16.1696,0.003683,14.88,0.001352,13.303,0.025,13.328,0.029,12.025,,9.177,,Theia5632,691.8309709189363,Kounkel2020,5082.0,2.34651,
48748489,2.9254970149627817e+18,100.295129657095,-23.0520788774033,0.395786,15.3773,16.666,0.089,15.665,0.275,14.66,0.043,14.364,0.055,14.292,0.076,15.8401,0.000671,16.1872,0.002408,15.3028,0.001677,14.012,0.026,13.976,0.038,12.389,0.434,8.992,,Theia5632,691.8309709189363,Kounkel2020,5930.0,1.43256,1.08
48953593,2.925438397245176e+18,100.967211473068,-23.0675607313153,0.594377,16.2097,16.977,0.051,16.9027,0.046,15.076,0.036,14.583,0.067,14.547,0.092,16.7145,0.000942,16.7435,0.009879,15.7705,0.004059,14.481,0.03,14.593,0.053,12.364,,8.667,,Theia5632,691.8309709189363,Kounkel2020,,,
49184128,2.926909543808826e+18,101.310129432653,-20.9717292214341,0.409809,14.3683,15.298,0.051,14.711,0.092,13.812,0.024,13.615,0.023,13.521,0.045,14.718,0.000313,14.9771,0.001444,14.2981,0.001027,13.543,0.025,13.582,0.033,12.691,,8.994,0.431,Theia5632,691.8309709189363,Kounkel2020,7141.0,1.83888,1.59
49244812,2.927238847542393e+18,101.539461677264,-20.2964676301434,0.499801,16.5077,16.763,0.092,17.4114,0.046,15.552,0.084,15.174,0.102,15.191,0.161,17.1327,0.00087,17.6521,0.007854,16.444,0.005404,,,,,,,,,Theia5632,691.8309709189363,Kounkel2020,5557.0,0.908907,0.98
48810317,2.9255086285541294e+18,100.585970989453,-22.7572781299869,0.810305,14.4137,15.683,0.054,14.956,0.08,13.826,0.028,13.551,0.033,13.431,0.043,14.8575,0.00025,15.2039,0.001459,14.3573,0.001249,13.406,0.025,13.437,0.03,12.672,,8.751,,Theia5632,691.8309709189363,Kounkel2020,5916.0,1.11342,1.08
48957470,2.927127453269813e+18,100.954763602522,-20.4861799005144,0.574092,14.9808,16.384,-0.054,15.621,0.229,14.201,0.029,13.807,0.035,13.715,0.047,15.5025,0.000398,15.9176,0.002345,14.9161,0.002348,13.694,0.027,13.721,0.035,12.681,,8.815,,Theia5632,691.8309709189363,Kounkel2020,5768.0,1.35111,1.03
49085461,2.9272289862975724e+18,101.265783338641,-20.2725888591395,1.01976,16.1158,,,17.1368,0.0461,15.05,0.088,14.398,0.18,14.275,0.079,16.7965,0.00084,17.3713,0.007859,16.026,0.006139,,,,,,,,,Theia5632,691.8309709189363,Kounkel2020,4756.0,0.648562,0.76
48748117,2.9262580831681126e+18,100.395990629521,-22.7845737958511,0.65945,14.4654,15.765,0.038,15.234,0.137,13.792,0.032,13.438,0.025,13.386,0.042,14.9262,0.00024,15.2864,0.001137,14.4061,0.00088,13.397,0.024,13.496,0.03,12.926,,8.535,,Theia5632,691.8309709189363,Kounkel2020,5857.0,1.36405,1.06
48750660,2.9254797320144087e+18,100.42215477373,-23.1969327279116,0.688564,13.7143,14.739,0.053,14.24,0.114,13.125,0.026,12.871,0.022,12.797,0.033,14.0989,0.000183,14.3854,0.001268,13.6543,0.000833,12.779,0.023,12.816,0.026,12.208,,8.869,,Theia5632,691.8309709189363,Kounkel2020,6293.0,1.61832,1.23
48954421,2.925610608259952e+18,100.91342389233,-22.5015484128903,0.556956,15.3733,16.869,0.0,16.021,0.526,14.72,0.037,14.335,0.05,14.438,0.082,15.85,0.000339,16.2271,0.001948,15.3148,0.001539,14.24,0.027,14.335,0.047,12.207,,9.036,,Theia5632,691.8309709189363,Kounkel2020,5733.0,1.09072,1.02
48954579,2.925615315544062e+18,100.926925481106,-22.3988620134057,0.713499,15.9111,17.198,0.063,16.6909,0.0459,15.178,0.051,14.576,0.065,14.589,0.092,16.4659,0.000412,16.9275,0.003191,15.8528,0.001914,14.62,0.03,14.69,0.054,12.444,,8.999,,Theia5632,691.8309709189363,Kounkel2020,5230.0,0.790408,0.89
49305395,2.9268941162862285e+18,101.560864985985,-21.0620048238113,1.15856,16.114,18.815,0.057,17.647,0.0465,14.904,0.044,14.115,0.04,13.921,0.05,17.0067,0.00081,17.9288,0.010944,16.0524,0.004139,13.926,0.026,13.935,0.038,12.553,,8.797,,Theia5632,691.8309709189363,Kounkel2020,3996.0,0.865914,0.62
48951045,2.925486947559727e+18,100.854001514183,-22.9821044609136,0.483696,13.8495,15.057,0.03,14.423,0.069,13.21,0.023,12.936,0.022,12.845,0.027,14.2846,0.000218,14.6206,0.001187,13.7912,0.001071,12.847,0.024,12.897,0.027,11.868,,9.161,,Theia5632,691.8309709189363,Kounkel2020,5953.0,2.32732,1.09
49014860,2.926903462136213e+18,101.128518759003,-21.0575932927843,0.701007,15.3753,15.4,0.077,16.138,1.133,14.587,0.067,14.244,0.09,14.288,0.075,15.9002,0.000506,16.3244,0.003353,15.316,0.003225,,,,,,,,,Theia5632,691.8309709189363,Kounkel2020,5644.0,0.945331,1.0
49082863,2.92677853012748e+18,101.239779451747,-21.9279971441225,0.657321,15.7615,17.015,-0.09,16.461,0.06,15.02,0.041,14.6,0.055,14.495,0.083,16.294,0.000442,16.7288,0.002897,15.7025,0.001953,14.523,0.029,14.623,0.054,12.711,,9.131,,Theia5632,691.8309709189363,Kounkel2020,5417.0,0.869936,0.94
49084803,2.9272034226524687e+18,101.171158880365,-20.6524852813569,0.465446,15.2716,16.87,0.047,15.931,0.263,14.43,0.03,14.169,0.027,14.052,0.06,15.8315,0.000441,16.2921,0.002927,15.2145,0.001386,14.052,0.028,14.064,0.042,12.146,,9.174,,Theia5632,691.8309709189363,Kounkel2020,5717.0,1.52867,1.02
48810014,2.9263567299773624e+18,100.539231337101,-22.5348648135364,0.490376,16.8612,18.115,0.099,17.6925,0.046,15.994,0.091,15.553,0.115,15.404,0.177,17.4446,0.000803,17.9457,0.007679,16.8121,0.003172,15.358,0.037,15.358,0.092,12.305,,8.745,,Theia5632,691.8309709189363,Kounkel2020,5151.0,0.764202,0.87
49085092,2.9272073053027794e+18,101.256050890668,-20.4843394858674,1.37258,11.965,13.001,0.022,12.383,0.092,11.429,0.026,11.181,0.022,11.12,0.023,12.3362,0.000163,12.6162,0.000889,11.9074,0.00064,11.113,0.023,11.132,0.021,11.051,0.124,9.023,,Theia5632,691.8309709189363,Kounkel2020,6573.0,1.80823,1.37
48753357,2.927062719523228e+18,100.473969475976,-21.2803602604249,0.526712,14.3279,15.583,0.043,14.872,0.092,13.649,0.024,13.362,0.027,13.301,0.039,14.7746,0.000246,15.1159,0.001413,14.2631,0.00091,13.223,0.024,13.252,0.03,12.586,0.45,9.309,,Theia5632,691.8309709189363,Kounkel2020,6070.0,1.73961,1.13
48947363,2.927125529119957e+18,100.802694930542,-20.5887567827858,0.63007,13.8763,12.543,0.053,14.8057,0.0459,12.924,0.039,12.494,0.058,12.344,0.039,14.5136,0.000325,15.0582,0.00188,13.819,0.001587,,,,,,,,,Theia5632,691.8309709189363,Kounkel2020,5204.0,2.5589,
79637585,2.932112226680087e+18,104.556887689016,-20.4506076253047,0.479028,16.4326,17.836,0.067,17.2122,0.0459,15.592,0.056,15.243,0.08,14.992,0.14,16.9889,0.000675,17.4443,0.004542,16.3741,0.003362,,,,,,,,,Theia5794,758.5775750291851,Kounkel2020,5738.0,0.880371,1.03
79638587,2.932064466642766e+18,104.540126595929,-20.8359733949966,0.458289,15.6158,17.375,0.049,16.26,0.06,14.907,0.033,14.614,0.049,14.811,0.115,16.1075,0.000543,16.4988,0.002352,15.556,0.002087,14.533,0.031,14.411,0.052,12.308,,8.438,,Theia5794,758.5775750291851,Kounkel2020,6192.0,1.16965,1.19
78572033,2.93300922200501e+18,102.891419949609,-20.295239490531,0.374065,12.6591,14.882,0.043,13.65,0.103,11.611,0.026,11.014,0.023,10.894,0.024,13.3674,0.000188,14.0054,0.001326,12.6091,0.000686,10.794,0.023,10.867,0.02,10.833,0.09,9.156,,Theia5794,758.5775750291851,Kounkel2020,4819.0,8.50944,
79943888,2.9324962654722406e+18,104.917810367136,-20.1438981896477,0.639748,16.0334,18.063,0.051,16.9044,0.0459,15.08,0.037,14.777,0.045,14.826,0.114,16.6405,0.00073,17.1544,0.004976,15.9816,0.002697,14.701,0.029,14.896,0.059,12.673,,9.269,,Theia5794,758.5775750291851,Kounkel2020,5541.0,0.874874,0.98
80390927,2.932434830258871e+18,105.458843733437,-20.292762272329,0.51163,15.4509,17.051,0.046,16.329,0.469,14.721,0.029,14.335,0.027,14.22,0.059,15.9776,0.00053,16.4056,0.003885,15.3941,0.002138,,,,,,,,,Theia5794,758.5775750291851,Kounkel2020,5735.0,1.23236,1.02
79637983,2.9320835019381914e+18,104.51707283269,-20.5983797523014,0.43848,15.5104,16.949,0.103,16.287,0.016,14.734,0.032,14.489,0.046,14.446,0.077,16.0074,0.000458,16.3999,0.00314,15.4469,0.001452,14.392,0.032,14.368,0.05,12.16,,9.003,,Theia5794,758.5775750291851,Kounkel2020,6133.0,1.29443,1.16
79433725,2.932275057477345e+18,104.304486616007,-20.5227633452622,0.459643,16.5473,16.027,0.087,17.2627,0.0459,15.721,0.079,15.472,0.094,15.007,0.119,17.0664,0.000801,17.4699,0.00438,16.4737,0.003126,,,,,,,,,Theia5794,758.5775750291851,Kounkel2020,5989.0,0.810202,1.1
79864783,2.932117999116056e+18,104.759731195887,-20.306181819097,0.92738,15.8102,17.637,0.049,16.638,1.133,14.805,0.034,14.314,0.039,14.221,0.073,16.4731,0.000787,17.057,0.00521,15.7547,0.002528,14.278,0.048,14.291,0.068,12.465,,9.09,,Theia5794,758.5775750291851,Kounkel2020,4891.0,0.784206,0.8
80036952,2.932496471630506e+18,105.022274580143,-20.1760085165242,0.561277,14.6331,18.044,0.044,15.291,0.206,13.947,0.026,13.597,0.023,13.638,0.037,15.1122,0.000323,15.4833,0.001963,14.5666,0.001195,13.245,0.023,13.32,0.028,12.117,,8.933,,Theia5794,758.5775750291851,Kounkel2020,6010.0,1.49967,1.11
79864449,2.932123634113111e+18,104.81887037534,-20.1700298486043,0.434689,15.9066,17.605,0.052,16.406,1.133,14.963,0.037,14.517,0.049,14.556,0.093,16.5141,0.000778,17.0247,0.006205,15.8527,0.003034,14.486,0.032,14.479,0.051,12.32,,8.677,,Theia5794,758.5775750291851,Kounkel2020,5689.0,1.31939,1.01
79777745,2.932121606888624e+18,104.623992239396,-20.2895663906704,0.350334,15.3919,17.323,-0.13,16.345,0.115,14.484,0.03,14.086,0.036,13.988,0.064,16.0273,0.000458,16.5633,0.003717,15.3354,0.001462,13.908,0.026,14.053,0.039,12.334,0.351,8.839,,Theia5794,758.5775750291851,Kounkel2020,5648.0,2.11975,1.0
79942876,2.932098998180527e+18,104.986860437206,-20.5281233536281,0.937019,12.4772,13.136,0.023,12.798,0.103,12.064,0.029,11.939,0.027,11.895,0.027,12.7313,0.000205,12.9119,0.000736,12.4198,0.000569,11.772,0.023,11.807,0.022,11.091,0.123,8.693,,Theia5794,758.5775750291851,Kounkel2020,7234.0,1.74452,1.63
79137478,2.9321608113447803e+18,103.7796065164,-20.9718184682826,0.379232,15.9147,17.195,0.051,16.224,1.133,15.193,0.037,14.876,0.058,14.709,0.099,16.4118,0.000645,16.8007,0.004809,15.8478,0.002719,14.817,0.03,14.722,0.052,12.381,,9.104,,Theia5794,758.5775750291851,Kounkel2020,6091.0,1.23074,1.14
79692514,2.928858943572778e+18,104.692367527437,-21.8268569379842,1.12348,13.6311,14.582,0.008,14.114,0.069,13.115,0.033,12.859,0.033,12.772,0.036,14.0161,0.000258,14.3046,0.001213,13.5726,0.000775,12.767,0.026,12.819,0.03,12.321,,8.902,,Theia6319,977.2372209558112,Kounkel2020,6294.0,1.04767,1.23
79942976,2.9320994104973696e+18,104.978769238544,-20.4915528770354,0.748584,15.7628,17.875,0.047,16.706,1.133,14.82,0.03,14.409,0.039,14.175,0.059,16.3997,0.000598,16.9511,0.004265,15.7072,0.00225,14.235,0.028,14.269,0.048,12.057,,9.095,,Theia6319,977.2372209558112,Kounkel2020,5039.0,0.934959,0.84
80129260,2.9216739443190994e+18,105.160408236347,-23.7021206052971,1.33524,16.2352,18.557,0.051,17.4548,0.0462,15.011,0.037,14.356,0.025,14.214,0.071,17.0039,0.000748,17.7103,0.009095,16.1483,0.002406,14.258,0.038,14.24,0.053,12.264,,9.104,,Theia6319,977.2372209558112,Kounkel2020,4356.0,0.559985,0.68
79539466,2.9288175744466227e+18,104.399924140441,-22.3228050576211,1.24018,15.0974,16.428,0.094,15.748,0.126,14.365,0.026,14.082,0.039,14.009,0.052,15.5754,0.000554,15.9273,0.002093,15.0124,0.001327,13.937,0.027,14.042,0.042,11.996,,8.856,,Theia6319,977.2372209558112,Kounkel2020,5726.0,0.574099,1.02
299740804,2.9259761271570586e+18,102.290209064105,-22.0658341527642,1.03181,16.3607,18.875,0.114,17.7682,0.0461,15.216,0.049,14.549,0.051,14.46,0.094,17.2054,0.000584,18.0598,0.006403,16.3053,0.002538,14.385,0.029,14.432,0.051,12.401,,8.637,,Theia6319,977.2372209558112,Kounkel2020,4083.0,0.809586,0.64
78893291,2.925826456137208e+18,103.40041118603,-22.0624636859991,0.633604,16.2816,16.429,0.078,17.0918,0.0459,15.428,0.068,14.951,0.061,14.748,0.117,16.854,0.000526,17.3324,0.00437,16.2246,0.001891,,,,,,,,,Theia6319,977.2372209558112,Kounkel2020,5303.0,0.764614,0.91
79377481,2.9227091989301934e+18,104.204909439841,-23.0176656443849,1.2037,11.4761,11.763,0.198,11.815,0.022,11.141,0.023,11.036,0.023,10.987,0.021,11.6532,0.000665,11.7798,0.00166,11.4244,0.000963,10.992,0.023,11.022,0.02,11.033,0.111,9.017,,Theia6319,977.2372209558112,Kounkel2020,7750.0,1.94464,1.83
63574836,2.9215907250314296e+18,105.334616417112,-24.2969248503,0.840258,16.2742,17.514,0.059,17.1232,0.046,15.397,0.047,14.915,0.058,14.71,0.104,16.8658,0.000808,17.3521,0.009064,16.1951,0.003748,14.76,0.037,14.71,0.063,12.241,,9.251,,Theia6319,977.2372209558112,Kounkel2020,4968.0,0.624063,0.82
79140376,2.922824136561439e+18,103.735380295078,-22.3689873851995,1.40254,13.5439,14.815,0.014,14.006,0.092,12.951,0.026,12.66,0.024,12.554,0.024,13.9913,0.000315,14.3422,0.001581,13.4885,0.00096,12.536,0.023,12.609,0.025,12.255,,8.988,,Theia6319,977.2372209558112,Kounkel2020,5871.0,0.982143,1.06
80279920,2.921701363391136e+18,105.305879327328,-23.50223590441,0.858212,13.907,15.417,0.043,14.353,0.08,13.285,0.024,13.055,0.024,12.903,0.029,14.301,0.00058,14.576,0.001172,13.8274,0.001501,12.871,0.024,12.909,0.027,12.03,,8.741,,Theia6319,977.2372209558112,Kounkel2020,6168.0,1.22354,1.18
80464597,2.9284696820925445e+18,105.583666661029,-23.1143686953189,1.07385,16.4738,18.602,0.06,17.7353,0.0462,15.386,0.048,14.736,0.042,14.461,0.08,17.2595,0.000849,17.9969,0.008251,16.39,0.00426,14.568,0.029,14.736,0.054,12.488,,8.518,,Theia6319,977.2372209558112,Kounkel2020,4276.0,0.648625,0.67
745297104,2.928793934936794e+18,105.419157675077,-22.0456793634328,1.41996,12.2834,,,12.8466,0.0459,,,,,,,12.7094,0.000232,13.0256,0.003468,12.2141,0.002604,,,,,,,,,Theia6319,977.2372209558112,Kounkel2020,6032.0,1.66466,1.12
80552397,2.9285256884670577e+18,105.69307876277,-22.5996477030405,1.09494,14.7638,16.268,0.0,15.295,0.252,14.044,0.024,13.691,0.023,13.61,0.036,15.2755,0.000478,15.6906,0.001997,14.7061,0.001419,13.589,0.026,13.68,0.036,12.374,,9.065,,Theia6319,977.2372209558112,Kounkel2020,5454.0,0.811142,0.95
80041036,2.928959720685807e+18,105.047733742237,-21.6168801845789,0.596172,15.5434,16.675,0.045,16.194,0.183,14.79,0.027,14.425,0.035,14.299,0.063,16.0525,0.00039,16.4539,0.002708,15.4769,0.001233,,,,,,,,,Theia6591,1122.0184543019652,Kounkel2020,5664.0,0.998789,1.01
80041168,2.928865609361765e+18,104.996673845896,-21.672443711144,0.638931,11.5225,13.394,0.031,12.338,0.149,10.612,0.027,10.134,0.024,10.022,0.019,12.1451,0.000251,12.6853,0.000838,11.4699,0.000642,9.919,0.023,9.987,0.02,9.855,0.058,9.151,,Theia6613,1122.0184543019652,Kounkel2020,5043.0,7.45494,
745223013,2.9285252761502326e+18,105.674147969868,-22.6190376927436,0.395028,17.0552,,,17.7322,0.0579,,,,,,,17.5506,0.001029,17.6388,0.075699,16.6854,0.07282,,,,,,,,,Theia6613,1122.0184543019652,Kounkel2020,,,
80460373,2.9289048825407314e+18,105.604210707789,-21.586091279627,0.482196,16.3508,15.748,0.068,17.0437,0.0461,15.29,0.057,14.895,0.067,14.737,0.117,16.8566,0.000707,17.1702,0.009015,16.2005,0.010882,14.519,0.056,14.644,0.08,12.217,,8.971,,Theia6613,1122.0184543019652,Kounkel2020,5803.0,,
745325773,2.9289048825407314e+18,105.604210707789,-21.586091279627,0.482196,16.3508,,,17.0437,0.0461,,,,,,,16.8566,0.000707,17.1702,0.009015,16.2005,0.010882,,,,,,,,,Theia6613,1122.0184543019652,Kounkel2020,5803.0,,
63575100,2.9216005175565563e+18,105.392200280185,-24.1801569157933,0.46752,11.7626,13.853,0.011,12.695,0.08,10.77,0.026,10.258,0.026,10.079,0.023,12.4271,0.000174,13.0263,0.000889,11.7106,0.000595,10.008,0.023,10.091,0.02,10.005,0.047,9.2,0.525,Theia7172,1513.561248436207,Kounkel2020,4718.0,9.94945,
78562443,2.9260773853060726e+18,102.751756355031,-21.8130213399452,0.252342,15.801,16.924,0.045,16.384,0.283,15.114,0.045,14.817,0.062,14.703,0.124,16.2632,0.000492,16.6241,0.003052,15.7398,0.002156,14.661,0.029,14.726,0.057,12.899,,9.166,,Theia7230,1548.8166189124795,Kounkel2020,6194.0,1.72234,1.19
62974615,2.9215316950003297e+18,104.324767658026,-24.4300599708411,0.478207,12.1001,13.997,0.01,12.946,0.057,11.143,0.024,10.589,0.024,10.464,0.019,12.7311,0.000161,13.2833,0.000907,12.0432,0.000552,10.37,0.023,10.46,0.021,10.373,0.067,8.972,,Theia7230,1548.8166189124795,Kounkel2020,4869.0,7.78284,
79539147,2.9227611551589284e+18,104.483753413676,-22.4653158771927,0.234441,15.4181,16.554,0.026,15.871,0.16,14.703,0.032,14.466,0.036,14.329,0.072,15.8523,0.000354,16.1741,0.001784,15.3432,0.001828,14.251,0.027,14.369,0.044,12.473,,8.873,,Theia7230,1548.8166189124795,Kounkel2020,6397.0,2.12153,1.28
80276633,2.928603238398672e+18,105.360965475782,-22.2006297828911,0.317389,15.582,16.319,0.017,15.912,0.126,14.981,0.037,14.638,0.041,14.575,0.088,15.9968,0.000377,16.3057,0.002441,15.516,0.001474,14.495,0.033,14.625,0.051,12.383,,9.025,,Theia7230,1548.8166189124795,Kounkel2020,6138.0,1.49173,1.16
744600497,2.925510483981249e+18,101.231549100308,-23.2797248385334,0.421027,16.3184,,,17.0108,0.0461,,,,,,,16.8235,0.000641,17.1545,0.005174,16.1844,0.013174,,,,,,,,,Theia7230,1548.8166189124795,Kounkel2020,5551.0,,
79379137,2.9228283284493087e+18,104.102673511127,-22.2546676939227,0.500139,15.7741,16.615,0.06,16.282,1.133,15.086,0.048,14.786,0.051,14.569,0.096,16.2394,0.000367,16.5959,0.002293,15.7066,0.002056,14.293,0.029,14.315,0.052,12.299,,8.493,,Theia7230,1548.8166189124795,Kounkel2020,5833.0,0.983089,1.05
49310680,2.925312670668583e+18,101.687456335271,-23.3555572651541,0.201735,16.4889,17.305,0.085,17.0331,0.0459,15.833,0.076,15.567,0.124,15.465,0.215,16.9027,0.000651,17.2223,0.004717,16.4348,0.002909,15.446,0.039,15.646,0.11,12.756,,9.076,,Theia7230,1548.8166189124795,Kounkel2020,6054.0,1.2933,1.13
79297851,2.922821697019883e+18,104.002862381108,-22.3324021200798,0.248548,16.878,17.679,0.092,17.4851,0.0459,16.367,0.084,15.907,0.111,16.631,,17.3315,0.000693,17.6801,0.005782,16.8137,0.004592,15.985,0.05,16.194,0.173,12.852,,8.565,,Theia7230,1548.8166189124795,Kounkel2020,6082.0,1.03142,1.14
79536890,2.9224878234419395e+18,104.469696453112,-23.4749775628788,0.211733,15.5291,15.765,0.041,15.619,0.207,15.259,0.039,15.215,0.065,15.397,0.174,15.6331,0.000443,15.71,0.001776,15.4623,0.001816,15.197,0.037,15.314,0.077,12.837,,8.759,,Theia7230,1548.8166189124795,Kounkel2020,8877.0,1.36873,2.24
49388163,2.925310991341899e+18,101.880858034062,-23.3085786402799,0.360112,16.0188,17.742,0.0,16.488,0.06,15.207,0.049,14.977,0.081,14.733,0.102,16.5286,0.000525,16.9449,0.003721,15.9638,0.002667,14.821,0.032,14.938,0.062,12.595,,8.624,,Theia7230,1548.8166189124795,Kounkel2020,5430.0,1.3021,0.95
79025303,2.9227933158750966e+18,103.686497384133,-22.6088304431189,0.506034,14.0262,15.693,0.035,14.777,0.206,13.156,0.027,12.659,0.026,12.569,0.023,14.6178,0.000228,15.1161,0.000913,13.9661,0.0007,12.521,0.025,12.55,0.023,11.809,,8.778,,Theia7230,1548.8166189124795,Kounkel2020,5158.0,2.77027,
78567392,2.925661804269855e+18,102.83662296351,-23.0099781356604,0.519773,15.2666,16.607,0.05,15.758,0.138,14.593,0.044,14.234,0.041,14.073,0.055,15.7429,0.000367,16.1171,0.002027,15.2056,0.001112,14.171,0.028,14.244,0.046,12.769,,9.138,,Theia7230,1548.8166189124795,Kounkel2020,6032.0,1.1982,1.12
78822942,2.9257966662444134e+18,103.301536269178,-22.5257774720344,0.270343,15.6468,16.729,0.047,15.852,0.161,14.921,0.052,14.638,0.071,14.479,0.104,16.0896,0.000421,16.4221,0.002262,15.5743,0.002058,14.131,0.029,14.049,0.038,12.479,,8.934,,Theia7230,1548.8166189124795,Kounkel2020,6366.0,1.7059,1.27
49080836,2.925510483981249e+18,101.231549100308,-23.2797248385334,0.421027,16.3184,17.019,0.0,16.333,0.06,15.331,0.072,15.027,0.099,14.768,0.128,16.8235,0.000641,17.1545,0.005174,16.1844,0.013174,14.463,0.029,14.477,0.053,12.371,,8.916,,Theia7230,1548.8166189124795,Kounkel2020,5551.0,,
78568535,2.925769212814516e+18,102.923834873189,-22.3125178311149,0.227387,16.1367,17.014,0.202,16.407,1.133,15.613,0.057,15.295,0.09,15.371,0.174,16.4451,0.000435,16.6688,0.002491,16.066,0.00266,15.537,0.042,15.538,0.102,12.704,,8.981,,Theia7230,1548.8166189124795,Kounkel2020,7337.0,1.26185,1.66
63118087,2.921510185804321e+18,104.696413840256,-24.6883734903278,0.394847,15.7838,17.142,0.051,16.672,0.0459,14.866,0.036,14.353,0.037,14.279,0.072,16.399,0.000501,16.917,0.00483,15.7222,0.001936,14.233,0.027,14.396,0.042,12.783,,9.161,,Theia7230,1548.8166189124795,Kounkel2020,5228.0,1.60015,0.89
79537816,2.922518300529578e+18,104.469830368556,-23.0560638973753,0.222917,16.5909,15.118,0.068,17.3457,0.0459,15.757,0.058,15.372,0.075,15.212,0.158,17.133,0.000683,17.5479,0.005602,16.5061,0.003608,,,,,,,,,Theia7230,1548.8166189124795,Kounkel2020,5861.0,1.48778,1.06
63300259,2.921537982833507e+18,104.777330206175,-24.4652263566398,0.529024,13.5011,14.847,0.024,14.178,0.114,12.787,0.027,12.398,0.023,12.331,0.026,13.9926,0.000176,14.3844,0.001112,13.4412,0.000787,12.3,0.024,12.341,0.024,12.175,0.334,9.103,0.52,Theia7230,1548.8166189124795,Kounkel2020,5535.0,2.81726,0.97
79684062,2.928764729166569e+18,104.592926743596,-22.4941211524029,0.201189,17.2525,17.633,0.125,17.7316,0.0459,16.608,0.118,16.064,0.161,16.208,,17.6218,0.001036,17.8887,0.006869,17.1786,0.007227,16.61,0.079,17.273,,12.687,,9.022,,Theia7230,1548.8166189124795,Kounkel2020,6826.0,0.860895,1.47
79690954,2.928753699690463e+18,104.671126328572,-22.4354565254969,0.268094,16.4533,17.44,0.066,17.1124,0.0459,15.762,0.055,15.385,0.078,15.397,0.219,16.9388,0.000558,17.3196,0.004103,16.3903,0.003018,15.344,0.044,15.474,0.104,12.049,,9.045,,Theia7230,1548.8166189124795,Kounkel2020,5928.0,1.28033,1.08
48747397,2.92637913252674e+18,100.334640698287,-22.3012436224937,1.35548,13.6854,14.708,0.048,14.125,0.103,13.0,0.041,12.409,,12.569,0.039,14.1447,0.000141,14.501,0.000803,13.6234,0.000654,,,,,,,,,Theia7409,1737.8008287493765,Kounkel2020,5797.0,0.973538,1.04
48948114,2.926882330895866e+18,100.890790674122,-21.0711948765107,0.664127,16.5623,18.597,0.063,17.7565,0.0466,15.414,0.051,14.788,0.064,14.709,0.099,17.3218,0.000875,18.0216,0.015133,16.4895,0.003012,14.518,0.031,14.601,0.054,12.586,,8.392,,Theia7409,1737.8008287493765,Kounkel2020,4441.0,0.930626,0.7
299652834,2.9259616273464474e+18,102.091054804585,-22.1940398806718,0.948195,15.6372,17.148,0.119,16.17,1.133,14.836,0.046,14.336,0.049,14.279,0.069,16.1808,0.000367,16.6257,0.002429,15.5752,0.001501,14.318,0.028,14.501,0.05,12.863,,8.983,,Theia7409,1737.8008287493765,Kounkel2020,5311.0,0.664024,0.91
53405919,2.922142782944964e+18,102.784598652893,-24.3626043830646,0.60493,14.1634,15.557,0.048,14.767,0.149,13.449,0.024,13.092,0.027,12.99,0.034,14.6551,0.000268,15.047,0.001735,14.1048,0.000983,13.027,0.026,13.069,0.03,12.373,,9.156,,Theia7409,1737.8008287493765,Kounkel2020,5682.0,1.80541,1.01
53606910,2.921962531759531e+18,103.215228747723,-24.4443950565477,1.02809,15.8047,17.136,0.055,16.7364,0.0459,14.891,0.041,14.341,0.058,14.193,0.073,16.44,0.00063,16.9946,0.004739,15.7456,0.002453,14.246,0.03,14.288,0.047,12.892,,8.514,,Theia7409,1737.8008287493765,Kounkel2020,4860.0,0.683771,0.79
48808861,2.926468502208718e+18,100.54615564772,-21.7568225739363,0.6514,12.7123,13.748,0.006,13.244,0.114,12.138,0.027,11.865,0.023,11.785,0.023,13.0964,0.000198,13.3801,0.001041,12.6483,0.00059,11.757,0.023,11.777,0.023,11.77,0.242,8.737,,Theia7409,1737.8008287493765,Kounkel2020,6424.0,2.69603,1.3
48948080,2.9270934714888545e+18,100.889325119735,-21.0531392615368,0.609653,13.983,14.454,0.042,14.473,0.343,13.296,0.023,13.02,0.024,12.967,0.034,14.4066,0.000287,14.7266,0.001396,13.9189,0.001479,12.884,0.025,12.91,0.026,12.678,0.532,8.615,,Theia7409,1737.8008287493765,Kounkel2020,6198.0,1.70569,1.19
49014863,2.926903462135286e+18,101.129937016441,-21.0584279197233,0.8628,15.9031,15.35,0.057,16.8666,0.046,14.878,0.045,14.429,0.053,14.309,0.069,16.5558,0.000625,17.1154,0.005979,15.8339,0.002407,13.593,0.025,13.564,0.031,12.57,,8.819,,Theia7409,1737.8008287493765,Kounkel2020,4900.0,0.79068,0.8
49189940,2.925526079001577e+18,101.426548069738,-22.9299286592241,0.656237,16.4272,17.92,0.085,17.1737,0.0459,15.771,0.076,15.158,0.089,14.97,0.13,16.9634,0.000608,17.399,0.004661,16.3637,0.003045,15.146,0.032,15.491,0.089,12.692,,9.009,,Theia7409,1737.8008287493765,Kounkel2020,5329.0,0.652069,0.92
49312808,2.926031343257517e+18,101.68568001656,-21.9302851480165,0.63238,14.9891,16.224,0.097,15.816,0.298,14.328,0.03,14.007,0.047,13.939,0.051,15.4331,0.000303,15.7743,0.001698,14.9267,0.001579,13.955,0.027,13.931,0.036,12.593,,8.826,,Theia7409,1737.8008287493765,Kounkel2020,6105.0,1.07334,1.15
299741462,2.925752891937757e+18,102.235800805042,-22.51147263648,0.644244,15.4715,16.811,0.116,16.205,0.115,14.715,0.037,14.359,0.049,14.36,0.09,15.9827,0.000357,16.3957,0.002611,15.4129,0.001197,14.334,0.029,14.303,0.043,12.489,,9.089,,Theia7409,1737.8008287493765,Kounkel2020,5502.0,0.974666,0.97
79135666,2.9323503053054566e+18,103.744435198976,-20.1298312202213,0.731055,14.767,16.318,0.184,15.469,0.16,14.017,0.026,13.71,0.027,13.613,0.047,15.2759,0.000326,15.6789,0.001642,14.7032,0.001102,13.613,0.025,13.638,0.036,12.836,,9.062,,Theia7409,1737.8008287493765,Kounkel2020,5882.0,1.15121,1.07
63039485,2.922326641907556e+18,104.283276310855,-24.0632783712743,1.1706,11.6781,12.258,0.246,12.186,0.023,11.182,0.024,10.993,0.023,10.939,0.023,12.0182,0.000206,12.2692,0.000797,11.622,0.000577,10.838,0.024,10.845,0.02,10.901,0.109,8.809,,Theia7409,1737.8008287493765,Kounkel2020,6591.0,2.305,1.37
48883701,2.927061345133616e+18,100.665906295793,-21.2155717821433,0.712091,12.839,13.901,0.071,13.398,0.103,12.14,0.054,11.861,0.07,11.785,0.051,13.2906,0.000217,13.6429,0.001232,12.7807,0.000769,11.73,0.031,11.77,0.03,12.015,0.285,8.534,,Theia7409,1737.8008287493765,Kounkel2020,5898.0,2.63689,1.07
49183941,2.927005785439868e+18,101.402000265904,-20.8666733608537,0.669415,13.5499,14.575,0.006,13.896,0.069,12.971,0.024,12.752,0.027,12.71,0.03,13.922,0.000222,14.1953,0.001669,13.485,0.001106,12.66,0.023,12.723,0.026,12.429,,9.01,,Theia7409,1737.8008287493765,Kounkel2020,6563.0,1.75153,1.36
49314529,2.92699183538596e+18,101.679465416769,-20.8757349026554,0.666616,15.5295,16.725,-0.075,16.101,0.229,14.775,0.04,14.463,0.056,14.382,0.072,16.0188,0.00049,16.4045,0.003118,15.4677,0.001825,14.447,0.031,14.444,0.048,12.835,,9.187,,Theia7409,1737.8008287493765,Kounkel2020,5896.0,0.861248,1.07
48951279,2.9254369541405235e+18,100.786520698,-23.1347012476217,1.09899,12.4064,13.345,0.0,12.864,0.069,11.855,0.024,11.657,0.025,11.6,0.024,12.7594,0.000192,13.0182,0.001016,12.3476,0.000622,11.55,0.023,11.588,0.021,11.61,0.199,8.714,,Theia7409,1737.8008287493765,Kounkel2020,6455.0,1.78995,1.31
4615885,2.92604549947056e+18,101.991739754643,-21.7743110654379,1.30792,14.1902,15.605,-0.027,14.904,0.115,13.373,0.027,12.905,0.033,12.865,0.038,14.7724,0.000241,15.266,0.00121,14.1345,0.001003,12.685,0.024,12.741,0.025,12.613,0.498,8.98,,Theia7409,1737.8008287493765,Kounkel2020,5148.0,1.01452,0.87
49016498,2.926399817090306e+18,101.055900338802,-22.1104112015312,0.63654,13.8225,15.008,0.066,14.401,0.16,13.168,0.026,12.852,0.021,12.756,0.033,14.252,0.00016,14.5796,0.00085,13.7609,0.00055,12.759,0.023,12.792,0.026,12.106,,8.951,,Theia7409,1737.8008287493765,Kounkel2020,6084.0,1.78761,1.14
49084963,2.9272044534445624e+18,101.202459681329,-20.5653029340118,1.03246,13.9361,15.288,0.043,14.411,0.092,13.325,0.024,12.988,0.025,12.937,0.029,14.3576,0.000214,14.6779,0.001139,13.8741,0.001055,12.889,0.023,12.98,0.025,12.749,,9.014,,Theia7409,1737.8008287493765,Kounkel2020,6217.0,1.04497,1.2
78565449,2.9222532151460147e+18,102.7090889504,-23.6044197335438,0.685619,16.2398,17.263,0.075,16.9777,0.0459,15.445,0.065,15.132,0.09,14.994,0.133,16.7712,0.000984,17.1763,0.005682,16.1515,0.002646,14.913,0.033,15.144,0.077,12.57,,9.05,,Theia7409,1737.8008287493765,Kounkel2020,5378.0,0.673634,0.93
53604196,2.921873986711748e+18,103.149252927716,-24.9352484299577,0.837079,16.991,18.759,0.069,18.1968,0.0469,15.798,0.058,15.191,0.075,14.86,0.121,17.7562,0.001018,18.4613,0.016973,16.9182,0.005209,15.121,0.037,15.387,0.086,12.544,,8.875,,Theia7409,1737.8008287493765,Kounkel2020,4443.0,0.617817,0.7
78677635,2.933006095268934e+18,103.002539212988,-20.3381269613658,0.687695,14.6089,15.934,0.104,15.291,0.103,13.876,0.023,13.662,0.041,13.519,0.044,15.0699,0.000347,15.4257,0.002158,14.5446,0.001417,13.524,0.025,13.541,0.033,12.427,0.392,9.043,0.481,Theia7409,1737.8008287493765,Kounkel2020,6017.0,1.217,1.11
78563597,2.925760210563197e+18,102.707865451543,-22.48933807401,0.854557,14.1786,15.35,0.048,14.89,0.126,13.462,0.036,13.108,0.038,13.021,0.045,14.6574,0.000415,15.0334,0.001795,14.1171,0.000994,12.901,0.025,12.956,0.027,12.611,,8.978,,Theia7409,1737.8008287493765,Kounkel2020,5767.0,1.25358,1.03
78895177,2.932131914804261e+18,103.348374233995,-21.1599477992832,0.718523,14.1903,15.472,0.05,14.91,0.126,13.515,0.028,13.231,0.03,13.178,0.039,14.6482,0.000291,15.0035,0.001241,14.1284,0.000931,13.103,0.025,13.124,0.029,12.32,,9.174,,Theia7409,1737.8008287493765,Kounkel2020,6110.0,1.39857,1.15
48880339,2.925398780471425e+18,100.687725407232,-23.4758193417352,0.636725,12.9644,13.907,0.033,13.378,0.114,12.417,0.024,12.229,0.022,12.157,0.026,13.3233,0.000169,13.5867,0.000947,12.9039,0.000709,12.116,0.023,12.148,0.023,12.003,0.315,8.6,,Theia7409,1737.8008287493765,Kounkel2020,6484.0,2.36294,1.32
48948612,2.926867934166168e+18,100.850005416768,-21.3744936396603,0.692251,16.1404,17.78,0.059,16.9369,0.0461,15.282,0.046,14.828,0.073,14.697,0.098,16.7055,0.000664,17.1682,0.011794,16.0769,0.003755,,,,,,,,,Theia7409,1737.8008287493765,Kounkel2020,5403.0,0.731247,0.94
48955582,2.9268001080428063e+18,100.947209423524,-21.6994005904222,0.625308,15.3983,15.271,0.074,15.977,0.24,14.656,0.064,14.384,0.056,14.193,0.059,15.8815,0.000434,16.2606,0.002714,15.3355,0.001937,14.526,0.084,14.466,0.095,12.086,,8.216,,Theia7409,1737.8008287493765,Kounkel2020,5722.0,0.976201,1.02
172996879,2.9222207108330143e+18,102.104617837348,-24.10817156329,1.28704,13.4238,14.55,0.11,14.024,0.103,12.811,0.024,12.503,0.027,12.471,0.029,13.849,0.00019,14.1772,0.000876,13.3675,0.00106,12.416,0.023,12.452,0.025,12.413,0.38,8.972,,Theia7409,1737.8008287493765,Kounkel2020,5971.0,1.08604,1.1
78681653,2.926117036444821e+18,102.995796991194,-21.4080771374732,0.753508,13.7719,15.257,0.023,14.516,0.137,13.003,0.023,12.616,0.022,12.585,0.024,14.2953,0.000255,14.7154,0.001403,13.71,0.000815,12.497,0.023,12.535,0.025,12.387,0.401,8.505,,Theia7409,1737.8008287493765,Kounkel2020,5660.0,1.83603,1.01
80461742,2.9286992051480387e+18,105.568716486439,-22.0400581220831,0.477037,16.5217,17.455,0.076,17.1765,0.0459,15.684,0.066,15.6,0.083,15.511,0.201,17.0045,0.000547,17.3912,0.004294,16.4666,0.002664,15.582,0.051,15.8,0.136,12.829,,9.219,,Theia7463,1778.2794100389228,Kounkel2020,5687.0,0.763056,1.01
80277391,2.9285771249976817e+18,105.3437725179,-22.4994888965238,0.523571,16.5596,17.541,0.064,17.3081,0.046,15.854,0.052,15.351,0.067,15.244,0.161,17.0977,0.000795,17.5307,0.006762,16.4952,0.004391,,,,,,,,,Theia7463,1778.2794100389228,Kounkel2020,5554.0,0.753752,0.98
80286361,2.9288894206587607e+18,105.44205843018,-21.9213390210325,0.285518,15.8279,16.693,0.069,16.207,0.207,15.298,0.058,15.003,0.065,14.962,0.134,16.1969,0.00055,16.469,0.002395,15.7662,0.002028,15.019,0.046,15.045,0.072,12.667,,8.967,,Theia7463,1778.2794100389228,Kounkel2020,6481.0,1.35327,1.32
80133837,2.928810599418063e+18,105.134392172671,-21.8963638107661,0.318366,17.3617,,,17.73,0.0459,16.756,0.133,15.788,,15.581,,17.6518,0.000805,17.8358,0.00713,17.2636,0.007085,,,,,,,,,Theia7463,1778.2794100389228,Kounkel2020,7518.0,,
80276932,2.928595541817358e+18,105.312961005908,-22.3123896572613,0.302718,16.2721,17.486,0.065,16.9031,0.0459,15.534,0.054,15.262,0.051,15.138,0.156,16.7405,0.00047,17.1031,0.003043,16.2076,0.00229,15.044,0.042,15.057,0.073,12.803,,9.015,,Theia7463,1778.2794100389228,Kounkel2020,5913.0,1.23866,1.08
80284728,2.9285778121926804e+18,105.474574974561,-22.4962093855001,0.234469,13.0625,15.4,-0.024,14.044,0.103,11.905,0.027,11.35,0.026,11.165,0.019,13.8095,0.000188,14.4978,0.000856,13.0146,0.000662,11.107,0.023,11.158,0.021,10.888,0.098,9.144,,Theia7463,1778.2794100389228,Kounkel2020,4670.0,11.6136,
80043376,2.9285685007020124e+18,105.040944753188,-22.4861593817072,0.565352,14.7738,16.398,0.444,15.294,0.138,14.306,0.03,14.053,0.029,13.923,0.056,15.1383,0.000315,15.4035,0.001479,14.7108,0.001163,,,,,,,,,Theia7463,1778.2794100389228,Kounkel2020,6406.0,1.16419,1.29
745242693,2.928601554771393e+18,105.55741288746,-22.1568967050798,0.318075,16.8113,,,17.4053,0.0459,,,,,,,17.2566,0.000665,17.5942,0.006277,16.7438,0.004024,,,,,,,,,Theia7463,1778.2794100389228,Kounkel2020,6131.0,0.887296,1.16
80461661,2.92869954874539e+18,105.625182565221,-22.0168855164291,0.594786,14.6772,15.99,0.044,15.255,0.252,14.015,0.026,13.764,0.027,13.676,0.042,15.118,0.000318,15.4507,0.00139,14.6099,0.000887,13.488,0.025,13.501,0.033,12.286,,8.951,0.457,Theia7463,1778.2794100389228,Kounkel2020,6018.0,1.31441,1.11
80043690,2.9285635185400417e+18,105.071919139163,-22.6157254969268,0.394104,15.378,16.618,0.051,15.661,0.172,14.481,0.036,14.239,0.032,14.329,0.077,15.8478,0.009171,16.2093,0.028187,15.3111,0.027072,14.267,0.037,14.425,0.059,12.588,,8.494,,Theia7463,1778.2794100389228,Kounkel2020,5957.0,1.47359,1.09
79939709,2.92886402881386e+18,104.99546962008,-21.7453692895176,0.517362,16.0069,17.331,0.052,16.632,1.133,15.115,0.037,14.75,0.055,14.84,0.121,16.5813,0.000461,17.0609,0.00296,15.9502,0.002515,14.672,0.033,14.674,0.06,12.575,,9.094,,Theia7463,1778.2794100389228,Kounkel2020,5351.0,1.04851,0.93
80132142,2.9285652365268e+18,105.233345828331,-22.5313792313037,0.368887,15.9222,16.479,0.051,16.265,1.133,15.167,0.036,14.914,0.048,14.703,0.103,16.4014,0.000492,16.7751,0.003421,15.8581,0.001699,14.844,0.031,15.203,0.078,12.782,,9.153,0.509,Theia7463,1778.2794100389228,Kounkel2020,5954.0,1.23684,1.09
80284938,2.928579152222454e+18,105.44680988731,-22.4221718035567,0.309258,16.516,17.669,0.068,17.2318,0.0459,15.819,0.057,15.242,0.077,15.355,,17.0352,0.000613,17.4477,0.004625,16.4508,0.0042,15.363,0.046,15.356,0.099,12.494,,8.538,,Theia7463,1778.2794100389228,Kounkel2020,5682.0,1.19173,1.01
80134312,2.928910723696161e+18,105.240677007563,-21.7086048533102,0.307642,16.7158,18.287,0.064,17.6199,0.0459,15.746,0.052,15.267,0.071,15.103,0.145,17.3395,0.000619,17.8652,0.005378,16.653,0.00354,,,,,,,,,Theia7463,1778.2794100389228,Kounkel2020,5201.0,1.32934,0.88
80276021,2.928798126833337e+18,105.285371622899,-21.9745658756777,0.518174,16.5873,18.304,0.065,17.5361,0.0459,15.665,0.054,15.217,0.061,15.049,0.14,17.2315,0.000587,17.7915,0.004893,16.5239,0.002852,14.844,0.031,15.066,0.063,12.868,,9.044,,Theia7463,1778.2794100389228,Kounkel2020,4846.0,0.946483,0.79
80462156,2.9286003178208333e+18,105.554531650155,-22.1986858563717,0.510837,16.4668,17.364,0.075,17.1528,0.0461,15.542,0.065,15.132,0.067,14.896,0.126,16.9684,0.000601,17.2978,0.008016,16.3361,0.009464,14.774,0.032,14.781,0.06,12.827,,9.297,,Theia7463,1778.2794100389228,Kounkel2020,5703.0,0.751697,1.02
63724606,2.921382608097813e+18,105.653613530998,-24.6154796307653,0.450989,14.0383,13.498,0.045,14.5518,0.0459,13.413,0.028,13.203,0.035,13.143,0.029,14.4318,0.000236,14.7229,0.001524,13.9734,0.001165,,,,,,,,,Theia7487,1819.7008586099823,Kounkel2020,6335.0,2.11104,1.25
48949743,2.926397618066917e+18,100.884222396628,-22.1160159190195,0.425356,16.0268,16.703,0.057,16.334,1.133,15.246,0.044,14.788,0.055,14.83,0.132,16.5389,0.00046,16.9417,0.003281,15.9574,0.002031,14.774,0.032,14.975,0.078,12.493,,9.148,,Theia7499,1819.7008586099823,Kounkel2020,5525.0,1.11165,0.97
48747385,2.926379029447501e+18,100.3895086269,-22.2978283846925,0.312031,15.8964,17.145,0.112,16.377,1.133,15.142,0.052,14.876,0.055,14.784,0.108,16.3628,0.000373,16.725,0.002473,15.8336,0.001727,14.803,0.035,15.034,0.076,12.452,,9.21,,Theia7499,1819.7008586099823,Kounkel2020,5861.0,1.40451,1.06
48751889,2.9263822206025667e+18,100.520515200516,-22.2706710314789,0.709454,16.6642,18.29,0.071,17.6123,0.0459,15.732,0.061,15.162,0.077,15.123,0.119,17.3079,0.000609,17.8672,0.004205,16.6,0.00253,15.05,0.035,15.031,0.068,12.045,,9.17,,Theia7499,1819.7008586099823,Kounkel2020,4834.0,0.674223,0.78
48949808,2.9263952128852634e+18,100.844276301634,-22.1572683693841,0.226416,16.4363,16.498,0.082,17.1303,0.0459,15.698,0.073,15.335,0.085,15.206,0.157,16.9424,0.000518,17.3502,0.003909,16.3783,0.002099,15.198,0.033,15.396,0.077,12.208,,9.114,,Theia7499,1819.7008586099823,Kounkel2020,5564.0,1.48656,0.98
48651906,2.939199678625373e+18,100.342372844984,-20.2894412810014,0.423306,15.9051,17.454,0.053,16.6466,0.0459,15.108,0.039,14.745,0.048,14.704,0.098,16.4395,0.000583,16.8635,0.004344,15.837,0.002471,14.599,0.036,14.768,0.062,12.768,,8.896,,Theia7499,1819.7008586099823,Kounkel2020,5817.0,1.19002,1.05
48751271,2.926260179112112e+18,100.474800055287,-22.7209461535319,0.44092,16.2617,16.522,0.079,16.9476,0.0459,15.567,0.07,15.025,0.075,15.149,0.159,16.7631,0.000552,17.1685,0.003917,16.2064,0.002674,14.965,0.034,15.041,0.072,12.576,,9.187,,Theia7499,1819.7008586099823,Kounkel2020,5606.0,0.940968,0.99
48806943,2.927171158856502e+18,100.629193756101,-20.5069965304538,0.454047,16.1483,16.948,0.054,16.9918,0.0459,15.22,0.04,14.845,0.059,14.734,0.102,16.7404,0.000724,17.2374,0.004461,16.0951,0.002631,14.731,0.052,14.852,0.082,12.37,,8.793,,Theia7499,1819.7008586099823,Kounkel2020,5596.0,1.10517,0.99
299738000,2.9330467084800794e+18,102.287466226302,-20.2050346660214,0.388144,16.248,17.399,0.121,16.9929,0.0459,15.371,0.052,15.139,0.08,14.807,0.116,16.7843,0.00072,17.2085,0.005904,16.1781,0.003548,15.052,0.031,15.462,0.085,12.752,,9.088,,Theia7499,1819.7008586099823,Kounkel2020,5781.0,1.11308,1.04
63426053,2.921492799775912e+18,105.228820120588,-24.4983103691151,0.462672,14.0078,,,14.784,0.08,12.875,0.023,12.313,0.023,12.188,0.026,14.6445,0.004122,15.1798,0.016905,13.9281,0.015071,11.973,0.023,12.009,0.023,11.397,0.147,8.969,,Theia7700,2089.2961308540407,Kounkel2020,4861.0,3.36577,
80388638,2.9290019144452065e+18,105.48684050796,-21.0856418511935,0.460976,15.126,16.863,0.049,15.939,0.115,14.463,0.034,14.128,0.031,14.069,0.054,15.5899,0.000414,15.9481,0.002138,15.0616,0.001754,14.113,0.028,14.145,0.042,12.616,,9.076,,Theia7747,2187.761623949552,Kounkel2020,5922.0,1.41938,1.08
79028243,2.932134354345575e+18,103.606735002081,-21.1414223592591,0.88244,14.6241,16.085,0.033,15.348,0.172,13.913,0.036,13.538,0.03,13.455,0.042,15.1206,0.000385,15.5163,0.003256,14.5652,0.001219,13.484,0.025,13.478,0.031,12.617,,9.151,,Theia7747,2187.761623949552,Kounkel2020,5833.0,1.01078,1.05
79296763,2.931848790561508e+18,104.009874193717,-21.8410669616043,1.01285,14.6638,16.366,0.047,15.26,0.263,13.949,0.03,13.511,0.027,13.399,0.041,15.2149,0.000222,15.6762,0.001703,14.6104,0.001024,13.406,0.026,13.392,0.03,12.132,,9.12,,Theia7747,2187.761623949552,Kounkel2020,5286.0,0.986524,0.91
78439906,2.933055195335259e+18,102.519268283296,-20.0622051138958,0.858724,16.0879,13.364,0.083,16.981,0.0462,15.106,0.075,14.641,0.078,14.472,0.102,16.7044,0.00073,17.1958,0.012162,15.9926,0.006059,,,,,,,,,Theia7747,2187.761623949552,Kounkel2020,5043.0,0.684271,0.84
80389256,2.929026000622094e+18,105.404092882457,-20.873725979785,0.576441,16.0822,17.801,0.052,17.0226,0.0459,15.178,0.037,14.6,0.035,14.278,0.068,16.7229,0.000597,17.2804,0.004525,16.0239,0.002923,14.472,0.03,14.582,0.061,12.232,,9.191,,Theia7747,2187.761623949552,Kounkel2020,4922.0,1.06755,0.81
80553129,2.9285837907869983e+18,105.681718263006,-22.3202783360948,0.504257,10.6549,13.321,0.012,11.805,0.023,9.458,0.024,8.769,0.061,8.581,0.021,11.4454,0.000735,12.2235,0.001006,10.616,0.000442,8.373,0.021,8.476,0.018,8.427,0.023,8.435,0.337,Theia7747,2187.761623949552,Kounkel2020,4307.6,19.7455,
172998522,2.922003248047153e+18,102.218973022961,-24.9634103918578,0.437946,14.8138,16.101,0.107,15.412,0.183,14.124,0.029,13.776,0.04,13.787,0.057,15.2655,0.000354,15.6097,0.002296,14.7475,0.001275,13.66,0.025,13.745,0.033,12.744,,8.667,,Theia7860,2398.832919019495,Kounkel2020,5935.0,1.67954,1.08
53555770,2.9219467606388485e+18,102.793336741318,-24.553359144144,0.3092,16.2947,17.463,0.08,16.9285,0.0459,15.648,0.071,15.244,0.08,14.976,0.14,16.7648,0.000703,17.1301,0.005489,16.2314,0.003801,15.294,0.034,15.295,0.075,12.875,,9.0,,Theia8139,3235.936569296281,Kounkel2020,5911.0,1.18564,1.08
53556708,2.922186591612056e+18,102.81192873321,-24.0339972989312,0.497822,16.4827,18.178,0.069,17.2674,0.0459,15.689,0.058,15.173,0.085,15.054,0.154,17.0406,0.00069,17.517,0.005471,16.4375,0.003634,15.226,0.036,15.399,0.104,12.434,,9.171,,Theia8139,3235.936569296281,Kounkel2020,5282.0,0.855978,0.91
53745338,2.921985140467393e+18,103.453736382804,-24.2021668898334,0.49368,15.8928,19.001,0.065,16.435,0.309,15.181,0.054,14.955,0.049,14.599,0.1,16.2983,0.000666,16.5567,0.006636,15.7827,0.002251,14.629,0.041,15.267,0.114,12.584,,8.427,,Theia8139,3235.936569296281,Kounkel2020,6394.0,0.841046,1.28
53406542,2.921846533279337e+18,102.734647018653,-24.7357967167734,0.552191,15.9958,,,16.6301,0.0466,15.153,0.211,14.923,0.191,14.819,0.141,16.4662,0.001126,16.7763,0.025014,15.8767,0.007722,,,,,,,,,Theia8139,3235.936569296281,Kounkel2020,5766.0,0.82285,1.03
53605350,2.9219802957440573e+18,103.097021504897,-24.2724980550952,0.838329,14.3522,15.939,0.042,14.912,0.126,13.678,0.022,13.441,0.029,13.334,0.031,14.8243,0.000259,15.1971,0.001516,14.2942,0.001001,13.242,0.024,13.284,0.028,12.494,,8.864,,Theia8139,3235.936569296281,Kounkel2020,5758.0,1.16833,1.03
78958113,2.922612858527323e+18,103.504056728938,-23.291342702436,0.722342,15.5092,16.795,0.051,15.997,0.115,14.79,0.036,14.387,0.041,14.222,0.073,16.0057,0.000428,16.3994,0.002537,15.4475,0.00168,14.382,0.029,14.463,0.049,12.582,,9.133,,Theia8139,3235.936569296281,Kounkel2020,5676.0,0.827355,1.01
78959427,2.922374539383387e+18,103.655207597614,-23.8421902344358,0.377355,16.6054,17.052,0.098,17.2787,0.0459,15.909,0.09,15.403,0.083,14.379,,17.0994,0.000722,17.4861,0.004605,16.5394,0.003714,,,,,,,,,Theia8139,3235.936569296281,Kounkel2020,5703.0,0.915399,1.02
78959933,2.922590971374099e+18,103.674385241537,-23.5931763129158,1.16258,13.1255,14.385,0.0,13.646,0.046,12.467,0.024,12.189,0.024,12.079,0.023,13.5731,0.000182,13.9213,0.000955,13.0672,0.000713,12.041,0.023,12.116,0.023,12.062,0.298,9.094,,Theia8139,3235.936569296281,Kounkel2020,5861.0,1.43242,1.06
49387933,2.9253395743441536e+18,101.884788354184,-23.1401565855914,0.230273,15.6418,16.513,0.046,16.098,1.133,14.993,0.03,14.738,0.047,14.678,0.108,16.0629,0.00051,16.3844,0.003057,15.5827,0.001684,14.633,0.031,14.731,0.058,12.737,,8.881,,Theia8139,3235.936569296281,Kounkel2020,6035.0,1.85424,1.12
173042755,2.9222161366856074e+18,102.389432882236,-24.0180863519769,0.63196,15.1412,16.614,0.116,15.934,0.366,14.499,0.038,14.207,0.051,14.062,0.071,15.5936,0.000434,15.9458,0.00344,15.0821,0.001813,14.106,0.027,14.184,0.045,12.726,,9.064,,Theia8139,3235.936569296281,Kounkel2020,5873.0,1.02915,1.06
79142936,2.9224027487294106e+18,103.763469820373,-23.5994040528788,0.456724,14.8691,15.935,0.026,15.317,0.126,14.269,0.026,13.963,0.035,13.899,0.052,15.2623,0.000302,15.5508,0.001356,14.8024,0.001505,13.968,0.028,14.057,0.04,12.809,,9.221,,Theia8139,3235.936569296281,Kounkel2020,6287.0,1.42413,1.23
79144950,2.922602894202945e+18,103.952129000486,-23.2715993587307,0.3242,16.3487,17.477,0.067,16.963,0.0459,15.577,0.056,15.268,0.09,15.17,0.172,16.8068,0.000821,17.115,0.004218,16.2401,0.003781,,,,,,,,,Theia8139,3235.936569296281,Kounkel2020,5881.0,1.10117,1.07
54058773,2.9222768202861834e+18,104.099933478452,-24.460526675087,0.653104,13.7183,14.632,0.006,14.169,0.057,13.201,0.026,12.934,0.023,12.933,0.031,14.0723,0.0002,14.3309,0.001225,13.6552,0.0009,12.866,0.024,12.927,0.028,12.514,,8.996,,Theia8139,3235.936569296281,Kounkel2020,6627.0,1.61542,1.39
63575204,2.9216012004482376e+18,105.385575208015,-24.1355866652488,0.231118,16.5662,17.904,0.169,17.117,0.06,15.881,0.069,15.387,0.094,15.378,0.193,17.0474,0.000716,17.4257,0.008835,16.505,0.003151,15.477,0.043,15.955,0.147,12.564,,9.091,,Theia8139,3235.936569296281,Kounkel2020,5864.0,1.35614,1.06
80045512,2.922469406621221e+18,105.01787252993,-23.3342958561079,0.523141,14.7653,16.482,0.042,15.499,0.103,13.973,0.022,13.527,0.022,13.452,0.04,15.3389,0.000335,15.823,0.002387,14.7091,0.00124,13.44,0.03,13.48,0.035,12.774,,9.252,,Theia8139,3235.936569296281,Kounkel2020,5163.0,1.86065,0.87
53557190,2.9221746000633334e+18,102.976563371499,-24.0851763034966,0.412386,16.7916,17.772,0.076,17.5341,0.046,15.904,0.066,15.603,0.094,15.495,0.256,17.3259,0.000984,17.7645,0.009133,16.735,0.005285,15.581,0.044,15.914,0.143,12.082,,9.197,,Theia8139,3235.936569296281,Kounkel2020,5449.0,0.839612,0.95
53899358,2.921917864098111e+18,103.633250472714,-24.4523011929579,1.15379,12.0784,13.905,0.042,12.751,0.057,11.263,0.022,10.859,0.021,10.776,0.023,12.6274,0.000189,13.0844,0.000892,12.0222,0.000544,10.688,0.023,10.734,0.021,10.758,0.083,9.114,,Theia8139,3235.936569296281,Kounkel2020,5266.0,2.85423,
78445724,2.922257166516137e+18,102.451553582109,-23.7083882294659,0.301519,16.4238,16.731,0.087,17.0093,0.0459,15.719,0.078,15.427,0.117,15.186,0.186,16.8639,0.000591,17.2062,0.004657,16.3667,0.00351,15.463,0.039,15.815,0.139,12.513,,9.149,,Theia8139,3235.936569296281,Kounkel2020,6047.0,1.07714,1.12
47635821,2.9222877423798907e+18,104.127444975356,-24.2839020713518,0.300709,16.0253,17.134,0.102,16.438,0.095,15.31,0.076,15.0,0.107,15.291,0.19,16.4682,0.000593,16.809,0.003836,15.9638,0.002642,14.885,0.034,14.87,0.072,11.993,,8.498,,Theia8139,3235.936569296281,Kounkel2020,6093.0,1.31903,1.14
62974268,2.921520459365974e+18,104.278264876984,-24.6186386547169,0.667232,16.7714,18.521,0.073,17.7552,0.0461,15.786,0.063,15.313,0.078,15.079,0.15,17.4329,0.000991,18.0118,0.009073,16.705,0.003858,14.966,0.031,15.183,0.067,12.547,0.413,8.71,,Theia8139,3235.936569296281,Kounkel2020,4764.0,0.707266,0.77
80463115,2.9285736890240835e+18,105.53608025075,-22.5567187607236,0.571045,16.8925,18.38,0.075,17.7651,0.0461,15.879,0.065,15.378,0.073,15.371,0.186,17.4981,0.000825,17.9953,0.010484,16.8149,0.004343,15.314,0.041,15.776,0.141,12.157,,8.915,,Theia8139,3235.936569296281,Kounkel2020,5078.0,0.695447,0.85
53604758,2.921936109120057e+18,103.062893094604,-24.61069637845,0.344008,14.9654,16.234,0.048,15.611,0.138,14.24,0.03,14.005,0.042,13.905,0.064,15.4419,0.00039,15.8106,0.002337,14.8992,0.001019,13.769,0.027,13.853,0.036,12.778,,9.289,,Theia8139,3235.936569296281,Kounkel2020,5941.0,2.02625,1.09
79539394,2.928770432883093e+18,104.469953397265,-22.353745484254,0.285249,15.3052,,,15.926,0.069,14.535,0.045,14.235,0.044,14.102,0.065,15.8212,0.000374,16.231,0.002023,15.241,0.001463,14.028,0.029,14.118,0.041,12.259,,8.437,,Theia8139,3235.936569296281,Kounkel2020,5771.0,2.19873,1.03
80278471,2.928490572813405e+18,105.373556152833,-22.906729766648,0.268662,16.5065,17.945,0.074,17.221,0.0459,15.649,0.064,15.357,0.094,15.35,0.181,17.025,0.000662,17.4368,0.005466,16.4414,0.002982,15.223,0.036,15.554,0.107,12.763,,8.822,,Theia8139,3235.936569296281,Kounkel2020,6070.0,1.29638,1.13
79376170,2.9223952583065533e+18,104.198069673717,-23.5955744290203,0.325578,15.5504,16.78,0.051,16.062,0.263,14.865,0.036,14.602,0.051,14.528,0.086,15.9947,0.000529,16.3343,0.002778,15.4863,0.002107,14.458,0.031,14.478,0.047,12.528,,8.755,,Theia8139,3235.936569296281,Kounkel2020,6096.0,1.54099,1.14
79536325,2.922342236927651e+18,104.455656781493,-23.7236151691251,0.295604,16.4909,17.791,0.078,17.0958,0.0459,15.81,0.068,15.504,0.1,15.543,0.221,16.9432,0.000633,17.2929,0.005536,16.4295,0.003735,15.4,0.039,15.311,0.086,12.241,,8.775,,Theia8139,3235.936569296281,Kounkel2020,5951.0,1.10116,1.09
79687867,2.92243229810317e+18,104.642044239239,-23.7303907511943,0.594361,15.5807,17.035,0.063,16.182,1.133,14.856,0.03,14.463,0.039,14.334,0.079,16.0806,0.00048,16.4837,0.003609,15.5249,0.00165,14.362,0.033,14.367,0.049,12.77,,9.184,,Theia8139,3235.936569296281,Kounkel2020,5642.0,0.974634,1.0
79142266,2.922616912976297e+18,103.751930181261,-23.2495691233642,1.02017,14.5878,15.946,0.008,15.132,0.115,13.924,0.03,13.561,0.029,13.484,0.036,15.0521,0.000292,15.4141,0.001865,14.5264,0.001217,13.513,0.025,13.553,0.033,12.797,0.487,9.085,,Theia8139,3235.936569296281,Kounkel2020,5741.0,0.858527,1.03
62974173,2.92151925677514e+18,104.324618693566,-24.6668130709156,0.3785,14.4521,15.418,0.05,14.971,0.149,13.871,0.035,13.58,0.037,13.544,0.042,14.8503,0.000296,15.1437,0.001682,14.3843,0.001297,13.33,0.025,13.436,0.031,12.173,,8.654,,Theia8139,3235.936569296281,Kounkel2020,6384.0,2.06352,1.28
53988414,2.922291079577668e+18,103.869897728745,-24.4333262891423,1.18756,12.763,13.907,0.006,13.252,0.057,12.159,0.026,11.855,0.023,11.814,0.026,13.184,0.000251,13.5045,0.000954,12.7031,0.000588,11.755,0.023,11.765,0.022,12.228,0.342,9.123,,Theia8139,3235.936569296281,Kounkel2020,5984.0,1.58161,1.1
79025442,2.9227942435879854e+18,103.710290657997,-22.5360503387905,0.359316,15.0172,16.809,0.055,15.806,0.103,14.128,0.032,13.607,0.032,13.563,0.045,15.6407,0.000315,16.1716,0.002125,14.9589,0.001653,13.45,0.024,13.447,0.034,12.102,,9.087,,Theia8139,3235.936569296281,Kounkel2020,5170.0,2.52499,
79685876,2.922499574472303e+18,104.498365484398,-23.270773498192,0.744059,15.287,16.66,0.016,15.975,0.309,14.566,0.033,14.214,0.036,14.125,0.065,15.7591,0.000379,16.1315,0.002607,15.2284,0.001903,14.22,0.027,14.314,0.042,12.371,,9.146,,Theia8139,3235.936569296281,Kounkel2020,5758.0,0.854224,1.03
53743159,2.921879690428236e+18,103.441205690894,-24.835783825937,0.310145,15.787,17.48,0.052,16.558,1.133,14.982,0.038,14.592,0.05,14.449,0.086,16.3405,0.000724,16.7791,0.003913,15.7142,0.002228,14.518,0.031,14.527,0.051,12.532,,8.844,,Theia8139,3235.936569296281,Kounkel2020,6091.0,1.65885,1.14
79141653,2.92271903011922e+18,103.753033994777,-22.9652393169703,0.232359,15.8944,17.596,0.052,16.7398,0.0459,15.003,0.037,14.586,0.039,14.409,0.087,16.4855,0.000679,16.9591,0.003364,15.8097,0.002076,14.525,0.032,14.611,0.053,12.091,,9.179,,Theia8139,3235.936569296281,Kounkel2020,5140.0,2.29916,
78959147,2.9223696946602967e+18,103.520769439061,-23.8601413511963,1.18431,15.9176,17.122,0.057,16.564,0.87,14.961,0.044,14.381,0.053,14.242,0.081,16.5898,0.000595,17.1888,0.005275,15.8533,0.002162,14.112,0.028,14.167,0.044,12.697,,9.098,,Theia8139,3235.936569296281,Kounkel2020,4661.0,0.613355,0.74
79141008,2.9227802935342536e+18,103.767446395225,-22.6622437871512,0.391284,11.8394,13.82,0.012,12.7,0.103,10.85,0.024,10.323,0.023,10.254,0.019,12.487,0.000142,13.058,0.000747,11.788,0.000524,10.144,0.023,10.214,0.02,10.08,0.055,8.369,,Theia8139,3235.936569296281,Kounkel2020,4924.0,10.7584,
53605660,2.922176799086533e+18,103.153206069347,-24.0976544041371,0.310025,16.5929,16.696,0.086,17.3041,0.0459,15.913,0.077,15.247,0.09,15.375,0.17,17.1093,0.00074,17.5225,0.006261,16.5305,0.003602,14.827,0.033,14.8,0.062,12.981,,8.597,,Theia8139,3235.936569296281,Kounkel2020,5581.0,1.12948,0.99
78960744,2.922618321725536e+18,103.715446850644,-23.1826040002312,0.336737,11.7534,13.881,0.01,12.709,0.057,10.73,0.026,10.1,0.022,9.957,0.019,12.4383,0.000147,13.056,0.000955,11.7029,0.000748,9.891,0.022,9.98,0.02,9.826,0.042,8.409,,Theia8139,3235.936569296281,Kounkel2020,4767.0,13.8279,
79144447,2.922404909090997e+18,103.880401361217,-23.5162131340916,0.869592,16.5197,18.815,0.066,17.6477,0.0461,15.522,0.055,14.887,0.05,14.85,0.114,17.2488,0.000742,17.9223,0.007706,16.4582,0.003373,14.802,0.04,15.037,0.084,12.61,,8.585,,Theia8139,3235.936569296281,Kounkel2020,4502.0,0.696384,0.71
80045449,2.922470261312969e+18,105.00307328094,-23.3080241167112,0.332068,15.522,17.147,0.048,16.018,0.183,14.838,0.032,14.563,0.044,14.287,0.079,15.9595,0.000483,16.2844,0.002178,15.4501,0.002164,14.482,0.031,14.52,0.056,12.602,,8.961,,Theia8139,3235.936569296281,Kounkel2020,6006.0,,
80280195,2.921699611044502e+18,105.256516682762,-23.6086232718017,0.318276,11.9561,14.074,-0.008,12.816,0.069,10.996,0.03,10.361,0.022,10.261,0.019,12.6253,0.00014,13.2283,0.00097,11.9054,0.000579,10.167,0.023,10.275,0.021,10.117,0.057,9.154,,Theia8139,3235.936569296281,Kounkel2020,4751.0,13.0174,
79876426,2.9225364424727347e+18,104.911592261307,-22.898996563062,0.889672,16.4613,14.388,0.102,17.5886,0.0461,15.402,0.096,14.712,0.125,14.511,0.137,17.1895,0.000724,17.8426,0.007902,16.3782,0.003096,,,,,,,,,Theia8139,3235.936569296281,Kounkel2020,4485.0,0.699529,0.7
79876521,2.92254864017944e+18,104.898521340959,-22.8634589196325,0.769398,16.7581,18.42,0.071,17.7404,0.046,15.69,0.06,15.184,0.065,15.202,0.154,17.4199,0.000862,17.9994,0.007244,16.6967,0.003705,15.148,0.035,15.416,0.094,12.872,,8.853,,Theia8139,3235.936569296281,Kounkel2020,4843.0,0.615137,0.79
79145373,2.9227142197558907e+18,103.847135795922,-23.0789072852539,0.343861,14.2741,15.013,0.052,14.477,0.08,13.81,0.034,13.642,0.032,13.674,0.038,14.5716,0.000302,14.7771,0.001957,14.2081,0.001988,13.51,0.026,13.546,0.032,12.349,,9.147,,Theia8139,3235.936569296281,Kounkel2020,6883.0,2.10054,1.5
79536138,2.9223384272975764e+18,104.42178125084,-23.8045234855717,0.421438,15.0966,16.334,0.049,15.403,0.16,14.688,0.033,14.271,0.038,14.16,0.067,15.4772,0.000433,15.7581,0.001782,15.0342,0.001333,,,,,,,,,Theia8139,3235.936569296281,Kounkel2020,6353.0,1.35602,1.26
63302273,2.9215450265796905e+18,104.95979298181,-24.3262708128044,0.555912,15.7373,15.782,0.067,16.34,0.275,15.089,0.056,14.815,0.077,14.684,0.103,16.196,0.000558,16.5512,0.003962,15.675,0.002449,14.451,0.03,14.483,0.053,12.742,,9.01,,Theia8139,3235.936569296281,Kounkel2020,5883.0,0.894087,1.07
79870281,2.9287542838062326e+18,104.817037547103,-22.4554490398745,0.323798,15.9598,17.064,0.051,16.22,1.133,15.244,0.036,14.915,0.053,14.886,0.115,16.4518,0.000462,16.8422,0.002832,15.8996,0.002415,14.912,0.033,15.176,0.081,12.727,,8.522,,Theia8139,3235.936569296281,Kounkel2020,5737.0,1.41138,1.02
79690666,2.9287516381062554e+18,104.673019663742,-22.5558913150268,0.458091,15.6358,16.866,0.159,15.86,0.161,14.961,0.038,14.771,0.056,14.543,0.088,16.0786,0.000419,16.4204,0.001861,15.5756,0.001617,14.496,0.053,14.548,0.068,12.124,,9.21,,Theia8139,3235.936569296281,Kounkel2020,5959.0,1.09154,1.09
63039880,2.9223221064219336e+18,104.494938758427,-23.976025024505,0.406624,15.8245,16.479,0.059,16.3617,0.0459,15.167,0.047,14.894,0.059,14.656,0.093,16.2335,0.000492,16.5437,0.002656,15.7642,0.002392,14.822,0.029,15.041,0.061,12.826,,8.849,,Theia8139,3235.936569296281,Kounkel2020,6270.0,1.04883,1.22
63041600,2.92150097739454e+18,104.451697919793,-24.8311920359496,0.534285,13.8074,14.81,0.024,14.28,0.08,13.257,0.024,12.922,0.024,12.953,0.024,14.18,0.000232,14.453,0.001394,13.7434,0.000903,12.875,0.024,12.907,0.025,12.071,,9.002,,Theia8139,3235.936569296281,Kounkel2020,6455.0,1.93464,1.31
79535150,2.9223910664184643e+18,104.291335997109,-23.6464327555027,0.339769,15.9589,16.576,0.063,16.5692,0.0459,15.285,0.052,15.01,0.065,14.799,0.109,16.4145,0.000521,16.7689,0.005283,15.8989,0.002621,,,,,,,,,Theia8139,3235.936569296281,Kounkel2020,5937.0,1.26142,1.08
63117454,2.9215422391394376e+18,104.729754043149,-24.3829686834266,0.438791,16.5263,17.323,0.072,17.1948,0.0459,15.742,0.062,15.257,0.079,15.3,0.164,17.0174,0.000742,17.4033,0.006481,16.4624,0.004147,15.561,0.047,15.898,0.152,12.725,,9.135,,Theia8139,3235.936569296281,Kounkel2020,5714.0,0.827984,1.02
79872405,2.9224724302783e+18,104.820902680603,-23.3140299329201,0.455711,16.7893,17.618,0.091,17.4755,0.0459,16.069,0.082,15.629,0.096,15.569,0.195,17.2909,0.000773,17.6825,0.006394,16.7203,0.005085,15.474,0.044,15.577,0.128,12.755,,8.775,,Theia8139,3235.936569296281,Kounkel2020,5651.0,0.724755,1.0
79873914,2.9216644953911265e+18,104.944656082684,-23.9183763120332,0.966419,15.5779,17.417,0.047,16.4497,0.0459,14.704,0.03,14.221,0.029,14.226,0.067,16.1819,0.000473,16.7038,0.002682,15.5215,0.002071,14.175,0.029,14.231,0.047,12.802,,9.167,0.498,Theia8139,3235.936569296281,Kounkel2020,4955.0,0.76132,0.82
63425127,2.921648999149347e+18,105.275882987292,-24.0945652170526,0.48589,15.0851,16.424,0.036,15.728,0.149,14.415,0.03,14.072,0.035,13.982,0.061,15.5729,0.00044,15.9594,0.002866,15.0245,0.001447,13.962,0.031,13.967,0.038,12.514,,9.246,,Theia8139,3235.936569296281,Kounkel2020,5639.0,1.45425,1.0
80279329,2.922462259795339e+18,105.375108528066,-23.2616618486253,0.690621,16.4005,18.091,0.06,17.3144,0.0459,15.527,0.048,14.941,0.059,15.132,0.144,17.0272,0.000648,17.5597,0.005208,16.3317,0.003524,14.864,0.035,14.901,0.068,12.378,,9.195,,Theia8139,3235.936569296281,Kounkel2020,4941.0,0.750776,0.81
63117598,2.921540937770937e+18,104.766692547308,-24.455888807474,0.400592,15.6306,16.265,0.055,16.1881,0.0459,15.039,0.042,14.666,0.044,14.707,0.101,16.053,0.000509,16.3698,0.00337,15.5656,0.00191,14.677,0.033,14.605,0.052,12.472,,9.175,,Theia8139,3235.936569296281,Kounkel2020,6012.0,1.19888,1.11
79873129,2.922429068287448e+18,104.833662817655,-23.6134113554648,0.35313,17.0492,18.056,0.096,17.7495,0.046,16.281,0.088,15.883,0.119,15.491,0.215,17.5592,0.000922,17.9817,0.00774,17.0027,0.004098,16.052,0.063,16.184,0.181,12.822,,8.881,,Theia8139,3235.936569296281,Kounkel2020,5635.0,0.821929,1.0
47585747,2.923600357404682e+18,100.691243490008,-24.5553807711662,0.302009,16.1392,17.597,0.203,16.846,0.06,15.48,0.069,15.226,0.097,15.121,0.171,16.6275,0.00065,17.015,0.004844,16.0799,0.003055,15.096,0.034,15.315,0.079,12.546,0.462,9.169,,Theia8140,3235.936569296281,Kounkel2020,5819.0,1.3282,1.05
48953906,2.925582983030608e+18,101.014154945342,-22.8625483490666,0.440028,15.5982,16.951,0.0,16.31,0.149,14.981,0.039,14.64,0.056,14.453,0.078,16.0626,0.00039,16.4286,0.002298,15.5411,0.001756,14.527,0.028,14.694,0.055,12.851,,8.952,,Theia8140,3235.936569296281,Kounkel2020,5803.0,1.19706,1.04
48880245,2.925385861209807e+18,100.761146719633,-23.5418802504112,0.290169,16.2278,17.013,0.067,16.8423,0.0459,15.494,0.056,15.15,0.085,14.92,0.118,16.686,0.000618,17.0412,0.004162,16.166,0.002988,14.848,0.032,14.819,0.064,12.322,,9.042,,Theia8140,3235.936569296281,Kounkel2020,5915.0,1.24344,1.08
172593285,2.9235979522230333e+18,100.654725667689,-24.6221315897952,0.462431,15.9019,17.202,0.117,16.6221,0.0459,15.156,0.042,14.725,0.074,14.627,0.107,16.4234,0.000563,16.8548,0.00391,15.852,0.001698,14.648,0.03,14.751,0.053,12.009,,8.96,,Theia8140,3235.936569296281,Kounkel2020,5546.0,1.10155,0.98
744524278,2.9236543021938616e+18,100.721101922712,-24.4304507437759,0.277885,16.9957,,,17.5048,0.0459,,,,,,,17.386,0.001028,17.6725,0.005708,16.9275,0.006532,,,,,,,,,Theia8140,3235.936569296281,Kounkel2020,6483.0,0.761984,1.32
172698265,2.925095933738148e+18,101.178597201273,-24.3850207806478,0.697321,13.9179,14.887,0.023,14.425,0.252,13.389,0.022,13.112,0.035,13.109,0.041,14.2877,0.000267,14.5613,0.001887,13.8586,0.00074,13.093,0.024,13.105,0.028,12.807,,9.244,,Theia8140,3235.936569296281,Kounkel2020,6364.0,1.42251,1.27
49387631,2.9253617406762445e+18,101.912351835915,-22.9465767344987,0.481067,15.4847,16.682,0.045,15.965,0.195,14.756,0.028,14.555,0.041,14.463,0.079,15.9486,0.000405,16.3117,0.002045,15.4252,0.001526,14.412,0.028,14.391,0.044,12.234,,8.978,,Theia8140,3235.936569296281,Kounkel2020,5786.0,1.16326,1.04
48811285,2.925399708184369e+18,100.649727720358,-23.4607891489423,0.475286,15.2019,16.659,0.038,15.879,0.046,14.478,0.027,14.116,0.035,14.023,0.05,15.7098,0.000377,16.1224,0.001623,15.1469,0.001282,14.064,0.026,14.136,0.041,12.788,,9.203,,Theia8140,3235.936569296281,Kounkel2020,5563.0,1.45267,0.98
48952230,2.925189770182596e+18,100.855494958976,-23.8224632403517,0.359275,13.5428,15.485,0.046,14.471,0.16,12.587,0.023,12.089,0.025,11.974,0.021,14.1786,0.000205,14.7372,0.001135,13.4895,0.001066,11.926,0.023,12.019,0.022,12.028,0.281,9.258,,Theia8140,3235.936569296281,Kounkel2020,4903.0,5.22574,
49188916,2.9252049915468083e+18,101.495392264805,-23.6667509298516,0.439439,16.5585,17.664,0.087,17.1787,0.0459,15.841,0.078,15.441,0.095,15.672,,17.0202,0.000649,17.3799,0.007118,16.4976,0.002937,,,,,,,,,Theia8140,3235.936569296281,Kounkel2020,5783.0,0.767499,1.04
49189132,2.9252107639827983e+18,101.441433203372,-23.5187582646779,0.774769,15.9521,17.422,0.059,16.381,1.133,15.262,0.046,14.838,0.077,14.744,0.112,16.4073,0.000582,16.7507,0.003215,15.8813,0.002365,14.906,0.033,15.062,0.076,12.866,,9.079,,Theia8140,3235.936569296281,Kounkel2020,5788.0,0.591571,1.04
172591202,2.9235609424865787e+18,100.424726528001,-24.9464023977487,0.501644,16.4929,17.96,0.128,17.4094,0.0459,15.578,0.064,15.113,0.09,15.029,0.152,17.1201,0.000798,17.672,0.004107,16.4391,0.003449,14.926,0.03,15.129,0.069,12.378,,8.816,,Theia8140,3235.936569296281,Kounkel2020,4862.0,0.976088,0.79
47586179,2.923550741942996e+18,100.733021423796,-24.9721477695295,0.37057,16.1399,,,16.8144,0.0459,15.418,0.065,14.831,0.102,14.767,0.156,16.6346,0.000563,17.0214,0.006461,16.0734,0.002768,14.639,0.03,14.661,0.056,12.371,,8.69,,Theia8140,3235.936569296281,Kounkel2020,5719.0,1.1399,1.02
172739191,2.9251048672700047e+18,101.376310784539,-24.2065894048529,0.338833,16.9309,17.963,0.155,17.5167,0.046,16.147,0.109,15.933,0.21,15.805,0.287,17.3712,0.001064,17.7089,0.00846,16.8691,0.004475,,,,,,,,,Theia8140,3235.936569296281,Kounkel2020,5987.0,0.762255,1.1
49079005,2.925415543724096e+18,101.07090498071,-23.3355558323439,0.245099,16.6046,18.047,0.096,17.4453,0.046,15.742,0.088,15.088,0.099,15.062,0.144,17.1929,0.000761,17.6977,0.006886,16.5531,0.004304,15.066,0.035,15.337,0.089,12.298,,9.078,,Theia8140,3235.936569296281,Kounkel2020,5117.0,1.48407,0.86
172697814,2.9251695666568074e+18,101.175870659336,-24.0021137894725,0.333563,17.0867,18.205,0.152,17.8219,0.046,16.141,0.103,15.902,0.205,15.772,0.283,17.6169,0.000943,18.0359,0.00778,17.0152,0.005088,16.063,0.053,16.278,0.179,12.879,,8.651,,Theia8160,3311.311214825908,Kounkel2020,5484.0,0.843908,0.96
78565659,2.922245209327046e+18,102.712880255723,-23.7367862449567,0.398262,16.9054,17.916,0.122,17.5946,0.046,16.379,0.115,15.805,0.151,15.64,0.259,17.4088,0.000887,17.8073,0.007824,16.8415,0.003897,15.874,0.048,15.961,0.166,12.388,,8.951,,Theia8160,3311.311214825908,Kounkel2020,5652.0,0.769808,1.0
49309785,2.9251508062399816e+18,101.599046852272,-23.8868096352214,0.444629,16.3387,17.698,0.07,16.9437,0.0459,15.675,0.059,15.567,0.153,15.33,0.169,16.791,0.000628,17.1438,0.003931,16.2803,0.002793,15.258,0.035,15.586,0.1,12.724,,9.198,,Theia8160,3311.311214825908,Kounkel2020,5797.0,0.828635,1.04
49416639,2.925233196591272e+18,101.867631970012,-23.8582728771432,0.322095,15.9137,15.86,0.036,16.19,0.103,14.533,0.033,14.236,0.055,14.161,0.07,16.3512,0.001124,16.0252,0.025635,15.1907,0.012602,14.008,0.036,14.017,0.051,11.913,,8.662,,Theia8160,3311.311214825908,Kounkel2020,,,
49387045,2.92593706013381e+18,101.842051499823,-22.5563161272184,0.466652,16.5648,17.395,0.092,17.2444,0.0459,15.985,0.084,15.423,0.099,15.383,0.186,17.0625,0.00056,17.4611,0.005017,16.5067,0.002471,15.337,0.036,15.379,0.084,12.699,,8.804,,Theia8160,3311.311214825908,Kounkel2020,5654.0,0.774364,1.0
4617084,2.925744989198102e+18,102.024005223434,-22.6513033282847,0.375989,16.9955,17.593,0.145,17.6121,0.0459,16.196,0.138,15.529,,15.395,,17.455,0.000696,17.8138,0.006076,16.936,0.00401,,,,,,,,,Theia8160,3311.311214825908,Kounkel2020,5894.0,0.712403,1.07
49078572,2.925530378269653e+18,101.152865027003,-23.0233948955938,0.387899,15.1125,16.138,0.046,15.574,0.492,14.472,0.029,14.114,0.038,14.134,0.066,15.5411,0.000363,15.8635,0.001887,15.0469,0.001211,14.039,0.046,14.116,0.061,12.117,,8.892,,Theia8160,3311.311214825908,Kounkel2020,5992.0,1.57591,1.1
49078583,2.925529725434668e+18,101.062879046675,-23.0289394742819,0.464055,15.749,,,16.5473,0.0459,14.881,0.035,14.519,0.046,14.578,0.104,16.3139,0.000512,16.7842,0.002952,15.6877,0.0024,14.388,0.027,14.487,0.048,12.906,,9.162,,Theia8160,3311.311214825908,Kounkel2020,5169.0,1.30468,0.88
172997107,2.922226929945336e+18,102.054644410883,-23.90109479095,0.387199,15.7625,,,16.2825,0.047,14.807,0.051,14.863,0.1,14.37,0.1,16.1607,0.000641,16.3107,0.028543,15.5545,0.025704,14.142,0.028,14.205,0.044,12.571,,9.237,,Theia8160,3311.311214825908,Kounkel2020,,,
299835165,2.922224456044333e+18,102.2566720398,-23.9316899256017,0.570821,15.5053,16.857,0.066,16.069,0.023,14.76,0.038,14.496,0.05,14.29,0.078,15.992,0.000518,16.3845,0.003643,15.4518,0.001742,14.353,0.03,14.443,0.048,12.299,,8.682,,Theia8160,3311.311214825908,Kounkel2020,5635.0,1.02782,1.0
49187112,2.925526697476858e+18,101.392653822756,-22.9367193383742,0.472654,15.0363,16.162,0.046,15.569,0.378,14.35,0.029,13.975,0.042,13.898,0.058,15.5011,0.000347,15.8616,0.001843,14.9732,0.001359,13.917,0.026,13.953,0.038,12.324,,8.882,,Theia8160,3311.311214825908,Kounkel2020,5773.0,1.45629,1.03
48881014,2.925487428595616e+18,100.730644238044,-22.993230469141,0.429228,16.0093,17.216,0.0,16.115,1.133,15.241,0.047,15.081,0.077,15.117,0.136,16.4982,0.000562,16.8836,0.004783,15.9467,0.002581,14.853,0.033,15.14,0.07,12.041,,9.0,,Theia8160,3311.311214825908,Kounkel2020,5672.0,1.05913,1.01
48953673,2.925532646012462e+18,100.974917044129,-23.0174942932289,0.252601,16.4988,17.041,0.093,16.9925,0.0459,15.963,0.085,15.654,0.13,15.386,0.21,16.8793,0.000643,17.1538,0.004746,16.4305,0.003913,15.544,0.04,15.625,0.115,12.312,,9.126,0.461,Theia8160,3311.311214825908,Kounkel2020,6314.0,1.03593,1.24
49307459,2.925955781891931e+18,101.635407134779,-22.3518483054571,0.431429,16.7927,18.252,0.08,17.6905,0.046,15.916,0.07,15.291,0.093,15.274,0.187,17.4104,0.000836,17.9457,0.00638,16.7342,0.00388,15.146,0.033,15.395,0.078,12.315,,8.859,,Theia8160,3311.311214825908,Kounkel2020,4910.0,0.961979,0.8
53404731,2.9221576263517737e+18,102.524262518758,-24.1987079115663,0.435392,16.4391,17.552,0.084,17.0514,0.0459,15.803,0.075,15.498,0.099,15.013,,16.8959,0.000704,17.2523,0.00516,16.3796,0.003286,15.293,0.043,15.459,0.097,12.222,,8.707,,Theia8160,3311.311214825908,Kounkel2020,5782.0,0.815095,1.04
172997260,2.922222944215921e+18,102.206181743351,-24.0164348310865,0.459889,16.1697,16.644,0.118,16.747,0.0459,15.55,0.061,15.136,0.088,14.959,0.152,16.6046,0.000722,16.9389,0.004669,16.1097,0.003702,15.208,0.037,15.609,0.113,12.314,,9.093,,Theia8160,3311.311214825908,Kounkel2020,6019.0,0.836081,1.11
172785358,2.925137607799305e+18,101.68665529304,-23.9708715777519,0.21029,16.9206,,,17.5995,0.046,16.168,0.148,15.876,0.199,14.892,,17.4177,0.000919,17.8134,0.007723,16.8593,0.00422,,,,,,,,,Theia8160,3311.311214825908,Kounkel2020,5555.0,1.15463,0.98
744556394,2.925233196591272e+18,101.867631970012,-23.8582728771432,0.322095,15.9137,,,16.4951,0.0466,,,,,,,16.3512,0.001124,16.0252,0.025635,15.1907,0.012602,,,,,,,,,Theia8160,3311.311214825908,Kounkel2020,,,
78738665,2.9226420299460147e+18,103.126514084612,-23.2232829994419,0.242194,16.3998,16.023,0.075,17.0216,0.0459,15.743,0.065,15.31,0.102,15.106,0.169,16.8625,0.000635,17.2217,0.004192,16.3375,0.002437,,,,,,,,,Theia8160,3311.311214825908,Kounkel2020,5905.0,1.34681,1.07
78446168,2.922239673106866e+18,102.653483660638,-23.8771896335122,0.3578,17.3115,18.485,0.14,17.9067,0.046,16.539,0.133,15.814,,16.058,,17.7577,0.001044,18.1093,0.007649,17.2579,0.005622,,,,,,,,,Theia8160,3311.311214825908,Kounkel2020,5945.0,0.626423,1.09
78564914,2.9226481116195937e+18,102.787233681221,-23.2906450647264,0.256109,16.3493,17.431,0.087,16.907,0.0459,15.803,0.078,15.545,0.141,15.291,0.183,16.7713,0.000613,17.0931,0.00579,16.2869,0.002738,,,,,,,,,Theia8160,3311.311214825908,Kounkel2020,6344.0,1.21473,1.26
78688646,2.9226304163543675e+18,102.965638641548,-23.4786275028402,0.455667,14.8114,16.233,0.0,15.483,0.126,14.129,0.029,13.773,0.037,13.729,0.052,15.2861,0.00033,15.659,0.002336,14.7511,0.001058,13.768,0.026,13.753,0.034,12.217,,9.074,,Theia8160,3311.311214825908,Kounkel2020,5820.0,1.69078,1.05
49189252,2.925305592562384e+18,101.500779045797,-23.4234522488233,0.23984,16.8344,17.438,0.122,17.3391,0.0459,16.384,0.115,15.934,0.181,15.688,0.238,17.2222,0.000731,17.5127,0.004373,16.7752,0.004111,15.933,0.051,15.991,0.15,12.591,,8.791,,Theia8160,3311.311214825908,Kounkel2020,6295.0,0.93176,1.23
53404791,2.92216089052704e+18,102.641589943328,-24.1631134825544,0.312993,12.525,14.619,0.033,13.542,0.092,11.498,0.023,10.891,0.024,10.803,0.023,13.2053,0.000206,13.8183,0.00117,12.472,0.000726,10.705,0.023,10.796,0.019,10.659,0.083,8.788,,Theia8160,3311.311214825908,Kounkel2020,4731.0,10.3521,
4618613,2.925235365556573e+18,101.949237597563,-23.7833798906459,0.683144,13.565,14.542,0.028,14.043,0.149,13.013,0.026,12.738,0.033,12.693,0.033,13.9373,0.000216,14.2104,0.001258,13.5035,0.000873,12.602,0.024,12.611,0.026,11.952,0.254,8.891,,Theia8160,3311.311214825908,Kounkel2020,6298.0,1.71587,1.24
78563486,2.9257637839759534e+18,102.735360073483,-22.4219118160196,0.250258,16.0246,17.159,0.062,16.6416,0.0459,15.366,0.05,14.936,0.063,14.779,0.106,16.4843,0.000445,16.8385,0.003543,15.9599,0.00198,14.856,0.033,14.834,0.066,12.641,,9.031,,Theia8160,3311.311214825908,Kounkel2020,6049.0,1.56909,1.13
172996217,2.9220508362840893e+18,102.014267530829,-24.593139765434,0.304945,16.0653,16.867,0.063,16.32,0.044,15.479,0.062,15.009,0.08,15.093,0.152,16.5383,0.000911,16.9122,0.006294,16.0072,0.003705,14.916,0.033,15.041,0.079,12.629,,8.667,,Theia8160,3311.311214825908,Kounkel2020,5717.0,1.31632,1.02
744371436,2.922226929945336e+18,102.054644410883,-23.90109479095,0.387199,15.7625,,,16.2825,0.047,,,,,,,16.1607,0.000641,16.3107,0.028543,15.5545,0.025704,,,,,,,,,Theia8160,3311.311214825908,Kounkel2020,,,
78444673,2.925671940392831e+18,102.548590039386,-23.0055509957454,0.223649,16.4827,17.342,0.077,17.0315,0.0459,15.649,0.067,15.553,0.119,15.34,0.204,16.8994,0.000637,17.2194,0.004593,16.4258,0.002898,15.663,0.044,16.117,0.171,12.694,,8.582,,Theia8160,3311.311214825908,Kounkel2020,6147.0,1.24792,1.17
78738620,2.9226409304341e+18,103.171681013673,-23.2511161999447,0.560261,15.3449,16.681,0.035,15.918,0.115,14.66,0.029,14.345,0.022,14.419,0.102,15.7913,0.000374,16.1349,0.002479,15.2833,0.001436,14.415,0.031,14.519,0.051,12.844,,9.118,,Theia8160,3311.311214825908,Kounkel2020,5915.0,1.03908,1.08
78957410,2.922676007426411e+18,103.519746886504,-22.9441240507767,0.400253,16.5815,17.386,0.089,17.1691,0.0459,16.031,0.08,15.753,0.128,15.363,0.18,17.0229,0.000719,17.3655,0.007401,16.5234,0.003434,15.118,0.033,14.775,0.06,11.58,0.2,8.629,,Theia8160,3311.311214825908,Kounkel2020,6055.0,0.795771,1.13
78958291,2.9226084261211054e+18,103.580786852893,-23.3864356670747,0.672197,16.2826,17.157,0.069,17.0945,0.0459,15.374,0.058,15.074,0.085,14.788,0.116,16.8555,0.000599,17.3298,0.006171,16.2189,0.002541,14.844,0.034,14.895,0.063,12.417,,9.135,,Theia8160,3311.311214825908,Kounkel2020,5222.0,0.726743,0.89
79209736,2.9227780601514844e+18,103.963275392859,-22.6785251411549,0.354731,16.1272,15.727,0.071,16.7509,0.0459,15.418,0.061,14.971,,15.009,,16.5911,0.00053,16.9495,0.00428,16.063,0.002642,14.718,0.031,14.775,0.058,12.574,,9.035,,Theia8160,3311.311214825908,Kounkel2020,5894.0,1.14064,1.07
53405093,2.92221473223829e+18,102.582211716582,-23.9730723708537,0.478244,16.7803,17.991,0.082,17.4654,0.0459,16.009,0.073,15.714,0.116,15.428,0.196,17.2812,0.000833,17.6828,0.006409,16.7216,0.003457,15.77,0.05,16.106,0.168,12.848,,9.009,,Theia8160,3311.311214825908,Kounkel2020,5587.0,0.694161,0.99
78566410,2.9222507068850376e+18,102.929154322965,-23.6296574380216,0.366732,16.6145,17.806,0.078,17.3812,0.046,15.739,0.068,15.343,0.112,15.116,0.16,17.1631,0.000738,17.6005,0.008022,16.5442,0.004688,15.184,0.037,15.498,0.111,12.749,,8.832,,Theia8160,3311.311214825908,Kounkel2020,5559.0,1.01898,0.98
80279729,2.9217078573816765e+18,105.347628693886,-23.4303612002734,0.212259,17.041,17.899,0.116,17.614,0.0459,16.465,0.108,16.184,0.136,15.896,,17.4727,0.000871,17.7957,0.006142,16.9701,0.005778,,,,,,,,,Theia8160,3311.311214825908,Kounkel2020,6362.0,1.03366,1.27
79871259,2.922547952984742e+18,104.770342235204,-22.8638266430114,0.569793,16.5509,17.602,0.077,17.5096,0.046,15.555,0.067,14.976,0.062,14.751,0.11,17.1997,0.000824,17.7638,0.006918,16.4844,0.004767,14.732,0.037,14.951,0.069,12.601,,8.814,,Theia8160,3311.311214825908,Kounkel2020,4797.0,0.889327,0.77
79298461,2.922802352487595e+18,103.991114169506,-22.6025592595105,0.3163,16.373,17.452,0.071,16.9954,0.0459,15.703,0.06,15.334,0.079,15.268,0.16,16.8361,0.000565,17.1973,0.004486,16.3125,0.002923,15.224,0.037,15.131,0.084,12.235,,8.757,,Theia8160,3311.311214825908,Kounkel2020,5889.0,1.12146,1.07
79300826,2.922387248184047e+18,104.089477827104,-23.6763557443642,0.50691,11.383,13.339,0.008,12.251,0.046,10.412,0.024,9.893,0.023,9.78,0.023,12.0214,0.000155,12.5879,0.000869,11.3305,0.000485,9.68,0.022,9.766,0.02,9.756,0.048,8.693,,Theia8160,3311.311214825908,Kounkel2020,4821.0,10.423,
79209729,2.9227796750592097e+18,103.856466529322,-22.6818938791544,0.368891,16.8798,17.476,0.094,17.5297,0.0459,16.185,0.086,15.712,0.113,15.456,,17.3597,0.000728,17.7293,0.006756,16.8108,0.003722,15.674,0.05,15.884,0.132,12.635,,8.82,,Theia8160,3311.311214825908,Kounkel2020,5763.0,0.806872,1.03
79375687,2.922381441388708e+18,104.13532160385,-23.8308663854205,0.238865,15.8861,17.613,0.049,16.8938,0.0459,14.921,0.034,14.356,0.036,14.325,0.07,16.5622,0.00057,17.1595,0.00411,15.8327,0.002554,14.217,0.027,14.25,0.047,12.728,,9.024,,Theia8160,3311.311214825908,Kounkel2020,4921.0,2.65141,
