tic,GAIA,ra,dec,plx,tmag,Bmag,e_Bmag,Vmag,e_Vmag,Jmag,e_Jmag,Hmag,e_Hmag,Kmag,e_Kmag,GAIAmag,e_GAIAmag,gaiabp,e_gaiabp,gaiarp,e_gaiarp,w1mag,e_w1mag,w2mag,e_w2mag,w3mag,e_w3mag,w4mag,e_w4mag,assoc,age,ref,teff,rstar,mstar
353663661,4.51615560781309e+18,289.074668126317,19.3461653233075,0.408683,15.261,18.162,0.168,16.793,1.133,13.944,0.029,13.532,0.037,13.347,0.041,16.1827,0.000679,17.0488,0.005213,15.2533,0.002173,,,,,,,,,Berkeley_44,1445.439770745928,Cantat-Gaudin2020,5723.0,2.93106,1.02
353664515,4.516183576641246e+18,289.042711623793,19.457055154857,0.330351,11.478,16.235,0.0,13.935,0.114,9.58,0.021,8.609,0.026,8.296,0.019,12.7902,0.000399,14.2632,0.003223,11.6109,0.000755,8.121,0.023,8.25,0.019,8.099,0.027,8.035,0.223,Berkeley_44,1445.439770745928,Cantat-Gaudin2020,4271.0,42.1354,
353665699,4.516234257257879e+18,289.046224749831,19.623044077079,0.300704,15.1364,19.324,0.165,16.742,0.435,13.769,0.031,13.303,0.039,13.12,0.042,16.0797,0.000749,16.9679,0.006041,15.1257,0.002483,,,,,,,,,Berkeley_44,1445.439770745928,Cantat-Gaudin2020,6453.0,4.06732,1.31
354059921,4.5162417820410906e+18,289.153684561489,19.7760579455117,0.34982,15.8929,19.206,0.168,17.4141,0.0462,14.676,0.033,14.225,0.043,13.982,0.056,16.8194,0.000914,17.6891,0.007498,15.8835,0.005463,,,,,,,,,Berkeley_44,1445.439770745928,Cantat-Gaudin2020,5649.0,2.57699,1.0
354060318,4.516240957407752e+18,289.145571718567,19.7192400258136,0.261065,14.8767,17.981,0.168,16.352,0.355,13.63,0.029,13.221,0.035,12.986,0.035,15.7589,0.000598,16.5778,0.004497,14.8551,0.00181,12.822,0.045,12.926,0.049,11.219,,8.736,,Berkeley_44,1445.439770745928,Cantat-Gaudin2020,6560.0,4.72041,1.36
354060569,4.516240716889139e+18,289.123945125546,19.6784575802037,0.313667,15.1297,18.409,0.167,16.461,1.133,13.858,0.027,13.435,0.031,13.158,0.034,16.0435,0.00067,16.8942,0.003364,15.1142,0.001818,13.011,0.031,13.004,0.035,12.019,,8.751,,Berkeley_44,1445.439770745928,Cantat-Gaudin2020,6086.0,3.81843,1.14
354060937,4.516192681972335e+18,289.173519528849,19.6221542489752,0.260989,12.0706,17.871,0.167,14.723,0.126,10.142,0.02,9.136,0.016,8.83,0.019,13.4335,0.000372,14.9734,0.004131,12.2288,0.000894,8.63,0.023,8.732,0.02,8.675,0.034,9.069,0.504,Berkeley_44,1445.439770745928,Cantat-Gaudin2020,4331.0,41.9122,
354061891,4.516181824294535e+18,289.186022378331,19.494050647175,0.250156,13.8526,18.869,0.161,16.058,0.126,12.054,0.02,11.219,0.016,10.908,0.019,15.0665,0.000435,16.353,0.006283,13.9388,0.00131,10.733,0.024,10.852,0.022,10.922,0.162,8.684,,Berkeley_44,1445.439770745928,Cantat-Gaudin2020,4620.0,14.919,
354061943,4.516184637465736e+18,289.157520743783,19.4870340677445,0.224963,16.5397,20.05,0.172,18.024,0.0463,15.185,0.051,14.897,0.084,14.559,0.101,17.4499,0.000947,18.3026,0.009498,16.5298,0.004652,,,,,,,,,Berkeley_44,1445.439770745928,Cantat-Gaudin2020,6074.0,2.49093,1.14
354061078,4.516192338374925e+18,289.203466188639,19.603147552311,0.220224,15.4235,,,17.5136,0.0476,13.831,0.028,12.155,,13.017,0.037,16.5856,0.000782,17.7638,0.015883,15.4909,0.003254,,,,,,,,,Berkeley_44,1445.439770745928,Cantat-Gaudin2020,5717.0,6.46505,
354061666,4.516185191548912e+18,289.206391738364,19.522068080662,0.215562,16.5197,20.188,0.17,18.3099,0.0468,14.996,0.049,14.454,0.056,14.204,0.078,17.5613,0.001316,18.5765,0.011698,16.5418,0.005597,14.004,0.047,14.171,0.077,11.938,,8.882,,Berkeley_44,1445.439770745928,Cantat-Gaudin2020,5566.0,3.24229,
354204883,4.516166499851043e+18,289.240269110586,19.3240632481127,0.245947,16.3828,19.609,0.174,18.0145,0.0467,15.061,0.054,14.68,,14.145,,17.3579,0.000874,18.2813,0.011873,16.3803,0.005359,,,,,,,,,Berkeley_44,1445.439770745928,Cantat-Gaudin2020,5901.0,2.84782,1.07
354205941,4.516178834997179e+18,289.225999635675,19.3950681946102,0.336581,13.7377,17.835,0.163,15.626,0.137,12.143,0.023,11.449,0.023,11.221,0.018,14.824,0.000346,15.9259,0.004202,13.7774,0.001663,11.085,0.024,11.192,0.023,11.488,0.334,8.553,,Berkeley_44,1445.439770745928,Cantat-Gaudin2020,4787.0,9.88439,
354206077,4.516168527075655e+18,289.265865260961,19.4037099222479,0.335028,16.4812,19.615,0.171,18.1174,0.0484,15.022,0.047,14.528,0.063,14.388,0.09,17.4579,0.001075,18.3786,0.022522,16.4731,0.005029,,,,,,,,,Berkeley_44,1445.439770745928,Cantat-Gaudin2020,5601.0,2.208,0.99
354206156,4.516168561435384e+18,289.289938079733,19.4083377001538,0.384846,15.3488,18.518,0.169,16.446,0.709,13.9,0.038,13.427,0.047,13.261,0.046,16.2787,0.000687,17.1263,0.009394,15.3141,0.007005,12.826,0.048,12.896,0.051,11.922,,8.645,,Berkeley_44,1445.439770745928,Cantat-Gaudin2020,5660.0,,
354206312,4.5161685957955226e+18,289.297774105643,19.4165391071583,0.27947,15.7984,18.772,0.17,17.3582,0.0463,14.482,0.036,14.04,0.038,13.776,0.052,16.742,0.000801,17.6234,0.008705,15.7841,0.005578,13.603,0.036,13.752,0.048,11.839,,8.807,,Berkeley_44,1445.439770745928,Cantat-Gaudin2020,6103.0,3.22043,1.15
354206360,4.516180518624378e+18,289.229869387077,19.4197973894826,0.243874,16.4804,19.245,0.075,17.9641,0.0466,15.141,0.049,14.858,0.076,14.377,0.082,17.3903,0.001152,18.2265,0.012264,16.4541,0.005435,14.259,0.059,14.481,0.099,12.213,,8.39,,Berkeley_44,1445.439770745928,Cantat-Gaudin2020,6116.0,2.44898,1.15
354206393,4.516168664515007e+18,289.289542623987,19.4221559650146,0.356146,13.9775,18.57,0.162,16.035,0.137,12.202,0.024,11.442,0.026,11.212,0.021,15.1627,0.000431,16.419,0.005608,14.0487,0.001113,10.845,0.023,10.924,0.021,10.969,0.183,8.961,,Berkeley_44,1445.439770745928,Cantat-Gaudin2020,4493.0,10.0422,
354206863,4.516180724782831e+18,289.239393757937,19.4510344091817,0.326419,15.4683,18.714,0.167,16.706,0.16,14.126,0.029,13.748,0.033,13.648,0.042,16.3548,0.000718,17.1514,0.009213,15.4237,0.003897,13.386,0.025,13.605,0.034,11.778,,8.409,,Berkeley_44,1445.439770745928,Cantat-Gaudin2020,6325.0,3.00168,1.25
354207007,4.516180759142576e+18,289.244285519831,19.4606290868535,0.305473,13.8429,17.941,0.163,15.693,0.149,12.177,0.023,11.455,0.023,11.225,0.018,14.9783,0.000428,16.1384,0.004903,13.9008,0.001581,11.001,0.023,11.069,0.022,11.059,0.187,8.923,,Berkeley_44,1445.439770745928,Cantat-Gaudin2020,4944.0,10.7996,
354207080,4.516181132775711e+18,289.254933412724,19.4652373289775,0.419136,16.2485,19.439,0.169,17.7345,0.0471,14.66,0.041,14.206,0.051,13.805,,17.1596,0.000911,17.9819,0.014355,16.2078,0.009498,,,,,,,,,Berkeley_44,1445.439770745928,Cantat-Gaudin2020,5929.0,1.77983,1.08
354207128,4.5161808965819e+18,289.292252035314,19.4688508182829,0.302607,16.0443,19.434,0.168,17.5248,0.0467,14.695,0.034,14.278,0.046,14.212,0.065,16.9472,0.000836,17.8002,0.013437,16.0218,0.0041,13.996,0.031,14.29,0.047,11.963,,8.975,,Berkeley_44,1445.439770745928,Cantat-Gaudin2020,7184.0,2.49169,1.61
354207218,4.516181893014338e+18,289.248084598045,19.4736272496405,0.256375,16.2995,18.821,0.082,17.8293,0.0474,14.87,0.057,14.284,0.065,13.656,,17.2293,0.000859,18.0705,0.017503,16.2565,0.007626,13.45,0.038,13.549,0.044,11.572,,8.992,,Berkeley_44,1445.439770745928,Cantat-Gaudin2020,6342.0,2.64435,1.26
354207385,4.5161812014960783e+18,289.2983396586,19.4824764433278,0.36502,16.5128,20.167,0.168,18.1978,0.0468,15.16,0.038,14.675,0.055,14.553,0.086,17.5103,0.001119,18.4559,0.012364,16.5089,0.006293,,,,,,,,,Berkeley_44,1445.439770745928,Cantat-Gaudin2020,6219.0,2.00865,1.2
354207506,4.51618127453904e+18,289.290016769932,19.4905409681554,0.296394,16.2037,19.539,0.169,18.0253,0.0477,14.764,0.041,14.234,0.049,13.603,,17.2584,0.001092,18.2842,0.016889,16.2239,0.007221,,,,,,,,,Berkeley_44,1445.439770745928,Cantat-Gaudin2020,6193.0,2.97481,1.19
354207623,4.516182030453298e+18,289.270831836587,19.4973899922597,0.214138,16.0527,19.892,0.166,17.7767,0.0479,14.669,0.033,14.142,0.037,14.016,0.052,17.0671,0.001,18.0454,0.019589,16.0662,0.003209,14.009,0.056,14.369,0.077,12.439,,9.255,,Berkeley_44,1445.439770745928,Cantat-Gaudin2020,5931.0,3.83853,1.08
354207747,4.516182099172788e+18,289.258964326298,19.5044327546455,0.317807,15.5905,19.393,0.165,17.3354,0.0466,14.158,0.025,13.747,0.031,13.59,0.038,16.613,0.000756,17.606,0.011497,15.6084,0.001949,13.442,0.034,13.542,0.046,12.17,,9.239,,Berkeley_44,1445.439770745928,Cantat-Gaudin2020,5501.0,3.73418,
354208031,4.516182064813047e+18,289.280500043209,19.5154281382842,0.315337,14.1245,19.071,0.163,16.309,0.183,12.338,0.029,11.534,0.021,11.308,0.02,15.3703,0.000484,16.681,0.005102,14.2254,0.001396,11.163,0.03,11.218,0.029,11.085,0.121,9.156,,Berkeley_44,1445.439770745928,Cantat-Gaudin2020,4964.0,10.7786,
354208064,4.516187940328302e+18,289.291783210265,19.5172350141368,0.320488,15.1805,19.238,0.161,17.2036,0.0469,13.518,,13.058,0.034,12.902,0.034,16.316,0.000812,17.4641,0.012184,15.2426,0.003146,12.586,0.033,12.685,0.033,12.421,0.356,8.819,0.424,Berkeley_44,1445.439770745928,Cantat-Gaudin2020,5535.0,5.24763,
354208209,4.516182133532541e+18,289.271355588215,19.5261982651402,0.3633,15.614,19.285,0.165,17.3732,0.0479,14.12,0.027,13.61,0.03,13.488,0.037,16.6431,0.000776,17.6228,0.019555,15.6142,0.002812,,,,,,,,,Berkeley_44,1445.439770745928,Cantat-Gaudin2020,6041.0,3.17447,1.12
354208299,4.516187974688049e+18,289.299714735502,19.5311502513234,0.208793,14.8347,19.466,0.162,16.9884,0.0463,13.255,0.022,12.578,0.018,12.372,0.022,16.021,0.000912,17.2428,0.007225,14.9208,0.002095,12.231,0.025,12.286,0.023,12.888,,9.318,,Berkeley_44,1445.439770745928,Cantat-Gaudin2020,5570.0,9.328,
354208342,4.516188039084164e+18,289.290485025391,19.5331749282416,0.356133,16.6692,19.923,0.172,18.5048,0.0484,15.266,0.049,14.872,0.067,14.526,0.081,17.7299,0.001338,18.7592,0.020216,16.6879,0.007298,,,,,,,,,Berkeley_44,1445.439770745928,Cantat-Gaudin2020,5753.0,2.16194,1.03
354208394,4.5161882152062433e+18,289.268258010058,19.5358040210669,0.277399,15.1484,19.226,0.164,17.1034,0.0463,13.65,0.029,13.106,0.03,12.895,0.028,16.2575,0.000822,17.3632,0.007458,15.196,0.003274,12.667,0.029,12.691,0.033,12.464,0.358,8.998,,Berkeley_44,1445.439770745928,Cantat-Gaudin2020,5847.0,5.64722,
354208445,4.516188215206241e+18,289.275581793486,19.5381169530385,0.349881,16.6786,20.145,0.169,18.5942,0.0486,15.318,0.041,14.779,0.059,14.514,0.08,17.7714,0.001261,18.8545,0.019903,16.7181,0.0085,,,,,,,,,Berkeley_44,1445.439770745928,Cantat-Gaudin2020,6493.0,1.67896,1.33
354208447,4.516188039084184e+18,289.289921654671,19.5382468631475,0.300004,16.783,20.483,0.177,18.5483,0.0509,15.341,0.068,14.963,0.088,14.102,,17.8146,0.001251,18.8065,0.030318,16.7929,0.00761,,,,,,,,,Berkeley_44,1445.439770745928,Cantat-Gaudin2020,6087.0,2.19187,1.14
354208459,4.5161880090478095e+18,289.279157042057,19.5385825411015,0.279415,14.0208,18.971,0.162,16.424,0.057,12.219,0.022,11.389,0.019,11.142,0.02,15.3066,0.000486,16.6875,0.004839,14.1392,0.001114,10.919,0.024,10.969,0.023,10.636,0.07,9.332,,Berkeley_44,1445.439770745928,Cantat-Gaudin2020,4728.0,13.7395,
354208509,4.516188215206245e+18,289.276086956019,19.5423456755151,0.292799,15.4942,18.832,0.166,17.134,0.0463,14.111,0.024,13.741,0.03,13.598,0.041,16.4715,0.000818,17.4034,0.009066,15.4935,0.002419,13.316,0.036,13.415,0.041,12.631,,9.367,,Berkeley_44,1445.439770745928,Cantat-Gaudin2020,6456.0,3.69924,1.31
354208523,4.516188249565984e+18,289.277753990165,19.5443304907486,0.315197,15.4854,19.294,0.165,16.782,1.133,14.051,0.029,13.525,0.041,13.34,0.044,16.5489,0.000762,17.5988,0.0081,15.5222,0.00292,,,,,,,,,Berkeley_44,1445.439770745928,Cantat-Gaudin2020,5848.0,4.06723,1.06
354208548,4.516188043407548e+18,289.292965341409,19.547428692994,0.264584,13.9087,18.872,0.162,16.295,0.137,12.205,0.026,11.406,0.025,11.137,0.021,15.1492,0.000516,16.4603,0.006288,14.0165,0.001779,10.861,0.023,10.943,0.02,11.337,0.125,8.783,,Berkeley_44,1445.439770745928,Cantat-Gaudin2020,4997.0,13.7103,
354208569,4.5161881464867615e+18,289.298328696118,19.5495292181181,0.370822,14.0614,18.873,0.162,16.373,0.16,12.348,0.022,11.582,0.021,11.349,0.017,15.2661,0.000483,16.5239,0.004877,14.1468,0.00177,11.062,0.024,11.128,0.021,10.707,0.072,9.324,,Berkeley_44,1445.439770745928,Cantat-Gaudin2020,4806.0,9.58224,
354208620,4.5161882796024033e+18,289.258309028765,19.5553719216764,0.297449,16.6781,20.39,0.168,18.6106,0.0539,15.182,0.042,14.692,0.06,14.316,0.067,17.7782,0.001309,18.863,0.037293,16.7137,0.004834,14.241,0.045,14.704,0.086,12.286,0.316,8.733,,Berkeley_44,1445.439770745928,Cantat-Gaudin2020,5821.0,2.59881,1.05
354208635,4.516188352645202e+18,289.291285740662,19.5568122309853,0.334206,14.8007,17.453,0.172,16.742,0.15,13.294,0.046,12.798,0.044,12.383,,15.8865,0.000691,16.9683,0.005958,14.8466,0.001867,12.01,0.029,12.061,0.029,12.64,,9.37,,Berkeley_44,1445.439770745928,Cantat-Gaudin2020,5643.0,5.54787,
354208642,4.516188352645203e+18,289.287955505393,19.5571243447736,0.201316,14.2342,19.073,0.162,16.59,0.332,12.499,0.024,11.697,0.022,11.461,0.021,15.4964,0.000505,16.8285,0.006777,14.3474,0.002365,,,,,,,,,Berkeley_44,1445.439770745928,Cantat-Gaudin2020,5151.0,14.8766,
354208690,4.516188352645207e+18,289.287600121001,19.5623220994541,0.378137,15.3043,18.979,0.165,16.848,1.133,13.87,0.025,13.347,0.027,13.202,0.026,16.3642,0.000802,17.4077,0.007423,15.3376,0.001808,12.999,0.029,13.193,0.034,12.205,,9.327,0.52,Berkeley_44,1445.439770745928,Cantat-Gaudin2020,5692.0,3.78938,
354208697,4.516188318285476e+18,289.275037737843,19.5634084028809,0.234603,16.1883,19.664,0.167,17.9169,0.0474,14.688,0.034,14.171,0.044,13.955,0.056,17.2032,0.000944,18.1743,0.01674,16.1892,0.00398,13.747,0.033,14.068,0.057,12.414,,9.14,,Berkeley_44,1445.439770745928,Cantat-Gaudin2020,6500.0,3.31938,1.33
354208711,4.5161883139621714e+18,289.272983723199,19.5644774882538,0.457909,16.4376,19.972,0.169,18.313,0.0474,14.925,0.043,14.452,0.053,14.25,0.07,17.5137,0.000959,18.5787,0.015829,16.474,0.003779,,,,,,,,,Berkeley_44,1445.439770745928,Cantat-Gaudin2020,5456.0,2.00168,0.95
354208725,4.516188387004944e+18,289.297541504839,19.5662650958114,0.284232,14.7258,18.38,0.166,16.574,0.114,13.261,0.031,12.706,0.032,12.506,0.032,15.8098,0.000595,16.8895,0.00616,14.7721,0.001739,12.066,0.026,12.08,0.024,12.735,,8.937,,Berkeley_44,1445.439770745928,Cantat-Gaudin2020,5793.0,6.52725,
354319544,4.516191307582868e+18,289.244730721491,19.5720488530195,0.387391,13.8798,18.965,0.162,16.292,0.057,12.053,0.022,11.248,0.021,10.956,0.018,15.1672,0.000421,16.5699,0.004527,13.9962,0.001032,10.782,0.024,10.854,0.022,10.85,0.096,9.043,,Berkeley_44,1445.439770745928,Cantat-Gaudin2020,4726.0,9.76094,
354319549,4.5161913763021983e+18,289.271720244753,19.5728541483926,0.371707,16.0408,19.214,0.168,17.7176,0.0465,14.628,0.032,14.195,0.042,14.053,0.055,17.035,0.000819,17.9756,0.010357,16.0359,0.00403,,,,,,,,,Berkeley_44,1445.439770745928,Cantat-Gaudin2020,6128.0,2.4348,1.16
354319631,4.51619141066194e+18,289.281906701969,19.5839829441514,0.2189,14.4236,17.303,0.165,16.175,0.126,12.795,,12.465,0.036,12.258,0.034,15.4676,0.000511,16.4931,0.004519,14.4544,0.001683,11.797,0.025,11.818,0.024,12.513,0.394,9.341,,Berkeley_44,1445.439770745928,Cantat-Gaudin2020,6141.0,8.64661,
354319678,4.516191410661945e+18,289.277704381146,19.5895047901262,0.19848,13.9552,18.672,0.162,16.308,0.092,12.226,0.022,11.444,0.019,11.207,0.018,15.1824,0.000542,16.473,0.005266,14.0587,0.001278,11.061,0.024,11.141,0.023,11.26,0.136,9.29,,Berkeley_44,1445.439770745928,Cantat-Gaudin2020,5070.0,16.4914,
354319687,4.516191445021689e+18,289.268645481244,19.5905097867276,0.413685,13.9542,18.57,0.162,16.324,0.046,12.223,0.024,11.429,0.025,11.185,0.02,15.1749,0.000494,16.4739,0.006473,14.0452,0.001381,10.924,0.023,10.997,0.022,11.467,0.168,9.337,,Berkeley_44,1445.439770745928,Cantat-Gaudin2020,4609.0,9.20918,
354319692,4.516191410661944e+18,289.284218358058,19.5911289407145,0.288415,15.1536,18.429,0.166,16.511,1.133,13.731,0.024,13.262,0.025,13.156,0.033,16.1912,0.000779,17.2015,0.007214,15.1761,0.002733,12.923,0.034,12.906,0.034,12.455,,9.292,,Berkeley_44,1445.439770745928,Cantat-Gaudin2020,5768.0,4.95327,
354319707,4.516191788619064e+18,289.290118446298,19.5926950930316,0.350773,15.8122,19.362,0.166,17.5827,0.0465,14.402,0.027,13.935,0.034,13.715,0.043,16.8458,0.00095,17.8587,0.010271,15.8405,0.003143,13.313,0.037,13.283,0.043,12.54,,9.382,,Berkeley_44,1445.439770745928,Cantat-Gaudin2020,5637.0,3.11869,1.0
354319716,4.5161914063376353e+18,289.278220207999,19.5939919306457,0.228428,16.4816,19.952,0.169,18.1837,0.0468,15.073,0.041,14.741,0.056,14.316,0.071,17.4863,0.001442,18.4527,0.012165,16.4912,0.005875,14.477,0.067,14.848,0.099,12.669,,8.94,,Berkeley_44,1445.439770745928,Cantat-Gaudin2020,6243.0,2.89195,1.21
354319720,4.5161917886190623e+18,289.294033837835,19.5943357054261,0.307447,15.0222,,,16.655,1.133,13.589,0.027,13.026,0.036,12.885,0.037,16.0713,0.000678,17.1007,0.00354,15.0519,0.002187,,,,,,,,,Berkeley_44,1445.439770745928,Cantat-Gaudin2020,5660.0,5.11045,
354319851,4.516191822978812e+18,289.299487006138,19.6107804928091,0.347625,15.8724,19.47,0.167,17.59,0.0464,14.437,0.032,13.997,0.034,13.772,0.043,16.8841,0.000835,17.8591,0.009623,15.8853,0.004053,13.671,0.026,13.937,0.032,12.725,,9.326,,Berkeley_44,1445.439770745928,Cantat-Gaudin2020,5782.0,2.92248,1.04
354320306,4.516193193044232e+18,289.235396727792,19.6675736308775,0.255743,16.7968,19.79,0.165,18.4206,0.0475,15.374,,14.962,0.073,14.865,0.111,17.7684,0.001398,18.674,0.017541,16.7795,0.006283,,,,,,,,,Berkeley_44,1445.439770745928,Cantat-Gaudin2020,6034.0,2.21327,1.12
354320756,4.516240407651479e+18,289.220820063002,19.7211742259218,0.19403,15.5589,18.812,0.169,17.115,0.0462,14.242,0.037,13.819,0.045,13.657,0.05,16.5003,0.000832,17.398,0.007813,15.561,0.002415,,,,,,,,,Berkeley_44,1445.439770745928,Cantat-Gaudin2020,6338.0,4.55365,1.25
1808809094,4.516168561435384e+18,289.289938079733,19.4083377001538,0.384846,15.3488,,,16.8775,0.0465,,,,,,,16.2787,0.000687,17.1263,0.009394,15.3141,0.007005,,,,,,,,,Berkeley_44,1445.439770745928,Cantat-Gaudin2020,5660.0,,
1808820553,4.516180552984122e+18,289.242981098653,19.4343471797798,0.352216,15.2187,,,16.7402,0.046,,,,,,,16.1456,0.000753,17.0069,0.004967,15.2014,0.002496,,,,,,,,,Berkeley_44,1445.439770745928,Cantat-Gaudin2020,5810.0,3.4282,1.04
1808820743,4.5161807247576914e+18,289.235780280833,19.4450307336246,0.338676,16.3135,,,18.7209,0.129,,,,,,,17.4405,0.002592,17.8444,0.099956,15.1639,0.081272,,,,,,,,,Berkeley_44,1445.439770745928,Cantat-Gaudin2020,,,
1808822383,4.51618196171048e+18,289.241833760211,19.4938151169745,0.33326,16.2028,,,17.6964,0.0499,,,,,,,17.1171,0.001046,17.9091,0.028788,16.1279,0.012927,,,,,,,,,Berkeley_44,1445.439770745928,Cantat-Gaudin2020,6127.0,2.21566,1.16
354203438,4.516161758207068e+18,289.306143923492,19.2344654744998,0.350309,16.1928,19.881,0.166,17.9901,0.047,14.756,0.032,14.198,0.041,14.037,0.055,17.2377,0.001008,18.2325,0.012942,16.1925,0.006801,,,,,,,,,Berkeley_44,1445.439770745928,Cantat-Gaudin2020,5763.0,2.63102,1.03
354205861,4.5161683209175854e+18,289.321397519342,19.3902174098363,0.219792,16.2015,20.097,0.166,18.0237,0.0465,14.824,0.033,14.342,0.046,14.175,0.06,17.2567,0.000935,18.3025,0.009295,16.2421,0.004955,14.063,0.046,14.186,0.067,12.298,,9.196,,Berkeley_44,1445.439770745928,Cantat-Gaudin2020,6074.0,3.70856,1.14
354205995,4.5161683552773366e+18,289.303605601739,19.3981993055474,0.370633,15.2877,18.43,0.167,16.553,0.309,13.721,0.027,13.26,0.027,13.108,0.032,16.3023,0.000911,17.2317,0.009316,15.2502,0.010647,12.851,0.027,12.962,0.032,11.985,,9.025,,Berkeley_44,1445.439770745928,Cantat-Gaudin2020,5532.0,3.68304,
354206561,4.516169042472132e+18,289.302848493964,19.4331998276495,0.212918,15.3949,18.131,0.063,16.414,1.133,14.119,0.026,13.737,0.032,13.571,0.039,16.2843,0.000726,17.1176,0.004275,15.376,0.002679,13.332,0.034,13.393,0.039,12.012,,8.803,,Berkeley_44,1445.439770745928,Cantat-Gaudin2020,6785.0,4.39535,1.46
354207169,4.5161809996611057e+18,289.312642385373,19.4712737477116,0.248721,13.8218,18.772,0.162,15.933,0.217,12.152,0.022,11.394,0.021,11.169,0.02,15.0039,0.000402,16.2245,0.003079,13.9097,0.001095,10.763,0.022,10.816,0.019,11.008,0.168,8.656,,Berkeley_44,1445.439770745928,Cantat-Gaudin2020,5479.0,13.1655,
354207199,4.5161810340208445e+18,289.313593415232,19.47331017434,0.303024,14.7366,19.058,0.163,16.541,0.275,13.023,0.027,12.231,0.025,12.031,0.025,15.9142,0.000734,17.1047,0.005245,14.7974,0.004656,,,,,,,,,Berkeley_44,1445.439770745928,Cantat-Gaudin2020,5389.0,7.28094,
354207920,4.516187115694565e+18,289.313407890762,19.5083909963395,0.30236,15.1332,20.071,0.163,16.47,0.172,13.681,0.031,13.257,0.036,13.066,0.033,16.128,0.000715,17.0809,0.006894,15.1347,0.003242,12.748,0.036,12.797,0.039,12.929,,9.316,,Berkeley_44,1445.439770745928,Cantat-Gaudin2020,6553.0,4.35511,1.36
354207993,4.5161872187737815e+18,289.315294729146,19.512550325523,0.395997,14.8917,18.347,0.171,16.483,0.263,13.504,0.047,13.018,0.026,12.814,0.028,15.9052,0.000583,16.8884,0.004408,14.9108,0.001709,,,,,,,,,Berkeley_44,1445.439770745928,Cantat-Gaudin2020,5995.0,3.99658,1.1
354208078,4.516187218773791e+18,289.306381877444,19.5182557797382,0.309294,12.4099,17.376,-0.203,15.121,0.103,10.485,0.022,9.518,0.019,9.205,0.017,13.7794,0.000351,15.3136,0.002511,12.575,0.000965,9.034,0.022,9.145,0.02,9.107,0.026,9.259,0.497,Berkeley_44,1445.439770745928,Cantat-Gaudin2020,4474.0,30.6659,
354208103,4.516187218773784e+18,289.322032486287,19.5198409655881,0.470719,16.1673,19.867,0.167,17.783,0.0467,14.862,0.034,14.381,0.048,14.22,0.059,17.1354,0.00091,18.0583,0.012546,16.1708,0.003284,,,,,,,,,Berkeley_44,1445.439770745928,Cantat-Gaudin2020,6068.0,1.79449,1.13
354208145,4.516187253133521e+18,289.327332226429,19.5227531141639,0.365867,15.5798,18.372,0.169,17.2299,0.0464,14.087,0.033,13.612,0.038,13.519,0.044,16.5622,0.000814,17.4736,0.008922,15.5559,0.005972,,,,,,,,,Berkeley_44,1445.439770745928,Cantat-Gaudin2020,6281.0,2.96446,1.23
354208213,4.516187974688044e+18,289.300577751669,19.5266644385146,0.320817,15.682,18.922,0.168,17.3742,0.0473,14.275,0.033,13.782,0.037,13.644,0.043,16.682,0.00077,17.6325,0.016702,15.6786,0.003381,,,,,,,,,Berkeley_44,1445.439770745928,Cantat-Gaudin2020,6403.0,3.24829,1.29
354208244,4.516187321853003e+18,289.328657841383,19.5283786539314,0.28635,14.979,18.795,0.165,16.887,1.133,13.537,0.025,13.053,0.023,12.87,0.026,16.0217,0.000779,17.0425,0.004451,15.0045,0.001511,12.525,0.025,12.606,0.022,12.306,0.307,9.434,,Berkeley_44,1445.439770745928,Cantat-Gaudin2020,6328.0,5.27788,
354208358,4.516187974688052e+18,289.301456776291,19.5338442705292,0.270393,15.0926,18.772,0.166,16.904,1.133,13.724,0.031,13.237,0.034,13.108,0.033,16.0885,0.000799,17.0457,0.009478,15.0994,0.00288,12.723,0.024,12.75,0.022,12.482,0.355,9.406,,Berkeley_44,1445.439770745928,Cantat-Gaudin2020,6437.0,4.90328,1.3
354208371,4.516188077767261e+18,289.310466046864,19.5343992705969,0.375936,15.4846,,,17.1412,0.0463,13.978,0.048,13.522,0.053,13.409,0.058,16.4701,0.000697,17.3978,0.009373,15.475,0.002702,,,,,,,,,Berkeley_44,1445.439770745928,Cantat-Gaudin2020,6175.0,,
354208382,4.516188077767257e+18,289.31613885035,19.5350838436939,0.313173,13.9509,18.872,0.162,16.3,0.195,12.236,0.022,11.465,0.021,11.195,0.022,15.177,0.000425,16.4613,0.005287,14.0434,0.00104,10.596,0.022,10.628,0.019,10.053,0.046,9.368,,Berkeley_44,1445.439770745928,Cantat-Gaudin2020,4749.0,12.6757,
354208412,4.516188077767263e+18,289.309044414648,19.5364750372135,0.301886,15.6535,,,17.3123,0.0463,14.274,0.05,13.766,0.054,13.626,0.067,16.6393,0.000855,17.5726,0.00869,15.647,0.00381,,,,,,,,,Berkeley_44,1445.439770745928,Cantat-Gaudin2020,6381.0,3.39917,1.27
354208416,4.516188077767262e+18,289.310540652458,19.5367594135977,0.219844,15.6875,,,17.3707,0.0464,14.279,0.06,13.719,0.072,13.607,0.063,16.6817,0.000785,17.6296,0.00942,15.6804,0.00322,,,,,,,,,Berkeley_44,1445.439770745928,Cantat-Gaudin2020,6774.0,4.30871,1.45
354208435,4.5161879746880527e+18,289.305896671959,19.5378369841071,0.143723,13.969,18.772,0.162,16.246,0.103,12.273,0.022,11.478,0.019,11.235,0.018,15.2024,0.000472,16.491,0.004699,14.0721,0.001608,10.824,0.022,10.836,0.019,10.699,0.07,9.339,,Berkeley_44,1445.439770745928,Cantat-Gaudin2020,5351.0,20.1527,
354208437,4.516188077767266e+18,289.30897585715,19.5378616224872,0.320284,13.9862,,,16.155,0.126,12.28,0.03,11.522,0.03,11.267,0.025,15.2043,0.000389,16.4807,0.004475,14.0799,0.001028,10.529,0.027,10.427,0.021,10.172,0.05,9.349,,Berkeley_44,1445.439770745928,Cantat-Gaudin2020,4960.0,10.891,
354208481,4.516187356212951e+18,289.327819476371,19.5401171362278,0.349862,15.7315,19.269,0.167,17.4292,0.0468,14.249,0.032,13.675,0.036,13.558,0.045,16.7346,0.000732,17.6719,0.011326,15.7145,0.00796,,,,,,,,,Berkeley_44,1445.439770745928,Cantat-Gaudin2020,6127.0,,
354208506,4.5161880777439217e+18,289.313138389952,19.5422635113663,0.199551,15.2297,18.32,0.169,16.672,0.343,13.689,0.036,13.166,0.051,13.055,0.046,16.248,0.000792,17.1803,0.011346,15.1856,0.006878,,,,,,,,,Berkeley_44,1445.439770745928,Cantat-Gaudin2020,6661.0,5.93491,
354208511,4.5161880777672704e+18,289.308639472729,19.5424952248965,0.360811,15.9416,19.2,0.169,17.5614,0.0478,14.717,0.036,14.299,0.042,14.249,0.08,16.9108,0.000778,17.8199,0.020264,15.9279,0.003368,,,,,,,,,Berkeley_44,1445.439770745928,Cantat-Gaudin2020,6312.0,2.4975,1.24
354208515,4.516187356212752e+18,289.329118224277,19.5430424424342,0.251954,16.6809,19.422,0.17,18.4032,0.0551,14.775,0.041,14.327,0.045,14.167,0.06,17.6264,0.001277,18.5071,0.031004,16.4332,0.028501,,,,,,,,,Berkeley_44,1445.439770745928,Cantat-Gaudin2020,,,
354208552,4.516188146486752e+18,289.30899987078,19.5477867889665,0.259082,15.1888,18.984,0.166,16.791,1.133,13.831,0.031,13.341,0.04,13.263,0.042,16.2084,0.000743,17.1964,0.008935,15.2041,0.003038,,,,,,,,,Berkeley_44,1445.439770745928,Cantat-Gaudin2020,6453.0,4.87804,1.31
354208553,4.516188112127005e+18,289.322759004741,19.5481747706996,0.322905,15.8979,19.817,0.175,20.979,0.15,14.339,0.066,12.884,,12.575,,16.9653,0.000998,17.9735,0.011451,15.8891,0.007517,,,,,,,,,Berkeley_44,1445.439770745928,Cantat-Gaudin2020,5808.0,3.32845,1.04
354208564,4.5161881121270006e+18,289.32994036733,19.5491249483331,0.194255,16.4214,19.85,0.168,18.2024,0.0469,14.989,0.037,14.469,0.05,14.297,0.07,17.4581,0.00123,18.4183,0.011655,16.3897,0.006716,,,,,,,,,Berkeley_44,1445.439770745928,Cantat-Gaudin2020,6521.0,3.3479,1.34
354208574,4.51618811212701e+18,289.319966269716,19.5501438237333,0.384158,15.4207,19.096,0.173,17.1973,0.0461,13.829,0.059,12.638,,11.565,,16.4571,0.000737,17.4667,0.006558,15.4438,0.002755,,,,,,,,,Berkeley_44,1445.439770745928,Cantat-Gaudin2020,5838.0,3.37862,1.05
354208576,4.516188146486753e+18,289.312741414804,19.5505556864125,0.220553,15.8497,19.579,0.177,17.5875,0.0464,15.241,0.062,16.153,0.246,13.331,0.089,16.8679,0.000725,17.8486,0.010183,15.8551,0.002639,,,,,,,,,Berkeley_44,1445.439770745928,Cantat-Gaudin2020,6606.0,4.12219,1.38
354208593,4.516188180846492e+18,289.313936506277,19.5526749155293,0.279054,16.0489,19.073,0.169,17.7591,0.0477,14.778,0.035,14.28,0.048,14.025,0.074,17.0568,0.000884,17.99,0.017267,16.0215,0.007374,,,,,,,,,Berkeley_44,1445.439770745928,Cantat-Gaudin2020,6305.0,3.12119,1.24
354208623,4.51618817652319e+18,289.31018557256,19.5557171142589,0.305091,15.6754,19.379,0.166,17.4277,0.0465,14.267,0.03,13.769,0.027,13.641,0.04,16.7015,0.000808,17.7012,0.010458,15.6982,0.002335,,,,,,,,,Berkeley_44,1445.439770745928,Cantat-Gaudin2020,6113.0,3.56994,1.15
354208633,4.51618849008413e+18,289.332149948276,19.5567601845938,0.300432,15.4496,18.839,0.167,17.1549,0.0462,14.064,0.032,13.623,0.039,13.442,0.04,16.4559,0.000731,17.4262,0.008006,15.4625,0.002179,,,,,,,,,Berkeley_44,1445.439770745928,Cantat-Gaudin2020,6099.0,3.90308,1.15
354208655,4.516188180846501e+18,289.311048337888,19.5585105018863,0.286706,13.2963,17.973,0.162,15.627,0.08,11.389,0.024,10.598,0.022,10.337,0.02,14.5835,0.000428,15.9588,0.009882,13.4056,0.00296,10.047,0.024,10.077,0.02,9.86,0.039,9.339,,Berkeley_44,1445.439770745928,Cantat-Gaudin2020,4697.0,18.895,
354208661,4.516188180846503e+18,289.307834468688,19.5592650396045,0.22714,14.097,19.167,0.162,16.803,0.206,12.296,0.023,11.483,0.021,11.21,0.018,15.3943,0.000427,16.7849,0.005475,14.2254,0.001605,10.743,0.022,10.801,0.019,10.347,0.055,8.695,0.288,Berkeley_44,1445.439770745928,Cantat-Gaudin2020,4929.0,15.608,
354208694,4.516188180846506e+18,289.309356135122,19.5629785095765,0.351531,16.0194,17.674,0.071,17.7597,0.0474,14.628,0.035,14.034,0.038,13.972,0.057,17.0406,0.000945,18.025,0.016668,16.0322,0.004889,,,,,,,,,Berkeley_44,1445.439770745928,Cantat-Gaudin2020,6008.0,2.69796,1.11
354208695,4.5161881808465e+18,289.31842108805,19.5631007484942,0.289943,15.2014,19.335,0.164,17.2257,0.0463,13.642,0.03,13.022,0.034,12.83,0.037,16.337,0.000755,17.4772,0.008103,15.2543,0.001596,,,,,,,,,Berkeley_44,1445.439770745928,Cantat-Gaudin2020,5454.0,5.70936,
354208696,4.5161881808465065e+18,289.307890874035,19.5631751999994,0.280339,14.5217,17.948,0.167,16.321,0.08,13.098,0.031,12.611,0.032,12.407,0.03,15.559,0.000545,16.5697,0.008463,14.5444,0.002086,11.973,0.024,11.972,0.021,11.393,0.131,8.96,,Berkeley_44,1445.439770745928,Cantat-Gaudin2020,6117.0,6.64753,
354208702,4.516188180846503e+18,289.31391423814,19.5637428740015,0.338477,15.2327,19.321,0.163,17.1206,0.0466,13.797,0.022,13.271,0.026,13.025,0.028,16.3145,0.000831,17.3866,0.01051,15.2727,0.00245,12.659,0.024,12.678,0.021,11.338,0.121,8.947,0.375,Berkeley_44,1445.439770745928,Cantat-Gaudin2020,5652.0,4.47335,
354208715,4.5161881808465024e+18,289.317230429387,19.5647614552684,0.191556,14.0588,18.97,0.162,16.707,0.229,12.198,0.027,11.375,0.026,11.063,0.022,15.3746,0.000458,16.7912,0.007181,14.1932,0.001868,10.668,0.022,10.758,0.019,10.095,0.044,8.702,0.289,Berkeley_44,1445.439770745928,Cantat-Gaudin2020,4891.0,18.6654,
354208719,4.516188558803618e+18,289.328176522959,19.5653808355711,0.369298,14.9531,19.021,0.164,16.8168,0.0461,13.496,0.025,12.952,0.022,12.752,0.024,16.0246,0.000811,17.0863,0.006119,14.9912,0.002699,,,,,,,,,Berkeley_44,1445.439770745928,Cantat-Gaudin2020,5494.0,4.69276,
354208723,4.516188558803617e+18,289.330733424211,19.5658237624659,0.182483,16.1647,19.988,0.166,17.9386,0.0466,14.796,0.033,14.239,0.038,14.019,0.052,17.1992,0.000948,18.2012,0.010612,16.1795,0.004108,,,,,,,,,Berkeley_44,1445.439770745928,Cantat-Gaudin2020,6336.0,4.04479,1.25
354208737,4.516188387004941e+18,289.305222294118,19.5681828221683,0.329486,15.9361,19.688,0.169,17.7261,0.0465,14.495,0.044,13.969,0.051,13.768,0.06,16.9781,0.000805,17.9952,0.010303,15.9613,0.003438,,,,,,,,,Berkeley_44,1445.439770745928,Cantat-Gaudin2020,6466.0,2.58422,1.32
354208738,4.516188387004941e+18,289.303084620638,19.5682312129894,0.389171,13.2295,18.717,0.164,15.642,0.023,11.263,0.022,10.359,0.021,10.079,0.018,14.5327,0.000344,15.9278,0.009431,13.3227,0.007231,9.845,0.023,9.947,0.02,10.006,0.043,9.411,,Berkeley_44,1445.439770745928,Cantat-Gaudin2020,4489.0,15.5031,
354319583,4.516188593163366e+18,289.33204810309,19.5777216372387,0.27566,13.8408,18.87,0.162,16.211,0.126,12.093,0.022,11.297,0.021,11.048,0.017,15.0743,0.000449,16.3815,0.006097,13.9444,0.001179,10.859,0.022,10.966,0.019,11.451,0.138,9.331,,Berkeley_44,1445.439770745928,Cantat-Gaudin2020,4849.0,13.7942,
354319604,4.5161887649620726e+18,289.307472728131,19.5806478781144,0.281445,15.6239,19.503,0.165,17.4864,0.0468,14.167,0.03,13.654,0.04,13.448,0.034,16.6957,0.000838,17.7515,0.012677,15.6585,0.002794,,,,,,,,,Berkeley_44,1445.439770745928,Cantat-Gaudin2020,5876.0,4.2237,1.06
354319769,4.516188868041293e+18,289.321822721477,19.5997532063953,0.29705,16.1186,19.658,0.169,17.8125,0.0466,14.729,0.043,14.298,0.049,13.978,0.064,17.1201,0.000999,18.0861,0.011153,16.132,0.004297,13.955,0.043,14.072,0.057,12.879,,9.324,,Berkeley_44,1445.439770745928,Cantat-Gaudin2020,5714.0,2.95072,1.02
354319831,4.516191822978809e+18,289.302500810998,19.6082614982594,0.312286,15.3569,19.194,0.165,17.148,0.0464,13.947,0.026,13.412,0.032,13.209,0.033,16.3992,0.000824,17.4219,0.00966,15.3869,0.002388,13.059,0.033,13.235,0.043,12.77,,8.899,,Berkeley_44,1445.439770745928,Cantat-Gaudin2020,5685.0,4.27163,
354319915,4.516191926058028e+18,289.310565897134,19.6193797587651,0.319211,16.2823,19.977,0.167,18.0109,0.0483,14.886,0.037,14.313,0.047,14.183,0.061,17.2986,0.00109,18.2625,0.020996,16.2794,0.00522,13.97,0.026,14.058,0.035,12.648,,9.217,,Berkeley_44,1445.439770745928,Cantat-Gaudin2020,5828.0,2.61522,1.05
354319916,4.516189005480258e+18,289.328185213189,19.6194682615367,0.351336,13.9281,18.872,0.162,16.125,0.057,12.198,0.025,11.397,0.025,11.169,0.021,15.1253,0.000479,16.3871,0.004177,14.0024,0.001764,10.801,0.022,10.908,0.021,10.804,0.105,9.084,,Berkeley_44,1445.439770745928,Cantat-Gaudin2020,4581.0,10.4973,
354319925,4.516191921733788e+18,289.316308927086,19.6201810035009,0.272233,16.7862,20.256,0.173,18.464,0.0523,15.342,0.055,14.825,0.079,14.76,0.102,17.781,0.001299,18.7181,0.036536,16.7778,0.005955,14.25,0.072,14.608,0.08,12.303,,8.889,,Berkeley_44,1445.439770745928,Cantat-Gaudin2020,5797.0,2.25938,1.04
354320062,4.516192029137256e+18,289.312255026197,19.6383703493571,0.288083,15.052,18.654,0.166,16.6539,0.046,13.759,0.026,13.247,0.03,13.103,0.032,16.0142,0.000751,16.9333,0.004606,15.0578,0.002697,,,,,,,,,Berkeley_44,1445.439770745928,Cantat-Gaudin2020,5975.0,4.58708,1.1
354320132,4.5161935066063206e+18,289.333286679896,19.6478950654708,0.336274,16.2081,19.633,0.169,17.7267,0.0469,14.904,0.041,14.398,0.056,14.268,0.068,17.1336,0.001067,17.9789,0.014906,16.1757,0.003797,,,,,,,,,Berkeley_44,1445.439770745928,Cantat-Gaudin2020,6119.0,2.24013,1.15
354722908,4.5166179824843817e+18,289.357597251524,19.8106152101851,0.378558,16.422,19.344,0.085,17.8118,0.0467,15.243,0.062,14.787,0.081,14.761,0.115,17.289,0.001106,18.0792,0.01381,16.391,0.004204,,,,,,,,,Berkeley_44,1445.439770745928,Cantat-Gaudin2020,5564.0,1.77054,0.98
354723056,4.516570879607684e+18,289.373085576748,19.7933252722343,0.358555,16.4937,19.127,0.075,17.8339,0.0463,15.139,0.047,14.835,0.071,14.709,0.096,17.3381,0.000999,18.1031,0.009601,16.4611,0.003877,,,,,,,,,Berkeley_44,1445.439770745928,Cantat-Gaudin2020,5745.0,1.70368,1.03
354723453,4.516195224593071e+18,289.356423427138,19.7423094887936,0.43722,16.339,19.128,0.071,17.7121,0.0462,15.133,0.042,14.739,0.062,14.901,0.112,17.1982,0.000954,17.9854,0.00776,16.3124,0.004425,14.62,0.076,15.545,0.147,12.282,,8.719,,Berkeley_44,1445.439770745928,Cantat-Gaudin2020,5545.0,1.58405,0.98
354723697,4.516194365599607e+18,289.359100900688,19.7123902486457,0.256411,16.3455,18.891,0.076,17.739,0.0465,15.136,0.048,14.642,0.063,14.652,0.113,17.2139,0.001032,18.0103,0.011692,16.3183,0.004546,,,,,,,,,Berkeley_44,1445.439770745928,Cantat-Gaudin2020,6346.0,2.35224,1.26
354724210,4.516190551668814e+18,289.377766469168,19.6447563227663,0.308333,14.0567,18.57,0.162,16.037,0.08,12.208,0.024,11.447,0.025,11.228,0.022,15.2133,0.000469,16.3994,0.005241,14.1164,0.002465,10.916,0.024,10.998,0.022,10.903,0.15,8.918,,Berkeley_44,1445.439770745928,Cantat-Gaudin2020,4872.0,,
354724452,4.516190208071415e+18,289.36714708976,19.6152296166024,0.418081,16.2318,19.39,0.171,17.7299,0.0467,14.976,0.043,14.609,0.057,14.255,0.066,17.1482,0.000951,17.9955,0.013421,16.2105,0.00373,14.328,0.062,14.314,0.058,12.647,,9.14,,Berkeley_44,1445.439770745928,Cantat-Gaudin2020,6015.0,1.81057,1.11
354724565,4.516188696242589e+18,289.347075827106,19.5993259918506,0.265318,14.009,18.971,0.162,16.322,0.15,12.265,0.025,11.496,0.021,11.277,,15.2378,0.000446,16.5321,0.006711,14.1075,0.00159,10.967,0.023,11.091,0.023,11.101,0.116,8.915,,Berkeley_44,1445.439770745928,Cantat-Gaudin2020,4908.0,12.9931,
354724653,4.516188661883172e+18,289.372952192788,19.5877851736644,0.37993,15.1735,18.877,0.165,16.607,1.133,13.789,0.027,13.305,0.026,13.074,0.029,16.1886,0.000808,17.1701,0.005437,15.1894,0.001962,,,,,,,,,Berkeley_44,1445.439770745928,Cantat-Gaudin2020,5810.0,3.71203,1.04
354724657,4.516188661882832e+18,289.364510973415,19.5873452729221,0.205814,15.5852,19.393,0.166,16.709,1.133,14.159,0.03,13.656,0.03,13.473,0.041,16.6075,0.000844,17.5951,0.008729,15.5968,0.002588,,,,,,,,,Berkeley_44,1445.439770745928,Cantat-Gaudin2020,6405.0,4.93287,1.29
354724667,4.5161893834376765e+18,289.384294558239,19.5862652172811,0.426646,15.804,20.033,0.165,17.3434,0.0464,14.374,0.035,13.971,0.045,13.713,0.051,16.7383,0.000912,17.5834,0.009711,15.7613,0.004802,,,,,,,,,Berkeley_44,1445.439770745928,Cantat-Gaudin2020,6259.0,2.17794,1.22
354724675,4.516188661882827e+18,289.3673989615,19.5855195099173,0.329512,13.8327,18.87,0.162,16.162,0.069,12.084,0.022,11.294,0.021,11.031,0.018,15.0622,0.000454,16.3611,0.004629,13.9256,0.001223,10.746,0.023,10.824,0.021,10.664,0.081,8.623,,Berkeley_44,1445.439770745928,Cantat-Gaudin2020,4746.0,11.927,
354724682,4.5161886962425774e+18,289.349800743293,19.5847541189052,0.239864,15.6576,19.942,0.163,17.6139,0.0478,14.16,0.025,13.673,0.028,13.373,0.035,16.767,0.00085,17.8651,0.017077,15.6966,0.004492,13.296,0.031,13.381,0.036,12.086,0.264,9.344,,Berkeley_44,1445.439770745928,Cantat-Gaudin2020,5640.0,5.0753,
354724706,4.516188627523088e+18,289.362557561324,19.5820653729939,0.289351,15.204,18.773,0.166,16.906,1.133,13.717,0.027,13.237,0.032,13.04,0.032,16.2507,0.000813,17.267,0.009611,15.2237,0.001848,,,,,,,,,Berkeley_44,1445.439770745928,Cantat-Gaudin2020,5859.0,4.85597,
354724737,4.516187901644271e+18,289.37799115237,19.5774231797877,0.292011,13.9803,19.069,0.162,16.206,0.137,12.244,0.025,11.452,0.026,11.242,0.035,15.1813,0.000467,16.4251,0.004815,14.0589,0.002112,11.025,0.025,11.104,0.022,11.505,0.173,9.187,,Berkeley_44,1445.439770745928,Cantat-Gaudin2020,4975.0,11.5468,
354724767,4.5161886275230863e+18,289.354249445199,19.5738772726598,0.357048,12.5775,18.292,0.166,15.137,0.137,10.678,0.022,9.764,0.021,9.469,0.018,13.8893,0.000346,15.3437,0.004212,12.7101,0.000827,9.261,0.023,9.356,0.02,9.317,0.032,8.994,,Berkeley_44,1445.439770745928,Cantat-Gaudin2020,4402.0,23.1004,
354724787,4.51618783724944e+18,289.396872567759,19.5713242409203,0.345919,15.1114,18.889,0.167,16.687,0.15,13.687,0.036,13.03,,12.815,,16.1392,0.000718,17.1416,0.005757,15.1358,0.002181,,,,,,,,,Berkeley_44,1445.439770745928,Cantat-Gaudin2020,5808.0,4.23781,
354724823,4.51618787160883e+18,289.361512314595,19.5674277628228,0.420475,14.7188,18.718,0.164,16.651,1.133,13.232,0.024,12.677,0.025,12.488,0.027,15.8079,0.000762,16.901,0.00412,14.7666,0.001782,12.258,0.028,12.347,0.027,12.195,,9.138,,Berkeley_44,1445.439770745928,Cantat-Gaudin2020,5260.0,4.86205,
354724875,4.516187768529608e+18,289.36543995371,19.5608402423728,0.213055,15.4566,18.719,0.167,16.863,1.133,14.092,0.029,13.669,0.037,13.498,0.041,16.4165,0.000874,17.3349,0.006974,15.4527,0.002613,13.107,0.032,13.255,0.037,12.278,,9.026,,Berkeley_44,1445.439770745928,Cantat-Gaudin2020,6813.0,4.69353,1.47
354724887,4.516188490084128e+18,289.338562008907,19.5585276099884,0.269687,14.0362,19.071,0.162,16.327,0.069,12.362,0.022,11.585,0.022,11.332,0.02,15.2321,0.000466,16.4744,0.005542,14.1214,0.000914,11.083,0.024,11.217,0.019,10.792,0.076,8.871,,Berkeley_44,1445.439770745928,Cantat-Gaudin2020,5052.0,11.8666,
354724889,4.516187768529612e+18,289.352671624642,19.5584596397262,0.436338,15.7334,18.906,0.169,17.2936,0.0463,14.378,0.038,13.954,0.049,13.607,,16.6772,0.000881,17.5608,0.009199,15.7211,0.002783,13.281,0.039,13.468,0.042,12.879,,9.427,,Berkeley_44,1445.439770745928,Cantat-Gaudin2020,6130.0,2.26358,1.16
354724904,4.5161884900841226e+18,289.342000559655,19.5570538579254,0.282765,13.9603,18.568,0.162,16.285,0.057,12.287,0.022,11.521,0.021,11.286,0.018,15.1548,0.00046,16.3983,0.005987,14.047,0.001616,11.077,0.024,11.177,0.02,11.095,0.096,9.355,,Berkeley_44,1445.439770745928,Cantat-Gaudin2020,5022.0,11.7922,
354724953,4.516188485760825e+18,289.335924490963,19.5514285667844,0.323216,16.4066,19.968,0.171,18.1003,0.0468,14.958,0.05,14.519,0.066,14.209,0.08,17.4081,0.001018,18.3486,0.012606,16.3948,0.005024,,,,,,,,,Berkeley_44,1445.439770745928,Cantat-Gaudin2020,6041.0,2.3589,1.12
354725000,4.516187734169865e+18,289.349722908406,19.5453507276483,0.25085,15.3849,18.971,0.167,16.847,1.133,13.936,0.035,13.464,0.041,13.281,0.042,16.4102,0.000818,17.4037,0.005546,15.4018,0.002357,,,,,,,,,Berkeley_44,1445.439770745928,Cantat-Gaudin2020,6191.0,4.78226,1.19
354725004,4.516187356212749e+18,289.336188569552,19.5446260078945,0.341662,14.8568,18.374,0.163,16.565,0.092,13.31,,13.025,0.041,12.824,0.042,15.8591,0.000674,16.8311,0.005417,14.876,0.002102,12.105,0.023,12.206,0.02,11.234,0.111,9.312,0.502,Berkeley_44,1445.439770745928,Cantat-Gaudin2020,5959.0,4.58615,1.09
354725023,4.516187356212743e+18,289.34423312401,19.5421365383987,0.348839,15.6081,19.317,0.164,17.3884,0.0473,13.841,0.028,13.149,0.031,12.933,0.034,16.6459,0.000799,17.5943,0.012213,15.5682,0.010933,12.585,0.026,12.737,0.024,12.519,0.366,9.068,,Berkeley_44,1445.439770745928,Cantat-Gaudin2020,5692.0,,
354725079,4.5161872831700326e+18,289.347693428209,19.5342661643317,0.279421,15.2802,16.978,0.068,16.815,0.229,13.905,0.028,13.442,0.03,13.321,0.036,16.2496,0.00077,17.1779,0.006808,15.2835,0.002223,,,,,,,,,Berkeley_44,1445.439770745928,Cantat-Gaudin2020,6477.0,4.20222,1.32
354725084,4.51618728749326e+18,289.343946200241,19.5336657980404,0.311647,14.0012,16.917,0.167,16.016,0.012,12.306,0.028,11.57,0.028,11.364,0.027,15.1739,0.000415,16.3851,0.003907,14.0798,0.001339,10.863,0.024,10.924,0.021,11.448,0.153,8.898,,Berkeley_44,1445.439770745928,Cantat-Gaudin2020,5093.0,10.2141,
354725085,4.516187287493261e+18,289.342282677068,19.5336745090511,0.331189,14.4172,16.807,0.063,16.431,0.263,12.947,0.025,12.414,0.025,12.242,0.026,15.4743,0.000475,16.5187,0.002983,14.4541,0.00152,,,,,,,,,Berkeley_44,1445.439770745928,Cantat-Gaudin2020,5660.0,6.3852,
354725096,4.5161874592919337e+18,289.3757258883,19.5326632440947,0.259448,16.6251,20.454,0.161,18.3296,0.0475,14.484,,14.676,0.065,13.332,,17.6307,0.001138,18.5949,0.017072,16.6313,0.004635,,,,,,,,,Berkeley_44,1445.439770745928,Cantat-Gaudin2020,6274.0,2.47906,1.22
354725119,4.51618745929194e+18,289.359800286368,19.5295884214223,0.23705,15.0612,18.776,0.165,16.789,1.133,13.693,0.023,13.218,0.023,13.017,0.029,16.075,0.000821,17.0692,0.006026,15.0887,0.00181,12.938,0.032,12.997,0.039,12.752,,9.319,,Berkeley_44,1445.439770745928,Cantat-Gaudin2020,6326.0,5.71407,
354725159,4.516187081334814e+18,289.359316082761,19.5250705430209,0.347466,15.8481,19.241,0.168,17.5064,0.0465,14.449,0.035,13.955,0.041,13.778,0.053,16.8345,0.00079,17.7698,0.010331,15.8459,0.003777,,,,,,,,,Berkeley_44,1445.439770745928,Cantat-Gaudin2020,6032.0,2.79562,1.12
354725265,4.5161756395419146e+18,289.38712180279,19.5111056588655,0.472309,16.182,19.413,0.169,17.7679,0.0461,14.832,0.037,14.364,0.048,14.211,0.067,17.1372,0.0009,18.0406,0.006125,16.1789,0.003838,14.141,0.028,14.324,0.049,12.739,,9.014,,Berkeley_44,1445.439770745928,Cantat-Gaudin2020,5917.0,1.75891,1.08
354725361,4.516175227225052e+18,289.370913066998,19.4967763821818,0.242191,13.8493,18.47,0.162,15.991,0.183,12.134,0.027,11.349,0.026,11.141,0.025,15.0554,0.000394,16.3109,0.004416,13.9408,0.001301,10.787,0.023,10.855,0.02,11.112,0.125,9.219,,Berkeley_44,1445.439770745928,Cantat-Gaudin2020,5139.0,14.2467,
354725373,4.516175227225053e+18,289.366254585336,19.4961025296155,0.334862,16.2535,19.856,0.169,17.901,0.0465,14.947,0.041,14.443,0.051,14.319,0.077,17.2351,0.00093,18.1705,0.009174,16.2555,0.006064,14.353,0.063,14.594,0.114,12.704,,9.149,,Berkeley_44,1445.439770745928,Cantat-Gaudin2020,6141.0,2.37433,1.16
354725459,4.516175124145833e+18,289.356274179575,19.4840943934599,0.368455,16.3769,19.578,0.167,18.1242,0.0488,14.476,0.037,14.029,0.048,13.873,0.061,17.4011,0.001073,18.3623,0.022789,16.3638,0.007262,,,,,,,,,Berkeley_44,1445.439770745928,Cantat-Gaudin2020,5949.0,,
354725863,4.516168870673811e+18,289.362244634397,19.4324537815782,0.332738,13.3084,18.553,0.162,15.709,0.149,11.436,0.019,10.535,0.021,10.231,0.018,14.6091,0.000377,16.0281,0.003624,13.4362,0.001047,10.026,0.023,10.1,0.021,10.072,0.073,8.524,,Berkeley_44,1445.439770745928,Cantat-Gaudin2020,4563.0,17.0525,
354726499,4.516167152686039e+18,289.340008078169,19.3411443455456,0.26131,16.1399,19.538,0.168,17.8546,0.0463,14.77,0.037,14.238,0.048,14.162,0.068,17.1501,0.000834,18.1261,0.00847,16.1544,0.00338,13.995,0.026,14.064,0.035,12.621,,8.791,,Berkeley_44,1445.439770745928,Cantat-Gaudin2020,6158.0,3.17549,1.17
1808814232,4.516175124145833e+18,289.356274179575,19.4840943934599,0.368455,16.3769,,,18.1242,0.0488,,,,,,,17.4011,0.001073,18.3623,0.022789,16.3638,0.007262,,,,,,,,,Berkeley_44,1445.439770745928,Cantat-Gaudin2020,5949.0,,
1808828287,4.5161871500543e+18,289.318509731322,19.5080579268379,0.301355,15.9163,,,17.617,0.0532,,,,,,,16.9194,0.000948,17.872,0.036856,15.9103,0.013326,,,,,,,,,Berkeley_44,1445.439770745928,Cantat-Gaudin2020,6504.0,3.08236,1.33
1808828528,4.516187356212743e+18,289.34423312401,19.5421365383987,0.348839,15.6081,,,17.3884,0.0473,,,,,,,16.6459,0.000799,17.5943,0.012213,15.5682,0.010933,,,,,,,,,Berkeley_44,1445.439770745928,Cantat-Gaudin2020,5692.0,,
1808828529,4.516187356212752e+18,289.329118224277,19.5430424424342,0.251954,16.6809,,,18.4032,0.0551,,,,,,,17.6264,0.001277,18.5071,0.031004,16.4332,0.028501,,,,,,,,,Berkeley_44,1445.439770745928,Cantat-Gaudin2020,,,
1808828530,4.516187356212951e+18,289.327819476371,19.5401171362278,0.349862,15.7315,,,17.4292,0.0468,,,,,,,16.7346,0.000732,17.6719,0.011326,15.7145,0.00796,,,,,,,,,Berkeley_44,1445.439770745928,Cantat-Gaudin2020,6127.0,,
1808829251,4.51618807776726e+18,289.316546580301,19.5377621337286,0.236626,15.601,,,17.2531,0.0462,,,,,,,16.582,0.000729,17.528,0.008313,15.6053,0.002483,,,,,,,,,Berkeley_44,1445.439770745928,Cantat-Gaudin2020,6757.0,4.18018,1.45
1808829252,4.516188077767261e+18,289.310466046864,19.5343992705969,0.375936,15.4846,,,17.1412,0.0463,,,,,,,16.4701,0.000697,17.3978,0.009373,15.475,0.002702,,,,,,,,,Berkeley_44,1445.439770745928,Cantat-Gaudin2020,6175.0,,
1808829253,4.516188077767261e+18,289.310434891102,19.5352416055193,0.260269,16.3779,,,18.1763,0.0481,,,,,,,17.4231,0.001022,18.398,0.018545,16.3568,0.008564,,,,,,,,,Berkeley_44,1445.439770745928,Cantat-Gaudin2020,6140.0,2.98398,1.16
1808829254,4.5161880777672617e+18,289.321361614628,19.5424468205095,0.225221,14.8202,,,16.5156,0.046,,,,,,,15.8198,0.000562,16.7871,0.005009,14.828,0.002705,,,,,,,,,Berkeley_44,1445.439770745928,Cantat-Gaudin2020,6740.0,6.48976,
1808829255,4.516188077767263e+18,289.319443070737,19.5428156012378,0.280899,14.4195,,,16.7838,0.0477,,,,,,,15.678,0.003288,16.9972,0.011289,14.5103,0.009302,,,,,,,,,Berkeley_44,1445.439770745928,Cantat-Gaudin2020,4844.0,10.766,
1808829256,4.51618807776727e+18,289.315435134462,19.5464341338185,0.345043,14.9403,,,16.8095,0.0466,,,,,,,16.0146,0.000822,17.0648,0.009864,14.966,0.004548,,,,,,,,,Berkeley_44,1445.439770745928,Cantat-Gaudin2020,5673.0,4.95673,
1808829300,4.5161881121270016e+18,289.322024998747,19.5451512929325,0.279535,15.602,,,17.4699,0.0467,,,,,,,16.676,0.000878,17.7141,0.010988,15.6167,0.005427,,,,,,,,,Berkeley_44,1445.439770745928,Cantat-Gaudin2020,5874.0,4.31159,1.06
1808829303,4.516188112127014e+18,289.317178423916,19.5532801772151,0.303727,16.1524,,,18.077,0.0472,,,,,,,17.2491,0.000988,18.3451,0.014057,16.2019,0.004647,,,,,,,,,Berkeley_44,1445.439770745928,Cantat-Gaudin2020,5661.0,3.28628,1.01
1808829304,4.516188112127196e+18,289.322622053007,19.543936843653,0.341919,13.7262,,,16.0739,0.046,,,,,,,14.9767,0.000384,16.3113,0.002925,13.8344,0.00228,,,,,,,,,Berkeley_44,1445.439770745928,Cantat-Gaudin2020,4749.0,12.4704,
1808829381,4.5161881808464937e+18,289.318055639309,19.5569783063724,0.32921,15.5003,,,17.2723,0.0476,,,,,,,16.5348,0.000789,17.5056,0.016243,15.4866,0.007783,,,,,,,,,Berkeley_44,1445.439770745928,Cantat-Gaudin2020,5999.0,3.68802,1.11
1808829384,4.516188180846501e+18,289.310374390462,19.5584433922957,0.29459,15.3,,,17.3528,0.0526,,,,,,,16.4465,0.001078,17.4902,0.025975,15.2447,0.020199,,,,,,,,,Berkeley_44,1445.439770745928,Cantat-Gaudin2020,5383.0,5.50576,
1808831886,4.516190551668814e+18,289.377766469168,19.6447563227663,0.308333,14.0567,,,16.1493,0.0461,,,,,,,15.2133,0.000469,16.3994,0.005241,14.1164,0.002465,,,,,,,,,Berkeley_44,1445.439770745928,Cantat-Gaudin2020,4872.0,,
354723971,4.516566167998202e+18,289.458179171889,19.6790538337061,0.345127,13.5196,18.566,0.162,15.93,0.16,11.677,0.022,10.783,0.021,10.525,0.018,14.7657,0.000433,16.1235,0.004158,13.6143,0.001025,10.314,0.023,10.405,0.02,10.434,0.089,9.118,,Berkeley_44,1445.439770745928,Cantat-Gaudin2020,4358.0,14.1504,
354724711,4.516189177279235e+18,289.44485439281,19.5812259768995,0.491113,16.4875,19.947,0.171,18.2012,0.0474,15.104,0.047,14.566,0.056,14.543,0.095,17.4975,0.001169,18.4863,0.01622,16.5157,0.005434,14.334,0.047,14.676,0.088,12.493,,9.154,,Berkeley_44,1445.439770745928,Cantat-Gaudin2020,5790.0,1.63581,1.04
354725410,4.516175360340576e+18,289.415777896528,19.4900704808199,0.319583,16.2519,20.212,0.167,18.2454,0.047,14.789,0.041,14.239,0.057,13.983,0.064,17.3755,0.001126,18.511,0.012565,16.3124,0.004943,13.822,0.046,14.086,0.054,12.14,,9.059,,Berkeley_44,1445.439770745928,Cantat-Gaudin2020,6337.0,3.00768,1.25
354725414,4.516175364663982e+18,289.407403877033,19.4896361068457,0.296195,13.9014,19.061,0.162,16.158,0.126,12.068,0.022,11.261,0.022,10.971,0.02,15.2046,0.00057,16.5677,0.005003,14.0088,0.002049,10.785,0.023,10.86,0.021,10.948,0.106,8.943,,Berkeley_44,1445.439770745928,Cantat-Gaudin2020,5280.0,13.2132,
354726333,4.516164541346298e+18,289.442270368925,19.3666503990327,0.327178,15.5992,19.049,0.167,17.3093,0.0463,14.191,0.031,13.73,0.033,13.558,0.043,16.6056,0.0009,17.5671,0.008791,15.5965,0.003616,,,,,,,,,Berkeley_44,1445.439770745928,Cantat-Gaudin2020,6639.0,3.33252,1.4
354726760,4.516163166956737e+18,289.421675074363,19.3076707318507,0.282026,14.2802,19.551,0.162,16.779,0.366,12.412,0.021,11.575,0.023,11.269,0.02,15.6185,0.000516,17.0681,0.007348,14.4316,0.001499,11.043,0.023,11.116,0.022,11.127,0.174,9.129,,Berkeley_44,1445.439770745928,Cantat-Gaudin2020,5025.0,12.5335,
354857078,4.51618972703506e+18,289.490030919862,19.6166730641238,0.479858,16.5933,19.828,0.172,18.3875,0.0482,15.134,0.049,14.58,0.059,14.344,0.078,17.6353,0.001442,18.6645,0.020282,16.6247,0.005002,14.152,0.064,14.549,0.096,12.169,,8.762,,Berkeley_44,1445.439770745928,Cantat-Gaudin2020,5307.0,1.76718,0.91
1808813114,4.516173818475696e+18,289.451945643726,19.4321081647109,0.257879,15.6073,,,17.633,0.0469,,,,,,,16.7439,0.000944,17.8767,0.011831,15.6532,0.003946,,,,,,,,,Berkeley_44,1445.439770745928,Cantat-Gaudin2020,6243.0,4.91725,1.21
354857150,4.5161897613948017e+18,289.504922211307,19.6252271768367,0.333208,14.8932,18.226,0.166,16.502,0.275,13.549,0.024,13.039,0.023,12.867,0.028,15.8642,0.000624,16.7965,0.004548,14.9019,0.001487,12.76,0.03,12.859,0.036,11.986,,8.924,,Berkeley_44,1445.439770745928,Cantat-Gaudin2020,5564.0,4.5537,
370784886,2.0177319000632028e+18,292.591184385801,20.4070995583422,0.27925,13.8059,16.751,0.06,15.118,0.08,12.605,0.022,12.295,0.022,12.093,0.023,14.5891,0.000253,15.3052,0.001834,13.7481,0.000912,12.002,0.03,12.0,0.037,11.857,,8.734,,NGC_6802,660.6934480075965,Cantat-Gaudin2020,7711.0,6.32849,
370785480,2.0177284297295729e+18,292.594959982445,20.3492337753062,0.304806,15.8266,18.389,0.08,17.1391,0.046,14.644,0.053,14.32,0.061,14.154,0.077,16.6566,0.000605,17.4077,0.006171,15.789,0.002445,,,,,,,,,NGC_6802,660.6934480075965,Cantat-Gaudin2020,6544.0,2.46816,1.35
370785771,2.0177225155096627e+18,292.585018987861,20.32356200107,0.351944,15.6326,18.063,0.07,16.8331,0.0459,14.478,0.036,14.206,0.042,14.1,0.072,16.4083,0.000577,17.0922,0.004048,15.5786,0.002007,,,,,,,,,NGC_6802,660.6934480075965,Cantat-Gaudin2020,6683.0,2.20409,1.41
370785772,2.017725367367982e+18,292.545879630239,20.3234817969645,0.255747,14.5431,19.172,0.162,17.048,1.133,12.659,0.024,11.773,0.022,11.507,0.02,15.8174,0.000496,17.2012,0.009301,14.6451,0.003178,11.263,0.026,11.391,0.024,11.964,,8.766,,NGC_6802,660.6934480075965,Cantat-Gaudin2020,4425.0,11.735,
370785798,2.0177224467901688e+18,292.586179244897,20.320772119853,0.3763,16.4728,19.231,0.081,17.8958,0.0463,15.22,0.056,14.913,0.085,14.566,0.106,17.3555,0.000947,18.1529,0.009916,16.4353,0.004057,,,,,,,,,NGC_6802,660.6934480075965,Cantat-Gaudin2020,5902.0,1.71388,1.07
370785871,2.017722416774699e+18,292.559884818045,20.3126683511571,0.211957,14.9487,17.086,0.066,16.271,0.15,13.36,0.03,12.464,,12.193,,15.6791,0.000466,16.3327,0.002772,14.8777,0.00131,,,,,,,,,NGC_6802,660.6934480075965,Cantat-Gaudin2020,7788.0,,
370785938,2.0177224167746872e+18,292.565268797082,20.3067684077334,0.30416,14.6101,16.836,0.067,16.033,0.195,13.42,0.029,13.082,0.031,12.934,0.03,15.3865,0.000425,16.0615,0.002001,14.5363,0.001491,12.781,0.037,13.042,0.041,12.102,,8.814,,NGC_6802,660.6934480075965,Cantat-Gaudin2020,7109.0,3.99422,1.58
370786305,2.0177217295798648e+18,292.556720637845,20.2758811167405,0.480402,15.6834,18.062,0.07,16.9341,0.046,14.484,0.035,14.173,0.048,14.036,0.06,16.4852,0.000604,17.1955,0.004571,15.6372,0.003431,,,,,,,,,NGC_6802,660.6934480075965,Cantat-Gaudin2020,6182.0,1.70687,1.18
370786343,2.0177220388174984e+18,292.586038657301,20.2732704120983,0.365781,15.4532,17.519,0.07,16.618,0.15,14.205,0.033,13.826,,13.799,,16.2775,0.00054,17.0234,0.004379,15.4174,0.002474,13.434,0.057,13.701,0.056,12.167,,8.879,,NGC_6802,660.6934480075965,Cantat-Gaudin2020,6450.0,2.48969,1.31
370786479,2.0177216608603628e+18,292.580534299819,20.2639539646909,0.320747,16.2867,19.047,0.079,17.7079,0.0463,14.929,0.055,14.759,0.064,14.485,0.1,17.1679,0.000995,17.9748,0.010317,16.2577,0.003987,,,,,,,,,NGC_6802,660.6934480075965,Cantat-Gaudin2020,6785.0,1.78325,1.46
370786537,2.017721660860356e+18,292.578531401078,20.2601104217786,0.373706,13.6113,19.319,0.17,16.47,0.183,11.37,0.022,10.339,0.021,9.989,0.019,15.0356,0.000545,16.7514,0.00462,13.7407,0.002164,9.768,0.024,9.857,0.022,10.023,0.101,8.62,,NGC_6802,660.6934480075965,Cantat-Gaudin2020,3833.0,16.7859,
370786917,2.0177206944397727e+18,292.582758490597,20.2284664148528,0.305683,14.4465,,,15.27,0.07,13.14,0.051,12.857,0.074,12.746,0.108,15.1285,0.000291,15.6972,0.006608,14.345,0.004395,,,,,,,,,NGC_6802,660.6934480075965,Cantat-Gaudin2020,7584.0,3.75148,1.76
370787030,2.0177205957084047e+18,292.595118340056,20.2188580010988,0.251728,15.7698,,,16.512,1.133,14.503,0.045,14.178,0.061,14.039,0.072,16.6377,0.000621,17.4213,0.007908,15.7286,0.002796,,,,,,,,,NGC_6802,660.6934480075965,Cantat-Gaudin2020,6459.0,3.0843,1.31
370787228,2.0177204539264645e+18,292.571906243233,20.2007022743496,0.333645,16.0187,18.536,0.078,17.3396,0.0462,14.49,0.052,13.612,0.048,13.205,0.043,16.8528,0.000673,17.5868,0.008892,15.9606,0.003078,,,,,,,,,NGC_6802,660.6934480075965,Cantat-Gaudin2020,6494.0,,
370787388,2.0177190495201544e+18,292.536046031575,20.1875869518961,0.241748,14.3527,19.272,0.161,16.301,0.263,12.645,0.021,11.879,0.022,11.651,0.02,15.5352,0.000361,16.7759,0.006021,14.4285,0.001346,11.501,0.027,11.638,0.029,11.306,0.25,8.818,,NGC_6802,660.6934480075965,Cantat-Gaudin2020,4673.0,11.4562,
370787735,2.0177187402822927e+18,292.551511217747,20.1542265520311,0.400394,16.2484,,,,,14.124,0.028,13.118,0.031,12.814,0.035,17.6402,0.00096,19.2559,0.035244,16.3748,0.00497,,,,,,,,,NGC_6802,660.6934480075965,Cantat-Gaudin2020,3975.0,4.63408,
370787763,2.0176718048753807e+18,292.557633107292,20.1518765264137,0.375151,16.2447,19.624,0.17,17.8167,0.0465,14.961,0.043,14.527,0.057,14.333,0.073,17.1938,0.00079,18.0778,0.011243,16.2281,0.004049,,,,,,,,,NGC_6802,660.6934480075965,Cantat-Gaudin2020,5976.0,2.07401,1.1
370787964,2.0176717361558963e+18,292.563005253213,20.1343844706203,0.289988,15.6649,18.307,0.068,16.949,0.046,14.451,0.034,14.08,0.043,13.947,0.061,16.4783,0.000548,17.2137,0.005962,15.6159,0.002041,,,,,,,,,NGC_6802,660.6934480075965,Cantat-Gaudin2020,7079.0,2.69237,1.57
1851271024,2.0177204539264645e+18,292.571906243233,20.2007022743496,0.333645,16.0187,,,17.3396,0.0462,,,,,,,16.8528,0.000673,17.5868,0.008892,15.9606,0.003078,,,,,,,,,NGC_6802,660.6934480075965,Cantat-Gaudin2020,6494.0,,
1851271454,2.0177206644124764e+18,292.557319474847,20.2137153045138,0.382817,16.9267,,,18.4455,0.0475,,,,,,,17.8047,0.001457,18.5446,0.017938,16.6674,0.005889,,,,,,,,,NGC_6802,660.6934480075965,Cantat-Gaudin2020,,,
1851271520,2.0177206987722424e+18,292.571183080162,20.2207796385379,0.373351,16.7941,,,18.4487,0.146,,,,,,,17.7782,0.001314,18.6548,0.2041,16.7329,0.028685,,,,,,,,,NGC_6802,660.6934480075965,Cantat-Gaudin2020,5472.0,1.80345,0.96
1851275310,2.017722416774699e+18,292.559884818045,20.3126683511571,0.211957,14.9487,,,16.0734,0.0459,,,,,,,15.6791,0.000466,16.3327,0.002772,14.8777,0.00131,,,,,,,,,NGC_6802,660.6934480075965,Cantat-Gaudin2020,7788.0,,
370785209,2.017731522106036e+18,292.60233618088,20.374376396161,0.264635,16.0598,18.707,0.068,17.3867,0.046,14.849,0.035,14.597,0.057,14.296,0.077,16.8961,0.000787,17.6568,0.006265,16.024,0.003245,,,,,,,,,NGC_6802,660.6934480075965,Cantat-Gaudin2020,6625.0,2.49173,1.39
370785239,2.0177314190268209e+18,292.600875013966,20.371631037414,0.315714,15.9065,18.97,0.169,16.81,1.133,14.694,0.033,14.341,0.048,14.268,0.075,16.7368,0.000661,17.4822,0.006964,15.8634,0.003735,,,,,,,,,NGC_6802,660.6934480075965,Cantat-Gaudin2020,6507.0,2.31216,1.33
370785580,2.017728391021228e+18,292.619437205402,20.3405064690471,0.26909,15.3558,18.708,0.168,16.69,1.133,14.166,0.03,13.809,0.046,13.595,0.049,16.189,0.000563,16.9472,0.007961,15.3079,0.002537,,,,,,,,,NGC_6802,660.6934480075965,Cantat-Gaudin2020,7158.0,3.40321,1.6
370785585,2.0177284297100283e+18,292.601790597148,20.340259614318,0.333596,15.3521,17.411,0.072,16.558,1.133,14.146,0.038,13.812,0.044,13.66,0.049,16.1258,0.001055,16.7895,0.004571,15.2774,0.002126,13.135,0.048,13.21,0.056,12.034,0.52,8.401,,NGC_6802,660.6934480075965,Cantat-Gaudin2020,6799.0,,
370785689,2.017728361010065e+18,292.606155826359,20.3309446214924,0.191074,15.4961,18.239,0.067,16.8879,0.046,14.175,0.035,13.802,0.049,13.69,0.062,16.3627,0.000529,17.1604,0.004535,15.4682,0.001699,13.523,0.068,14.527,0.159,11.496,0.338,8.145,,NGC_6802,660.6934480075965,Cantat-Gaudin2020,6584.0,4.29634,1.37
370785701,2.0177281548516088e+18,292.62365636675,20.329387321636,0.353339,12.5899,16.743,0.163,14.509,0.126,10.944,0.022,10.229,0.022,9.988,0.02,13.7158,0.000255,14.8725,0.001935,12.6498,0.000785,9.812,0.024,9.87,0.022,10.365,0.103,8.798,,NGC_6802,660.6934480075965,Cantat-Gaudin2020,4861.0,16.7889,
370785706,2.017728120491844e+18,292.643088053016,20.3291258285654,0.325856,12.9948,16.327,0.166,14.583,0.126,11.646,0.022,11.182,0.022,11.01,0.022,13.9299,0.000224,14.8158,0.0024,12.994,0.000683,10.824,0.026,10.849,0.026,11.128,0.401,8.367,,NGC_6802,660.6934480075965,Cantat-Gaudin2020,5964.0,10.2141,
370785764,2.017728116143314e+18,292.640224224161,20.3242217102792,0.333683,14.8397,17.017,0.07,15.979,0.15,13.714,0.033,13.249,,13.124,,15.5872,0.000395,16.2525,0.00308,14.7837,0.001966,,,,,,,,,NGC_6802,660.6934480075965,Cantat-Gaudin2020,7142.0,3.1762,1.59
370785803,2.0177281204918405e+18,292.640595891314,20.3205458160099,0.336632,13.865,16.631,0.077,15.335,0.15,12.619,0.051,10.904,,10.278,,14.7074,0.000307,15.4776,0.002548,13.8355,0.001139,,,,,,,,,NGC_6802,660.6934480075965,Cantat-Gaudin2020,6459.0,5.6977,
370785849,2.017728086132104e+18,292.63585703888,20.3147870758727,0.324497,16.4313,19.344,0.08,17.8788,0.0464,15.246,0.056,14.986,0.084,14.729,0.119,17.3246,0.000827,18.1502,0.010138,16.4098,0.004373,,,,,,,,,NGC_6802,660.6934480075965,Cantat-Gaudin2020,6327.0,1.90915,1.25
370785890,2.017722279335532e+18,292.610145184001,20.3111248112523,0.295815,14.568,16.949,0.065,15.642,0.286,13.451,0.024,13.149,0.023,13.03,0.034,15.3088,0.000332,15.9714,0.001886,14.5079,0.001397,12.95,0.04,13.223,0.058,12.096,,8.734,,NGC_6802,660.6934480075965,Cantat-Gaudin2020,7411.0,3.96441,1.69
370785919,2.017728081783568e+18,292.629873612749,20.3082205406581,0.354338,16.5772,19.448,0.087,18.0301,0.0467,15.324,0.065,14.52,,14.532,,17.4734,0.000945,18.2973,0.013732,16.5527,0.005059,,,,,,,,,NGC_6802,660.6934480075965,Cantat-Gaudin2020,5979.0,1.7427,1.1
370785927,2.0177273302181007e+18,292.638514009613,20.3076984789699,0.298123,14.8689,17.522,0.058,15.927,0.115,13.569,,13.427,0.028,13.293,0.041,15.6163,0.000411,16.2865,0.002783,14.8039,0.001561,,,,,,,,,NGC_6802,660.6934480075965,Cantat-Gaudin2020,7603.0,3.46577,1.77
370785942,2.017727330217845e+18,292.642856610025,20.3060636786562,0.129685,15.4402,18.25,0.063,16.415,1.133,14.111,0.028,13.793,0.032,13.632,0.043,16.2734,0.00058,17.0221,0.004437,15.3764,0.002297,,,,,,,,,NGC_6802,660.6934480075965,Cantat-Gaudin2020,7374.0,5.12092,
370785962,2.017722210616052e+18,292.617521461171,20.3040522286989,0.311425,15.0698,17.76,0.17,16.492,0.15,13.555,0.036,11.938,,11.1,,15.8704,0.000466,16.586,0.004415,15.0183,0.002468,,,,,,,,,NGC_6802,660.6934480075965,Cantat-Gaudin2020,6892.0,3.27963,1.5
370785969,2.017727330217836e+18,292.64786639123,20.3036392603967,0.357583,14.5396,16.95,0.064,15.668,0.137,13.446,0.021,13.15,0.025,12.982,0.031,15.2504,0.000354,15.8698,0.002897,14.4745,0.001562,,,,,,,,,NGC_6802,660.6934480075965,Cantat-Gaudin2020,7125.0,3.24991,1.59
370786000,2.0177222106160512e+18,292.613216868308,20.3017062434848,0.285087,15.3548,17.174,0.081,16.6079,0.0459,14.125,0.051,13.81,0.067,13.581,0.072,16.1537,0.000511,16.8656,0.003835,15.2975,0.002514,,,,,,,,,NGC_6802,660.6934480075965,Cantat-Gaudin2020,7044.0,3.07683,1.56
370786029,2.0177214547018056e+18,292.635178938881,20.2993318911189,0.305172,13.6122,15.645,0.067,14.942,0.195,12.17,0.028,11.731,0.031,11.47,0.032,14.4207,0.000256,15.1525,0.001984,13.5649,0.001229,11.1,0.028,11.213,0.024,12.211,,9.055,,NGC_6802,660.6934480075965,Cantat-Gaudin2020,7057.0,,
370786032,2.017721454701805e+18,292.637392453308,20.2988350191884,0.303799,14.2832,15.933,0.066,15.381,0.206,13.125,0.021,12.796,0.022,12.59,0.025,15.0158,0.000322,15.6694,0.00195,14.2151,0.001287,,,,,,,,,NGC_6802,660.6934480075965,Cantat-Gaudin2020,7638.0,4.37505,1.78
370786035,2.017722206268302e+18,292.621195612073,20.2987536346624,0.391672,15.9906,18.956,0.171,16.805,1.133,14.775,0.04,14.37,0.052,14.249,0.072,16.8466,0.000769,17.6044,0.006512,15.9388,0.003249,,,,,,,,,NGC_6802,660.6934480075965,Cantat-Gaudin2020,7533.0,,
370786049,2.0177273302180984e+18,292.641252615605,20.2979781760671,0.251738,14.0926,15.963,0.07,15.079,0.172,12.981,0.032,12.748,0.037,12.563,0.035,14.7634,0.000247,15.367,0.001672,14.0024,0.001322,,,,,,,,,NGC_6802,660.6934480075965,Cantat-Gaudin2020,8603.0,5.24005,
370786053,2.0177214547018043e+18,292.632597133981,20.2973879110793,0.200983,17.0013,19.382,0.176,18.5347,0.0473,15.025,0.058,14.665,0.082,14.134,,17.8844,0.001182,18.5893,0.01608,16.6977,0.007358,,,,,,,,,NGC_6802,660.6934480075965,Cantat-Gaudin2020,,,
370786096,2.0177214547018035e+18,292.629495631032,20.2940451945177,0.341391,15.572,15.928,0.082,16.526,0.15,14.321,0.054,13.968,0.05,12.604,,16.362,0.000606,17.0258,0.006199,15.482,0.004418,,,,,,,,,NGC_6802,660.6934480075965,Cantat-Gaudin2020,6763.0,2.37282,1.45
370786115,2.017721454701802e+18,292.629136784087,20.2925904831047,0.300079,14.7063,16.095,0.073,15.757,0.103,13.509,0.036,13.187,0.039,13.091,0.048,15.4473,0.000378,16.1106,0.002595,14.6401,0.001174,,,,,,,,,NGC_6802,660.6934480075965,Cantat-Gaudin2020,7623.0,3.68064,1.78
370786125,2.0177272571498383e+18,292.65130541001,20.2916546617013,0.271219,14.723,16.596,0.066,15.51,0.069,13.419,0.024,13.134,0.027,12.989,0.032,15.3597,0.000333,15.8648,0.009925,14.5578,0.005783,,,,,,,,,NGC_6802,660.6934480075965,Cantat-Gaudin2020,8957.0,,
370786148,2.0177213816339256e+18,292.639195474134,20.2891212583478,0.37833,14.1931,14.902,0.068,15.2883,0.0459,12.858,0.027,12.605,0.032,12.472,0.032,14.9154,0.000317,15.5299,0.002647,14.1173,0.003196,,,,,,,,,NGC_6802,660.6934480075965,Cantat-Gaudin2020,6902.0,3.68434,1.5
370786151,2.017721385982322e+18,292.640469608581,20.2891348364757,0.202052,13.4414,15.03,0.072,14.137,0.183,12.242,0.035,12.01,0.038,11.842,0.038,14.0629,0.003181,14.6172,0.010678,13.3302,0.010296,11.377,0.029,11.46,0.023,12.131,,9.001,,NGC_6802,660.6934480075965,Cantat-Gaudin2020,9334.0,7.89791,
370786186,2.01772138598232e+18,292.64386870816,20.2860843522385,0.311113,15.6054,18.419,0.076,16.373,1.133,14.484,0.048,14.138,0.056,14.081,0.08,16.3035,0.000532,16.906,0.003573,15.5147,0.002591,,,,,,,,,NGC_6802,660.6934480075965,Cantat-Gaudin2020,7797.0,2.21959,1.85
370786190,2.01772138598232e+18,292.642249304024,20.2856216534746,0.314718,16.5117,18.231,0.101,17.902,0.0464,15.435,0.078,15.062,0.091,14.486,,17.3779,0.000909,18.1575,0.010832,16.4671,0.004475,,,,,,,,,NGC_6802,660.6934480075965,Cantat-Gaudin2020,6522.0,1.84085,1.34
370786235,2.0177213859823155e+18,292.650113097522,20.2816986891893,0.306187,14.8727,16.527,0.076,16.197,0.08,13.756,0.042,13.455,0.041,13.291,0.044,15.5889,0.000395,16.2228,0.003101,14.798,0.001331,,,,,,,,,NGC_6802,660.6934480075965,Cantat-Gaudin2020,7729.0,3.23626,1.82
370786253,2.0177213859823155e+18,292.648894318637,20.280594895479,0.345367,16.3824,,,17.7457,0.0463,14.77,0.058,14.253,0.056,13.993,0.079,17.2369,0.000899,17.9582,0.009733,16.2939,0.005426,,,,,,,,,NGC_6802,660.6934480075965,Cantat-Gaudin2020,6326.0,,
370786262,2.017721385982315e+18,292.645461205893,20.2794367656306,0.295481,14.968,,,15.953,0.16,13.895,0.033,13.655,0.045,13.503,0.05,15.6289,0.000396,16.2105,0.002228,14.8728,0.001561,,,,,,,,,NGC_6802,660.6934480075965,Cantat-Gaudin2020,8380.0,2.99555,2.07
370786278,2.017721420342055e+18,292.619221891211,20.2785951602882,0.253587,15.5612,18.014,0.065,16.7966,0.046,14.109,0.029,13.448,0.03,13.13,0.034,16.3503,0.000507,17.0523,0.006531,15.4987,0.002504,,,,,,,,,NGC_6802,660.6934480075965,Cantat-Gaudin2020,7224.0,,
370786308,2.01772117982388e+18,292.650467749008,20.2758080247224,0.351985,12.7826,17.047,0.162,14.668,0.172,11.191,0.021,10.497,0.021,10.28,0.019,13.865,0.00023,14.9659,0.001993,12.8267,0.000928,10.073,0.025,10.142,0.023,10.204,0.169,8.785,,NGC_6802,660.6934480075965,Cantat-Gaudin2020,4965.0,13.4416,
370786327,2.0177213516225736e+18,292.628540667734,20.2742737025884,0.378105,12.7508,17.052,0.162,14.675,0.137,11.119,0.022,10.399,0.022,10.172,0.02,13.8614,0.000222,15.0045,0.001817,12.805,0.001153,9.909,0.023,10.011,0.023,9.86,0.087,8.635,,NGC_6802,660.6934480075965,Cantat-Gaudin2020,4744.0,14.5742,
370786341,2.017721312914451e+18,292.601759430994,20.2734410672777,0.215682,14.5328,16.479,0.087,15.594,0.149,13.402,0.06,13.109,0.055,12.998,0.06,15.2312,0.000338,15.8496,0.001633,14.4491,0.001059,11.88,0.031,11.949,0.028,10.168,0.114,8.236,0.291,NGC_6802,660.6934480075965,Cantat-Gaudin2020,8050.0,4.97366,1.95
370786352,2.0177213172464305e+18,292.609358941036,20.2726780997623,0.417116,16.6482,17.414,0.116,18.1046,0.0467,15.301,0.096,14.832,0.102,13.717,,17.546,0.000964,18.3599,0.013823,16.6122,0.004711,,,,,,,,,NGC_6802,660.6934480075965,Cantat-Gaudin2020,6164.0,1.33162,1.17
370786354,2.0177211754855311e+18,292.651186223378,20.2724579592778,0.284705,15.0865,15.893,0.069,16.2639,0.0459,13.898,0.029,13.579,0.037,13.494,0.047,15.8484,0.0005,16.5145,0.004325,15.0185,0.00164,,,,,,,,,NGC_6802,660.6934480075965,Cantat-Gaudin2020,7088.0,3.32055,1.57
370786356,2.0177213172628367e+18,292.603690390726,20.2724119004796,0.344137,14.8691,15.814,0.071,16.026,0.16,13.7,0.032,13.341,0.037,13.207,0.041,15.6397,0.000414,16.3254,0.002556,14.8168,0.001459,,,,,,,,,NGC_6802,660.6934480075965,Cantat-Gaudin2020,6917.0,3.15626,1.51
370786367,2.0177213516225705e+18,292.628422320354,20.2717539097448,0.289547,13.7229,15.331,0.068,14.984,0.172,12.538,0.027,12.189,0.031,12.014,0.034,14.5045,0.000448,15.2099,0.002865,13.6731,0.001739,,,,,,,,,NGC_6802,660.6934480075965,Cantat-Gaudin2020,7154.0,6.32925,
370786369,2.0177213516225715e+18,292.625398702974,20.2717173135125,0.340527,15.1385,18.037,0.065,16.41,0.332,13.985,0.031,13.645,0.045,13.504,0.051,15.8998,0.000483,16.576,0.004206,15.0836,0.002063,,,,,,,,,NGC_6802,660.6934480075965,Cantat-Gaudin2020,6999.0,2.77691,1.54
370786372,2.0177212829030976e+18,292.602067020652,20.2715143338671,0.327245,14.9383,15.792,0.068,16.012,0.206,13.805,0.027,13.525,0.037,13.329,0.047,15.6422,0.000433,16.2513,0.002244,14.8588,0.001423,,,,,,,,,NGC_6802,660.6934480075965,Cantat-Gaudin2020,7487.0,2.90349,1.72
370786392,2.017721145464137e+18,292.644192762764,20.2704945023488,0.357934,15.2542,16.337,0.069,16.5033,0.046,14.09,0.029,13.767,0.059,13.682,0.043,16.0545,0.000522,16.7591,0.006403,15.2009,0.002324,,,,,,,,,NGC_6802,660.6934480075965,Cantat-Gaudin2020,6436.0,2.6854,1.3
370786421,2.017721145464134e+18,292.645499007326,20.2682029438622,0.345999,15.199,14.827,0.061,15.497,0.15,13.226,,13.639,0.052,12.877,,16.0,0.000526,16.7013,0.005818,15.1408,0.002447,,,,,,,,,NGC_6802,660.6934480075965,Cantat-Gaudin2020,6497.0,2.83742,1.33
370786430,2.017721145464133e+18,292.644686801234,20.2675149041841,0.374257,14.4731,14.822,0.073,15.341,0.149,13.248,0.039,13.159,0.053,12.933,0.05,15.177,0.000317,15.788,0.00229,14.4092,0.001301,,,,,,,,,NGC_6802,660.6934480075965,Cantat-Gaudin2020,7014.0,3.18503,1.54
370786433,2.017721248543352e+18,292.626136852003,20.2674008995191,0.287364,14.3453,16.063,0.082,15.426,0.149,13.08,0.052,12.826,0.027,12.661,0.06,15.1069,0.000302,15.7853,0.001835,14.2904,0.001208,11.864,0.034,12.068,0.039,11.459,0.285,8.574,,NGC_6802,660.6934480075965,Cantat-Gaudin2020,7075.0,4.64402,1.57
370786440,2.0177211411257887e+18,292.646036483657,20.2669165213262,0.341336,15.8086,18.982,0.176,16.804,1.133,14.627,0.059,14.287,0.067,14.171,0.091,16.604,0.00062,17.3008,0.008564,15.7501,0.002947,,,,,,,,,NGC_6802,660.6934480075965,Cantat-Gaudin2020,6565.0,2.15444,1.36
370786448,2.0177212485433503e+18,292.625829428125,20.2661443037891,0.323196,14.1393,16.094,0.067,15.144,0.458,12.93,0.027,12.602,0.048,12.463,0.031,14.9041,0.0006,15.5827,0.002755,14.0861,0.001818,,,,,,,,,NGC_6802,660.6934480075965,Cantat-Gaudin2020,6894.0,4.63097,1.5
370786463,2.0177211454641303e+18,292.637906234493,20.2649252956909,0.301708,14.9737,16.185,0.078,15.915,0.172,13.656,0.046,13.427,0.066,13.355,0.07,15.6674,0.000385,16.2704,0.003048,14.8982,0.001757,,,,,,,,,NGC_6802,660.6934480075965,Cantat-Gaudin2020,7482.0,3.02021,1.72
370786464,2.0177211454641285e+18,292.649368530305,20.2648802655375,0.352239,13.8702,12.461,0.055,14.988,0.149,12.677,0.027,12.281,0.081,12.219,0.034,14.6227,0.000363,15.2874,0.001894,13.8179,0.00111,,,,,,,,,NGC_6802,660.6934480075965,Cantat-Gaudin2020,6776.0,4.77201,1.45
370786469,2.017721145464129e+18,292.642540330091,20.2643855671142,0.254239,15.2295,16.369,0.073,16.4775,0.0459,13.933,0.037,13.686,0.042,13.47,0.052,16.0267,0.000556,16.7253,0.004648,15.1634,0.001733,,,,,,,,,NGC_6802,660.6934480075965,Cantat-Gaudin2020,6932.0,,
370786470,2.017721141125788e+18,292.64566039869,20.2643904531559,0.258423,15.2668,,,16.199,0.24,14.079,0.04,12.057,,13.676,0.069,15.9981,0.000502,16.6354,0.003437,15.1917,0.003596,,,,,,,,,NGC_6802,660.6934480075965,Cantat-Gaudin2020,7384.0,3.15298,1.68
370786475,2.0177211454641275e+18,292.647131799309,20.2641620577946,0.291911,12.6922,12.735,0.08,14.592,0.103,11.084,0.051,10.331,,10.162,0.025,13.7883,0.000237,14.9009,0.001798,12.7429,0.001029,9.096,0.019,9.189,0.018,9.491,0.056,8.365,0.272,NGC_6802,660.6934480075965,Cantat-Gaudin2020,4977.0,17.9552,
370786487,2.017721145464129e+18,292.63541663121,20.2631881812584,0.37868,12.9657,14.616,0.065,14.872,0.103,11.321,0.023,10.588,0.022,10.389,0.022,14.0689,0.000285,15.2044,0.002101,13.0125,0.000851,9.84,0.023,9.948,0.023,9.864,0.1,8.634,0.476,NGC_6802,660.6934480075965,Cantat-Gaudin2020,4652.0,13.2009,
370786488,2.017721145464125e+18,292.648566067279,20.2631628742327,0.494751,12.5814,12.754,0.066,14.319,0.114,10.991,0.023,10.307,0.022,10.098,0.025,13.6014,0.000197,14.6122,0.001549,12.5987,0.000641,,,,,,,,,NGC_6802,660.6934480075965,Cantat-Gaudin2020,4844.0,10.6525,
370786502,2.017721145464126e+18,292.637887305137,20.2622509289417,0.388675,12.3446,,,14.334,0.103,10.652,0.023,9.878,0.021,9.65,0.02,13.472,0.000199,14.6499,0.002077,12.4004,0.000692,9.442,0.024,9.529,0.023,9.373,0.052,8.24,,NGC_6802,660.6934480075965,Cantat-Gaudin2020,4800.0,15.4782,
370786506,2.0177212441956065e+18,292.614578972364,20.2620654985563,0.189054,16.1014,18.114,0.074,17.4312,0.0462,14.831,0.041,14.455,0.057,14.332,0.078,16.9375,0.000877,17.689,0.009113,16.0508,0.003444,,,,,,,,,NGC_6802,660.6934480075965,Cantat-Gaudin2020,6894.0,2.91574,1.5
370786517,2.017721042384912e+18,292.629484981743,20.2613270658809,0.276726,15.1611,17.157,0.06,16.38,0.103,13.613,,13.549,0.053,13.448,0.065,15.9182,0.000456,16.5796,0.006931,15.092,0.00261,12.823,0.066,13.245,0.068,11.721,0.377,8.262,,NGC_6802,660.6934480075965,Cantat-Gaudin2020,7142.0,3.25408,1.59
370786528,2.0177211411257825e+18,292.637872198404,20.2605666825616,0.241405,14.4687,,,15.647,0.035,13.195,0.031,12.868,0.05,12.697,0.041,15.21,0.00032,15.8542,0.002385,14.3902,0.002198,,,,,,,,,NGC_6802,660.6934480075965,Cantat-Gaudin2020,7400.0,,
370786541,2.017721145464122e+18,292.640345915192,20.2596052544022,0.271153,14.4252,16.02,0.069,15.958,0.195,13.29,0.029,12.977,0.034,12.801,0.033,15.169,0.000326,15.8291,0.00314,14.3645,0.001218,,,,,,,,,NGC_6802,660.6934480075965,Cantat-Gaudin2020,7255.0,4.58201,1.63
370786545,2.0177212141836045e+18,292.61229299792,20.259388141632,0.297331,13.9435,16.375,0.07,15.08,0.183,12.716,0.036,12.434,0.033,12.263,0.033,14.675,0.000261,15.3214,0.002027,13.8812,0.000901,,,,,,,,,NGC_6802,660.6934480075965,Cantat-Gaudin2020,7256.0,5.19686,
370786550,2.0177212441956045e+18,292.621674109708,20.2587968294023,0.372958,16.4768,19.947,0.173,17.9271,0.0462,15.105,0.054,14.482,0.063,14.722,0.113,17.3718,0.000885,18.138,0.008721,16.3958,0.003911,,,,,,,,,NGC_6802,660.6934480075965,Cantat-Gaudin2020,5915.0,1.75343,1.08
370786554,2.0177212829030825e+18,292.601845631507,20.2584401679013,0.264421,13.0696,17.456,0.162,14.96,0.08,11.452,0.021,10.775,0.019,10.547,0.02,14.1636,0.000412,15.2694,0.003169,13.1191,0.001441,10.423,0.025,10.514,0.025,10.657,0.203,8.599,,NGC_6802,660.6934480075965,Cantat-Gaudin2020,5064.0,16.2347,
370786584,2.01772107674464e+18,292.649202868804,20.2562155069029,0.469839,15.1662,,,16.094,0.207,14.062,0.033,13.804,0.148,13.69,0.133,15.9123,0.0005,16.555,0.003529,15.1035,0.001794,,,,,,,,,NGC_6802,660.6934480075965,Cantat-Gaudin2020,6503.0,2.01154,1.33
370786596,2.017721042384902e+18,292.635561253601,20.2551081530911,0.355796,15.1859,18.384,0.168,16.39,0.195,14.01,0.032,13.666,0.039,13.619,0.055,15.9634,0.000479,16.646,0.003332,15.1305,0.001777,,,,,,,,,NGC_6802,660.6934480075965,Cantat-Gaudin2020,6593.0,2.68879,1.37
370786602,2.017721076744639e+18,292.648009969093,20.2549172591073,0.326499,13.2481,14.952,0.08,14.499,0.103,12.036,0.05,11.71,0.024,11.585,0.021,14.0481,0.000214,14.769,0.001587,13.2085,0.000972,,,,,,,,,NGC_6802,660.6934480075965,Cantat-Gaudin2020,6616.0,7.30184,
370786607,2.017721038046568e+18,292.638589269689,20.2547196142574,0.44622,14.9999,16.493,0.078,16.253,0.469,13.917,0.046,13.686,0.046,13.633,0.051,15.7687,0.000437,16.4447,0.002848,14.9495,0.002301,,,,,,,,,NGC_6802,660.6934480075965,Cantat-Gaudin2020,6412.0,2.35826,1.29
370786628,2.0177209736654216e+18,292.642651529011,20.2527024274013,0.261758,14.3816,13.759,0.063,15.721,0.435,13.227,0.03,12.939,0.029,12.803,0.036,15.1161,0.000348,15.7251,0.002167,14.2759,0.004734,,,,,,,,,NGC_6802,660.6934480075965,Cantat-Gaudin2020,7356.0,4.75471,1.67
370786645,2.0177209736654208e+18,292.641736214816,20.2511543531324,0.309521,13.7767,13.859,0.066,14.893,0.172,12.671,0.029,12.412,0.029,12.328,0.03,14.4828,0.000232,15.1002,0.001639,13.7073,0.000648,,,,,,,,,NGC_6802,660.6934480075965,Cantat-Gaudin2020,7355.0,5.22427,
370786653,2.0177212098358607e+18,292.612514359764,20.2506425420007,0.286937,16.5572,19.45,0.083,17.9644,0.0467,15.314,0.06,14.95,0.078,13.625,,17.432,0.000872,18.2148,0.013905,16.5104,0.004746,,,,,,,,,NGC_6802,660.6934480075965,Cantat-Gaudin2020,6296.0,1.95683,1.23
370786672,2.017721042384896e+18,292.633538875422,20.2487672160743,0.35108,15.2532,,,16.571,0.252,14.052,0.037,13.689,0.063,13.548,0.057,16.0882,0.000478,16.8404,0.004047,15.2142,0.002006,,,,,,,,,NGC_6802,660.6934480075965,Cantat-Gaudin2020,6369.0,2.87732,1.27
370786673,2.0177209736489308e+18,292.638798721044,20.2485383528955,0.392362,16.6067,18.013,0.11,18.0644,0.0471,15.321,0.088,14.209,,14.015,,17.505,0.000904,18.3058,0.016682,16.5568,0.005278,,,,,,,,,NGC_6802,660.6934480075965,Cantat-Gaudin2020,5714.0,1.62176,1.02
370786691,2.0177209736654177e+18,292.63640204683,20.2471508960136,0.241678,12.7541,16.29,0.164,14.538,0.16,11.084,0.021,10.391,0.023,10.19,0.018,13.8719,0.000205,15.0026,0.003229,12.8041,0.002207,9.666,0.023,9.744,0.021,9.766,0.065,8.331,0.308,NGC_6802,660.6934480075965,Cantat-Gaudin2020,4941.0,22.0768,
370786710,2.017721042384892e+18,292.632673457603,20.2460831284246,0.277627,12.9286,16.372,0.165,14.849,0.103,11.323,0.025,10.617,0.026,10.403,0.026,14.0405,0.000235,15.1746,0.00228,12.9839,0.000936,,,,,,,,,NGC_6802,660.6934480075965,Cantat-Gaudin2020,5049.0,16.3409,
370786718,2.017721003677428e+18,292.613049805475,20.2454689670694,0.351945,15.8369,18.274,0.07,17.0558,0.046,14.622,0.037,14.141,0.055,13.832,0.062,16.6215,0.000559,17.3217,0.006811,15.7902,0.00266,,,,,,,,,NGC_6802,660.6934480075965,Cantat-Gaudin2020,6701.0,,
370786728,2.0177209693380104e+18,292.645434553952,20.2444971182104,0.421926,14.0455,14.665,0.075,15.1775,0.0459,12.839,0.041,12.541,0.047,12.422,0.046,14.7875,0.001125,15.4228,0.002647,13.9762,0.002423,,,,,,,,,NGC_6802,660.6934480075965,Cantat-Gaudin2020,6674.0,3.68116,1.41
370786739,2.0177210080251543e+18,292.617767275486,20.2435245432012,0.250327,13.6464,16.415,0.062,14.812,0.183,12.506,0.023,12.209,0.023,12.051,0.025,14.3827,0.000214,15.0429,0.001555,13.5873,0.000932,11.824,0.026,11.971,0.033,11.39,0.362,8.406,,NGC_6802,660.6934480075965,Cantat-Gaudin2020,7446.0,6.97019,
370786742,2.017720969318296e+18,292.637330975485,20.2433516432279,0.294485,14.8969,,,15.93,0.24,13.757,0.034,13.516,0.077,13.421,0.048,15.6314,0.000357,16.2777,0.003469,14.8318,0.001609,,,,,,,,,NGC_6802,660.6934480075965,Cantat-Gaudin2020,7246.0,3.38628,1.63
370786745,2.017720973665412e+18,292.640735175827,20.2430224647694,0.270705,14.1609,16.555,0.064,15.499,0.229,13.021,0.023,12.699,0.026,12.521,0.026,14.9208,0.000289,15.5993,0.001542,14.1059,0.001153,12.32,0.037,12.444,0.046,12.235,,8.824,,NGC_6802,660.6934480075965,Cantat-Gaudin2020,7141.0,5.30957,
370786752,2.0177209736654103e+18,292.647911932885,20.2423156418298,0.231316,15.0012,,,16.118,0.0459,13.934,0.031,13.653,0.033,13.575,0.045,15.7297,0.000456,16.3778,0.002895,14.9345,0.00149,,,,,,,,,NGC_6802,660.6934480075965,Cantat-Gaudin2020,7547.0,3.8924,1.75
370786756,2.017720973665412e+18,292.637295073124,20.241843530175,0.438241,14.9155,13.096,0.051,15.748,0.15,13.027,,13.381,0.082,12.565,,15.6947,0.000376,16.3732,0.003681,14.8581,0.001738,,,,,,,,,NGC_6802,660.6934480075965,Cantat-Gaudin2020,6342.0,2.53303,1.26
370786760,2.017721008025151e+18,292.623283214597,20.2415626007082,0.359947,14.8248,17.257,0.065,16.265,0.229,13.712,0.025,13.385,0.049,13.278,0.037,15.577,0.000367,16.2415,0.003394,14.7701,0.001213,,,,,,,,,NGC_6802,660.6934480075965,Cantat-Gaudin2020,6884.0,3.01403,1.5
370786771,2.0177209736654103e+18,292.636570450237,20.2408198590693,0.366459,14.6038,13.052,0.074,15.5,0.263,13.348,0.057,13.078,0.047,13.034,0.062,15.3641,0.000358,16.0291,0.002427,14.5435,0.001212,,,,,,,,,NGC_6802,660.6934480075965,Cantat-Gaudin2020,6796.0,3.32374,1.46
370786780,2.0177209736654088e+18,292.646848987647,20.2399449774791,0.272352,13.7339,12.928,0.059,15.022,0.172,12.616,0.025,12.33,0.023,12.229,0.024,14.4557,0.000247,15.0963,0.001792,13.6705,0.000718,,,,,,,,,NGC_6802,660.6934480075965,Cantat-Gaudin2020,7418.0,6.10001,
370786802,2.017720630068028e+18,292.616037918418,20.2388894259313,0.304848,15.7855,16.955,0.077,17.0486,0.046,14.6,0.043,14.256,0.063,14.077,0.069,16.5913,0.000505,17.3108,0.00606,15.7371,0.002738,,,,,,,,,NGC_6802,660.6934480075965,Cantat-Gaudin2020,6690.0,2.42031,1.42
370786803,2.017674038258685e+18,292.649269370076,20.2388752338867,0.334005,15.0863,17.162,0.06,16.4,0.218,13.585,,13.546,0.061,13.556,0.064,15.84,0.00048,16.4885,0.005082,15.014,0.002342,,,,,,,,,NGC_6802,660.6934480075965,Cantat-Gaudin2020,6884.0,2.86345,1.5
370786810,2.017720973665408e+18,292.643419934958,20.2382283711823,0.32751,14.2878,15.318,0.066,15.609,0.046,13.178,0.021,12.872,0.023,12.745,0.024,15.0288,0.000297,15.6822,0.002367,14.2299,0.001088,,,,,,,,,NGC_6802,660.6934480075965,Cantat-Gaudin2020,7014.0,4.12622,1.54
370786818,2.0177209736654075e+18,292.641388057972,20.2375006495239,0.314731,13.9084,13.723,0.065,15.216,0.057,12.763,0.029,12.436,0.031,12.311,0.028,14.6671,0.000303,15.3406,0.001575,13.8546,0.001129,11.784,0.035,11.798,0.036,12.493,,8.816,,NGC_6802,660.6934480075965,Cantat-Gaudin2020,6957.0,5.22641,
370786833,2.017720939305669e+18,292.632965055896,20.2361466105028,0.36792,15.047,,,16.176,0.058,13.916,0.039,13.617,0.035,13.498,0.053,15.7897,0.00041,16.4349,0.003216,14.9816,0.001842,,,,,,,,,NGC_6802,660.6934480075965,Cantat-Gaudin2020,6914.0,2.63326,1.51
370786888,2.017673999555958e+18,292.64143700856,20.2317711925474,0.26936,15.8596,16.112,0.088,17.1408,0.0462,14.598,0.063,14.316,0.084,14.168,0.084,16.6737,0.000614,17.3788,0.008935,15.7875,0.002493,,,,,,,,,NGC_6802,660.6934480075965,Cantat-Gaudin2020,6745.0,,
370786911,2.0176739995547244e+18,292.648156685523,20.2288561914647,0.28422,13.7591,13.506,0.065,14.814,0.069,12.654,0.031,12.358,0.041,12.227,0.038,14.4361,0.000234,15.0305,0.002046,13.6834,0.001037,,,,,,,,,NGC_6802,660.6934480075965,Cantat-Gaudin2020,7732.0,5.46186,
370786912,2.017674038258677e+18,292.64968481501,20.2289342211565,0.32399,15.3503,19.285,0.17,16.319,0.24,14.123,0.048,13.558,0.053,13.5,0.059,16.0609,0.000494,16.6592,0.00389,15.2605,0.002319,,,,,,,,,NGC_6802,660.6934480075965,Cantat-Gaudin2020,7251.0,,
370786915,2.0176740038989404e+18,292.63867240619,20.2286637888763,0.313023,15.5371,,,16.626,0.378,14.359,0.034,14.035,0.048,13.911,0.063,16.3436,0.000517,17.0617,0.003836,15.4877,0.002123,,,,,,,,,NGC_6802,660.6934480075965,Cantat-Gaudin2020,6642.0,2.66171,1.4
370786945,2.017674003898937e+18,292.638157636529,20.2268021065228,0.4268,15.4221,17.739,0.076,16.393,1.133,14.303,0.045,14.009,0.052,13.848,0.062,16.1988,0.000518,16.8871,0.003713,15.376,0.00181,,,,,,,,,NGC_6802,660.6934480075965,Cantat-Gaudin2020,6417.0,2.04538,1.29
370786992,2.0177205957082808e+18,292.603111382689,20.2224805554658,0.27437,15.7052,18.284,0.067,16.9756,0.046,14.569,0.031,14.216,0.041,14.064,0.061,16.514,0.000568,17.2386,0.005876,15.6572,0.002419,,,,,,,,,NGC_6802,660.6934480075965,Cantat-Gaudin2020,6785.0,2.745,1.46
370787008,2.0177205613485404e+18,292.627401911864,20.221202935169,0.288468,12.9935,17.46,0.162,14.933,0.137,11.386,0.02,10.683,0.02,10.473,0.02,14.11,0.000217,15.2531,0.002779,13.0507,0.001144,10.256,0.023,10.341,0.023,11.283,,8.748,,NGC_6802,660.6934480075965,Cantat-Gaudin2020,5086.0,14.9008,
370787026,2.017673935179452e+18,292.649749231337,20.2192198681764,0.33301,14.6429,16.681,0.068,15.619,0.126,13.593,0.028,13.313,0.126,13.241,0.04,15.308,0.000319,15.8842,0.001559,14.5673,0.000985,,,,,,,,,NGC_6802,660.6934480075965,Cantat-Gaudin2020,7533.0,3.09779,1.74
370787042,2.01772059136055e+18,292.600406202586,20.2175173490672,0.273501,14.0847,16.205,0.067,15.113,0.035,12.974,0.026,12.707,0.028,12.6,0.028,14.8072,0.000281,15.448,0.001783,14.0208,0.001072,12.331,0.024,12.503,0.025,11.399,,8.369,,NGC_6802,660.6934480075965,Cantat-Gaudin2020,7417.0,5.16577,
370787061,2.017673999555324e+18,292.644494354934,20.2157255869964,0.302165,14.7522,16.557,0.07,16.055,0.058,13.608,0.031,13.292,0.04,13.173,0.043,15.4955,0.000451,16.139,0.004151,14.6793,0.001503,,,,,,,,,NGC_6802,660.6934480075965,Cantat-Gaudin2020,7118.0,3.58961,1.58
370787070,2.017673935179448e+18,292.646853225652,20.2149317161804,0.299544,14.6056,16.591,0.094,15.687,0.104,13.441,0.07,13.01,0.118,12.908,0.122,15.2775,0.000332,15.8679,0.002533,14.5258,0.001283,,,,,,,,,NGC_6802,660.6934480075965,Cantat-Gaudin2020,7885.0,3.51426,1.88
370787082,2.0176736215982024e+18,292.635844615794,20.2142294349966,0.326064,15.6519,18.297,0.066,16.792,0.138,14.501,0.03,14.136,0.049,13.93,0.065,16.4366,0.00059,17.1391,0.005348,15.6063,0.002533,,,,,,,,,NGC_6802,660.6934480075965,Cantat-Gaudin2020,6749.0,2.36052,1.44
370787126,2.017673625941797e+18,292.635422406012,20.2096564773046,0.239539,16.1056,18.566,0.073,17.3851,0.0461,14.967,0.041,14.706,0.067,14.461,0.081,16.9167,0.000751,17.651,0.008316,16.0574,0.003209,,,,,,,,,NGC_6802,660.6934480075965,Cantat-Gaudin2020,7090.0,2.51047,1.57
370787208,2.01767355722231e+18,292.6415140294,20.2024889508804,0.301551,12.6605,17.058,0.162,14.74,0.092,11.019,0.021,10.278,0.023,10.073,0.02,13.8028,0.00024,14.9821,0.002649,12.7299,0.000795,9.789,0.023,9.858,0.021,9.575,0.106,8.354,,NGC_6802,660.6934480075965,Cantat-Gaudin2020,4925.0,19.0478,
370787214,2.017673557222311e+18,292.635164029229,20.2021359984658,0.262474,14.565,17.438,0.061,15.937,0.366,13.378,0.023,12.995,0.023,12.892,0.031,15.3715,0.00043,16.1039,0.002468,14.5197,0.001161,,,,,,,,,NGC_6802,660.6934480075965,Cantat-Gaudin2020,7081.0,4.84392,1.57
370787269,2.017673557222303e+18,292.644661410313,20.1979100191647,0.279616,15.2391,18.017,0.062,16.768,0.4,14.094,0.023,13.825,0.032,13.596,0.045,16.0401,0.000503,16.7547,0.00443,15.1818,0.002297,,,,,,,,,NGC_6802,660.6934480075965,Cantat-Gaudin2020,7069.0,3.32604,1.56
370787293,2.0176734885028308e+18,292.608567256115,20.195786275502,0.321635,15.4515,18.237,0.078,16.7302,0.046,14.184,0.052,13.76,0.076,13.682,0.089,16.2638,0.000581,16.9986,0.006771,15.4085,0.00212,,,,,,,,,NGC_6802,660.6934480075965,Cantat-Gaudin2020,6864.0,2.72143,1.49
370787342,2.0176733167041265e+18,292.64523031827,20.1917451096415,0.323754,15.8738,17.711,0.076,17.171,0.0467,14.446,0.045,14.202,0.057,14.088,0.078,16.6953,0.000685,17.3745,0.013673,15.7678,0.007591,,,,,,,,,NGC_6802,660.6934480075965,Cantat-Gaudin2020,7388.0,1.92032,1.68
370787475,2.017673213624896e+18,292.637705414117,20.1791503768054,0.206725,16.1536,18.694,0.088,17.4977,0.0461,14.917,0.064,13.7,,14.435,0.085,16.996,0.000694,17.7628,0.007572,16.1107,0.004043,,,,,,,,,NGC_6802,660.6934480075965,Cantat-Gaudin2020,6956.0,2.76975,1.52
370787591,2.0176731792651443e+18,292.61664264055,20.1678445587635,0.326934,14.8542,17.207,0.058,16.002,0.206,13.35,,12.599,,13.207,0.042,15.5847,0.000359,16.2289,0.002534,14.7856,0.001595,,,,,,,,,NGC_6802,660.6934480075965,Cantat-Gaudin2020,7425.0,3.13642,1.7
370787835,2.0176716287333325e+18,292.624586159514,20.1453111919794,0.32407,16.0938,18.611,0.071,17.4972,0.0464,14.728,0.041,14.428,0.061,14.215,0.08,16.9669,0.000716,17.7406,0.009653,16.0398,0.00595,13.683,0.047,13.957,0.071,11.027,,8.437,,NGC_6802,660.6934480075965,Cantat-Gaudin2020,6284.0,2.21797,1.23
370788334,2.017670636644228e+18,292.607626309358,20.1004070950863,0.317403,13.1436,17.452,0.162,15.034,0.103,11.517,0.019,10.81,0.019,10.618,0.018,14.2469,0.000276,15.3698,0.001772,13.1972,0.001032,10.535,0.023,10.601,0.023,11.059,0.178,8.567,,NGC_6802,660.6934480075965,Cantat-Gaudin2020,4969.0,13.6902,
371052247,2.0176733467208704e+18,292.652277898369,20.1992915687486,0.413014,16.6669,19.435,0.086,18.2133,0.0471,15.396,0.063,14.921,0.075,14.811,0.115,17.6043,0.000976,18.4961,0.015923,16.668,0.003844,,,,,,,,,NGC_6802,660.6934480075965,Cantat-Gaudin2020,6511.0,1.14983,1.34
371052319,2.0176737290210035e+18,292.656703214417,20.2066652547153,0.387563,14.8402,15.357,0.063,15.614,0.16,12.993,,12.594,,13.159,0.06,15.5719,0.000381,16.2087,0.00272,14.7764,0.001372,,,,,,,,,NGC_6802,660.6934480075965,Cantat-Gaudin2020,6955.0,2.71212,1.52
371052510,2.0176739695391923e+18,292.658731085364,20.2224863159471,0.303836,15.4395,17.162,0.07,16.436,0.389,14.187,0.032,13.806,0.039,13.844,0.06,16.146,0.0005,16.7217,0.00815,15.3277,0.003118,,,,,,,,,NGC_6802,660.6934480075965,Cantat-Gaudin2020,7375.0,2.46494,1.68
371052613,2.0176740382586767e+18,292.656324682697,20.2301835710393,0.33461,13.9197,15.762,0.067,14.961,0.149,12.784,0.024,12.49,0.03,12.39,0.028,14.6135,0.000228,15.2227,0.002207,13.8558,0.000729,11.818,0.03,12.009,0.032,11.667,,8.938,,NGC_6802,660.6934480075965,Cantat-Gaudin2020,7305.0,4.47878,1.65
371052633,2.017674033915675e+18,292.659600062566,20.2315091241592,0.275038,16.3047,18.466,0.079,17.5681,0.0466,14.867,0.051,14.483,0.052,14.397,0.085,17.1101,0.000759,17.7697,0.01321,16.1947,0.005998,,,,,,,,,NGC_6802,660.6934480075965,Cantat-Gaudin2020,6794.0,2.04237,1.46
371052651,2.01767403825868e+18,292.661849767408,20.2334781173331,0.291432,12.944,15.555,0.168,14.808,0.16,11.385,0.024,10.707,0.025,10.489,0.033,14.0158,0.000263,15.0939,0.002103,12.9891,0.001054,10.337,0.024,10.443,0.026,10.791,0.158,8.96,,NGC_6802,660.6934480075965,Cantat-Gaudin2020,5065.0,15.507,
371052660,2.017674038229935e+18,292.655165621907,20.2339623400906,0.323464,16.3456,19.367,0.167,18.5048,0.0508,14.366,0.036,13.633,0.038,13.379,0.039,17.5199,0.001088,18.6924,0.026097,16.3489,0.005632,,,,,,,,,NGC_6802,660.6934480075965,Cantat-Gaudin2020,4540.0,3.60296,
371052678,2.0176740382586808e+18,292.663412855943,20.235680380929,0.344707,15.0728,17.38,0.072,16.294,0.172,13.69,0.04,13.17,0.044,12.804,0.046,15.7941,0.000417,16.414,0.0026,14.9999,0.002155,,,,,,,,,NGC_6802,660.6934480075965,Cantat-Gaudin2020,7042.0,,
371052689,2.0176740382586824e+18,292.655101460133,20.2361036240358,0.316401,15.1516,,,16.211,0.378,13.858,0.041,13.437,0.027,13.328,0.041,15.9137,0.000472,16.5738,0.005366,15.0818,0.002925,,,,,,,,,NGC_6802,660.6934480075965,Cantat-Gaudin2020,6924.0,2.94821,1.51
371052839,2.017721076744632e+18,292.653648034425,20.2484091244942,0.324902,15.0372,17.228,0.072,16.531,0.389,13.857,0.038,13.502,0.047,13.338,0.061,15.7902,0.000424,16.455,0.002897,14.9805,0.002164,13.001,0.071,13.911,0.234,12.161,,8.919,,NGC_6802,660.6934480075965,Cantat-Gaudin2020,6943.0,2.99666,1.52
371052876,2.017721076744635e+18,292.653693525151,20.2519314742669,0.325667,15.9168,16.814,0.09,17.1714,0.046,14.7,0.063,14.354,0.055,14.224,0.082,16.719,0.000628,17.4249,0.006823,15.8601,0.003212,,,,,,,,,NGC_6802,660.6934480075965,Cantat-Gaudin2020,7146.0,1.84217,1.59
371052935,2.017721076744638e+18,292.66056347351,20.2563464553729,0.403282,15.5935,18.074,0.065,16.735,1.133,14.421,0.027,14.222,0.049,14.062,0.082,16.3506,0.00052,17.0075,0.00596,15.5323,0.002739,,,,,,,,,NGC_6802,660.6934480075965,Cantat-Gaudin2020,6605.0,1.93245,1.38
371052940,2.0177211111043763e+18,292.664325176488,20.25657485211,0.364705,12.6294,15.963,0.165,14.446,0.172,10.996,0.021,10.272,0.018,10.077,0.017,13.7225,0.000203,14.8406,0.001871,12.6746,0.000994,9.879,0.024,9.956,0.023,10.112,0.141,8.518,,NGC_6802,660.6934480075965,Cantat-Gaudin2020,4948.0,13.79,
371052993,2.0177211111043832e+18,292.658383956413,20.2611381275407,0.481471,16.4815,,,17.8924,0.0464,15.38,0.067,15.034,0.099,15.157,0.203,17.3584,0.000863,18.1467,0.0108,16.4396,0.004302,,,,,,,,,NGC_6802,660.6934480075965,Cantat-Gaudin2020,6501.0,1.03578,1.33
371053014,2.0177211411257933e+18,292.652396001484,20.2632430737655,0.174105,16.2311,,,17.6836,0.0468,14.865,0.041,14.571,0.07,14.403,0.087,17.1258,0.00082,17.8773,0.007901,16.131,0.013347,,,,,,,,,NGC_6802,660.6934480075965,Cantat-Gaudin2020,6478.0,,
371053028,2.017721111104386e+18,292.66305007229,20.2646793571901,0.379835,15.8268,18.877,0.174,16.849,1.133,14.553,0.053,14.17,0.067,14.001,0.075,16.6668,0.000663,17.4105,0.005995,15.7769,0.002984,,,,,,,,,NGC_6802,660.6934480075965,Cantat-Gaudin2020,6102.0,2.10405,1.15
371053056,2.0177211111043912e+18,292.657652089503,20.2667211777782,0.348405,15.6554,,,16.9208,0.046,14.496,0.036,14.106,0.041,14.04,0.072,16.4635,0.000567,17.1796,0.005595,15.6059,0.002592,,,,,,,,,NGC_6802,660.6934480075965,Cantat-Gaudin2020,6439.0,2.31489,1.3
371053060,2.017721111104391e+18,292.660544278147,20.2669139325118,0.306956,13.3039,17.331,0.163,15.295,0.194,11.692,0.021,10.96,0.019,10.748,0.019,14.4078,0.000351,15.5326,0.002337,13.3545,0.001206,10.476,0.026,10.549,0.027,11.744,0.524,8.931,,NGC_6802,660.6934480075965,Cantat-Gaudin2020,4881.0,13.2621,
371053078,2.017721111104392e+18,292.662518673494,20.2682997894165,0.305506,14.3103,16.292,0.067,15.561,0.092,13.138,0.027,12.818,0.028,12.65,0.032,15.0401,0.000275,15.6837,0.00173,14.2486,0.001207,,,,,,,,,NGC_6802,660.6934480075965,Cantat-Gaudin2020,7200.0,4.27241,1.61
371053119,2.017721179823875e+18,292.657214046864,20.2720982394865,0.315499,13.0667,15.323,0.062,14.98,0.149,11.362,0.022,10.663,0.022,10.441,0.02,14.1882,0.000389,15.3429,0.002432,13.1241,0.001323,10.258,0.026,10.336,0.026,10.392,0.128,8.977,,NGC_6802,660.6934480075965,Cantat-Gaudin2020,4984.0,13.4385,
371053124,2.017721179807452e+18,292.652299296163,20.2727548506628,0.256983,13.8715,16.172,0.066,14.957,0.183,12.531,0.028,12.221,0.03,12.027,0.031,14.6926,0.000483,15.3593,0.004613,13.7537,0.00766,,,,,,,,,NGC_6802,660.6934480075965,Cantat-Gaudin2020,6772.0,6.95552,
371053169,2.0177211798238792e+18,292.657394482338,20.2760954265097,0.312948,13.8777,15.523,0.071,15.008,0.069,12.772,0.033,12.454,0.028,12.3,0.026,14.5943,0.000237,15.2266,0.001257,13.8157,0.00085,,,,,,,,,NGC_6802,660.6934480075965,Cantat-Gaudin2020,7267.0,5.00982,
371053221,2.0177211798238843e+18,292.655806021733,20.2802917290411,0.268517,13.6441,16.301,0.064,14.847,0.092,12.482,0.025,12.178,0.028,11.963,0.026,14.367,0.00024,15.0226,0.001864,13.5731,0.000975,11.438,0.028,11.617,0.023,11.465,,8.736,,NGC_6802,660.6934480075965,Cantat-Gaudin2020,8063.0,6.51967,
371053261,2.017727055340186e+18,292.655447705888,20.2836997482327,0.232577,14.9293,17.011,0.07,16.433,0.252,13.744,0.034,13.417,0.036,13.199,0.033,15.6301,0.000402,16.2568,0.002964,14.842,0.001571,,,,,,,,,NGC_6802,660.6934480075965,Cantat-Gaudin2020,8313.0,3.9281,2.05
371053299,2.0177272614986168e+18,292.65354211289,20.2865763666974,0.354387,14.6068,,,15.4829,0.0459,13.642,0.032,13.389,0.035,13.231,0.038,15.2062,0.000318,15.7159,0.001777,14.5125,0.001458,,,,,,,,,NGC_6802,660.6934480075965,Cantat-Gaudin2020,8030.0,2.73441,1.94
371053342,2.017727055340188e+18,292.661218103086,20.2903327816207,0.317553,15.0933,16.98,0.076,16.25,0.092,13.899,0.043,13.581,0.056,13.446,0.055,15.7879,0.000431,16.3907,0.003604,15.0084,0.002583,,,,,,,,,NGC_6802,660.6934480075965,Cantat-Gaudin2020,7737.0,2.74506,1.82
371053536,2.0177272958580805e+18,292.663696986206,20.3073035538013,0.317852,13.4263,14.555,0.07,14.702,0.172,12.203,0.03,11.886,0.032,11.663,0.024,14.2046,0.000228,14.906,0.001422,13.377,0.000813,11.356,0.028,11.398,0.022,11.671,0.442,8.662,,NGC_6802,660.6934480075965,Cantat-Gaudin2020,7106.0,6.64915,
371053561,2.0177272958580805e+18,292.664724343757,20.3089166587643,0.316344,15.0392,,,16.042,0.847,13.802,0.032,13.47,0.031,13.285,0.039,15.7902,0.000442,16.4417,0.003826,14.9609,0.002804,,,,,,,,,NGC_6802,660.6934480075965,Cantat-Gaudin2020,7321.0,3.05244,1.66
371053576,2.017727364577568e+18,292.656076919439,20.3103466449967,0.379741,14.3448,16.51,0.068,15.492,0.103,13.251,0.028,12.949,0.028,12.728,0.025,15.0755,0.000312,15.717,0.002213,14.2892,0.001031,,,,,,,,,NGC_6802,660.6934480075965,Cantat-Gaudin2020,6843.0,3.46779,1.48
371053886,2.017728223571044e+18,292.658975531241,20.3342268064637,0.359107,15.6209,,,16.8135,0.0463,14.373,0.043,14.104,0.059,13.974,0.061,16.3926,0.00056,17.0378,0.010946,15.5316,0.00361,,,,,,,,,NGC_6802,660.6934480075965,Cantat-Gaudin2020,6699.0,2.16266,1.42
1851202505,2.017673625912964e+18,292.628802552971,20.2143015556031,0.332556,16.671,,,,,,,,,,,17.101,0.001049,,0.0,,0.0,,,,,,,,,NGC_6802,660.6934480075965,Cantat-Gaudin2020,,,
1851202738,2.017673728992068e+18,292.656855973506,20.205894878085,0.218331,17.4876,,,,,,,,,,,17.9176,0.001353,,0.0,,0.0,,,,,,,,,NGC_6802,660.6934480075965,Cantat-Gaudin2020,,,
1851203309,2.017673999555958e+18,292.64143700856,20.2317711925474,0.26936,15.8596,,,17.1408,0.0462,,,,,,,16.6737,0.000614,17.3788,0.008935,15.7875,0.002493,,,,,,,,,NGC_6802,660.6934480075965,Cantat-Gaudin2020,6745.0,,
1851203461,2.017674038258677e+18,292.64968481501,20.2289342211565,0.32399,15.3503,,,16.4269,0.0459,,,,,,,16.0609,0.000494,16.6592,0.00389,15.2605,0.002319,,,,,,,,,NGC_6802,660.6934480075965,Cantat-Gaudin2020,7251.0,,
1851203464,2.0176740382586808e+18,292.663412855943,20.235680380929,0.344707,15.0728,,,16.1677,0.0459,,,,,,,15.7941,0.000417,16.414,0.0026,14.9999,0.002155,,,,,,,,,NGC_6802,660.6934480075965,Cantat-Gaudin2020,7042.0,,
1851271277,2.01772056134854e+18,292.620959225083,20.2165285021866,0.354452,15.5664,,,16.7784,0.046,,,,,,,16.3475,0.000579,17.0358,0.005644,15.5107,0.002164,,,,,,,,,NGC_6802,660.6934480075965,Cantat-Gaudin2020,6713.0,2.27252,1.43
1851272116,2.0177209393056696e+18,292.635150328919,20.2368764333575,0.33037,15.4109,,,16.5875,0.0459,,,,,,,16.1738,0.000546,16.8309,0.004061,15.3383,0.002298,,,,,,,,,NGC_6802,660.6934480075965,Cantat-Gaudin2020,6883.0,2.52368,1.5
1851272148,2.0177209736489224e+18,292.632903606481,20.2451149168752,0.308525,15.79,,,17.0948,0.0464,,,,,,,16.6164,0.00066,17.2583,0.010153,15.6468,0.008028,,,,,,,,,NGC_6802,660.6934480075965,Cantat-Gaudin2020,6530.0,2.46813,1.35
1851272152,2.017720973648928e+18,292.63640173516,20.2477737469232,0.25829,14.9025,,,16.1232,0.0466,,,,,,,15.6859,0.000592,16.3282,0.006711,14.7913,0.013605,,,,,,,,,NGC_6802,660.6934480075965,Cantat-Gaudin2020,7027.0,4.04137,1.55
1851272204,2.017721003677428e+18,292.613049805475,20.2454689670694,0.351945,15.8369,,,17.0558,0.046,,,,,,,16.6215,0.000559,17.3217,0.006811,15.7902,0.00266,,,,,,,,,NGC_6802,660.6934480075965,Cantat-Gaudin2020,6701.0,,
1851272268,2.0177210080251533e+18,292.631154242865,20.244847710253,0.471563,16.3528,,,17.8627,0.047,,,,,,,17.2733,0.000866,18.0839,0.012537,16.2866,0.00999,,,,,,,,,NGC_6802,660.6934480075965,Cantat-Gaudin2020,5365.0,1.6418,0.93
1851272352,2.017721042384904e+18,292.637283719731,20.2571042991106,0.280981,16.2365,,,17.65,0.0463,,,,,,,17.1142,0.000755,17.9004,0.009936,16.1903,0.003777,,,,,,,,,NGC_6802,660.6934480075965,Cantat-Gaudin2020,6294.0,2.3201,1.23
1851272362,2.017721076728136e+18,292.657462617529,20.2480125540964,0.500614,16.8211,,,18.3352,0.0476,,,,,,,17.7434,0.001165,18.5631,0.014973,16.762,0.013187,,,,,,,,,NGC_6802,660.6934480075965,Cantat-Gaudin2020,5361.0,1.26996,0.93
1851272454,2.0177210767446449e+18,292.651052862774,20.2601016842384,0.236671,15.5676,,,16.8288,0.0461,,,,,,,16.371,0.000618,17.0668,0.005382,15.4922,0.007561,,,,,,,,,NGC_6802,660.6934480075965,Cantat-Gaudin2020,6943.0,3.22276,1.52
1851272455,2.017721076744646e+18,292.654783194083,20.2623076954456,0.317219,15.404,,,16.6357,0.0464,,,,,,,16.1946,0.000661,16.8364,0.011968,15.2923,0.005046,,,,,,,,,NGC_6802,660.6934480075965,Cantat-Gaudin2020,6724.0,2.73188,1.43
1851272553,2.0177211411257933e+18,292.652396001484,20.2632430737655,0.174105,16.2311,,,17.6836,0.0468,,,,,,,17.1258,0.00082,17.8773,0.007901,16.131,0.013347,,,,,,,,,NGC_6802,660.6934480075965,Cantat-Gaudin2020,6478.0,,
1851272602,2.0177211454477025e+18,292.640064441222,20.2682132908398,0.182892,16.6732,,,18.3693,0.0474,,,,,,,17.6756,0.001096,18.6009,0.016358,16.6449,0.005508,,,,,,,,,NGC_6802,660.6934480075965,Cantat-Gaudin2020,5689.0,2.81393,1.01
1851272640,2.017721145464129e+18,292.642540330091,20.2643855671142,0.254239,15.2295,,,16.4775,0.0459,,,,,,,16.0267,0.000556,16.7253,0.004648,15.1634,0.001733,,,,,,,,,NGC_6802,660.6934480075965,Cantat-Gaudin2020,6932.0,,
1851272854,2.0177212485433485e+18,292.615238854188,20.2635520061028,0.271889,16.0753,,,17.2875,0.046,,,,,,,16.8549,0.000671,17.5493,0.006111,16.0211,0.002965,,,,,,,,,NGC_6802,660.6934480075965,Cantat-Gaudin2020,6980.0,2.20696,1.53
1851273134,2.0177213859823155e+18,292.648894318637,20.280594895479,0.345367,16.3824,,,17.7457,0.0463,,,,,,,17.2369,0.000899,17.9582,0.009733,16.2939,0.005426,,,,,,,,,NGC_6802,660.6934480075965,Cantat-Gaudin2020,6326.0,,
1851273203,2.017721420342055e+18,292.619221891211,20.2785951602882,0.253587,15.5612,,,16.7966,0.046,,,,,,,16.3503,0.000507,17.0523,0.006531,15.4987,0.002504,,,,,,,,,NGC_6802,660.6934480075965,Cantat-Gaudin2020,7224.0,,
1851273316,2.0177214547018043e+18,292.632597133981,20.2973879110793,0.200983,17.0013,,,18.5347,0.0473,,,,,,,17.8844,0.001182,18.5893,0.01608,16.6977,0.007358,,,,,,,,,NGC_6802,660.6934480075965,Cantat-Gaudin2020,,,
1851273317,2.0177214547018056e+18,292.635178938881,20.2993318911189,0.305172,13.6122,,,14.8857,0.0459,,,,,,,14.4207,0.000256,15.1525,0.001984,13.5649,0.001229,,,,,,,,,NGC_6802,660.6934480075965,Cantat-Gaudin2020,7057.0,,
1851283006,2.0177272571498383e+18,292.65130541001,20.2916546617013,0.271219,14.723,,,15.6821,0.0462,,,,,,,15.3597,0.000333,15.8648,0.009925,14.5578,0.005783,,,,,,,,,NGC_6802,660.6934480075965,Cantat-Gaudin2020,8957.0,,
1851285511,2.017728704607401e+18,292.658839757621,20.3601374667669,0.353346,17.0048,,,18.5505,0.0482,,,,,,,17.9424,0.001236,18.8022,0.02271,16.9754,0.005527,,,,,,,,,NGC_6802,660.6934480075965,Cantat-Gaudin2020,5976.0,1.53013,1.1
370905969,4.323330027397108e+18,292.563089964739,18.5548365977128,0.237371,15.6927,,,,,13.292,0.02,12.466,0.019,12.065,0.02,17.5319,0.002263,20.0089,0.037427,16.08,0.006026,11.905,0.042,11.941,0.046,11.292,,8.331,,Teutsch_42,,Cantat-Gaudin2020,3655.0,15.709,
370906178,4.323329610755628e+18,292.54780580044,18.5399560628607,0.201686,15.3633,20.066,0.163,,,13.168,0.029,12.382,0.029,12.019,0.028,17.0668,0.000767,19.1647,0.019911,15.6552,0.002771,11.593,0.03,11.423,0.031,10.84,0.301,8.2,,Teutsch_42,,Cantat-Gaudin2020,3959.0,16.7368,
370906201,4.3233296494399805e+18,292.555475749682,18.5384772403591,0.137314,12.4298,18.949,0.194,16.16,0.103,10.199,0.026,9.42,0.029,9.033,0.024,14.1675,0.001207,16.3697,0.007444,12.7748,0.004013,8.489,0.027,8.236,0.021,8.018,0.032,6.402,0.142,Teutsch_42,,Cantat-Gaudin2020,3926.0,84.5398,
370906231,4.32332964943998e+18,292.55423583411,18.5360769780384,0.120823,14.6918,20.305,0.177,,,12.309,0.05,11.573,0.059,11.243,0.052,16.428,0.000637,18.4817,0.010907,14.9554,0.008349,,,,,,,,,Teutsch_42,,Cantat-Gaudin2020,4071.0,30.4737,
370906254,4.32332944328154e+18,292.55969480004,18.5346058821533,0.248857,15.6708,,,,,13.398,0.047,12.658,0.054,12.273,0.048,17.3938,0.000876,19.4888,0.030334,15.9714,0.003787,,,,,,,,,Teutsch_42,,Cantat-Gaudin2020,4012.0,13.5851,
370906271,4.323329443281543e+18,292.557569057226,18.5333539210596,0.111624,12.7973,17.241,0.231,15.359,0.539,9.38,0.156,8.518,0.08,7.851,0.24,14.2804,0.000442,16.3241,0.004209,12.9121,0.002533,,,,,,,,,Teutsch_42,,Cantat-Gaudin2020,3360.0,56.9433,
370906279,4.323329615080256e+18,292.546138035469,18.5328768565436,0.118276,14.0594,19.946,0.177,17.267,0.15,11.766,0.035,10.775,,10.377,,15.5267,0.000545,17.4933,0.005312,14.1724,0.002816,,,,,,,,,Teutsch_42,,Cantat-Gaudin2020,3450.0,29.3791,
370906491,4.323329305842586e+18,292.548371876064,18.5156326132709,0.228729,15.8016,19.723,0.165,17.8917,0.0467,14.178,0.03,13.758,0.038,13.476,0.045,16.9598,0.000877,18.1295,0.010408,15.8516,0.003123,,,,,,,,,Teutsch_42,,Cantat-Gaudin2020,6913.0,4.73649,1.51
353402060,2.022415441611089e+18,288.825885003106,22.8644734269785,0.709132,13.8289,16.01,0.066,14.697,0.229,12.749,0.023,12.398,0.023,12.274,0.023,14.4605,0.000237,14.9031,0.009222,13.6824,0.005352,12.245,0.023,12.331,0.026,12.423,,8.72,,UBC_125,575.4399373371566,Cantat-Gaudin2020,6192.0,2.14041,1.19
354865356,4.5168750663684265e+18,289.4928607537,20.7210883380583,1.10606,13.7001,17.141,0.166,15.246,0.206,12.348,0.023,11.934,0.023,11.742,0.02,14.6695,0.000214,15.5988,0.001541,13.7081,0.000806,11.55,0.025,11.548,0.023,12.171,0.25,9.362,,UPK_62,,Cantat-Gaudin2020,6159.0,2.40072,1.17
354866189,4.516974366008417e+18,289.580014536141,20.8599188324172,1.03028,15.0459,19.35,0.163,17.2759,0.0461,13.459,0.023,12.859,0.022,12.666,0.027,16.2499,0.000509,17.5288,0.005231,15.1356,0.001298,12.449,0.026,12.555,0.025,12.185,,8.645,,UPK_62,,Cantat-Gaudin2020,4633.0,2.26509,
355246910,4.516989896610233e+18,289.607791224952,21.0307589085277,1.13235,14.4412,18.745,0.163,16.35,0.103,12.924,0.022,12.378,0.023,12.149,0.023,15.5665,0.000371,16.7058,0.00349,14.5037,0.000927,11.841,0.023,11.892,0.024,12.091,0.249,9.172,,UPK_62,,Cantat-Gaudin2020,5472.0,2.1992,0.96
355247371,4.5169759809161513e+18,289.624431949421,20.9560399176246,1.08497,13.1723,16.284,0.167,14.527,0.069,11.915,0.021,11.644,0.022,11.454,0.02,14.0389,0.000179,14.8422,0.001236,13.1506,0.000682,11.273,0.023,11.288,0.022,11.55,0.168,8.792,,UPK_62,,Cantat-Gaudin2020,6552.0,2.66026,1.36
355247807,4.516974915764231e+18,289.629986864121,20.8923080731592,1.09011,13.5111,17.054,0.165,15.183,0.126,12.156,0.021,11.813,0.021,11.62,0.022,14.4807,0.000207,15.4099,0.001487,13.5191,0.000735,11.47,0.024,11.505,0.022,12.269,0.295,9.358,,UPK_62,,Cantat-Gaudin2020,6102.0,2.66571,1.15
355248043,4.516974297288933e+18,289.610237416976,20.8604132958576,0.983163,15.5396,20.063,0.162,17.7376,0.0463,13.921,0.023,13.322,0.022,13.155,0.031,16.7373,0.000693,17.9861,0.007598,15.6239,0.001693,12.939,0.024,12.989,0.025,12.683,,9.356,,UPK_62,,Cantat-Gaudin2020,4920.0,1.80379,
355248172,4.516971239272203e+18,289.647232301619,20.8419809463736,1.09808,12.1186,15.865,0.165,13.626,0.069,10.878,0.021,10.605,0.021,10.422,0.019,13.0418,0.000695,13.9149,0.002023,12.1167,0.001849,10.324,0.023,10.31,0.02,10.416,0.059,9.205,,UPK_62,,Cantat-Gaudin2020,5914.0,4.7538,
355248474,4.516970135442344e+18,289.694245867858,20.7972704717777,1.14195,13.8578,18.035,0.163,15.758,0.092,12.35,0.023,11.901,0.027,11.663,0.027,14.9524,0.000268,16.0475,0.002095,13.909,0.001013,11.293,0.024,11.295,0.022,11.929,0.207,9.142,,UPK_62,,Cantat-Gaudin2020,5980.0,2.61835,1.1
355248598,4.516970002321587e+18,289.680052612994,20.7796624383687,1.15107,14.9397,19.466,0.163,17.2412,0.0461,13.261,0.028,12.692,0.034,12.477,0.039,16.1788,0.000456,17.4833,0.005604,15.047,0.001284,11.973,0.028,12.017,0.028,11.81,0.189,8.998,,UPK_62,,Cantat-Gaudin2020,5122.0,2.10459,
355248709,4.5169697618034135e+18,289.675646769057,20.7622418251607,1.02605,15.085,19.559,0.162,17.345,0.0461,13.5,0.022,12.922,0.025,12.675,0.026,16.3061,0.000523,17.5949,0.005396,15.1863,0.001708,12.537,0.029,12.71,0.039,12.804,0.441,8.75,,UPK_62,,Cantat-Gaudin2020,4920.0,2.20251,
355248881,4.516688183762074e+18,289.682306086864,20.7361694612135,1.05272,14.864,19.035,0.164,17.0302,0.0461,13.345,0.026,12.768,0.026,12.557,0.028,16.0518,0.000506,17.2813,0.005363,14.9457,0.001445,11.839,0.026,11.857,0.026,11.254,0.114,8.332,0.203,UPK_62,,Cantat-Gaudin2020,5084.0,2.21938,
355251306,4.51667303111638e+18,289.604775866202,20.3805654453079,1.04745,16.1747,19.889,0.167,17.9628,0.0462,14.689,0.037,14.095,0.044,13.969,0.055,17.2046,0.000673,18.2281,0.006963,16.18,0.002864,13.875,0.047,13.949,0.048,11.678,,8.921,,UPK_62,,Cantat-Gaudin2020,4630.0,1.0371,0.73
356579909,4.516973816252904e+18,289.751910588541,20.9340988664933,1.12092,14.4062,18.531,0.164,16.129,0.366,12.898,0.03,12.386,0.037,12.193,0.034,15.5243,0.00056,16.6732,0.005276,14.4579,0.001663,12.066,0.036,12.06,0.037,12.677,0.511,8.723,,UPK_62,,Cantat-Gaudin2020,4732.0,2.43577,
356580213,4.516973060338337e+18,289.720978962794,20.8894534024341,1.08688,14.0675,17.778,0.164,15.775,0.069,12.677,0.02,12.239,0.02,12.05,0.02,15.099,0.000279,16.1152,0.001937,14.0959,0.000812,11.735,0.025,11.78,0.024,11.926,0.216,9.246,,UPK_62,,Cantat-Gaudin2020,5291.0,2.41744,
356580368,4.516972270064651e+18,289.751290434071,20.8673364363893,1.19027,14.6762,18.72,0.163,16.364,0.172,13.205,0.021,12.651,0.023,12.465,0.023,15.7565,0.000376,16.8632,0.005327,14.707,0.001112,12.358,0.027,12.348,0.026,12.623,,9.07,,UPK_62,,Cantat-Gaudin2020,4546.0,1.96725,
356580663,4.51678425357548e+18,289.793211705703,20.8278522582672,1.01608,14.032,17.904,0.164,15.86,0.092,12.562,0.024,12.093,0.026,11.927,0.023,15.0981,0.000289,16.1536,0.002043,14.071,0.001043,11.601,0.025,11.619,0.024,11.522,0.148,9.409,,UPK_62,,Cantat-Gaudin2020,5648.0,2.66651,1.0
356580664,4.516970483357925e+18,289.752619775214,20.8278211799674,1.08511,12.9217,,,14.311,0.057,11.656,0.02,11.3,0.026,11.147,0.024,13.8036,0.000145,14.6278,0.001216,12.8982,0.000746,,,,,,,,,UPK_62,,Cantat-Gaudin2020,6918.0,3.03848,1.51
356581144,4.516782295070014e+18,289.764143016393,20.7604851957295,1.01349,14.8461,19.042,0.163,17.0154,0.046,13.268,0.025,12.71,0.025,12.445,0.02,16.0176,0.000444,17.2679,0.004516,14.9087,0.00111,12.271,0.027,12.262,0.027,12.18,0.251,9.066,,UPK_62,,Cantat-Gaudin2020,4372.0,2.47362,
356581157,4.516782295070015e+18,289.758309222418,20.7587598860155,1.0991,15.331,19.864,0.163,17.5431,0.0464,13.704,0.028,13.086,0.028,12.839,0.03,16.5164,0.00054,17.7859,0.007864,15.3919,0.001974,12.623,0.029,12.644,0.031,12.482,0.349,9.155,,UPK_62,,Cantat-Gaudin2020,4319.0,1.88562,
356703958,4.516686740653027e+18,289.768767605945,20.6660433128164,1.12678,13.2799,17.643,0.163,15.133,0.183,11.852,0.024,11.377,0.023,11.156,0.02,14.3717,0.000205,15.4652,0.001761,13.3325,0.000892,10.801,0.024,10.748,0.022,10.839,0.084,9.309,0.517,UPK_62,,Cantat-Gaudin2020,5969.0,3.44664,1.1
356704558,4.516682510078291e+18,289.781801892463,20.5842759646068,1.02629,13.1915,17.327,0.164,15.176,0.137,11.734,0.029,11.296,0.037,11.029,0.033,14.2988,0.000189,15.4104,0.0016,13.2423,0.000593,10.304,0.02,10.371,0.018,10.59,0.069,9.285,0.514,UPK_62,,Cantat-Gaudin2020,5362.0,4.23776,
385076224,4.516983608778317e+18,289.858854311359,21.062560584616,1.08659,13.1448,16.047,0.063,14.373,0.092,11.93,0.027,11.774,0.035,11.516,0.022,13.945,0.000173,14.6717,0.001381,13.1061,0.000796,11.318,0.023,11.328,0.023,11.266,0.119,9.075,,UPK_62,,Cantat-Gaudin2020,6842.0,2.43427,1.48
385073794,4.516780061687259e+18,289.970071441893,20.7618015404798,1.12292,15.1281,19.23,0.165,17.01,1.133,13.605,0.032,13.079,0.036,12.904,0.033,16.2615,0.000546,17.4085,0.00648,15.1896,0.001476,,,,,,,,,UPK_62,,Cantat-Gaudin2020,5417.0,1.6461,0.94
385074908,4.5167898885725046e+18,289.954520745579,20.8980935291007,1.13575,15.335,19.425,0.165,16.979,1.133,13.855,0.033,13.27,0.036,13.097,0.033,16.4445,0.000564,17.5647,0.005421,15.3885,0.001967,,,,,,,,,UPK_62,,Cantat-Gaudin2020,5213.0,1.45979,0.89
357000246,4.516775079525067e+18,290.1760336918,20.7927479462418,1.06063,13.5377,19.026,0.164,16.333,0.172,11.635,0.022,10.974,0.024,10.641,0.017,14.9113,0.000822,16.4608,0.004328,13.6698,0.000958,10.454,0.023,10.407,0.021,10.647,0.142,9.154,,UPK_62,,Cantat-Gaudin2020,4155.0,6.10044,
9309817,4.521103375762118e+18,287.390672087478,22.7722286918943,1.43037,14.5495,17.072,0.042,15.706,0.069,13.434,0.023,12.965,0.022,12.911,0.03,15.2901,0.00037,15.9447,0.002566,14.4975,0.001186,12.7,0.023,12.752,0.024,12.535,,8.941,,Theia38,7.585775750291836,Kounkel2020,5109.0,0.993866,0.86
9308601,4.521214323361434e+18,287.30784750287,22.983668099796,,14.7032,19.056,0.162,16.759,0.126,13.065,0.023,12.266,0.017,12.068,0.019,15.7327,0.001118,16.963,0.004356,14.6242,0.002162,11.767,0.022,11.765,0.021,11.571,0.179,9.26,,Theia38,7.585775750291836,Kounkel2020,,,
9861031,4.521198444851032e+18,287.594912012265,22.8472654203581,2.01264,11.2878,12.467,0.252,12.26,0.02,10.62,0.021,10.4,0.017,10.327,0.016,11.6989,0.000548,12.0197,0.000933,11.2267,0.000567,10.262,0.022,10.249,0.02,10.082,0.053,8.426,0.3,Theia38,7.585775750291836,Kounkel2020,6824.0,1.78913,1.47
9310167,4.521101314177803e+18,287.332364893763,22.7124908921695,1.66512,16.038,,,18.1792,0.0467,14.432,0.021,13.653,0.02,13.375,0.035,17.2009,0.000999,18.4158,0.010119,16.0804,0.003067,13.041,0.027,13.101,0.032,12.214,0.384,8.774,0.392,Theia38,7.585775750291836,Kounkel2020,3527.0,0.705902,0.667674
9865289,4.520314132585133e+18,287.557026302019,22.1441444801097,2.23617,15.5611,19.972,0.162,,,13.479,0.025,12.731,0.022,12.438,0.026,16.8776,0.001179,18.626,0.014112,15.5546,0.003926,12.255,0.024,12.128,0.023,11.829,0.216,8.685,,Theia38,7.585775750291836,Kounkel2020,3374.0,1.07889,0.384
9861707,4.52044184772943e+18,287.673596120845,22.7333707529844,1.65161,14.1266,17.406,0.162,15.414,0.046,12.878,0.022,12.325,0.018,12.161,0.021,14.9552,0.000292,15.7405,0.001881,14.0927,0.000972,11.955,0.039,11.986,0.039,11.923,0.356,9.106,,Theia38,7.585775750291836,Kounkel2020,4639.0,1.26413,0.737
9768264,4.521200029709328e+18,287.531001654812,22.9371913219862,1.72431,17.0912,20.507,0.16,19.3548,0.0666,15.139,,14.705,0.05,14.341,,18.2347,0.001216,19.5736,0.055082,17.0703,0.004921,14.08,0.034,14.323,0.052,12.768,,8.817,,Theia38,7.585775750291836,Kounkel2020,3728.0,0.521134,0.56
10334604,4.520437965078784e+18,287.841299397512,22.6391044716265,2.04019,16.4683,17.437,0.16,,,12.675,,13.634,0.048,11.718,,17.831,0.001203,19.6159,0.024627,16.4864,0.005987,,,,,,,,,Theia38,7.585775750291836,Kounkel2020,3425.0,0.821196,0.42
10333691,4.52044875403716e+18,287.859459746365,22.793106692045,1.95475,14.1275,16.471,0.045,15.501,0.332,12.839,0.028,12.222,0.028,12.029,0.026,14.9965,0.000655,15.8312,0.002497,14.0986,0.001935,11.614,0.023,11.598,0.022,11.08,0.116,9.194,0.543,Theia38,7.585775750291836,Kounkel2020,4587.0,1.14201,0.73
10335625,4.520422709354089e+18,287.889062991357,22.4753357241346,1.84399,16.5927,,,,,14.555,0.029,13.983,0.026,13.567,0.043,18.0957,0.001734,20.1895,0.047432,16.723,0.004545,13.383,0.025,13.212,0.028,12.769,,8.994,,Theia38,7.585775750291836,Kounkel2020,2978.0,0.628971,0.61111
351827041,4.5202688808072873e+18,287.970437900956,22.0921189926914,2.1369,14.7339,,,16.519,0.103,13.311,0.025,12.566,0.023,12.399,0.024,15.7029,0.001802,16.7017,0.008006,14.7072,0.004763,12.171,0.023,12.198,0.023,12.311,0.498,9.113,,Theia38,7.585775750291836,Kounkel2020,4117.0,0.990528,0.644
352208555,4.520430405927241e+18,288.193810318873,22.6887224945156,2.21218,16.9864,19.63,0.171,,,14.924,0.046,14.105,0.038,13.881,0.055,18.4777,0.001434,20.467,0.061056,17.1081,0.007259,,,,,,,,,Theia38,7.585775750291836,Kounkel2020,3021.0,0.50591,0.503866
384759551,4.520472698456203e+18,288.10720231805,22.9894548323713,2.06389,16.4887,,,,,14.456,0.036,13.691,0.042,13.366,0.035,17.9547,0.001214,19.8664,0.032674,16.6032,0.004409,,,,,,,,,Theia38,7.585775750291836,Kounkel2020,3062.0,0.619642,0.603827
384759766,4.520473080733221e+18,288.150847562757,22.9518138382879,2.11821,17.3366,,,,,15.208,0.075,14.39,0.084,14.103,0.093,18.6438,0.001576,20.2653,0.045318,17.282,0.0103,13.624,0.058,13.592,0.063,12.665,,8.612,,Theia38,7.585775750291836,Kounkel2020,3481.0,0.487324,0.45
352324259,4.5204554541866624e+18,288.352692489858,22.7886998712815,1.92619,16.5094,,,,,14.64,0.029,13.842,0.032,13.499,0.038,17.89,0.00226,19.5753,0.02972,16.6014,0.007106,12.969,0.026,12.919,0.026,12.454,0.441,8.921,,Theia38,7.585775750291836,Kounkel2020,3195.0,0.623702,0.607011
352324812,4.520406251045704e+18,288.383518276258,22.6855807945572,1.93703,15.6345,19.859,0.163,18.0681,0.0474,13.808,0.026,13.05,0.028,12.857,0.031,16.83,0.001048,18.2684,0.012525,15.6336,0.003596,12.724,0.025,12.616,0.029,12.106,,8.873,,Theia38,7.585775750291836,Kounkel2020,3682.0,0.967163,0.542
352852276,4.5203829551420826e+18,288.603304448398,22.3979547548498,2.11081,16.685,18.066,0.076,19.2839,0.051,15.065,0.043,14.289,0.042,14.054,0.059,17.9826,0.00094,19.4583,0.023237,16.7556,0.004581,,,,,,,,,Theia38,7.585775750291836,Kounkel2020,3327.0,0.492193,0.490287
352854782,4.520150575905661e+18,288.675749769342,22.0004737738979,1.95634,15.9649,20.673,0.162,,,14.101,0.025,13.339,0.028,12.99,0.028,17.2103,0.002199,18.7815,0.01917,15.9594,0.006008,12.944,0.027,12.817,0.03,12.593,,8.827,,Theia38,7.585775750291836,Kounkel2020,3541.0,0.889285,0.48
352853775,4.520164736450429e+18,288.630891512488,22.1550345016317,1.81972,16.1485,,,,,14.332,0.035,13.505,0.034,13.268,0.04,17.474,0.001245,18.9976,0.020332,16.2249,0.004393,12.997,0.029,12.913,0.03,12.239,,9.144,,Theia38,7.585775750291836,Kounkel2020,3292.0,0.691831,0.65767
353277688,4.520399138579535e+18,288.754709453297,22.7353224791166,1.86568,15.9739,,,,,14.033,0.023,13.384,0.025,13.115,0.03,17.2737,0.000835,19.0421,0.017408,15.9804,0.002461,12.901,0.026,12.733,0.027,12.757,,9.286,,Theia38,7.585775750291836,Kounkel2020,3341.0,1.05259,0.36
353277633,4.520397901628989e+18,288.709531881193,22.7264189485087,2.0336,9.90353,10.144,0.058,10.114,0.006,9.651,0.018,9.644,0.016,9.63,0.019,9.97748,0.00028,10.0642,0.000737,9.83434,0.000736,9.602,0.022,9.625,0.02,9.288,0.035,7.935,0.154,Theia38,7.585775750291836,Kounkel2020,10653.0,2.06084,2.759
353277833,4.520399477852417e+18,288.761413919473,22.7594298982825,2.05054,16.8199,20.651,0.166,,,14.732,0.041,13.987,,13.672,,18.0406,0.001071,19.494,0.046937,16.7024,0.005634,13.559,0.03,13.408,0.036,12.448,,8.479,,Theia38,7.585775750291836,Kounkel2020,3512.0,0.557081,0.47
353277349,4.520396694712988e+18,288.734333647457,22.6783671506881,2.41309,16.9935,,,,,15.319,0.054,14.421,0.048,14.427,0.073,18.3392,0.001274,19.988,0.032632,17.08,0.005359,14.126,0.04,14.098,0.052,12.649,,9.164,,Theia38,7.585775750291836,Kounkel2020,3227.0,0.393709,0.38436
353274116,4.520153191577277e+18,288.758916545873,22.1144165138071,2.03571,16.3823,,,,,14.44,0.033,13.681,0.031,13.376,0.038,17.7847,0.001252,19.443,0.030631,16.4739,0.003947,,,,,,,,,Theia38,7.585775750291836,Kounkel2020,3198.0,0.623972,0.607222
353403443,4.520393911573806e+18,288.859153636032,22.6294830922537,1.78433,17.0399,,,19.4478,0.0575,15.4,0.052,14.6,0.049,14.408,0.076,18.3317,0.001284,19.5931,0.039155,17.0944,0.006964,13.909,0.035,13.851,0.043,12.719,,9.205,,Theia38,7.585775750291836,Kounkel2020,3433.0,0.496613,0.494698
353407473,4.5201475909397233e+18,288.884818810993,21.9861470679223,2.22565,16.2265,20.571,0.163,18.7892,0.0535,14.191,0.028,13.419,0.026,13.152,0.034,17.471,0.001422,18.8848,0.025948,16.1642,0.012992,12.935,0.026,12.863,0.029,12.647,,9.092,,Theia38,7.585775750291836,Kounkel2020,3700.0,,
1811918517,4.5201475909397233e+18,288.884818810993,21.9861470679223,2.22565,16.2265,,,18.7892,0.0535,,,,,,,17.471,0.001422,18.8848,0.025948,16.1642,0.012992,,,,,,,,,Theia38,7.585775750291836,Kounkel2020,3700.0,,
353402591,4.520398996814732e+18,288.846325379193,22.7687510961646,1.98196,12.5735,14.306,0.072,13.59,0.15,11.656,0.035,11.241,0.076,11.057,,13.2315,0.000913,13.7969,0.003461,12.524,0.00253,10.706,0.02,10.806,0.02,10.993,0.128,8.579,,Theia38,7.585775750291836,Kounkel2020,5611.0,1.51145,0.99
353403248,4.5203942251367137e+18,288.94506969198,22.6596422090251,1.86069,16.7832,,,18.7924,0.0478,15.322,0.047,14.528,0.053,14.392,0.078,17.8962,0.001012,19.0496,0.016389,16.8171,0.004611,13.985,0.031,13.989,0.043,12.615,,9.153,,Theia38,7.585775750291836,Kounkel2020,3593.0,0.481548,0.479526
353919773,2.022401697714897e+18,289.098230352533,22.8665177080375,1.83316,8.96036,9.854,0.042,9.446,0.003,8.337,0.02,8.259,0.018,8.206,0.018,9.28504,0.000247,9.56642,0.000528,8.86685,0.000754,8.09,0.022,8.09,0.02,7.479,0.02,3.983,0.03,Theia38,7.585775750291836,Kounkel2020,9399.0,5.12804,
353923207,4.520175559768377e+18,289.088184948522,22.2321930541116,2.67071,16.0803,20.665,0.164,18.5616,0.049,14.468,0.033,13.742,0.033,13.469,0.039,17.3328,0.000808,18.7699,0.018422,16.1452,0.003054,13.314,0.024,13.365,0.027,12.96,,9.062,,Theia38,7.585775750291836,Kounkel2020,3366.0,0.503611,0.501613
353924007,4.52012670021732e+18,289.109239180498,22.0992140370531,1.96692,14.5317,18.056,0.165,16.097,0.057,13.143,0.02,12.465,0.024,12.297,0.022,15.426,0.001187,16.3109,0.006632,14.4968,0.003326,12.244,0.026,12.252,0.026,11.725,0.185,9.019,,Theia38,7.585775750291836,Kounkel2020,4334.0,1.00516,0.677
353923218,4.520180438851704e+18,289.187036456905,22.229647429296,2.20606,15.8634,,,,,14.138,0.026,13.377,0.025,13.225,0.033,17.1727,0.00149,18.7473,0.016709,15.9425,0.00418,13.09,0.046,12.974,0.049,12.024,,9.17,,Theia38,7.585775750291836,Kounkel2020,3277.0,0.617777,0.602356
354450964,2.022208561640871e+18,289.249746181412,22.733403863299,2.06934,15.2684,19.652,0.163,16.927,1.133,13.722,0.025,12.937,0.023,12.704,0.026,16.3824,0.001258,17.6203,0.009566,15.2737,0.003509,12.527,0.025,12.473,0.026,12.486,0.417,8.921,,Theia38,7.585775750291836,Kounkel2020,3947.0,0.958097,0.61
354340066,4.520120927781112e+18,289.259305000489,21.9579673394662,1.21725,14.8751,17.0,0.067,16.011,0.183,13.797,0.027,13.257,0.028,13.151,0.032,15.6614,0.000549,16.3685,0.002739,14.8392,0.001345,,,,,,,,,Theia38,7.585775750291836,Kounkel2020,5469.0,1.0312,0.96
354990143,2.0222444332098191e+18,289.471333882268,22.9874853504318,1.91849,13.2204,17.056,0.165,14.286,0.126,12.143,0.022,11.559,0.019,11.453,0.018,13.9517,0.001619,14.5988,0.005899,13.178,0.00409,11.291,0.023,10.905,0.02,9.839,0.048,9.258,0.52,Theia38,7.585775750291836,Kounkel2020,5425.0,1.30996,0.94
354448844,2.022186949364527e+18,289.304325312487,22.3851536928046,1.94569,15.7751,,,,,13.847,0.024,13.164,0.027,12.846,0.028,17.1563,0.000881,19.0147,0.020999,15.8265,0.002888,12.582,0.024,12.405,0.025,11.434,,8.784,,Theia38,7.585775750291836,Kounkel2020,3392.0,1.22471,0.395
354575886,2.022140220117361e+18,289.381513223492,22.3884370947919,2.10541,12.6633,14.521,0.069,13.487,0.126,11.782,0.029,11.367,0.022,11.248,0.018,13.2811,0.001518,13.7988,0.005035,12.6066,0.004383,11.134,0.023,11.172,0.022,11.242,0.179,8.913,,Theia38,7.585775750291836,Kounkel2020,6016.0,1.25028,1.113
354576878,4.520134740396534e+18,289.378521560713,22.2507828298803,2.0606,16.5326,,,,,14.559,0.024,13.811,0.032,13.423,0.034,17.9655,0.003136,19.7811,0.041331,16.6377,0.011229,12.393,0.023,12.014,0.024,10.313,0.133,8.521,0.287,Theia38,7.585775750291836,Kounkel2020,3116.0,0.610713,0.596743
354329754,4.516869598846386e+18,289.286112616564,20.6123789701163,2.21892,12.4485,15.159,0.064,13.367,0.069,11.599,0.022,11.261,0.021,11.127,0.019,13.0456,0.000261,13.5403,0.00088,12.3884,0.000678,11.045,0.025,11.054,0.023,11.08,0.135,8.715,,Theia38,7.585775750291836,Kounkel2020,6173.0,1.2618,1.18
354463964,2.0222034076798623e+18,289.457902561017,22.7574331435672,2.09596,16.4704,,,,,14.605,0.037,13.887,0.033,13.688,0.044,17.8438,0.001775,19.54,0.024314,16.5626,0.004962,13.496,0.031,13.273,0.037,12.87,,8.95,,Theia38,7.585775750291836,Kounkel2020,3194.0,0.556257,0.550848
354464019,2.0222137156019768e+18,289.408765675196,22.7491533178672,2.11869,15.9131,20.873,0.163,18.3715,0.0475,14.286,0.029,13.62,0.028,13.302,0.035,17.161,0.000835,18.5813,0.012996,15.9766,0.003298,13.134,0.026,13.179,0.032,12.872,,9.025,,Theia38,7.585775750291836,Kounkel2020,3377.0,0.619908,0.604036
355111114,2.0222417875098025e+18,289.60835766864,22.9571928434704,1.94145,16.8158,,,,,15.013,0.04,14.318,0.037,14.071,0.058,18.1957,0.001409,19.9266,0.037926,16.9108,0.006088,13.818,0.03,13.695,0.037,12.022,,8.86,0.434,Theia38,7.585775750291836,Kounkel2020,3175.0,0.519659,0.517145
354987911,2.0221973260059927e+18,289.488331308402,22.6166235205295,1.94903,12.5037,13.682,0.065,13.189,0.092,11.752,0.02,11.426,0.016,11.348,0.02,12.9815,0.000314,13.3758,0.000744,12.4234,0.000481,11.272,0.025,11.319,0.024,11.398,0.173,8.701,,Theia38,7.585775750291836,Kounkel2020,7752.0,1.16244,1.83
354983466,4.520104091508173e+18,289.489105617472,21.8680288716879,1.96396,10.8706,11.262,0.127,11.077,0.01,10.456,0.019,10.398,0.016,10.354,0.02,10.9901,0.000354,11.1208,0.001072,10.7684,0.000566,10.006,0.018,9.998,0.017,9.963,0.043,7.491,0.127,Theia38,7.585775750291836,Kounkel2020,13693.0,,
355112443,2.0222231645305224e+18,289.620540391865,22.7468449103429,1.72547,16.4834,19.906,0.168,,,14.546,0.042,13.896,0.044,13.68,0.051,17.8618,0.001035,19.4346,0.026896,16.5671,0.006347,13.065,0.028,12.939,0.031,11.23,0.122,9.113,0.521,Theia38,7.585775750291836,Kounkel2020,3246.0,0.635599,0.616217
355117835,4.517109743382805e+18,289.639848196432,21.9474667470779,1.80692,8.7295,8.864,0.03,8.815,0.003,7.847,0.02,7.859,0.033,7.996,0.022,8.74034,0.000378,8.76235,0.009477,8.58496,0.010304,7.734,0.025,7.8,0.02,7.876,0.017,7.727,0.158,Theia38,7.585775750291836,Kounkel2020,,,
355121213,4.51707967428959e+18,289.600125537573,21.4824844532772,1.9862,16.2267,19.772,0.168,18.3494,0.0476,14.727,0.038,14.013,0.061,13.814,0.051,17.3758,0.000845,18.5982,0.015104,16.2685,0.003447,,,,,,,,,Theia38,7.585775750291836,Kounkel2020,3530.0,0.553447,0.548345
355112829,2.022198631676137e+18,289.638355955195,22.6884127565657,2.8421,12.9301,14.47,0.07,13.702,0.115,12.028,0.031,11.547,0.04,11.475,0.04,13.5548,0.001083,14.0874,0.003841,12.8764,0.00288,10.629,0.021,10.706,0.02,10.65,0.075,8.679,,Theia38,7.585775750291836,Kounkel2020,5322.0,0.880157,0.917
356576306,4.517028963634765e+18,289.780759152834,21.4442175641899,,15.642,11.56,,17.2359,0.0518,11.308,,12.972,0.053,12.79,0.042,16.5458,0.00241,17.2486,0.032089,15.2978,0.014199,,,,,,,,,Theia38,7.585775750291836,Kounkel2020,,,
355113663,2.0221488444121364e+18,289.633461025548,22.5524056294513,1.81306,16.5743,,,,,14.693,0.035,14.062,0.037,13.841,0.049,17.9706,0.001323,19.6362,0.043023,16.6658,0.003535,13.675,0.034,13.594,0.04,11.963,0.263,8.49,,Theia38,7.585775750291836,Kounkel2020,3197.0,0.585859,0.576396
355114579,2.0221434499330788e+18,289.709294243623,22.4084065071287,1.95662,10.5775,10.915,0.109,10.752,0.009,10.229,0.022,10.189,0.018,10.163,0.019,10.667,0.000305,10.7789,0.000636,10.4788,0.000517,10.102,0.023,10.136,0.019,10.002,0.052,8.741,,Theia38,7.585775750291836,Kounkel2020,14515.0,,
356573191,4.517104653821038e+18,289.79900015299,21.856408763536,2.37875,17.1729,,,,,15.43,0.052,14.621,0.057,14.169,0.057,18.6001,0.003161,20.3888,0.101908,17.2753,0.013317,13.842,0.036,13.485,0.038,12.048,0.257,8.59,,Theia38,7.585775750291836,Kounkel2020,3130.0,0.436951,0.43248
356571478,2.0191156654574e+18,289.821972273343,22.0793513957221,2.09488,16.8685,,,,,15.061,0.036,14.307,0.035,14.092,0.051,18.2823,0.002253,19.9401,0.064569,16.9606,0.007759,13.811,0.037,13.76,0.042,12.273,,9.034,,Theia38,7.585775750291836,Kounkel2020,3193.0,0.490526,0.488614
356571526,2.019115665457392e+18,289.818676484864,22.0727765093839,1.88957,11.6176,12.918,0.066,12.309,0.057,10.779,0.022,10.431,0.023,10.347,0.02,12.1595,0.000525,12.6078,0.001648,11.553,0.001428,10.235,0.037,10.199,0.031,10.508,0.139,8.432,,Theia38,7.585775750291836,Kounkel2020,6919.0,1.97293,1.51
278844942,2.019095741136763e+18,289.998843380293,21.8789108661123,2.00699,14.0262,18.572,0.162,16.498,0.149,11.917,0.023,11.037,0.026,10.788,0.02,15.2306,0.002348,16.8189,0.011142,13.9878,0.005901,10.713,0.023,10.584,0.021,10.352,0.056,8.977,,Theia38,7.585775750291836,Kounkel2020,3401.0,2.04998,
356565192,2.022231784505576e+18,289.827625130833,22.9000126194319,2.07467,14.8023,17.748,0.062,15.913,0.126,13.62,0.025,12.859,0.023,12.712,0.024,15.6848,0.000622,16.4918,0.002371,14.7476,0.001684,12.653,0.024,12.755,0.027,12.325,,8.617,,Theia38,7.585775750291836,Kounkel2020,4783.0,0.784669,0.77
385180739,2.0191225417342336e+18,289.882492330061,22.1777223064124,1.30935,14.3404,,,15.701,0.023,13.037,0.027,12.494,0.033,12.382,0.028,15.2484,0.000293,16.1005,0.002131,14.3286,0.001118,12.379,0.055,12.407,0.058,11.709,0.218,8.46,,Theia38,7.585775750291836,Kounkel2020,5402.0,1.47145,0.94
1809545717,4.517109743382805e+18,289.639848196432,21.9474667470779,1.80692,8.7295,,,8.7646,0.0459,,,,,,,8.74034,0.000378,8.76235,0.009477,8.58496,0.010304,,,,,,,,,Theia38,7.585775750291836,Kounkel2020,,,
356565109,2.0222318919046057e+18,289.827764335437,22.9143398814099,1.99133,16.5145,,,,,14.764,0.034,14.038,0.04,13.653,0.042,17.9038,0.001362,19.6309,0.031484,16.6101,0.003998,13.621,0.033,13.493,0.037,12.301,0.351,8.364,,Theia38,7.585775750291836,Kounkel2020,3173.0,0.581749,0.572936
356570553,2.022119398114433e+18,289.814349152424,22.1952246728224,2.25742,15.0968,18.178,0.169,16.483,0.24,13.849,0.036,13.12,0.044,12.941,0.038,16.0703,0.000804,17.0091,0.005774,15.106,0.002766,,,,,,,,,Theia38,7.585775750291836,Kounkel2020,3860.0,0.661396,0.6356
385177871,4.517091597120455e+18,289.899150728966,21.794008546469,2.06051,17.0921,,,,,15.206,0.055,14.477,0.064,14.319,0.07,18.5247,0.001723,20.3345,0.095399,17.1964,0.006561,,,,,,,,,Theia38,7.585775750291836,Kounkel2020,3118.0,0.461649,0.458909
385181675,2.022127335214611e+18,289.950018288921,22.2960826594478,1.89338,10.8923,12.036,0.222,11.376,0.015,10.169,0.026,9.892,0.032,9.768,0.02,11.3054,0.000854,11.6462,0.000989,10.8214,0.000778,9.434,0.022,8.857,0.019,6.622,0.017,5.098,0.028,Theia38,7.585775750291836,Kounkel2020,7779.0,2.2926,1.84
278841075,2.022156747152536e+18,289.972957112519,22.5250678382073,1.95822,13.6851,15.208,0.063,14.842,0.15,12.549,,11.906,0.045,11.791,,14.4513,0.001086,15.1418,0.004118,13.6459,0.00283,11.502,0.023,11.58,0.022,11.489,0.257,8.879,,Theia38,7.585775750291836,Kounkel2020,5175.0,1.11828,0.877
356570534,2.022119398114434e+18,289.815356540158,22.1979441213422,2.21415,11.8369,12.964,0.067,12.385,0.069,11.14,0.025,10.896,0.033,10.823,0.027,12.284,0.00016,12.6358,0.001021,11.7691,0.000425,10.023,0.028,9.616,0.024,7.845,0.024,5.293,0.031,Theia38,7.585775750291836,Kounkel2020,6915.0,1.33025,1.51
356571973,2.0191130541171333e+18,289.832166704843,22.0124310578112,2.53897,16.1164,20.238,0.172,18.5043,0.0476,14.507,0.059,13.857,0.04,13.621,0.06,17.3821,0.000931,18.6777,0.013573,16.172,0.004738,,,,,,,,,Theia38,7.585775750291836,Kounkel2020,3429.0,0.496705,0.49479
385184540,2.022172655712299e+18,289.873901494327,22.6667343103024,2.11781,14.5133,17.828,0.167,16.099,0.24,13.138,0.026,12.417,0.029,12.274,0.018,15.4375,0.00165,16.3377,0.006303,14.4895,0.004863,12.136,0.025,12.15,0.027,11.71,0.286,8.639,,Theia38,7.585775750291836,Kounkel2020,4529.0,0.962326,0.71
356571168,2.022117027292499e+18,289.752673156437,22.1166224233454,1.98549,15.2064,19.333,0.163,16.706,1.133,13.668,0.025,12.928,0.025,12.754,0.024,16.2966,0.001789,17.4536,0.010029,15.2177,0.00589,12.607,0.025,12.621,0.028,12.202,,8.863,,Theia38,7.585775750291836,Kounkel2020,4112.0,1.02146,0.64
356576624,4.5170282077202647e+18,289.75491344156,21.3989605738431,2.05738,16.4903,21.168,0.16,,,14.318,,13.901,0.046,13.637,0.042,17.8483,0.001625,19.7807,0.032012,16.5251,0.004512,13.17,0.033,13.207,0.039,12.017,,9.138,,Theia38,7.585775750291836,Kounkel2020,3244.0,,
356704513,4.51668258312465e+18,289.825565451218,20.5901106867391,2.55618,13.0535,15.772,0.064,13.943,0.172,12.135,0.024,11.625,0.025,11.474,0.02,13.6846,0.001278,14.2176,0.004713,12.9991,0.004065,11.415,0.024,11.432,0.023,12.143,0.29,9.136,,Theia38,7.585775750291836,Kounkel2020,5898.0,0.886053,1.07
278841700,2.022152280386417e+18,290.066439843532,22.4248189039745,1.97913,14.7917,19.165,0.162,16.68,1.133,12.965,0.026,12.062,0.032,11.614,0.026,15.8344,0.011009,16.9625,0.03813,14.7573,0.030119,10.86,0.023,10.505,0.021,8.976,0.035,6.966,0.082,Theia38,7.585775750291836,Kounkel2020,3946.0,1.12524,0.61
385178858,2.019108621712088e+18,289.90194417818,21.9298580735288,2.12092,16.0956,20.772,0.162,,,14.083,0.026,13.402,0.035,13.148,0.022,17.5216,0.001005,19.3523,0.029415,16.2015,0.003212,13.091,0.029,12.956,0.034,12.742,0.436,9.059,,Theia38,7.585775750291836,Kounkel2020,3113.0,0.649092,0.626446
385183182,2.022156193072081e+18,289.922570891826,22.4765944699502,1.9918,12.0618,14.518,0.067,12.988,0.103,11.208,0.027,10.826,0.032,10.628,0.024,12.6761,0.000885,13.1948,0.003382,12.0068,0.002465,10.472,0.023,10.5,0.021,10.458,0.093,8.234,,Theia38,7.585775750291836,Kounkel2020,5457.0,1.81406,0.953
278838301,2.022233438092724e+18,289.995919718086,22.979582508335,2.19231,15.6508,20.268,0.163,18.2077,0.0464,13.985,0.028,13.218,0.04,13.017,0.032,16.9463,0.000797,18.3789,0.007342,15.7188,0.00234,12.967,0.026,13.007,0.033,12.106,,9.087,,Theia38,7.585775750291836,Kounkel2020,3348.0,0.659414,0.634135
278843313,2.0191201021926607e+18,290.092075457472,22.1652966508479,2.07013,14.1468,17.208,0.167,15.641,0.057,12.667,0.025,11.962,0.034,11.794,0.028,15.0362,0.001227,15.9004,0.006623,14.0906,0.003948,11.512,0.022,11.578,0.023,11.704,0.181,9.098,,Theia38,7.585775750291836,Kounkel2020,4296.0,,
278838474,2.0221862621693235e+18,290.05237508271,22.9527868299895,2.07916,15.8404,20.473,0.163,,,13.901,0.03,13.301,0.037,12.931,0.032,17.2961,0.00077,19.2332,0.016558,15.9563,0.002363,12.798,0.026,12.617,0.027,12.235,0.364,8.795,,Theia38,7.585775750291836,Kounkel2020,3056.0,0.699916,0.663429
278841862,2.0221520355435576e+18,290.0680944747,22.4006000848532,2.06307,16.1314,20.773,0.164,,,14.212,0.035,13.556,0.042,13.231,0.037,17.5694,0.001318,19.3168,0.025439,16.2322,0.005411,13.037,0.03,12.98,0.037,11.729,,9.296,,Theia38,7.585775750291836,Kounkel2020,3143.0,0.644939,0.62332
278843575,2.0191176926820275e+18,290.06067789987,22.1118633971454,2.0636,14.9175,18.382,0.165,16.696,1.133,13.249,0.027,12.442,0.031,12.269,0.023,15.9761,0.001822,17.1874,0.009899,14.8461,0.005375,12.156,0.025,12.102,0.025,12.882,0.518,9.219,,Theia38,7.585775750291836,Kounkel2020,3717.0,1.0403,0.55
278845264,2.019092133364204e+18,290.03308734434,21.8142476638987,2.1154,15.5338,19.665,0.163,,,13.469,0.029,12.739,0.042,12.491,0.064,16.8056,0.001073,18.5788,0.011803,15.4988,0.002638,,,,,,,,,Theia38,7.585775750291836,Kounkel2020,3250.0,,
278838277,2.022233369373244e+18,290.006330264081,22.9825570592676,2.18707,14.6055,18.375,0.166,16.371,1.03,13.301,0.031,12.492,0.037,12.33,0.033,15.5778,0.001823,16.5669,0.008026,14.587,0.005485,12.231,0.026,12.293,0.027,12.696,,8.71,,Theia38,7.585775750291836,Kounkel2020,4257.0,0.994156,0.67
278838888,2.0221848190602885e+18,290.044888860864,22.8855599500874,1.92532,15.8921,20.672,0.164,,,14.161,0.034,13.438,0.033,13.216,0.035,17.1928,0.001219,18.7309,0.011882,15.9679,0.003294,,,,,,,,,Theia38,7.585775750291836,Kounkel2020,3297.0,0.675369,0.645821
385074894,4.5167906058120847e+18,289.926283672305,20.8962507716611,2.56381,16.9422,,,,,15.163,0.057,14.5,0.059,14.199,0.058,18.3209,0.001452,20.0215,0.036077,17.0349,0.005891,14.037,0.032,14.29,0.061,12.816,,9.217,,Theia38,7.585775750291836,Kounkel2020,3189.0,0.407532,0.399958
385184992,2.0221732741877765e+18,289.95197709263,22.7219751143534,1.86926,15.7328,20.763,0.165,,,13.794,0.039,13.079,0.037,12.843,0.038,17.0844,0.001905,18.8354,0.03106,15.7736,0.004909,12.51,0.027,12.397,0.029,12.325,0.386,8.655,,Theia38,7.585775750291836,Kounkel2020,3496.0,1.21873,0.46
385186696,2.022233163214856e+18,289.930350892182,22.9571183563923,2.16634,16.2682,20.446,0.17,18.8595,0.0493,14.611,0.053,13.996,0.052,13.69,0.039,17.5532,0.001168,19.0475,0.01861,16.3395,0.00395,13.376,0.029,13.352,0.034,12.494,,8.376,,Theia38,7.585775750291836,Kounkel2020,3324.0,0.542364,0.538335
385071223,4.516664956577316e+18,289.966251078114,20.4310612173611,2.35584,13.6725,16.135,0.067,14.604,0.172,12.723,0.027,12.207,0.036,12.091,0.022,14.3597,0.000174,14.9689,0.00085,13.6255,0.000537,12.055,0.025,12.168,0.028,11.754,0.192,8.96,,Theia38,7.585775750291836,Kounkel2020,6924.0,0.758873,1.51
385181951,2.022127743208452e+18,289.948697322172,22.3302760390567,2.15739,16.6631,,,,,14.741,0.029,14.15,0.038,13.841,0.039,18.0947,0.001187,19.887,0.042964,16.7664,0.005489,,,,,,,,,Theia38,7.585775750291836,Kounkel2020,3127.0,0.520649,0.518088
278838227,2.0222801673347287e+18,290.080402085027,22.9904818658893,2.0945,15.6798,18.986,0.172,,,13.813,0.055,13.034,0.044,12.815,0.043,16.9548,0.002205,18.547,0.014264,15.7117,0.005996,12.602,0.026,12.529,0.028,11.98,0.251,9.197,,Theia38,7.585775750291836,Kounkel2020,3613.0,0.982409,0.514
278969876,4.517006217487569e+18,290.024639801373,21.1509945969878,1.74456,16.1184,20.0,0.169,18.02,0.0464,14.698,0.047,13.923,0.064,13.676,0.055,17.1933,0.000742,18.2872,0.008906,16.1456,0.002353,13.383,0.031,13.659,0.048,12.91,,9.275,,Theia38,7.585775750291836,Kounkel2020,3657.0,0.627843,0.610236
278846458,4.517039099738587e+18,290.014450890937,21.6076348719331,2.1064,16.8887,,,,,14.764,0.05,14.102,0.056,13.749,0.055,18.4189,0.001783,20.1067,0.066805,16.9914,0.01042,,,,,,,,,Theia38,7.585775750291836,Kounkel2020,3129.0,0.547348,0.542863
357002239,4.5168166548112015e+18,290.138949896096,21.0594716533552,2.59474,15.1537,18.665,0.167,16.655,1.133,13.68,0.032,12.948,0.032,12.797,0.03,16.2191,0.000749,17.3669,0.007555,15.1367,0.001797,12.593,0.029,12.602,0.028,12.188,,8.73,,Theia38,7.585775750291836,Kounkel2020,3979.0,,
357136956,2.0221664322717425e+18,290.166305266179,22.7079724417531,2.3573,15.1695,19.658,0.163,17.5697,0.0464,13.615,0.026,12.902,0.026,12.627,0.025,16.4091,0.001077,17.7783,0.007861,15.2291,0.001994,,,,,,,,,Theia38,7.585775750291836,Kounkel2020,3406.0,0.70713,0.668543
357010989,2.0191195180770683e+18,290.180468634275,22.1556354146214,1.92814,13.8787,15.48,0.068,14.747,0.137,12.982,0.026,12.523,0.028,12.437,0.025,14.5007,0.000289,15.0316,0.00162,13.827,0.001794,12.352,0.025,12.413,0.028,12.685,0.434,9.227,,Theia38,7.585775750291836,Kounkel2020,5384.0,0.825751,0.93
357008410,2.019092957997895e+18,290.104645842472,21.835990707137,1.87666,16.1308,20.773,0.162,,,14.199,0.025,13.525,0.027,13.286,0.029,17.5597,0.001193,19.3802,0.029863,16.2362,0.003549,13.068,0.028,12.984,0.03,12.66,0.422,8.662,,Theia38,7.585775750291836,Kounkel2020,3116.0,0.673517,0.644476
357134392,2.019150098248728e+18,290.178134980761,22.3804965918829,2.19419,16.3196,,,,,14.558,0.033,13.848,0.031,13.603,0.037,17.6752,0.001453,19.3559,0.031445,16.4095,0.00445,13.577,0.034,13.561,0.04,12.485,,9.209,,Theia38,7.585775750291836,Kounkel2020,3208.0,0.553419,0.54832
357139166,2.022279480139916e+18,290.1301478875,22.9864321871251,2.03121,14.1797,17.673,0.165,15.827,0.195,12.62,0.023,11.839,0.024,11.666,0.02,15.2073,0.001281,16.3608,0.006927,14.1328,0.003509,11.481,0.024,11.475,0.023,12.244,0.412,8.872,,Theia38,7.585775750291836,Kounkel2020,3821.0,1.41935,
357276360,2.0191033002795825e+18,290.284399880373,22.0541548300427,1.99292,11.8432,13.473,0.067,12.614,0.103,11.015,0.022,10.624,0.022,10.525,0.018,12.4099,0.000829,12.8847,0.003662,11.7842,0.00213,10.402,0.023,10.417,0.02,10.317,0.065,9.036,,Theia38,7.585775750291836,Kounkel2020,5155.0,1.93197,
1852603085,2.0191201021926607e+18,290.092075457472,22.1652966508479,2.07013,14.1468,,,15.6335,0.0461,,,,,,,15.0362,0.001227,15.9004,0.006623,14.0906,0.003948,,,,,,,,,Theia38,7.585775750291836,Kounkel2020,4296.0,,
1856511962,2.022161488771823e+18,290.207937994766,22.5854291202174,1.96413,16.6418,,,,,,,,,,,17.0718,0.002817,,0.0,,0.0,,,,,,,,,Theia38,7.585775750291836,Kounkel2020,,,
357276042,2.0191065988145144e+18,290.241025071543,22.0949167536913,2.0488,15.6491,18.394,0.168,18.3046,0.0516,13.954,0.033,13.227,0.044,12.974,0.049,16.964,0.001657,18.4677,0.024357,15.7236,0.004449,12.56,0.03,12.401,0.03,10.335,0.064,7.702,0.159,Theia38,7.585775750291836,Kounkel2020,3306.0,0.696205,0.660789
357276959,2.0191016466904143e+18,290.287170498782,21.9766837732145,2.06842,16.1985,20.872,0.163,,,14.409,0.033,13.696,0.034,13.451,0.034,17.5547,0.002023,19.2026,0.026911,16.2861,0.00621,13.395,0.033,13.258,0.039,12.775,,9.274,,Theia38,7.585775750291836,Kounkel2020,3223.0,0.602413,0.590053
357007736,2.0190440297292063e+18,290.100817193127,21.748795783462,1.97713,12.8369,14.238,0.067,13.639,0.114,11.985,0.023,11.639,0.023,11.545,0.021,13.3784,0.00088,13.8181,0.003374,12.777,0.002571,11.359,0.023,11.42,0.022,11.199,0.116,8.668,,Theia38,7.585775750291836,Kounkel2020,6075.0,1.09699,1.14
1852600340,2.0191075608872123e+18,290.234564615469,22.1323324254097,1.88321,13.7046,,,14.9031,0.0461,,,,,,,14.4813,0.001448,15.1675,0.006206,13.6595,0.005717,,,,,,,,,Theia38,7.585775750291836,Kounkel2020,6106.0,,
357273728,2.0191503387668488e+18,290.273319008351,22.4091618224923,1.96127,16.1462,20.671,0.163,,,14.264,0.03,13.613,0.04,13.328,0.041,17.5094,0.001859,19.2277,0.025385,16.2394,0.006749,13.15,0.035,13.046,0.033,11.296,0.202,8.289,,Theia38,7.585775750291836,Kounkel2020,3188.0,0.647551,0.625289
357000736,4.516775590606255e+18,290.171347631828,20.8607214459086,2.0972,15.9619,20.023,0.166,18.0396,0.0465,14.479,0.038,13.735,0.035,13.635,0.049,17.0921,0.000803,18.2987,0.008901,16.0013,0.002615,13.241,0.031,13.399,0.038,11.318,,8.71,,Theia38,7.585775750291836,Kounkel2020,3550.0,0.563725,0.557434
357138650,2.022276078525722e+18,290.171148976831,22.923074434473,1.96593,14.723,18.379,0.165,16.41,0.137,13.268,0.024,12.474,0.022,12.259,0.023,15.7665,0.000663,16.8837,0.003902,14.7088,0.001757,12.258,0.025,12.242,0.026,11.68,,9.08,,Theia38,7.585775750291836,Kounkel2020,3997.0,1.2108,0.62
357010029,2.0191057741807823e+18,290.222135422678,22.0351701420461,2.0198,15.6585,19.97,0.164,,,13.638,0.034,12.872,0.031,12.63,0.03,16.8669,0.001912,18.4507,0.017451,15.5945,0.005121,12.136,0.023,12.091,0.022,12.514,,9.342,,Theia38,7.585775750291836,Kounkel2020,3375.0,0.975111,0.38
357274518,2.0191464517858504e+18,290.264017198844,22.3112744822312,1.36364,11.3786,13.494,0.065,12.314,0.092,10.327,0.021,10.126,0.019,9.949,0.017,12.0553,0.00016,12.643,0.001045,11.3248,0.000694,9.855,0.022,9.85,0.02,9.883,0.052,8.698,,Theia38,7.585775750291836,Kounkel2020,6732.0,3.68965,1.43
357275931,2.019106564454755e+18,290.27938562617,22.1102342962922,2.05061,14.281,17.304,0.167,15.672,0.012,12.788,0.023,12.047,0.023,11.842,0.02,15.2174,0.002987,16.2115,0.014745,14.2152,0.008175,11.739,0.024,11.776,0.024,11.059,0.104,8.908,0.395,Theia38,7.585775750291836,Kounkel2020,3943.0,1.17707,0.61
357275768,2.0191075608872123e+18,290.234564615469,22.1323324254097,1.88321,13.7046,,,14.818,0.114,11.927,0.029,11.133,0.031,10.862,0.025,14.4813,0.001448,15.1675,0.006206,13.6595,0.005717,10.578,0.04,10.602,0.038,10.572,0.077,9.071,,Theia38,7.585775750291836,Kounkel2020,6106.0,,
357274433,2.019145768921604e+18,290.3031095534,22.3215770892178,2.08915,15.9249,,,,,14.025,0.029,13.353,0.031,13.15,0.031,17.2936,0.001632,19.0215,0.021831,16.0193,0.004375,13.035,0.025,12.948,0.025,12.009,,8.883,,Theia38,7.585775750291836,Kounkel2020,3182.0,0.654495,0.630485
357284506,4.5168002652149263e+18,290.322153067123,20.9627993709111,1.88301,7.4498,7.403,0.024,7.42,0.03,7.338,0.021,7.416,0.018,7.426,0.02,7.38331,0.000418,7.39775,0.000945,7.37487,0.001881,7.407,0.03,7.483,0.019,7.552,0.022,7.455,0.164,Theia38,7.585775750291836,Kounkel2020,,,
357270331,2.022262850025492e+18,290.23598500681,22.84773089192,2.09924,16.5885,,,,,14.777,0.033,14.08,0.04,13.838,0.047,17.9957,0.001258,19.8118,0.041451,16.6917,0.004701,13.437,0.026,13.294,0.032,12.278,,8.848,,Theia38,7.585775750291836,Kounkel2020,3127.0,0.53177,0.528563
1856540791,2.022263399781297e+18,290.278232238865,22.8757542970689,2.11108,16.3038,,,,,,,,,,,17.5987,0.001943,19.1525,0.032627,16.2639,0.02359,,,,,,,,,Theia38,7.585775750291836,Kounkel2020,3591.0,0.755891,0.505
1852629011,2.019145012991428e+18,290.226739097492,22.3036318324506,1.8557,15.8253,,,18.2266,0.0514,,,,,,,16.9975,0.001222,18.3318,0.02424,15.7068,0.007446,,,,,,,,,Theia38,7.585775750291836,Kounkel2020,3623.0,0.893912,0.52
1852629013,2.0191450129914289e+18,290.226125475077,22.3032928601289,1.94554,16.0204,,,,,,,,,,,17.2274,0.003618,18.8127,0.049817,15.9597,0.012073,,,,,,,,,Theia38,7.585775750291836,Kounkel2020,3376.0,0.855369,0.39
357269541,2.0222764564827768e+18,290.245246323131,22.9635410731307,1.91546,15.7019,,,18.2283,0.0474,13.747,,13.114,0.039,12.819,0.038,16.8907,0.001477,18.4118,0.01132,15.6709,0.005205,12.577,0.025,12.578,0.023,11.76,0.403,9.042,,Theia38,7.585775750291836,Kounkel2020,3492.0,0.951204,0.45
357272599,2.022160423644956e+18,290.225518771347,22.5508069826716,1.94811,15.7546,18.072,0.169,18.0515,0.0805,13.786,0.035,13.152,0.035,12.96,0.036,16.8936,0.002833,18.2227,0.07247,15.6765,0.016572,12.622,0.026,12.627,0.03,12.723,,9.114,,Theia38,7.585775750291836,Kounkel2020,3643.0,0.839507,0.53
357277587,2.0190527184176804e+18,290.274206058887,21.8928075557977,1.85552,16.4829,20.342,0.165,,,14.556,0.037,13.904,0.05,13.618,0.054,17.8834,0.00181,19.6562,0.043924,16.5826,0.005766,,,,,,,,,Theia38,7.585775750291836,Kounkel2020,3148.0,0.615445,0.600511
357271474,2.022163447301836e+18,290.336261881822,22.6945826362674,1.8814,16.2771,,,,,14.356,0.033,13.648,0.031,13.378,0.039,17.6959,0.001598,19.5368,0.023533,16.3832,0.005476,13.221,0.025,13.192,0.034,12.419,,9.14,,Theia38,7.585775750291836,Kounkel2020,3111.0,0.656401,0.631902
357276410,2.019102402603236e+18,290.332703555273,22.0471535757499,1.98922,16.4443,,,,,14.603,0.03,13.909,0.031,13.615,0.039,17.9073,0.001196,19.895,0.038521,16.5641,0.005233,13.449,0.035,13.26,0.036,12.318,,9.009,,Theia38,7.585775750291836,Kounkel2020,3033.0,0.588436,0.57855
357277217,2.019054372010374e+18,290.321393602576,21.9403012404096,2.15024,12.4716,14.813,0.065,13.455,0.252,11.536,0.021,10.994,0.02,10.887,0.018,13.121,0.001426,13.6735,0.004607,12.4175,0.003328,10.761,0.023,10.806,0.021,10.747,0.1,9.227,,Theia38,7.585775750291836,Kounkel2020,6216.0,1.38629,1.197
357284401,4.516801777043407e+18,290.337663161276,20.9749624307929,1.61349,15.2239,19.76,0.163,16.9604,0.0463,13.692,0.028,13.214,0.032,13.0,0.033,16.2192,0.001375,17.1856,0.005832,15.1614,0.005931,12.78,0.027,12.806,0.025,12.233,,8.724,,Theia38,7.585775750291836,Kounkel2020,4266.0,1.04994,0.67
385358432,2.0190533068583785e+18,290.380304546603,21.9020937729129,1.96221,12.3604,,,13.354,0.092,11.338,0.042,10.858,0.049,10.725,0.036,13.005,0.002312,13.5644,0.008146,12.3066,0.006144,,,,,,,,,Theia38,7.585775750291836,Kounkel2020,5080.0,1.74391,
357274671,2.019145489714513e+18,290.32011969368,22.2919270087642,2.15502,16.8353,,,,,14.902,0.047,14.246,0.054,13.945,0.056,18.2685,0.002553,20.0806,0.059934,16.94,0.009256,13.571,0.037,13.503,0.043,12.381,0.385,8.696,,Theia38,7.585775750291836,Kounkel2020,3117.0,0.50404,0.502034
385358822,2.0190529933004385e+18,290.383111662505,21.8764454133345,1.97315,15.8917,20.369,0.165,,,14.052,0.038,13.342,0.035,13.066,0.026,17.2602,0.001797,18.9223,0.026461,15.9814,0.004824,12.972,0.028,12.847,0.029,12.129,,9.166,,Theia38,7.585775750291836,Kounkel2020,3211.0,0.69444,0.659532
1852594290,2.019101547932869e+18,290.331913379787,21.98395665563,2.11655,15.501,,,,,,,,,,,16.6729,0.003366,18.0749,0.021877,15.2221,0.021806,,,,,,,,,Theia38,7.585775750291836,Kounkel2020,,,
385303105,2.0191523616712983e+18,290.387866506717,22.3896916234064,1.90994,16.0141,,,,,14.124,0.035,13.487,0.036,13.223,0.025,17.4723,0.00099,19.3343,0.02593,16.1247,0.005432,,,,,,,,,Theia38,7.585775750291836,Kounkel2020,3086.0,0.678984,0.648439
385363717,4.517016589809582e+18,290.382302238865,21.3806019497878,2.00763,13.6923,18.235,0.164,14.754,0.217,12.547,0.029,11.894,0.03,11.738,0.018,14.4618,0.00117,15.1686,0.004533,13.6443,0.003382,11.73,0.025,11.72,0.024,11.658,0.174,8.845,,Theia38,7.585775750291836,Kounkel2020,4717.0,1.15809,0.76
357280496,2.019024582117433e+18,290.332506497981,21.4994646956934,1.87024,14.0117,17.339,0.166,15.715,0.114,12.562,0.021,11.81,0.018,11.596,0.02,14.9573,0.000903,15.9046,0.003587,13.9897,0.002951,11.54,0.023,11.505,0.021,11.78,0.188,9.354,,Theia38,7.585775750291836,Kounkel2020,4343.0,1.44258,
357276910,2.019101547932869e+18,290.331913379787,21.98395665563,2.11655,15.501,19.361,0.163,,,13.261,0.026,12.522,0.026,12.233,0.024,16.6729,0.003366,18.0749,0.021877,15.2221,0.021806,12.071,0.026,12.034,0.026,11.923,,9.164,,Theia38,7.585775750291836,Kounkel2020,,,
385299549,2.022259001734647e+18,290.363813655458,22.7977772916117,2.40148,16.3187,,,,,14.59,0.056,13.874,0.055,13.608,0.047,17.6571,0.001186,19.1435,0.021352,16.3932,0.004654,13.44,0.033,13.269,0.034,11.912,,8.92,,Theia38,7.585775750291836,Kounkel2020,3303.0,0.519334,0.516835
385304342,2.019132780939384e+18,290.429384392875,22.2453605283046,1.96448,14.9096,16.35,0.06,15.691,1.133,12.847,,12.527,0.052,12.277,0.047,15.895,0.001357,16.9794,0.011532,14.8333,0.003517,,,,,,,,,Theia38,7.585775750291836,Kounkel2020,3817.0,0.985832,0.58
385305217,2.0191280693249743e+18,290.468646562601,22.1397210838994,1.41185,16.3021,,,18.3054,0.0474,14.669,0.065,13.875,0.056,13.667,0.064,17.3898,0.000949,18.5544,0.014644,16.2971,0.004047,13.172,0.033,13.245,0.04,12.712,,9.104,,Theia38,7.585775750291836,Kounkel2020,4009.0,0.871142,0.63
357278058,2.019051210914385e+18,290.304728751144,21.8333124952612,1.88098,14.3003,18.452,0.162,16.463,0.126,12.516,0.021,11.76,0.022,11.526,0.018,15.4384,0.002944,16.7256,0.013561,14.2825,0.006746,11.397,0.024,11.347,0.023,11.218,0.194,8.611,,Theia38,7.585775750291836,Kounkel2020,3832.0,1.69588,
385300681,2.022163172423921e+18,290.357125529764,22.6727728421178,1.98185,14.751,,,16.618,0.149,13.083,0.073,12.302,0.033,12.15,0.024,15.7963,0.001338,16.9268,0.009212,14.7233,0.003992,11.92,0.106,11.991,0.102,10.715,,9.138,,Theia38,7.585775750291836,Kounkel2020,3959.0,1.15553,0.617
385304077,2.019133502493823e+18,290.361197201079,22.2760888149587,1.96589,16.1166,19.397,0.168,17.7138,0.0462,14.933,0.03,14.221,0.042,14.172,0.047,17.104,0.001553,17.9488,0.008623,16.1194,0.002511,,,,,,,,,Theia38,7.585775750291836,Kounkel2020,3935.0,0.498133,0.496208
385363712,4.517016589811463e+18,290.384716394439,21.3817225987075,2.11631,16.7331,,,,,14.768,0.042,14.134,0.046,13.791,0.037,18.2362,0.001589,20.1647,0.066418,16.8513,0.007578,13.637,0.043,13.437,0.05,12.584,0.468,9.18,,Theia38,7.585775750291836,Kounkel2020,3040.0,0.537289,0.533678
385301932,2.0191559050450693e+18,290.480580171003,22.5302775555256,1.92082,14.228,16.305,0.076,15.273,0.08,12.457,0.048,11.886,0.059,11.793,0.051,15.1798,0.00141,16.0741,0.01063,14.1927,0.004765,,,,,,,,,Theia38,7.585775750291836,Kounkel2020,4787.0,,
385303622,2.019139270611929e+18,290.477010160365,22.3288136567817,2.58274,11.6462,12.651,0.383,12.374,0.069,10.587,0.03,10.128,0.035,9.968,0.023,12.2456,0.001757,12.6522,0.009531,11.4929,0.010915,9.862,0.023,9.88,0.021,9.881,0.046,8.657,,Theia38,7.585775750291836,Kounkel2020,6436.0,1.56483,1.301
385304401,2.0191323986541576e+18,290.410510206166,22.2382989028267,2.35745,16.9828,,,,,15.116,0.066,14.337,0.043,14.147,0.081,18.4674,0.001955,20.4956,0.0745,17.1068,0.008455,,,,,,,,,Theia38,7.585775750291836,Kounkel2020,3009.0,0.442225,0.438196
385303015,2.0191408211186324e+18,290.472818286514,22.4002835964964,2.0381,15.8765,20.366,0.164,,,14.16,0.036,13.465,0.034,13.261,0.027,17.1804,0.001,18.7105,0.019083,15.9519,0.003899,13.124,0.034,13.196,0.034,12.645,,9.006,,Theia38,7.585775750291836,Kounkel2020,3299.0,0.643378,0.62214
1852642448,2.019155905045069e+18,290.479842311,22.530615307221,2.17096,14.9018,,,16.9854,0.0505,,,,,,,16.0126,0.00187,17.0994,0.023204,14.7707,0.011265,,,,,,,,,Theia38,7.585775750291836,Kounkel2020,3967.0,1.08767,0.618
385306494,2.0190549904856443e+18,290.362582588061,21.9834752272587,1.9386,12.4997,13.316,0.068,13.165,0.126,11.78,0.029,11.576,0.031,11.439,0.021,12.9426,0.000323,13.3139,0.001068,12.4102,0.000794,11.325,0.023,11.402,0.023,11.332,0.197,8.444,,Theia38,7.585775750291836,Kounkel2020,8338.0,1.13002,2.06
385363178,2.0190206307474824e+18,290.414554641849,21.4420139597755,1.95585,10.5405,10.792,0.086,10.538,0.007,10.127,0.029,10.057,0.032,10.001,0.02,10.5176,0.000347,10.622,0.00117,10.3372,0.000801,9.948,0.023,9.977,0.021,9.988,0.056,9.172,,Theia38,7.585775750291836,Kounkel2020,,,
385776424,2.019155041722073e+18,290.488597363649,22.5064481572437,2.58,7.6439,7.576,0.025,7.43,0.03,7.416,0.027,7.437,0.046,7.471,0.029,7.61845,0.000936,7.41762,0.002553,7.40654,0.002148,7.423,0.028,7.51,0.02,7.583,0.018,7.734,0.178,Theia38,7.585775750291836,Kounkel2020,,,
385689450,2.0188331596888783e+18,290.554890440163,21.396666706355,2.06183,15.8341,21.228,0.166,,,13.855,0.035,13.216,0.036,12.91,0.033,17.2121,0.001424,19.0805,0.01975,15.8591,0.003192,12.687,0.027,12.556,0.028,12.565,,8.607,,Theia38,7.585775750291836,Kounkel2020,3336.0,1.14437,0.36
385691917,2.019030934347868e+18,290.554856397403,21.6766372108741,2.09181,16.8353,,,,,14.889,0.036,14.225,0.036,13.967,0.042,18.2908,0.001495,20.2575,0.055813,16.9528,0.004686,13.975,0.033,14.028,0.036,12.471,0.36,8.466,,Theia38,7.585775750291836,Kounkel2020,3044.0,0.510503,0.508339
385691704,2.019030418947029e+18,290.522041055367,21.6520413191176,2.0465,16.386,,,,,14.643,0.025,13.904,0.03,13.662,0.034,17.7202,0.001479,19.3791,0.021439,16.4727,0.004488,13.556,0.039,13.567,0.048,12.427,0.377,8.666,,Theia38,7.585775750291836,Kounkel2020,3228.0,0.568723,0.561788
1852642449,2.0191559050450693e+18,290.480580171003,22.5302775555256,1.92082,14.228,,,15.8234,0.0465,,,,,,,15.1798,0.00141,16.0741,0.01063,14.1927,0.004765,,,,,,,,,Theia38,7.585775750291836,Kounkel2020,4787.0,,
385689103,2.0188286285428777e+18,290.55092522992,21.3565577476784,2.23069,15.5133,20.747,0.173,,,13.558,0.063,12.82,0.07,12.511,0.054,16.8791,0.002143,18.7113,0.020838,15.5344,0.009056,11.844,0.058,11.666,0.048,12.171,0.535,8.588,,Theia38,7.585775750291836,Kounkel2020,3364.0,1.19145,0.38
385776951,2.0192498445716685e+18,290.539115159099,22.5660613956976,2.05593,16.1012,,,,,13.931,0.03,13.141,0.031,12.907,0.026,17.4823,0.001058,19.3917,0.029208,16.0663,0.004054,,,,,,,,,Theia38,7.585775750291836,Kounkel2020,3218.0,,
385300056,2.0222576617046807e+18,290.462191647853,22.7431419694312,2.13857,14.3015,,,15.198,0.069,12.813,0.027,12.176,0.035,12.028,0.028,15.1878,0.00163,16.0417,0.006004,14.2686,0.003632,,,,,,,,,Theia38,7.585775750291836,Kounkel2020,4528.0,0.99536,0.713
385305952,2.019078939228045e+18,290.4789769814,22.0507476653192,2.02546,15.1911,19.005,0.166,16.644,1.133,13.65,0.036,12.898,0.037,12.707,0.026,16.2236,0.001342,17.3474,0.008594,15.1564,0.003501,12.486,0.026,12.578,0.027,11.777,0.195,8.766,,Theia38,7.585775750291836,Kounkel2020,3934.0,0.89851,0.61
385693327,2.0190375357386816e+18,290.553433285865,21.8404551133672,1.92851,13.665,15.951,0.066,14.835,0.137,12.441,0.027,11.894,0.032,11.75,0.025,14.4079,0.001192,15.0915,0.004891,13.6095,0.003179,11.601,0.024,11.652,0.024,11.675,0.212,9.008,,Theia38,7.585775750291836,Kounkel2020,4590.0,1.19425,0.73
385776477,2.0192369940286057e+18,290.593536150229,22.5131137556367,2.19169,15.8754,,,,,13.988,0.036,13.288,0.038,13.046,0.035,17.2836,0.000956,19.087,0.02518,15.9782,0.003332,12.821,0.028,12.738,0.025,12.289,,9.076,,Theia38,7.585775750291836,Kounkel2020,3132.0,0.655079,0.63092
385695280,2.019079007947498e+18,290.511963960403,22.0606151854957,1.15229,15.5484,18.944,0.167,16.707,0.126,14.131,0.029,13.59,0.03,13.458,0.037,16.526,0.000904,17.4529,0.005329,15.5398,0.003269,13.324,0.032,13.582,0.04,12.29,,9.242,,Theia38,7.585775750291836,Kounkel2020,5256.0,1.07945,0.9
357832346,2.0190892814836977e+18,290.692235669357,22.2353794760494,,15.8158,20.373,0.162,18.719,0.06,13.825,0.023,13.175,0.019,12.921,0.022,17.4519,0.001952,18.5503,0.039853,15.8841,0.011572,,,,,,,,,Theia38,7.585775750291836,Kounkel2020,3345.0,0.668784,0.641025
385692010,2.0190337905266604e+18,290.538628602738,21.6872121652603,2.10132,13.6616,16.834,0.166,15.494,0.126,12.099,0.025,11.397,0.03,11.23,0.02,14.6361,0.001102,15.637,0.006831,13.6312,0.002749,11.086,0.024,11.011,0.022,10.791,0.079,8.551,,Theia38,7.585775750291836,Kounkel2020,4115.0,1.66345,
385697514,2.0191362125837844e+18,290.578678689001,22.3097086910487,,16.217,20.463,0.162,18.9087,0.0623,14.317,0.024,13.589,0.032,13.275,0.029,17.7165,0.00692,18.8632,0.042515,16.2787,0.01792,12.54,0.025,12.163,0.028,11.296,0.13,8.653,,Theia38,7.585775750291836,Kounkel2020,3387.0,0.63172,0.613235
357705058,2.0190359895498737e+18,290.620475692512,21.7692145474019,2.73418,16.6972,,,19.1561,0.0549,15.099,0.042,14.417,0.05,14.317,0.072,17.9543,0.001109,19.3546,0.032779,16.7595,0.00637,13.828,0.134,13.855,0.134,12.532,0.442,8.312,,Theia38,7.585775750291836,Kounkel2020,3382.0,0.371216,0.358667
357707871,2.01908306239702e+18,290.67474199618,22.1072756515062,1.91167,15.2387,18.423,0.17,16.884,1.133,13.769,0.041,13.019,0.044,12.797,0.043,16.3215,0.002574,17.4981,0.013458,15.2264,0.005876,12.279,0.038,12.24,0.036,11.387,,8.497,,Theia38,7.585775750291836,Kounkel2020,3969.0,1.0156,0.62
385686985,4.516809576704733e+18,290.559723732314,21.1087145460232,2.0062,11.1356,11.759,0.181,11.426,0.013,10.585,0.027,10.505,0.03,10.405,0.019,11.2741,0.001174,11.4752,0.00112,10.9641,0.000635,10.368,0.023,10.194,0.019,8.47,0.034,5.461,0.043,Theia38,7.585775750291836,Kounkel2020,,,
358008609,2.0188355004908657e+18,290.756324885425,21.4259281486592,1.87667,15.4135,20.664,0.163,17.8585,0.0466,13.713,0.026,12.999,0.028,12.795,0.028,16.6636,0.00141,18.0664,0.007995,15.479,0.003644,,,,,,,,,Theia38,7.585775750291836,Kounkel2020,3993.0,1.2397,0.62
385689944,2.0188336063655352e+18,290.562601923535,21.4516456613558,2.14169,15.9676,20.671,0.165,,,14.256,0.04,13.572,0.048,13.299,0.035,17.2967,0.001332,18.9156,0.018369,16.0513,0.003344,13.108,0.033,13.131,0.04,12.31,,8.759,,Theia38,7.585775750291836,Kounkel2020,3248.0,0.616259,0.601156
385692173,2.0190340610793943e+18,290.511436353511,21.7065586464594,2.01279,16.1121,20.468,0.165,,,14.178,0.038,13.499,0.037,13.244,0.033,17.582,0.001101,19.4803,0.024443,16.2261,0.003255,,,,,,,,,Theia38,7.585775750291836,Kounkel2020,3066.0,0.652656,0.629113
1852773411,2.0192540708196247e+18,290.519622628763,22.6826502017347,1.48367,14.6553,,,15.8373,0.0459,,,,,,,15.4216,0.000312,16.1039,0.001738,14.6074,0.000976,,,,,,,,,Theia38,7.585775750291836,Kounkel2020,5158.0,0.942284,0.87
357831957,2.019087288645132e+18,290.628255132251,22.1880414337451,2.18091,8.10707,8.029,0.026,8.06,0.03,8.005,0.02,8.068,0.026,8.096,0.027,8.02135,0.000498,8.03224,0.001303,8.01503,0.001418,8.102,0.024,8.141,0.02,8.197,0.022,8.749,0.405,Theia38,7.585775750291836,Kounkel2020,,,
357836003,2.019252696429856e+18,290.674078952205,22.6938274577737,1.82665,15.6912,19.859,0.164,,,13.802,0.031,13.123,0.031,12.875,0.035,16.9528,0.00136,18.4734,0.014849,15.7132,0.00364,11.987,0.024,11.94,0.024,12.5,0.465,8.338,,Theia38,7.585775750291836,Kounkel2020,3691.0,1.09951,0.54
385777664,2.019250806644668e+18,290.572617561846,22.6444097790174,1.82163,15.71,,,,,13.821,0.027,13.101,0.029,12.844,0.024,17.0173,0.000974,18.7155,0.017546,15.7352,0.002689,12.68,0.028,12.602,0.03,12.204,,9.048,,Theia38,7.585775750291836,Kounkel2020,3486.0,1.18211,0.45
357695804,4.516729960872351e+18,290.656459076889,20.6552839713915,2.20927,17.0116,,,19.278,0.0537,15.56,0.05,14.801,0.058,14.605,0.083,18.2023,0.001223,19.5144,0.031804,17.0625,0.006906,,,,,,,,,Theia38,7.585775750291836,Kounkel2020,3459.0,0.394894,0.385704
357698708,4.5167577579025126e+18,290.66991337861,20.9686261156776,0.960629,15.9343,19.676,0.166,17.6205,0.0461,14.597,0.029,14.023,0.032,13.893,0.045,16.9306,0.000732,17.9022,0.006409,15.9517,0.003028,14.006,0.031,15.117,0.085,12.753,,9.408,,Theia38,7.585775750291836,Kounkel2020,5249.0,1.10853,0.9
385776685,2.0192489812469115e+18,290.55159043976,22.5362628942175,1.90311,7.87084,7.732,0.025,7.81,0.03,7.84,0.03,7.922,0.047,7.928,0.036,7.77021,0.000466,7.75566,0.001348,7.80586,0.001316,7.941,0.024,8.002,0.019,8.055,0.022,7.927,0.225,Theia38,7.585775750291836,Kounkel2020,,,
357705889,2.019060453687428e+18,290.684702821069,21.8708215127508,2.00575,13.9854,16.731,0.167,15.211,1.133,12.015,0.029,11.264,0.03,11.114,0.028,14.8273,0.001585,15.6361,0.006013,13.9386,0.003869,10.655,0.023,10.748,0.022,10.602,0.086,8.595,,Theia38,7.585775750291836,Kounkel2020,4427.0,,
1852544926,2.019060453687428e+18,290.684702821069,21.8708215127508,2.00575,13.9854,,,15.3556,0.0461,,,,,,,14.8273,0.001585,15.6361,0.006013,13.9386,0.003869,,,,,,,,,Theia38,7.585775750291836,Kounkel2020,4427.0,,
357705256,2.019056536677187e+18,290.71237568365,21.7941580549546,2.01694,15.8431,20.159,0.162,,,14.1,0.025,13.31,0.026,13.154,0.03,17.1898,0.001281,18.8208,0.016402,15.929,0.003583,,,,,,,,,Theia38,7.585775750291836,Kounkel2020,3235.0,0.667902,0.64038
357831808,2.0190864296516209e+18,290.669073485757,22.1711858204275,2.5099,15.1498,19.673,0.162,,,13.134,0.023,12.412,0.02,12.167,0.02,16.4195,0.001816,18.0804,0.017715,15.1272,0.003913,12.009,0.023,11.872,0.023,11.49,0.208,8.734,,Theia38,7.585775750291836,Kounkel2020,3412.0,1.07698,0.41
357833956,2.019232458543014e+18,290.71385735693,22.4332404327424,2.03883,14.1471,17.641,0.165,15.68,0.092,12.848,0.018,12.143,0.016,11.997,0.023,15.0591,0.003277,15.9581,0.013046,14.1232,0.009107,11.885,0.026,11.884,0.025,11.937,0.249,8.85,,Theia38,7.585775750291836,Kounkel2020,4441.0,1.17084,0.7
358009336,2.0188231997036785e+18,290.780887395147,21.3476839623027,1.59038,10.9407,12.878,0.452,12.331,0.031,9.85,0.021,9.496,0.022,9.361,0.018,11.6652,0.000407,12.3289,0.001042,10.8888,0.000552,9.234,0.022,9.253,0.02,9.262,0.048,8.209,,Theia38,7.585775750291836,Kounkel2020,4652.0,4.89396,
358010526,2.0188110707153933e+18,290.746079044246,21.2123748877429,1.85444,15.9501,20.569,0.163,,,14.252,0.03,13.613,0.033,13.37,0.033,17.2745,0.00129,18.8852,0.020912,16.0329,0.003879,13.001,0.025,12.965,0.027,12.022,,8.761,,Theia38,7.585775750291836,Kounkel2020,3254.0,0.661736,0.63585
357834823,2.0192375094244849e+18,290.61688656688,22.5450653909316,2.65379,12.9866,15.36,0.063,13.995,0.092,11.795,0.019,11.25,0.016,11.108,0.019,13.7087,0.001992,14.3367,0.006944,12.935,0.005608,11.062,0.055,11.03,0.044,10.682,0.125,8.325,,Theia38,7.585775750291836,Kounkel2020,5472.0,1.04032,0.957
357836007,2.0192526964298573e+18,290.672552326674,22.6942861450424,1.89625,15.8182,19.749,0.164,18.422,0.0497,13.868,0.03,13.163,0.031,12.984,0.038,17.0759,0.002566,18.5824,0.018253,15.8326,0.007751,,,,,,,,,Theia38,7.585775750291836,Kounkel2020,3695.0,0.994955,0.55
358004211,2.019062583991141e+18,290.806644424288,21.958146213671,1.46595,12.9973,15.557,0.063,13.9,0.126,12.012,0.02,11.674,0.02,11.566,0.017,13.6588,0.000179,14.223,0.000887,12.9439,0.000479,11.438,0.023,11.473,0.024,10.686,0.071,8.568,,Theia38,7.585775750291836,Kounkel2020,6037.0,1.62782,1.12
358592014,2.0192889115890488e+18,290.868840371038,22.9741042428985,1.80655,15.7882,,,,,13.701,0.026,12.988,0.028,12.674,0.026,17.2215,0.000793,19.2957,0.030693,15.8531,0.002619,12.032,0.024,11.906,0.024,11.719,0.18,8.509,,Theia38,7.585775750291836,Kounkel2020,3204.0,,
385691184,2.0190289801341624e+18,290.599027649047,21.5920913160716,2.4019,16.5712,,,,,14.651,0.047,13.953,0.055,13.679,0.043,18.0691,0.001656,19.7319,0.041601,16.67,0.010591,,,,,,,,,Theia38,7.585775750291836,Kounkel2020,3154.0,0.509492,0.507357
357707992,2.0190859829747835e+18,290.65333527666,22.1195949266983,1.94214,14.6359,18.168,0.165,16.443,0.195,13.152,0.023,12.407,0.023,12.189,0.022,15.6346,0.001759,16.6759,0.007459,14.6087,0.004507,12.062,0.026,12.079,0.028,12.132,0.437,8.823,,Theia38,7.585775750291836,Kounkel2020,4052.0,1.2023,0.63
357706812,2.0190637865820908e+18,290.705581510705,21.9819892581811,2.03352,10.8107,11.258,0.131,10.943,0.01,10.422,0.022,10.375,0.019,10.343,0.017,10.9098,0.000415,11.0342,0.000818,10.7032,0.000753,10.288,0.023,10.3,0.021,9.94,0.067,7.432,0.145,Theia38,7.585775750291836,Kounkel2020,,,
358001889,2.0190884869208724e+18,290.737821401338,22.2237270030372,1.58392,15.9001,,,,,13.751,0.025,13.068,0.024,12.796,0.025,17.24,0.001668,18.8453,0.036327,15.8016,0.006157,12.342,0.028,12.226,0.03,12.896,0.539,9.236,,Theia38,7.585775750291836,Kounkel2020,3488.0,1.31613,
358004422,2.0190623735070543e+18,290.79403709345,21.9298371726784,2.13282,13.9599,17.462,0.165,15.249,0.194,12.498,0.021,11.834,0.02,11.653,0.017,14.8805,0.001173,15.7862,0.00523,13.9242,0.003261,11.605,0.024,11.6,0.023,11.302,0.118,9.118,,Theia38,7.585775750291836,Kounkel2020,4367.0,1.24672,0.68
357834333,2.0192332488167544e+18,290.729966658576,22.4806400448886,2.08485,16.8265,17.959,0.089,18.0289,0.0464,15.582,0.062,15.003,0.073,14.847,0.105,17.5995,0.002071,18.21,0.011688,16.6877,0.005548,,,,,,,,,Theia38,7.585775750291836,Kounkel2020,4864.0,,
358003327,2.01907000569522e+18,290.782662822716,22.0601234055744,1.81178,10.8186,11.117,0.123,10.79,0.009,10.396,0.021,10.335,0.02,10.292,0.017,10.9436,0.000454,11.0785,0.001133,10.7185,0.000683,10.271,0.022,10.317,0.02,10.448,0.132,8.086,,Theia38,7.585775750291836,Kounkel2020,13329.0,,
357998306,2.019244553171435e+18,290.857003912943,22.6389515395827,1.96595,12.1141,12.288,0.338,12.354,0.036,11.396,0.022,11.158,0.023,11.093,0.021,12.5724,0.000253,12.9301,0.001101,12.0528,0.001069,10.991,0.023,11.038,0.021,10.782,0.082,8.431,,Theia38,7.585775750291836,Kounkel2020,6275.0,1.35363,1.22
358586390,2.0191796476236416e+18,290.890706874338,22.2621409177203,1.86887,14.7543,19.472,0.162,17.134,1.133,12.997,0.022,12.28,0.022,12.017,0.02,15.935,0.002057,17.3414,0.013749,14.7517,0.005126,11.89,0.025,11.765,0.025,11.17,,7.836,,Theia38,7.585775750291836,Kounkel2020,3707.0,1.47448,
358583046,2.019058460822464e+18,290.870734096278,21.8877195558066,1.89775,14.3015,17.636,0.167,16.024,0.092,12.885,0.028,12.216,0.037,11.977,0.022,15.2118,0.00153,16.1452,0.005942,14.2531,0.004644,,,,,,,,,Theia38,7.585775750291836,Kounkel2020,4050.0,1.26316,0.63
358585272,2.0190724409106327e+18,290.931341858782,22.1429747384368,2.04815,16.814,,,,,14.853,0.036,14.245,0.037,13.952,0.048,18.2652,0.001484,20.1698,0.04806,16.9267,0.006347,13.951,0.051,13.95,0.049,12.196,,8.362,,Theia38,7.585775750291836,Kounkel2020,3071.0,0.52266,0.519999
357706504,2.0190630993872955e+18,290.712727190464,21.9426164530985,1.79131,15.4457,20.465,0.162,,,13.556,0.025,12.821,0.023,12.582,0.025,16.7992,0.000778,18.623,0.016123,15.4938,0.002135,12.357,0.027,12.18,0.027,11.535,,8.622,,Theia38,7.585775750291836,Kounkel2020,3398.0,1.4835,
358002678,2.0190833372750607e+18,290.741790775723,22.1314540183273,1.94599,14.9206,19.265,0.162,16.929,1.133,13.087,0.023,12.345,0.023,12.104,0.021,16.1179,0.001918,17.5307,0.014905,14.914,0.004888,11.921,0.025,11.84,0.025,11.574,0.334,8.256,,Theia38,7.585775750291836,Kounkel2020,3717.0,1.34634,
358002865,2.0190832341958267e+18,290.74552222528,22.1101704900717,1.99297,14.9253,18.274,0.166,16.626,1.133,13.213,0.031,12.442,0.032,12.262,0.028,16.0095,0.004316,17.1799,0.020474,14.8985,0.010676,,,,,,,,,Theia38,7.585775750291836,Kounkel2020,3957.0,1.12085,0.62
1852539809,2.01905536844602e+18,290.775547767109,21.7446180429495,1.57431,15.3246,,,17.1581,0.046,,,,,,,16.3733,0.000689,17.4291,0.004792,15.3441,0.002169,,,,,,,,,Theia38,7.585775750291836,Kounkel2020,4635.0,1.05,0.74
358000194,2.0192317713482235e+18,290.789183670249,22.4215791327816,1.85665,13.6579,16.009,0.066,14.588,0.149,12.752,0.023,12.359,0.024,12.288,0.022,14.276,0.000223,14.7977,0.001208,13.6046,0.000833,12.243,0.025,12.295,0.026,11.814,,8.876,,Theia38,7.585775750291836,Kounkel2020,6106.0,0.891208,1.149
358007588,2.018838902105004e+18,290.775963032298,21.5409710039727,1.9271,15.6437,20.67,0.161,18.2103,0.0484,13.906,0.021,13.203,0.02,12.951,0.026,16.8641,0.000861,18.3991,0.015774,15.6492,0.00252,12.773,0.03,12.649,0.028,12.072,0.396,9.006,,Theia38,7.585775750291836,Kounkel2020,3577.0,1.00399,0.5
1852736904,2.0192314620893967e+18,290.717069765429,22.3853909669375,2.27293,16.0063,,,18.0904,0.0719,,,,,,,17.0553,0.002272,18.1643,0.051319,15.7603,0.041374,,,,,,,,,Theia38,7.585775750291836,Kounkel2020,,,
357836727,2.0192594996588764e+18,290.711237111278,22.7828237770944,,15.2662,,,,,13.344,0.026,12.632,0.051,12.296,0.044,16.4196,0.001561,17.9531,0.011395,15.1726,0.004052,11.154,0.022,11.021,0.021,9.966,0.056,8.137,0.281,Theia38,7.585775750291836,Kounkel2020,,,
358003050,2.019082237736388e+18,290.790034536435,22.0905254811984,1.26322,15.8054,18.528,0.067,17.1559,0.0461,14.536,0.035,14.0,0.038,13.793,0.044,16.6487,0.000655,17.3918,0.007308,15.7301,0.002891,13.717,0.058,13.939,0.068,11.889,,8.808,,Theia38,7.585775750291836,Kounkel2020,4861.0,0.75501,0.79
357998901,2.0192354134802043e+18,290.83856798212,22.5690026552303,2.09849,15.6396,20.071,0.162,,,13.682,0.023,13.008,0.023,12.752,0.024,16.93,0.001218,18.6673,0.023017,15.6318,0.003279,12.611,0.028,12.507,0.03,12.052,0.408,8.672,,Theia38,7.585775750291836,Kounkel2020,3352.0,1.07354,0.37
358008031,2.018837630794602e+18,290.851663773887,21.4902485814955,2.86231,16.2765,20.131,0.169,,,14.488,0.05,13.83,0.054,13.58,0.052,17.6624,0.001252,19.388,0.026747,16.3719,0.004371,12.899,0.027,12.937,0.031,12.186,,8.943,,Theia38,7.585775750291836,Kounkel2020,3175.0,0.46307,0.460403
358444873,4.516737386898821e+18,290.894876634788,20.755305963386,1.92311,15.555,20.068,0.166,17.8474,0.0477,13.79,0.042,13.046,0.048,12.887,0.049,16.6935,0.001304,18.0452,0.014541,15.5035,0.003185,,,,,,,,,Theia38,7.585775750291836,Kounkel2020,3649.0,0.929766,0.53
358122631,4.516730648067176e+18,290.78038778764,20.6542259886069,,17.213,20.825,0.172,19.2783,0.061,15.257,0.057,14.664,0.063,14.46,0.085,18.2571,0.001799,19.3507,0.047217,16.9633,0.009991,,,,,,,,,Theia38,7.585775750291836,Kounkel2020,,,
358006442,2.0188664586235648e+18,290.812188356469,21.6771438862383,1.76703,16.2646,20.098,0.167,18.1355,0.0473,14.816,0.036,14.056,0.037,13.91,0.051,17.3168,0.000999,18.4218,0.014646,16.2909,0.004312,,,,,,,,,Theia38,7.585775750291836,Kounkel2020,3665.0,0.58047,0.571854
358581117,2.0188636754846743e+18,290.884266346064,21.6655143900434,2.00202,16.1659,20.358,0.163,,,14.321,0.029,13.662,0.033,13.419,0.034,17.7329,0.001321,19.5369,0.034195,16.2801,0.017133,12.965,0.026,12.879,0.03,12.437,,9.056,,Theia38,7.585775750291836,Kounkel2020,3065.0,0.621584,0.605352
358583338,2.019065126612303e+18,290.885686813997,21.9234027218002,2.0531,16.1205,,,,,14.301,0.026,13.574,0.028,13.388,0.031,17.4993,0.001733,19.1624,0.026209,16.2109,0.005696,13.27,0.032,13.265,0.032,12.884,0.484,8.671,,Theia38,7.585775750291836,Kounkel2020,3206.0,0.616974,0.601722
358586260,2.0191795101534308e+18,290.867951398881,22.2482684680146,1.893,15.1065,18.495,0.163,17.067,0.15,13.24,,12.579,0.028,12.345,,16.2806,0.001377,17.6084,0.010677,15.0476,0.002876,12.145,0.026,12.102,0.027,12.111,,8.303,,Theia38,7.585775750291836,Kounkel2020,3734.0,1.23706,0.56
358588711,2.0192401894845496e+18,290.902674126345,22.5350921228604,1.98346,15.8585,,,,,13.959,0.036,13.252,0.038,12.963,0.033,17.2233,0.000966,19.0085,0.020114,15.9279,0.003443,12.578,0.026,12.573,0.03,12.624,,9.056,,Theia38,7.585775750291836,Kounkel2020,3507.0,1.09873,0.46
358010099,2.0188129561624607e+18,290.837487895598,21.2632093203386,2.73407,17.1798,,,19.8474,0.0755,15.474,0.047,14.815,0.055,14.58,0.082,18.51,0.001658,19.9938,0.062127,17.2531,0.008542,,,,,,,,,Theia38,7.585775750291836,Kounkel2020,3308.0,0.338527,0.320945
358586153,2.019179441465176e+18,290.868148339135,22.2371794522608,1.90682,12.998,16.031,0.061,14.122,0.092,12.02,0.022,11.547,0.02,11.417,0.018,13.6461,0.00194,14.1974,0.006639,12.9443,0.006212,11.333,0.024,11.353,0.024,11.446,0.373,8.749,,Theia38,7.585775750291836,Kounkel2020,5642.0,1.26979,1.0
358582990,2.0188764529667067e+18,290.945746512356,21.881363876726,1.99492,17.178,,,,,15.229,0.042,14.629,0.06,14.224,0.062,18.7114,0.002008,20.3796,0.097908,17.2794,0.008434,,,,,,,,,Theia38,7.585775750291836,Kounkel2020,3136.0,0.487898,0.485969
358591166,2.019272625072976e+18,290.989488211431,22.8577025215366,2.14757,15.7856,19.506,0.165,18.3642,0.0504,14.14,0.031,13.424,0.037,13.137,0.038,17.0629,0.002826,18.5595,0.020771,15.8568,0.007492,13.032,0.028,12.99,0.032,12.387,,8.993,,Theia38,7.585775750291836,Kounkel2020,3327.0,0.644797,0.623212
358591908,2.0192864376878308e+18,290.977864261281,22.9572619016161,1.86932,15.0496,18.908,0.164,16.799,1.133,13.524,0.024,12.774,0.023,12.607,0.022,16.2491,0.00184,17.5008,0.008102,15.1315,0.005302,12.336,0.026,12.36,0.028,11.424,0.146,8.698,,Theia38,7.585775750291836,Kounkel2020,4854.0,1.21263,0.79
358444880,4.516738830007801e+18,290.92920238941,20.7560354638728,2.47637,14.6432,18.119,0.166,15.923,0.16,13.495,0.022,12.796,0.021,12.717,0.022,15.4827,0.000315,16.3197,0.002615,14.5871,0.001189,12.324,0.027,12.425,0.03,12.066,0.359,7.993,,Theia38,7.585775750291836,Kounkel2020,4144.0,0.736224,0.649
358450497,2.018821275558189e+18,290.936690155333,21.3709821762077,2.06459,15.6337,19.857,0.163,18.1854,0.0476,13.839,0.028,13.131,0.03,12.847,0.028,16.8542,0.000898,18.3469,0.013232,15.6127,0.002392,,,,,,,,,Theia38,7.585775750291836,Kounkel2020,3602.0,0.941943,0.51
358581703,2.018868447142059e+18,290.947773845648,21.7377456643286,2.43683,14.4688,18.092,0.164,16.044,0.126,12.866,0.023,12.149,0.023,11.913,0.02,15.4208,0.002174,16.3334,0.006921,14.3236,0.004537,11.838,0.025,11.851,0.025,12.526,0.343,9.325,,Theia38,7.585775750291836,Kounkel2020,3972.0,0.946761,0.619
358582280,2.0188692761220145e+18,290.977338699074,21.8014053809984,2.06853,15.8202,18.866,0.166,,,13.868,0.03,13.162,0.028,12.863,0.027,17.1042,0.001467,18.6693,0.022372,15.7615,0.012572,12.768,0.035,12.661,0.034,12.345,,9.119,,Theia38,7.585775750291836,Kounkel2020,3527.0,0.951604,0.47
358588149,2.019191845331544e+18,290.988011361106,22.4702039609081,1.38626,15.7733,19.592,0.165,17.4484,0.0461,14.369,0.029,13.683,0.032,13.485,0.037,16.7566,0.000651,17.7319,0.006545,15.7786,0.002278,,,,,,,,,Theia38,7.585775750291836,Kounkel2020,4659.0,0.879425,0.74
1852546693,2.01906213728682e+18,290.706718127804,21.9078894104258,1.7972,16.871,,,,,,,,,,,18.2754,0.00159,20.1984,0.071947,16.8676,0.007266,,,,,,,,,Theia38,7.585775750291836,Kounkel2020,3264.0,,
358004108,2.019068420821056e+18,290.843190110236,21.9698186297083,2.01076,14.4701,16.817,0.065,15.661,0.286,12.897,0.03,12.214,0.031,12.028,0.03,15.3876,0.002121,16.3496,0.009219,14.3956,0.005476,11.774,0.025,11.817,0.026,13.027,,9.053,,Theia38,7.585775750291836,Kounkel2020,3951.0,1.07399,0.62
358443568,4.515981747543353e+18,290.961413235802,20.6124538167498,2.00172,14.6752,19.041,0.163,16.773,0.48,13.273,0.022,12.546,0.021,12.35,0.021,15.7339,0.000522,16.8042,0.004911,14.7003,0.001596,12.275,0.036,12.344,0.037,12.047,0.316,8.484,,Theia38,7.585775750291836,Kounkel2020,4645.0,1.13071,0.74
358722986,2.0192428995740567e+18,291.067973161803,22.6741618874995,2.21038,16.9376,,,,,14.497,0.032,13.713,0.031,13.364,0.035,18.476,0.015545,20.6607,0.084684,17.0768,0.047832,12.547,0.027,12.241,0.023,10.364,0.064,8.793,0.371,Theia38,7.585775750291836,Kounkel2020,2935.0,0.595454,0.584364
358726272,2.0191685837865247e+18,291.07070325533,22.26119534596,1.88227,11.9135,13.253,0.497,12.564,0.035,11.254,0.02,11.023,0.02,10.962,0.018,12.3123,0.000161,12.6328,0.001045,11.8311,0.00057,10.915,0.022,10.991,0.021,9.77,0.089,8.241,,Theia38,7.585775750291836,Kounkel2020,7933.0,1.4149,1.9
1852696972,2.0191864851765576e+18,290.882212221252,22.4443943856471,1.79495,15.4569,,,16.9314,0.0509,,,,,,,16.3192,0.002235,16.9741,0.005506,15.1409,0.033768,,,,,,,,,Theia38,7.585775750291836,Kounkel2020,,,
358450377,2.01882103503998e+18,290.972012187698,21.3579378471922,1.80317,13.5954,15.89,0.065,14.522,0.126,12.75,0.021,12.386,0.022,12.269,0.022,14.1798,0.000671,14.6798,0.00274,13.5291,0.002241,12.049,0.026,12.153,0.028,11.96,0.276,8.983,,Theia38,7.585775750291836,Kounkel2020,7338.0,0.881715,1.66
358005483,2.0188698602377416e+18,290.858923165926,21.7999756585089,1.92407,15.6044,20.273,0.163,,,13.699,0.03,13.004,0.027,12.732,0.025,16.9051,0.000922,18.6642,0.013253,15.6152,0.002584,12.401,0.028,12.337,0.028,12.736,0.437,9.054,,Theia38,7.585775750291836,Kounkel2020,3362.0,1.20372,0.38
358006513,2.018866389904077e+18,290.819542153113,21.6685582507116,2.15888,15.357,19.447,0.165,17.7868,0.0468,13.594,0.035,12.829,0.042,12.616,0.037,16.518,0.001173,17.9893,0.009402,15.3213,0.003205,12.031,0.026,12.051,0.027,12.39,0.361,9.085,,Theia38,7.585775750291836,Kounkel2020,3520.0,0.946365,0.47
358008969,2.0188234402218445e+18,290.80675046839,21.3866183779235,1.97744,14.557,19.269,0.162,16.327,0.103,12.943,0.024,12.238,0.023,12.018,0.024,15.6941,0.002115,16.8788,0.010103,14.5932,0.006797,11.881,0.026,11.864,0.027,11.949,0.475,8.548,,Theia38,7.585775750291836,Kounkel2020,4412.0,1.38551,0.69
358444007,4.516733499925479e+18,290.875854216886,20.6625777638048,2.00817,16.4913,,,,,14.568,0.03,13.946,0.033,13.732,0.045,17.9688,0.001362,19.7982,0.048945,16.6006,0.00523,13.454,0.04,13.462,0.049,12.597,,8.838,,Theia38,7.585775750291836,Kounkel2020,3091.0,0.564991,0.558541
358584072,2.0190689749030223e+18,290.881172379339,22.0070184903275,1.92484,13.3707,16.875,0.165,14.842,0.092,11.805,0.021,11.103,0.022,10.905,0.02,14.3292,0.002,15.32,0.007708,13.3422,0.006407,10.749,0.024,10.721,0.022,10.453,0.055,8.79,,Theia38,7.585775750291836,Kounkel2020,4094.0,2.03651,
358584862,2.019071277005668e+18,290.976804435232,22.0962853146833,1.94138,14.0425,16.836,0.06,15.393,0.126,12.79,0.02,12.081,0.02,11.953,0.02,14.9232,0.00132,15.7626,0.005588,14.0187,0.00324,11.898,0.026,11.973,0.028,11.668,,8.303,,Theia38,7.585775750291836,Kounkel2020,4733.0,1.19295,0.76
358731712,2.0188527147267845e+18,291.069801721901,21.669470747658,2.00975,15.1452,19.005,0.165,17.2823,0.0462,13.649,0.028,12.912,0.027,12.64,0.027,16.289,0.00075,17.5325,0.006805,15.1788,0.002485,12.616,0.104,12.655,0.098,11.436,,8.842,,Theia38,7.585775750291836,Kounkel2020,4058.0,1.13262,0.63
358722006,2.0192713194028657e+18,291.0463394413,22.8087719400245,1.65888,15.6515,20.564,0.162,,,13.617,0.023,12.826,0.022,12.499,0.025,17.1746,0.001948,19.2352,0.023586,15.8109,0.005584,12.363,0.026,12.207,0.027,12.672,0.448,8.999,,Theia38,7.585775750291836,Kounkel2020,3462.0,1.82808,
358726270,2.019168652506003e+18,291.062573453917,22.2612688674742,1.92148,15.5033,20.27,0.163,17.9168,0.0489,13.933,0.028,13.18,0.028,12.944,0.025,16.7155,0.001019,18.1239,0.018346,15.5294,0.003469,12.763,0.029,12.687,0.03,11.697,,8.65,,Theia38,7.585775750291836,Kounkel2020,3821.0,1.06485,0.59
358728775,2.019066638440893e+18,291.016418680144,21.9956139040606,1.94171,14.672,18.827,0.163,16.402,0.183,13.239,0.023,12.485,0.023,12.228,0.022,15.6789,0.001901,16.7329,0.008854,14.6532,0.004867,11.996,0.026,12.025,0.023,12.013,0.225,8.674,,Theia38,7.585775750291836,Kounkel2020,4068.0,1.19461,0.64
358730075,2.0188753190953843e+18,291.016410348871,21.8476102897087,2.1213,16.8704,20.427,0.169,,,14.836,0.049,14.07,0.053,13.684,0.054,18.3603,0.005329,20.2188,0.06233,16.9825,0.021877,12.873,0.032,12.51,0.031,10.817,0.082,8.77,0.485,Theia38,7.585775750291836,Kounkel2020,3074.0,0.554514,0.549297
358451352,2.018825261287871e+18,290.966037645964,21.4730253862384,1.81577,15.4366,19.026,0.164,17.7975,0.0521,13.444,0.03,12.769,0.032,12.565,0.03,16.6102,0.004183,17.9436,0.022385,15.3646,0.015057,12.254,0.023,12.248,0.023,12.355,,8.837,,Theia38,7.585775750291836,Kounkel2020,3702.0,1.09547,0.549
358723542,2.019195143866444e+18,291.038256495381,22.597957072802,1.97009,14.1645,17.292,0.167,15.756,0.938,12.866,0.022,12.152,0.023,11.94,0.023,15.1297,0.001021,16.0548,0.005316,14.1733,0.00286,11.8,0.024,11.853,0.024,12.698,,9.034,,Theia38,7.585775750291836,Kounkel2020,5855.0,1.11377,1.06
358732400,2.0188503782469056e+18,291.030938485324,21.5865773774788,,16.0478,20.064,0.164,,,13.893,0.032,13.186,0.034,12.916,0.031,17.2396,0.002655,18.6801,0.021513,15.7476,0.014579,12.656,0.027,12.587,0.027,11.914,,8.637,,Theia38,7.585775750291836,Kounkel2020,,,
358867566,2.0188461176569047e+18,291.077395766279,21.5154765121667,1.89908,14.2045,17.187,0.168,15.699,0.103,12.792,0.031,12.105,0.034,11.938,0.03,15.0793,0.002058,15.9543,0.006801,14.1557,0.005577,11.468,0.023,11.561,0.022,11.665,0.25,8.597,,Theia38,7.585775750291836,Kounkel2020,4172.0,1.22235,0.65
358723688,2.0191949377080008e+18,291.045588067517,22.5781371872982,2.02323,14.6072,18.276,0.165,16.43,0.229,13.195,0.023,12.426,0.022,12.257,0.025,15.6607,0.001689,16.7043,0.007632,14.6413,0.005339,11.925,0.023,11.983,0.025,11.484,0.148,8.779,0.398,Theia38,7.585775750291836,Kounkel2020,5293.0,1.05695,0.91
358727807,2.01916205543586e+18,291.067407038602,22.1041710047568,1.93369,15.8601,19.525,0.164,,,13.963,0.029,13.255,0.028,12.993,0.027,17.0935,0.001587,18.6163,0.037082,15.8031,0.00856,12.778,0.028,12.734,0.033,12.477,,8.493,,Theia38,7.585775750291836,Kounkel2020,3518.0,0.931573,0.47
1852688248,2.0191816061284823e+18,291.052901344186,22.3730348101079,2.85806,13.6722,,,14.7839,0.046,,,,,,,14.406,0.001128,15.0415,0.006268,13.6189,0.003705,,,,,,,,,Theia38,7.585775750291836,Kounkel2020,5752.0,0.69921,1.029
358722471,2.0192671275146967e+18,291.113528429171,22.7440849101994,1.64404,15.8833,,,,,13.908,0.029,13.035,0.028,12.61,0.027,17.3506,0.001467,19.1281,0.016084,16.0448,0.003872,12.25,0.027,11.748,0.024,9.912,0.051,8.618,0.348,Theia38,7.585775750291836,Kounkel2020,3866.0,1.49923,
358729466,2.018877556819782e+18,291.083060046672,21.9154223908582,2.10009,15.6331,20.164,0.162,18.1159,0.0483,13.99,0.024,13.225,0.027,12.96,0.027,16.89,0.001442,18.3196,0.016194,15.6981,0.003813,12.91,0.044,12.831,0.044,12.713,0.517,8.722,,Theia38,7.585775750291836,Kounkel2020,3368.0,0.688601,0.655359
358729685,2.0188766291067105e+18,291.000413909718,21.8930354212212,1.97764,10.6865,11.701,0.183,11.489,0.015,10.117,0.02,9.937,0.022,9.894,0.017,11.0369,0.000648,11.3088,0.001116,10.6295,0.000602,9.806,0.023,9.835,0.02,9.712,0.037,8.894,0.425,Theia38,7.585775750291836,Kounkel2020,7100.0,2.1955,1.58
358725327,2.0191816061284823e+18,291.052177597979,22.3726286550312,2.93762,13.2335,14.493,0.07,14.041,0.149,11.917,0.03,11.398,0.035,11.273,0.031,13.9192,0.001705,14.4987,0.007889,13.1716,0.004063,10.859,0.023,10.905,0.022,11.292,0.133,9.098,,Theia38,7.585775750291836,Kounkel2020,6061.0,,
358726606,2.0191676904332948e+18,291.060984451561,22.2277324540037,1.93744,15.4439,,,,,13.425,0.021,12.735,0.023,12.446,0.02,16.79,0.000967,18.6401,0.012879,15.4697,0.00226,12.37,0.026,12.217,0.026,11.66,,8.719,,Theia38,7.585775750291836,Kounkel2020,3319.0,1.39413,
358731875,2.018852405489114e+18,291.080958421972,21.6496358280515,2.10901,14.5369,18.755,0.162,16.838,0.092,12.775,0.024,12.065,0.026,11.819,0.025,15.6373,0.002351,16.9436,0.011298,14.4889,0.005752,11.723,0.028,11.656,0.027,12.311,,8.404,,Theia38,7.585775750291836,Kounkel2020,3668.0,1.28274,0.54
358867413,2.0188491069541847e+18,291.047175882297,21.521958110604,2.11176,15.3643,19.87,0.162,17.7972,0.0496,13.516,0.024,12.753,0.02,12.519,0.021,16.5272,0.00267,17.9816,0.018714,15.3123,0.007601,12.402,0.026,12.335,0.03,12.034,,8.463,,Theia38,7.585775750291836,Kounkel2020,3524.0,0.966306,0.47
359326368,2.019268776782119e+18,291.155361188157,22.7782820384273,1.88268,16.6639,,,,,14.53,0.038,13.696,0.056,13.516,0.059,18.2303,0.001457,20.247,0.043367,16.7931,0.005841,,,,,,,,,Theia38,7.585775750291836,Kounkel2020,2983.0,0.631092,0.61275
355669135,2.01885965539458e+18,291.297990440826,21.7469572625835,1.98177,14.4945,19.068,0.162,16.6513,0.0465,12.803,0.022,12.045,0.021,11.834,0.02,15.5708,0.001504,16.8797,0.007151,14.4222,0.005273,11.541,0.025,11.47,0.024,11.422,0.145,9.076,,Theia38,7.585775750291836,Kounkel2020,3587.0,1.34444,
358727128,2.0191643231788303e+18,291.120281100423,22.1754019376343,1.9316,14.3113,18.103,0.164,15.815,0.515,12.767,0.021,11.93,0.022,11.423,0.018,15.2202,0.026007,16.0858,0.09331,14.2636,0.075429,10.92,0.022,10.558,0.021,9.301,0.045,6.705,0.094,Theia38,7.585775750291836,Kounkel2020,4492.0,1.1353,0.71
359322287,2.019164735495736e+18,291.195085089364,22.2138996287071,2.43491,15.4464,,,,,13.543,0.032,12.832,0.029,12.577,0.032,16.8934,0.001759,18.6661,0.026366,15.55,0.004145,12.028,0.024,11.96,0.029,11.243,,8.57,,Theia38,7.585775750291836,Kounkel2020,3129.0,0.70361,0.666051
359326191,2.019267024435435e+18,291.173753582777,22.7525787389223,1.88176,14.3949,19.372,0.162,16.676,0.526,12.729,0.024,11.804,0.023,11.428,0.02,15.6257,0.00264,16.9069,0.009835,14.4772,0.006892,11.066,0.073,10.779,0.062,9.454,0.086,7.262,0.12,Theia38,7.585775750291836,Kounkel2020,4883.0,1.69558,
358730006,2.0188755252482447e+18,291.045552900081,21.8559642793378,2.01483,13.1391,15.826,0.061,14.143,0.137,11.846,0.02,11.248,0.022,11.119,0.018,13.917,0.001813,14.6318,0.006657,13.0932,0.005713,11.034,0.023,11.052,0.021,11.003,0.092,8.839,,Theia38,7.585775750291836,Kounkel2020,4752.0,1.49992,0.76
359323804,2.019187997040671e+18,291.124860325636,22.4238806385225,1.34309,16.3311,19.986,0.169,18.118,0.0474,14.816,0.045,14.037,0.047,13.972,0.07,17.3715,0.001295,18.3814,0.016054,16.3496,0.005093,,,,,,,,,Theia38,7.585775750291836,Kounkel2020,3744.0,0.679052,0.648488
359326742,2.019269738854818e+18,291.159036878187,22.8287070865713,1.97033,14.7609,18.712,0.164,16.36,0.263,13.288,0.024,12.533,0.023,12.362,0.023,15.8634,0.001091,16.9666,0.008232,14.8089,0.002617,,,,,,,,,Theia38,7.585775750291836,Kounkel2020,5427.0,1.07026,0.945
359327326,2.0192738620238328e+18,291.14414031555,22.9218171697935,1.99179,14.1286,15.862,0.068,15.388,0.057,12.886,0.028,12.242,0.028,12.064,0.026,14.9715,0.000952,15.7717,0.004611,14.0791,0.003325,11.937,0.033,11.957,0.033,12.345,0.407,8.498,,Theia38,7.585775750291836,Kounkel2020,4480.0,1.09094,0.7
355671759,2.018974068978875e+18,291.294017756346,22.0752325611981,1.79874,16.2994,,,,,14.475,0.033,13.801,0.033,13.641,0.051,17.7182,0.00119,19.3297,0.042216,16.3889,0.004647,,,,,,,,,Theia38,7.585775750291836,Kounkel2020,3211.0,0.624476,0.607616
358722378,2.019267745990078e+18,291.012428172981,22.7564162486556,1.77269,15.8075,19.388,0.166,17.5813,0.0466,14.195,0.034,13.395,0.034,13.187,0.038,16.82,0.001498,17.8389,0.009957,15.7865,0.004888,12.945,0.028,13.029,0.033,12.769,,8.969,,Theia38,7.585775750291836,Kounkel2020,4308.0,0.737995,0.67
358869789,2.0188441591517207e+18,291.088785863337,21.4022751652582,1.04223,15.4044,18.839,0.166,17.0349,0.046,14.065,0.026,13.474,0.027,13.313,0.033,16.3749,0.000608,17.3111,0.005658,15.4049,0.002378,13.153,0.03,13.406,0.04,12.553,,8.968,,Theia38,7.585775750291836,Kounkel2020,5032.0,1.28676,0.84
358874048,2.0187696285322204e+18,291.000464703536,21.1776456567352,2.43777,16.4125,20.202,0.171,18.7018,0.0499,14.88,0.053,14.357,0.062,14.104,0.074,17.6201,0.00096,18.9232,0.022457,16.4643,0.004541,13.713,0.066,13.688,0.062,12.716,,8.72,,Theia38,7.585775750291836,Kounkel2020,3455.0,0.435871,0.431305
358728902,2.018878931209328e+18,291.102249141199,21.9797520752867,1.99909,13.4659,16.328,0.062,14.561,0.114,12.333,0.023,11.741,0.022,11.615,0.02,14.2308,0.000336,14.921,0.001886,13.4304,0.001093,11.453,0.024,11.505,0.025,11.291,0.133,8.752,,Theia38,7.585775750291836,Kounkel2020,5274.0,1.19675,0.9
1852688247,2.0191816061284823e+18,291.052177597979,22.3726286550312,2.93762,13.2335,,,14.2509,0.0461,,,,,,,13.9192,0.001705,14.4987,0.007889,13.1716,0.004063,,,,,,,,,Theia38,7.585775750291836,Kounkel2020,6061.0,,
358726592,2.0191675486648617e+18,291.104103101506,22.2291600710247,1.89724,15.6036,,,,,13.59,0.025,12.896,0.027,12.635,0.026,17.0173,0.001157,18.9384,0.026018,15.6701,0.003325,,,,,,,,,Theia38,7.585775750291836,Kounkel2020,3369.0,1.43495,
359184748,2.0187654753009047e+18,291.138214254633,21.1122389296384,,16.2912,20.046,0.163,18.6123,0.0518,14.208,0.028,13.494,0.025,13.271,0.035,17.3985,0.002559,18.626,0.024465,16.0177,0.009831,,,,,,,,,Theia38,7.585775750291836,Kounkel2020,,,
359326053,2.019220054672072e+18,291.174201628478,22.7307786247456,2.01182,15.8497,,,,,14.051,0.03,13.362,0.031,13.069,0.035,17.1949,0.001285,18.7204,0.02081,15.9429,0.00414,12.434,0.029,12.302,0.03,11.13,0.198,9.116,,Theia38,7.585775750291836,Kounkel2020,3990.0,,
359326262,2.0192670931549243e+18,291.162893837885,22.7611906562572,1.85663,12.5484,,,14.404,0.309,11.093,0.023,10.207,0.022,9.599,0.02,13.4395,0.002835,14.2778,0.009864,12.5288,0.007855,7.768,0.013,7.31,0.014,6.664,0.017,5.617,0.038,Theia38,7.585775750291836,Kounkel2020,6963.0,2.15748,1.53
358730425,2.018872024901883e+18,291.060620523319,21.8081793498411,2.06112,15.601,19.748,0.167,18.1825,0.0505,13.883,0.043,13.155,0.051,12.907,0.049,16.8859,0.003277,18.3696,0.020449,15.6719,0.008571,,,,,,,,,Theia38,7.585775750291836,Kounkel2020,3329.0,0.707281,0.66865
358880276,4.516736562265216e+18,291.001873346075,20.810483561742,2.00821,16.3156,,,,,14.586,0.038,13.837,0.037,13.599,0.044,17.6878,0.001745,19.1825,0.041263,16.3932,0.006425,,,,,,,,,Theia38,7.585775750291836,Kounkel2020,3284.0,0.587687,0.577925
359315851,2.0187972581075569e+18,291.142401985537,21.4025063482161,1.94287,13.1925,16.242,0.06,14.289,0.103,12.158,0.019,11.606,0.016,11.456,0.021,13.9062,0.000851,14.5555,0.003417,13.135,0.002699,11.336,0.025,11.38,0.025,11.507,0.169,9.211,,Theia38,7.585775750291836,Kounkel2020,4629.0,1.40638,0.734
359323679,2.0191877178320005e+18,291.141722196563,22.4076966445456,1.77796,15.9041,,,18.4528,0.0492,14.037,0.028,13.319,0.025,13.032,0.03,17.1264,0.000964,18.6233,0.018095,15.8941,0.004295,,,,,,,,,Theia38,7.585775750291836,Kounkel2020,3615.0,0.966345,0.52
359326159,2.0192670201110308e+18,291.164821302018,22.7479728540439,2.28755,16.7347,,,,,14.647,0.031,13.949,0.033,13.568,0.036,18.2335,0.002402,20.2014,0.058826,16.8555,0.007425,,,,,,,,,Theia38,7.585775750291836,Kounkel2020,3026.0,0.544856,0.540605
359326329,2.019268536257201e+18,291.193883729317,22.771368724002,1.83804,10.6214,11.607,0.179,11.265,0.013,9.812,0.022,9.514,0.022,9.386,0.018,11.0267,0.001385,11.3271,0.001108,10.5358,0.000861,9.094,0.019,8.905,0.015,7.399,0.009,3.627,0.004,Theia38,7.585775750291836,Kounkel2020,7210.0,2.63176,1.62
1852664617,2.0191682057935416e+18,291.13287043654,22.2628383502377,1.89656,16.6891,,,,,,,,,,,18.0123,0.001371,19.6933,0.061205,16.5994,0.011602,,,,,,,,,Theia38,7.585775750291836,Kounkel2020,3361.0,0.770652,0.38
355669525,2.0188611328633736e+18,291.279578446374,21.7926858827899,2.18837,13.5307,16.324,0.062,14.551,0.103,12.357,0.022,11.777,0.022,11.617,0.02,14.2594,0.000863,14.9358,0.003948,13.464,0.002276,11.499,0.024,11.527,0.022,11.151,0.109,8.8,,Theia38,7.585775750291836,Kounkel2020,4435.0,1.11464,0.694
355669738,2.018861270302466e+18,291.295540908299,21.8175982836756,1.78999,16.7103,,,19.0534,0.0572,15.162,0.048,14.525,0.057,14.195,0.065,17.9602,0.001398,19.2352,0.038668,16.7629,0.00799,,,,,,,,,Theia38,7.585775750291836,Kounkel2020,3447.0,0.527814,0.524862
359325595,2.0192186115629865e+18,291.242001450707,22.6590143371746,1.75641,15.613,,,,,13.478,0.024,12.656,0.02,12.272,0.025,17.3028,0.001276,19.5615,0.03924,15.8852,0.004239,11.844,0.025,11.319,0.023,8.917,0.038,6.673,0.081,Theia38,7.585775750291836,Kounkel2020,3585.0,2.19664,
359326527,2.019269051659985e+18,291.22623410816,22.7990786628807,1.82533,16.6615,,,,,14.501,0.037,13.678,,13.367,,18.0195,0.002545,19.8273,0.073546,16.6324,0.009868,13.159,0.032,13.185,0.033,11.649,,8.558,,Theia38,7.585775750291836,Kounkel2020,3318.0,0.862898,0.35
359317945,2.0188576968895567e+18,291.182700897004,21.6665323400834,,15.6962,20.372,0.162,,,13.939,0.024,13.326,0.025,13.032,0.029,17.055,0.001556,18.6502,0.021169,15.7805,0.00362,,,,,,,,,Theia38,7.585775750291836,Kounkel2020,3245.0,0.602885,0.590437
359321806,2.0191632923866104e+18,291.153719681173,22.143012647505,2.07756,16.1361,,,,,14.486,0.033,13.752,0.03,13.359,0.038,17.5328,0.003546,19.2398,0.040845,16.2309,0.009976,12.867,0.03,12.886,0.034,11.646,,8.82,,Theia38,7.585775750291836,Kounkel2020,3179.0,0.618581,0.602991
359323521,2.0191759711309988e+18,291.160806929448,22.3885733366609,1.90509,14.4411,17.599,0.167,16.039,0.046,13.123,0.026,12.403,0.022,12.217,0.023,15.3599,0.00098,16.2422,0.005506,14.413,0.003504,12.071,0.025,12.146,0.027,12.365,,8.951,,Theia38,7.585775750291836,Kounkel2020,4613.0,1.08566,0.73
359326345,2.0192685319331543e+18,291.190713857633,22.7746213978847,1.83669,8.5239,10.017,0.049,9.465,0.003,7.675,0.019,7.378,0.021,7.007,0.026,9.07589,0.000321,9.5175,0.000699,8.45473,0.000655,6.267,0.062,5.825,0.034,4.199,0.013,1.653,0.019,Theia38,7.585775750291836,Kounkel2020,6221.0,8.66894,
355529188,2.018793272377737e+18,291.260676121546,21.3483386782508,2.01685,12.1289,14.851,0.064,13.038,0.092,11.344,0.022,10.942,0.022,10.843,0.022,12.6913,0.000706,13.1577,0.002668,12.07,0.002132,10.74,0.023,10.779,0.022,10.926,0.092,9.125,,Theia38,7.585775750291836,Kounkel2020,5310.0,1.63552,0.914
358727847,2.0191615743996431e+18,291.116825787379,22.0997266555017,1.95997,14.8661,19.368,0.162,17.099,1.133,13.083,0.023,12.328,0.02,12.059,0.02,15.9907,0.002001,17.3361,0.013493,14.8226,0.005602,11.806,0.025,11.735,0.024,11.664,,8.563,,Theia38,7.585775750291836,Kounkel2020,3650.0,1.22698,0.53
359320258,2.018971633782893e+18,291.180486326507,21.9484160181031,2.00532,10.8752,11.772,0.172,11.303,0.012,10.37,0.02,10.229,0.016,10.101,0.016,11.1686,0.000684,11.3988,0.001069,10.8217,0.000668,9.812,0.025,9.459,0.021,6.983,0.017,3.434,0.019,Theia38,7.585775750291836,Kounkel2020,7469.0,1.83042,1.716
359325377,2.0192181992461783e+18,291.157536530742,22.6242699370521,1.89781,15.4595,20.273,0.162,,,13.666,0.025,12.988,0.022,12.708,0.031,16.818,0.001754,18.4125,0.018135,15.5426,0.007417,12.207,0.024,12.084,0.026,11.031,0.126,8.529,0.414,Theia38,7.585775750291836,Kounkel2020,3859.0,1.35168,
1852087280,2.018752040687996e+18,291.167938236563,21.0264861517756,1.83248,15.2619,,,17.342,0.0472,,,,,,,16.3729,0.002106,17.5742,0.010946,15.2501,0.007908,,,,,,,,,Theia38,7.585775750291836,Kounkel2020,3974.0,1.09586,0.62
1852728654,2.019220054672072e+18,291.174201628478,22.7307786247456,2.01182,15.8497,,,,,,,,,,,17.1949,0.001285,18.7204,0.02081,15.9429,0.00414,,,,,,,,,Theia38,7.585775750291836,Kounkel2020,3990.0,,
358868837,2.018844601487341e+18,291.086193641884,21.450924042,2.3119,16.2669,,,,,14.55,0.053,13.885,0.052,13.616,0.049,17.6227,0.001259,19.2308,0.025552,16.3516,0.004112,13.68,0.05,13.796,0.059,12.294,,8.583,,Theia38,7.585775750291836,Kounkel2020,3241.0,0.531571,0.528377
359316974,2.018847595125592e+18,291.147045241415,21.5498080086271,1.92571,15.6426,15.223,0.069,,,13.645,0.032,12.953,0.027,12.778,0.029,16.9928,0.001028,18.5965,0.021883,15.6262,0.003626,,,,,,,,,Theia38,7.585775750291836,Kounkel2020,3636.0,1.21288,0.524
359319455,2.01887319313272e+18,291.174450829106,21.8546777807823,1.93782,16.0914,,,18.6269,0.0507,14.254,0.04,13.458,,13.292,,17.2969,0.001005,18.7974,0.022077,16.0644,0.004546,13.088,0.037,13.074,0.037,12.217,,8.311,,Theia38,7.585775750291836,Kounkel2020,3557.0,0.79832,0.49
359320714,2.0189727676542927e+18,291.149724064702,21.9988625147304,2.072,14.8369,18.587,0.165,16.55,0.343,13.408,0.023,12.674,0.017,12.403,0.023,15.8593,0.00064,16.9377,0.005794,14.8058,0.00222,12.208,0.026,12.211,0.027,11.974,,8.733,,Theia38,7.585775750291836,Kounkel2020,3999.0,1.05973,0.62
355677088,2.019221016744692e+18,291.276885718081,22.7538696764288,1.95708,14.9502,19.027,0.164,16.9359,0.0535,13.432,0.025,12.506,0.024,12.048,0.022,16.0713,0.006251,17.1536,0.029845,14.9619,0.018128,11.353,0.024,11.057,0.021,9.769,0.068,7.218,0.098,Theia38,7.585775750291836,Kounkel2020,6139.0,0.960626,1.16
355677131,2.019221051104425e+18,291.285455431356,22.7596425027595,1.64606,16.047,,,,,14.245,0.037,13.596,0.042,13.323,0.044,17.6095,0.001116,19.4581,0.026439,16.2864,0.004456,,,,,,,,,Theia38,7.585775750291836,Kounkel2020,4121.0,1.65296,
359326168,2.0192215621722893e+18,291.2007816062,22.7493350581909,2.06858,16.6421,,,18.9698,0.0842,14.874,0.035,13.394,0.029,12.314,0.021,17.7864,0.015242,19.0614,0.054705,16.4867,0.053887,11.132,0.026,10.464,0.024,8.571,0.029,5.211,0.034,Theia38,7.585775750291836,Kounkel2020,3615.0,0.53115,0.52
355529841,2.0187985637774543e+18,291.314658634854,21.4496104439842,1.98271,15.9511,,,,,14.445,0.036,13.747,0.036,13.379,0.041,17.3238,0.001243,18.8582,0.020123,16.0318,0.004854,,,,,,,,,Theia38,7.585775750291836,Kounkel2020,3266.0,0.631703,0.613222
355675686,2.0192139042787569e+18,291.255023419111,22.5599524767775,1.96631,16.0931,20.669,0.163,,,14.341,0.028,13.676,0.032,13.414,0.034,17.4407,0.001051,19.0898,0.025233,16.1802,0.00372,13.338,0.032,13.394,0.039,12.384,,8.619,0.358,Theia38,7.585775750291836,Kounkel2020,3226.0,0.628928,0.611077
359177325,4.515905159680364e+18,291.233652171075,20.2238115253259,1.96778,15.3472,18.429,0.168,16.55,1.133,13.731,0.032,13.094,0.031,12.925,0.037,16.2169,0.000534,17.0128,0.004934,15.2173,0.003917,12.537,0.031,12.662,0.037,12.408,,9.049,,Theia38,7.585775750291836,Kounkel2020,4127.0,0.701286,0.65
359315725,2.0187966696473784e+18,291.224217217704,21.3847024097224,1.84133,15.2057,19.35,0.163,17.4655,0.0469,13.454,0.024,12.718,0.021,12.443,0.028,16.3505,0.001837,17.6791,0.00999,15.1817,0.004628,12.151,0.026,12.08,0.028,12.696,,8.997,,Theia38,7.585775750291836,Kounkel2020,3743.0,1.15658,0.56
359317886,2.0188544970866929e+18,291.227276729009,21.6610128063933,1.90206,10.2704,10.4,0.068,10.308,0.006,9.996,0.02,10.005,0.022,9.986,0.019,10.2261,0.000338,10.2806,0.000642,10.139,0.000724,9.931,0.023,9.967,0.02,10.129,0.064,8.308,,Theia38,7.585775750291836,Kounkel2020,,,
359326322,2.01922166957976e+18,291.230971222806,22.7704616319226,1.77481,16.4772,,,,,14.01,0.031,13.248,0.032,12.944,0.036,17.9021,0.001312,19.922,0.06595,16.468,0.004342,,,,,,,,,Theia38,7.585775750291836,Kounkel2020,3177.0,,
359326330,2.019221665256412e+18,291.240277144483,22.7714732676581,2.00292,16.6269,,,,,14.426,0.032,13.71,0.032,13.364,0.037,18.1944,0.001431,20.2076,0.07127,16.756,0.00454,13.182,0.024,13.121,0.025,12.706,,9.175,,Theia38,7.585775750291836,Kounkel2020,2983.0,0.633624,0.614701
355676795,2.0192203252266368e+18,291.275459603152,22.7122606037845,1.98485,16.8796,20.849,0.166,,,14.966,0.041,14.27,0.05,13.982,0.059,18.3441,0.001502,20.3083,0.061297,16.9975,0.005546,13.631,0.024,13.603,0.03,12.318,,8.632,,Theia38,7.585775750291836,Kounkel2020,3041.0,0.528228,0.52525
355677726,2.019269223458673e+18,291.261776239696,22.8376095499654,2.03102,15.2826,20.361,0.162,17.9653,0.0478,13.364,0.024,12.451,0.023,12.161,0.021,16.6298,0.002456,18.1401,0.012392,15.4014,0.006634,11.931,0.023,11.886,0.022,11.553,0.497,8.834,,Theia38,7.585775750291836,Kounkel2020,4155.0,1.38292,0.65
355671556,2.0189710496675487e+18,291.3194300776,22.0502505544382,1.83942,16.0658,20.361,0.164,,,14.262,0.032,13.548,,13.27,,17.3319,0.001128,18.9606,0.017988,16.0766,0.00323,,,,,,,,,Theia38,7.585775750291836,Kounkel2020,3508.0,0.935932,0.46
385890266,2.018855119908969e+18,291.376963820293,21.6425873127782,1.97433,14.8726,18.611,0.167,16.8667,0.0481,13.199,0.04,12.407,0.041,12.219,0.03,15.923,0.003413,17.1099,0.015196,14.8172,0.009005,12.089,0.024,12.017,0.025,12.221,0.3,9.083,,Theia38,7.585775750291836,Kounkel2020,3778.0,1.09764,0.573
359326372,2.0192217039395087e+18,291.214629874895,22.7787317831492,1.99395,16.6305,,,,,14.668,0.037,14.105,0.041,13.7,0.048,18.114,0.001607,19.7439,0.052019,16.7258,0.007051,,,,,,,,,Theia38,7.585775750291836,Kounkel2020,3174.0,0.57449,0.566759
355528725,2.018780284395208e+18,291.363057084923,21.2903068813627,1.87721,8.59596,8.645,0.03,8.639,0.003,8.438,0.019,8.472,0.017,8.491,0.018,8.58238,0.000428,8.61199,0.000766,8.53015,0.001026,8.467,0.023,8.515,0.02,8.586,0.03,8.534,0.455,Theia38,7.585775750291836,Kounkel2020,13025.0,,
355671245,2.0189699501558607e+18,291.360277802477,22.0081946123007,2.3259,16.4985,,,,,14.616,0.032,13.997,0.038,13.728,0.05,17.9355,0.001262,19.7572,0.045215,16.6043,0.006141,13.193,0.049,13.342,0.066,11.93,,8.625,,Theia38,7.585775750291836,Kounkel2020,3112.0,0.511195,0.50901
355674513,2.019176795764561e+18,291.317133043482,22.4167562541475,2.01516,13.8739,17.607,0.166,15.911,0.172,12.236,0.036,11.497,0.038,11.26,0.04,15.01,0.002134,16.2051,0.009754,13.913,0.00635,10.724,0.024,10.721,0.022,10.844,0.113,8.598,,Theia38,7.585775750291836,Kounkel2020,4348.0,1.87595,
385885142,2.018980979632556e+18,291.396084899101,22.15252424741,1.97662,13.6781,16.907,0.167,15.036,0.08,12.374,0.026,11.632,0.03,11.386,0.023,14.5168,0.004013,15.3002,0.014763,13.6402,0.010559,11.121,0.023,10.845,0.022,8.772,0.033,6.716,0.106,Theia38,7.585775750291836,Kounkel2020,4741.0,1.30413,0.76
385880025,2.019222661688904e+18,291.405723141102,22.7079446227454,1.85803,15.5019,19.849,0.163,18.0274,0.0494,13.973,0.026,13.243,0.031,12.967,0.026,16.8154,0.00343,18.2451,0.018003,15.6388,0.008252,12.774,0.03,12.75,0.034,11.841,,9.138,,Theia38,7.585775750291836,Kounkel2020,4687.0,1.19545,0.75
355677312,2.019221875738173e+18,291.265610674778,22.7819065184097,1.69353,15.6665,20.571,0.163,,,13.841,0.032,13.033,0.031,12.747,0.032,17.0974,0.001328,18.7497,0.025826,15.8207,0.003719,12.345,0.026,12.29,0.029,11.77,0.248,8.566,,Theia38,7.585775750291836,Kounkel2020,4037.0,1.59865,
1852729775,2.0192220818966164e+18,291.253505041653,22.7958004223353,1.81568,15.4004,,,,,,,,,,,16.7657,0.005163,18.2535,0.030722,15.49,0.01449,,,,,,,,,Theia38,7.585775750291836,Kounkel2020,4231.0,1.47065,
355530629,2.018806054201356e+18,291.327441591709,21.561293886806,1.93737,13.8298,16.175,0.065,15.154,0.069,12.52,0.026,11.842,0.021,11.654,0.021,14.6424,0.001807,15.4348,0.006447,13.7684,0.004459,11.337,0.024,11.395,0.025,10.902,0.095,8.753,,Theia38,7.585775750291836,Kounkel2020,4232.0,1.28045,0.662
355670014,2.0189552441863985e+18,291.311129821553,21.8506945301154,1.88183,15.8033,20.27,0.163,,,13.926,0.029,13.267,0.031,13.043,0.03,17.0965,0.001017,18.7376,0.023306,15.8172,0.003132,12.8,0.029,12.684,0.028,12.356,0.341,8.484,,Theia38,7.585775750291836,Kounkel2020,3536.0,1.06635,0.48
355672306,2.0189807391144407e+18,291.349886359779,22.1481014423906,1.91753,15.4256,19.548,0.164,17.7422,0.0482,13.685,0.03,12.931,0.023,12.798,,16.5717,0.003076,17.954,0.014211,15.3937,0.0082,12.487,0.023,12.464,0.025,12.523,,8.771,,Theia38,7.585775750291836,Kounkel2020,3644.0,0.999929,0.527
355675730,2.019214110437124e+18,291.321443293226,22.5655499589589,1.89097,14.7961,18.965,0.162,16.6386,0.0698,12.769,0.025,11.826,0.024,11.326,0.021,15.8137,0.010816,16.8547,0.065717,14.7155,0.020565,10.67,0.025,10.256,0.022,8.85,0.026,6.813,0.077,Theia38,7.585775750291836,Kounkel2020,3973.0,1.14981,0.62
355677379,2.019221184213692e+18,291.31269549295,22.7889497699618,1.92992,15.2555,18.59,0.164,17.1371,0.0491,13.384,0.02,12.566,0.023,12.238,0.021,16.272,0.004045,17.3472,0.020159,15.1549,0.009678,11.588,0.025,11.035,0.022,8.998,0.053,7.531,0.133,Theia38,7.585775750291836,Kounkel2020,3856.0,0.892233,0.594
355528304,2.0187796658837023e+18,291.330399575591,21.2444843464192,1.74601,16.7374,,,,,14.743,0.04,14.207,0.047,13.857,0.054,18.1787,0.001852,19.8766,0.039243,16.8345,0.006878,,,,,,,,,Theia38,7.585775750291836,Kounkel2020,3163.0,0.597501,0.586045
355676575,2.019217237173396e+18,291.309156355694,22.677310940665,1.87361,12.5178,15.825,0.166,13.757,0.069,11.156,0.02,10.394,0.02,9.921,0.018,13.3115,0.002291,14.0213,0.008641,12.4776,0.006673,9.3,0.023,8.909,0.02,7.544,0.023,5.796,0.04,Theia38,7.585775750291836,Kounkel2020,6334.0,1.90427,1.252
355676700,2.0192173402526216e+18,291.309593001902,22.6955758284467,1.7926,15.3388,20.071,0.163,17.883,0.0568,13.33,0.031,12.427,0.032,11.907,0.025,16.6306,0.005638,18.0632,0.031972,15.4128,0.016034,10.742,0.023,10.384,0.021,9.124,0.034,7.026,0.078,Theia38,7.585775750291836,Kounkel2020,4046.0,1.43775,
385878560,2.019230293874032e+18,291.382396316402,22.8970672449174,2.04722,14.6558,19.572,0.164,16.588,1.133,12.881,0.036,12.136,0.042,11.859,0.026,16.0745,0.001352,17.7491,0.009173,14.8133,0.003886,11.726,0.028,11.626,0.028,11.199,0.159,8.53,,Theia38,7.585775750291836,Kounkel2020,3973.0,2.01839,
385892026,2.0188015187157432e+18,291.390312609279,21.4600310997083,2.10007,15.7025,20.266,0.173,18.1131,0.048,14.04,0.066,13.287,0.07,13.123,0.064,16.9398,0.002458,18.3263,0.014147,15.7629,0.006224,,,,,,,,,Theia38,7.585775750291836,Kounkel2020,3398.0,0.656861,0.632244
359324833,2.0191911924963471e+18,291.193462055925,22.5507553407085,2.24418,14.9922,19.97,0.161,,,13.187,0.02,12.427,0.016,12.152,0.022,16.2377,0.001648,17.8013,0.008108,14.9943,0.003686,11.97,0.026,11.848,0.023,11.404,0.18,8.543,,Theia38,7.585775750291836,Kounkel2020,3565.0,1.21264,0.49
1852253423,2.018858624602536e+18,291.165775149735,21.7157935378566,2.02439,17.6162,,,,,,,,,,,18.0462,0.002249,,0.0,,0.0,,,,,,,,,Theia38,7.585775750291836,Kounkel2020,,,
359318324,2.0188582122856407e+18,291.203169266539,21.7160159130201,1.97742,16.1521,20.254,0.164,,,14.293,0.031,13.666,0.038,13.466,0.043,17.5405,0.001131,19.1495,0.03478,16.2392,0.007011,,,,,,,,,Theia38,7.585775750291836,Kounkel2020,3226.0,0.617315,0.601991
359326355,2.019221738299242e+18,291.222301117132,22.7757779396985,1.98166,14.5495,19.368,0.162,16.823,0.275,12.536,0.024,11.585,0.022,11.128,0.021,15.654,0.003626,16.9302,0.018096,14.4856,0.013649,10.538,0.022,10.051,0.02,8.088,0.023,5.829,0.043,Theia38,7.585775750291836,Kounkel2020,3697.0,1.36736,
359326409,2.0192217382992443e+18,291.222382581817,22.7828361741965,1.99212,13.9576,19.343,0.163,16.126,0.252,12.103,0.022,11.285,0.022,11.033,0.02,15.0172,0.002992,16.2069,0.014436,13.9017,0.008021,,,,,,,,,Theia38,7.585775750291836,Kounkel2020,3790.0,1.67951,
355668489,2.018855463506406e+18,291.33541591438,21.6650768898781,1.98641,14.1195,17.076,0.167,15.536,0.126,12.761,0.022,12.046,0.019,11.877,0.02,14.9916,0.001414,15.8653,0.007264,14.0646,0.00369,11.843,0.025,11.883,0.023,12.723,,8.999,,Theia38,7.585775750291836,Kounkel2020,4125.0,1.22637,0.65
355676854,2.019220497025312e+18,291.248674228491,22.71930840477,1.93272,16.3691,,,,,14.275,0.026,13.525,0.028,13.172,0.03,17.9285,0.001281,20.1196,0.055845,16.5106,0.00404,12.03,0.023,11.781,0.025,10.464,0.088,8.086,0.223,Theia38,7.585775750291836,Kounkel2020,2927.0,0.684536,0.652442
359315307,2.0187958450236017e+18,291.20042688321,21.3326930446963,2.1238,16.0228,20.97,0.166,,,14.213,0.045,13.392,0.038,13.14,0.044,17.3644,0.001111,19.0731,0.021111,16.0709,0.004151,,,,,,,,,Theia38,7.585775750291836,Kounkel2020,3558.0,0.914644,0.49
355529644,2.018795368321681e+18,291.37068799833,21.4141100452097,1.98578,15.5457,20.163,0.164,18.0892,0.0469,14.022,0.032,13.256,0.029,13.028,0.038,16.8204,0.001166,18.2823,0.01012,15.6143,0.003066,12.751,0.026,12.663,0.023,11.495,0.214,8.806,0.494,Theia38,7.585775750291836,Kounkel2020,3344.0,0.698793,0.662631
355677046,2.0192209823849285e+18,291.300977029731,22.7491197020448,1.9145,11.2507,12.896,0.066,11.902,0.046,10.305,0.021,9.958,0.02,9.844,0.017,11.6926,0.000495,12.1566,0.001091,11.0786,0.000819,9.772,0.025,9.782,0.022,10.001,0.05,8.963,,Theia38,7.585775750291836,Kounkel2020,,,
385965495,2.017972693068479e+18,291.398553555759,20.6966525297681,,16.8634,,,19.6697,0.0664,15.154,0.055,14.494,0.062,14.175,0.064,18.4356,0.001918,19.5588,0.051043,16.9283,0.011325,13.896,0.038,14.226,0.058,12.673,,9.214,,Theia38,7.585775750291836,Kounkel2020,3363.0,0.414163,0.407374
359322856,2.0191710920479903e+18,291.243279609211,22.289087097802,1.89236,14.7032,18.274,0.165,16.247,0.126,13.209,0.023,12.469,0.017,12.251,0.022,15.7071,0.000867,16.7679,0.004708,14.6721,0.002305,11.738,0.028,11.616,0.026,11.88,0.442,8.062,0.246,Theia38,7.585775750291836,Kounkel2020,3998.0,1.19828,0.62
355671356,2.018970740429868e+18,291.330413335748,22.0227226120037,1.84985,15.1851,19.236,0.164,17.3727,0.048,13.531,0.03,12.797,0.023,12.595,0.028,16.3124,0.002894,17.5957,0.015094,15.1618,0.006528,12.211,0.028,12.216,0.031,11.98,0.439,8.722,,Theia38,7.585775750291836,Kounkel2020,3803.0,1.13288,0.58
385878835,2.0192285071676232e+18,291.375435319679,22.8634631923505,1.8592,15.4241,20.37,0.164,,,13.578,0.034,12.876,0.035,12.619,0.028,16.8031,0.000989,18.6257,0.017629,15.5044,0.002398,12.465,0.027,12.308,0.028,12.55,,8.908,,Theia38,7.585775750291836,Kounkel2020,3488.0,1.46493,
1852729643,2.019221940139688e+18,291.297271192048,22.7846747889558,1.60144,16.751,,,19.2042,0.095,,,,,,,18.0359,0.019721,19.2826,0.069783,16.7248,0.057636,,,,,,,,,Theia38,7.585775750291836,Kounkel2020,4590.0,0.76469,0.73
355670061,2.0189549349487053e+18,291.36970571162,21.8569002009243,1.5992,16.3598,20.455,0.163,,,14.482,0.029,13.799,0.034,13.453,0.04,17.6716,0.003091,19.2423,0.034031,16.3917,0.010259,12.954,0.028,12.621,0.023,11.205,0.117,8.705,,Theia38,7.585775750291836,Kounkel2020,3706.0,0.997279,0.55
355672023,2.018980429855699e+18,291.360090043775,22.10926992937,1.75556,16.1143,20.071,0.162,18.45,0.0604,13.674,0.025,12.873,0.022,12.587,0.028,17.225,0.001298,18.4326,0.039008,15.812,0.018065,12.402,0.028,12.425,0.031,11.933,,8.418,,Theia38,7.585775750291836,Kounkel2020,,,
385887034,2.018957816827244e+18,291.38741895104,21.9611282193769,1.93943,16.2961,,,,,14.583,0.038,13.873,0.033,13.659,0.032,17.6791,0.001785,19.4179,0.022793,16.3922,0.006204,13.649,0.042,13.725,0.065,12.67,,8.829,,Theia38,7.585775750291836,Kounkel2020,3171.0,0.591667,0.581236
385889222,2.0188569753348984e+18,291.380245276257,21.7476484731362,1.85408,15.9175,19.731,0.164,18.4056,0.0499,14.089,0.029,13.326,0.031,13.06,0.024,17.1084,0.001714,18.5484,0.020056,15.85,0.005208,13.051,0.036,12.95,0.036,11.753,0.194,8.919,,Theia38,7.585775750291836,Kounkel2020,3565.0,0.883484,0.49
1852410610,2.018955312905848e+18,291.351006221792,21.8642930003042,2.02989,15.5751,,,17.9699,0.053,,,,,,,16.7775,0.002758,18.1189,0.028125,15.5342,0.008193,,,,,,,,,Theia38,7.585775750291836,Kounkel2020,3799.0,0.962949,0.58
355668810,2.018855974556128e+18,291.367118592658,21.7065429868218,1.94036,14.5253,18.33,0.163,16.65,1.133,12.708,0.022,11.971,0.022,11.753,0.02,15.6888,0.003814,16.9621,0.020004,14.5204,0.009694,11.632,0.027,11.579,0.023,12.764,,9.106,,Theia38,7.585775750291836,Kounkel2020,3952.0,1.54592,
355675493,2.019202114561149e+18,291.371848537623,22.536359922293,1.89183,16.5497,20.861,0.164,,,14.768,0.032,14.035,0.035,13.832,0.049,17.9323,0.001193,19.6723,0.040997,16.6457,0.005175,13.672,0.027,13.687,0.042,12.051,0.221,9.023,,Theia38,7.585775750291836,Kounkel2020,3170.0,0.569477,0.562441
1852456009,2.018980429855699e+18,291.360090043775,22.10926992937,1.75556,16.1143,,,18.45,0.0604,,,,,,,17.225,0.001298,18.4326,0.039008,15.812,0.018065,,,,,,,,,Theia38,7.585775750291836,Kounkel2020,,,
385884901,2.0189794334221404e+18,291.479448480368,22.1760246872918,1.49481,15.855,20.042,0.173,20.889,1.133,14.267,0.063,13.492,0.07,13.202,0.059,16.9397,0.000851,18.0249,0.014595,15.8254,0.003454,12.619,0.03,12.551,0.029,10.025,0.076,8.016,0.333,Theia38,7.585775750291836,Kounkel2020,4280.0,0.954447,0.67
385885288,2.018977784176828e+18,291.438503752776,22.1381535940906,2.007,14.4031,18.078,0.165,16.1,0.275,12.976,0.026,12.26,0.031,12.024,0.019,15.3716,0.002683,16.3588,0.010861,14.3837,0.005895,12.038,0.027,12.123,0.028,12.002,0.475,8.742,,Theia38,7.585775750291836,Kounkel2020,4237.0,1.18701,0.66
385889367,2.018902879940934e+18,291.486540030352,21.7330889644076,2.09727,15.4966,19.964,0.164,17.8542,0.0474,13.805,0.035,13.045,0.035,12.807,0.029,16.6826,0.001871,18.0532,0.012596,15.4917,0.004359,12.601,0.029,12.616,0.031,11.915,0.312,8.611,,Theia38,7.585775750291836,Kounkel2020,3778.0,0.944356,0.57
355669906,2.0189545226318584e+18,291.343396025012,21.8382248981752,2.082,15.4511,19.973,0.163,,,13.427,0.032,12.791,0.026,12.53,0.026,16.7597,0.002865,18.4212,0.02631,15.454,0.007012,12.349,0.058,12.236,0.047,12.844,,8.847,,Theia38,7.585775750291836,Kounkel2020,3510.0,1.16453,0.46
355676501,2.0192166186980347e+18,291.371234615845,22.6651115359007,1.75785,16.6056,,,,,14.44,0.037,13.828,0.04,13.487,0.038,18.1772,0.001728,20.3244,0.089587,16.7447,0.006557,,,,,,,,,Theia38,7.585775750291836,Kounkel2020,2937.0,0.665605,0.638696
385887731,2.0189563780576512e+18,291.461640524841,21.8921523159205,1.96464,12.9837,15.621,0.069,14.169,0.149,11.671,0.038,10.999,0.043,10.834,0.03,13.7541,0.002907,14.415,0.011991,12.9202,0.007952,10.44,0.023,10.484,0.022,10.58,0.092,8.785,,Theia38,7.585775750291836,Kounkel2020,5870.0,,
385891131,2.018805470085716e+18,291.402513482617,21.5571756013474,1.7275,13.2252,16.023,0.064,14.405,0.069,12.063,0.027,11.567,0.029,11.453,0.024,14.0096,0.000624,14.7073,0.00144,13.166,0.001131,11.331,0.023,11.366,0.021,12.065,0.239,9.064,,Theia38,7.585775750291836,Kounkel2020,4935.0,1.65549,
1852412775,2.0189563780576512e+18,291.461640524841,21.8921523159205,1.96464,12.9837,,,14.169,0.0466,,,,,,,13.7541,0.002907,14.415,0.011991,12.9202,0.007952,,,,,,,,,Theia38,7.585775750291836,Kounkel2020,5870.0,,
385878138,2.0192306718313723e+18,291.446983051871,22.9471450628132,1.89674,12.4453,,,13.652,0.08,11.196,0.023,10.709,0.036,10.4,0.019,13.2487,0.002636,13.9847,0.009348,12.4132,0.007221,10.15,0.022,10.152,0.02,10.269,0.059,9.027,,Theia38,7.585775750291836,Kounkel2020,5121.0,2.16737,
385882957,2.019196209013201e+18,291.422677807512,22.3704859210002,2.10408,11.4517,12.109,0.342,11.756,0.024,10.811,0.026,10.544,0.031,10.473,0.021,11.8303,0.000776,12.1185,0.00092,11.36,0.000964,10.38,0.023,10.397,0.021,10.388,0.065,8.76,0.401,Theia38,7.585775750291836,Kounkel2020,7842.0,1.52112,1.867
385887176,2.018957546260996e+18,291.415107018959,21.9476416266604,2.07931,14.7638,18.501,0.165,16.354,0.217,13.191,0.029,12.463,0.035,12.242,0.024,15.7469,0.003363,16.8006,0.013266,14.6525,0.007889,12.086,0.038,12.016,0.036,12.192,,8.691,,Theia38,7.585775750291836,Kounkel2020,3802.0,0.995085,0.58
385888184,2.0189532169616945e+18,291.464590233545,21.8470090496459,,15.6748,20.163,0.165,18.2884,0.0507,14.018,0.039,13.308,0.042,13.091,0.039,17.1474,0.001487,18.2594,0.024075,15.7323,0.004888,,,,,,,,,Theia38,7.585775750291836,Kounkel2020,3418.0,0.683569,0.651746
385889053,2.0189500902254515e+18,291.461105639181,21.7647562874078,1.73695,14.988,19.773,0.162,17.3438,0.0464,13.238,0.026,12.481,0.031,12.274,0.023,16.1922,0.001092,17.5312,0.007662,14.9922,0.002481,12.245,0.028,12.152,0.029,12.225,0.29,9.149,,Theia38,7.585775750291836,Kounkel2020,3919.0,1.46693,
1852412783,2.0189564080886047e+18,291.479894039034,21.8986907708353,1.38917,16.3121,,,18.2141,0.0499,,,,,,,17.3114,0.000908,18.284,0.017341,16.0431,0.017993,,,,,,,,,Theia38,7.585775750291836,Kounkel2020,,,
1852718291,2.0192040387049016e+18,291.403606032532,22.6013224392122,2.13564,16.3957,,,,,,,,,,,17.7301,0.001337,19.3513,0.033126,16.4614,0.006604,,,,,,,,,Theia38,7.585775750291836,Kounkel2020,3716.0,,
355671693,2.0189714276247e+18,291.326644996005,22.0680135688408,2.22971,15.2258,19.564,0.162,17.7349,0.0472,13.401,0.024,12.751,0.02,12.504,0.024,16.4199,0.001427,17.9187,0.011153,15.2015,0.003365,12.349,0.028,12.258,0.029,11.703,,8.605,,Theia38,7.585775750291836,Kounkel2020,3546.0,1.01845,0.48
1852671714,2.019172019760813e+18,291.341670402263,22.300000337779,1.75839,15.8798,,,,,,,,,,,17.1699,0.0016,18.6549,0.026377,15.888,0.012433,,,,,,,,,Theia38,7.585775750291836,Kounkel2020,3781.0,1.09673,0.57
385891483,2.0188034772207672e+18,291.471369928753,21.5204746139558,1.96782,13.8568,17.83,0.164,15.735,0.08,12.203,0.029,11.48,0.033,11.243,0.024,14.939,0.00203,16.0556,0.008896,13.8712,0.005928,11.041,0.024,11.0,0.024,11.526,0.171,9.141,,Theia38,7.585775750291836,Kounkel2020,4353.0,1.78929,
359614737,2.0189048040862167e+18,291.597080926753,21.7868565094888,,16.1155,19.868,0.163,,,13.604,0.031,12.931,0.035,12.649,0.036,17.3408,0.001074,18.8718,0.047927,15.7999,0.024487,12.174,0.026,12.119,0.029,11.828,0.228,8.427,,Theia38,7.585775750291836,Kounkel2020,,,
385887206,2.0189577137447368e+18,291.379388757891,21.9443716523254,2.02515,15.4473,19.751,0.165,17.5389,0.0496,13.834,0.035,13.112,0.031,12.917,0.023,16.5214,0.003256,17.7735,0.020506,15.3905,0.008687,12.853,0.03,12.836,0.031,12.418,0.428,8.75,,Theia38,7.585775750291836,Kounkel2020,3699.0,0.84791,0.548
385880009,2.019222459831864e+18,291.467517729878,22.7091020228056,1.85329,15.6389,19.671,0.163,16.996,1.133,12.929,0.029,12.034,0.032,11.766,0.024,16.801,0.004373,17.6858,0.026737,14.8715,0.012128,11.59,0.024,11.524,0.024,10.912,0.138,8.793,,Theia38,7.585775750291836,Kounkel2020,,,
385889822,2.018902433216513e+18,291.478634499599,21.6864623347738,2.07906,11.0831,11.886,0.213,11.419,0.015,10.617,0.024,10.473,0.029,10.389,0.018,11.3285,0.000416,11.5349,0.00141,11.0014,0.00078,10.172,0.021,10.232,0.019,9.963,0.054,8.685,0.495,Theia38,7.585775750291836,Kounkel2020,9063.0,1.52559,2.29
385964384,2.0179913804594225e+18,291.443483343182,20.8073673034538,1.9004,15.3053,20.259,0.163,,,13.226,0.026,12.412,0.028,12.103,0.021,16.5337,0.001266,18.0874,0.011009,15.2725,0.004055,12.057,0.027,12.006,0.03,12.086,0.54,9.0,,Theia38,7.585775750291836,Kounkel2020,3500.0,1.21549,0.46
385878224,2.0192306675089265e+18,291.447039350822,22.9377682434241,1.81679,16.4095,20.661,0.17,,,14.572,0.056,13.916,0.066,13.571,0.053,17.8179,0.001195,19.6362,0.03652,16.5131,0.005291,13.102,0.031,13.1,0.041,12.781,,8.963,,Theia38,7.585775750291836,Kounkel2020,3125.0,0.633982,0.614976
385885066,2.018978162133968e+18,291.43688194153,22.1600898588046,1.94226,13.3216,16.214,0.063,14.42,0.137,12.309,0.024,11.728,0.029,11.579,0.018,14.0513,0.001047,14.7013,0.004746,13.2813,0.003246,11.403,0.024,11.445,0.024,11.183,0.19,8.383,,Theia38,7.585775750291836,Kounkel2020,5296.0,1.24848,0.91
385885086,2.0189780590327795e+18,291.431201093746,22.1580573190189,,15.6514,20.27,0.162,,,13.899,0.024,13.282,0.029,13.033,0.023,17.2313,0.002548,18.5399,0.048901,15.731,0.018371,,,,,,,,,Theia38,7.585775750291836,Kounkel2020,3275.0,0.607848,0.594445
385885395,2.018977642405895e+18,291.404415735367,22.1274176076639,2.53585,16.7459,19.416,0.172,,,14.816,0.05,14.143,0.043,13.789,0.04,18.2206,0.002751,19.7819,0.068266,16.8355,0.007397,13.768,0.036,13.532,0.034,11.554,,8.238,,Theia38,7.585775750291836,Kounkel2020,3208.0,0.473248,0.471005
385879437,2.019224280919695e+18,291.44274185601,22.7924454948382,1.99578,13.5247,16.199,0.065,14.806,0.114,12.393,0.027,11.739,0.031,11.557,0.026,14.3377,0.001975,15.0825,0.007288,13.499,0.005923,11.475,0.024,11.538,0.024,10.815,0.139,8.329,0.312,Theia38,7.585775750291836,Kounkel2020,6448.0,1.15398,1.31
385882194,2.0191976134353544e+18,291.447964241296,22.4475874971673,2.04943,16.2127,17.898,0.076,17.6497,0.056,14.709,0.044,13.924,0.051,13.227,0.03,17.1668,0.010801,17.8184,0.045657,16.1991,0.02761,11.743,0.027,11.009,0.023,9.725,0.055,7.534,0.214,Theia38,7.585775750291836,Kounkel2020,4185.0,0.647037,0.624901
385887029,2.018957782467516e+18,291.404113990008,21.9616812139715,2.13179,16.7436,,,,,14.691,0.045,14.064,0.042,13.714,0.04,18.3358,0.001698,20.5175,0.054793,16.8866,0.006927,13.443,0.038,13.523,0.049,12.669,,9.02,,Theia38,7.585775750291836,Kounkel2020,2920.0,0.547924,0.543384
385894679,2.0187771189559104e+18,291.494789415117,21.2087036724547,1.98396,10.1155,10.986,0.105,10.4977,0.0463,9.092,0.03,8.181,0.042,7.278,0.017,10.4168,0.004917,10.6479,0.018091,10.0628,0.011789,6.574,0.073,5.907,0.043,3.322,0.012,1.56,0.015,Theia38,7.585775750291836,Kounkel2020,7215.0,2.65328,1.618
359608949,2.0180236142260068e+18,291.526232255179,21.1060273049454,1.98907,10.6298,11.679,0.157,11.301,0.011,9.919,0.02,9.664,0.016,9.594,0.019,11.075,0.000723,11.4519,0.000839,10.5531,0.00056,9.513,0.023,9.526,0.02,9.56,0.042,8.791,0.527,Theia38,7.585775750291836,Kounkel2020,8073.0,2.59748,1.959
359610388,2.01877797794955e+18,291.529637187835,21.2706767349782,2.00171,13.4652,16.099,0.062,14.639,0.057,12.294,0.021,11.69,0.016,11.548,0.02,14.2101,0.002257,14.8918,0.008505,13.4057,0.006602,,,,,,,,,Theia38,7.585775750291836,Kounkel2020,4589.0,1.26574,0.725
385881109,2.019203665076579e+18,291.41004313098,22.5707186476416,1.93008,14.2863,18.171,0.162,15.771,0.469,11.79,0.027,10.537,0.031,9.606,0.021,15.4018,0.028979,16.545,0.098916,14.3182,0.07985,8.454,0.023,7.771,0.02,6.16,0.016,4.266,0.02,Theia38,7.585775750291836,Kounkel2020,4540.0,1.53996,
385885564,2.0189769551964293e+18,291.46824037413,22.1109339606435,1.96957,10.9163,11.63,0.198,11.394,0.016,10.481,0.026,10.337,0.031,10.249,0.019,11.2087,0.000558,11.4295,0.000853,10.8653,0.000642,10.202,0.023,10.158,0.02,9.43,0.045,8.244,0.361,Theia38,7.585775750291836,Kounkel2020,7091.0,1.82543,1.57
385890258,2.01880838632457e+18,291.458336372416,21.6431071020793,1.94819,16.2988,,,,,14.555,0.024,13.773,0.029,13.561,0.026,17.6559,0.001177,19.3167,0.045904,16.3874,0.004606,13.367,0.044,13.523,0.055,12.771,,9.001,,Theia38,7.585775750291836,Kounkel2020,3217.0,0.605971,0.592933
385890896,2.0188068788055675e+18,291.481149844496,21.578686319002,,16.6017,,,19.349,0.0697,14.684,0.043,13.843,0.037,13.43,0.033,18.0565,0.011334,19.3651,0.049509,16.6717,0.022783,,,,,,,,,Theia38,7.585775750291836,Kounkel2020,3332.0,0.554592,0.549366
359614542,2.018904597927789e+18,291.581359694043,21.7640957340465,1.41353,14.3183,17.502,0.166,15.795,0.195,13.004,0.021,12.496,0.019,12.309,0.023,15.1897,0.000285,15.9947,0.00214,14.2929,0.001027,12.182,0.025,12.262,0.028,11.717,0.18,8.695,,Theia38,7.585775750291836,Kounkel2020,5282.0,1.32425,0.91
359723584,2.018978540090994e+18,291.523626919957,22.1449575091916,2.06214,14.5759,18.295,0.164,16.571,0.069,13.04,0.023,12.321,0.018,12.101,0.023,15.645,0.000906,16.7294,0.006317,14.5957,0.002796,11.784,0.025,11.813,0.023,12.325,0.403,8.815,,Theia38,7.585775750291836,Kounkel2020,4548.0,1.18048,0.72
385880842,2.0192040387049016e+18,291.403606032532,22.6013224392122,2.13564,16.3957,20.127,0.176,,,14.538,0.069,14.025,0.065,13.634,0.064,17.7301,0.001337,19.3513,0.033126,16.4614,0.006604,,,,,,,,,Theia38,7.585775750291836,Kounkel2020,3716.0,0.759124,0.55
385887951,2.0189547975097167e+18,291.417483641153,21.8684279640511,1.96839,15.6934,19.315,0.176,18.2158,0.0473,13.862,0.067,13.205,0.071,12.847,0.051,16.9308,0.001067,18.3729,0.011341,15.6875,0.004959,12.06,0.026,12.061,0.026,12.553,,8.939,,Theia38,7.585775750291836,Kounkel2020,3736.0,0.988972,0.56
359613655,2.0189015742705792e+18,291.517589349226,21.663594521714,1.8985,16.0155,,,,,14.016,0.024,13.359,0.023,13.031,0.029,17.3884,0.001003,19.1001,0.02188,16.002,0.003185,13.043,0.035,12.918,0.033,12.81,,8.983,,Theia38,7.585775750291836,Kounkel2020,3505.0,1.08262,0.46
359730066,2.019212873486392e+18,291.592722196278,22.7665463986685,1.87548,16.6688,,,,,14.644,0.038,13.979,0.035,13.69,0.048,18.1427,0.001465,19.9674,0.060167,16.7775,0.00687,13.665,0.037,13.664,0.052,12.382,,9.302,,Theia38,7.585775750291836,Kounkel2020,3095.0,0.601522,0.589328
359611017,2.018784476283928e+18,291.616904215019,21.3445696108107,1.91928,14.4144,18.65,0.162,16.376,0.103,12.753,0.021,11.866,0.016,11.52,0.02,15.4764,0.002963,16.6113,0.017616,14.4208,0.015817,11.077,0.025,10.837,0.023,8.781,0.029,6.27,0.064,Theia38,7.585775750291836,Kounkel2020,4061.0,1.47402,
1852729992,2.019222459853492e+18,291.467286524042,22.70923554891,2.03919,15.6519,,,,,,,,,,,16.822,0.001782,17.7244,0.014272,14.8787,0.011471,,,,,,,,,Theia38,7.585775750291836,Kounkel2020,,,
359606649,2.0179916596673856e+18,291.507103452437,20.8346593754925,2.02564,15.6304,19.131,0.165,17.9299,0.0969,13.492,0.032,12.309,0.025,11.544,0.035,16.7657,0.018758,18.0686,0.079899,15.5154,0.048398,9.972,0.023,9.375,0.02,8.205,0.022,6.358,0.054,Theia38,7.585775750291836,Kounkel2020,3621.0,0.849155,0.52
359607793,2.0179981536578084e+18,291.51814627182,20.9711227010914,2.04638,15.4844,19.453,0.165,,,13.499,0.035,12.619,,12.332,,16.7718,0.001166,18.4169,0.016522,15.4899,0.003591,12.191,0.025,12.171,0.023,12.381,,8.794,,Theia38,7.585775750291836,Kounkel2020,3507.0,1.13174,0.46
359607886,2.0179952330800435e+18,291.532180927308,20.9807485323853,2.00832,16.0071,20.871,0.164,,,14.148,0.035,13.417,0.033,13.18,,17.2888,0.001805,18.8871,0.021991,15.9962,0.003537,12.978,0.025,13.073,0.027,12.602,,8.644,,Theia38,7.585775750291836,Kounkel2020,3546.0,0.895437,0.48
359614443,2.018903292212124e+18,291.516124513986,21.7511999060338,1.98453,15.7858,,,18.3456,0.0491,13.905,0.026,13.232,0.025,12.966,0.029,17.0367,0.002322,18.5047,0.015481,15.7939,0.010163,12.811,0.066,12.663,0.061,12.738,,8.767,,Theia38,7.585775750291836,Kounkel2020,3738.0,0.959449,0.56
359615137,2.0189520830902264e+18,291.554070647582,21.8272703211231,2.09075,15.8783,20.051,0.165,18.5394,0.0515,14.139,0.035,13.396,0.039,13.179,0.038,17.205,0.002274,18.6897,0.023303,15.9521,0.007304,,,,,,,,,Theia38,7.585775750291836,Kounkel2020,3310.0,0.648146,0.625736
359729142,2.0192101590450865e+18,291.571755484155,22.6863585715528,2.02283,15.1513,19.87,0.161,17.312,0.0475,13.513,0.021,12.786,0.019,12.557,0.022,16.2785,0.002318,17.5492,0.012622,15.147,0.006722,12.581,0.028,12.465,0.03,10.727,0.196,8.073,0.233,Theia38,7.585775750291836,Kounkel2020,3881.0,1.04624,0.6
359607084,2.017993515093098e+18,291.543978394815,20.8871662062896,2.12776,16.1046,,,,,14.086,0.029,13.318,0.022,13.05,0.03,17.5709,0.001246,19.4678,0.026958,16.2183,0.003795,,,,,,,,,Theia38,7.585775750291836,Kounkel2020,3068.0,0.666794,0.639569
359608597,2.0180226134686413e+18,291.578620499525,21.064385244631,2.15232,16.4981,,,,,14.465,0.034,13.815,0.031,13.454,0.039,18.1725,0.00152,19.9069,0.05086,16.6148,0.006613,,,,,,,,,Theia38,7.585775750291836,Kounkel2020,3049.0,0.58892,0.578954
359616573,2.0189632156465224e+18,291.506713493656,21.9958269875153,2.07922,13.056,16.166,0.167,14.317,0.103,11.921,0.021,11.278,0.016,11.009,0.02,13.7924,0.001863,14.4722,0.00727,12.9914,0.004541,10.801,0.024,10.623,0.022,9.878,0.047,6.003,0.048,Theia38,7.585775750291836,Kounkel2020,4484.0,1.46947,
359616586,2.0189630738621765e+18,291.561823101494,21.9977541349887,1.97449,15.5216,19.438,0.164,17.7525,0.0477,13.716,0.029,13.018,0.027,12.84,0.035,16.6179,0.0013,17.9649,0.014147,15.4451,0.004146,12.557,0.029,12.546,0.031,12.095,,9.032,,Theia38,7.585775750291836,Kounkel2020,3551.0,0.870821,0.49
359723133,2.0189661662443515e+18,291.59652602113,22.0863607664704,1.60004,16.6259,16.987,0.079,18.6006,0.0512,15.03,0.047,14.407,0.059,14.071,0.068,17.7627,0.001476,18.8105,0.02931,16.654,0.007015,,,,,,,,,Theia38,7.585775750291836,Kounkel2020,3646.0,0.592618,0.582024
359884690,2.0189611197021809e+18,291.69897560725,22.0083972046872,1.94484,12.8976,14.947,0.066,13.65,0.08,12.06,0.022,11.645,0.022,11.528,0.022,13.482,0.00078,13.9678,0.003884,12.8417,0.002126,11.37,0.024,11.452,0.024,11.377,0.178,8.919,,Theia38,7.585775750291836,Kounkel2020,5701.0,1.18367,1.015
1852729983,2.019222459831864e+18,291.467517729878,22.7091020228056,1.85329,15.6389,,,,,,,,,,,16.801,0.004373,17.6858,0.026737,14.8715,0.012128,,,,,,,,,Theia38,7.585775750291836,Kounkel2020,,,
359610531,2.0187810016105009e+18,291.513964432527,21.2871603115826,2.14677,16.1329,,,,,14.301,0.03,13.513,0.024,13.256,0.033,17.5424,0.00119,19.2749,0.023769,16.2305,0.003282,,,,,,,,,Theia38,7.585775750291836,Kounkel2020,3162.0,0.623517,0.606866
359616051,2.018959809692177e+18,291.561542320757,21.9332919579113,2.0138,15.9864,20.362,0.163,18.6364,0.0692,14.248,0.028,13.57,0.027,13.371,0.037,17.313,0.001325,18.7853,0.054265,16.0593,0.004016,13.094,0.037,13.096,0.045,12.745,,8.931,,Theia38,7.585775750291836,Kounkel2020,3315.0,0.627843,0.610236
1851570903,2.018018460253812e+18,291.576958687707,20.9776493358778,2.08835,17.1114,,,19.2653,0.0878,,,,,,,18.1783,0.001565,19.1149,0.086163,16.6498,0.011888,,,,,,,,,Theia38,7.585775750291836,Kounkel2020,,,
359887744,2.018898683715976e+18,291.654898654755,21.6665359897906,1.99826,16.7671,,,,,14.949,0.045,14.108,0.047,13.869,0.06,18.2439,0.001543,19.9529,0.060612,16.8676,0.006108,,,,,,,,,Theia38,7.585775750291836,Kounkel2020,3143.0,0.544745,0.540504
385894680,2.0187772950977487e+18,291.462493355903,21.2085721062062,2.00327,13.2667,16.401,0.167,14.77,0.103,11.91,0.026,11.225,0.031,11.072,0.024,14.1095,0.001625,14.8954,0.006086,13.2299,0.004752,10.923,0.024,10.955,0.022,11.189,0.125,8.914,,Theia38,7.585775750291836,Kounkel2020,4782.0,1.55544,
359612966,2.018804198775213e+18,291.554962782823,21.5838696812039,1.94362,14.4814,18.195,0.182,16.29,0.046,12.941,0.081,12.182,0.03,11.965,0.026,15.5047,0.001713,16.5401,0.007589,14.4851,0.004349,11.854,0.048,11.839,0.04,11.558,0.205,8.516,,Theia38,7.585775750291836,Kounkel2020,4446.0,1.23454,0.7
359616151,2.0189598827518367e+18,291.541818954194,21.9443635057559,1.99195,15.599,20.17,0.163,17.9941,0.0488,13.828,0.028,13.099,0.026,12.869,0.03,16.7516,0.002229,18.1837,0.017132,15.5441,0.005491,,,,,,,,,Theia38,7.585775750291836,Kounkel2020,3538.0,0.904283,0.48
359884975,2.018960982263229e+18,291.680125073239,21.9794807609337,1.94489,15.6767,18.973,0.173,18.3052,0.0523,13.916,0.057,13.288,0.032,13.039,0.031,16.9866,0.003396,18.4704,0.024766,15.7494,0.008941,,,,,,,,,Theia38,7.585775750291836,Kounkel2020,3318.0,0.705975,0.667726
359885577,2.018958989398596e+18,291.664355525901,21.9140431633587,2.03095,15.5798,,,18.1717,0.0489,13.965,0.026,13.253,0.028,12.973,0.028,16.8667,0.00119,18.358,0.017552,15.6514,0.002985,,,,,,,,,Theia38,7.585775750291836,Kounkel2020,3325.0,0.700649,0.66395
359614457,2.0189038763732296e+18,291.626786034147,21.752433037628,,14.8401,18.368,0.165,16.309,0.114,13.355,0.019,12.846,0.019,12.63,0.022,15.7175,0.001017,16.6129,0.003872,14.7375,0.001243,12.666,0.033,12.816,0.04,12.935,,9.106,,Theia38,7.585775750291836,Kounkel2020,,,
359884313,2.0189621848541087e+18,291.671258769387,22.0486055156082,2.0004,15.1492,18.245,0.167,17.3806,0.0472,13.418,0.032,12.703,0.031,12.398,,16.2768,0.001491,17.6026,0.011891,15.1181,0.005176,12.243,0.029,12.194,0.03,12.417,0.445,8.851,,Theia38,7.585775750291836,Kounkel2020,3707.0,1.06419,0.55
359887924,2.0188986536929183e+18,291.641521158739,21.6442629841511,2.03007,16.2482,,,,,14.362,0.03,13.566,0.026,13.343,0.034,17.6687,0.001407,19.4019,0.040669,16.3466,0.004189,13.184,0.028,13.087,0.027,12.127,,9.212,,Theia38,7.585775750291836,Kounkel2020,3157.0,0.630392,0.61221
359890874,2.018783308052719e+18,291.684593046568,21.31289316989,1.99192,13.7625,17.365,0.165,15.07,0.16,12.379,0.021,11.694,0.022,11.506,0.02,14.6115,0.001537,15.4674,0.006324,13.6953,0.005216,11.342,0.025,11.393,0.024,10.85,0.108,8.65,,Theia38,7.585775750291836,Kounkel2020,4044.0,1.41417,
359891430,2.0180323759600343e+18,291.692645614891,21.2553356280021,1.91644,14.7279,18.749,0.165,16.763,1.133,12.869,0.035,11.965,0.033,11.571,0.033,15.8371,0.007527,17.1391,0.026439,14.6707,0.021611,10.744,0.023,10.509,0.021,8.684,0.026,6.31,0.069,Theia38,7.585775750291836,Kounkel2020,3674.0,1.30844,
360029744,2.0180207967272443e+18,291.684611106554,21.0752893663119,2.2804,16.1765,,,,,14.264,0.026,13.584,0.025,13.375,0.034,17.6282,0.001042,19.3607,0.034317,16.2771,0.003251,,,,,,,,,Theia38,7.585775750291836,Kounkel2020,3144.0,0.578376,0.570076
359615594,2.0189534918398129e+18,291.532367127236,21.881258123743,1.15058,15.6436,19.063,0.164,16.49,1.133,14.089,,13.707,0.044,13.553,0.054,16.5782,0.00069,17.4543,0.00808,15.6247,0.002046,12.996,0.031,13.108,0.029,11.3,0.114,8.745,,Theia38,7.585775750291836,Kounkel2020,5194.0,0.977336,0.88
359730070,2.0192128391266744e+18,291.574661603699,22.7668176505486,1.90998,16.1213,20.873,0.163,,,14.342,0.029,13.593,0.029,13.301,0.034,17.4817,0.001066,19.0929,0.02666,16.2066,0.004801,13.189,0.03,13.096,0.035,10.918,0.155,8.385,0.253,Theia38,7.585775750291836,Kounkel2020,3237.0,0.662919,0.636722
359730267,2.0192129422058995e+18,291.574486434991,22.7787640312573,2.02236,15.5743,20.742,0.164,,,13.494,0.029,12.816,0.028,12.526,0.027,17.0853,0.001153,19.0621,0.01876,15.7036,0.00368,12.353,0.025,12.236,0.031,11.579,0.245,8.946,,Theia38,7.585775750291836,Kounkel2020,3527.0,1.51228,
359604867,2.0179736508340165e+18,291.603428789611,20.6359636488293,1.93851,14.8395,19.272,0.162,17.239,0.0628,12.82,0.023,11.908,0.023,11.48,0.02,16.0948,0.009768,17.4016,0.043487,14.8709,0.018415,10.625,0.027,10.064,0.022,9.241,0.043,7.175,0.117,Theia38,7.585775750291836,Kounkel2020,4334.0,1.48744,
359608659,2.018023850419248e+18,291.620827871713,21.0711730039373,1.86857,16.7289,,,,,14.724,0.04,14.082,0.04,13.778,0.054,18.1993,0.001452,19.8663,0.057775,16.8258,0.005413,13.753,0.061,13.805,0.082,12.208,,8.545,,Theia38,7.585775750291836,Kounkel2020,3164.0,0.585165,0.575813
359886936,2.018901093234363e+18,291.691420666709,21.7569481505169,2.13111,14.1422,16.548,0.06,15.11,0.115,13.057,,12.625,0.028,12.522,0.037,14.7979,0.000504,15.3822,0.002311,14.0817,0.001427,12.026,0.025,12.179,0.026,12.616,,8.956,,Theia38,7.585775750291836,Kounkel2020,4690.0,0.756868,0.749
359608635,2.0180238547442191e+18,291.621274979525,21.0687313953545,1.99567,14.1981,18.654,0.162,16.247,0.034,12.686,0.023,11.921,0.016,11.698,0.019,15.2191,0.004701,16.2391,0.01937,14.172,0.010632,11.63,0.026,11.6,0.026,9.508,0.051,6.215,0.076,Theia38,7.585775750291836,Kounkel2020,4323.0,1.38908,0.676
359876967,2.019603023993432e+18,291.683846712441,22.9417880477732,1.81978,16.6433,,,,,14.793,0.042,14.155,0.04,13.822,0.048,18.1103,0.001211,19.8922,0.048721,16.7483,0.004542,,,,,,,,,Theia38,7.585775750291836,Kounkel2020,3116.0,0.589337,0.579301
359887622,2.018899443967129e+18,291.688667066824,21.6798340519824,1.9763,13.7679,17.246,0.166,15.007,0.15,12.414,0.024,11.741,0.023,11.596,,14.5804,0.001372,15.3686,0.005454,13.7012,0.004127,11.414,0.025,11.456,0.026,12.026,0.291,8.786,,Theia38,7.585775750291836,Kounkel2020,4224.0,1.2946,0.66
359888239,2.0188975498446272e+18,291.687196008913,21.609740366143,1.93248,16.0522,20.368,0.162,18.5585,0.05,14.083,0.025,13.284,0.022,13.014,0.026,17.2314,0.0015,18.6569,0.020108,15.927,0.005346,12.676,0.024,12.783,0.027,11.979,0.303,9.185,,Theia38,7.585775750291836,Kounkel2020,3480.0,0.79476,0.45
359888564,2.0188852877534423e+18,291.657524142645,21.5729654761516,2.11056,14.5962,18.182,0.165,16.606,0.252,13.045,0.022,12.315,0.022,12.099,0.023,15.577,0.001156,16.6364,0.005157,14.5137,0.00303,,,,,,,,,Theia38,7.585775750291836,Kounkel2020,3852.0,1.05336,0.59
359891517,2.0180321698015409e+18,291.690775030497,21.2446198785172,2.01562,11.8463,14.97,0.167,12.916,0.08,10.696,0.021,10.153,0.019,10.026,0.019,12.5409,0.001505,13.1563,0.005109,11.7832,0.004343,9.907,0.022,9.9,0.02,10.073,0.055,8.71,,Theia38,7.585775750291836,Kounkel2020,4755.0,2.41278,
360032693,2.017976953697988e+18,291.636974092917,20.7549914636899,1.96239,12.6628,16.716,0.163,13.95,0.149,11.245,0.021,10.572,0.019,10.4,0.018,13.4922,0.002205,14.3037,0.008344,12.604,0.005591,10.291,0.021,10.345,0.021,10.415,0.091,8.762,,Theia38,7.585775750291836,Kounkel2020,4233.0,2.2166,
385887126,2.018957099612408e+18,291.477790423152,21.9522684835098,2.03595,16.4222,,,,,14.708,0.055,13.949,0.055,13.716,0.05,17.7778,0.001505,19.3151,0.036317,16.5017,0.006677,,,,,,,,,Theia38,7.585775750291836,Kounkel2020,3272.0,0.56262,0.556466
385893062,2.0187940970112911e+18,291.408723106428,21.3593138215085,2.08864,15.8062,,,,,13.817,0.024,13.018,0.032,12.818,0.03,17.0033,0.003059,18.5421,0.019003,15.7577,0.009463,12.661,0.03,12.674,0.036,12.618,0.515,8.308,,Theia38,7.585775750291836,Kounkel2020,3450.0,0.850696,0.43
385961791,2.018023064470208e+18,291.482510354474,21.0600783682811,2.16625,16.5175,,,,,14.667,0.08,13.994,0.088,13.521,0.069,18.0322,0.00232,19.9616,0.04268,16.6368,0.010796,12.962,0.048,12.709,0.043,12.354,0.49,8.186,,Theia38,7.585775750291836,Kounkel2020,3035.0,0.573845,0.566206
359605118,2.017974685955105e+18,291.560846467697,20.6655987030221,2.05136,16.2966,20.872,0.165,,,14.257,0.04,13.448,0.042,13.169,0.041,17.7052,0.001293,19.4437,0.048786,16.3945,0.004337,12.718,0.028,12.75,0.034,12.212,,8.818,,Theia38,7.585775750291836,Kounkel2020,3160.0,0.659212,0.633986
359607106,2.0179935150930995e+18,291.542630288268,20.889149345705,1.95199,15.6579,20.913,0.166,,,13.426,0.033,12.697,0.029,12.387,0.037,16.9714,0.000884,18.9118,0.022451,15.6081,0.002836,,,,,,,,,Theia38,7.585775750291836,Kounkel2020,3115.0,,
359892214,2.018030726692484e+18,291.685960836466,21.1696658901535,2.12755,15.024,20.453,0.163,17.069,1.133,13.328,0.023,12.573,0.023,12.371,0.022,16.2261,0.002068,17.5219,0.012867,15.0749,0.004856,,,,,,,,,Theia38,7.585775750291836,Kounkel2020,4180.0,1.19703,0.65
359886471,2.018905250762776e+18,291.645615473388,21.8080221064426,1.95399,9.63866,9.826,0.052,9.765,0.005,9.392,0.023,9.364,0.021,9.309,0.019,9.7293,0.000322,9.80956,0.000712,9.585,0.000802,9.191,0.023,9.22,0.021,9.165,0.03,8.662,,Theia38,7.585775750291836,Kounkel2020,9001.0,2.52396,2.273
359888259,2.0188975198213944e+18,291.667498122642,21.6071193371987,2.14095,15.6764,20.652,0.163,,,13.524,0.024,12.743,0.022,12.494,0.026,16.9419,0.001853,18.7101,0.018661,15.5943,0.004874,11.661,0.027,11.714,0.028,11.585,0.194,8.932,,Theia38,7.585775750291836,Kounkel2020,3198.0,,
359891751,2.0180317531505964e+18,291.670490042692,21.2175376253713,1.9933,12.0452,14.524,0.068,12.809,0.092,11.181,0.03,10.9,0.034,10.808,0.033,12.5602,0.000199,12.9877,0.001047,11.9642,0.001068,10.589,0.037,10.658,0.038,10.769,0.114,8.55,,Theia38,7.585775750291836,Kounkel2020,7672.0,1.48009,1.8
359892462,2.018024610658248e+18,291.685419412437,21.1429320718247,2.01945,14.0206,18.772,0.16,15.6592,0.0464,12.077,,11.3,,11.648,0.057,14.9656,0.002059,15.9249,0.008155,13.969,0.005041,,,,,,,,,Theia38,7.585775750291836,Kounkel2020,4072.0,1.4182,
360029281,2.018024473204977e+18,291.658713573251,21.127578688623,1.83777,14.8295,,,16.194,0.572,13.1,0.035,12.281,0.032,12.056,0.031,15.9104,0.001507,17.0333,0.009842,14.7609,0.00524,11.699,0.026,11.745,0.027,11.609,0.224,8.904,,Theia38,7.585775750291836,Kounkel2020,3962.0,1.26527,0.62
360030175,2.018020556194301e+18,291.666002461305,21.0268804676844,2.099,15.5634,20.656,0.163,,,13.582,0.024,12.769,0.023,12.453,0.021,16.8408,0.001671,18.3392,0.01408,15.5713,0.005293,11.6,0.024,10.856,0.021,8.234,0.027,5.694,0.047,Theia38,7.585775750291836,Kounkel2020,3730.0,1.04245,0.56
359889391,2.018883737229368e+18,291.703005422736,21.4806531892741,1.99698,15.6274,20.172,0.163,,,13.479,0.029,12.657,0.026,12.35,0.026,16.8852,0.001009,18.6635,0.016313,15.5819,0.002538,12.086,0.023,12.076,0.022,12.142,0.335,8.911,,Theia38,7.585775750291836,Kounkel2020,3217.0,,
359886024,2.018911469876284e+18,291.659763824156,21.8594057476911,1.70457,15.635,19.951,0.163,18.0162,0.0486,14.035,0.026,13.248,0.026,12.988,0.03,16.8494,0.001202,18.2293,0.017762,15.6732,0.0032,12.908,0.035,12.883,0.036,12.406,0.417,9.045,0.506,Theia38,7.585775750291836,Kounkel2020,3926.0,1.12861,0.61
359887309,2.0189005434785705e+18,291.644141379736,21.7141996536538,2.06898,10.6524,11.221,0.141,11.012,0.011,10.201,0.022,10.093,0.021,10.055,0.019,10.8822,0.000393,11.0794,0.00089,10.5696,0.000528,9.929,0.023,9.959,0.021,10.004,0.047,8.783,0.382,Theia38,7.585775750291836,Kounkel2020,9342.0,1.82169,2.37
359890973,2.0187834111319803e+18,291.637916645982,21.3017396937673,1.98926,14.1122,17.349,0.167,15.502,0.103,12.491,0.03,11.709,0.032,11.451,0.033,15.0533,0.007332,16.0185,0.026357,14.0627,0.02082,10.784,0.025,10.54,0.023,10.267,0.066,6.597,0.077,Theia38,7.585775750291836,Kounkel2020,4040.0,1.37632,
359891584,2.018031963643128e+18,291.660514209671,21.2366610063846,1.82501,15.3197,,,,,13.389,0.027,12.625,0.023,12.343,0.025,16.6903,0.001216,18.3684,0.018563,15.3883,0.004135,12.219,0.064,12.151,0.061,11.848,,8.906,,Theia38,7.585775750291836,Kounkel2020,3686.0,1.52535,
359892194,2.018030726692476e+18,291.694754564382,21.1718701122791,1.9391,14.6789,19.672,0.162,16.7089,0.0467,12.989,0.023,12.171,0.023,11.937,0.025,15.801,0.002019,16.9522,0.009824,14.7047,0.005434,11.834,0.028,11.909,0.031,12.078,0.363,8.982,,Theia38,7.585775750291836,Kounkel2020,4475.0,1.30026,0.7
360033901,2.0179269259158508e+18,291.682107678507,20.6282050157294,2.13177,16.7644,,,,,14.856,0.039,13.959,0.036,13.733,0.044,18.2141,0.001664,19.9588,0.047013,16.8655,0.006065,13.356,0.025,13.344,0.029,11.711,,9.042,,Theia38,7.585775750291836,Kounkel2020,3139.0,0.542777,0.538712
360034240,2.01792637183388e+18,291.641234056768,20.5881483029967,2.03773,16.0244,,,,,13.859,0.028,12.837,0.027,12.46,0.028,17.2379,0.00179,18.8157,0.037478,15.9652,0.005078,12.163,0.028,12.151,0.033,10.669,0.22,7.958,,Theia38,7.585775750291836,Kounkel2020,3399.0,0.818084,0.4
359729862,2.0192230439690204e+18,291.513850903834,22.7513435915391,1.93258,14.8327,19.87,0.162,16.744,1.133,13.087,0.024,12.275,0.023,12.052,0.022,16.1084,0.002359,17.496,0.013668,14.931,0.005975,,,,,,,,,Theia38,7.585775750291836,Kounkel2020,4380.0,1.53125,
359730698,2.0192250024741284e+18,291.527232694269,22.80833694054,1.65712,16.0278,,,,,14.031,0.026,13.292,0.029,12.984,0.028,17.5411,0.001146,19.4927,0.023229,16.1794,0.003777,12.822,0.028,12.662,0.03,10.219,0.272,7.564,0.197,Theia38,7.585775750291836,Kounkel2020,3605.0,1.49411,
359609910,2.0180260150834063e+18,291.626753990991,21.2155016866508,1.77129,16.2298,,,,,14.369,0.032,13.531,0.027,13.363,0.042,17.6259,0.001077,19.3306,0.027252,16.3244,0.003316,13.121,0.033,13.184,0.039,12.57,,8.696,,Theia38,7.585775750291836,Kounkel2020,3180.0,0.682626,0.651067
359879146,2.019208303641032e+18,291.649199414659,22.6567552263515,1.95937,16.4845,20.168,0.162,,,13.888,0.026,12.747,0.023,12.214,0.022,17.7541,0.005056,19.5104,0.032645,16.423,0.010524,11.43,0.022,11.074,0.019,8.794,0.024,6.29,0.046,Theia38,7.585775750291836,Kounkel2020,3236.0,,
359887137,2.0189035671355745e+18,291.625238775457,21.7334197812476,1.90842,14.7613,17.817,0.167,16.229,0.15,13.21,0.027,11.728,,11.498,,15.8106,0.002887,16.899,0.017148,14.7353,0.007774,11.106,0.034,11.161,0.036,10.755,0.117,8.006,0.345,Theia38,7.585775750291836,Kounkel2020,4069.0,1.23906,0.64
359889050,2.0188847723573527e+18,291.663778469937,21.5187846249965,1.86544,16.5609,20.773,0.164,,,14.206,0.035,13.203,,12.946,,18.0397,0.001454,20.1706,0.052856,16.5983,0.003641,12.702,0.026,12.661,0.031,12.688,,9.065,,Theia38,7.585775750291836,Kounkel2020,3166.0,,
359608264,2.0180192161649608e+18,291.603088628329,21.0236792933793,1.87172,15.0494,19.05,0.163,,,13.156,0.027,12.345,0.021,12.043,0.026,16.3916,0.001261,18.0119,0.007529,15.1145,0.00356,11.828,0.023,11.777,0.023,11.91,,9.11,,Theia38,7.585775750291836,Kounkel2020,3729.0,1.62569,
359887090,2.0189006765812503e+18,291.665119398638,21.7391755226556,1.76135,16.5102,,,,,14.557,0.032,13.826,0.034,13.611,0.042,17.9459,0.001671,19.7102,0.04714,16.6118,0.005859,13.448,0.033,13.474,0.046,12.779,,9.091,,Theia38,7.585775750291836,Kounkel2020,3137.0,0.638384,0.618345
359887588,2.0189002686006203e+18,291.666632863152,21.6843548099348,2.06656,15.7275,20.472,0.163,18.3707,0.0488,13.972,0.029,13.15,0.026,12.928,0.028,17.0378,0.000895,18.5373,0.017173,15.8013,0.002858,12.602,0.026,12.704,0.029,12.675,,9.068,,Theia38,7.585775750291836,Kounkel2020,3310.0,0.701938,0.664865
360029358,2.018024095247978e+18,291.639761018443,21.1179222588874,1.90698,15.0216,19.669,0.162,16.9794,0.0467,13.37,0.027,12.611,0.026,12.385,0.027,16.0764,0.002334,17.1986,0.009014,14.9573,0.00613,12.099,0.032,12.118,0.031,12.202,,8.806,,Theia38,7.585775750291836,Kounkel2020,3922.0,1.06215,0.61
359887637,2.0188994783265933e+18,291.71019069784,21.678627628957,1.96962,13.8605,17.125,0.166,15.175,0.069,12.459,0.022,11.71,0.019,11.334,0.019,14.6647,0.001083,15.4443,0.004218,13.7841,0.004963,11.185,0.025,10.836,0.02,8.012,0.021,6.346,0.051,Theia38,7.585775750291836,Kounkel2020,4160.0,1.25266,0.651
359892505,2.018027458183409e+18,291.744454329792,21.1381211893113,1.94886,16.2857,,,,,14.02,0.026,13.182,0.026,12.972,0.027,17.5064,0.002377,19.0829,0.028722,16.1927,0.005877,12.873,0.032,12.919,0.036,11.999,0.301,8.998,,Theia38,7.585775750291836,Kounkel2020,3362.0,0.774587,0.38
360035396,2.01791547980084e+18,291.660548623705,20.4474884809053,2.00575,16.546,,,,,14.393,0.052,13.58,0.038,13.331,0.043,18.0622,0.001615,20.0181,0.079246,16.6673,0.006729,13.151,0.054,13.312,0.066,11.284,0.267,8.703,,Theia38,7.585775750291836,Kounkel2020,3024.0,0.63828,0.618266
360036312,2.0179124561435653e+18,291.671043235688,20.3386792181913,2.16774,17.1768,,,,,15.065,0.05,14.399,0.05,13.953,0.06,18.6802,0.001728,20.5289,0.070683,17.2891,0.009079,13.544,0.046,13.876,0.043,11.661,,8.753,,Theia38,7.585775750291836,Kounkel2020,3072.0,0.501696,0.49973
359878853,2.0192079944033293e+18,291.74369886169,22.7013917785009,1.94375,13.8259,17.735,0.163,15.865,0.149,12.047,0.022,11.218,0.021,10.977,0.017,14.8599,0.001891,16.0412,0.008203,13.7744,0.004887,10.809,0.023,10.781,0.02,10.479,0.126,9.052,,Theia38,7.585775750291836,Kounkel2020,3764.0,1.76402,
359889254,2.0188808897068703e+18,291.747831125082,21.4960227672079,2.04076,12.0688,15.18,0.167,13.458,0.103,10.838,0.022,10.301,0.02,10.099,0.019,12.8524,0.001219,13.5856,0.004084,12.0149,0.003119,9.941,0.023,9.943,0.02,9.839,0.063,8.83,0.396,Theia38,7.585775750291836,Kounkel2020,4514.0,2.51747,
360029677,2.018020517524712e+18,291.753594387511,21.0829166344385,,16.0542,,,18.3035,0.0844,13.948,0.056,13.124,0.067,12.955,0.057,17.5022,0.002296,18.1862,0.093078,16.0787,0.024223,,,,,,,,,Theia38,7.585775750291836,Kounkel2020,3683.0,0.687089,0.654275
368540342,2.018020448799997e+18,291.761697882961,21.0849059823527,,16.7139,,,,,14.629,0.048,13.782,0.047,13.512,0.05,18.2189,0.001582,19.5959,0.069775,16.7924,0.014191,,,,,,,,,Theia38,7.585775750291836,Kounkel2020,3277.0,0.548605,0.543998
360029858,2.0180208654467348e+18,291.663317577709,21.0614958273481,1.9928,13.3137,17.06,0.167,14.774,0.137,12.117,0.031,11.506,0.023,11.307,0.02,14.1435,0.001612,14.9028,0.005923,13.283,0.0042,11.113,0.025,11.168,0.024,11.007,0.218,8.737,,Theia38,7.585775750291836,Kounkel2020,5259.0,1.41553,0.9
359882556,2.0189912875441628e+18,291.713821056082,22.2410968776101,1.91141,15.0233,19.249,0.163,16.787,1.133,13.365,0.023,12.625,0.022,12.421,0.025,16.1043,0.002035,17.3608,0.010303,14.9743,0.006146,12.079,0.027,12.068,0.027,12.611,,8.743,,Theia38,7.585775750291836,Kounkel2020,3716.0,1.10365,0.55
360029541,2.018020521849277e+18,291.749510009486,21.0976441325013,2.03139,14.9975,,,17.031,1.133,13.217,0.019,12.354,0.026,12.111,0.025,16.0789,0.000794,17.3182,0.009883,14.9424,0.002076,,,,,,,,,Theia38,7.585775750291836,Kounkel2020,3736.0,1.05333,0.56
360029571,2.0180205218492703e+18,291.75570625682,21.0941981428911,1.98587,13.7296,19.695,0.165,15.34,0.114,12.097,0.019,11.394,0.021,11.182,0.019,14.6541,0.001516,15.5905,0.006957,13.6679,0.005279,11.033,0.024,11.043,0.021,12.122,,8.782,,Theia38,7.585775750291836,Kounkel2020,4042.0,1.60538,
368420830,2.019590791926629e+18,291.766933019585,22.9011140207239,1.88437,16.4623,20.393,0.171,18.2892,0.0472,15.16,0.052,14.481,0.053,14.282,0.075,17.5725,0.002733,18.4667,0.014688,16.4774,0.004892,14.058,0.048,14.373,0.074,12.284,0.399,8.668,,Theia38,7.585775750291836,Kounkel2020,3780.0,0.496603,0.494688
359887963,2.0188991347292e+18,291.698492646096,21.6406415786272,2.0187,16.2163,,,,,13.979,0.031,13.181,0.033,12.935,0.035,17.4527,0.001188,19.0935,0.05177,16.0994,0.004164,12.45,0.024,12.472,0.023,11.725,0.277,8.777,,Theia38,7.585775750291836,Kounkel2020,3268.0,,
360029354,2.0180244001754767e+18,291.66481584617,21.1181949631913,2.11165,15.222,16.987,0.065,17.67,0.0489,13.257,0.026,12.537,0.026,12.276,0.025,16.4047,0.002669,17.8216,0.016273,15.1573,0.007971,11.872,0.079,11.733,0.088,11.228,,8.118,,Theia38,7.585775750291836,Kounkel2020,3594.0,1.05302,0.51
360029356,2.018024404499823e+18,291.666365922812,21.1181299002573,1.9507,13.759,17.144,0.166,15.209,0.103,12.325,0.028,11.467,0.026,10.945,0.026,14.6412,0.002278,15.4932,0.011036,13.7016,0.006275,10.4,0.03,10.006,0.026,7.946,0.024,5.77,0.062,Theia38,7.585775750291836,Kounkel2020,4325.0,1.42331,0.68
360029466,2.0180212777635305e+18,291.745299426203,21.1063657142036,1.96324,6.93118,7.263,0.024,7.16236,0.023,6.579,0.018,6.581,0.02,6.58,0.017,7.06374,0.00028,7.17824,0.000845,6.87055,0.001275,6.288,0.07,6.547,0.022,6.712,0.017,6.744,0.105,Theia38,7.585775750291836,Kounkel2020,9005.0,9.28181,
360029486,2.0180212734337224e+18,291.747370124949,21.1041948691744,1.95813,11.5078,,,12.4641,0.0459,10.428,0.022,10.107,0.024,9.954,0.02,12.1593,0.000257,12.7173,0.001344,11.4493,0.000613,9.574,0.041,9.517,0.038,9.399,0.064,8.046,0.255,Theia38,7.585775750291836,Kounkel2020,5179.0,2.58395,
359891825,2.018031688765179e+18,291.691399233252,21.209411746405,1.95473,14.086,18.35,0.163,16.055,0.15,12.452,0.024,11.684,0.025,11.439,,15.1693,0.001732,16.2681,0.007437,14.1126,0.005417,11.287,0.027,11.265,0.027,11.244,0.186,8.078,,Theia38,7.585775750291836,Kounkel2020,4614.0,1.57919,
360034475,2.017925379727614e+18,291.6958284566,20.5561828955894,2.10689,14.6908,19.572,0.162,16.909,1.133,12.913,0.026,11.992,0.026,11.613,0.022,15.72,0.003186,16.8985,0.012904,14.6228,0.009222,11.127,0.024,11.061,0.023,9.914,0.05,6.134,0.052,Theia38,7.585775750291836,Kounkel2020,3730.0,1.08503,0.558
359889402,2.018883707205424e+18,291.725085029815,21.4799749742631,1.8864,15.7509,,,18.0515,0.0498,13.898,0.031,13.098,0.034,12.83,0.033,16.8946,0.002413,18.2611,0.020875,15.7161,0.006142,,,,,,,,,Theia38,7.585775750291836,Kounkel2020,3661.0,0.872327,0.53
360029892,2.018020762367504e+18,291.675439931168,21.0571328847358,2.11163,15.7444,,,,,13.817,0.042,12.972,0.043,12.71,0.042,17.0273,0.001413,18.5541,0.016506,15.7622,0.004033,,,,,,,,,Theia38,7.585775750291836,Kounkel2020,3708.0,0.960186,0.55
359878196,2.019587905703481e+18,291.754054531657,22.8008155091385,1.93439,14.2386,18.356,0.162,16.323,0.194,12.355,0.022,11.465,0.019,11.033,0.018,15.3146,0.00109,16.5828,0.005457,14.1779,0.003214,10.287,0.023,9.658,0.02,7.558,0.018,5.253,0.032,Theia38,7.585775750291836,Kounkel2020,3670.0,1.54795,
368540151,2.018026393040357e+18,291.765734042248,21.1045464064224,1.95965,17.0079,,,,,14.523,0.069,13.062,,13.472,0.087,18.2075,0.001589,19.5739,0.092401,16.8066,0.009378,,,,,,,,,Theia38,7.585775750291836,Kounkel2020,3485.0,0.52511,0.45
368540225,2.0180263630057915e+18,291.784721093954,21.0968759030353,2.14647,16.1291,,,,,13.857,0.036,12.982,0.032,12.766,0.034,17.3874,0.002152,19.0893,0.028881,16.0246,0.005564,12.218,0.024,12.163,0.022,11.805,,8.976,,Theia38,7.585775750291836,Kounkel2020,3237.0,,
359878965,2.019208578518891e+18,291.714442602617,22.6821216282096,1.83508,14.3423,19.173,0.162,,,12.592,0.023,11.75,0.022,11.545,0.02,15.8208,0.001543,17.519,0.012557,14.5587,0.004075,11.374,0.024,11.307,0.022,11.208,0.169,8.573,,Theia38,7.585775750291836,Kounkel2020,4434.0,2.68455,
359892211,2.018030554893767e+18,291.705285796431,21.1698147494153,1.9944,15.2047,,,17.081,1.133,13.491,0.021,12.646,0.023,12.413,0.023,16.3572,0.000873,17.5456,0.006598,15.2241,0.002335,12.107,0.027,12.153,0.03,12.25,,8.544,,Theia38,7.585775750291836,Kounkel2020,4372.0,1.04817,0.68
368421839,2.0195842335548493e+18,291.785678895673,22.758053279591,1.90835,15.8915,20.372,0.164,,,13.696,0.035,12.725,0.033,12.384,0.025,17.1195,0.002178,18.7745,0.032096,15.8606,0.00542,12.171,0.023,12.092,0.021,12.401,,9.088,,Theia38,7.585775750291836,Kounkel2020,3349.0,0.960401,0.37
368425800,2.0189923183362388e+18,291.79769172381,22.2666733390421,2.12562,14.3103,18.187,0.165,16.124,0.126,13.01,0.024,12.277,0.025,12.094,0.024,15.2771,0.000862,16.2217,0.004723,14.3026,0.002969,11.847,0.026,11.919,0.027,11.604,0.203,8.991,,Theia38,7.585775750291836,Kounkel2020,4674.0,1.10051,0.74
359878496,2.0195844740730235e+18,291.757805158844,22.7616783859077,2.2139,15.5101,20.399,0.171,,,12.381,0.023,10.972,0.022,10.04,0.02,16.7446,0.022101,18.4214,0.078287,15.4128,0.059989,8.729,0.022,7.92,0.018,5.862,0.012,3.447,0.016,Theia38,7.585775750291836,Kounkel2020,3247.0,,
359891523,2.018031478272749e+18,291.733517113171,21.243902326307,2.06262,14.3588,19.637,0.163,16.346,0.183,12.347,0.022,11.39,0.021,10.742,0.019,15.3774,0.01539,16.3573,0.073457,14.3436,0.045593,10.012,0.023,9.403,0.02,6.863,0.017,4.996,0.034,Theia38,7.585775750291836,Kounkel2020,4796.0,1.17471,0.77
368425943,2.01899194037924e+18,291.797155234312,22.2497412035388,2.12636,15.8753,20.368,0.162,,,14.103,0.026,13.425,0.032,13.147,0.03,17.2479,0.000869,18.884,0.024076,15.9634,0.003347,12.96,0.05,12.921,0.044,12.613,,8.635,,Theia38,7.585775750291836,Kounkel2020,3221.0,0.647715,0.625412
368538771,2.0180329213909007e+18,291.769651935835,21.2523048705464,2.25821,16.8221,20.128,0.177,,,14.528,0.072,13.66,0.07,13.362,0.065,18.4146,0.003754,20.333,0.069689,16.946,0.007737,,,,,,,,,Theia38,7.585775750291836,Kounkel2020,3009.0,0.587472,0.577745
368540193,2.018026397349479e+18,291.762923157808,21.1008185212979,2.05161,16.0365,20.957,0.164,18.4097,0.0659,13.888,0.032,12.986,0.028,12.492,0.026,17.1788,0.007019,18.5388,0.049259,15.9118,0.013422,11.293,0.026,10.713,0.024,9.121,0.042,7.44,0.158,Theia38,7.585775750291836,Kounkel2020,3526.0,0.708791,0.47
368546133,2.017920569364212e+18,291.77896093431,20.4433573528111,2.74779,13.3032,15.732,0.061,14.155,0.378,12.337,,11.91,0.024,11.825,0.024,13.9144,0.000234,14.4418,0.001372,13.2451,0.000873,11.554,0.027,11.655,0.026,11.754,0.357,8.893,,Theia38,7.585775750291836,Kounkel2020,4953.0,0.784371,0.816
360030010,2.018020620603864e+18,291.654982677874,21.045499623739,2.45243,17.0971,,,,,14.882,0.041,14.194,0.04,13.897,0.053,18.6163,0.002525,20.2443,0.084822,17.1946,0.008083,,,,,,,,,Theia38,7.585775750291836,Kounkel2020,3159.0,0.467455,0.46499
359878548,2.0195844053535544e+18,291.714006923515,22.7535715617944,1.75372,14.0594,17.368,0.162,15.872,0.16,11.095,0.023,9.881,0.019,9.175,0.018,15.1284,0.002388,16.1829,0.043555,13.7105,0.027467,8.493,0.023,7.796,0.02,5.458,0.015,2.466,0.016,Theia38,7.585775750291836,Kounkel2020,,,
359879451,2.0192070280021576e+18,291.70564119581,22.6218134036565,1.65887,13.6418,,,14.986,0.172,12.38,0.023,11.926,0.021,11.79,0.024,14.4609,0.000234,15.2012,0.001814,13.6075,0.001218,,,,,,,,,Theia38,7.585775750291836,Kounkel2020,6302.0,1.32786,1.24
359885830,2.0189117404176097e+18,291.722084337942,21.8828405753519,,16.4704,15.82,0.076,18.5743,0.0884,14.261,0.044,13.451,0.041,13.007,0.034,17.7155,0.018074,18.6848,0.082147,16.5007,0.05005,,,,,,,,,Theia38,7.585775750291836,Kounkel2020,3626.0,0.684616,0.652499
368422864,2.0190191532937388e+18,291.777087810919,22.6057094817107,1.81411,13.6151,15.435,0.072,14.972,0.114,12.022,0.039,11.238,0.035,10.902,0.029,14.5762,0.002842,15.4959,0.011312,13.6068,0.007549,9.914,0.023,9.613,0.02,8.387,0.024,6.073,0.043,Theia38,7.585775750291836,Kounkel2020,7006.0,1.49343,1.541
368428189,2.018961222781352e+18,291.766686003818,22.0104221197932,2.06703,16.7129,,,,,14.814,0.033,14.026,0.038,13.835,0.052,17.9362,0.00244,19.5616,0.039462,16.6187,0.005959,13.858,0.032,14.215,0.056,12.575,,8.629,,Theia38,7.585775750291836,Kounkel2020,3299.0,,
368540212,2.0180261568471567e+18,291.794992379739,21.0979385746109,2.05495,15.9469,20.869,0.163,,,14.07,0.028,13.321,0.03,13.14,0.038,17.3411,0.005418,18.9472,0.036552,16.0343,0.016563,,,,,,,,,Theia38,7.585775750291836,Kounkel2020,3224.0,0.663053,0.636821
1853251181,2.0195844053535544e+18,291.714006923515,22.7535715617944,1.75372,14.0594,,,16.2217,0.0639,,,,,,,15.1284,0.002388,16.1829,0.043555,13.7105,0.027467,,,,,,,,,Theia38,7.585775750291836,Kounkel2020,,,
368422857,2.0190194968911104e+18,291.803631626929,22.6066187289891,1.88365,14.3524,16.931,0.061,16.201,0.24,12.916,0.021,11.877,0.02,11.078,0.018,15.2626,0.01356,16.1517,0.050352,14.2584,0.036007,9.868,0.024,9.204,0.02,7.231,0.018,4.861,0.031,Theia38,7.585775750291836,Kounkel2020,4045.0,1.24343,0.63
368429867,2.018908205700946e+18,291.846051004082,21.8234901408472,1.94193,15.3599,19.869,0.162,17.756,0.0493,13.573,0.025,12.776,0.027,12.57,0.025,16.5706,0.003217,17.9675,0.018318,15.3906,0.007837,12.367,0.028,12.36,0.032,11.377,0.195,9.088,,Theia38,7.585775750291836,Kounkel2020,3858.0,1.11825,0.59
368539769,2.018026981480882e+18,291.818484450632,21.1465070218573,1.89703,10.4752,11.21,0.133,10.984,0.01,9.804,0.021,9.689,0.02,9.589,0.02,10.828,0.000283,11.0985,0.000828,10.403,0.000698,9.513,0.022,9.529,0.02,9.471,0.048,8.275,0.286,Theia38,7.585775750291836,Kounkel2020,7482.0,2.53263,1.72
360031651,2.0180046089646103e+18,291.755484992032,20.8675034651,1.86578,16.6111,,,,,13.93,,13.075,,13.269,0.055,18.0199,0.002068,19.9876,0.04918,16.6158,0.006465,12.284,0.026,12.334,0.026,12.771,,9.012,,Theia38,7.585775750291836,Kounkel2020,3228.0,,
360033421,2.017928609543184e+18,291.749708700155,20.6782862505063,1.88433,15.6952,19.666,0.163,,,13.452,0.03,12.54,0.025,12.02,0.021,16.9695,0.005291,18.462,0.031907,15.667,0.016426,,,,,,,,,Theia38,7.585775750291836,Kounkel2020,3676.0,1.08134,0.539
368539757,2.0180273594380431e+18,291.765080860305,21.1474250315914,1.9669,13.2248,18.166,0.162,14.798,0.137,11.938,0.024,11.264,0.022,11.061,0.021,14.1135,0.001125,14.9418,0.004232,13.2112,0.003137,10.872,0.024,10.929,0.023,10.885,0.131,9.001,,Theia38,7.585775750291836,Kounkel2020,6172.0,1.51143,1.18
368540169,2.0180263973653504e+18,291.763653489983,21.1034409105505,1.97125,15.6594,,,17.9948,0.0589,13.685,0.059,12.789,0.055,12.379,0.051,16.7933,0.003456,18.1587,0.039189,15.564,0.010673,11.177,0.025,10.775,0.021,9.126,0.035,6.263,0.057,Theia38,7.585775750291836,Kounkel2020,3550.0,0.863871,0.49
368543042,2.018000009084464e+18,291.761981332303,20.7853245176407,2.47727,14.1347,18.967,0.162,16.409,1.133,12.092,0.026,11.261,0.027,10.962,0.023,15.2949,0.000946,16.7929,0.005132,14.0767,0.002349,10.801,0.059,10.641,0.045,10.404,0.119,8.799,0.543,Theia38,7.585775750291836,Kounkel2020,3443.0,1.47135,
368427652,2.018984999711787e+18,291.823142138226,22.0676590130537,1.90846,16.0828,18.149,0.071,,,14.016,0.042,13.377,0.039,11.585,,17.4031,0.001298,19.1162,0.031156,16.0353,0.003733,,,,,,,,,Theia38,7.585775750291836,Kounkel2020,3372.0,1.00017,0.38
360029543,2.0180212777635308e+18,291.740044440398,21.0975140798703,1.97169,12.1478,,,12.987,0.092,11.212,0.021,10.897,0.019,10.799,0.019,12.7219,0.000199,13.1881,0.000982,12.0812,0.000619,10.671,0.024,10.714,0.024,10.883,0.136,8.93,,Theia38,7.585775750291836,Kounkel2020,5566.0,1.64581,0.982
360029821,2.018020315690842e+18,291.736583257575,21.0663589956803,2.04419,15.8998,21.014,0.165,,,13.538,0.027,12.718,0.026,12.429,0.026,17.1609,0.001309,18.7881,0.031435,15.7897,0.006639,12.2,0.029,12.127,0.036,12.27,,9.065,,Theia38,7.585775750291836,Kounkel2020,3324.0,0.944766,0.353
368420470,2.019591101164272e+18,291.764801051199,22.9401241406209,2.2329,16.2256,20.768,0.166,,,14.489,0.044,13.809,0.057,13.503,0.05,17.592,0.001314,19.2591,0.031092,16.3153,0.003933,13.153,0.039,13.093,0.046,12.332,0.407,9.016,,Theia38,7.585775750291836,Kounkel2020,3210.0,0.565018,0.558565
368540145,2.0180263973655311e+18,291.767686006569,21.1051348998065,2.08548,13.1052,18.913,0.165,14.758,0.114,11.424,0.024,10.661,0.023,10.486,0.021,14.043,0.001226,15.0369,0.004855,13.0467,0.003648,10.25,0.025,10.186,0.022,10.17,0.083,7.294,0.131,Theia38,7.585775750291836,Kounkel2020,3959.0,2.00566,
368540200,2.018026397365348e+18,291.76675817626,21.0999667857434,2.01555,11.202,16.24,0.163,11.834,0.057,10.486,0.024,10.301,0.023,10.202,0.021,11.63,0.000377,11.9566,0.001066,11.1398,0.000521,9.953,0.026,9.905,0.021,9.768,0.053,8.121,0.252,Theia38,7.585775750291836,Kounkel2020,6231.0,1.92798,1.2
368540077,2.0180264660687693e+18,291.80073581309,21.1125345207193,1.98512,13.2257,17.558,0.162,14.829,0.126,11.519,0.024,10.7,0.025,10.451,0.023,14.1307,0.001702,15.054,0.00605,13.1554,0.004891,10.142,0.023,10.157,0.021,9.888,0.057,8.623,0.337,Theia38,7.585775750291836,Kounkel2020,4000.0,1.96051,
368542860,2.0180003183220603e+18,291.841395323952,20.8042505149889,2.13898,16.3457,,,,,14.24,0.03,13.479,0.034,13.183,0.035,17.8408,0.001273,19.7932,0.067041,16.4653,0.006883,12.898,0.026,12.82,0.025,11.973,,8.998,,Theia38,7.585775750291836,Kounkel2020,3034.0,0.63974,0.619379
360029671,2.0180204531297884e+18,291.755387658606,21.0831238817511,1.92498,9.57879,5.268,0.438,10.048,0.023,9.046,0.021,8.948,0.022,8.9,0.02,9.85798,0.000251,10.0711,0.000779,9.50826,0.000782,8.708,0.023,8.718,0.021,8.926,0.03,8.683,,Theia38,7.585775750291836,Kounkel2020,7888.0,3.41273,1.885
360030158,2.0180198646814456e+18,291.703109664803,21.0291017849444,1.96621,8.6913,9.065,0.031,8.911,0.003,8.208,0.029,8.161,0.023,8.129,0.018,8.79065,0.000333,8.9363,0.000901,8.54339,0.001014,8.092,0.023,8.127,0.02,8.145,0.021,7.124,0.087,Theia38,7.585775750291836,Kounkel2020,,,
360032727,2.017976438301895e+18,291.743733925167,20.751890535039,2.09518,15.6248,20.837,0.163,,,13.545,0.023,12.712,0.021,12.427,0.022,16.886,0.000791,18.6624,0.017778,15.5832,0.002596,12.304,0.028,12.213,0.028,11.74,0.249,9.116,,Theia38,7.585775750291836,Kounkel2020,3227.0,,
368422875,2.0190191532937367e+18,291.77831464954,22.6045389047057,1.87042,15.5085,,,,,13.635,0.036,12.835,0.032,12.446,0.026,16.9977,0.005856,18.7299,0.036321,15.7138,0.020553,,,,,,,,,Theia38,7.585775750291836,Kounkel2020,4186.0,1.64459,
368538360,2.018033917814397e+18,291.781985732955,21.3018905595808,1.88144,16.6404,,,,,14.481,0.033,13.655,0.028,13.356,0.037,18.1413,0.001815,20.1185,0.068149,16.762,0.007332,13.178,0.033,13.14,0.041,11.959,,9.084,,Theia38,7.585775750291836,Kounkel2020,3022.0,0.661629,0.635772
368540265,2.018020521849265e+18,291.761201338709,21.0925321954669,1.94195,15.9612,,,,,13.811,0.051,12.934,0.048,12.71,0.043,17.1936,0.003173,18.7249,0.032199,15.8945,0.01056,12.077,0.03,12.087,0.027,12.615,,8.753,,Theia38,7.585775750291836,Kounkel2020,3488.0,0.888559,0.453
368421808,2.019583958676929e+18,291.852380509937,22.7635251196792,2.24414,14.5215,19.271,0.162,16.9303,0.0586,12.524,0.022,11.674,0.022,11.357,0.02,15.7121,0.006403,17.1242,0.036152,14.5111,0.015546,11.272,0.024,11.172,0.023,11.204,0.155,8.896,,Theia38,7.585775750291836,Kounkel2020,3701.0,1.38915,
368422709,2.0190196299981647e+18,291.831965797411,22.6289151213645,1.44531,16.8965,,,19.4879,0.0773,14.795,0.048,13.753,0.044,13.417,0.049,18.1746,0.001544,19.6629,0.065449,16.9475,0.004775,12.899,0.027,12.951,0.035,12.411,0.509,8.782,,Theia38,7.585775750291836,Kounkel2020,3846.0,0.82323,0.59
368422865,2.0190194968911053e+18,291.815179798465,22.6056987047193,2.06509,15.3124,20.073,0.163,,,13.515,0.03,12.804,0.033,12.561,0.038,16.5099,0.000873,18.0894,0.009659,15.2917,0.002143,12.343,0.027,12.29,0.031,12.074,0.424,8.707,,Theia38,7.585775750291836,Kounkel2020,3431.0,1.08469,0.42
368430278,2.0189064189944904e+18,291.84628438129,21.778895913946,1.93063,12.0247,14.27,0.066,12.745,0.069,11.247,0.021,10.987,0.022,10.915,0.02,12.5236,0.000203,12.9233,0.001505,11.9603,0.000523,10.806,0.024,10.836,0.024,10.731,0.1,9.144,,Theia38,7.585775750291836,Kounkel2020,6614.0,1.51091,1.38
368434099,2.0181275524344136e+18,291.846752759138,21.3443333944579,2.09622,16.3961,20.873,0.162,,,14.318,0.026,13.516,0.054,13.173,0.055,17.9426,0.00281,19.9335,0.044902,16.5222,0.007092,,,,,,,,,Theia38,7.585775750291836,Kounkel2020,2999.0,0.652182,0.62876
368539593,2.0180283515455227e+18,291.883182397158,21.1647700356649,2.08318,17.2367,20.67,0.17,19.4944,0.0951,14.331,0.057,13.348,0.053,12.85,0.048,18.3405,0.022842,19.5643,0.065662,17.0226,0.061984,11.814,0.033,11.378,0.025,9.349,0.04,7.388,0.13,Theia38,7.585775750291836,Kounkel2020,3540.0,0.381897,0.48
368539893,2.018026702278052e+18,291.834209223772,21.134025525578,1.96818,15.4736,20.856,0.163,,,13.778,0.026,12.975,0.026,12.779,0.028,16.8716,0.001034,18.4489,0.014941,15.6324,0.003593,12.613,0.03,12.591,0.029,12.094,0.422,8.832,0.453,Theia38,7.585775750291836,Kounkel2020,4316.0,1.34957,0.67
368421745,2.0195846802314504e+18,291.783544262469,22.7729445371988,1.98107,14.5809,19.58,0.166,,,11.899,0.021,10.676,0.024,9.898,0.018,15.8046,0.001476,17.446,0.012078,14.5196,0.003972,9.127,0.023,8.516,0.02,6.79,0.016,4.499,0.025,Theia38,7.585775750291836,Kounkel2020,3320.0,1.69453,
368432880,2.0188808209873823e+18,291.763371183405,21.4847277248409,1.90949,15.2163,19.361,0.162,17.5365,0.0493,13.257,0.022,12.41,0.023,12.146,0.02,16.3708,0.00286,17.7434,0.018385,15.1885,0.007616,12.106,0.027,12.122,0.033,10.958,0.128,8.808,0.351,Theia38,7.585775750291836,Kounkel2020,3679.0,1.12018,0.54
368433720,2.0187854383564623e+18,291.782595330766,21.3865569841591,1.74463,15.9399,21.246,0.163,,,14.042,0.025,13.444,0.026,13.122,0.026,17.4397,0.000921,19.4376,0.034912,16.0937,0.003521,12.98,0.031,12.796,0.024,11.986,0.274,9.205,,Theia38,7.585775750291836,Kounkel2020,3514.0,1.46283,
368541366,2.018007396428314e+18,291.760938902634,20.9660910928681,2.00255,10.247,10.962,0.091,10.507,0.006,9.628,0.022,9.447,0.024,9.378,0.022,10.4748,0.000366,10.7016,0.000932,10.119,0.000875,,,,,,,,,Theia38,7.585775750291836,Kounkel2020,,,
359892288,2.0180305205340257e+18,291.702573125858,21.1613311217877,2.0245,8.2913,8.092,0.029,8.041,0.003,7.98,0.021,8.035,0.023,8.02,0.021,8.15138,0.000347,8.18676,0.00088,8.09641,0.001409,8.004,0.045,8.04,0.027,8.094,0.031,7.79,0.233,Theia38,7.585775750291836,Kounkel2020,,,
360029831,2.018021101640235e+18,291.707932148094,21.0650987686462,2.05112,15.8136,,,,,13.832,0.023,12.995,0.021,12.714,0.026,17.1118,0.002438,18.6742,0.021856,15.8542,0.006738,,,,,,,,,Theia38,7.585775750291836,Kounkel2020,3712.0,0.978399,0.55
360037391,2.017898819648425e+18,291.705181130314,20.22290648932,2.05565,16.2284,,,,,14.221,0.042,13.433,0.037,13.211,0.06,17.6769,0.001863,19.4479,0.034031,16.3315,0.005842,12.386,0.024,12.418,0.024,12.238,,9.014,,Theia38,7.585775750291836,Kounkel2020,3128.0,0.64977,0.626954
368540034,2.0180271833143388e+18,291.764359743233,21.1176511936098,2.14091,16.287,,,,,14.368,0.026,13.468,0.025,13.195,0.03,17.7048,0.0012,19.1977,0.036868,16.3678,0.005154,13.135,0.038,13.177,0.036,12.326,,8.713,0.511,Theia38,7.585775750291836,Kounkel2020,3264.0,0.636219,0.616691
368540259,2.0180263286458573e+18,291.781572674225,21.0935855860152,1.8213,14.3331,19.932,0.165,16.482,0.458,12.593,0.03,11.705,0.03,11.477,0.023,15.4609,0.001885,16.7192,0.007676,14.3316,0.004915,10.907,0.023,10.917,0.021,11.234,0.192,9.08,,Theia38,7.585775750291836,Kounkel2020,3919.0,1.69319,
368542175,2.0180017914660887e+18,291.79104595925,20.8777129727794,2.05454,16.4043,,,,,14.012,0.031,13.222,0.029,12.858,0.032,17.8068,0.001201,20.0215,0.050121,16.3726,0.003613,12.528,0.03,12.416,0.029,12.538,0.509,8.464,,Theia38,7.585775750291836,Kounkel2020,3008.0,,
368539624,2.0180283215106524e+18,291.86636303542,21.1617805547205,1.92971,15.0547,19.47,0.162,16.876,1.133,13.127,0.024,12.222,0.023,11.996,0.023,16.1755,0.002558,17.4914,0.015038,15.0291,0.005943,11.826,0.027,11.863,0.023,11.135,0.219,8.916,,Theia38,7.585775750291836,Kounkel2020,3721.0,1.14148,0.56
368541770,2.018006296916612e+18,291.814239469727,20.9221932894111,2.0547,11.4551,14.686,0.167,12.522,0.103,10.299,0.021,9.902,0.022,9.735,0.018,12.1421,0.000635,12.7522,0.001983,11.3919,0.002328,9.595,0.022,9.605,0.02,9.796,0.095,9.058,,Theia38,7.585775750291836,Kounkel2020,7529.0,2.40991,1.74
368543414,2.0179525926419328e+18,291.845966817051,20.7454975616022,2.039,15.531,20.458,0.167,,,13.413,0.047,12.571,0.045,12.306,0.046,16.7435,0.002247,18.3602,0.017148,15.4674,0.006334,,,,,,,,,Theia38,7.585775750291836,Kounkel2020,3336.0,1.0425,0.36
368545686,2.0179212522326625e+18,291.85474964168,20.4968367155352,2.00545,14.6439,19.056,0.163,16.6415,0.0461,13.052,0.03,12.101,0.039,11.777,0.033,15.6852,0.00091,16.8708,0.005311,14.5625,0.002849,,,,,,,,,Theia38,7.585775750291836,Kounkel2020,3715.0,1.18315,0.553
368945174,2.017909402448558e+18,291.89173576673,20.486277953096,1.87313,16.0808,,,,,13.946,0.028,13.208,0.03,12.843,0.033,17.7048,0.001117,19.8394,0.057409,16.2861,0.003975,12.441,0.028,12.341,0.029,12.455,,8.965,,Theia38,7.585775750291836,Kounkel2020,3573.0,1.51706,
368432300,2.0188843900612813e+18,291.783769632426,21.5469931023946,2.01562,9.80033,10.489,0.076,10.153,0.005,9.326,0.024,9.26,0.022,9.175,0.017,10.0758,0.0003,10.2848,0.000825,9.74087,0.000832,9.156,0.023,9.187,0.02,9.059,0.033,8.263,0.236,Theia38,7.585775750291836,Kounkel2020,7544.0,2.91247,1.746
368540135,2.0180263630056e+18,291.783362193294,21.1060103670894,2.04579,16.0058,,,,,13.647,0.082,12.801,0.022,12.416,0.095,17.2865,0.001058,19.0769,0.029363,15.9217,0.002604,,,,,,,,,Theia38,7.585775750291836,Kounkel2020,3189.0,,
368540512,2.0180202126116104e+18,291.76286941767,21.0664967047627,2.01302,14.7741,20.465,0.168,,,12.709,0.024,11.828,0.023,11.554,0.023,16.0071,0.004906,17.6038,0.016026,14.7148,0.009402,11.321,0.024,11.246,0.023,10.965,0.139,8.864,,Theia38,7.585775750291836,Kounkel2020,3399.0,1.51202,
368540588,2.0180202126116088e+18,291.762119573424,21.0562108529718,2.16591,15.0997,19.867,0.162,17.6067,0.0562,12.989,0.022,12.213,0.02,11.974,0.02,16.2839,0.005737,17.7603,0.030179,15.0349,0.014928,11.788,0.027,11.431,0.025,9.228,0.039,7.217,0.102,Theia38,7.585775750291836,Kounkel2020,3502.0,1.1013,0.46
368544197,2.017927991067873e+18,291.804717476418,20.6618503855859,1.9904,14.8071,19.373,0.162,16.9549,0.049,12.797,0.022,11.87,0.02,11.461,0.02,15.8996,0.003397,17.1138,0.017887,14.6858,0.008696,10.656,0.035,10.15,0.026,7.854,0.029,5.933,0.049,Theia38,7.585775750291836,Kounkel2020,3686.0,1.18682,0.54
368947235,2.0179517336484344e+18,291.893105927665,20.7182781084764,1.88974,15.5919,20.069,0.163,,,13.245,0.03,12.356,0.033,12.072,0.033,16.8596,0.001563,18.3363,0.020098,15.5096,0.011583,,,,,,,,,Theia38,7.585775750291836,Kounkel2020,3604.0,,
368540051,2.0180148868518444e+18,291.868878867608,21.1154314150322,2.01686,13.0818,16.787,0.164,14.877,0.114,11.607,0.022,10.785,0.023,10.386,0.02,14.034,0.001606,14.9378,0.006322,13.0805,0.004615,9.831,0.022,9.475,0.019,7.144,0.019,6.834,0.149,Theia38,7.585775750291836,Kounkel2020,6239.0,1.72042,1.21
368540302,2.0180261912068787e+18,291.814261923141,21.089833369444,2.00773,13.2451,17.336,0.163,14.733,0.137,11.638,0.024,10.988,0.022,10.834,0.021,14.1476,0.002974,15.0785,0.010642,13.1865,0.008019,10.673,0.053,10.677,0.026,10.203,0.073,8.168,0.273,Theia38,7.585775750291836,Kounkel2020,4003.0,1.91637,
368542955,2.017953417275655e+18,291.873981161904,20.7940269045991,2.10144,16.1547,,,,,13.849,0.03,13.139,0.031,12.865,0.034,17.7372,0.001502,20.0306,0.048091,16.2936,0.005146,12.247,0.029,12.127,0.027,12.561,,9.136,,Theia38,7.585775750291836,Kounkel2020,3206.0,,
368543643,2.017952420843345e+18,291.846702406432,20.7229404630653,1.93538,15.5726,20.273,0.162,17.9513,0.0469,13.693,0.026,12.851,0.028,12.596,0.024,16.7367,0.001246,18.1532,0.010244,15.544,0.003874,12.482,0.035,12.496,0.04,11.426,0.255,8.016,,Theia38,7.585775750291836,Kounkel2020,3623.0,0.950825,0.52
368544264,2.017927819269162e+18,291.872456230774,20.6555260765722,1.98544,16.2206,20.572,0.162,,,13.904,0.028,12.973,0.026,12.647,0.029,17.5217,0.00659,19.2008,0.03769,16.1602,0.019703,12.228,0.027,11.854,0.028,10.099,0.076,7.851,0.175,Theia38,7.585775750291836,Kounkel2020,3375.0,0.877225,0.38
1852287638,2.0188811302250097e+18,291.812079884371,21.5016397644775,1.89358,16.2075,,,,,,,,,,,17.669,0.001508,19.487,0.026121,16.3089,0.006993,,,,,,,,,Theia38,7.585775750291836,Kounkel2020,3657.0,1.11505,0.53
368544132,2.017928059787353e+18,291.837250447527,20.6700186887763,2.08761,9.332,8.55,0.029,8.12,0.03,7.64,0.112,7.448,0.063,7.444,0.044,9.79647,0.00048,10.1507,0.002576,9.26216,0.002213,,,,,,,,,Theia38,7.585775750291836,Kounkel2020,6141.0,4.66224,1.16
368545045,2.0179239366186555e+18,291.869923157376,20.5696387763339,1.92545,16.1771,,,,,13.99,0.021,13.007,0.022,12.672,0.021,17.4898,0.001357,19.2679,0.030497,16.16,0.003643,12.547,0.027,12.526,0.024,11.703,0.262,9.144,,Theia38,7.585775750291836,Kounkel2020,3314.0,0.954957,0.35
368546724,2.017907650101745e+18,291.852441651949,20.3762685559939,1.98264,13.3762,16.483,0.167,14.667,0.114,12.118,0.022,11.508,0.023,11.364,0.02,14.1983,0.000913,14.9498,0.003563,13.3521,0.002544,11.221,0.024,11.294,0.023,11.384,0.191,8.667,,Theia38,7.585775750291836,Kounkel2020,6054.0,1.27852,1.13
368547602,2.017900743793728e+18,291.806113656847,20.2795922275383,1.95856,16.3792,,,,,14.5,0.038,13.789,0.049,13.522,0.045,17.8367,0.001324,19.6319,0.035438,16.4847,0.0045,,,,,,,,,Theia38,7.585775750291836,Kounkel2020,3114.0,0.611682,0.597516
368949635,2.018009900365105e+18,291.898671906496,20.9754385358803,2.42404,16.7972,,,,,14.898,0.036,14.17,0.041,13.967,0.058,18.3347,0.001391,20.308,0.083892,16.9212,0.00651,13.502,0.029,13.436,0.04,11.605,,8.489,,Theia38,7.585775750291836,Kounkel2020,3009.0,0.459968,0.457139
368830274,2.0179079593393567e+18,291.931243968306,20.4067340772382,1.95722,15.099,19.35,0.163,16.994,1.133,13.446,0.026,12.63,0.026,12.477,0.026,16.3239,0.003627,17.6269,0.017533,15.1777,0.009295,11.746,0.023,11.803,0.026,12.303,,8.878,,Theia38,7.585775750291836,Kounkel2020,4492.0,1.2294,0.705
368948898,2.018002517329875e+18,291.933694383736,20.8970439980872,1.79429,14.0076,18.572,0.162,16.388,0.435,11.892,0.022,11.028,0.021,10.764,0.018,15.2415,0.002834,16.6407,0.014138,13.9899,0.008313,10.537,0.024,10.377,0.021,9.694,0.055,8.53,,Theia38,7.585775750291836,Kounkel2020,3791.0,2.34038,
368420403,2.019596431262678e+18,291.867369983204,22.9477991241735,1.60847,14.665,17.555,0.169,15.873,0.046,13.383,0.032,12.835,0.033,12.634,0.029,15.5814,0.000465,16.4427,0.003784,14.6539,0.002221,12.432,0.024,12.591,0.03,12.386,,8.757,,Theia38,7.585775750291836,Kounkel2020,5389.0,1.04965,0.935
368421580,2.019585058188572e+18,291.806924094506,22.8020624393918,1.81618,15.6997,20.06,0.163,17.9934,0.0471,13.99,0.029,13.345,0.036,13.068,0.038,16.8229,0.001144,18.2201,0.011528,15.6598,0.00318,12.914,0.024,12.871,0.024,12.841,,9.164,,Theia38,7.585775750291836,Kounkel2020,3571.0,0.903834,0.5
368423820,2.0190133078061647e+18,291.801870070252,22.4879689475408,1.73067,16.7331,,,19.0937,0.0556,13.882,,14.098,0.046,12.798,,17.9697,0.001268,19.2621,0.034765,16.7544,0.008554,,,,,,,,,Theia38,7.585775750291836,Kounkel2020,4234.0,0.698218,0.66
368543409,2.0179527601186284e+18,291.820213815471,20.7460108738201,1.90174,16.7091,,,,,14.595,0.033,13.812,0.032,13.62,0.043,18.2393,0.001429,20.138,0.059894,16.8271,0.006074,13.298,0.039,13.091,0.037,12.786,0.539,9.046,,Theia38,7.585775750291836,Kounkel2020,3041.0,0.607739,0.594357
368949652,2.018009904689721e+18,291.895778972384,20.9779612535767,2.07085,17.0336,,,,,15.058,0.05,14.321,0.053,14.17,0.072,18.5416,0.001673,20.558,0.07384,17.1584,0.009221,,,,,,,,,Theia38,7.585775750291836,Kounkel2020,3004.0,0.482913,0.480916
368952338,2.0181233261865224e+18,291.975371117752,21.295353945915,2.02638,13.9866,18.017,0.164,15.724,0.641,12.539,0.023,11.72,0.021,11.549,0.02,15.0929,0.001022,16.2047,0.004475,14.0391,0.002725,11.377,0.024,11.433,0.025,11.004,0.145,9.092,0.492,Theia38,7.585775750291836,Kounkel2020,5394.0,1.49995,0.94
368538456,2.0180333036727844e+18,291.843684713993,21.2887500967795,1.97477,15.4091,20.736,0.164,18.087,0.0481,13.435,0.026,12.405,0.027,12.131,0.028,16.7548,0.001205,18.2727,0.014394,15.5374,0.004987,11.826,0.026,11.89,0.027,11.202,0.191,8.469,0.323,Theia38,7.585775750291836,Kounkel2020,4157.0,1.33648,0.65
368544008,2.0179513513640207e+18,291.867550863509,20.6837216824968,2.1207,16.2231,,,,,13.725,0.024,12.917,0.025,12.598,0.024,17.8645,0.001524,20.2944,0.078229,16.3576,0.004159,12.388,0.031,12.151,0.03,11.775,0.204,9.03,0.532,Theia38,7.585775750291836,Kounkel2020,3129.0,,
368952723,2.018127414995444e+18,291.890074407102,21.3442820479352,1.67353,16.48,,,,,14.232,0.037,13.422,0.038,13.11,0.039,17.8358,0.001557,19.8584,0.046358,16.4825,0.004175,12.779,0.032,12.73,0.038,12.458,,8.92,,Theia38,7.585775750291836,Kounkel2020,3124.0,,
368828545,2.0179031489759304e+18,291.996382114817,20.3217727040093,1.99619,16.397,20.762,0.164,,,14.639,0.036,13.823,0.038,13.616,0.048,17.7857,0.001352,19.4365,0.035109,16.4871,0.006164,,,,,,,,,Theia38,7.585775750291836,Kounkel2020,3207.0,0.586643,0.577052
368945939,2.0179233525030976e+18,291.922019024424,20.5716362223049,1.93139,16.4158,,,,,14.059,0.027,13.198,0.031,12.863,0.034,17.8278,0.001375,19.9845,0.044197,16.4019,0.004972,,,,,,,,,Theia38,7.585775750291836,Kounkel2020,3055.0,,
368946212,2.0179236961005007e+18,291.935877335655,20.6013437721288,1.93429,15.6349,20.975,0.167,,,13.268,0.026,12.475,0.025,12.117,0.025,17.0232,0.001664,19.1245,0.030712,15.6281,0.005362,11.729,0.024,11.551,0.025,9.774,0.059,6.943,0.086,Theia38,7.585775750291836,Kounkel2020,3082.0,,
368433107,2.0188800263776988e+18,291.856610623922,21.4594509496315,2.09389,16.8583,,,,,14.841,0.042,14.291,0.048,13.911,0.061,18.4146,0.001965,20.4426,0.080463,16.9875,0.007544,13.689,0.059,13.57,0.049,12.52,,9.164,,Theia38,7.585775750291836,Kounkel2020,2982.0,0.520341,0.517795
368538897,2.0180299707781228e+18,291.869153306464,21.2373700761182,2.12756,15.6422,20.17,0.163,,,13.391,0.033,12.412,0.033,12.171,0.031,16.9669,0.002781,18.4367,0.01812,15.6405,0.008222,,,,,,,,,Theia38,7.585775750291836,Kounkel2020,3876.0,1.05596,0.6
368544226,2.017927991038917e+18,291.809808532951,20.659418467723,,15.2345,19.167,0.165,17.4641,0.0554,12.914,0.04,11.92,0.038,11.375,0.029,16.3201,0.006388,17.5257,0.03124,14.9952,0.014645,,,,,,,,,Theia38,7.585775750291836,Kounkel2020,,,
368950677,2.0180147150531336e+18,291.898606827088,21.1012484835522,1.73354,14.5134,18.438,0.163,16.58,1.133,12.713,0.023,11.909,0.023,11.714,0.021,15.7133,0.005906,17.0184,0.028192,14.5684,0.014931,11.513,0.024,11.447,0.021,10.441,0.105,7.863,0.192,Theia38,7.585775750291836,Kounkel2020,4132.0,1.87321,
368947210,2.017948916149852e+18,291.952060463942,20.7156221921592,2.03123,16.159,,,,,14.182,0.027,13.348,0.023,13.036,0.031,17.6208,0.001432,19.4787,0.034742,16.2694,0.004403,,,,,,,,,Theia38,7.585775750291836,Kounkel2020,3086.0,0.689265,0.655835
368950345,2.018012103712958e+18,291.976374838743,21.060691425231,2.12293,15.5954,,,17.743,0.0494,13.71,0.027,12.781,0.022,12.535,0.025,16.6955,0.000894,17.9408,0.021619,15.522,0.002653,,,,,,,,,Theia38,7.585775750291836,Kounkel2020,3725.0,0.787474,0.557
368952865,2.0181278272889984e+18,291.920834433891,21.3615500401118,2.28759,15.6928,21.124,0.171,,,13.196,0.028,12.499,0.031,12.101,0.027,17.112,0.001013,19.5385,0.030328,15.6509,0.002877,11.932,0.034,11.706,0.034,10.484,0.113,7.67,0.223,Theia38,7.585775750291836,Kounkel2020,,,
368544543,2.0179273038730665e+18,291.813010596994,20.6257379997108,2.29259,16.3825,,,,,13.979,0.034,13.147,0.033,12.825,,17.694,0.001487,19.6625,0.040622,16.2987,0.00559,12.349,0.03,12.218,0.031,11.968,,9.224,,Theia38,7.585775750291836,Kounkel2020,3068.0,,
368829504,2.017904626444712e+18,291.957657390278,20.3684578209681,1.87396,15.2105,19.971,0.162,17.7153,0.0472,13.581,0.023,12.804,0.023,12.555,0.027,16.5137,0.000806,17.9216,0.012187,15.3267,0.001669,12.444,0.025,12.529,0.029,11.024,0.217,8.58,0.383,Theia38,7.585775750291836,Kounkel2020,4582.0,1.35243,0.724
368945414,2.0179108111978355e+18,291.939766629272,20.5096669439054,1.88198,14.9431,19.87,0.163,17.043,0.286,13.108,0.031,12.254,0.031,11.945,0.03,16.2039,0.001659,17.6244,0.010603,14.987,0.004363,11.297,0.025,11.303,0.025,10.814,0.118,8.364,,Theia38,7.585775750291836,Kounkel2020,3948.0,1.50943,
368951464,2.018017120234804e+18,291.978181911716,21.1918846709827,2.31748,15.2188,20.521,0.164,,,13.092,0.024,12.237,0.022,11.927,0.024,16.69,0.000942,18.7862,0.027768,15.3272,0.002356,10.816,0.017,10.73,0.021,9.148,0.039,7.483,0.127,Theia38,7.585775750291836,Kounkel2020,3269.0,,
368963461,2.019390856941617e+18,291.910608255363,22.5897896445932,1.90742,11.343,14.073,0.063,12.081,0.046,10.43,0.021,10.073,0.017,9.944,0.02,11.913,0.001163,12.407,0.003651,11.2678,0.002958,9.823,0.023,9.837,0.02,9.867,0.057,8.89,,Theia38,7.585775750291836,Kounkel2020,7868.0,2.31902,1.88
369059979,2.019593888642052e+18,291.967084002763,22.972706971848,1.39879,16.1739,19.802,0.167,18.0042,0.0471,14.483,0.037,13.737,0.04,13.437,0.049,17.2159,0.001092,18.1973,0.012192,16.1076,0.007697,13.209,0.033,13.322,0.044,12.6,,8.865,,Theia38,7.585775750291836,Kounkel2020,4466.0,,
368422891,2.0190187366372603e+18,291.816047373707,22.6031122665955,2.09751,16.229,,,,,14.376,0.034,13.672,0.04,13.423,0.04,17.6753,0.001245,19.6634,0.026754,16.3477,0.003811,13.001,0.027,12.963,0.034,12.222,0.477,9.073,,Theia38,7.585775750291836,Kounkel2020,3039.0,0.602378,0.590024
368431269,2.018887722957296e+18,291.810649497993,21.6625814134755,2.02866,14.1681,18.225,0.163,15.717,0.217,12.661,0.023,11.907,0.022,11.739,0.02,15.1004,0.001302,16.0756,0.005761,14.118,0.00319,11.543,0.025,11.59,0.026,11.347,0.248,9.081,0.448,Theia38,7.585775750291836,Kounkel2020,3991.0,1.28622,0.62
368434077,2.0181283083486587e+18,291.845241652185,21.3472462716918,2.02251,15.0311,19.571,0.162,21.099,1.133,12.855,0.024,12.051,0.023,11.743,0.02,16.2059,0.003883,17.7718,0.017807,14.9502,0.009482,11.629,0.025,11.537,0.026,11.391,0.283,8.37,,Theia38,7.585775750291836,Kounkel2020,3331.0,1.25373,
368539314,2.0180293823376527e+18,291.850069695677,21.1943888011686,1.95388,16.2649,20.672,0.162,,,14.216,0.028,13.431,0.028,13.125,0.032,17.7048,0.001433,19.555,0.047054,16.3732,0.005677,,,,,,,,,Theia38,7.585775750291836,Kounkel2020,3098.0,0.688563,0.655332
368540449,2.01801419533292e+18,291.864751197349,21.0730885437227,1.9718,16.6009,21.271,0.164,,,14.517,0.034,13.582,0.027,13.271,0.032,18.0994,0.001745,19.9218,0.057386,16.7112,0.005208,13.128,0.029,13.011,0.035,12.351,,8.794,,Theia38,7.585775750291836,Kounkel2020,3085.0,0.657901,0.633015
368422484,2.019019977927464e+18,291.80100182687,22.6602565062109,1.79385,15.4758,20.327,0.164,18.0093,0.0844,12.945,0.025,11.83,0.026,11.308,0.021,16.6678,0.015355,18.1759,0.057866,15.4309,0.043245,10.587,0.023,10.128,0.02,8.685,0.026,6.819,0.088,Theia38,7.585775750291836,Kounkel2020,3496.0,1.12998,0.46
368432874,2.0188809584263137e+18,291.810950649663,21.4852892564942,2.57945,12.9209,14.81,0.067,13.655,0.092,12.139,0.024,11.779,0.023,11.673,0.02,13.4649,0.000253,13.9153,0.001042,12.863,0.001016,11.58,0.027,11.669,0.026,11.021,0.139,8.536,,Theia38,7.585775750291836,Kounkel2020,5271.0,0.870803,0.9
368433937,2.01812768987336e+18,291.874053254817,21.361971006879,2.02514,15.1692,19.97,0.161,17.5174,0.0466,13.21,0.021,12.339,0.022,12.076,0.02,16.2905,0.001139,17.7266,0.008576,15.104,0.00285,12.024,0.025,11.982,0.025,11.642,0.288,8.508,,Theia38,7.585775750291836,Kounkel2020,3468.0,1.04777,0.441
368541602,2.018006434355566e+18,291.823874318102,20.940461512685,2.02437,14.9938,20.065,0.162,17.413,0.0496,13.148,0.021,12.231,0.022,11.83,0.017,16.2591,0.003218,17.6238,0.018648,15.0822,0.009389,11.03,0.024,10.512,0.023,7.995,0.025,5.778,0.043,Theia38,7.585775750291836,Kounkel2020,4400.0,1.33344,0.688
368951156,2.0180282828260503e+18,291.891720411785,21.159077289473,2.03003,15.612,20.072,0.162,,,13.597,0.027,12.72,0.027,12.467,0.027,16.824,0.002066,18.3866,0.017478,15.5641,0.006499,12.153,0.024,12.157,0.023,12.305,,8.759,,Theia38,7.585775750291836,Kounkel2020,3437.0,0.979381,0.423
369058926,2.0195918914331407e+18,291.98982588382,22.8580843397068,,13.7831,17.511,0.164,15.464,0.103,12.097,0.021,11.307,0.019,11.091,0.02,14.7688,0.001913,15.9034,0.009517,13.7057,0.005574,10.963,0.023,10.938,0.021,10.71,0.099,8.178,,Theia38,7.585775750291836,Kounkel2020,,,
368949266,2.018008770818292e+18,291.960105743713,20.9339657610579,1.87656,14.3177,17.988,0.163,15.944,0.206,12.795,,12.125,,12.006,0.025,15.2681,0.001079,16.2334,0.004951,14.2838,0.002804,11.871,0.057,11.865,0.058,10.602,0.234,9.061,,Theia38,7.585775750291836,Kounkel2020,4165.0,1.31078,0.652
368951629,2.018028901292522e+18,291.931628288974,21.2103786560638,1.87609,16.711,,,,,14.434,0.031,13.398,0.028,13.076,0.03,18.2134,0.001572,20.5062,0.073432,16.809,0.006631,,,,,,,,,Theia38,7.585775750291836,Kounkel2020,3100.0,,
368951954,2.018122879509916e+18,291.961687055572,21.2477851244074,1.91601,15.2394,18.176,0.165,17.7246,0.1174,13.094,0.022,11.943,0.021,11.243,0.018,16.4337,0.025022,17.8756,0.088561,15.1839,0.068554,10.198,0.025,9.534,0.021,7.387,0.018,5.642,0.046,Theia38,7.585775750291836,Kounkel2020,3587.0,1.17002,0.5
368826980,2.0177090851947407e+18,291.992448978299,20.2396993461516,1.95508,15.4435,20.946,0.164,17.7977,0.0473,13.746,0.03,12.975,0.026,12.753,0.025,16.6139,0.001738,17.9992,0.011456,15.4241,0.005217,12.615,0.024,12.609,0.022,11.751,,8.932,,Theia38,7.585775750291836,Kounkel2020,3698.0,1.01038,0.55
368947942,2.017954619866456e+18,291.942038414478,20.7969565260488,2.10702,15.8985,21.049,0.164,,,13.886,0.029,13.009,0.027,12.746,0.032,17.2806,0.001872,18.9452,0.030644,15.9844,0.004882,12.543,0.032,12.578,0.032,11.284,0.191,8.687,0.438,Theia38,7.585775750291836,Kounkel2020,3758.0,1.03687,0.57
368964362,2.019396457579072e+18,291.968836293851,22.718264826298,1.17625,15.0083,19.252,0.162,17.3247,0.0462,13.326,0.022,12.661,0.019,12.381,0.022,16.2547,0.000621,17.5571,0.006167,15.1118,0.001843,12.278,0.025,12.254,0.026,11.975,,8.394,,Theia38,7.585775750291836,Kounkel2020,5317.0,1.97535,0.92
368960150,2.0189468217037824e+18,292.005205493933,22.2053082223593,1.98081,15.7614,,,,,13.977,0.029,13.301,0.027,13.086,0.03,17.0884,0.001005,18.5973,0.017464,15.8371,0.003506,12.821,0.031,12.808,0.035,12.146,0.33,9.254,,Theia38,7.585775750291836,Kounkel2020,3298.0,0.688872,0.655553
369167244,2.0180127178646497e+18,292.062821019266,21.106842544326,1.91502,16.3206,,,,,14.288,0.032,13.497,0.029,13.206,0.038,17.8167,0.001339,19.8207,0.03721,16.444,0.00395,12.9,0.033,12.861,0.035,12.299,,9.131,,Theia38,7.585775750291836,Kounkel2020,3014.0,0.680788,0.649742
369172272,2.0179341758212408e+18,292.052880577625,20.560540327186,1.92906,13.0898,16.277,0.165,15.162,0.286,11.19,0.024,10.247,0.026,9.755,0.027,14.218,0.002897,15.3514,0.011461,13.145,0.007843,8.868,0.023,8.259,0.02,6.421,0.015,4.749,0.031,Theia38,7.585775750291836,Kounkel2020,5579.0,2.41296,0.98
368947185,2.0179518367276293e+18,291.924146508659,20.7125754306453,1.95771,15.2855,20.165,0.163,,,13.255,0.029,12.338,0.027,12.046,0.027,16.4824,0.00135,18.0556,0.010492,15.2364,0.003876,11.955,0.033,11.903,0.036,11.338,0.188,8.525,,Theia38,7.585775750291836,Kounkel2020,3396.0,1.16775,0.4
368948491,2.0179551009028247e+18,291.927024821018,20.8555326730946,1.93276,13.731,18.063,0.162,15.743,0.103,11.916,0.022,11.099,0.019,10.866,0.02,14.8898,0.002247,16.0873,0.009646,13.775,0.008121,10.708,0.024,10.627,0.022,10.216,0.069,9.098,,Theia38,7.585775750291836,Kounkel2020,4544.0,2.11228,
368948927,2.0180025860647688e+18,291.963279701974,20.8998975244499,2.00563,14.3106,18.234,0.163,15.821,0.057,12.559,0.023,11.757,0.022,11.552,0.02,15.3102,0.001641,16.4276,0.007961,14.2505,0.003856,,,,,,,,,Theia38,7.585775750291836,Kounkel2020,3810.0,1.30007,0.582
368949258,2.0180085646598515e+18,291.969634120111,20.9330480686019,1.8533,15.5855,18.458,0.166,18.0566,0.1057,13.528,0.025,12.436,0.022,11.783,0.021,16.7946,0.022634,18.224,0.072293,15.5633,0.068638,10.259,0.022,9.78,0.019,8.654,0.043,6.837,0.078,Theia38,7.585775750291836,Kounkel2020,3683.0,1.05402,0.542
369170924,2.0179494615838776e+18,292.04278105349,20.7109955805513,2.05843,16.2814,21.257,0.163,,,14.191,0.026,13.406,0.03,12.956,0.031,17.7744,0.001712,19.8262,0.05111,16.4081,0.005401,,,,,,,,,Theia38,7.585775750291836,Kounkel2020,2997.0,0.700145,0.663592
369172259,2.0179341758212424e+18,292.043082952801,20.5619379016812,1.88302,14.5469,18.961,0.162,16.711,0.538,12.873,0.024,12.018,0.022,11.785,0.023,15.7434,0.001532,16.9812,0.007739,14.6317,0.004004,,,,,,,,,Theia38,7.585775750291836,Kounkel2020,5192.0,1.44846,0.88
369168865,2.01796255696653e+18,292.125260154295,20.9397198670055,1.01791,16.2908,20.457,0.165,18.4168,0.0483,14.431,0.036,13.682,0.042,13.366,0.05,17.4635,0.001018,18.616,0.018422,16.3114,0.004251,12.783,0.027,12.999,0.033,12.679,,9.174,,Theia38,7.585775750291836,Kounkel2020,5112.0,,
368541516,2.0180039260946245e+18,291.879489984106,20.9504699278204,2.13806,14.2508,18.109,0.164,16.059,0.423,12.717,0.022,12.014,0.022,11.763,0.02,15.3319,0.001929,16.411,0.007635,14.2921,0.005115,11.775,0.023,11.803,0.024,12.005,,8.907,,Theia38,7.585775750291836,Kounkel2020,5243.0,1.23334,0.896
368543476,2.0179527300809964e+18,291.810546160845,20.7395247402878,2.04078,15.7548,19.971,0.168,,,13.55,0.052,12.712,0.048,12.324,0.045,17.003,0.002214,18.6457,0.025649,15.6854,0.005064,11.844,0.038,11.319,0.032,8.454,0.032,6.325,0.093,Theia38,7.585775750291836,Kounkel2020,3340.0,0.988944,0.36
368543997,2.017928158545253e+18,291.83784972753,20.6853343409194,,16.8373,,,19.2507,0.0802,14.547,0.063,13.539,0.054,12.84,0.038,18.3196,0.017187,19.1516,0.060278,16.8747,0.052233,,,,,,,,,Theia38,7.585775750291836,Kounkel2020,3564.0,0.61792,0.602469
368544138,2.0179279567081395e+18,291.827495199492,20.6696452990588,1.87693,12.6769,17.365,0.162,14.413,0.103,11.175,0.022,10.383,0.022,10.132,0.017,13.6303,0.001763,14.5905,0.006185,12.6431,0.00527,9.962,0.024,9.948,0.021,9.827,0.092,8.367,,Theia38,7.585775750291836,Kounkel2020,4221.0,2.75912,
368948529,2.018002070668708e+18,291.890854233091,20.8599663407976,1.87463,15.1634,19.573,0.162,17.7258,0.0496,13.018,0.023,12.031,0.021,11.64,0.018,16.4842,0.002181,17.9064,0.019601,15.2678,0.00598,10.63,0.032,9.894,0.021,7.576,0.016,5.947,0.043,Theia38,7.585775750291836,Kounkel2020,4501.0,1.42866,0.707
1851490679,2.0179517336484344e+18,291.893105927665,20.7182781084764,1.88974,15.5919,,,,,,,,,,,16.8596,0.001563,18.3363,0.020098,15.5096,0.011583,,,,,,,,,Theia38,7.585775750291836,Kounkel2020,3604.0,,
1851585033,2.0180270158245363e+18,291.833872668138,21.1539433569907,2.28551,16.9787,,,,,,,,,,,18.2883,0.001959,20.1296,0.191199,16.673,0.027412,,,,,,,,,Theia38,7.585775750291836,Kounkel2020,,,
368956401,2.018896111071828e+18,291.904054223623,21.7828141650317,1.83453,15.8714,20.673,0.163,,,14.1,0.031,13.304,0.027,13.047,0.032,17.1088,0.001893,18.6809,0.021533,15.8606,0.005313,12.711,0.034,12.735,0.024,12.467,,9.082,,Theia38,7.585775750291836,Kounkel2020,3519.0,0.981025,0.47
369154903,2.0193779376790413e+18,292.076373017942,22.5233517098636,2.06237,15.7775,20.058,0.163,18.4314,0.0496,14.029,0.027,13.389,0.03,13.153,0.032,17.1157,0.001433,18.5678,0.019021,15.8499,0.005402,,,,,,,,,Theia38,7.585775750291836,Kounkel2020,3319.0,0.658787,0.633672
369165870,2.018111403356168e+18,292.078485988129,21.2537875980705,1.64096,16.5583,21.066,0.165,18.8006,0.0493,14.844,0.041,14.112,0.047,13.983,0.064,17.7633,0.001307,19.0126,0.020697,16.6059,0.005433,,,,,,,,,Theia38,7.585775750291836,Kounkel2020,3484.0,0.599223,0.587454
369171545,2.017947473040785e+18,292.035826392188,20.6410543114939,2.06912,15.4082,20.983,0.165,,,13.318,,12.601,0.027,12.272,0.031,17.0093,0.000828,19.0629,0.034998,15.6332,0.004478,12.101,0.028,11.953,0.026,12.422,,8.733,,Theia38,7.585775750291836,Kounkel2020,3698.0,1.80744,
369173607,2.0179064131510927e+18,292.022763917794,20.4209055761871,2.00717,13.5004,17.405,0.164,15.347,0.16,12.056,0.022,11.315,0.019,11.092,0.018,14.5297,0.003784,15.5365,0.015037,13.5278,0.009212,10.959,0.023,10.972,0.022,10.235,0.079,8.565,0.338,Theia38,7.585775750291836,Kounkel2020,5906.0,1.62183,1.07
368950525,2.018013856059648e+18,291.936390309344,21.0815788523889,2.09704,14.4031,17.658,0.165,16.098,0.16,12.732,0.023,11.997,0.019,11.737,0.02,15.3774,0.001987,16.4386,0.009087,14.3455,0.005825,11.698,0.025,11.704,0.024,11.59,0.369,8.964,,Theia38,7.585775750291836,Kounkel2020,3895.0,,
369060180,2.01959691229906e+18,291.935781236113,22.994575725681,2.4298,12.1323,13.984,0.067,12.732,0.046,11.463,0.022,11.116,0.021,11.084,0.02,12.6073,0.000219,12.9848,0.0009869999,12.076,0.000727,10.967,0.023,11.04,0.023,11.162,0.156,8.754,,Theia38,7.585775750291836,Kounkel2020,5787.0,1.14759,1.038
369167940,2.018011760115527e+18,292.022372187353,21.0318974367769,2.0933,15.3449,18.511,0.164,17.187,1.133,13.095,0.022,12.125,0.021,11.567,0.022,16.4756,0.016965,17.7881,0.076556,15.2803,0.049288,10.952,0.024,10.47,0.022,8.694,0.026,6.708,0.078,Theia38,7.585775750291836,Kounkel2020,3679.0,0.931783,0.54
369169755,2.0179544781065185e+18,292.036422631529,20.8422049102725,1.84698,15.3734,20.649,0.163,,,13.474,0.026,12.656,0.028,12.332,0.028,16.9134,0.001799,18.7593,0.017492,15.5879,0.005783,,,,,,,,,Theia38,7.585775750291836,Kounkel2020,3980.0,1.92668,
368948831,2.0180025130206856e+18,291.923587245302,20.8904390185585,3.14182,17.051,,,19.4244,0.0552,15.247,0.051,14.679,0.064,14.471,,18.1837,0.001449,19.6075,0.032802,16.9698,0.006197,14.042,0.054,14.259,0.115,11.607,,8.6,,Theia38,7.585775750291836,Kounkel2020,3480.0,,
368949003,2.017961560534193e+18,291.999844891255,20.9073931854595,2.033,14.9089,19.771,0.162,,,13.023,0.023,12.109,0.022,11.882,0.018,16.2667,0.00243,17.8434,0.012812,15.0202,0.008151,11.708,0.03,11.681,0.031,12.235,,9.091,,Theia38,7.585775750291836,Kounkel2020,3960.0,1.64277,
369164181,2.0181271401176087e+18,292.049646085311,21.4415844387014,1.97503,12.7865,15.901,0.166,14.037,0.114,11.408,0.021,10.793,0.016,10.64,0.021,13.6274,0.001425,14.408,0.005003,12.7594,0.003721,10.695,0.028,10.708,0.027,11.076,0.203,8.576,,Theia38,7.585775750291836,Kounkel2020,5044.0,1.89569,
369686950,2.0181334623098703e+18,292.153927572587,21.5042263983217,2.57494,16.0906,19.613,0.167,,,14.182,0.041,13.493,0.038,12.993,,17.5353,0.001246,19.3464,0.035008,16.1874,0.003397,12.955,0.043,12.855,0.045,11.686,,8.731,,Theia38,7.585775750291836,Kounkel2020,3634.0,0.847759,0.52
1851669088,2.0181119187295624e+18,292.144806529849,21.257351377417,2.01758,15.5244,,,,,,,,,,,16.9093,0.002388,18.4961,0.058047,15.4736,0.070693,,,,,,,,,Theia38,7.585775750291836,Kounkel2020,3663.0,1.2824,0.53
369572461,2.01794606429116e+18,292.257554802034,20.8056429139472,1.94649,14.8499,18.595,0.165,16.623,0.172,13.338,0.029,12.517,0.03,12.329,0.026,15.8677,0.001275,17.0126,0.008682,14.8036,0.003818,12.343,0.047,12.376,0.051,12.154,,8.454,,Theia38,7.585775750291836,Kounkel2020,3820.0,1.07212,0.58
369169538,2.0179602548640407e+18,292.096546386569,20.8651097084452,2.02436,12.0839,15.294,0.167,13.375,0.08,10.855,0.021,10.277,0.021,10.074,0.019,12.8642,0.001048,13.6049,0.002863,12.024,0.001909,9.93,0.023,9.965,0.021,9.981,0.059,8.472,,Theia38,7.585775750291836,Kounkel2020,4385.0,2.5398,
369570856,2.017936134326204e+18,292.171962846724,20.6403750431753,1.94912,16.5908,,,,,14.458,0.04,13.637,0.041,13.375,0.036,18.1327,0.001606,20.0843,0.067857,16.7136,0.005434,,,,,,,,,Theia38,7.585775750291836,Kounkel2020,3016.0,0.64335,0.622118
369697870,2.0193803385286264e+18,292.1720867702,22.6379248159329,2.32392,16.2558,20.323,0.166,18.5415,0.0478,14.78,0.038,14.035,0.031,13.804,0.05,17.4757,0.001107,18.7466,0.015413,16.3063,0.003079,,,,,,,,,Theia38,7.585775750291836,Kounkel2020,3465.0,0.498221,0.496295
369928876,2.0179394972542185e+18,292.268450490738,20.6612584645528,1.11435,15.894,20.044,0.166,18.1123,0.0472,14.239,0.039,13.542,0.041,13.296,0.047,17.1039,0.000851,18.353,0.01311,15.981,0.002868,12.903,0.035,13.118,0.047,12.482,,8.873,,Theia38,7.585775750291836,Kounkel2020,5354.0,1.31763,0.93
368947174,2.017951836727624e+18,291.932349994639,20.711868115348,1.89336,13.4197,17.445,0.163,15.368,0.08,11.624,0.022,10.772,0.021,10.545,0.019,14.4755,0.001549,15.6355,0.006376,13.3908,0.004287,10.292,0.024,10.213,0.021,10.449,0.085,9.037,,Theia38,7.585775750291836,Kounkel2020,3919.0,2.23767,
368948786,2.017955577618116e+18,291.985755108551,20.8856170437334,2.18006,16.7547,,,,,14.605,0.03,13.705,0.03,13.449,0.044,18.2597,0.002041,20.1779,0.07304,16.8723,0.007732,,,,,,,,,Theia38,7.585775750291836,Kounkel2020,3044.0,0.585257,0.57589
1851692467,2.018130507371901e+18,291.928909649649,21.4254759492203,2.12981,16.6918,,,,,,,,,,,17.1218,0.001353,,0.0,,0.0,,,,,,,,,Theia38,7.585775750291836,Kounkel2020,,,
1853261297,2.019593888642052e+18,291.967084002763,22.972706971848,1.39879,16.1739,,,18.0042,0.0471,,,,,,,17.2159,0.001092,18.1973,0.012192,16.1076,0.007697,,,,,,,,,Theia38,7.585775750291836,Kounkel2020,4466.0,,
368949816,2.018009492372788e+18,292.007721248807,20.9984396190909,1.98643,15.708,21.128,0.165,,,13.759,0.027,12.847,0.027,12.603,0.028,17.0607,0.000976,18.7119,0.019045,15.7884,0.002754,,,,,,,,,Theia38,7.585775750291836,Kounkel2020,3720.0,1.14799,0.55
369158472,2.018942359283736e+18,292.112100921362,22.1123443195314,2.55327,15.4325,19.509,0.165,17.1765,0.046,14.116,0.032,13.42,0.033,13.25,0.038,16.452,0.000669,17.4496,0.003692,15.4491,0.00219,,,,,,,,,Theia38,7.585775750291836,Kounkel2020,3770.0,0.556406,0.55098
369164811,2.018125696986817e+18,292.128276110836,21.3737447445749,2.28958,16.1624,,,,,14.11,0.028,13.295,0.025,12.948,0.031,17.7598,0.001171,19.3467,0.048573,16.263,0.008572,12.78,0.037,12.72,0.037,11.595,0.279,8.498,,Theia38,7.585775750291836,Kounkel2020,3144.0,0.656753,0.632164
369285886,2.017903664371996e+18,292.027182734367,20.3496531034551,1.93932,15.8349,18.37,0.169,,,14.097,0.034,13.296,0.042,13.094,0.043,17.1818,0.001131,18.6882,0.017939,15.9118,0.003782,,,,,,,,,Theia38,7.585775750291836,Kounkel2020,3291.0,0.696902,0.661286
369911923,2.019323202612576e+18,292.389193940484,22.3843127737448,1.96086,13.7449,16.496,0.064,15.059,0.149,12.708,0.024,12.074,0.025,11.925,0.021,14.531,0.002544,15.24,0.008381,13.7136,0.00631,11.688,0.024,11.763,0.024,12.476,0.481,9.068,,Theia38,7.585775750291836,Kounkel2020,5693.0,1.06308,1.01
369158699,2.0189419813265708e+18,292.124892929919,22.0855497556905,2.00429,15.8623,,,18.4885,0.0491,14.168,0.032,13.495,0.031,13.244,0.037,17.1547,0.000916,18.6731,0.018228,15.9361,0.003102,13.048,0.032,12.966,0.037,11.866,0.266,8.513,,Theia38,7.585775750291836,Kounkel2020,3310.0,0.653105,0.629449
369685318,2.0181136710988664e+18,292.165009354369,21.3399715917129,1.89684,15.8839,20.761,0.161,,,13.77,,13.107,0.031,12.801,0.03,17.1725,0.001557,18.7535,0.014981,15.8901,0.004539,12.413,0.032,12.389,0.034,11.798,0.24,9.003,,Theia38,7.585775750291836,Kounkel2020,3611.0,1.00679,0.513
369808620,2.019326672946329e+18,292.377746601843,22.4521407690922,1.94789,14.6897,18.379,0.165,16.203,0.183,13.274,0.026,12.575,0.034,12.373,0.025,15.7009,0.002307,16.722,0.012389,14.696,0.006255,,,,,,,,,Theia38,7.585775750291836,Kounkel2020,4485.0,1.09639,0.7
370413071,2.0193281460937748e+18,292.476357684957,22.3686129164245,1.96585,14.6356,17.868,0.166,16.3138,0.0483,12.859,0.028,12.167,0.027,11.998,0.024,15.6233,0.001824,16.4761,0.018205,14.5248,0.012437,11.818,0.027,11.832,0.028,12.201,,9.124,,Theia38,7.585775750291836,Kounkel2020,4811.0,1.03515,0.78
369165354,2.018125005487196e+18,292.0652200822,21.313149852577,2.10792,16.3391,20.771,0.165,,,14.373,0.038,13.46,0.035,13.203,0.047,17.7939,0.001324,19.6407,0.034531,16.4482,0.006066,,,,,,,,,Theia38,7.585775750291836,Kounkel2020,3094.0,0.641824,0.620962
369172306,2.017934102774952e+18,292.05850581784,20.5567610515857,2.21049,16.2652,,,,,14.013,0.029,13.223,0.028,12.926,0.03,17.8739,0.001463,20.1506,0.056789,16.4166,0.004734,12.474,0.026,12.053,0.026,10.723,0.106,7.733,0.188,Theia38,7.585775750291836,Kounkel2020,2890.0,0.676729,0.646807
369168202,2.01796420623401e+18,292.123815819059,21.0070600673134,2.04862,15.966,,,,,13.721,0.027,13.025,0.027,12.681,0.031,17.6155,0.00119,19.9775,0.072629,16.1564,0.004711,12.305,0.028,12.192,0.031,12.253,0.441,9.138,,Theia38,7.585775750291836,Kounkel2020,3260.0,,
370633392,2.019332131810353e+18,292.587892299785,22.5580610729581,2.26504,16.5557,20.539,0.161,18.6794,0.0508,14.795,,14.318,0.053,14.103,0.066,17.6812,0.001273,18.9027,0.025841,16.543,0.005327,13.615,0.048,13.654,0.056,12.576,,8.726,,Theia38,7.585775750291836,Kounkel2020,3964.0,0.49807,0.62
368946299,2.0179352710061967e+18,292.006814346998,20.6107033123593,1.85168,15.873,20.671,0.164,,,13.934,0.037,12.842,0.041,12.362,0.038,17.3749,0.011018,19.0551,0.042627,16.0253,0.034367,,,,,,,,,Theia38,7.585775750291836,Kounkel2020,4265.0,1.40438,0.667
369170539,2.017950732894204e+18,292.054863407075,20.7567298409298,2.73397,16.7836,,,,,14.579,0.036,13.752,0.042,13.4,0.043,18.4185,0.002442,20.4202,0.093564,16.9166,0.010603,,,,,,,,,Theia38,7.585775750291836,Kounkel2020,2964.0,0.509473,0.50734
1851475640,2.0179341758212408e+18,292.053550552473,20.5610558674962,1.78188,15.8943,,,18.0719,0.0844,,,,,,,17.0881,0.01739,18.2272,0.065095,15.885,0.053126,,,,,,,,,Theia38,7.585775750291836,Kounkel2020,5261.0,0.816368,0.9
369688436,2.018162702449304e+18,292.221719952644,21.6563431404569,2.2438,15.388,19.01,0.166,,,13.603,0.034,12.802,0.035,12.389,0.04,16.721,0.004191,18.2727,0.019471,15.45,0.012495,,,,,,,,,Theia38,7.585775750291836,Kounkel2020,3850.0,1.14199,0.593
369166624,2.0181071427485087e+18,292.134640128491,21.1703780529757,2.08329,15.9616,19.652,0.163,,,13.717,0.026,12.74,0.022,12.208,0.026,17.1652,0.006105,18.6316,0.076763,15.8617,0.013142,11.662,0.024,11.241,0.022,9.946,0.068,7.615,0.188,Theia38,7.585775750291836,Kounkel2020,3493.0,0.793009,0.455
369695081,2.0193243021242816e+18,292.262520337803,22.3314277028674,1.96653,12.7569,15.35,0.065,13.509,0.103,11.849,0.023,11.367,0.025,11.252,0.023,13.353,0.001413,13.8617,0.004843,12.6968,0.004126,10.671,0.022,10.788,0.021,10.968,0.143,8.949,,Theia38,7.585775750291836,Kounkel2020,7020.0,1.21138,1.546
1851137022,2.017637135896238e+18,292.308418007632,19.8302399302379,1.99102,15.6487,,,18.0229,0.049,,,,,,,16.8108,0.002772,18.2237,0.017394,15.6173,0.007025,,,,,,,,,Theia38,7.585775750291836,Kounkel2020,3621.0,0.889919,0.52
370322294,2.018036872755883e+18,292.473942651892,20.8663470546989,1.75574,16.7308,20.718,0.172,19.0005,0.0494,15.233,0.058,14.293,0.057,13.861,,17.9474,0.00122,19.2333,0.02078,16.8079,0.006183,,,,,,,,,Theia38,7.585775750291836,Kounkel2020,4558.0,0.638177,0.72
369566686,2.0177117952834683e+18,292.251866681016,20.2289184010089,1.76869,16.1205,,,,,13.825,0.048,13.21,0.06,12.896,0.058,17.6094,0.001061,19.4954,0.041873,16.2061,0.005616,,,,,,,,,Theia38,7.585775750291836,Kounkel2020,3566.0,1.29707,
369912246,2.019324336484135e+18,292.269229279204,22.3491358042089,1.9747,13.5349,16.061,0.069,14.636,0.149,12.488,0.034,11.893,0.035,11.801,0.033,14.2214,0.002694,14.8318,0.010367,13.4771,0.007518,11.431,0.034,11.477,0.034,11.11,0.167,8.858,0.53,Theia38,7.585775750291836,Kounkel2020,4791.0,1.11274,0.773
370403585,2.0181171070731863e+18,292.425481892457,21.3879633910277,1.57806,16.6237,,,19.0022,0.0514,14.824,0.04,14.005,0.039,13.809,0.053,17.8602,0.001051,19.209,0.025893,16.6808,0.004012,13.574,0.055,13.787,0.074,12.62,,9.042,,Theia38,7.585775750291836,Kounkel2020,3417.0,0.645,0.623366
370790818,2.0176295767529093e+18,292.649326103469,19.8884064867068,1.9347,15.1555,19.772,0.162,17.3846,0.0495,13.318,0.025,12.64,0.026,12.336,0.022,16.2618,0.00361,17.6005,0.018204,15.0941,0.010171,12.288,0.036,12.31,0.04,9.962,0.108,6.953,0.157,Theia38,7.585775750291836,Kounkel2020,3603.0,1.06076,0.51
369921807,2.0181174506705915e+18,292.391668458537,21.3745821452728,2.17199,15.6581,20.473,0.163,,,13.871,0.029,13.15,0.034,12.875,0.03,16.9896,0.001022,18.4984,0.016702,15.7342,0.002863,,,,,,,,,Theia38,7.585775750291836,Kounkel2020,3297.0,0.691448,0.657396
369930014,2.017744407008488e+18,292.304352391928,20.5482760643697,1.44304,14.2228,17.919,0.164,15.99,0.092,12.419,0.028,11.852,0.03,11.586,0.025,15.3492,0.000453,16.4823,0.010298,14.2212,0.005489,,,,,,,,,Theia38,7.585775750291836,Kounkel2020,4437.0,2.16398,
370413323,2.019323340051694e+18,292.409642521536,22.3959839587554,1.86972,15.1959,19.443,0.165,17.4669,0.0494,13.652,0.035,12.852,0.037,12.682,0.036,16.3573,0.002178,17.6827,0.019639,15.1915,0.007585,,,,,,,,,Theia38,7.585775750291836,Kounkel2020,3827.0,1.16902,0.59
369926527,2.01795874303544e+18,292.269388645595,20.8964697817018,1.98596,12.4753,15.838,0.166,13.907,0.092,11.067,0.021,10.399,0.02,10.195,0.018,13.3186,0.00073,14.1553,0.003191,12.4125,0.001931,10.082,0.023,10.118,0.021,9.854,0.109,8.79,0.459,Theia38,7.585775750291836,Kounkel2020,4128.0,2.50795,
369806193,2.019387420967443e+18,292.367139968387,22.7097094856049,1.94978,13.5624,15.719,0.072,14.625,0.137,12.406,0.038,11.833,0.04,11.717,0.038,14.2721,0.001873,14.9139,0.006808,13.4979,0.005418,11.198,0.023,11.25,0.024,11.327,0.19,9.179,,Theia38,7.585775750291836,Kounkel2020,4592.0,1.18019,0.73
369920845,2.0181218787520428e+18,292.310692542695,21.4696994498487,2.28812,16.9017,,,,,15.006,0.06,14.22,0.103,13.859,0.067,18.4158,0.001929,20.3035,0.061612,17.0177,0.008827,,,,,,,,,Theia38,7.585775750291836,Kounkel2020,3052.0,0.498462,0.496533
1852909930,2.019383297774445e+18,292.417907096522,22.6519651184027,1.87735,15.5948,,,,,,,,,,,16.0248,0.001751,,0.0,,0.0,,,,,,,,,Theia38,7.585775750291836,Kounkel2020,,,
369916543,2.018923392670328e+18,292.346825504782,21.9008269474072,,15.8918,,,17.731,0.0466,13.996,0.033,13.287,0.033,12.998,0.036,16.8729,0.001984,17.859,0.009477,15.6758,0.004633,,,,,,,,,Theia38,7.585775750291836,Kounkel2020,,,
370413768,2.019329353006288e+18,292.431946305522,22.4449424235226,1.92291,15.8871,20.77,0.163,,,13.999,0.028,13.343,0.031,13.094,0.031,17.3446,0.001292,19.2051,0.023445,15.9976,0.003551,13.051,0.032,12.905,0.032,12.391,,8.93,,Theia38,7.585775750291836,Kounkel2020,3087.0,0.700862,0.664101
369684796,2.0181124341482345e+18,292.184733128721,21.2856672936967,1.8921,14.9684,18.09,0.167,16.451,0.286,13.676,0.022,13.008,0.026,12.837,0.025,15.8657,0.000468,16.7131,0.004078,14.9513,0.001551,,,,,,,,,Theia38,7.585775750291836,Kounkel2020,5012.0,0.788833,0.832
1851501964,2.01796255696653e+18,292.125260154295,20.9397198670055,1.01791,16.2908,,,18.4168,0.0483,,,,,,,17.4635,0.001018,18.616,0.018422,16.3114,0.004251,,,,,,,,,Theia38,7.585775750291836,Kounkel2020,5112.0,,
370413386,2.019323340051694e+18,292.413698360875,22.4025910381483,1.84326,15.3727,19.763,0.162,,,13.616,0.024,12.861,0.025,12.649,0.025,16.6459,0.001041,18.1814,0.011113,15.3698,0.003228,12.562,0.031,12.56,0.031,12.345,0.375,9.065,,Theia38,7.585775750291836,Kounkel2020,3645.0,1.28029,0.53
1851289834,2.017731625185255e+18,292.613855591076,20.3991557699958,2.54382,16.7966,,,,,,,,,,,17.9755,0.001805,19.1698,0.050748,16.2893,0.023771,,,,,,,,,Theia38,7.585775750291836,Kounkel2020,,,
369928581,2.0179397034118505e+18,292.277440934226,20.6893090456056,1.99033,11.3039,13.067,0.066,11.779,0.046,10.646,0.021,10.47,0.022,10.409,0.018,11.6391,0.000366,11.8852,0.001059,11.24,0.00058,10.318,0.023,10.361,0.022,10.027,0.068,8.734,,Theia38,7.585775750291836,Kounkel2020,6950.0,1.60855,1.52
10433575,4.5200024210403656e+18,287.907082585084,21.2593281044552,2.21416,15.7162,19.935,0.162,17.6992,0.0464,14.251,0.027,13.484,0.038,13.243,0.04,16.8438,0.001041,17.9264,0.00844,15.7467,0.002973,12.863,0.028,12.88,0.029,12.134,,8.729,,Theia121,81.28305161640996,Kounkel2020,3629.0,0.614081,0.599428
9635898,4.51637616297612e+18,287.494448409847,19.5863266042656,2.24204,15.7641,19.712,0.164,17.5604,0.0466,14.29,0.034,13.568,0.032,13.438,0.041,16.7976,0.001184,17.8392,0.011138,15.7847,0.0034,13.261,0.029,13.333,0.039,12.432,,9.116,,Theia121,81.28305161640996,Kounkel2020,3725.0,0.573162,0.565619
10224662,4.520001527668133e+18,287.792974518226,21.2419755647941,3.2722,10.8708,11.881,0.18,11.256,0.012,10.236,0.022,10.015,0.018,9.956,0.016,11.2948,0.000537,11.6284,0.000713,10.8208,0.000495,9.906,0.021,9.936,0.018,9.918,0.041,8.403,,Theia121,81.28305161640996,Kounkel2020,6002.0,1.39838,1.107
353013930,4.5160546245438863e+18,288.603385504515,19.1050301523408,2.83709,16.3833,19.528,0.162,,,13.929,,13.766,0.066,13.411,0.047,17.6433,0.001758,19.3146,0.03255,16.3385,0.005796,12.698,0.026,12.601,0.027,12.259,0.489,8.89,,Theia121,81.28305161640996,Kounkel2020,3350.0,0.543163,0.37
353013919,4.516054620215135e+18,288.603595363255,19.106055460128,2.91828,15.9104,19.529,0.162,18.3116,0.0477,13.921,,13.57,0.027,13.363,0.062,17.0722,0.001566,18.5246,0.012439,15.8883,0.006357,,,,,,,,,Theia121,81.28305161640996,Kounkel2020,3572.0,0.541928,0.5
9414862,4.519582201436503e+18,287.394645902156,20.6016527784466,2.88689,10.5263,12.063,0.181,11.324,0.013,9.684,0.021,9.247,0.017,9.169,0.015,11.0992,0.000655,11.5845,0.001302,10.4788,0.000857,9.112,0.023,9.145,0.02,9.092,0.03,8.433,,Theia121,81.28305161640996,Kounkel2020,6354.0,2.26314,1.262
354727224,4.516162647236055e+18,289.414940223705,19.2425054950651,3.55321,16.0839,20.67,0.164,,,14.326,0.036,13.747,0.044,13.459,0.051,17.4504,0.001475,19.162,0.040551,16.1769,0.006267,,,,,,,,,Theia121,81.28305161640996,Kounkel2020,3190.0,0.411028,0.403873
9415416,4.5195287376814894e+18,287.35019574305,20.5250598774347,,14.3979,18.12,0.161,16.829,1.133,12.61,0.021,11.939,0.017,11.699,0.019,15.4874,0.001199,16.8554,0.00935,14.3113,0.003102,11.609,0.023,11.482,0.022,11.742,0.25,8.882,,Theia121,81.28305161640996,Kounkel2020,,,
9873285,4.5196106169432e+18,287.586151940813,20.8796156914585,2.9035,15.9573,,,,,14.175,0.026,13.56,0.023,13.29,0.035,17.3454,0.001695,19.0163,0.021835,16.049,0.005106,,,,,,,,,Theia121,81.28305161640996,Kounkel2020,3198.0,0.503469,0.501474
10445820,4.51632300845811e+18,287.812230271164,19.5205771005751,2.99728,13.7256,15.971,0.085,14.905,0.103,12.681,0.02,12.129,0.017,11.961,0.021,14.4714,0.001394,15.1414,0.005223,13.6924,0.005014,11.946,0.025,12.047,0.026,12.483,0.387,9.037,,Theia121,81.28305161640996,Kounkel2020,5452.0,0.679987,0.952
10433258,4.5200138971940905e+18,287.812192658612,21.3049720178862,2.69133,12.122,14.05,0.043,12.893,0.069,11.145,0.024,10.771,0.016,10.65,0.017,12.7086,0.001089,13.1923,0.0037,12.0599,0.002723,10.595,0.022,10.617,0.019,10.545,0.071,9.187,,Theia121,81.28305161640996,Kounkel2020,6311.0,1.18777,1.242
10119202,4.516075858863616e+18,287.789306070544,18.8239062706937,2.67693,16.0286,20.342,0.163,18.1196,0.0475,14.56,0.032,13.984,0.034,13.715,0.052,17.1621,0.001089,18.3788,0.015063,16.069,0.002451,,,,,,,,,Theia121,81.28305161640996,Kounkel2020,3543.0,0.46371,0.461074
353149140,4.51522119040298e+18,288.790415923914,18.1645823641243,4.58154,16.5117,20.972,0.164,,,14.464,0.035,13.784,0.039,13.564,0.046,17.7224,0.001808,19.3259,0.035638,16.3887,0.010414,,,,,,,,,Theia165,64.56542290346549,Kounkel2020,3275.0,,
358588958,2.0192403612832287e+18,290.932493792879,22.5645442322662,5.29206,8.22254,8.347,0.027,8.241,0.002,8.078,0.03,8.095,0.026,8.065,0.024,8.25253,0.000384,8.30644,0.000959,8.18699,0.001129,8.025,0.025,8.068,0.02,8.003,0.02,7.331,0.102,Theia165,64.56542290346549,Kounkel2020,9590.0,1.64637,2.443
278980597,4.5158002937529134e+18,290.027916115274,19.5240093872634,4.25698,16.1657,20.667,0.166,,,14.426,0.044,13.867,0.058,13.604,0.055,17.5012,0.001351,19.0812,0.055592,16.2469,0.005195,,,,,,,,,Theia165,64.56542290346549,Kounkel2020,3262.0,0.339752,0.322361
1808454313,4.51522119040298e+18,288.790415923914,18.1645823641243,4.58154,16.5117,,,,,,,,,,,17.7224,0.001808,19.3259,0.035638,16.3887,0.010414,,,,,,,,,Theia165,64.56542290346549,Kounkel2020,3275.0,,
356718182,4.515396360668498e+18,289.81723658968,19.0572293492677,4.70254,13.3444,15.93,0.052,14.59,0.126,12.184,0.022,11.577,0.024,11.409,0.02,14.1403,0.000346,14.9267,0.001968,13.2844,0.001569,11.291,0.024,11.373,0.025,11.454,0.212,9.313,,Theia165,64.56542290346549,Kounkel2020,4170.0,0.660723,0.653
357427155,4.5157347997712e+18,290.347033401454,19.3252840202174,4.89985,14.564,18.291,0.165,16.586,0.366,13.073,0.028,12.411,0.028,12.193,0.025,15.7347,0.000885,16.9508,0.008678,14.6078,0.002135,12.01,0.027,12.023,0.027,11.765,0.233,8.644,,Theia165,64.56542290346549,Kounkel2020,3522.0,0.498018,0.496094
355388440,4.323250828190927e+18,291.37428658053,18.1021578935882,5.51824,14.8959,19.141,0.163,17.2734,0.0481,13.373,0.024,12.75,0.025,12.542,0.025,16.1216,0.00108,17.4941,0.016069,14.9548,0.002704,12.445,0.035,12.455,0.043,10.682,0.185,8.424,0.358,Theia165,64.56542290346549,Kounkel2020,3411.0,0.406069,0.398315
368556728,4.515595475365454e+18,291.827331179903,19.3595314322044,4.47634,16.1826,,,,,14.392,0.039,13.815,0.044,13.433,0.043,17.5712,0.00079,19.3063,0.019597,16.2789,0.002832,13.258,0.041,13.385,0.056,11.993,,8.996,,Theia165,64.56542290346549,Kounkel2020,3170.0,0.347394,0.331196
358259283,4.515038327871742e+18,290.76883108784,18.0692512986486,5.75777,11.5469,13.23,0.049,12.38,0.057,10.738,0.021,10.302,0.022,10.213,0.018,12.1149,0.000302,12.5993,0.001296,11.4946,0.000952,,,,,,,,,Theia165,64.56542290346549,Kounkel2020,5107.0,0.779007,0.858
355246700,4.51699044636637e+18,289.645941924986,21.0668543436516,4.74238,15.2766,20.273,0.163,,,13.694,0.03,13.109,0.038,12.779,0.037,16.5826,0.000671,18.1754,0.010924,15.3571,0.002078,,,,,,,,,Theia165,64.56542290346549,Kounkel2020,3270.0,0.419036,0.412794
355261731,4.5153933326913336e+18,289.64882382314,19.0377941309158,4.78327,13.8754,17.13,0.0,15.522,0.08,12.632,0.023,11.966,0.022,11.774,0.02,14.8665,0.00044,15.8466,0.002843,13.8895,0.001593,11.563,0.025,11.575,0.024,10.616,0.098,8.39,0.291,Theia165,64.56542290346549,Kounkel2020,3809.0,0.577936,0.569702
360113383,4.3233049104207273e+18,291.676819010493,18.628325670799,4.79568,11.4741,13.123,0.303,11.91,0.033,10.744,0.023,10.373,0.023,10.303,0.029,11.9886,0.000593,12.4111,0.002366,11.4204,0.001782,,,,,,,,,Theia165,64.56542290346549,Kounkel2020,5418.0,0.865992,0.943
360113381,4.323304910420724e+18,291.678864565034,18.6280546781936,4.82454,14.1854,12.99,0.118,12.079,1.133,11.915,0.023,11.164,0.02,10.963,0.023,15.1277,0.000708,16.1328,0.005629,14.0934,0.003618,9.724,0.018,9.749,0.018,9.537,0.072,7.732,0.226,Theia165,64.56542290346549,Kounkel2020,3870.0,,
355393510,4.515434701812409e+18,291.346963866044,18.591708676702,4.91154,11.6339,13.21,0.037,12.442,0.092,10.849,0.022,10.45,0.02,10.339,0.019,12.1838,0.000667,12.6407,0.003361,11.5811,0.002423,10.148,0.023,10.156,0.021,10.032,0.076,7.802,0.195,Theia165,64.56542290346549,Kounkel2020,5511.0,0.8194,0.967
369320371,4.323391187732631e+18,292.018359330827,18.6839507985405,4.59689,13.1544,15.901,0.117,14.375,0.103,11.912,0.018,11.318,0.019,11.149,0.019,13.9742,0.000448,14.7936,0.002433,13.0862,0.001026,11.072,0.024,11.146,0.024,10.768,0.117,8.755,,Theia165,64.56542290346549,Kounkel2020,4071.0,0.781965,0.637
370165829,4.323426681347307e+18,292.440992037657,19.0358238109347,4.72718,10.4088,11.498,0.126,11.042,0.009,9.819,0.021,9.441,0.022,9.397,0.018,10.8586,0.000488,11.2196,0.001032,10.3611,0.000733,9.322,0.022,9.394,0.02,9.177,0.061,8.792,,Theia165,64.56542290346549,Kounkel2020,5820.0,1.2614,1.047
355514116,4.515853242111553e+18,291.313979253001,19.6939545805254,4.61228,14.1295,18.323,0.163,16.038,0.069,12.777,0.021,12.086,0.016,11.887,0.018,15.1931,0.000589,16.2771,0.002989,14.1563,0.001389,11.868,0.026,11.929,0.026,12.022,,8.866,,Theia165,64.56542290346549,Kounkel2020,3673.0,0.571854,0.564494
359469746,4.515486073947935e+18,291.604690225222,18.9947360199906,4.23959,8.07097,8.179,0.027,8.108,0.002,7.919,0.021,7.949,0.02,7.917,0.018,8.09708,0.000522,8.14209,0.001043,8.04355,0.001896,7.882,0.026,7.923,0.021,7.952,0.025,7.981,0.22,Theia165,64.56542290346549,Kounkel2020,9078.0,2.19749,2.295
358893851,4.515850523368456e+18,291.117595153743,19.6526546089979,4.33068,14.1368,17.425,0.166,15.705,0.149,12.756,0.021,12.056,0.023,11.84,0.03,15.0783,0.000491,16.0559,0.003019,14.0906,0.001217,11.618,0.025,11.647,0.02,11.176,0.181,9.108,,Theia165,64.56542290346549,Kounkel2020,4014.0,,
359326338,2.0192686049834048e+18,291.179508225974,22.7736490193708,5.5645,14.402,19.668,0.162,16.641,1.133,12.828,0.024,12.198,0.022,11.982,0.021,15.6474,0.001284,17.0572,0.007687,14.4654,0.002779,11.81,0.024,11.718,0.023,10.879,0.175,6.533,0.046,Theia165,64.56542290346549,Kounkel2020,3383.0,0.487714,0.485783
369410650,4.323388812588109e+18,292.221573610706,18.6929480176933,4.61442,16.8862,20.839,0.167,,,15.096,0.045,14.586,0.057,14.222,0.071,18.2668,0.001942,20.0916,0.071957,16.988,0.00823,,,,,,,,,Theia165,64.56542290346549,Kounkel2020,3134.0,0.251788,0.222799
1921019581,4.323304910420724e+18,291.678864565034,18.6280546781936,4.82454,14.1854,,,15.8797,0.0461,,,,,,,15.1277,0.000708,16.1328,0.005629,14.0934,0.003618,,,,,,,,,Theia165,64.56542290346549,Kounkel2020,3870.0,,
358262113,4.322889879140566e+18,290.949252853085,18.0738232015092,2.05549,12.4556,14.227,0.064,13.355,0.069,11.475,0.023,11.174,0.024,11.076,0.024,13.0736,0.000317,13.5933,0.001209,12.3987,0.000556,10.603,0.023,10.637,0.023,10.801,0.195,8.451,,Theia236,123.02687708123813,Kounkel2020,6303.0,1.39071,1.238
370162525,4.323394791186549e+18,292.401713711793,18.7589127679024,3.08644,16.5756,,,,,14.74,0.068,14.049,0.089,13.818,0.096,18.0177,0.001218,19.8696,0.042322,16.684,0.004257,,,,,,,,,Theia236,123.02687708123813,Kounkel2020,3097.0,0.404074,0.396072
386096402,4.323259108888322e+18,291.457000193689,18.2001085846136,3.12363,11.8016,,,11.961,0.515,11.103,0.029,10.732,0.03,10.648,0.02,12.2902,0.00059,12.6764,0.002703,11.7397,0.002037,10.649,0.03,10.675,0.032,11.808,,8.449,,Theia236,123.02687708123813,Kounkel2020,5610.0,1.07839,0.99
355264026,4.515315271682793e+18,289.605559412091,18.763346511175,1.31994,11.1153,12.566,0.3,11.853,0.021,10.235,0.022,10.058,0.089,9.955,0.022,11.6292,0.000275,12.0927,0.001371,11.0001,0.00069,9.837,0.023,9.905,0.02,9.945,0.051,9.257,,Theia268,93.32543007969906,Kounkel2020,10128.0,3.42373,2.6
385489862,4.51510670806088e+18,290.403413150156,18.316895355761,1.25685,14.4062,17.063,0.304,15.635,0.103,13.26,0.03,12.735,0.035,12.596,0.028,15.2354,0.000546,15.9901,0.003451,14.3787,0.001691,12.353,0.027,12.492,0.031,10.43,,8.392,,Theia268,93.32543007969906,Kounkel2020,5920.0,1.27079,1.08
384975194,4.515090009227163e+18,289.931192373327,18.1898607379105,1.27632,15.3727,19.295,0.165,16.686,1.133,14.04,0.027,13.39,0.029,13.183,0.02,16.3518,0.001555,17.2891,0.015636,15.3797,0.00462,13.107,0.032,13.306,0.04,12.408,,8.709,,Theia268,93.32543007969906,Kounkel2020,5737.0,1.0095,1.02
356859811,4.515128560854167e+18,290.123092585746,18.5365267919176,1.31123,14.6132,17.304,0.063,15.84,0.32,13.463,0.024,12.99,0.025,12.825,0.028,15.4519,0.000577,16.22,0.003884,14.5894,0.001521,12.331,0.025,12.379,0.028,11.336,0.197,8.505,,Theia268,93.32543007969906,Kounkel2020,5774.0,1.13624,1.03
1808529017,4.5153061276726646e+18,289.469752221232,18.5703070732847,1.32405,16.4226,,,18.3563,0.0478,,,,,,,17.5192,0.001501,18.6099,0.017141,16.4544,0.005002,,,,,,,,,Theia268,93.32543007969906,Kounkel2020,5061.0,0.765636,0.85
353651783,4.515172541328259e+18,288.899917240543,18.0594358934804,1.541,15.3263,19.091,0.165,16.9,0.595,13.877,0.027,13.185,0.023,13.017,0.028,16.3386,0.0009869999,17.3229,0.008864,15.3478,0.002939,12.837,0.036,12.982,0.042,12.711,,9.144,,Theia268,93.32543007969906,Kounkel2020,5969.0,0.883479,1.1
1808433567,4.515192538676435e+18,289.529551642628,18.3290384456054,1.29258,13.8387,,,15.1088,0.0459,,,,,,,14.649,0.000294,15.3664,0.00328,13.7883,0.002693,,,,,,,,,Theia268,93.32543007969906,Kounkel2020,6445.0,1.5253,1.31
355263169,4.515386671221772e+18,289.669560198595,18.8691807862483,1.64993,12.9629,15.014,0.092,14.039,0.114,11.932,0.021,11.54,0.019,11.419,0.022,13.6669,0.000212,14.2809,0.001272,12.914,0.000858,11.175,0.025,11.221,0.024,11.564,0.191,9.288,,Theia268,93.32543007969906,Kounkel2020,6432.0,1.54135,1.3
351977261,4.513725854584897e+18,288.256228357343,18.0082507780367,1.41349,12.2707,13.484,0.048,12.836,0.069,11.513,0.019,11.337,0.019,11.226,0.023,12.6896,0.000234,13.0484,0.001254,12.1661,0.000754,11.018,0.024,11.036,0.02,11.026,0.113,9.362,,Theia268,93.32543007969906,Kounkel2020,9235.0,1.65287,2.34
355265471,4.515302524219542e+18,289.623179412714,18.5767575567721,1.32118,15.0194,18.439,0.166,16.337,0.183,13.665,0.026,13.149,0.027,12.971,0.033,15.9881,0.001197,16.9161,0.005318,15.0259,0.002176,,,,,,,,,Theia268,93.32543007969906,Kounkel2020,5544.0,1.14937,0.98
354193824,4.5151951843968297e+18,289.246749963525,18.1580869253354,1.24812,15.6233,19.153,0.166,17.2527,0.0463,14.266,0.029,13.604,0.034,13.453,0.04,16.5894,0.001289,17.5223,0.008215,15.6112,0.0035,,,,,,,,,Theia268,93.32543007969906,Kounkel2020,4771.0,1.00338,0.77
355264566,4.515313278817885e+18,289.607221985693,18.6921331078457,1.28015,13.412,15.873,0.105,14.72,0.206,12.292,0.021,11.928,0.016,11.758,0.02,14.214,0.000247,14.9485,0.001514,13.3762,0.0007,11.644,0.024,11.638,0.026,11.351,0.191,9.374,,Theia268,93.32543007969906,Kounkel2020,6963.0,1.83796,1.53
353150707,4.515239577180122e+18,288.720916979036,18.3655025754083,1.32256,14.9773,17.858,0.169,16.088,0.069,13.666,0.03,13.177,0.038,12.961,0.042,15.8072,0.001752,16.5674,0.007035,14.949,0.004357,12.572,0.109,12.71,0.121,11.938,,8.754,,Theia268,93.32543007969906,Kounkel2020,6529.0,0.90678,1.35
356853000,4.51499813129421e+18,289.733350143927,18.1436635826379,1.2697,14.6004,17.299,0.0,15.809,0.137,13.414,0.025,12.935,0.031,12.778,0.03,15.4264,0.000726,16.1799,0.003507,14.574,0.002797,,,,,,,,,Theia268,93.32543007969906,Kounkel2020,5675.0,1.166,1.01
384981434,4.515335784447188e+18,289.864567368065,18.831660657539,0.915503,15.3104,19.321,0.165,17.228,0.0463,13.795,0.03,13.177,0.035,12.92,0.018,16.404,0.000872,17.4883,0.007734,15.3503,0.002063,12.893,0.028,13.111,0.031,12.051,0.362,9.381,,Theia268,93.32543007969906,Kounkel2020,5576.0,1.72999,0.98
385484887,4.515515176648119e+18,290.455701907723,18.8316514064425,1.32672,15.1407,18.412,0.167,16.207,1.133,13.837,0.029,13.222,0.03,13.079,0.024,16.1016,0.002,17.0299,0.00931,15.1413,0.006035,12.982,0.038,13.17,0.047,11.39,0.215,8.822,0.434,Theia268,93.32543007969906,Kounkel2020,4998.0,1.13451,0.83
353150320,4.515227791789327e+18,288.77817429937,18.3171287895521,1.5829,11.1185,11.91,0.175,11.533,0.012,10.528,0.021,10.375,0.021,10.281,0.019,11.4301,0.000509,11.6734,0.001413,11.0449,0.001029,10.239,0.023,10.259,0.021,10.354,0.092,8.713,,Theia268,93.32543007969906,Kounkel2020,7925.0,2.13534,1.9
353155291,4.516036512631692e+18,288.757813660018,18.9175945416833,1.15661,15.1362,18.991,0.165,16.7287,0.0462,13.775,0.026,13.124,0.026,12.951,0.028,16.0899,0.000966,17.0074,0.006329,15.1332,0.004875,,,,,,,,,Theia268,93.32543007969906,Kounkel2020,5004.0,1.28731,0.83
355264178,4.515314305291467e+18,289.682158176505,18.7447423913715,1.30432,15.3481,18.634,0.167,17.0365,0.0462,13.897,0.028,13.29,0.029,13.067,0.034,16.3458,0.000933,17.3008,0.007562,15.3491,0.00311,12.715,0.024,12.882,0.025,12.194,,9.245,,Theia268,93.32543007969906,Kounkel2020,5316.0,,
355381462,4.515302730377982e+18,289.61043518625,18.5737626556188,1.24492,13.2395,15.608,0.051,14.419,0.183,12.106,0.022,11.824,0.022,11.626,0.02,14.0176,0.000279,14.7283,0.001572,13.1946,0.000915,11.54,0.023,11.566,0.022,12.106,,9.2,,Theia268,93.32543007969906,Kounkel2020,7289.0,1.97359,1.65
279120356,4.515090249745301e+18,290.026857612981,18.2056311597977,1.42671,15.0489,18.662,0.166,16.412,1.133,13.698,0.027,13.182,0.035,12.942,0.031,15.9701,0.001711,16.8351,0.007654,15.0373,0.005856,12.833,0.027,13.075,0.028,12.456,,9.238,,Theia268,93.32543007969906,Kounkel2020,5416.0,0.994035,0.94
355384586,4.515186731900728e+18,289.608824926775,18.1874265684861,1.23925,15.2978,18.511,0.167,16.912,1.133,13.944,0.025,13.319,0.026,13.126,0.033,16.1647,0.002225,17.003,0.007802,15.2422,0.008794,13.003,0.026,13.202,0.026,12.134,,9.054,,Theia268,93.32543007969906,Kounkel2020,8842.0,0.891894,2.22
385487934,4.515119352444412e+18,290.454931532087,18.5220556664436,1.3086,13.8162,16.496,0.142,15.1,0.16,12.601,0.025,12.195,0.03,12.047,0.02,14.6636,0.000283,15.4401,0.002809,13.7925,0.001728,12.077,0.027,12.088,0.027,11.655,0.278,8.394,0.284,Theia268,93.32543007969906,Kounkel2020,5903.0,1.6446,1.07
368426176,2.018991729881898e+18,291.789195654315,22.2232842395229,2.1277,13.9437,16.069,0.067,14.788,0.114,13.051,0.024,12.563,0.026,12.489,0.023,14.5797,0.001379,15.1241,0.005085,13.8892,0.003923,,,,,,,,,Theia464,138.03842646028866,Kounkel2020,5269.0,,
352440500,4.516437009743692e+18,288.383831393758,19.9606155874554,1.35281,15.8227,19.587,0.166,16.796,0.046,14.407,0.032,13.729,0.033,13.518,0.039,16.8741,0.001399,17.9215,0.01083,15.8606,0.004106,13.372,0.034,13.46,0.037,12.759,,8.179,,Theia466,645.6542290346563,Kounkel2020,5208.0,0.906377,0.89
10337759,4.520272694738387e+18,287.837238932082,22.1284177789107,0.680269,15.4132,16.628,0.05,16.522,0.15,14.431,0.035,13.939,0.039,13.857,,16.0948,0.000407,16.6799,0.002534,15.3599,0.00134,13.69,0.031,13.889,0.047,12.787,,9.214,,Theia466,645.6542290346563,Kounkel2020,5582.0,1.20793,0.99
9651442,4.520231561809205e+18,287.478498541068,21.7815681999621,2.09556,16.5225,,,18.8762,0.0482,14.965,0.032,14.346,0.027,14.15,0.068,17.7395,0.000828,19.1013,0.016679,16.5791,0.002597,,,,,,,,,Theia466,645.6542290346563,Kounkel2020,3420.0,0.479476,0.477409
10227201,4.520216409163899e+18,287.801346378594,21.6375636863561,1.84872,13.8142,16.391,0.042,14.945,0.08,12.636,0.022,12.174,0.018,12.007,0.021,14.5878,0.000913,15.2804,0.003106,13.774,0.002747,11.94,0.022,11.962,0.021,12.496,0.496,9.219,,Theia466,645.6542290346563,Kounkel2020,5335.0,1.10827,0.92
352440936,4.51643653302491e+18,288.326564154888,19.9320596996839,1.35098,15.4544,18.952,0.166,16.635,1.133,14.071,0.024,13.424,0.026,13.247,0.033,16.4642,0.001033,17.4556,0.008442,15.4776,0.00201,13.149,0.032,13.206,0.037,11.828,0.23,9.05,,Theia466,645.6542290346563,Kounkel2020,5219.0,1.00943,0.89
9646602,4.5196288276056576e+18,287.493534911558,21.0490470933381,1.28538,13.7297,16.138,0.044,14.86,0.137,12.71,0.026,12.354,0.028,12.203,0.026,14.4179,0.000252,15.0174,0.001358,13.6746,0.000886,,,,,,,,,Theia466,645.6542290346563,Kounkel2020,5116.0,1.49078,0.86
9868001,4.520221155127867e+18,287.629792350585,21.7058115746868,1.7857,12.4521,14.446,0.042,13.32,0.092,11.565,0.022,11.244,0.018,11.123,0.019,13.0589,0.000166,13.5647,0.000841,12.3941,0.000514,11.005,0.023,11.017,0.021,11.343,0.156,9.231,,Theia466,645.6542290346563,Kounkel2020,6076.0,1.59049,1.14
10229604,4.520262936572105e+18,287.800597784515,22.022201434178,1.22259,11.9349,13.159,0.041,12.35,0.046,11.367,0.021,11.294,0.017,11.227,0.016,12.2223,0.000173,12.4425,0.000762,11.8579,0.000423,11.206,0.023,11.234,0.023,11.163,0.157,9.116,,Theia466,645.6542290346563,Kounkel2020,8044.0,1.83003,1.95
10335989,4.520325368220053e+18,287.842036453365,22.4190042189554,1.92214,10.5667,11.977,0.168,11.218,0.012,9.731,0.021,9.478,0.017,9.393,0.015,11.0946,0.000376,11.5293,0.000816,10.5109,0.000494,9.326,0.023,9.32,0.02,9.338,0.036,8.709,,Theia466,645.6542290346563,Kounkel2020,6494.0,3.10065,1.33
9768482,4.521212777173007e+18,287.433554188056,22.9690476389845,1.29549,13.3869,14.728,0.045,14.284,0.092,12.53,0.028,12.196,0.026,12.1,0.027,13.9883,0.000243,14.4889,0.001479,13.3294,0.000834,11.543,0.023,11.544,0.022,10.99,0.103,8.955,0.417,Theia466,645.6542290346563,Kounkel2020,5856.0,1.42597,1.06
352859491,4.519967236666004e+18,288.613848779631,21.257137477963,1.50338,15.608,20.158,0.164,16.847,1.133,14.127,0.031,13.4,0.027,13.237,0.034,16.6287,0.000713,17.6372,0.005481,15.6097,0.002288,,,,,,,,,Theia466,645.6542290346563,Kounkel2020,4659.0,0.924788,0.74
355115284,2.022136268717442e+18,289.62155571507,22.3103617175153,1.21903,13.4957,15.838,0.065,14.59,0.217,12.41,0.024,12.016,0.022,11.873,0.026,14.2332,0.000186,14.8699,0.001668,13.4396,0.000982,11.722,0.023,11.741,0.024,12.286,0.483,9.219,,Theia466,645.6542290346563,Kounkel2020,5648.0,,
9411015,4.5196347031211295e+18,287.369798747654,21.1745314697356,2.17565,13.9773,16.224,0.042,15.131,0.16,12.881,0.022,12.352,0.018,12.223,0.024,14.7297,0.000314,15.4101,0.001823,13.9369,0.001199,12.18,0.024,12.242,0.025,12.401,0.422,8.963,,Theia466,645.6542290346563,Kounkel2020,5038.0,0.877697,0.839
9316898,4.520224659821525e+18,287.399007042103,21.5864939330999,1.55198,14.4605,14.688,0.043,15.349,0.32,13.322,0.025,12.86,0.022,12.761,0.028,15.2091,0.000659,15.8739,0.003062,14.4108,0.001937,,,,,,,,,Theia466,645.6542290346563,Kounkel2020,5108.0,0.966843,0.86
384865804,4.519998297871824e+18,288.059630003868,21.1910637655407,1.77099,15.3445,18.732,0.168,16.676,1.133,14.011,0.035,13.402,0.036,13.169,0.031,16.2781,0.000418,17.1781,0.004889,15.3308,0.001453,12.716,0.026,12.799,0.028,12.949,,8.484,,Theia466,645.6542290346563,Kounkel2020,4758.0,0.772403,0.77
353276908,4.520395840044627e+18,288.702374530246,22.6059228933803,1.67076,15.4298,19.057,0.166,16.809,1.133,14.138,0.027,13.454,0.029,13.348,0.032,16.3184,0.001327,17.158,0.005394,15.3865,0.004796,13.116,0.024,13.229,0.03,12.63,,9.134,,Theia466,645.6542290346563,Kounkel2020,4588.0,0.753084,0.73
352202646,4.5200390141641984e+18,288.29964596648,21.6399382347048,1.13698,15.9858,18.357,0.07,17.2526,0.046,14.809,0.036,14.276,0.043,14.078,0.063,16.791,0.00056,17.5258,0.007064,15.9444,0.002129,13.955,0.037,14.197,0.052,12.297,,9.194,,Theia466,645.6542290346563,Kounkel2020,4960.0,0.719828,0.82
354726785,4.5161638841867694e+18,289.392446200304,19.3040581190586,1.06567,15.3366,19.318,0.164,16.987,1.133,13.831,0.024,13.26,0.028,13.067,0.029,16.4549,0.000774,17.5816,0.007288,15.3927,0.003172,12.84,0.031,12.939,0.037,12.246,,8.542,,Theia466,645.6542290346563,Kounkel2020,5425.0,1.54005,0.94
9779008,4.521200575154806e+18,287.578137621986,22.9871017242049,1.1811,12.1318,12.749,0.044,12.09,0.194,11.016,0.026,10.675,0.02,10.59,0.019,12.4936,0.000375,12.6722,0.01185,11.9626,0.023621,10.409,0.023,10.456,0.02,10.414,0.069,8.992,,Theia499,109.64781961431828,Kounkel2020,7363.0,,
9310997,4.521095507381873e+18,287.415789279315,22.5697583291514,1.08618,14.5746,16.199,0.046,15.544,0.15,13.592,0.029,13.229,0.032,13.174,,15.2521,0.000831,15.833,0.004324,14.5216,0.002111,12.832,0.025,12.893,0.03,12.419,,9.151,,Theia499,109.64781961431828,Kounkel2020,5649.0,1.11288,1.0
9865187,4.520314304383812e+18,287.589265508822,22.160874598886,1.21613,13.5602,15.435,0.041,14.511,0.08,12.617,0.021,12.24,0.017,12.152,0.022,14.2062,0.000176,14.753,0.00105,13.5051,0.000583,12.038,0.023,12.042,0.023,11.724,0.242,9.001,,Theia499,109.64781961431828,Kounkel2020,5925.0,1.48543,1.08
9311392,4.521089356988415e+18,287.328445699316,22.5047355629319,0.666759,15.2257,17.761,0.043,16.477,0.206,14.189,0.024,13.804,0.022,13.623,0.045,15.9511,0.000393,16.5889,0.002336,15.1817,0.001222,13.581,0.03,13.65,0.038,11.911,,9.021,,Theia499,109.64781961431828,Kounkel2020,5565.0,1.43148,0.98
9309080,4.521210578129685e+18,287.351124694835,22.898400117489,1.44118,10.8949,11.582,0.105,11.27,0.008,10.429,0.021,10.343,0.02,10.277,0.087,11.13,0.000453,11.3177,0.001053,10.8268,0.000485,10.187,0.023,10.209,0.021,10.249,0.061,9.239,,Theia499,109.64781961431828,Kounkel2020,8326.0,2.35026,2.05
9313619,4.520294135216163e+18,287.397839888244,22.1252049991706,1.16128,14.2164,16.389,0.043,15.265,0.023,13.252,0.025,12.864,0.025,12.772,0.029,14.8828,0.000347,15.4482,0.002145,14.1598,0.001234,12.538,0.025,12.584,0.026,12.266,,8.821,,Theia499,109.64781961431828,Kounkel2020,5804.0,1.19414,1.04
9767785,4.5211979294552494e+18,287.485212270011,22.8498124256535,1.27995,14.9992,16.279,0.05,16.019,0.229,13.787,0.035,13.259,0.037,13.097,0.036,15.7233,0.000677,16.3126,0.012827,14.8971,0.007301,13.03,0.028,13.099,0.031,12.368,,8.261,,Theia499,109.64781961431828,Kounkel2020,5078.0,0.883827,0.85
10228725,4.52023617033464e+18,287.692081862254,21.8774989411045,1.28332,14.9843,17.573,0.043,16.205,0.137,13.93,0.025,13.413,0.023,13.234,0.037,15.7557,0.000701,16.447,0.003087,14.942,0.001918,,,,,,,,,Theia499,109.64781961431828,Kounkel2020,5215.0,0.935042,0.89
10232503,4.5204236027074176e+18,287.769789989915,22.5101029478967,1.16804,12.1497,13.489,0.042,12.67,0.046,11.518,0.022,11.296,0.018,11.204,0.016,12.5227,0.000175,12.8149,0.000771,12.0681,0.000532,11.151,0.024,11.15,0.021,11.216,0.116,9.067,,Theia499,109.64781961431828,Kounkel2020,7826.0,1.94895,1.86
10333359,4.520449475591717e+18,287.865045258076,22.8481227177696,1.06598,14.6231,,,15.573,0.08,13.602,0.027,13.254,0.028,13.163,0.033,15.3124,0.000581,15.9059,0.003645,14.5704,0.001742,,,,,,,,,Theia499,109.64781961431828,Kounkel2020,5557.0,1.13667,0.98
10335674,4.520422361443162e+18,287.847055169457,22.4670288149093,1.3412,11.9499,12.777,0.383,12.497,0.029,11.325,0.021,11.199,0.017,11.131,0.016,12.2904,0.000151,12.5549,0.000927,11.8749,0.000553,11.076,0.023,11.08,0.021,11.182,0.119,9.101,,Theia499,109.64781961431828,Kounkel2020,7759.0,1.77864,1.83
10334319,4.520438343035911e+18,287.908825572727,22.6874414728172,1.37255,14.9232,16.188,0.054,16.068,0.137,13.643,0.04,13.032,0.039,12.946,0.036,15.7882,0.00049,16.6143,0.002894,14.8988,0.001875,12.531,0.024,12.664,0.027,12.103,0.34,8.456,,Theia499,109.64781961431828,Kounkel2020,4693.0,1.10034,0.75
9764520,4.520320420417314e+18,287.540433056227,22.2931979495381,1.54026,15.1825,17.934,0.044,16.561,0.252,13.899,0.026,13.298,0.027,13.204,0.036,16.0581,0.000617,16.8892,0.004495,15.1512,0.001781,13.017,0.028,13.069,0.032,12.585,,8.689,,Theia499,109.64781961431828,Kounkel2020,4677.0,0.887118,0.75
9867306,4.5202348990241546e+18,287.590480201341,21.8168222568787,1.36725,16.1473,19.858,0.163,17.678,0.0462,14.928,0.033,14.175,0.032,14.174,0.073,17.079,0.001194,17.9613,0.007505,16.1488,0.003274,13.652,0.024,13.891,0.032,12.787,,9.098,,Theia499,109.64781961431828,Kounkel2020,3953.0,0.632775,0.614048
10336401,4.520324852823904e+18,287.839546574951,22.3517007686762,1.23949,14.953,17.012,0.047,16.108,0.15,13.738,0.031,13.107,0.034,13.009,,15.7704,0.000806,16.537,0.003995,14.9163,0.002008,12.792,0.026,12.814,0.029,12.326,0.403,8.432,,Theia499,109.64781961431828,Kounkel2020,4698.0,1.11929,0.75
1812698907,4.521200575154806e+18,287.578137621986,22.9871017242049,1.1811,12.1318,,,12.6033,0.0463,,,,,,,12.4936,0.000375,12.6722,0.01185,11.9626,0.023621,,,,,,,,,Theia499,109.64781961431828,Kounkel2020,7363.0,,
9309392,4.521115779628183e+18,287.339554171083,22.8428659296533,1.42303,14.3814,17.091,0.042,15.503,0.126,13.332,0.023,12.72,0.018,12.635,0.024,15.117,0.000247,15.7805,0.001427,14.3315,0.0014,12.497,0.024,12.55,0.026,12.231,,9.15,,Theia499,109.64781961431828,Kounkel2020,4845.0,1.1076,0.79
9862880,4.520345331228928e+18,287.60248462747,22.5321442406955,0.50008,15.8213,19.124,0.163,17.2502,0.0461,14.465,0.029,14.009,0.026,13.768,0.051,16.7015,0.000533,17.5266,0.007023,15.7952,0.002081,13.768,0.031,13.843,0.044,12.076,,8.94,,Theia499,109.64781961431828,Kounkel2020,4934.0,1.93291,
9651683,4.520232665640798e+18,287.434123331921,21.8189899409387,1.07179,15.7006,18.886,0.162,16.65,1.133,14.502,0.028,13.86,0.031,13.734,0.051,16.5427,0.000797,17.3333,0.005534,15.6736,0.002593,13.772,0.024,14.06,0.038,12.602,,9.096,,Theia499,109.64781961431828,Kounkel2020,4859.0,0.92994,0.79
9864344,4.520319870661356e+18,287.62483205603,22.2928458842589,1.21084,14.3929,16.965,0.042,15.457,0.092,13.371,0.022,12.989,0.017,12.914,0.029,15.0719,0.000346,15.6572,0.002102,14.343,0.001303,12.847,0.026,12.862,0.028,12.32,0.344,8.932,,Theia499,109.64781961431828,Kounkel2020,5662.0,1.08857,1.01
10229461,4.520264070443633e+18,287.691180498096,21.9959283672735,1.18407,12.4947,13.568,0.041,13.142,0.046,11.722,0.021,11.52,0.017,11.428,0.016,12.9686,0.000224,13.3468,0.000928,12.4226,0.000451,11.356,0.022,11.363,0.022,11.615,0.198,9.136,,Theia499,109.64781961431828,Kounkel2020,7087.0,1.88724,1.57
9861997,4.520441091815145e+18,287.649357769326,22.6779693131783,1.33993,16.7109,20.264,0.166,18.5272,0.0473,15.288,0.045,14.553,0.044,14.391,0.094,17.7455,0.002117,18.8137,0.01459,16.733,0.00637,14.16,0.034,14.259,0.05,12.227,,8.68,,Theia499,109.64781961431828,Kounkel2020,3704.0,0.602823,0.590386
9864064,4.520326673890162e+18,287.651625954598,22.3402797399542,1.22199,13.3824,15.467,0.041,14.375,0.137,12.459,0.021,12.156,0.018,12.043,0.021,13.9848,0.00016,14.4843,0.001295,13.3228,0.000864,11.98,0.024,11.992,0.023,11.832,0.268,9.205,,Theia499,109.64781961431828,Kounkel2020,5976.0,1.50225,1.1
9650658,4.5202267901253386e+18,287.456532889048,21.6587457356923,1.06282,15.7713,18.034,0.044,16.797,1.133,14.63,0.026,14.097,0.019,14.085,0.059,16.5362,0.000478,17.2201,0.003014,15.7262,0.002219,14.078,0.026,14.273,0.041,12.843,,9.127,,Theia499,109.64781961431828,Kounkel2020,5157.0,0.784351,0.87
351826775,4.520258843439011e+18,288.053649202745,22.1338964655039,1.12354,11.9821,12.528,0.388,12.459,0.035,11.485,0.022,11.344,0.019,11.327,0.018,12.2159,0.000194,12.4019,0.000847,11.8952,0.000442,11.291,0.023,11.342,0.023,11.23,0.151,9.054,,Theia499,109.64781961431828,Kounkel2020,8931.0,1.81563,2.25
10335664,4.52042250319571e+18,287.806514429726,22.4686023095455,1.26412,14.0766,15.819,0.042,15.079,0.08,13.095,0.022,12.671,0.018,12.521,0.023,14.7189,0.000255,15.2611,0.00145,14.0202,0.000952,12.494,0.023,12.55,0.024,12.05,,9.142,,Theia499,109.64781961431828,Kounkel2020,5737.0,1.13845,1.02
9767369,4.521102722927069e+18,287.444600275271,22.7766077830389,1.14757,14.1078,16.173,0.041,15.14,0.149,13.132,0.021,12.787,0.017,12.693,0.025,14.7696,0.000254,15.337,0.001496,14.0572,0.000911,12.6,0.024,12.657,0.027,12.002,0.385,8.943,,Theia499,109.64781961431828,Kounkel2020,5704.0,1.27183,1.02
351824379,4.520422022159312e+18,288.018959623522,22.5505406753447,1.29451,16.0955,19.763,0.167,17.6827,0.046,14.796,0.034,14.12,0.038,13.995,0.05,17.0641,0.000666,17.9426,0.005473,16.0995,0.002332,13.615,0.035,13.544,0.039,12.501,0.429,9.012,,Theia499,109.64781961431828,Kounkel2020,3920.0,0.689889,0.656281
384763357,4.520370104599166e+18,288.090803001779,22.3467827780887,0.862699,16.3567,19.707,0.175,17.6549,0.0461,15.169,0.058,14.575,0.063,14.367,0.068,17.1752,0.000593,17.9396,0.007111,16.3259,0.002964,14.347,0.045,14.468,0.06,12.243,,9.007,,Theia499,109.64781961431828,Kounkel2020,4842.0,0.831545,0.79
10337703,4.5202727978175846e+18,287.874009065518,22.1366785459149,0.632649,13.0321,14.944,0.049,13.973,0.15,12.072,0.034,11.74,0.043,11.685,,13.6542,0.000127,14.1753,0.000708,12.975,0.000573,11.492,0.022,11.529,0.022,11.248,0.146,9.196,,Theia499,109.64781961431828,Kounkel2020,5875.0,3.45969,1.06
351824534,4.520421644190307e+18,288.026408295404,22.5213783032318,1.36451,15.4907,20.27,0.163,17.5597,0.0461,13.904,0.028,13.052,0.026,12.886,0.028,16.5989,0.00076,17.792,0.005848,15.4781,0.001881,12.57,0.026,12.602,0.027,12.092,0.288,9.088,,Theia499,109.64781961431828,Kounkel2020,3981.0,1.32574,0.62
384762778,4.520372922097826e+18,288.086638709044,22.4437023450809,1.09484,13.4329,15.186,0.068,14.249,0.092,12.652,0.026,12.331,0.031,12.195,0.021,13.9826,0.000145,14.43,0.000992,13.3704,0.000665,12.177,0.024,12.161,0.024,12.419,0.504,9.121,,Theia499,109.64781961431828,Kounkel2020,6356.0,1.48969,1.26
384765360,4.520255755386385e+18,288.093545056718,22.0328056862566,1.26967,14.506,16.21,0.071,15.598,0.149,13.539,0.032,13.151,0.037,12.966,0.025,15.179,0.00051,15.7584,0.0019,14.4547,0.001415,12.955,0.024,13.021,0.027,12.629,,9.171,,Theia499,109.64781961431828,Kounkel2020,5534.0,0.989429,0.97
352209433,4.520459577355317e+18,288.298100554443,22.8488946393847,1.43781,14.3377,17.1,0.064,15.536,0.114,13.284,0.026,12.851,0.027,12.699,0.03,15.0662,0.000477,15.7118,0.002055,14.2902,0.00168,12.577,0.024,12.603,0.026,12.39,,9.183,,Theia499,109.64781961431828,Kounkel2020,5161.0,1.0644,0.87
352209679,4.520459474276014e+18,288.188115010339,22.8946969245102,1.16016,15.6416,,,16.917,1.133,14.306,0.032,13.637,0.035,13.449,0.041,16.5124,0.001242,17.3519,0.00662,15.6019,0.003115,12.955,0.023,13.026,0.027,12.241,0.342,8.726,,Theia499,109.64781961431828,Kounkel2020,4464.0,0.965002,0.7
352209677,4.5204601614708767e+18,288.309980217767,22.8945276364191,,15.1837,17.461,0.065,16.0,0.092,13.888,0.024,13.41,0.027,13.273,0.032,15.8959,0.000644,16.3551,0.010845,14.9126,0.00847,13.083,0.026,13.269,0.032,12.469,,9.148,0.533,Theia499,109.64781961431828,Kounkel2020,,,
352326727,4.520361411584799e+18,288.396404987742,22.3352720232766,0.965017,15.7682,19.226,0.167,16.843,1.133,14.55,0.031,13.951,0.037,13.822,0.045,16.6425,0.000464,17.4627,0.004434,15.7506,0.00207,13.546,0.036,13.601,0.039,12.828,,9.111,,Theia499,109.64781961431828,Kounkel2020,5119.0,1.01271,0.86
352203805,4.520058977173901e+18,288.28783644894,21.8215478887812,1.21054,13.1333,14.767,0.066,13.946,0.103,12.345,0.021,12.074,0.023,11.994,0.021,13.6602,0.000144,14.0859,0.000924,13.0723,0.000616,11.92,0.024,11.941,0.024,11.785,0.244,8.73,,Theia499,109.64781961431828,Kounkel2020,6293.0,1.50231,1.23
352324762,4.520406147966512e+18,288.314179644906,22.6961349495272,1.32218,12.9072,,,13.926,0.08,11.89,0.022,11.479,0.02,11.35,0.018,13.6167,0.000151,14.2417,0.000886,12.8636,0.00049,11.185,0.022,11.237,0.021,11.086,0.111,8.714,,Theia499,109.64781961431828,Kounkel2020,5384.0,2.12221,0.93
352322561,4.52046710213846e+18,288.408495279673,22.9991314224866,1.23742,13.9429,15.834,0.067,14.883,0.137,13.021,0.023,12.675,0.023,12.551,0.025,14.5727,0.00038,15.1043,0.001548,13.8882,0.001376,12.475,0.025,12.565,0.026,12.295,0.359,8.756,,Theia499,109.64781961431828,Kounkel2020,6040.0,1.18783,1.12
351822482,4.520451434096775e+18,287.991126541992,22.9004300128036,1.45435,15.1259,18.052,0.168,16.282,0.126,13.898,0.025,13.35,0.029,13.211,0.033,15.949,0.000457,16.7118,0.003581,15.095,0.001606,12.975,0.027,13.065,0.031,12.72,,8.793,,Theia499,109.64781961431828,Kounkel2020,4963.0,0.859729,0.82
351822530,4.520451193578625e+18,287.947309645878,22.8907189052142,1.49951,13.2772,12.744,0.058,14.232,0.092,12.315,0.022,11.94,0.022,11.852,0.021,13.9195,0.000172,14.4624,0.000995,13.2217,0.000651,,,,,,,,,Theia499,109.64781961431828,Kounkel2020,5784.0,1.38549,1.04
384760203,4.520459336837057e+18,288.164872830748,22.872907900297,0.978751,16.534,19.826,0.17,18.1008,0.0465,15.148,0.042,14.478,0.061,14.099,0.051,17.4657,0.001472,18.3825,0.010667,16.514,0.005452,14.086,0.03,14.196,0.044,12.456,,9.352,,Theia499,109.64781961431828,Kounkel2020,4484.0,0.829976,0.7
352324286,4.520455419826923e+18,288.351362701642,22.7835478217034,1.22496,16.4544,20.41,0.167,18.2292,0.0469,15.009,0.041,14.336,0.046,14.04,0.06,17.489,0.000944,18.4949,0.012707,16.4721,0.005322,13.637,0.025,13.841,0.032,12.806,,8.931,,Theia499,109.64781961431828,Kounkel2020,3751.0,0.705764,0.667576
352324666,4.5204065602833736e+18,288.340001193654,22.7151651291648,1.06456,15.8554,18.849,0.065,17.1428,0.046,14.719,0.032,14.149,0.032,13.999,0.052,16.6696,0.000635,17.4246,0.004833,15.8224,0.002683,,,,,,,,,Theia499,109.64781961431828,Kounkel2020,4894.0,0.83279,0.8
352324829,4.520405563851068e+18,288.426190236663,22.6825019720574,1.19063,12.8207,14.72,0.066,13.552,0.069,11.987,0.022,11.707,0.02,11.622,0.02,13.3639,0.000145,13.8072,0.000856,12.7562,0.000816,11.526,0.023,11.543,0.022,11.678,0.224,8.556,,Theia499,109.64781961431828,Kounkel2020,6626.0,1.79179,1.39
352208433,4.520429512582888e+18,288.241611190918,22.6675302751712,1.26922,16.5916,20.734,0.166,18.3974,0.0466,15.059,0.039,14.415,0.047,14.171,0.068,17.6245,0.000851,18.6813,0.010705,16.6128,0.003899,14.176,0.029,14.446,0.054,12.648,,9.095,,Theia499,109.64781961431828,Kounkel2020,3713.0,0.666089,0.639052
352718486,4.520413775828952e+18,288.538842838862,22.7985901131107,1.01993,15.1877,17.074,0.069,16.437,1.133,14.028,0.029,13.51,0.031,13.373,0.035,15.954,0.00105,16.6358,0.004275,15.1415,0.002818,13.248,0.029,13.332,0.037,12.186,,8.352,,Theia499,109.64781961431828,Kounkel2020,5233.0,1.05593,0.89
352326148,4.520364126004332e+18,288.427727944119,22.438589517289,1.57648,15.1786,18.18,0.17,16.568,0.15,13.838,0.037,13.123,,12.915,,16.0856,0.000455,16.9491,0.004639,15.1552,0.001452,12.811,0.023,12.868,0.024,11.897,0.275,8.868,,Theia499,109.64781961431828,Kounkel2020,4767.0,0.898166,0.77
352326650,4.5203614459445407e+18,288.404263514812,22.3491499130567,1.24878,14.5739,16.951,0.065,15.942,0.035,13.442,0.023,13.022,0.025,12.868,0.026,15.3412,0.000388,16.0246,0.002194,14.535,0.001177,12.721,0.026,12.749,0.028,12.217,,9.063,,Theia499,109.64781961431828,Kounkel2020,5654.0,1.10496,1.0
384759526,4.52047418024488e+18,288.122455484793,22.9952658237277,,15.8776,18.23,0.066,16.236,1.133,14.224,0.033,13.772,0.048,13.487,0.043,16.7103,0.001029,17.3248,0.013211,15.5728,0.013076,13.288,0.027,13.319,0.034,12.4,,8.863,,Theia499,109.64781961431828,Kounkel2020,,,
352717735,4.520403674065405e+18,288.512268704675,22.6634286206938,1.11697,15.3836,16.858,0.072,16.188,1.133,13.905,0.035,13.404,0.043,13.351,0.045,16.2288,0.000704,16.9719,0.003343,15.3191,0.009366,12.742,0.024,12.745,0.025,12.181,,9.162,,Theia499,109.64781961431828,Kounkel2020,5169.0,,
1812168623,4.520403674065405e+18,288.512268704675,22.6634286206938,1.11697,15.3836,,,16.7309,0.0462,,,,,,,16.2288,0.000704,16.9719,0.003343,15.3191,0.009366,,,,,,,,,Theia499,109.64781961431828,Kounkel2020,5169.0,,
352848865,4.52046449079815e+18,288.592136268393,22.9584620883577,1.64948,16.5066,,,18.2153,0.0467,15.173,0.043,14.368,0.042,14.197,0.06,17.5076,0.001312,18.4971,0.011667,16.5207,0.004863,14.049,0.034,14.21,0.051,12.148,0.32,8.626,,Theia499,109.64781961431828,Kounkel2020,3791.0,0.557294,0.551768
352853097,4.520170027850205e+18,288.693297364984,22.2705517025837,1.48691,15.0856,18.289,0.167,16.401,0.08,13.881,0.025,13.329,0.027,13.152,0.027,15.9168,0.000579,16.6879,0.002908,15.0521,0.0017,13.094,0.027,13.299,0.035,12.375,,9.15,,Theia499,109.64781961431828,Kounkel2020,4902.0,0.874425,0.8
353800482,4.520205418382556e+18,289.028003030618,22.5900414721638,1.19962,12.9812,15.443,0.063,13.939,0.092,11.981,0.019,11.653,0.016,11.532,0.02,13.6602,0.000136,14.2437,0.001003,12.9297,0.000747,11.457,0.023,11.487,0.022,11.721,0.34,8.947,,Theia499,109.64781961431828,Kounkel2020,6120.0,2.03773,1.15
354451298,2.022217804410898e+18,289.25129042282,22.7959638925684,0.826145,12.922,15.336,0.065,13.921,0.103,11.919,0.022,11.626,0.021,11.502,0.022,13.6149,0.000165,14.2162,0.000859,12.8699,0.00061,11.39,0.024,11.399,0.023,11.935,0.261,9.233,,Theia499,109.64781961431828,Kounkel2020,6516.0,3.03424,1.34
9639581,4.519408100640701e+18,287.424025252158,20.0716189740097,10.2392,13.1305,17.111,0.161,15.229,0.114,11.698,0.019,11.087,0.017,10.886,0.016,14.254,0.000372,15.4515,0.002229,13.1703,0.001327,10.732,0.023,10.655,0.021,10.587,0.073,8.652,,Theia506,407.3802778041122,Kounkel2020,3561.0,0.45286,0.449606
10123228,4.516318915319912e+18,287.773972969655,19.3396374580207,12.7749,12.2375,15.659,0.034,14.221,0.103,10.921,0.021,10.228,0.017,10.038,0.016,13.3185,0.000526,14.4483,0.002051,12.2699,0.001221,9.925,0.022,9.898,0.018,9.838,0.038,8.555,,Theia506,407.3802778041122,Kounkel2020,3630.0,0.511307,0.509118
385491995,4.5150324910237983e+18,290.404739415769,18.0822695744582,11.0316,12.0555,15.403,0.122,13.879,0.092,10.794,0.027,10.091,0.031,9.852,0.019,13.0886,0.000472,14.1365,0.001652,12.0786,0.000999,9.777,0.023,9.826,0.021,9.764,0.066,8.696,,Theia506,407.3802778041122,Kounkel2020,3722.0,0.598547,0.586902
359611459,2.018789114848652e+18,291.613880232767,21.3952687724005,9.7394,15.0675,20.454,0.164,,,13.353,0.033,12.748,0.033,12.455,0.038,16.4306,0.000661,18.1081,0.008774,15.1584,0.0022,11.721,0.025,11.712,0.025,11.723,0.202,8.973,,Theia506,407.3802778041122,Kounkel2020,3207.0,0.266266,0.238665
369312226,4.51557365259493e+18,292.027599421343,19.1124183871635,10.7477,16.425,20.77,0.165,,,14.41,0.041,13.919,0.048,13.276,,17.7156,0.000937,19.7082,0.034587,16.343,0.003133,,,,,,,,,Theia506,407.3802778041122,Kounkel2020,3041.0,,
370043838,2.017698571114103e+18,292.352662744025,20.1493502160479,9.04697,15.5079,20.069,0.162,,,13.774,0.024,13.193,0.023,12.927,0.029,16.9009,0.000817,18.6716,0.01407,15.6075,0.002799,12.681,0.035,12.596,0.038,11.132,,8.413,,Theia506,407.3802778041122,Kounkel2020,3153.0,0.235678,0.205527
370637329,2.018553132137032e+18,292.634029289675,22.1095843545128,10.3018,13.9237,18.672,0.162,,,12.226,0.026,11.661,0.031,11.38,0.024,15.2751,0.001028,16.9376,0.008408,14.0133,0.002266,11.051,0.023,10.937,0.023,10.888,0.115,8.857,,Theia506,407.3802778041122,Kounkel2020,3219.0,0.37995,0.368682
370403017,2.018069759351099e+18,292.483212280815,21.3289967693368,12.62,13.1589,17.439,0.162,15.465,0.172,11.699,0.019,11.055,0.016,10.834,0.017,14.3383,0.00029,15.6435,0.002196,13.2106,0.001101,10.701,0.022,10.609,0.021,10.671,0.113,8.577,,Theia506,407.3802778041122,Kounkel2020,3469.0,0.394515,0.385274
351839800,4.5164793452614175e+18,288.032247264987,19.8897379924126,4.6503,13.1716,15.683,0.0,14.388,0.126,11.992,0.023,11.381,0.023,11.227,0.018,13.9543,0.000916,14.6997,0.004884,13.118,0.003132,11.111,0.023,11.192,0.021,10.794,0.085,8.411,,Theia527,281.8382931264449,Kounkel2020,4415.0,0.674982,0.691
10223320,4.519622329290057e+18,287.699027292885,21.0350979605431,5.36663,16.7242,,,,,15.072,0.035,14.411,0.033,14.231,0.076,18.0826,0.001067,19.6656,0.033013,16.807,0.003493,14.122,0.073,14.068,0.082,12.234,,9.254,,Theia527,281.8382931264449,Kounkel2020,3251.0,0.220261,0.189431
352711462,4.520040384223201e+18,288.485531260585,21.6195020137628,3.29255,11.7501,12.848,0.475,12.51,0.057,10.962,0.019,10.624,0.016,10.571,0.019,12.2756,0.000453,12.704,0.001453,11.6933,0.001173,10.458,0.022,10.478,0.02,10.63,0.086,8.728,,Theia527,281.8382931264449,Kounkel2020,5537.0,1.11272,0.974
384766614,4.520244588470751e+18,288.064461150482,21.8388341324333,3.45881,13.6008,17.039,0.167,15.178,0.114,12.263,0.029,11.599,0.03,11.378,0.02,14.5139,0.000411,15.4466,0.002199,13.5601,0.000998,11.34,0.023,11.335,0.02,11.335,0.179,8.823,,Theia527,281.8382931264449,Kounkel2020,4101.0,0.959776,0.642
1811914964,4.520144734747928e+18,288.644304285645,21.9903720133416,3.42462,12.7961,,,13.7782,0.0459,,,,,,,13.4596,0.000245,14.0308,0.002505,12.7322,0.002612,,,,,,,,,Theia527,281.8382931264449,Kounkel2020,4992.0,,
384867032,4.519943803323131e+18,288.138833871376,21.0059259374877,,12.9639,15.971,0.168,14.107,0.092,11.689,0.027,11.089,0.03,10.947,0.022,13.7173,0.000938,14.4291,0.003883,12.8844,0.002271,10.882,0.023,10.899,0.021,11.332,0.165,9.143,,Theia527,281.8382931264449,Kounkel2020,,,
353269768,4.51997393248921e+18,288.707950199323,21.3527801727557,3.9228,12.2112,16.823,0.163,13.073,0.103,11.278,0.02,10.902,0.016,10.793,0.018,12.8052,0.000514,13.3099,0.001619,12.1485,0.001237,10.734,0.023,10.763,0.021,10.87,0.084,9.024,,Theia527,281.8382931264449,Kounkel2020,4974.0,0.886046,0.822
278970575,4.516816895329412e+18,290.092393243356,21.0398902940136,,13.9976,18.257,0.162,15.908,0.309,12.247,0.022,11.584,0.031,11.329,0.022,15.0244,0.000439,16.2504,0.002521,13.9203,0.000887,11.209,0.024,11.225,0.022,10.97,0.096,8.855,,Theia527,281.8382931264449,Kounkel2020,,,
352854836,4.520144734747928e+18,288.644304285645,21.9903720133416,3.42462,12.7961,14.324,0.068,13.526,0.08,11.569,0.026,11.117,0.027,10.953,0.024,13.4596,0.000245,14.0308,0.002505,12.7322,0.002612,10.68,0.023,10.755,0.021,11.052,0.108,9.075,,Theia527,281.8382931264449,Kounkel2020,4992.0,,
353788988,4.5168639681716767e+18,288.955719691364,20.7099549552406,3.40213,12.6555,15.861,0.167,13.691,0.057,11.65,0.02,11.194,0.022,11.069,0.018,13.3659,0.00051,13.9921,0.001837,12.6136,0.001325,10.971,0.022,11.054,0.021,11.159,0.118,9.198,,Theia527,281.8382931264449,Kounkel2020,5470.0,0.931224,0.96
354188465,4.515256276013655e+18,289.198243821386,18.4818360794894,4.86946,12.6826,15.041,0.058,13.712,0.114,11.527,0.023,10.884,0.023,10.725,0.02,13.4231,0.000411,14.1059,0.001492,12.6355,0.001216,10.472,0.023,10.584,0.021,10.712,0.109,9.21,,Theia527,281.8382931264449,Kounkel2020,4670.0,0.740101,0.744
356715548,4.515417079590695e+18,289.787109912366,19.3703599784332,2.94505,12.2217,13.647,0.033,12.952,0.114,11.428,0.022,11.093,0.022,11.008,0.018,12.7214,0.000887,13.1489,0.003564,12.1414,0.002427,10.975,0.024,11.005,0.023,10.961,0.097,9.28,,Theia527,281.8382931264449,Kounkel2020,8087.0,0.916246,1.96
354576904,2.022134997436994e+18,289.452567091083,22.2469523915623,3.41234,15.9143,18.159,0.17,18.4284,0.0488,13.959,0.036,13.363,0.041,13.122,0.041,17.1135,0.000781,18.5719,0.015893,15.8548,0.007864,12.726,0.03,12.73,0.028,12.017,,9.02,,Theia527,281.8382931264449,Kounkel2020,3562.0,0.488932,0.491
354982339,4.5170961669627786e+18,289.563913536998,21.6828156117063,4.76938,11.7718,13.477,0.066,12.513,0.069,10.994,0.019,10.599,0.032,10.527,0.029,12.3145,0.000213,12.7667,0.000909,11.717,0.000645,10.449,0.023,10.52,0.022,10.819,0.144,8.868,,Theia527,281.8382931264449,Kounkel2020,5266.0,0.802322,0.902
353665855,4.516234738294227e+18,289.058312797132,19.6449671157914,3.23211,11.3422,12.86,0.328,12.015,0.024,10.735,,10.47,0.027,10.384,0.031,11.7869,0.000395,12.1413,0.00165,11.2876,0.001213,10.265,0.024,10.3,0.02,10.623,0.141,9.274,,Theia527,281.8382931264449,Kounkel2020,6515.0,1.15102,1.34
354331107,4.516884137339861e+18,289.263679635252,20.708156952611,4.33617,14.105,17.904,0.162,16.025,0.469,12.56,,11.89,0.026,11.695,0.025,15.1292,0.000276,16.3017,0.001786,14.05,0.00092,11.4,0.023,11.399,0.022,11.751,0.268,9.155,,Theia527,281.8382931264449,Kounkel2020,3756.0,0.69061,0.566
357422739,4.515829396453292e+18,290.348310427617,19.8072948986931,4.827,14.3865,18.734,0.164,16.344,0.24,13.06,0.03,12.37,0.031,12.157,0.026,15.4817,0.000509,16.6172,0.003119,14.4191,0.001762,11.866,0.027,11.895,0.029,11.892,0.266,9.075,,Theia527,281.8382931264449,Kounkel2020,3616.0,0.509104,0.506981
385476523,4.515815755636076e+18,290.43956382177,19.6795050242329,2.7494,11.7732,12.986,0.017,12.359,0.046,11.083,0.024,10.794,0.032,10.754,0.021,12.2119,0.000185,12.5701,0.000868,11.696,0.000481,10.607,0.024,10.648,0.021,10.895,0.111,9.015,,Theia527,281.8382931264449,Kounkel2020,7734.0,1.09501,1.82
279117190,4.515103890561641e+18,289.988726008645,18.4313381672209,4.6013,14.3255,18.646,0.163,16.373,0.286,12.809,0.023,12.144,0.028,11.913,0.021,15.5177,0.000682,16.8064,0.004217,14.3763,0.00177,11.779,0.025,11.762,0.025,11.771,0.249,9.005,,Theia527,281.8382931264449,Kounkel2020,3471.0,0.56827,0.561395
385072624,4.516764531085221e+18,289.921530471264,20.6066814977017,2.00226,11.6035,13.506,0.069,12.22,0.034,10.858,0.029,10.571,0.031,10.5,0.02,12.0326,0.000202,12.4148,0.000909,11.4886,0.000473,10.421,0.023,10.452,0.02,10.839,0.086,9.372,,Theia527,281.8382931264449,Kounkel2020,10212.0,1.60595,2.62
278982405,4.51577844095906e+18,289.980041834601,19.2901683818192,3.41832,13.4342,15.594,0.034,14.527,0.149,12.375,0.032,11.846,0.037,11.69,0.032,14.1544,0.000401,14.811,0.001613,13.3864,0.00147,11.405,0.024,11.496,0.024,12.324,0.374,9.025,,Theia527,281.8382931264449,Kounkel2020,4747.0,0.715192,0.762
353924963,4.520119519031834e+18,289.184847068381,21.9302221784877,3.63373,13.8516,16.735,0.06,15.273,0.229,12.695,0.02,12.082,0.024,11.952,0.025,14.668,0.000286,15.481,0.001562,13.7936,0.001014,11.524,0.023,11.718,0.023,12.813,,9.175,,Theia527,281.8382931264449,Kounkel2020,4140.0,0.701789,0.648
354726136,4.5161678011978383e+18,289.394035280735,19.3933109940895,3.24186,13.0457,14.984,0.12,13.759,0.126,12.123,0.019,11.651,0.022,11.575,0.02,13.6485,0.000395,14.1911,0.001417,12.9693,0.001312,11.424,0.024,11.487,0.024,10.996,0.108,8.894,,Theia527,281.8382931264449,Kounkel2020,8356.0,,
385482503,4.515710511753232e+18,290.415794577076,19.0762192806263,5.47734,16.1265,,,,,14.47,0.043,13.752,0.044,13.535,0.039,17.5081,0.001771,19.1654,0.035452,16.2166,0.005085,,,,,,,,,Theia527,281.8382931264449,Kounkel2020,3207.0,0.283872,0.258327
358124154,4.515973428152212e+18,290.844868850302,20.4874855746031,4.28083,16.4683,20.215,0.167,18.9088,0.0508,14.755,0.041,14.019,,13.744,,17.6069,0.000937,19.1049,0.022868,16.4016,0.003417,13.626,0.042,13.901,0.068,12.493,0.482,8.705,,Theia527,281.8382931264449,Kounkel2020,3396.0,,
355520556,4.5159601996559273e+18,291.275684379509,20.3918960721614,3.90264,16.9272,,,,,15.17,0.045,14.435,0.047,14.281,0.07,18.3942,0.001678,20.0595,0.04658,17.0237,0.006542,,,,,,,,,Theia527,281.8382931264449,Kounkel2020,3166.0,0.283091,0.257447
1921666451,4.515831526746301e+18,290.150468967069,19.8025045742577,3.24049,15.4349,,,,,,,,,,,15.8649,0.001952,,0.0,,0.0,,,,,,,,,Theia527,281.8382931264449,Kounkel2020,,,
10450226,4.516083246207464e+18,287.92514076104,18.9607321617937,2.96193,15.1323,18.881,0.162,17.011,1.133,13.754,0.023,13.084,0.019,12.875,0.027,16.2059,0.001072,17.3097,0.005286,15.1607,0.002062,12.765,0.025,12.858,0.025,12.357,,9.2,,Theia527,281.8382931264449,Kounkel2020,3652.0,0.566084,0.559494
1811915009,4.520144739081129e+18,288.644011553914,21.9910235882194,3.23755,13.7135,,,14.9748,0.046,,,,,,,14.5062,0.000681,15.2317,0.005435,13.6378,0.002701,,,,,,,,,Theia527,281.8382931264449,Kounkel2020,4472.0,0.760185,0.7
358434571,4.515755729170425e+18,290.921122116609,19.6121123068769,3.76435,13.7746,16.407,-0.095,15.05,0.069,12.626,0.022,11.979,0.024,11.843,0.022,14.6242,0.000611,15.4487,0.003107,13.7368,0.002139,11.684,0.025,11.764,0.023,11.011,0.134,8.718,,Theia527,281.8382931264449,Kounkel2020,4434.0,0.693105,0.694
354739749,4.5151891027227177e+18,289.4630921763,18.188490745278,3.46846,14.3265,17.952,0.165,16.026,0.149,13.074,0.022,12.382,0.019,12.229,0.019,15.2851,0.001433,16.2109,0.005095,14.3341,0.00376,12.144,0.028,12.188,0.028,11.82,0.234,8.704,,Theia527,281.8382931264449,Kounkel2020,3886.0,0.621249,0.60509
278977326,4.516588025117788e+18,289.998352448212,19.9559763422152,3.62834,14.349,17.097,-0.178,15.999,0.035,13.073,0.025,12.4,0.035,12.198,0.026,15.3178,0.000716,16.2683,0.002977,14.3591,0.002676,12.034,0.024,11.87,0.024,10.577,0.074,5.975,0.038,Theia527,281.8382931264449,Kounkel2020,3854.0,0.609008,0.595376
278981941,4.515780193305721e+18,290.068564376478,19.3513151035146,3.96612,13.4333,15.734,0.057,14.52,0.183,12.343,0.022,11.717,0.028,11.6,0.023,14.1617,0.000306,14.8484,0.001774,13.3748,0.000931,11.584,0.027,11.684,0.032,11.208,0.122,8.868,,Theia527,281.8382931264449,Kounkel2020,4417.0,0.648112,0.691
357585523,4.515745318169264e+18,290.729258638343,19.3762579700317,3.35393,15.7026,20.044,0.164,18.0402,0.047,14.239,0.029,13.541,0.029,13.29,0.033,16.9125,0.001111,18.2709,0.01121,15.759,0.003237,12.915,0.037,12.925,0.038,11.556,0.253,9.004,0.466,Theia527,281.8382931264449,Kounkel2020,3426.0,0.454202,0.451033
355397639,4.515488822727703e+18,291.341475930857,18.9990014041848,3.33258,14.4742,18.631,0.163,16.761,0.412,12.992,0.024,12.261,0.023,12.062,0.025,15.6386,0.001308,16.8935,0.008112,14.5204,0.003389,11.919,0.029,11.886,0.028,11.634,,7.983,,Theia527,281.8382931264449,Kounkel2020,3504.0,0.669683,0.641682
368552875,4.51567628947777e+18,291.83050146191,19.7474714482331,3.25056,14.3719,17.586,0.168,16.02,0.149,13.199,0.028,12.505,0.026,12.386,0.026,15.3117,0.000356,16.2151,0.003209,14.3765,0.001534,12.26,0.033,12.415,0.041,12.44,0.539,8.935,,Theia527,281.8382931264449,Kounkel2020,3925.0,0.618026,0.602553
358440560,4.5159551531040026e+18,290.945542979912,20.2643585499297,2.76528,6.35878,6.396,0.022,6.40864,0.023,6.187,0.021,6.236,0.027,6.195,0.016,6.36261,0.000461011,6.40118,0.001415,6.31853,0.001184,6.167,0.107,6.1,0.035,6.225,0.016,5.547,0.032,Theia527,281.8382931264449,Kounkel2020,9772.0,7.47542,
354865750,4.516877127952744e+18,289.564937490394,20.7870272242273,5.1312,15.072,19.342,0.163,17.5549,0.0462,13.563,0.025,12.896,0.024,12.631,0.026,16.3182,0.00053,17.7715,0.005703,15.1382,0.001554,12.585,0.033,12.555,0.034,12.549,0.375,9.272,,Theia527,281.8382931264449,Kounkel2020,3362.0,0.415818,0.409218
355384563,4.514999299525352e+18,289.685808568196,18.1901337151002,4.2601,12.6325,14.666,0.067,13.554,0.092,11.701,0.022,11.193,0.021,11.088,0.02,13.295,0.000483,13.8768,0.002131,12.5892,0.001312,11.055,0.023,11.145,0.024,11.176,0.163,8.683,,Theia527,281.8382931264449,Kounkel2020,6610.0,0.659565,1.382
385072236,4.5167633972138455e+18,289.954321423904,20.5579840993162,4.16621,16.1482,20.24,0.168,,,14.489,0.046,13.862,0.037,13.625,0.047,17.4922,0.000925,19.2029,0.018236,16.2395,0.003828,,,,,,,,,Theia527,281.8382931264449,Kounkel2020,3200.0,0.342797,0.325881
369300848,4.51562917793656e+18,292.066249625634,19.6273711167027,5.8965,16.3811,20.77,0.166,,,14.405,0.042,13.85,0.044,13.607,0.051,17.6617,0.001104,19.43,0.032709,16.3001,0.003978,,,,,,,,,Theia527,281.8382931264449,Kounkel2020,3214.0,,
370906418,4.323328992286207e+18,292.596945881461,18.5216282673662,2.8331,16.7277,20.65,0.172,,,14.748,0.061,14.149,0.061,13.557,,17.9569,0.001283,19.6713,0.038183,16.6241,0.004907,,,,,,,,,Theia527,281.8382931264449,Kounkel2020,3195.0,,
360113455,4.323305597615545e+18,291.635785930176,18.6218401019928,3.14938,11.9553,,,12.6128,0.0459,11.14,,10.822,,10.842,0.026,12.4397,0.000685,12.8241,0.002729,11.8962,0.002006,10.574,0.05,10.569,0.048,10.478,0.152,7.78,,Theia527,281.8382931264449,Kounkel2020,5687.0,0.984246,1.012
359463568,4.323298450790225e+18,291.592889903285,18.4251482998594,4.3693,12.7024,14.832,0.122,13.715,0.16,11.749,0.021,11.209,0.021,11.063,0.02,13.3741,0.000305,13.983,0.001428,12.6457,0.000823,10.856,0.025,10.988,0.027,11.769,,8.882,,Theia527,281.8382931264449,Kounkel2020,4626.0,0.74386,0.734
369415512,4.32342032046901e+18,292.153235787475,19.1299571066174,2.71594,15.868,19.588,0.166,18.0256,0.0476,14.401,0.032,13.697,0.038,13.515,0.039,17.0602,0.000589,18.2289,0.015122,15.9093,0.004039,12.921,0.035,13.178,0.036,12.408,,8.538,,Theia527,281.8382931264449,Kounkel2020,3537.0,0.490302,0.488389
370906394,4.3233289966048814e+18,292.593001854429,18.5243561375143,2.98987,11.2369,12.252,0.258,11.727,0.018,10.655,0.02,10.388,0.026,10.328,0.024,11.649,0.000371,11.9664,0.000691,11.1825,0.000533,10.036,0.022,10.066,0.021,10.046,0.101,8.689,,Theia527,281.8382931264449,Kounkel2020,6011.0,1.26882,1.11
358261374,4.3228886421838167e+18,290.973266440592,18.0083522847766,3.34593,15.8704,20.052,0.164,18.1938,0.0513,14.119,0.031,13.523,0.033,13.193,0.033,17.0162,0.001244,18.364,0.025257,15.7958,0.004078,,,,,,,,,Theia527,281.8382931264449,Kounkel2020,3630.0,,
369564942,2.017691424287696e+18,292.182860715859,20.0643666419058,4.2441,11.2116,12.959,0.066,11.794,0.057,10.581,0.02,10.298,0.023,10.227,0.018,11.6547,0.000295,12.0039,0.000818,11.1561,0.000535,10.086,0.024,10.118,0.022,10.788,0.248,8.858,,Theia527,281.8382931264449,Kounkel2020,6324.0,0.935009,1.25
369154960,2.0193772161245207e+18,292.100023951938,22.5175007015235,2.60862,17.255,19.424,0.091,,,15.458,0.069,14.913,0.082,14.584,0.109,18.609,0.001814,20.1654,0.063327,17.3353,0.009773,,,,,,,,,Theia531,173.78008287493762,Kounkel2020,3264.0,0.351037,0.335407
370636829,2.019304304755429e+18,292.620673058972,22.1608686081828,2.80865,14.598,18.266,0.165,16.32,0.069,13.27,0.022,12.672,0.024,12.43,0.025,15.6107,0.000422,16.6223,0.003251,14.6156,0.001415,12.364,0.042,12.482,0.047,12.076,,8.761,,Theia531,173.78008287493762,Kounkel2020,3765.0,0.669369,0.641453
368963350,2.0193906808030584e+18,291.951101389863,22.5745860994415,2.46245,12.0881,13.746,0.066,12.638,0.046,11.444,0.02,11.219,0.016,11.104,0.02,12.537,0.000421,12.8856,0.001646,12.029,0.001208,11.088,0.024,11.139,0.023,11.004,0.136,8.709,,Theia531,173.78008287493762,Kounkel2020,5905.0,1.10271,1.073
355121123,4.517077170349221e+18,289.666513757242,21.4957157660499,1.89127,14.6997,17.276,0.064,15.72,0.126,13.614,0.024,13.092,0.026,12.903,0.027,15.4692,0.000371,16.1627,0.002234,14.6679,0.001487,12.895,0.028,13.02,0.033,11.918,,8.816,0.457,Theia738,338.8441561392021,Kounkel2020,5553.0,0.701527,0.98
356576661,4.5170283451376087e+18,289.7162942461,21.3911041022111,1.97937,16.6286,19.433,0.168,18.7319,0.0487,14.7,0.036,13.84,0.085,13.687,0.05,17.7296,0.001073,18.8655,0.018363,16.5008,0.007177,13.536,0.053,13.592,0.065,11.639,,8.358,,Theia738,338.8441561392021,Kounkel2020,3843.0,0.526928,0.59
354583385,4.517048445610221e+18,289.352893164645,21.3315473730533,1.84157,15.6801,20.466,0.163,17.625,0.0464,14.258,0.03,13.514,0.028,13.344,0.038,16.7801,0.000793,17.8753,0.009348,15.7095,0.002458,13.263,0.029,13.333,0.033,12.805,,8.99,,Theia738,338.8441561392021,Kounkel2020,3639.0,0.670266,0.642108
355113367,2.0221507341977613e+18,289.641742333475,22.6008192362882,0.920716,13.9446,16.353,0.06,15.017,0.114,12.834,,12.407,,12.3,0.026,14.6951,0.000195,15.3567,0.001691,13.9005,0.000656,12.175,0.023,12.265,0.023,12.379,0.388,9.071,,Theia738,338.8441561392021,Kounkel2020,6147.0,1.87445,1.17
353921718,2.022192378203351e+18,289.17823109827,22.4947560454282,1.97113,16.2133,16.144,0.084,18.1579,0.0475,14.44,0.056,13.716,0.049,13.383,0.056,17.2733,0.000732,18.3753,0.014921,16.1576,0.005785,12.601,0.026,12.633,0.031,11.601,,8.888,,Theia738,338.8441561392021,Kounkel2020,3981.0,,
357283570,4.516815276104878e+18,290.296248757543,21.0791519576209,3.08679,15.2421,19.322,0.164,17.2541,0.0461,13.789,0.027,13.118,0.028,12.902,0.03,16.3476,0.000611,17.5237,0.005308,15.278,0.001872,12.656,0.028,12.662,0.032,12.072,,8.874,,Theia738,338.8441561392021,Kounkel2020,3584.0,0.545998,0.541641
9764203,4.5203186337109386e+18,287.467402193029,22.2404660544763,1.2766,16.2823,20.317,0.163,18.0367,0.0462,14.835,0.031,14.073,0.033,13.909,0.056,17.2841,0.000588,18.3153,0.00792,16.275,0.002444,13.924,0.038,14.024,0.043,11.979,0.308,8.813,,Theia738,338.8441561392021,Kounkel2020,4244.0,0.821045,0.66
278970020,4.517005392853836e+18,290.036316626417,21.1268146956886,1.73299,15.605,19.483,0.166,16.934,1.133,14.337,0.031,13.613,0.036,13.357,0.034,16.5792,0.000558,17.5199,0.009543,15.6141,0.002895,13.361,0.024,13.605,0.032,12.494,,9.339,,Theia738,338.8441561392021,Kounkel2020,3857.0,0.691297,0.657288
357282282,4.516825588343646e+18,290.343117411915,21.2432659674374,1.76755,17.053,21.254,0.171,19.587,0.0611,15.286,0.057,14.517,0.059,14.365,0.079,18.3711,0.001466,19.7268,0.043696,17.1162,0.007145,13.988,0.041,14.199,0.052,11.985,,8.702,,Theia738,338.8441561392021,Kounkel2020,3374.0,0.505292,0.503262
385363355,2.0190201840708736e+18,290.418654958639,21.4212999097504,2.11356,13.1038,17.493,0.165,13.847,0.126,12.258,0.025,11.946,0.03,11.838,0.02,13.6446,0.000356,14.1081,0.001229,13.0288,0.000997,11.771,0.024,11.883,0.025,12.11,,9.103,,Theia738,338.8441561392021,Kounkel2020,7806.0,0.892278,1.852
385364334,4.516827649928025e+18,290.402466464622,21.3076661207807,1.5806,14.7837,19.017,0.164,16.138,0.183,13.539,0.025,13.005,0.033,12.806,0.024,15.673,0.000639,16.5128,0.005231,14.7739,0.001705,12.709,0.026,12.808,0.029,12.652,0.531,8.744,,Theia738,338.8441561392021,Kounkel2020,5221.0,0.989498,0.89
385693016,2.019037089061585e+18,290.571783580057,21.8027896789469,1.66552,12.8255,14.382,0.068,13.704,0.114,11.87,0.025,11.56,0.03,11.421,0.018,13.4804,0.000152,14.0392,0.001127,12.7735,0.000547,11.319,0.023,11.357,0.022,11.522,0.167,9.126,,Theia738,338.8441561392021,Kounkel2020,5967.0,1.54602,1.09
357707417,2.019076534046236e+18,290.619921248687,22.0516398226001,1.68655,13.8096,15.983,0.066,14.783,0.137,12.884,0.022,12.428,0.022,12.355,0.022,14.4781,0.000414,15.0526,0.002003,13.7599,0.00146,12.24,0.026,12.27,0.027,11.918,,8.786,,Theia738,338.8441561392021,Kounkel2020,5941.0,0.991673,1.09
356994009,4.516586715121396e+18,290.140228429452,19.9861844139726,1.60774,9.8869,10.99,0.067,10.41,0.005,9.124,0.02,9.029,0.024,8.928,0.02,10.2517,0.000183,10.5861,0.000641,9.76853,0.000682,8.847,0.023,8.853,0.018,8.805,0.027,7.754,0.148,Theia738,338.8441561392021,Kounkel2020,11561.0,3.82073,3.05
357271481,2.022163997057918e+18,290.243411604938,22.6926356172789,1.53346,13.5612,16.194,0.061,14.776,0.103,12.418,0.018,11.943,0.019,11.799,0.019,14.3689,0.000196,15.1038,0.001286,13.5338,0.000625,11.732,0.024,11.806,0.023,11.863,0.3,9.238,,Theia738,338.8441561392021,Kounkel2020,5634.0,1.52886,1.0
357272873,2.019157687421029e+18,290.276648332644,22.5159394368382,1.71653,13.2179,14.226,0.068,14.172,0.137,12.043,0.026,11.697,0.028,11.571,0.027,13.965,0.00046,14.5799,0.002628,13.1312,0.002554,11.421,0.025,11.449,0.024,11.436,0.255,8.505,,Theia738,338.8441561392021,Kounkel2020,6003.0,1.42881,1.11
385582954,4.515810940953241e+18,290.506297683234,19.5825155649854,2.18968,16.9631,,,,,14.986,0.047,14.156,0.042,13.877,0.131,18.3636,0.001382,19.9981,0.057008,17.0525,0.006914,,,,,,,,,Theia738,338.8441561392021,Kounkel2020,3209.0,0.508962,0.506842
385693030,2.019037192140783e+18,290.58784425649,21.8044995421495,1.94018,16.801,,,19.0658,0.0511,15.227,0.081,14.471,0.068,14.243,0.066,18.0116,0.001368,19.2768,0.02612,16.8501,0.005013,,,,,,,,,Theia738,338.8441561392021,Kounkel2020,3473.0,0.491627,0.489719
385075747,4.5169794812942966e+18,289.919872241927,21.0070830991542,1.62926,16.7312,21.052,0.169,19.0273,0.0496,15.129,0.053,14.306,0.064,14.195,0.072,17.927,0.001226,19.265,0.020839,16.7845,0.005903,13.932,0.053,14.089,0.064,12.636,0.48,8.104,,Theia738,338.8441561392021,Kounkel2020,3443.0,0.562447,0.556314
385303366,2.0191402713628268e+18,290.430508226274,22.359323163083,1.52702,14.3007,16.15,0.07,15.501,0.16,13.244,0.032,12.749,0.032,12.641,0.026,15.0176,0.000569,15.648,0.002553,14.2542,0.001474,12.616,0.033,12.745,0.036,12.752,,9.011,,Theia738,338.8441561392021,Kounkel2020,6514.0,0.913804,1.34
1852610168,2.019129104447213e+18,290.454494850864,22.1966416777812,1.71631,15.7804,,,17.5283,0.0467,,,,,,,16.7931,0.00069,17.7439,0.011418,15.7281,0.004675,,,,,,,,,Theia738,338.8441561392021,Kounkel2020,4609.0,0.744724,0.73
354462612,2.022245184788463e+18,289.367193939253,22.9922178813533,2.96077,16.7048,,,19.2764,0.0549,15.014,0.043,14.399,0.042,14.191,0.058,18.0099,0.001077,19.4381,0.03141,16.7725,0.008023,,,,,,,,,Theia738,338.8441561392021,Kounkel2020,3346.0,0.365603,0.35221
385357668,2.019054268931092e+18,290.378419595061,21.9501338490914,1.62147,15.5909,19.042,0.172,16.699,1.133,14.245,0.05,13.624,0.054,13.405,0.052,16.5253,0.00061,17.4346,0.005014,15.5835,0.002834,12.895,0.03,13.015,0.037,11.96,,8.453,,Theia738,338.8441561392021,Kounkel2020,4723.0,0.756174,0.76
385306656,2.019054028412887e+18,290.413906509546,21.9634263011631,1.63135,15.9419,19.906,0.189,17.6857,0.0467,14.547,0.097,13.793,0.116,13.563,0.116,16.9591,0.000843,17.9621,0.012532,15.9585,0.002939,,,,,,,,,Theia738,338.8441561392021,Kounkel2020,3768.0,0.676338,0.646524
385693748,2.0190730637126392e+18,290.549023745552,21.8886218924853,1.64465,15.1911,18.14,0.063,16.369,0.206,14.066,0.027,13.355,0.032,13.202,0.025,16.0545,0.00046,16.8603,0.004507,15.1804,0.00145,13.145,0.042,13.363,0.048,12.755,,8.619,,Theia738,338.8441561392021,Kounkel2020,5738.0,0.723602,1.03
385696729,2.019134464566912e+18,290.561208856814,22.2202934964507,1.62326,12.4767,13.469,0.072,13.219,0.092,11.616,0.036,11.257,0.041,11.175,0.035,13.0438,0.000341,13.5194,0.00101,12.4089,0.000773,10.495,0.023,10.576,0.021,10.965,0.117,9.178,,Theia738,338.8441561392021,Kounkel2020,7137.0,1.59622,1.59
357705661,2.019060728565382e+18,290.618263747903,21.8430186001986,1.64275,14.1215,16.197,0.066,15.448,0.195,13.012,0.024,12.521,0.023,12.456,0.025,14.8744,0.000353,15.5557,0.002649,14.0746,0.001488,12.318,0.027,12.486,0.03,12.365,,8.756,0.418,Theia738,338.8441561392021,Kounkel2020,4885.0,1.10552,0.8
385695306,2.0190795576748813e+18,290.593748489425,22.0630091300633,1.64889,13.9497,15.848,0.067,14.847,0.092,12.954,0.025,12.529,0.029,12.437,0.022,14.6257,0.000562,15.2053,0.002564,13.8971,0.001623,12.394,0.025,12.469,0.028,11.643,0.29,8.905,,Theia738,338.8441561392021,Kounkel2020,5669.0,0.981599,1.01
385695980,2.0190813057235128e+18,290.542818490855,22.1335676150932,1.65131,11.6158,12.498,0.423,12.209,0.031,10.987,0.027,10.808,0.03,10.747,0.02,11.9552,0.000276,12.2441,0.000882,11.5156,0.000673,10.63,0.023,10.657,0.02,10.563,0.068,9.135,,Theia738,338.8441561392021,Kounkel2020,9386.0,1.70863,2.38
385776435,2.019154874252874e+18,290.561733350604,22.5078969605691,1.68384,14.5241,16.829,0.068,15.559,0.126,13.454,0.029,12.911,0.031,12.815,0.033,15.2614,0.000564,15.9166,0.0022,14.4838,0.001464,12.723,0.025,12.789,0.026,12.579,,8.786,,Theia738,338.8441561392021,Kounkel2020,5424.0,0.825085,0.94
357707483,2.0190767745643584e+18,290.678605392159,22.0592963119745,1.62804,12.9238,14.937,0.066,13.626,0.103,12.106,0.022,11.786,0.018,11.7,0.019,13.472,0.000345,13.9238,0.001647,12.8601,0.000883,11.686,0.026,11.726,0.026,11.705,0.332,8.948,,Theia738,338.8441561392021,Kounkel2020,6759.0,1.26487,1.45
357707987,2.0190860516942607e+18,290.647178378033,22.1187169813405,1.7307,11.7968,13.473,0.067,12.457,0.069,11.015,0.023,10.719,0.022,10.646,0.022,12.3041,0.000194,12.7095,0.00109,11.7273,0.000747,10.487,0.023,10.537,0.021,10.657,0.144,8.708,,Theia738,338.8441561392021,Kounkel2020,6746.0,1.88792,1.44
357708073,2.0190831611493847e+18,290.688538523745,22.1302508212646,1.87972,11.1513,12.078,0.241,11.394,0.017,10.593,0.022,10.429,0.021,10.393,0.019,11.4636,0.000505,11.7118,0.000974,11.0821,0.00112,10.296,0.023,10.329,0.02,10.448,0.108,8.586,,Theia738,338.8441561392021,Kounkel2020,7918.0,1.77992,1.9
354574922,2.022190522777494e+18,289.412759331677,22.5286371990221,1.56497,14.6717,17.557,0.168,16.01,0.172,13.37,0.027,12.876,0.028,12.726,0.028,15.5519,0.000296,16.3709,0.001905,14.6459,0.001335,12.476,0.025,12.601,0.026,12.434,,9.103,,Theia738,338.8441561392021,Kounkel2020,5087.0,1.05396,0.85
356565381,2.0222259820291927e+18,289.739050687836,22.8746687774569,1.11145,14.3406,16.755,0.065,15.482,0.458,13.222,0.024,12.67,0.027,12.567,0.026,15.1245,0.000267,15.8252,0.002185,14.3035,0.000855,12.469,0.036,12.525,0.036,12.607,,8.746,,Theia738,338.8441561392021,Kounkel2020,5853.0,1.38934,1.06
278969905,4.517006354926548e+18,289.971314807556,21.1451757158488,1.96828,16.8725,20.933,0.175,18.9047,0.0528,15.267,0.066,14.352,,14.39,0.086,17.9363,0.00108,19.1489,0.031536,16.8256,0.006266,13.84,0.04,13.958,0.052,12.463,,9.105,,Theia738,338.8441561392021,Kounkel2020,3769.0,0.450078,0.57
357010487,2.019105739821132e+18,290.127536196511,22.0926963561717,1.67701,13.4984,15.462,0.067,14.464,0.137,12.484,0.024,12.088,0.023,11.961,0.023,14.1733,0.000396,14.7708,0.001737,13.4322,0.001698,11.823,0.024,11.857,0.023,11.671,0.175,9.178,,Theia738,338.8441561392021,Kounkel2020,7601.0,1.12942,1.77
357009372,2.01910082637843e+18,290.213407259851,21.9542166921358,1.95444,13.9191,16.459,0.064,14.863,0.149,12.899,0.021,12.377,0.022,12.258,0.021,14.6063,0.000243,15.2158,0.001609,13.8697,0.001124,12.182,0.025,12.311,0.026,12.341,,9.412,,Theia738,338.8441561392021,Kounkel2020,4979.0,0.918896,0.82
357282037,4.516826653495558e+18,290.310971773122,21.2787218330073,2.39726,13.7375,17.875,0.166,14.414,0.092,12.801,0.029,12.288,0.031,12.158,0.033,14.3997,0.000715,14.982,0.003136,13.6835,0.002011,11.787,0.026,11.824,0.025,12.017,0.476,9.13,,Theia738,338.8441561392021,Kounkel2020,4937.0,0.792481,0.81
385304940,2.0191306463055245e+18,290.362526685363,22.1738613933914,1.7884,17.1188,,,19.6655,0.0715,15.527,0.079,14.802,0.071,14.574,0.073,18.4153,0.001636,19.833,0.058597,17.185,0.009418,,,,,,,,,Theia738,338.8441561392021,Kounkel2020,3355.0,0.468625,0.46621
1710081919,2.022192378203351e+18,289.17823109827,22.4947560454282,1.97113,16.2133,,,18.1579,0.0475,,,,,,,17.2733,0.000732,18.3753,0.014921,16.1576,0.005785,,,,,,,,,Theia738,338.8441561392021,Kounkel2020,3981.0,,
355113545,2.0221503906003663e+18,289.64005331486,22.5708691146031,1.42708,16.4044,20.762,0.16,18.2183,0.0473,14.636,,14.102,0.045,13.744,,17.4396,0.000736,18.4674,0.015588,16.3909,0.003863,13.65,0.024,13.878,0.029,12.866,,9.117,,Theia738,338.8441561392021,Kounkel2020,4463.0,0.707023,0.7
357834551,2.0192362681428367e+18,290.698536658784,22.5077946802468,1.70086,16.4459,19.992,0.168,18.8226,0.0502,14.769,0.042,14.018,0.043,13.852,0.057,17.6745,0.001356,19.0387,0.021961,16.5036,0.006599,13.449,0.036,13.562,0.049,12.002,,9.025,,Theia738,338.8441561392021,Kounkel2020,3413.0,0.606872,0.59366
1852619735,2.0191374882240888e+18,290.676962301239,22.3592781133569,1.75256,16.4038,,,18.3133,0.0474,,,,,,,17.4505,0.001171,18.56,0.015081,16.3706,0.004784,,,,,,,,,Theia738,338.8441561392021,Kounkel2020,3984.0,0.625921,0.62
357832650,2.019089487668359e+18,290.705870508491,22.2718862322707,1.66328,13.8911,16.33,0.066,14.84,0.103,12.947,0.025,12.535,0.027,12.47,0.025,14.5323,0.000382,15.0771,0.002238,13.8384,0.001345,12.21,0.027,12.392,0.028,11.728,0.192,9.248,,Theia738,338.8441561392021,Kounkel2020,6031.0,0.926284,1.12
357837456,2.0192644474612792e+18,290.703419276968,22.8731506758009,1.63994,15.7568,19.249,0.169,17.4507,0.0461,14.392,0.039,13.69,0.04,13.491,0.043,16.7585,0.000643,17.7234,0.006113,15.7696,0.002166,13.382,0.036,13.551,0.038,10.983,0.096,8.516,,Theia738,338.8441561392021,Kounkel2020,3812.0,0.688108,0.655005
357997114,2.0192593278601147e+18,290.771555569498,22.784972237944,1.68626,16.2927,20.084,0.168,18.2953,0.0467,14.932,0.042,14.086,0.037,13.942,0.052,17.3981,0.000791,18.5608,0.01068,16.327,0.00298,,,,,,,,,Theia738,338.8441561392021,Kounkel2020,3592.0,0.592923,0.582276
358002480,2.01908488346326e+18,290.780269697884,22.1554388816459,1.6242,12.6521,14.988,0.065,13.281,0.092,11.86,0.02,11.573,0.02,11.498,0.017,13.1745,0.000238,13.5954,0.001318,12.5902,0.000688,11.406,0.024,11.428,0.023,11.667,0.196,8.826,,Theia738,338.8441561392021,Kounkel2020,6333.0,1.39515,1.25
357707310,2.0190759155708897e+18,290.679334626246,22.0394758207073,1.6574,13.9891,16.429,0.065,14.912,0.16,13.051,0.024,12.572,0.021,12.499,0.026,14.6416,0.000623,15.1987,0.002657,13.9378,0.001732,12.467,0.028,12.566,0.033,12.113,,8.827,,Theia738,338.8441561392021,Kounkel2020,5972.0,0.9059,1.1
357708080,2.0190860516942628e+18,290.644768890325,22.1313362781377,1.72534,15.0796,17.812,0.063,16.187,0.069,13.92,0.025,13.292,0.023,13.212,0.032,15.8927,0.000527,16.65,0.003506,15.0512,0.001439,13.154,0.034,13.407,0.041,11.841,,9.07,,Theia738,338.8441561392021,Kounkel2020,4920.0,0.735757,0.81
357831805,2.0190866014502927e+18,290.686534628703,22.170642864473,1.72564,9.4252,9.829,0.049,9.604,0.004,9.012,0.029,8.98,0.02,8.908,0.017,9.59035,0.000276,9.74037,0.00098,9.35135,0.000954,8.872,0.023,8.898,0.019,8.947,0.032,8.743,,Theia738,338.8441561392021,Kounkel2020,9636.0,3.48785,2.46
357699057,4.516758307654279e+18,290.721410690828,21.0080544909659,2.45001,10.5107,11.989,0.17,11.1,0.013,9.685,0.021,9.282,0.022,9.194,0.017,11.0617,0.000319,11.5234,0.000991,10.4604,0.000572,9.102,0.022,9.148,0.02,9.099,0.027,8.64,0.284,Theia738,338.8441561392021,Kounkel2020,5431.0,2.76453,
357834012,2.0192324585430195e+18,290.711486682359,22.4382958033681,1.69739,14.0261,16.438,0.063,15.068,0.137,13.008,0.018,12.607,0.018,12.499,0.022,14.6988,0.000546,15.2799,0.002988,13.9784,0.001243,12.509,0.028,12.604,0.029,12.114,,8.585,,Theia738,338.8441561392021,Kounkel2020,5722.0,0.912971,1.02
358002023,2.019085360172632e+18,290.770000396328,22.2091506626465,1.65135,13.5034,14.956,0.068,14.337,0.126,12.597,0.025,12.205,0.028,12.099,0.025,14.1116,0.000424,14.6199,0.001597,13.447,0.001269,11.765,0.024,11.819,0.026,12.455,0.366,8.862,,Theia738,338.8441561392021,Kounkel2020,5966.0,1.06709,1.09
358002382,2.019083680872455e+18,290.752601628951,22.1663464231838,1.63417,15.592,19.148,0.17,17.2486,0.0462,14.299,0.043,13.583,0.047,13.406,0.034,16.5795,0.000761,17.522,0.006801,15.6022,0.004126,13.294,0.054,13.47,0.064,12.285,,7.869,,Theia738,338.8441561392021,Kounkel2020,3844.0,0.706885,0.66837
357831803,2.019086670169732e+18,290.720060904907,22.1705289507757,1.65659,12.2242,13.977,0.067,12.865,0.103,11.495,0.022,11.261,0.02,11.169,0.018,12.7019,0.000202,13.0833,0.000905,12.1556,0.000867,11.117,0.023,11.147,0.021,11.137,0.148,8.784,,Theia738,338.8441561392021,Kounkel2020,6936.0,1.54844,1.52
357832978,2.0190902092230047e+18,290.721710082382,22.3123199660074,1.63737,13.6947,15.878,0.066,14.589,0.149,12.809,0.023,12.409,0.022,12.314,0.022,14.315,0.000588,14.8379,0.00243,13.6399,0.001938,12.184,0.028,12.287,0.029,12.214,0.337,8.901,,Theia738,338.8441561392021,Kounkel2020,6179.0,0.991602,1.18
358002753,2.019082581360755e+18,290.794414224535,22.1235906440329,1.71713,11.0932,12.151,0.297,11.681,0.021,10.509,0.025,10.39,0.022,10.319,0.018,11.4007,0.000564,11.6442,0.000901,11.0264,0.000536,10.255,0.025,10.274,0.023,10.531,0.104,8.411,,Theia738,338.8441561392021,Kounkel2020,7849.0,1.98058,1.87
358005285,2.0190570520732508e+18,290.74686639751,21.8238628870866,1.7227,14.5884,17.671,0.167,16.003,0.172,13.391,0.021,12.872,0.024,12.717,0.021,15.4258,0.000885,16.2049,0.003571,14.5598,0.00274,12.663,0.029,12.74,0.034,12.536,,9.105,,Theia738,338.8441561392021,Kounkel2020,4962.0,0.951281,0.82
358002079,2.0190855019385423e+18,290.815193228593,22.2015117106441,1.66822,16.0735,18.92,0.168,18.1837,0.0475,14.29,0.031,13.546,0.034,13.36,0.035,17.1842,0.001011,18.3962,0.014391,16.0349,0.003515,13.231,0.029,13.353,0.04,12.804,,8.698,,Theia738,338.8441561392021,Kounkel2020,3901.0,0.810163,0.6
358002136,2.0190847116645064e+18,290.859092884184,22.1951257978153,1.60129,12.3786,13.953,0.066,13.024,0.069,11.612,0.021,11.34,0.022,11.277,0.02,12.8816,0.00024,13.2851,0.001108,12.3116,0.000606,11.207,0.023,11.287,0.023,12.56,,8.89,,Theia738,338.8441561392021,Kounkel2020,6733.0,1.54926,1.44
358002601,2.019083887030785e+18,290.82731400673,22.1404991053526,1.64308,15.2534,18.951,0.166,16.284,0.217,14.077,0.024,13.424,0.022,13.239,0.03,16.0798,0.000575,16.849,0.004213,15.205,0.001809,13.308,0.039,13.598,0.053,12.628,,8.487,,Theia738,338.8441561392021,Kounkel2020,4632.0,0.755629,0.74
357706034,2.0190605911263708e+18,290.703264524475,21.887340103877,0.964099,13.1042,15.79,0.063,14.125,0.114,12.039,0.023,11.685,0.021,11.592,0.02,13.8132,0.000249,14.4404,0.001245,13.0475,0.000793,11.407,0.024,11.417,0.024,11.533,0.169,9.058,,Theia738,338.8441561392021,Kounkel2020,7160.0,2.44052,1.6
357831742,2.0190865627659963e+18,290.717786427445,22.1630912636138,1.72826,16.3622,19.07,0.17,18.3894,0.0497,14.794,0.038,14.019,0.043,13.806,0.045,17.5156,0.001212,18.5977,0.024147,16.3941,0.005627,,,,,,,,,Theia738,338.8441561392021,Kounkel2020,3613.0,0.608551,0.595009
357832583,2.019089418948862e+18,290.720572847044,22.2642901284996,1.85878,15.9834,19.787,0.166,17.7443,0.0465,14.607,0.033,13.911,0.037,13.659,0.041,17.0034,0.000811,18.0254,0.010098,16.0015,0.003066,13.565,0.037,13.687,0.052,12.991,,9.238,,Theia738,338.8441561392021,Kounkel2020,3750.0,0.60563,0.592658
357996554,2.0192642413027604e+18,290.764751498541,22.8613530389692,1.6495,14.7641,17.06,0.068,16.142,0.046,13.497,0.032,12.94,0.034,12.773,0.039,15.6244,0.000374,16.4206,0.005281,14.7359,0.001126,12.316,0.022,12.503,0.022,12.834,0.498,9.023,,Theia738,338.8441561392021,Kounkel2020,5108.0,0.929395,0.86
358002674,2.0190826500802447e+18,290.785866662833,22.1317412367393,1.92976,16.73,,,19.0288,0.0517,15.015,0.042,14.314,0.047,14.197,0.069,17.9684,0.001855,19.2137,0.026133,16.7797,0.010086,,,,,,,,,Theia738,338.8441561392021,Kounkel2020,3469.0,0.502008,0.500037
358002801,2.0190825470010253e+18,290.783058998654,22.1183800443054,1.62362,15.2211,18.15,0.064,16.499,0.24,14.009,0.03,13.347,0.028,13.211,0.031,16.0539,0.000665,16.8382,0.004854,15.1794,0.001896,12.98,0.028,13.225,0.035,11.749,,8.645,,Theia738,338.8441561392021,Kounkel2020,4609.0,0.78519,0.73
358004008,2.019063644820054e+18,290.756089709361,21.9817944905623,2.03988,16.8497,,,19.1352,0.0566,15.258,0.059,14.456,0.063,14.238,0.08,18.0675,0.002216,19.3425,0.038305,16.8999,0.006767,,,,,,,,,Theia738,338.8441561392021,Kounkel2020,3464.0,0.475994,0.473836
356577962,4.516999135061929e+18,289.806718554559,21.221321134046,2.07927,16.7061,21.265,0.17,19.1037,0.0509,15.066,0.056,14.432,0.069,14.248,0.073,17.9405,0.001189,19.3171,0.023867,16.765,0.006368,,,,,,,,,Theia738,338.8441561392021,Kounkel2020,3404.0,0.466725,0.464229
357283333,4.516818200999385e+18,290.239674935967,21.1062386045119,1.67986,14.9635,17.952,0.168,16.447,0.297,13.799,0.024,13.188,0.022,13.021,0.031,15.7913,0.000569,16.5546,0.002708,14.9458,0.001797,13.16,0.03,13.497,0.032,12.439,,8.718,,Theia738,338.8441561392021,Kounkel2020,5879.0,0.73934,1.07
357275162,2.0191325060614003e+18,290.350342403459,22.2242607321669,1.76693,14.945,17.721,0.062,15.983,0.092,13.773,0.023,13.223,0.024,13.087,0.028,15.7589,0.00051,16.5071,0.004608,14.9052,0.001518,13.031,0.026,13.238,0.037,12.359,0.308,8.738,,Theia738,338.8441561392021,Kounkel2020,4889.0,0.768248,0.8
385304569,2.019132433012112e+18,290.372891972571,22.2161616045819,1.66457,15.5833,18.92,0.169,17.1363,0.0461,14.286,0.038,13.529,0.038,13.428,0.03,16.5236,0.000713,17.4208,0.006363,15.5868,0.002917,13.298,0.041,13.452,0.045,12.928,,9.13,0.465,Theia738,338.8441561392021,Kounkel2020,3930.0,0.694115,0.6593
385357912,2.019054234571364e+18,290.36242688393,21.934608772365,1.76724,15.9367,19.677,0.166,17.6768,0.0466,14.588,0.032,13.821,0.04,13.66,0.035,16.9584,0.000849,17.9441,0.011409,15.9523,0.003366,,,,,,,,,Theia738,338.8441561392021,Kounkel2020,3778.0,0.62526,0.608227
385679284,4.51669117304754e+18,290.531841671552,20.2719760540071,1.57502,13.7435,16.498,0.064,14.827,0.137,12.696,0.025,12.321,0.03,12.163,0.021,14.4768,0.000219,15.1244,0.001697,13.7016,0.000694,12.096,0.025,12.17,0.032,11.786,,9.176,,Theia738,338.8441561392021,Kounkel2020,6230.0,1.18288,1.2
358004909,2.019058873139386e+18,290.770845953785,21.8699944395502,1.57454,12.6519,15.536,0.062,13.79,0.103,11.49,0.023,11.1,0.023,10.946,0.02,13.4143,0.00024,14.1025,0.001514,12.6053,0.000886,10.647,0.023,10.672,0.021,10.523,0.069,8.568,,Theia738,338.8441561392021,Kounkel2020,4943.0,2.28108,
358002041,2.0190855706579825e+18,290.852199406164,22.206140011953,1.62338,10.863,11.469,0.132,10.915,0.009,10.093,0.026,10.035,0.032,9.997,0.027,11.1391,0.000773,11.3617,0.001248,10.7839,0.000704,9.628,0.023,9.656,0.02,9.725,0.058,8.256,,Theia738,338.8441561392021,Kounkel2020,8499.0,2.25421,2.11
358002177,2.0190846773047795e+18,290.846695669885,22.190056011809,1.79478,13.6724,15.555,0.062,14.535,0.149,12.618,,12.338,0.037,12.241,0.032,14.3056,0.000522,14.8423,0.002036,13.6195,0.00138,11.785,0.024,11.921,0.024,12.76,,8.928,,Theia738,338.8441561392021,Kounkel2020,5788.0,0.955499,1.04
358002381,2.0190849178229773e+18,290.806519068283,22.1663555356116,1.68526,11.2961,,,11.6936,0.0459,10.735,0.029,10.601,0.028,10.536,0.022,11.6051,0.000468,11.8466,0.001096,11.2261,0.000622,,,,,,,,,Theia738,338.8441561392021,Kounkel2020,7845.0,1.83978,1.87
358003006,2.0190705554512973e+18,290.840324832827,22.0952113818209,1.64604,15.2039,18.38,0.167,16.598,1.133,14.037,0.023,13.388,0.022,13.262,0.03,16.0307,0.000707,16.8073,0.007044,15.1698,0.002113,13.176,0.048,13.383,0.057,12.355,,8.759,,Theia738,338.8441561392021,Kounkel2020,4724.0,0.76234,0.76
358004099,2.019068493866696e+18,290.834709915088,21.9716690043875,1.67543,14.3546,16.976,0.065,15.294,0.229,13.312,0.026,12.837,0.028,12.733,0.03,15.0594,0.000434,15.6769,0.002391,14.309,0.001398,12.638,0.028,12.813,0.025,13.02,,9.046,,Theia738,338.8441561392021,Kounkel2020,5436.0,0.853455,0.95
358585341,2.0190843337073536e+18,290.870889723465,22.1518028794316,1.71827,11.2289,11.93,0.217,11.545,0.015,10.636,0.019,10.519,0.02,10.457,0.017,11.5419,0.000521,11.7914,0.001142,11.1598,0.000658,10.299,0.022,9.993,0.021,8.146,0.022,4.752,0.03,Theia738,338.8441561392021,Kounkel2020,7935.0,1.87652,1.9
385301050,2.019160436203887e+18,290.418024462337,22.6350891857389,1.87406,16.5152,,,19.1555,0.0545,14.806,0.095,14.132,0.1,13.912,0.07,17.8402,0.001168,19.3046,0.030694,16.5871,0.005153,,,,,,,,,Theia738,338.8441561392021,Kounkel2020,3320.0,0.56065,0.554734
385306139,2.019078492551458e+18,290.444502379909,22.0265826018282,1.00233,11.2567,15.331,0.164,13.164,0.103,9.69,0.029,8.901,0.03,8.64,0.019,12.3824,0.000257,13.5546,0.002492,11.3178,0.000781,8.484,0.021,8.551,0.018,8.464,0.019,8.517,0.278,Theia738,338.8441561392021,Kounkel2020,4647.0,11.8428,
385696830,2.0191347007549056e+18,290.531828611822,22.2314247892488,1.59112,16.8245,,,,,15.118,0.055,14.394,0.067,14.029,0.05,18.1636,0.001469,19.7883,0.033305,16.9089,0.007998,,,,,,,,,Theia738,338.8441561392021,Kounkel2020,3240.0,0.602614,0.590216
385697607,2.019139343649821e+18,290.529463817703,22.3214345196265,1.76305,16.7311,,,18.9517,0.0535,15.107,0.043,14.33,0.057,14.118,0.053,17.9807,0.001309,19.0989,0.03221,16.7724,0.010789,13.867,0.035,14.023,0.048,11.709,0.175,8.551,,Theia738,338.8441561392021,Kounkel2020,3532.0,0.546808,0.542375
357706817,2.0190752927693087e+18,290.643061980138,21.9825659767615,1.71859,13.3102,14.268,0.067,14.114,0.103,12.422,0.024,12.057,0.023,11.99,0.027,13.9001,0.000304,14.3967,0.001471,13.2484,0.000983,11.852,0.036,11.888,0.037,11.312,0.156,8.432,,Theia738,338.8441561392021,Kounkel2020,6843.0,1.06466,1.48
357707717,2.0190800730992952e+18,290.633350630066,22.0894013859707,1.6793,14.1907,16.266,0.072,15.09,0.115,13.266,0.035,12.79,0.04,12.691,0.04,14.8599,0.000463,15.4371,0.002085,14.1431,0.001874,,,,,,,,,Theia738,338.8441561392021,Kounkel2020,5979.0,0.834481,1.1
355113412,2.0221506267900984e+18,289.636416280472,22.5934548869909,1.58213,15.3132,18.378,0.167,16.7639,0.0459,14.048,0.024,13.429,0.025,13.345,0.035,16.2047,0.000459,17.0441,0.003291,15.2954,0.001807,13.061,0.028,13.024,0.029,11.621,0.192,7.759,0.151,Theia738,338.8441561392021,Kounkel2020,5054.0,0.79285,0.84
356566625,2.022175026534377e+18,289.720902915795,22.6996915599478,1.87618,15.4385,18.619,0.167,16.938,1.133,13.993,0.029,13.291,0.066,13.08,0.026,16.3741,0.000575,17.3033,0.006611,15.4001,0.002856,,,,,,,,,Theia738,338.8441561392021,Kounkel2020,4283.0,0.744662,0.669
385076864,4.5170063205668137e+18,289.956246611356,21.1399598103219,2.01143,15.5385,18.937,0.171,17.1085,0.046,14.179,0.047,13.462,0.053,13.326,0.045,16.4515,0.000567,17.3927,0.005307,15.491,0.001729,12.865,0.025,12.906,0.027,12.645,,9.126,,Theia738,338.8441561392021,Kounkel2020,4035.0,0.678822,0.63
1809206446,4.516607399687632e+18,289.900600323577,20.1574233366846,1.68114,16.562,,,18.8855,0.0487,,,,,,,17.7839,0.001082,19.1232,0.017927,16.6412,0.005885,,,,,,,,,Theia738,338.8441561392021,Kounkel2020,4210.0,0.763025,0.66
357010179,2.0191054993029647e+18,290.100489801492,22.0529054899811,0.830981,15.6281,19.273,0.166,17.5009,0.0464,14.218,0.028,13.617,0.031,13.419,0.036,16.7007,0.000635,17.7728,0.009004,15.6668,0.002157,,,,,,,,,Theia738,338.8441561392021,Kounkel2020,5110.0,1.66279,0.86
357135028,2.0221537578551247e+18,290.14347178304,22.4576151501846,1.44584,14.8108,17.774,0.167,16.108,0.263,13.474,0.025,12.952,0.026,12.793,0.029,15.7228,0.00072,16.5861,0.004267,14.7981,0.001848,12.677,0.026,12.802,0.031,12.149,0.283,8.801,,Theia738,338.8441561392021,Kounkel2020,5093.0,1.11835,0.85
357135985,2.0221615918761047e+18,290.147149866083,22.5821427163347,0.936842,15.2914,18.384,0.167,16.441,0.126,14.013,0.024,13.467,0.031,13.334,0.034,16.1707,0.000517,16.992,0.003029,15.2748,0.001849,13.312,0.033,13.445,0.044,12.473,0.404,8.956,,Theia738,338.8441561392021,Kounkel2020,5296.0,1.28256,0.91
358002651,2.0190826157205204e+18,290.774475471953,22.1339720861427,1.83441,15.3937,18.62,0.166,16.771,1.133,13.991,0.024,13.332,0.027,13.175,0.03,16.3884,0.00069,17.3063,0.007836,15.4028,0.002695,12.914,0.032,12.974,0.034,11.745,,8.733,,Theia738,338.8441561392021,Kounkel2020,3859.0,0.703328,0.665851
358000604,2.0191845223777147e+18,290.85458499306,22.3707214956608,1.67613,11.725,13.587,0.066,12.259,0.069,11.046,0.021,10.848,0.022,10.781,0.018,12.1484,0.000188,12.4785,0.001053,11.6559,0.000512,10.744,0.024,10.763,0.022,10.869,0.118,8.67,,Theia738,338.8441561392021,Kounkel2020,7039.0,1.78074,1.55
358000971,2.019183186676825e+18,290.848018219506,22.3290084351254,1.8414,16.7163,,,18.9199,0.0514,15.099,0.046,14.384,0.048,14.057,0.056,17.8789,0.001402,19.1753,0.026581,16.7642,0.007304,13.91,0.03,14.07,0.043,12.263,,8.756,,Theia738,338.8441561392021,Kounkel2020,3482.0,0.54225,0.538231
358001788,2.0190856737374856e+18,290.847305028019,22.2353598780383,1.64909,13.2182,15.383,0.068,13.969,0.149,12.282,0.029,11.973,0.039,11.892,0.03,13.8143,0.000304,14.3011,0.001372,13.1517,0.002758,11.463,0.024,11.535,0.024,11.537,0.346,8.695,,Theia738,338.8441561392021,Kounkel2020,6084.0,1.18977,1.14
358003199,2.0190703492928727e+18,290.819289068977,22.0731160443844,1.67848,15.4056,16.935,0.071,16.385,1.133,14.116,0.034,13.487,0.032,13.295,0.039,16.2709,0.000641,17.0987,0.006835,15.367,0.002325,,,,,,,,,Theia738,338.8441561392021,Kounkel2020,4525.0,0.738463,0.71
358585168,2.019071620603095e+18,290.953358667846,22.1317791895977,1.65611,13.1521,14.782,0.066,13.935,0.172,12.271,0.021,11.918,0.023,11.879,0.023,13.7338,0.000465,14.2156,0.001826,13.0952,0.001439,11.747,0.024,11.757,0.024,11.6,,8.765,,Theia738,338.8441561392021,Kounkel2020,5921.0,1.20762,1.08
358585563,2.0191663160438825e+18,290.951947467665,22.1727818262314,1.56892,16.6378,,,18.694,0.0477,15.133,0.047,14.395,0.044,14.097,0.055,17.7717,0.001115,18.9401,0.015655,16.6743,0.004648,14.352,0.049,14.469,0.069,11.553,,8.817,,Theia738,338.8441561392021,Kounkel2020,3571.0,0.59434,0.583446
355247457,4.516975912196664e+18,289.637586876684,20.9418122251815,2.02581,15.9261,19.236,0.175,17.8709,0.0464,14.481,0.061,13.766,0.071,13.561,0.067,17.0137,0.000764,18.1386,0.008563,15.9566,0.003476,12.719,0.027,12.796,0.031,12.351,,9.028,,Theia738,338.8441561392021,Kounkel2020,3628.0,0.589924,0.579789
356576230,4.517030372384024e+18,289.83057344971,21.4544365135802,1.79346,14.5501,16.707,0.067,15.706,0.172,13.463,0.026,12.922,0.032,12.801,0.029,15.3065,0.000555,15.9945,0.002127,14.5113,0.001648,12.593,0.029,12.672,0.032,11.789,,8.857,,Theia738,338.8441561392021,Kounkel2020,7019.0,0.731731,1.55
278975372,4.51661417288018e+18,290.028916899466,20.2589327472898,1.56245,14.5592,17.676,0.168,15.947,0.195,13.36,0.027,12.82,0.033,12.697,0.03,15.4038,0.000381,16.2052,0.002507,14.5256,0.000951,12.6,0.028,12.692,0.031,12.246,,9.268,,Theia738,338.8441561392021,Kounkel2020,7726.0,0.949953,1.82
357000590,4.516775556246421e+18,290.163596476528,20.8399683921198,1.61796,15.4583,18.831,0.167,16.797,0.115,14.116,0.029,13.431,0.028,13.279,0.034,16.4388,0.000527,17.3849,0.004851,15.4709,0.002263,,,,,,,,,Theia738,338.8441561392021,Kounkel2020,6277.0,0.745882,1.23
357282833,4.516819747187635e+18,290.234946127509,21.166091742422,1.83837,16.4265,20.636,0.165,18.4854,0.0479,14.935,0.035,14.231,0.041,14.02,0.05,17.5455,0.000874,18.7528,0.016656,16.4649,0.003896,13.949,0.054,14.072,0.061,12.686,,8.817,,Theia738,338.8441561392021,Kounkel2020,3557.0,0.546236,0.541856
357282038,4.516826619135824e+18,290.302428789213,21.2785483058117,2.44192,8.1306,10.434,0.04,9.185,0.005,7.053,0.026,6.491,0.018,6.357,0.018,8.84148,0.000199,9.50234,0.000916,8.09316,0.000956,6.272,0.093,6.251,0.027,6.283,0.016,6.275,0.05,Theia738,338.8441561392021,Kounkel2020,4699.0,11.3981,
385306637,2.019054028412864e+18,290.429391824029,21.9655009520679,1.72672,10.6343,11.264,0.128,10.901,0.009,10.157,0.027,10.027,0.029,9.991,0.019,10.8586,0.000202,11.0564,0.000618,10.5446,0.000602,9.933,0.023,9.952,0.021,9.989,0.049,9.21,,Theia738,338.8441561392021,Kounkel2020,9869.0,2.16885,2.52
352712575,4.520046916904637e+18,288.523797353116,21.7941567066334,0.755738,15.0113,16.948,0.067,15.979,0.08,14.054,0.024,13.58,0.025,13.585,0.034,15.6976,0.000359,16.2899,0.001979,14.9615,0.001157,13.473,0.029,13.562,0.041,12.542,,8.75,,Theia738,338.8441561392021,Kounkel2020,5710.0,1.30485,1.02
353405658,4.5201795111383936e+18,288.898692467484,22.2679259859254,1.20319,16.5563,19.465,0.173,18.1083,0.0462,15.223,0.05,14.611,0.061,14.392,0.07,17.4957,0.000724,18.393,0.007967,16.5592,0.00341,14.092,0.03,14.29,0.05,11.942,,8.989,,Theia738,338.8441561392021,Kounkel2020,3930.0,0.64375,0.622422
354866577,4.5169874227090417e+18,289.533729286797,20.9237597483985,1.76617,14.7429,17.887,0.167,16.135,0.092,13.496,0.022,12.928,0.021,12.735,0.026,15.6338,0.000359,16.4711,0.001929,14.7347,0.001182,12.567,0.027,12.614,0.028,12.073,0.237,9.154,,Theia738,338.8441561392021,Kounkel2020,6321.0,0.833738,1.25
358002708,2.0190833716347727e+18,290.761802857111,22.1278487817817,1.88566,16.1602,19.877,0.168,18.0057,0.048,14.783,0.038,14.002,0.04,13.832,0.05,17.2241,0.000907,18.2632,0.019035,16.1826,0.004892,13.393,0.034,13.7,0.045,12.178,,8.766,,Theia738,338.8441561392021,Kounkel2020,3704.0,0.569414,0.562386
358003940,2.0190636835028173e+18,290.768200804704,21.9890049467904,1.6746,16.1503,19.877,0.17,17.9886,0.0468,14.786,0.046,14.034,0.044,13.853,0.05,17.2105,0.000842,18.2482,0.012167,16.1724,0.004637,13.53,0.055,13.789,0.069,11.901,,8.465,,Theia738,338.8441561392021,Kounkel2020,3708.0,0.61184,0.597643
358001930,2.0190857080969912e+18,290.807402889397,22.2185295094348,1.65545,11.9834,13.909,0.066,12.58,0.092,11.244,0.02,11.045,0.019,10.953,0.018,12.4444,0.000188,12.8089,0.000851,11.9141,0.000757,10.814,0.023,10.818,0.021,10.91,0.111,8.65,,Theia738,338.8441561392021,Kounkel2020,6937.0,1.69026,1.52
358002186,2.01908512398142e+18,290.808710262198,22.1895387611366,1.67627,15.7638,19.23,0.168,17.3952,0.0464,14.524,0.036,13.726,0.034,13.591,0.04,16.7363,0.000978,17.6773,0.009401,15.7727,0.003867,,,,,,,,,Theia738,338.8441561392021,Kounkel2020,3858.0,0.65992,0.63451
358004191,2.0190683907874808e+18,290.828411681267,21.9606658751058,1.68744,12.3603,13.285,0.338,12.956,0.092,11.608,,11.333,0.041,11.279,0.038,12.8483,0.00023,13.2381,0.000901,12.2933,0.000684,11.131,0.023,11.178,0.022,11.215,0.107,9.01,0.509,Theia738,338.8441561392021,Kounkel2020,6791.0,1.45119,1.46
358005021,2.019058666980915e+18,290.823378588832,21.85783755608,1.78129,15.6027,19.519,0.165,17.5524,0.0472,14.021,0.032,13.301,0.042,13.12,0.038,16.6747,0.000678,17.8085,0.014199,15.5998,0.002262,12.56,0.027,12.654,0.027,12.954,,8.66,,Theia738,338.8441561392021,Kounkel2020,4068.0,0.93187,0.64
358584774,2.019071070847301e+18,290.904737366645,22.0859029928119,1.75481,15.0357,17.606,0.069,16.149,0.15,13.756,0.036,13.12,0.038,12.871,,15.8726,0.000545,16.664,0.005242,14.9965,0.001859,12.731,0.028,12.904,0.038,12.08,0.282,8.991,,Theia738,338.8441561392021,Kounkel2020,4602.0,0.797176,0.728
357708189,2.019086154773673e+18,290.6898855843,22.1445494387022,1.6667,11.5054,12.414,0.364,11.888,0.025,10.839,,10.647,,10.663,0.03,11.8665,0.000455,12.1483,0.00169,11.4345,0.001112,9.788,0.022,9.898,0.019,10.241,0.105,8.984,,Theia738,338.8441561392021,Kounkel2020,7543.0,1.81201,1.75
358001857,2.0190883537968783e+18,290.782466240007,22.2272560647163,1.72191,15.623,19.151,0.167,16.899,1.133,14.278,0.03,13.603,0.034,13.484,0.04,16.6048,0.000653,17.4827,0.00743,15.6281,0.00383,,,,,,,,,Theia738,338.8441561392021,Kounkel2020,3908.0,0.669206,0.641334
358004436,2.019062309085396e+18,290.744501867702,21.9281353153653,1.62019,16.5908,19.636,0.171,19.155,0.0562,14.88,0.047,14.134,0.043,13.878,0.051,17.8861,0.001184,19.3269,0.034339,16.6588,0.006081,13.425,0.039,13.328,0.046,12.12,,8.947,,Theia738,338.8441561392021,Kounkel2020,3344.0,0.621957,0.605645
358001433,2.019182740000144e+18,290.821608606675,22.2740661123458,1.77953,14.9863,17.939,0.061,16.266,0.114,13.875,0.023,13.28,0.028,13.107,0.026,15.7853,0.000726,16.5214,0.003225,14.953,0.002751,13.109,0.026,13.293,0.033,12.244,,8.462,,Theia738,338.8441561392021,Kounkel2020,4973.0,0.7258,0.82
358002084,2.019085325810736e+18,290.800995588567,22.2006280561681,1.62552,12.9414,14.817,0.067,13.662,0.114,12.104,0.023,11.79,0.024,11.685,0.022,13.5106,0.000257,13.9796,0.001237,12.8827,0.000981,11.527,0.023,11.604,0.021,11.943,0.225,9.098,,Theia738,338.8441561392021,Kounkel2020,6220.0,1.3103,1.2
358002217,2.019084642945026e+18,290.857083193326,22.1862200644757,1.74817,13.4106,15.586,0.065,14.249,0.183,12.466,0.021,12.061,0.022,11.964,0.02,14.0324,0.000343,14.5502,0.002864,13.3501,0.002204,11.828,0.024,11.936,0.026,12.676,,8.613,,Theia738,338.8441561392021,Kounkel2020,5770.0,1.08968,1.03
358002703,2.019084054502584e+18,290.806882558704,22.1281513851732,1.59513,11.604,12.05,0.244,11.571,0.017,10.985,0.02,10.802,0.02,10.737,0.018,11.9765,0.000244,12.2657,0.001175,11.5345,0.0006,10.706,0.023,10.735,0.022,10.724,0.143,8.873,,Theia738,338.8441561392021,Kounkel2020,7369.0,1.83628,1.68
358003040,2.019070486731816e+18,290.844182736164,22.0913928259304,1.68388,15.613,19.491,0.167,16.679,1.133,14.278,0.035,13.612,0.033,13.442,0.042,16.5712,0.000896,17.4433,0.009268,15.6159,0.002902,13.259,0.035,13.429,0.036,12.209,,8.864,,Theia738,338.8441561392021,Kounkel2020,3937.0,0.687013,0.65422
358003110,2.0190705210915663e+18,290.824027923921,22.0836009390318,1.70002,13.1704,15.989,0.062,13.974,0.126,12.247,0.02,11.845,0.022,11.734,0.018,13.8128,0.000262,14.3623,0.001334,13.1199,0.001047,11.672,0.025,11.786,0.025,12.035,0.409,8.756,,Theia738,338.8441561392021,Kounkel2020,5553.0,1.31221,0.98
358005393,2.0190575331095148e+18,290.851446022486,21.8114441494859,1.64288,12.2823,14.455,0.065,12.908,0.263,11.518,0.02,11.271,0.022,11.185,0.018,12.7689,0.000212,13.1633,0.001081,12.2083,0.00094,11.112,0.023,11.152,0.022,10.994,0.1,8.976,,Theia738,338.8441561392021,Kounkel2020,7280.0,1.53772,1.64
358006806,2.0188631600886185e+18,290.849406804441,21.6344495675635,1.81129,13.739,15.547,0.067,14.586,0.126,12.66,0.025,12.232,0.027,12.148,0.026,14.3942,0.000254,14.9489,0.001934,13.6803,0.002002,11.929,0.026,12.065,0.025,11.762,,8.898,,Theia738,338.8441561392021,Kounkel2020,5494.0,0.97225,0.963
358583918,2.019068936217729e+18,290.880780017124,21.9903027322431,1.60779,15.1668,18.621,0.166,16.464,0.24,13.985,0.024,13.351,0.026,13.247,0.031,15.9877,0.00063,16.7333,0.003544,15.1212,0.002193,13.08,0.033,13.353,0.04,13.052,,9.244,,Theia738,338.8441561392021,Kounkel2020,4966.0,0.761568,0.82
358584570,2.019070933408354e+18,290.885067005827,22.061401512481,1.67496,13.6154,15.903,0.075,14.446,0.103,12.685,0.042,12.323,0.05,12.221,0.049,14.2281,0.000498,14.7456,0.001968,13.5606,0.001132,,,,,,,,,Theia738,338.8441561392021,Kounkel2020,6386.0,0.987374,1.28
358583475,2.0190652640512548e+18,290.90198555515,21.9417872267928,1.6866,15.1175,17.679,0.064,16.364,0.24,13.999,0.023,13.335,0.024,13.232,0.031,15.9297,0.000542,16.678,0.003854,15.0864,0.001711,13.071,0.032,13.227,0.037,12.322,,8.653,0.361,Theia738,338.8441561392021,Kounkel2020,5042.0,0.727241,0.84
385692620,2.0190358477907384e+18,290.582442879008,21.7585864926398,1.61443,16.7507,,,18.9035,0.0509,15.164,0.048,14.363,0.073,14.109,0.059,17.9147,0.00119,19.1419,0.026474,16.7936,0.004368,,,,,,,,,Theia738,338.8441561392021,Kounkel2020,3519.0,0.581383,0.572627
357706764,2.0190750909371625e+18,290.651156220985,21.9759601454444,1.86451,16.3812,20.418,0.167,18.3284,0.0476,14.926,0.04,14.145,0.039,13.966,0.063,17.4695,0.000906,18.5958,0.015741,16.4116,0.004713,,,,,,,,,Theia738,338.8441561392021,Kounkel2020,3626.0,0.550524,0.545725
357832231,2.019087735321724e+18,290.655235098438,22.2209721545873,1.58179,15.1138,18.082,0.167,16.652,0.355,13.722,0.025,13.018,0.027,12.891,0.025,16.0669,0.000758,17.0028,0.008648,15.0938,0.002381,12.77,0.033,12.865,0.036,12.884,,9.239,,Theia738,338.8441561392021,Kounkel2020,4499.0,1.01827,0.71
357833251,2.0191378274916613e+18,290.640556403438,22.3458236566257,2.18458,15.8194,18.553,0.175,17.4117,0.0462,14.396,0.054,13.71,0.032,13.622,0.038,16.7463,0.001099,17.6478,0.007244,15.7336,0.004427,12.687,0.023,12.776,0.024,12.472,0.394,9.145,0.498,Theia738,338.8441561392021,Kounkel2020,4099.0,,
385685250,4.516755765037501e+18,290.602996528712,20.9202233109335,1.96061,17.0335,,,19.3222,0.0573,15.501,0.062,14.776,0.077,14.525,0.075,18.2222,0.001309,19.5668,0.039378,17.0866,0.005313,14.285,0.034,14.738,0.05,12.78,,9.344,,Theia738,338.8441561392021,Kounkel2020,3443.0,0.443845,0.439945
385780080,2.022266732676212e+18,290.606149664369,22.9162291689397,1.67285,14.9394,17.475,0.071,16.349,0.183,13.817,0.038,13.166,0.036,13.036,0.028,15.7551,0.000492,16.5096,0.00325,14.9052,0.00184,12.814,0.026,12.963,0.031,11.999,,8.967,,Theia738,338.8441561392021,Kounkel2020,4910.0,0.813212,0.8
358586432,2.019179097867808e+18,290.978134401131,22.2662845533857,1.56802,16.2652,19.751,0.169,18.2004,0.0472,14.877,0.042,14.055,0.041,13.863,0.048,17.3722,0.001013,18.4362,0.014281,16.2925,0.003958,,,,,,,,,Theia738,338.8441561392021,Kounkel2020,3655.0,0.636961,0.617259
358724214,2.0191922920082004e+18,291.066034945885,22.5076220880108,1.49596,14.2226,17.525,0.166,15.794,0.172,12.858,0.023,12.297,0.022,12.088,0.025,15.184,0.000439,16.1104,0.002661,14.2259,0.00121,11.981,0.027,12.014,0.026,12.283,0.358,8.419,,Theia738,338.8441561392021,Kounkel2020,5138.0,1.51343,0.87
358724278,2.019192287677672e+18,291.062003448459,22.5003767911308,2.10263,17.1521,,,19.7856,0.0725,15.5,0.054,14.795,0.059,14.555,0.09,18.5067,0.001935,19.8994,0.059154,17.2206,0.009852,,,,,,,,,Theia738,338.8441561392021,Kounkel2020,3339.0,0.418898,0.412642
358724412,2.0191920171302303e+18,291.002358888184,22.4846690288472,1.64779,10.8053,12.285,0.346,11.86,0.024,9.905,0.021,9.718,0.019,9.6,0.017,11.3881,0.000489,11.8747,0.00116,10.7456,0.00072,9.497,0.023,9.505,0.02,9.474,0.032,8.446,,Theia738,338.8441561392021,Kounkel2020,6591.0,3.49419,1.37
358728396,2.0190678410317624e+18,291.008355532911,22.0369440041147,1.84873,9.17264,9.664,0.041,9.423,0.003,8.784,0.02,8.779,0.02,8.725,0.017,9.34706,0.000299,9.49343,0.000703,9.11523,0.001413,8.674,0.023,8.702,0.02,8.734,0.03,8.562,0.424,Theia738,338.8441561392021,Kounkel2020,8565.0,3.73291,2.136
358728933,2.0190662948435057e+18,291.010027754701,21.9760687490049,1.69015,13.806,16.579,0.064,14.745,0.149,12.895,0.023,12.504,0.022,12.411,0.021,14.4442,0.00035,14.9874,0.001843,13.755,0.001091,,,,,,,,,Theia738,338.8441561392021,Kounkel2020,5865.0,0.95394,1.06
357274578,2.019145013007256e+18,290.233794675543,22.3039282784994,1.5897,15.7622,19.368,0.166,17.4321,0.0461,14.357,0.027,13.701,0.031,13.444,0.038,16.7456,0.000705,17.7148,0.006222,15.7693,0.002824,13.447,0.024,13.606,0.028,12.789,,8.938,,Theia738,338.8441561392021,Kounkel2020,4767.0,0.760446,0.77
357280938,4.5170208847770906e+18,290.240498775228,21.4409221845951,1.73537,16.9127,,,19.382,0.0607,15.147,0.043,14.383,0.045,14.132,0.066,18.1662,0.001385,19.5865,0.043232,16.976,0.006267,,,,,,,,,Theia738,338.8441561392021,Kounkel2020,3374.0,0.551814,0.546884
385306196,2.019102127727229e+18,290.363860717983,22.0204519612174,1.95465,17.2683,20.574,0.17,,,15.51,0.048,14.286,,14.301,,18.5999,0.001551,20.1554,0.082187,17.302,0.017505,13.576,0.035,13.604,0.041,12.794,,9.224,,Theia738,338.8441561392021,Kounkel2020,3772.0,0.559287,0.57
385359249,2.0190498364943416e+18,290.452861977144,21.8479502272946,1.93577,16.5162,19.282,0.17,18.7077,0.0496,14.924,0.038,14.189,0.029,13.991,0.036,17.678,0.001389,18.9608,0.02183,16.5632,0.005025,,,,,,,,,Theia738,338.8441561392021,Kounkel2020,3490.0,0.532979,0.529688
385696601,2.019129448044572e+18,290.494215540406,22.2059996855339,1.39871,16.4491,20.2,0.177,18.4464,0.0469,14.901,0.07,13.983,,13.581,,17.5547,0.000946,18.6898,0.011675,16.463,0.004707,13.459,0.034,13.633,0.044,12.92,,9.24,,Theia738,338.8441561392021,Kounkel2020,4384.0,0.786251,0.69
385695722,2.0190802448980275e+18,290.599703509043,22.103564793066,1.66495,12.542,12.954,0.065,13.135,0.103,11.799,0.027,11.509,0.031,11.45,0.018,13.027,0.00025,13.4181,0.001059,12.469,0.000548,11.42,0.026,11.493,0.025,11.665,0.332,8.511,,Theia738,338.8441561392021,Kounkel2020,7187.0,1.34281,1.61
354581561,4.5170731502638106e+18,289.337649304827,21.5785895773632,1.96668,16.2694,20.324,0.166,18.3852,0.0471,14.77,0.035,14.113,0.043,13.807,0.049,17.4112,0.000792,18.6414,0.012214,16.3112,0.00427,13.632,0.034,13.74,0.039,12.079,,9.25,0.511,Theia738,338.8441561392021,Kounkel2020,3530.0,0.557873,0.552281
356570432,2.022120016589829e+18,289.718920862598,22.2090903546824,1.44486,13.2117,,,14.308,0.103,12.122,0.021,11.687,0.022,11.569,0.02,13.9729,0.00017,14.6526,0.001385,13.1743,0.00069,11.474,0.024,11.531,0.024,11.784,0.315,8.912,,Theia738,338.8441561392021,Kounkel2020,5560.0,1.79148,0.98
278842519,2.0191251187145472e+18,290.043626276584,22.3014021654234,2.0696,15.6511,18.556,0.173,17.3406,0.0461,14.377,0.048,13.592,0.058,13.4,0.048,16.6555,0.000567,17.6066,0.006076,15.6631,0.002928,,,,,,,,,Theia738,338.8441561392021,Kounkel2020,3821.0,0.61034,0.596444
357433308,4.515130893009524e+18,290.23204859347,18.6369954505737,1.73941,14.4178,17.833,0.166,16.053,0.24,13.104,0.022,12.523,0.023,12.391,0.021,15.3439,0.000622,16.2212,0.004057,14.412,0.002084,12.262,0.028,12.406,0.027,12.375,,8.989,,Theia738,338.8441561392021,Kounkel2020,5336.0,1.11006,0.92
357276584,2.01910223512764e+18,290.343634972092,22.0223895287016,1.74176,14.9586,17.596,0.066,16.146,0.126,13.807,0.03,13.198,0.035,13.08,0.035,15.7841,0.000475,16.5604,0.002946,14.9285,0.001346,12.854,0.029,12.996,0.036,12.63,0.487,9.017,,Theia738,338.8441561392021,Kounkel2020,4772.0,0.800443,0.77
385369865,4.516722887088033e+18,290.398072794863,20.6830061288269,1.72336,14.8843,17.257,0.072,16.0,0.15,13.71,0.04,13.204,,13.007,,15.687,0.00049,16.4305,0.003447,14.8545,0.001448,12.943,0.035,13.084,0.04,11.592,,8.715,,Theia738,338.8441561392021,Kounkel2020,4968.0,0.788842,0.82
385691113,2.0190291132768428e+18,290.5559173962,21.5828848121716,1.53191,16.6197,,,18.7268,0.0495,15.014,0.065,14.214,0.078,14.059,0.058,17.7743,0.001181,18.9628,0.02251,16.6592,0.005096,,,,,,,,,Theia738,338.8441561392021,Kounkel2020,3547.0,0.610671,0.596709
385693677,2.0190727888347128e+18,290.566545686296,21.8804963762726,1.64673,13.4911,15.207,0.07,14.289,0.114,12.551,0.03,12.157,0.037,12.097,0.027,14.1043,0.000345,14.6362,0.001881,13.4266,0.001005,11.916,0.024,11.851,0.021,12.547,0.416,9.23,,Theia738,338.8441561392021,Kounkel2020,7398.0,1.05444,1.69
385693776,2.0190503862804595e+18,290.504107581075,21.8924428060615,1.66169,13.0574,14.68,0.071,13.868,0.126,12.179,0.033,11.79,0.037,11.693,0.027,13.6551,0.000242,14.1664,0.001309,12.9909,0.000814,11.447,0.025,11.513,0.025,10.911,0.098,9.015,,Theia738,338.8441561392021,Kounkel2020,7283.0,1.24779,1.64
385695688,2.0190805841663247e+18,290.525125359637,22.0995685035762,1.679,11.9883,13.474,0.426,12.208,0.05,11.263,0.027,11.035,0.029,10.996,0.02,12.3924,0.000166,12.7359,0.001157,11.8842,0.000543,10.919,0.023,10.955,0.022,10.68,0.075,8.714,,Theia738,338.8441561392021,Kounkel2020,9189.0,1.55587,2.33
357695108,4.516728315927257e+18,290.654824537206,20.5731257338861,2.02514,11.5955,12.0,0.243,12.256,0.168,10.843,0.023,10.571,0.023,10.478,0.02,11.8366,0.000304,12.108,0.000907,11.4072,0.000778,10.334,0.023,10.416,0.02,10.358,0.069,8.63,,Theia738,338.8441561392021,Kounkel2020,,,
1852770528,2.019252421534504e+18,290.614359912114,22.6856846261923,1.68767,16.6215,,,18.5945,0.0485,,,,,,,17.6997,0.000942,18.7854,0.019158,16.5546,0.006316,,,,,,,,,Theia738,338.8441561392021,Kounkel2020,4031.0,,
357702767,2.0188366000025508e+18,290.709944776424,21.4684977318651,1.68081,16.861,21.152,0.166,19.3938,0.0641,15.221,0.043,14.348,0.046,14.161,0.063,18.1351,0.001805,19.5851,0.046909,16.9279,0.0112,14.238,0.043,14.606,0.055,11.431,0.152,8.473,,Theia738,338.8441561392021,Kounkel2020,3350.0,0.55827,0.552633
278839087,2.022184441103152e+18,290.046810937501,22.851625391849,2.25475,16.5641,,,18.9633,0.051,14.929,0.048,14.285,0.058,14.005,0.064,17.7963,0.001044,19.1798,0.024542,16.6234,0.004429,13.766,0.033,13.854,0.045,12.625,,9.029,,Theia738,338.8441561392021,Kounkel2020,3402.0,0.476895,0.474763
278847186,4.517033048124676e+18,290.056429047357,21.4945419260812,0.580028,15.8138,19.133,0.169,17.5849,0.0465,14.403,0.038,13.883,,13.694,0.054,16.8457,0.00074,17.8697,0.010094,15.8482,0.002614,,,,,,,,,Theia738,338.8441561392021,Kounkel2020,5236.0,2.02414,0.89
357274512,2.019145734561744e+18,290.279221425453,22.3118541543287,1.64059,13.7213,16.031,0.064,14.807,0.046,12.645,0.021,12.269,0.022,12.123,0.021,14.4536,0.000318,15.0982,0.001978,13.6791,0.001046,12.072,0.023,12.134,0.025,12.189,0.365,9.172,,Theia738,338.8441561392021,Kounkel2020,5854.0,1.17027,1.06
385303350,2.019140340082308e+18,290.419716569705,22.3618330153595,1.6438,16.1839,20.218,0.166,18.0703,0.0476,14.729,0.035,14.013,0.048,13.825,0.051,17.2512,0.000866,18.3418,0.016448,16.2103,0.00406,13.649,0.034,13.877,0.052,12.619,,9.087,,Theia738,338.8441561392021,Kounkel2020,3665.0,0.624075,0.607302
385304062,2.0191331588965056e+18,290.447639016292,22.2784251552525,1.67652,13.438,15.589,0.068,14.589,0.137,12.451,0.029,11.942,0.031,11.797,0.021,14.1451,0.000927,14.772,0.00374,13.3878,0.002955,11.681,0.026,11.718,0.026,12.043,0.272,9.077,,Theia738,338.8441561392021,Kounkel2020,5014.0,1.3664,0.83
385362798,2.019021038738201e+18,290.420134978415,21.4844672271799,1.66327,16.3495,20.55,0.173,18.4228,0.048,14.651,0.063,13.928,0.103,13.613,0.078,17.4965,0.001045,18.6575,0.017137,16.3867,0.004571,,,,,,,,,Theia738,338.8441561392021,Kounkel2020,3567.0,0.661466,0.635652
358584198,2.0190676305478336e+18,290.933489866201,22.0208905307882,2.07195,17.121,,,19.4669,0.0625,15.46,0.056,14.768,0.067,14.527,0.083,18.376,0.001706,19.6428,0.048649,17.1732,0.007741,14.182,0.039,14.834,0.089,12.329,0.282,9.046,0.479,Theia738,338.8441561392021,Kounkel2020,3449.0,0.427981,0.422673
358585236,2.0190724452368435e+18,290.929619543264,22.1387625958407,1.83226,16.5963,,,18.7873,0.0491,15.167,0.041,14.309,0.039,14.137,0.055,17.7657,0.001091,19.0304,0.020555,16.6425,0.004996,14.086,0.051,14.48,0.06,11.763,,8.828,,Theia738,338.8441561392021,Kounkel2020,3495.0,0.528548,0.52555
358585641,2.019084501179176e+18,290.903473700188,22.181253096209,1.59889,11.4657,12.081,0.293,11.844,0.023,10.821,0.021,10.677,0.02,10.618,0.015,11.8258,0.000256,12.1161,0.000837,11.3861,0.00057,10.551,0.023,10.6,0.021,11.007,0.124,8.436,,Theia738,338.8441561392021,Kounkel2020,8074.0,1.93978,1.96
358585997,2.01916676272054e+18,290.956845488911,22.2204418239845,1.59423,15.7542,18.793,0.169,17.395,0.0462,14.358,0.033,13.698,0.033,13.517,0.037,16.7333,0.000784,17.6722,0.007302,15.7635,0.002657,,,,,,,,,Theia738,338.8441561392021,Kounkel2020,3854.0,0.695644,0.66039
358586644,2.0191800599405537e+18,290.902161086504,22.2906566473049,1.58526,11.3608,12.106,0.289,11.826,0.022,10.737,0.021,10.59,0.022,10.536,0.018,11.6967,0.000357,11.9668,0.001028,11.2779,0.000731,10.438,0.023,10.449,0.021,10.389,0.121,8.376,,Theia738,338.8441561392021,Kounkel2020,8268.0,1.99462,2.03
358588579,2.0192399146066217e+18,290.914616644933,22.5195522479375,1.6363,14.9437,17.849,0.062,16.173,0.24,13.719,0.026,13.178,0.027,12.976,0.027,15.7849,0.000564,16.5605,0.003492,14.9145,0.002459,12.854,0.03,12.921,0.033,12.115,0.347,9.05,,Theia738,338.8441561392021,Kounkel2020,5132.0,0.837047,0.87
1852560206,2.0190706928634808e+18,290.916707407717,22.0624977877184,1.6638,14.3771,,,15.4676,0.046,,,,,,,15.0995,0.000523,15.6949,0.003892,14.292,0.006503,,,,,,,,,Theia738,338.8441561392021,Kounkel2020,5441.0,0.872386,0.95
358450592,2.018822817412378e+18,290.91284610442,21.3834757313979,1.77561,16.8803,,,19.1435,0.052,15.403,0.041,14.638,0.048,14.366,0.065,18.0787,0.001466,19.3695,0.028224,16.9303,0.005954,14.5,0.042,15.475,0.124,12.805,,9.257,,Theia738,338.8441561392021,Kounkel2020,3466.0,0.50317,0.50118
358582923,2.018876216789852e+18,290.987222516589,21.8731013611014,1.64459,14.8641,17.487,0.063,15.99,0.275,13.753,0.023,13.183,0.03,12.987,0.025,15.6486,0.000559,16.3618,0.003205,14.8326,0.001999,12.994,0.025,13.208,0.03,11.908,0.204,8.467,,Theia738,338.8441561392021,Kounkel2020,5287.0,0.783108,0.91
358724302,2.0191921845984407e+18,291.056522731128,22.4972457852004,2.29375,16.2294,20.224,0.165,18.4313,0.0474,14.67,0.033,13.958,0.036,13.71,0.041,17.4129,0.001159,18.6595,0.013811,16.2754,0.004029,13.566,0.029,13.671,0.03,12.961,,9.121,,Theia738,338.8441561392021,Kounkel2020,3498.0,0.518101,0.515657
358728164,2.019068047190193e+18,291.024032219022,22.0638917874257,1.52614,15.4943,17.164,0.076,17.0158,0.046,14.173,0.043,13.472,0.047,13.375,0.044,16.413,0.000755,17.2916,0.005534,15.4731,0.002518,,,,,,,,,Theia738,338.8441561392021,Kounkel2020,4744.0,0.81931,0.76
358730453,2.0188721967003643e+18,291.087163307008,21.8050505991286,1.64046,14.6273,17.292,0.063,15.729,0.092,13.531,0.023,13.066,0.023,12.883,0.028,15.3616,0.000497,16.0181,0.003562,14.5811,0.001398,12.793,0.028,12.955,0.032,12.185,,8.937,0.467,Theia738,338.8441561392021,Kounkel2020,5045.0,0.836582,0.84
358731645,2.018864122161148e+18,291.021754462227,21.6755676217762,1.92843,16.6462,20.527,0.162,18.6546,0.0484,14.934,,14.428,0.053,13.814,,17.722,0.001002,18.9042,0.01857,16.6255,0.005945,13.881,0.049,14.167,0.063,12.594,,9.199,,Theia738,338.8441561392021,Kounkel2020,3931.0,0.514935,0.61
358003360,2.019070173168678e+18,290.845110583899,22.0567608681581,1.71093,16.6988,,,18.8157,0.0485,15.246,0.04,14.475,0.043,14.203,0.06,17.8555,0.00122,19.0523,0.018316,16.7391,0.006155,,,,,,,,,Theia738,338.8441561392021,Kounkel2020,3541.0,0.543057,0.538968
358586452,2.019179647623656e+18,290.886040849903,22.2680528008545,1.67459,13.105,14.922,0.067,13.878,0.092,12.18,0.024,11.874,0.027,11.778,0.024,13.6857,0.000255,14.1676,0.001162,13.0455,0.000872,11.571,0.023,11.622,0.024,11.37,,8.785,,Theia738,338.8441561392021,Kounkel2020,6411.0,1.1928,1.29
358585249,2.0190723421576448e+18,290.913166117031,22.1405673571655,1.67282,14.6889,17.63,0.062,15.671,0.034,13.625,0.023,13.083,0.019,12.956,0.024,15.438,0.000886,16.1165,0.003845,14.6466,0.002613,12.975,0.031,13.201,0.045,12.868,,8.877,,Theia738,338.8441561392021,Kounkel2020,4960.0,0.823964,0.82
1852695888,2.0191859010606129e+18,290.968265338595,22.4378197101027,1.54402,17.0925,,,,,,,,,,,17.5225,0.001657,,0.0,,0.0,,,,,,,,,Theia738,338.8441561392021,Kounkel2020,,,
358728358,2.019067222556454e+18,291.033442072239,22.0422662910352,1.71686,14.3862,16.724,0.07,15.55,0.263,13.377,0.034,12.858,0.026,12.763,0.026,15.105,0.000492,15.7417,0.0033,14.3421,0.001342,12.687,0.036,12.842,0.042,11.344,,8.408,,Theia738,338.8441561392021,Kounkel2020,5256.0,0.853632,0.899
358730100,2.018875456528956e+18,291.056283873353,21.8454376539792,1.64516,11.8805,13.805,0.066,12.453,0.069,11.163,0.021,10.97,0.023,10.88,0.018,12.3048,0.0002,12.6492,0.001442,11.799,0.000595,10.457,0.021,10.51,0.02,10.559,0.064,8.75,,Theia738,338.8441561392021,Kounkel2020,7870.0,1.69884,1.88
358724247,2.01919078017956e+18,291.105448374767,22.5039792959095,1.95918,14.8151,17.733,0.062,16.086,0.149,13.708,0.024,13.093,0.027,12.976,0.031,15.6477,0.000504,16.4172,0.002795,14.7923,0.001826,,,,,,,,,Theia738,338.8441561392021,Kounkel2020,5272.0,0.723146,0.9
358585979,2.019178651191164e+18,290.905374858297,22.2181039588426,1.71946,13.608,16.022,0.065,14.518,0.137,12.691,0.022,12.292,0.022,12.225,0.021,14.2328,0.000323,14.7618,0.001536,13.5557,0.00111,12.171,0.026,12.232,0.027,11.365,,8.809,,Theia738,338.8441561392021,Kounkel2020,5765.0,1.01604,1.03
358586502,2.0191791322275525e+18,290.987237784712,22.2729123399024,1.76209,16.2492,,,18.168,0.0477,14.808,0.033,14.027,0.029,13.883,0.046,17.3434,0.001104,18.4151,0.016876,16.2762,0.004422,13.733,0.038,14.119,0.054,12.122,,8.901,,Theia738,338.8441561392021,Kounkel2020,3659.0,0.587314,0.577613
1852269890,2.018870135115537e+18,290.934018155583,21.8272969491409,1.67291,13.7184,,,14.6353,0.0459,,,,,,,14.3497,0.000325,14.8857,0.001867,13.6614,0.00125,,,,,,,,,Theia738,338.8441561392021,Kounkel2020,6533.0,,
1852281046,2.0188763542289943e+18,290.939242793304,21.8711789806855,1.89194,15.6112,,,17.152,0.0465,,,,,,,16.5254,0.00083,17.3992,0.010875,15.5437,0.004096,,,,,,,,,Theia738,338.8441561392021,Kounkel2020,4321.0,0.656363,0.68
358729151,2.01887848453276e+18,291.040134144782,21.9509724549099,1.6367,13.573,16.176,0.065,14.39,0.16,12.514,0.025,12.107,0.027,11.977,0.026,14.1986,0.000273,14.7253,0.001805,13.5144,0.00149,11.516,0.025,11.597,0.024,11.445,0.147,8.913,0.486,Theia738,338.8441561392021,Kounkel2020,6392.0,,
358732812,2.018849377491598e+18,291.024023787231,21.5405231134976,1.70347,17.0059,,,19.4326,0.0563,15.429,0.05,14.559,0.048,14.512,0.077,18.2626,0.001672,19.6249,0.035971,17.0652,0.005694,14.346,0.051,14.441,0.062,12.674,,8.523,,Theia738,338.8441561392021,Kounkel2020,3400.0,0.494954,0.493046
357998359,2.0192454121649687e+18,290.784783781634,22.6330260434687,1.70726,14.6024,17.055,0.066,15.654,0.172,13.523,0.026,13.01,0.028,12.857,0.028,15.3468,0.000328,16.025,0.002074,14.5596,0.001365,12.819,0.023,13.05,0.026,12.395,,8.669,,Theia738,338.8441561392021,Kounkel2020,4863.0,0.845106,0.79
357999271,2.0192348637244068e+18,290.799870149795,22.526290173009,1.22334,16.1967,19.527,0.17,17.7574,0.0462,14.843,0.041,14.218,0.04,14.079,0.053,17.1549,0.000784,18.0166,0.007401,16.1986,0.003514,14.177,0.039,14.489,0.061,12.597,,8.97,,Theia738,338.8441561392021,Kounkel2020,3947.0,0.697482,0.661699
358000360,2.019184865973699e+18,290.821784025355,22.4008305054595,1.71927,15.4979,19.269,0.165,17.0144,0.046,14.249,0.024,13.572,0.028,13.477,0.034,16.424,0.000681,17.2975,0.005956,15.4987,0.002534,,,,,,,,,Theia738,338.8441561392021,Kounkel2020,3968.0,0.671193,0.642784
358002402,2.0190849178229765e+18,290.806437453031,22.1645923736914,1.8422,13.9156,10.127,0.061,14.8947,0.0464,12.773,0.038,12.347,0.034,12.193,0.039,14.5802,0.001091,15.1088,0.013263,13.8191,0.007294,,,,,,,,,Theia738,338.8441561392021,Kounkel2020,5355.0,0.905928,0.93
358002521,2.019084161908724e+18,290.806638437904,22.1498141836806,1.63478,13.7507,16.474,0.063,14.582,0.126,12.823,0.02,12.457,0.019,12.307,0.018,14.3828,0.000314,14.9139,0.001432,13.6925,0.000933,12.301,0.024,12.45,0.022,12.165,,8.716,,Theia738,338.8441561392021,Kounkel2020,5624.0,1.02266,1.0
358002582,2.019084093189232e+18,290.815760895034,22.143119243162,1.57747,14.2507,,,15.262,0.195,13.223,0.024,12.767,0.023,12.673,0.024,14.9343,0.000563,15.5188,0.003388,14.191,0.001958,,,,,,,,,Theia738,338.8441561392021,Kounkel2020,5332.0,0.931373,0.92
385697748,2.0191394123693071e+18,290.5238977612,22.3384658238157,1.91945,15.7454,19.932,0.169,17.7596,0.0464,14.281,0.048,13.485,0.047,13.272,0.047,16.8631,0.000907,18.013,0.008844,15.78,0.002599,13.129,0.056,13.216,0.058,12.264,,9.037,,Theia738,338.8441561392021,Kounkel2020,3592.0,0.665744,0.638799
357706254,2.01906165627832e+18,290.655789199515,21.9122042032961,1.66,15.6139,18.909,0.168,16.488,1.133,14.359,0.03,13.636,0.03,13.541,0.033,16.5559,0.000736,17.4659,0.006205,15.6184,0.002738,,,,,,,,,Theia738,338.8441561392021,Kounkel2020,3916.0,0.67313,0.644194
357707615,2.0190768733172685e+18,290.674743649019,22.0764070407641,1.64327,12.4911,14.172,0.067,13.104,0.114,11.722,0.022,11.424,0.021,11.374,0.017,12.9838,0.00023,13.3844,0.001179,12.4156,0.000679,11.323,0.024,11.366,0.021,11.225,0.252,8.753,,Theia738,338.8441561392021,Kounkel2020,7345.0,1.40771,1.67
357831726,2.0190866014502904e+18,290.682971931006,22.1614934693825,1.63077,14.3453,17.677,0.168,15.238,0.057,13.356,0.031,12.866,0.032,12.73,0.031,15.0382,0.000577,15.643,0.003073,14.2969,0.001732,,,,,,,,,Theia738,338.8441561392021,Kounkel2020,5343.0,0.873991,0.92
357706405,2.019063026344744e+18,290.721461502083,21.9286135412335,1.7472,16.2976,20.544,0.166,18.544,0.0476,14.733,0.038,13.946,0.037,13.799,0.051,17.4941,0.000994,18.7682,0.014465,16.3466,0.003969,13.571,0.047,13.782,0.056,11.667,,8.578,,Theia738,338.8441561392021,Kounkel2020,3476.0,0.605157,0.592276
357833192,2.0191372433911337e+18,290.717229778244,22.3388403241373,1.39413,16.4406,20.746,0.165,18.8291,0.0495,14.907,0.036,14.12,0.037,13.921,0.052,17.689,0.001112,19.0236,0.020322,16.4976,0.005582,13.898,0.049,14.191,0.068,12.714,,9.049,,Theia738,338.8441561392021,Kounkel2020,3418.0,0.676243,0.646455
358003324,2.0190702462136284e+18,290.84424499189,22.0602014587647,1.70903,14.1193,16.422,0.065,15.066,0.149,13.09,0.021,12.602,0.023,12.489,0.021,14.8197,0.000511,15.4241,0.002936,14.0677,0.001293,12.389,0.027,12.489,0.029,12.874,0.531,8.528,,Theia738,338.8441561392021,Kounkel2020,5677.0,0.906936,1.01
358582750,2.0190580485055887e+18,290.879324136951,21.8552937614357,1.76,14.9923,18.074,0.169,16.002,0.16,13.771,0.035,13.236,0.043,13.044,0.038,15.7852,0.000614,16.4986,0.00308,14.9296,0.002031,12.833,0.029,12.902,0.033,12.779,,8.708,,Theia738,338.8441561392021,Kounkel2020,4742.0,0.74727,0.76
358585207,2.0190722003928448e+18,290.873697250962,22.1350359727669,1.69863,12.017,13.533,0.066,12.605,0.069,11.306,0.021,11.074,0.02,11.033,0.017,12.4828,0.000195,12.8514,0.000903,11.9516,0.00063,10.933,0.023,10.959,0.023,11.124,0.11,8.982,,Theia738,338.8441561392021,Kounkel2020,6741.0,1.63734,1.44
358585247,2.019083955750229e+18,290.868602550434,22.1401959679962,1.66115,12.8206,14.835,0.066,13.511,0.069,12.017,0.02,11.694,0.019,11.679,0.018,13.369,0.000217,13.8162,0.001116,12.7601,0.000827,11.563,0.024,11.603,0.023,10.495,0.06,8.982,,Theia738,338.8441561392021,Kounkel2020,6273.0,1.31324,1.22
358448226,2.018763138884231e+18,290.920728657965,21.1174516775436,2.70444,15.2379,19.431,0.164,17.418,0.0463,13.79,0.026,13.089,0.023,12.905,0.022,16.412,0.000856,17.6525,0.007497,15.2833,0.002207,12.684,0.024,12.804,0.027,12.481,,9.043,,Theia738,338.8441561392021,Kounkel2020,3506.0,0.596622,0.585324
358586654,2.0191793727457687e+18,290.951836139455,22.2912802409816,1.02123,16.3413,19.388,0.172,17.8001,0.0467,14.991,0.046,14.366,0.049,14.301,0.069,17.2339,0.001064,18.061,0.013705,16.301,0.005133,14.076,0.049,14.463,0.061,12.692,,9.058,,Theia738,338.8441561392021,Kounkel2020,4855.0,0.786916,0.79
358000454,2.0192313246716e+18,290.756107685207,22.3880672706485,1.65591,11.9814,13.777,0.067,12.556,0.092,11.296,0.024,11.056,0.023,10.992,0.021,12.4378,0.000192,12.7973,0.001115,11.9157,0.000694,10.807,0.024,10.847,0.022,10.977,0.101,8.815,,Theia738,338.8441561392021,Kounkel2020,6764.0,1.68376,1.45
358004466,2.019062240393785e+18,290.753265380111,21.9249702616971,1.71488,15.7171,18.922,0.165,17.2796,0.0462,14.276,,13.754,0.04,13.357,,16.6461,0.000658,17.5685,0.007369,15.7024,0.004132,,,,,,,,,Theia738,338.8441561392021,Kounkel2020,4460.0,0.690806,0.7
358001469,2.0190889379126508e+18,290.803230289198,22.2695825255729,1.68935,14.0889,16.534,0.065,14.946,0.034,13.128,0.023,12.67,0.02,12.565,0.022,14.7633,0.000594,15.3401,0.001981,14.0357,0.001583,12.289,0.023,12.43,0.024,12.19,,8.824,,Theia738,338.8441561392021,Kounkel2020,5827.0,0.885594,1.05
358001813,2.0190858111762163e+18,290.80789689862,22.2331652809471,1.55327,12.061,13.907,0.067,12.729,0.08,11.251,0.023,10.977,0.023,10.875,0.018,12.5911,0.000176,13.0213,0.001117,11.9986,0.001004,10.068,0.017,10.185,0.017,10.426,0.086,8.036,,Theia738,338.8441561392021,Kounkel2020,6483.0,1.92881,1.32
358002399,2.0190849178229783e+18,290.804769089585,22.164743019769,1.64572,10.1285,10.871,0.088,10.353,0.006,9.611,0.024,9.475,0.024,9.43,0.018,10.3945,0.000317,10.608,0.000498,10.0596,0.000511,9.174,0.022,9.123,0.019,9.306,0.028,8.483,,Theia738,338.8441561392021,Kounkel2020,8216.0,3.06115,2.01
358002507,2.019084161908716e+18,290.814682534993,22.1517908623192,1.62911,10.5713,11.234,0.142,11.191,0.013,10.052,0.02,9.937,0.018,9.873,0.018,10.8319,0.000399,11.0411,0.000933,10.5017,0.000637,9.826,0.022,9.859,0.02,9.958,0.048,8.595,,Theia738,338.8441561392021,Kounkel2020,8270.0,2.50663,2.03
358002796,2.019072062953893e+18,290.845411425987,22.1187418752233,1.59245,10.7425,11.389,0.15,11.222,0.013,10.199,0.021,10.08,0.02,10.042,0.018,11.0138,0.000985,11.2372,0.001159,10.6735,0.000856,9.847,0.022,9.852,0.021,9.778,0.051,8.836,0.539,Theia738,338.8441561392021,Kounkel2020,8352.0,2.41494,2.06
385303314,2.0191404775212367e+18,290.47384854774,22.365905728209,2.42867,16.3405,20.642,0.168,18.6388,0.0503,14.867,0.048,14.094,0.04,13.945,0.036,17.5471,0.00116,18.8638,0.023472,16.3932,0.005024,13.777,0.034,13.842,0.041,12.808,,8.825,,Theia738,338.8441561392021,Kounkel2020,3448.0,0.461269,0.45851
385361130,2.019034374642756e+18,290.42497582636,21.6829167462629,1.87197,16.6065,21.056,0.164,18.7759,0.0476,15.057,0.035,14.247,0.036,14.119,0.039,17.7744,0.001132,19.0144,0.014637,16.6507,0.005348,,,,,,,,,Theia738,338.8441561392021,Kounkel2020,3510.0,0.523523,0.520817
385361267,2.0190335113235064e+18,290.460142053139,21.6653462015655,1.71887,16.5745,20.625,0.172,18.7429,0.0497,15.062,0.059,14.297,0.05,14.031,0.053,17.747,0.001139,18.9751,0.022755,16.6182,0.005399,13.78,0.039,14.132,0.07,12.546,,9.144,,Theia738,338.8441561392021,Kounkel2020,3514.0,0.57044,0.563274
385695383,2.0190790766669967e+18,290.493558022475,22.0710998150821,0.522946,15.8579,19.006,0.184,17.4738,0.0462,14.478,0.081,14.025,0.059,13.87,0.047,16.8259,0.000721,17.7493,0.007318,15.8614,0.00271,12.931,0.033,13.2,0.042,12.807,,8.971,,Theia738,338.8441561392021,Kounkel2020,5654.0,1.90768,1.0
385689510,2.018833164028252e+18,290.549540710012,21.4044392417377,1.98256,9.3617,9.749,0.045,9.498,0.003,9.001,0.03,8.945,0.033,8.861,0.02,9.49028,0.000265,9.62525,0.000579,9.27692,0.000846,8.851,0.023,8.871,0.02,8.907,0.036,8.455,,Theia738,338.8441561392021,Kounkel2020,11509.0,2.82617,3.04
385697231,2.0191352848724751e+18,290.58792870178,22.2778645124262,1.66929,9.4932,9.847,0.048,9.639,0.004,9.104,0.021,8.992,0.029,8.96,0.019,9.60626,0.000376,9.74293,0.000961,9.38337,0.000682,8.935,0.023,8.961,0.02,8.979,0.027,9.123,,Theia738,338.8441561392021,Kounkel2020,,,
357999467,2.01923472628547e+18,290.773110418052,22.5043105422732,1.67788,14.1245,16.292,0.066,15.069,0.08,13.14,0.024,12.64,0.026,12.551,0.025,14.8155,0.001227,15.4131,0.004748,14.071,0.004624,12.33,0.024,12.435,0.025,11.841,,9.007,,Theia738,338.8441561392021,Kounkel2020,5360.0,0.936348,0.93
358001763,2.0190885899860465e+18,290.749217562328,22.2383675604389,1.62311,16.8879,,,19.0375,0.0638,15.335,0.071,14.52,0.079,14.363,0.086,18.1145,0.001405,19.1911,0.055416,16.9244,0.007359,,,,,,,,,Theia738,338.8441561392021,Kounkel2020,3570.0,0.536419,0.532875
358003136,2.0190818254465167e+18,290.762460990124,22.079991950543,1.66246,14.7063,17.149,0.065,15.758,0.092,13.652,0.023,13.11,0.023,12.979,0.026,15.4578,0.000477,16.1296,0.003673,14.6692,0.001662,13.085,0.028,13.315,0.037,12.155,,8.686,,Theia738,338.8441561392021,Kounkel2020,5450.0,0.781822,0.95
357996531,2.0192615268833167e+18,290.861173358362,22.8643653570325,2.10501,14.6727,14.693,0.068,14.46,0.561,13.294,0.03,12.713,0.026,12.591,0.026,15.5513,0.000622,16.3679,0.003107,14.6036,0.00189,,,,,,,,,Theia738,338.8441561392021,Kounkel2020,4473.0,0.847112,0.7
358001905,2.019085570657996e+18,290.848929394599,22.2210796180642,1.45041,16.1133,19.876,0.166,17.9285,0.0472,14.795,0.031,14.048,0.031,13.808,0.045,17.1621,0.000929,18.1936,0.01523,16.1341,0.003652,,,,,,,,,Theia738,338.8441561392021,Kounkel2020,3721.0,0.679428,0.64876
358725020,2.0191876190835945e+18,291.081218249631,22.411000757035,1.68631,12.8851,,,13.788,0.149,11.9,0.021,11.574,0.022,11.45,0.019,13.5387,0.000168,14.0932,0.001059,12.8302,0.000622,11.38,0.024,11.462,0.022,11.651,0.186,8.5,,Theia738,338.8441561392021,Kounkel2020,5982.0,1.48208,1.1
358727980,2.019068287708383e+18,291.014216418538,22.0843186479446,1.74362,15.4506,18.35,0.063,16.543,0.126,14.211,0.029,13.575,0.029,13.397,0.033,16.3618,0.000615,17.2099,0.007157,15.4486,0.002207,13.338,0.037,13.47,0.039,11.716,,8.406,,Theia738,338.8441561392021,Kounkel2020,4010.0,0.6807,0.649678
358732113,2.0188520962514995e+18,291.033610245832,21.6211260675656,1.83203,15.7394,19.237,0.169,16.889,1.133,14.476,0.038,13.741,0.04,13.522,0.043,16.7257,0.001373,17.6523,0.009432,15.7483,0.004303,,,,,,,,,Theia738,338.8441561392021,Kounkel2020,3859.0,0.636865,0.617185
358724559,2.0191889591133816e+18,291.119392328954,22.4650322266871,1.68484,14.3415,17.006,0.063,15.617,0.103,13.155,0.023,12.631,0.025,12.465,0.025,15.1798,0.000657,15.9497,0.004268,14.3157,0.0024,12.381,0.026,12.458,0.026,12.315,,9.038,,Theia738,338.8441561392021,Kounkel2020,5376.0,1.04094,0.93
359314185,2.0187677087298145e+18,291.241823897221,21.2007536637425,1.52253,15.6628,19.036,0.168,17.2702,0.0462,14.28,0.034,13.649,0.031,13.502,0.045,16.6217,0.001044,17.5458,0.008301,15.657,0.002745,13.373,0.034,13.542,0.029,12.764,,8.929,,Theia738,338.8441561392021,Kounkel2020,4907.0,0.786923,0.8
385690857,2.0190231733674363e+18,290.521994500107,21.5547660291894,1.70371,16.2297,20.754,0.169,18.1625,0.0468,14.786,0.053,13.983,0.058,13.76,0.047,17.3115,0.000853,18.4333,0.011519,16.2594,0.004905,,,,,,,,,Theia738,338.8441561392021,Kounkel2020,3634.0,0.621972,0.605657
385693109,2.0190373295797847e+18,290.547935404781,21.8131097293484,1.63481,15.9564,20.24,0.171,17.7938,0.0466,14.486,0.058,13.711,0.061,13.525,0.051,17.0111,0.000875,18.0611,0.011344,15.9791,0.002439,,,,,,,,,Theia738,338.8441561392021,Kounkel2020,3703.0,0.683222,0.651496
357700421,2.018813372817701e+18,290.646381092727,21.1679251463002,1.63589,14.4032,16.968,0.064,15.583,0.206,13.355,0.023,12.84,0.022,12.703,0.024,15.1736,0.000741,15.8788,0.003312,14.3587,0.002068,,,,,,,,,Theia738,338.8441561392021,Kounkel2020,4809.0,1.01066,0.78
357707857,2.019083028037282e+18,290.671355026662,22.106051764564,1.72318,16.3199,20.086,0.167,18.2714,0.0475,14.916,0.037,14.153,0.036,13.898,0.051,17.4097,0.001018,18.5385,0.015525,16.3506,0.004717,,,,,,,,,Theia738,338.8441561392021,Kounkel2020,3624.0,0.592436,0.581873
357835934,2.019252421534504e+18,290.614359912114,22.6856846261923,1.68767,16.6215,,,18.5945,0.0485,14.715,0.04,14.024,0.045,13.898,0.055,17.6997,0.000942,18.7854,0.019158,16.5546,0.006316,,,,,,,,,Theia738,338.8441561392021,Kounkel2020,4031.0,,
1921940341,4.5168033232239416e+18,290.619320524277,20.9887998224306,1.39411,15.6508,,,17.2602,0.0463,,,,,,,16.6084,0.000727,17.5218,0.008282,15.6279,0.004197,,,,,,,,,Theia738,338.8441561392021,Kounkel2020,4774.0,0.877253,0.77
357702095,2.0188300329521e+18,290.629542764437,21.3896572168659,2.27283,11.7405,13.768,0.493,12.052,0.183,11.115,0.021,10.876,0.023,10.809,0.018,12.1526,0.000196,12.4675,0.000873,11.6735,0.000502,10.71,0.023,10.762,0.022,11.086,0.228,8.738,,Theia738,338.8441561392021,Kounkel2020,6776.0,1.29104,1.45
357703591,2.0188414447257324e+18,290.648820068035,21.5722632299143,1.65273,13.125,15.277,0.067,13.971,0.126,12.214,0.025,11.841,0.027,11.767,0.03,13.7353,0.000221,14.2578,0.00112,13.0586,0.001194,11.134,0.024,11.227,0.023,10.982,0.101,8.642,,Theia738,338.8441561392021,Kounkel2020,7241.0,1.23757,1.63
357707031,2.019075434534549e+18,290.66586237371,22.0072986503321,1.63441,15.891,19.923,0.166,17.7327,0.0471,14.383,0.035,13.687,0.038,13.408,,16.9351,0.000743,17.994,0.014008,15.8916,0.002962,,,,,,,,,Theia738,338.8441561392021,Kounkel2020,4401.0,0.794052,0.69
357707091,2.0190756406929605e+18,290.695885869021,22.0139279659863,1.69231,12.8953,14.828,0.066,13.62,0.092,12.052,0.022,11.695,0.019,11.622,0.02,13.4575,0.000241,13.9193,0.001311,12.8338,0.000775,11.565,0.025,11.6,0.025,12.294,0.433,8.88,,Theia738,338.8441561392021,Kounkel2020,6432.0,1.26505,1.3
357833643,2.0191384502967992e+18,290.683513168825,22.395863821419,1.68828,13.1024,14.193,0.067,13.901,0.114,12.202,0.023,11.917,0.026,11.804,0.022,13.6841,0.000484,14.1643,0.002017,13.0408,0.001306,11.618,0.023,11.678,0.022,11.503,0.181,8.907,,Theia738,338.8441561392021,Kounkel2020,6378.0,1.18703,1.27
357706598,2.0190631337470428e+18,290.712789710731,21.9551115229384,1.55399,15.5334,19.393,0.165,16.801,1.133,14.154,0.029,13.374,0.028,13.24,0.034,16.541,0.000668,17.5487,0.009961,15.5294,0.002309,13.189,0.038,13.298,0.04,12.238,0.526,8.659,,Theia738,338.8441561392021,Kounkel2020,4481.0,0.925637,0.7
358000966,2.0191838738409784e+18,290.791668546678,22.3296951408196,1.59017,10.6112,11.021,0.109,10.855,0.009,10.071,0.021,9.985,0.02,9.927,0.017,10.8411,0.000306,11.0409,0.002119,10.5251,0.000676,9.871,0.023,9.896,0.02,9.883,0.06,8.265,,Theia738,338.8441561392021,Kounkel2020,9570.0,2.4051,2.44
358732337,2.0188517870138263e+18,291.045922347406,21.5941589894952,0.529452,15.6423,19.028,0.167,17.2561,0.0462,14.335,0.03,13.778,0.038,13.613,0.043,16.609,0.000733,17.5338,0.008319,15.647,0.003066,13.315,0.045,13.457,0.055,12.224,0.502,8.801,,Theia738,338.8441561392021,Kounkel2020,5510.0,2.10854,0.97
358885414,4.515980373137102e+18,291.022429117545,20.5561124563322,2.16259,15.4849,18.935,0.166,17.1664,0.0461,14.19,0.027,13.514,0.027,13.343,0.038,16.4875,0.000617,17.4306,0.005937,15.4963,0.001978,13.341,0.032,13.786,0.046,12.557,,9.084,,Theia738,338.8441561392021,Kounkel2020,3830.0,0.603374,0.590833
1852284412,2.01887848453276e+18,291.040134144782,21.9509724549099,1.6367,13.573,,,14.4785,0.0459,,,,,,,14.1986,0.000273,14.7253,0.001805,13.5144,0.00149,,,,,,,,,Theia738,338.8441561392021,Kounkel2020,6392.0,,
358722877,2.019219401837049e+18,291.115808132254,22.6863519928563,1.59116,16.5582,,,19.0439,0.0503,14.623,0.036,13.728,0.031,13.507,0.04,17.8498,0.001189,19.2064,0.021931,16.6198,0.006469,13.297,0.043,13.539,0.041,12.277,,9.007,,Theia738,338.8441561392021,Kounkel2020,3386.0,0.70051,0.663851
359184087,2.018752830961986e+18,291.141160193376,21.0281878697214,2.6387,13.7596,15.992,0.067,14.737,0.15,12.837,0.025,12.312,0.024,12.22,,14.4379,0.000471,15.0301,0.001734,13.7162,0.001254,12.068,0.026,12.175,0.027,12.447,0.35,8.586,,Theia738,338.8441561392021,Kounkel2020,6266.0,0.65095,1.22
359322972,2.0191750434180416e+18,291.135632039262,22.3096105584691,1.72978,13.1836,15.579,0.063,14.102,0.114,11.895,0.022,11.383,0.018,11.307,0.018,13.8453,0.000274,14.4077,0.001547,13.1287,0.001092,10.583,0.022,10.702,0.022,10.67,0.079,8.435,0.35,Theia738,338.8441561392021,Kounkel2020,5830.0,,
359323138,2.0191751464972736e+18,291.133975203756,22.3338586776713,1.63133,15.777,19.585,0.166,16.93,1.133,14.422,0.031,13.67,0.03,13.434,0.039,16.782,0.000796,17.7688,0.008857,15.7916,0.002179,,,,,,,,,Theia738,338.8441561392021,Kounkel2020,3791.0,0.702122,0.664996
359327186,2.019273587145552e+18,291.157423590329,22.9031610520618,1.72706,16.6589,,,19.0343,0.0487,15.021,0.043,14.078,0.039,13.839,0.049,17.8863,0.001098,19.2515,0.017824,16.7165,0.004445,13.714,0.037,13.902,0.047,12.889,,8.983,,Theia738,338.8441561392021,Kounkel2020,3413.0,0.604132,0.591447
1852676902,2.0191750434180416e+18,291.135632039262,22.3096105584691,1.72978,13.1836,,,14.155,0.0459,,,,,,,13.8453,0.000274,14.4077,0.001547,13.1287,0.001092,,,,,,,,,Theia738,338.8441561392021,Kounkel2020,5830.0,,
358004230,2.019065470209711e+18,290.847275994148,21.9558905379187,1.7521,14.2458,15.912,0.072,15.105,0.217,13.229,0.034,12.798,0.037,12.658,0.037,14.9164,0.000738,15.492,0.003664,14.1903,0.00224,,,,,,,,,Theia738,338.8441561392021,Kounkel2020,5349.0,0.824772,0.92
358583739,2.019065603325204e+18,290.874209392618,21.9701956498558,1.69517,17.054,,,19.3403,0.0525,15.415,0.054,14.712,0.055,14.545,0.08,18.2876,0.001522,19.5277,0.029499,17.1028,0.006636,14.432,0.045,14.912,0.08,13.039,,9.079,,Theia738,338.8441561392021,Kounkel2020,3474.0,0.49166,0.489753
358585363,2.0190726127073e+18,290.890826309269,22.1535073223583,1.76285,16.0273,20.005,0.165,17.9139,0.0466,14.655,0.03,13.92,0.029,13.738,0.04,17.1003,0.001385,18.1773,0.010056,16.0532,0.0048,13.627,0.029,13.563,0.031,10.687,0.072,8.265,0.256,Theia738,338.8441561392021,Kounkel2020,3670.0,0.612316,0.598023
358587455,2.0191845610664428e+18,290.865409973556,22.3844059545794,1.75992,15.1544,18.07,0.168,16.336,0.172,13.797,0.027,13.15,0.023,12.975,0.028,16.013,0.002888,16.819,0.012255,15.1038,0.009654,12.703,0.027,12.773,0.031,12.776,,9.078,,Theia738,338.8441561392021,Kounkel2020,4553.0,0.781498,0.72
358589514,2.019241907471554e+18,290.880652058401,22.6307632304126,1.65299,14.7473,17.289,0.067,15.98,0.15,13.546,0.031,12.868,,12.714,,15.5929,0.000637,16.3799,0.003098,14.7196,0.001653,12.383,0.028,12.483,0.031,12.183,0.309,9.032,,Theia738,338.8441561392021,Kounkel2020,4987.0,0.928858,0.83
358591857,2.0192855099749368e+18,290.875579873701,22.9498863092891,1.81418,12.4508,15.079,0.063,13.441,0.069,11.397,0.021,11.076,0.02,10.934,0.017,13.1768,0.000182,13.8167,0.000953,12.4036,0.000552,10.831,0.023,10.837,0.021,10.728,0.082,9.175,0.541,Theia738,338.8441561392021,Kounkel2020,5281.0,1.98553,0.91
358447859,2.01876276092706e+18,290.93528499226,21.0793650441443,1.60206,15.5467,17.935,0.064,17.0785,0.0473,13.894,0.029,13.249,0.032,13.133,0.032,16.44,0.001237,17.2554,0.012479,15.3817,0.012654,,,,,,,,,Theia738,338.8441561392021,Kounkel2020,4004.0,0.819689,0.63
357706511,2.0190630950642104e+18,290.704459506017,21.9430752269916,1.65845,15.9685,20.35,0.163,18.081,0.0475,14.452,0.029,13.708,0.023,13.552,0.038,17.1294,0.001295,18.3108,0.014788,16.0083,0.003591,13.487,0.035,13.603,0.046,11.721,,8.929,,Theia738,338.8441561392021,Kounkel2020,3547.0,0.672498,0.643734
357831888,2.019086738889457e+18,290.713771510751,22.18057251583,1.64541,13.5554,15.308,0.067,14.455,0.103,12.648,0.023,12.312,0.022,12.214,0.022,14.1646,0.00047,14.6766,0.002087,13.5012,0.00139,12.011,0.024,12.155,0.025,12.263,0.369,8.858,,Theia738,338.8441561392021,Kounkel2020,6066.0,1.04117,1.13
358003033,2.0190705554513083e+18,290.822032197238,22.0920177231176,1.72736,10.3028,10.927,0.103,10.584,0.007,9.808,0.02,9.739,0.02,9.659,0.017,10.5364,0.000369,10.7238,0.00071,10.2338,0.000804,9.637,0.022,9.654,0.02,9.581,0.063,8.308,,Theia738,338.8441561392021,Kounkel2020,8388.0,2.57912,2.08
358585401,2.019084333707354e+18,290.873325090726,22.1578547898406,1.63868,11.4021,12.264,0.256,11.548,0.018,10.69,0.023,10.42,0.026,10.337,0.04,11.862,0.000225,12.2271,0.001233,11.3363,0.000702,,,,,,,,,Theia738,338.8441561392021,Kounkel2020,6865.0,2.22937,1.49
358586258,2.0191795402156585e+18,290.874732979398,22.2480657348951,1.68921,11.5052,12.158,0.293,11.743,0.021,10.858,0.021,10.695,0.02,10.652,0.017,11.8859,0.00028,12.1838,0.001247,11.4346,0.000699,10.564,0.023,10.608,0.021,10.982,0.15,8.749,,Theia738,338.8441561392021,Kounkel2020,7431.0,1.8388,1.7
358582511,2.018870135115537e+18,290.934018155583,21.8272969491409,1.67291,13.7184,16.139,0.066,14.63,0.172,12.704,0.025,12.261,0.03,12.121,0.027,14.3497,0.000325,14.8857,0.001867,13.6614,0.00125,11.866,0.026,11.949,0.026,12.382,0.371,8.932,,Theia738,338.8441561392021,Kounkel2020,6533.0,,
358586017,2.0191786511911675e+18,290.902394988685,22.2230755857192,1.60538,14.9985,18.181,0.167,16.375,0.206,13.831,0.026,13.254,0.024,13.099,0.028,15.8017,0.000703,16.5488,0.004296,14.9654,0.002317,13.124,0.032,13.428,0.044,12.172,,8.644,,Theia738,338.8441561392021,Kounkel2020,4840.0,0.817466,0.79
358002242,2.019085192700932e+18,290.773577420608,22.1829849792885,1.63771,14.9394,17.474,0.066,16.135,0.114,13.822,0.029,13.272,0.028,13.088,0.031,15.7307,0.000552,16.4591,0.004316,14.9035,0.002042,12.512,0.025,12.155,0.022,12.093,0.24,9.037,,Theia738,338.8441561392021,Kounkel2020,4919.0,0.800685,0.81
358002336,2.019084917822992e+18,290.795532960059,22.1710463867909,1.64241,14.841,17.492,0.069,15.99,0.183,13.729,0.035,13.153,0.04,13.07,0.05,15.6078,0.000485,16.3045,0.002966,14.8027,0.001543,,,,,,,,,Theia738,338.8441561392021,Kounkel2020,5039.0,0.79441,0.84
358004116,2.0190635760985267e+18,290.769187200235,21.9690333920422,1.74504,12.2397,14.816,0.065,12.839,0.069,11.517,0.021,11.245,0.02,11.182,0.018,12.7274,0.000178,13.1199,0.001033,12.1736,0.000655,11.145,0.023,11.159,0.022,11.468,0.243,8.895,,Theia738,338.8441561392021,Kounkel2020,6874.0,1.4828,1.49
358000385,2.019184801584632e+18,290.819871437804,22.3971454758024,1.71494,15.6113,19.261,0.166,17.1757,0.0463,14.31,0.029,13.603,0.029,13.396,0.032,16.5596,0.000736,17.4544,0.008818,15.6152,0.00405,,,,,,,,,Theia738,338.8441561392021,Kounkel2020,3924.0,0.688324,0.65516
358584612,2.0190702118274084e+18,290.866794852869,22.066262907764,1.76317,10.8766,11.756,0.203,11.564,0.017,10.254,0.02,10.065,0.019,10.008,0.018,11.2417,0.000617,11.5393,0.001054,10.8019,0.000607,9.924,0.022,9.931,0.021,9.948,0.043,8.432,,Theia738,338.8441561392021,Kounkel2020,8006.0,2.32321,1.93
358579723,2.0188488320763512e+18,290.972439738532,21.5080053743512,1.60803,15.4094,18.34,0.065,16.66,0.069,14.269,0.031,13.632,0.032,13.414,0.038,16.2986,0.00053,17.137,0.005012,15.4001,0.001934,13.463,0.029,13.853,0.038,12.55,,8.92,,Theia738,338.8441561392021,Kounkel2020,5293.0,0.724326,0.91
358584042,2.0190673256357105e+18,290.965653063241,22.0044226828545,1.41443,16.1631,,,17.9354,0.0467,14.611,0.037,13.515,,13.313,,17.1754,0.001217,18.1317,0.011414,16.081,0.003617,,,,,,,,,Theia738,338.8441561392021,Kounkel2020,4319.0,,
358728623,2.0188792404469893e+18,291.1013081891,22.0134959564676,1.7442,14.095,,,15.099,0.0459,13.029,0.029,12.591,0.029,12.51,0.028,14.7738,0.000483,15.3522,0.004174,14.0391,0.002449,,,,,,,,,Theia738,338.8441561392021,Kounkel2020,5855.0,0.85927,1.06
359729457,2.0192111898592527e+18,291.529002637984,22.7190676518896,3.1066,15.1632,19.207,0.165,16.665,1.133,13.838,0.031,13.151,0.03,12.932,0.035,16.2183,0.0006,17.2885,0.005491,15.1877,0.001748,12.646,0.027,12.614,0.03,11.575,0.479,8.437,,Theia738,338.8441561392021,Kounkel2020,3688.0,0.538459,0.534756
359879268,2.0192071697696005e+18,291.727675328621,22.6419108321233,1.70207,16.3899,20.763,0.163,18.7977,0.0522,14.619,0.031,13.701,0.028,13.43,0.035,17.6268,0.001574,19.0104,0.027446,16.4497,0.005063,,,,,,,,,Theia738,338.8441561392021,Kounkel2020,3400.0,0.686087,0.653556
358002477,2.0190841619087324e+18,290.801584962637,22.1564177172373,1.65,10.7497,11.255,0.129,10.86,0.009,10.277,0.02,10.195,0.02,10.126,0.018,10.987,0.000506,11.1813,0.001178,10.6805,0.00062,10.084,0.023,10.111,0.02,10.163,0.052,8.957,,Theia738,338.8441561392021,Kounkel2020,8495.0,2.20969,2.11
358002591,2.01908408886232e+18,290.817710792659,22.1418543864562,1.66353,12.0227,14.254,0.066,12.57,0.08,11.322,0.021,11.065,0.022,10.995,0.022,12.4764,0.000184,12.8319,0.001113,11.9553,0.000735,10.946,0.024,10.972,0.024,11.485,0.212,8.9,,Theia738,338.8441561392021,Kounkel2020,6778.0,1.63737,1.45
358002604,2.01908409318922e+18,290.822733276956,22.1400720001869,1.66554,13.8522,16.335,0.064,14.724,0.149,12.923,0.021,12.544,0.023,12.422,0.024,14.4869,0.000464,15.0257,0.001989,13.7988,0.001642,12.359,0.026,12.502,0.029,12.597,,8.858,,Theia738,338.8441561392021,Kounkel2020,5602.0,0.963861,0.99
358004616,2.0190592467735816e+18,290.833175888453,21.9042766308299,1.49686,16.414,,,18.4587,0.0479,14.898,0.041,14.223,0.044,13.928,0.052,17.5576,0.001008,18.6875,0.016982,16.4487,0.004725,,,,,,,,,Theia738,338.8441561392021,Kounkel2020,3589.0,0.643489,0.622224
358448283,2.0187632076037217e+18,290.899462726655,21.123016968792,1.05506,13.7631,16.991,0.167,15.138,0.229,12.571,0.022,12.19,0.022,12.069,0.018,14.6114,0.00023,15.3916,0.001748,13.7422,0.001072,11.962,0.025,11.989,0.026,12.149,,9.241,,Theia738,338.8441561392021,Kounkel2020,5959.0,2.07508,1.09
358585936,2.0190848491037573e+18,290.866892807897,22.2132213444384,1.68047,12.74,14.732,0.068,13.45,0.069,11.929,0.026,11.63,0.028,11.565,0.024,13.2779,0.000183,13.7149,0.001195,12.6774,0.000534,11.287,0.024,11.352,0.025,11.652,0.4,8.675,,Theia738,338.8441561392021,Kounkel2020,6442.0,1.3214,1.3
1852577930,2.019084196268438e+18,290.833172471736,22.1605682662772,1.76486,16.2399,,,17.9913,0.0486,,,,,,,17.2326,0.001043,18.1996,0.021222,16.1508,0.00708,,,,,,,,,Theia738,338.8441561392021,Kounkel2020,4079.0,0.62634,0.64
355523571,2.017984169243654e+18,291.27598236514,20.7242515822515,1.67606,13.6154,16.174,0.063,14.74,0.137,12.521,0.022,12.038,0.021,11.899,0.022,14.3474,0.000182,14.995,0.001487,13.5719,0.000791,11.709,0.024,11.787,0.026,12.164,,8.9,,Theia738,338.8441561392021,Kounkel2020,6478.0,1.16876,1.32
359323780,2.01917754734951e+18,291.214233172639,22.4211110138131,1.64753,16.6115,,,18.7484,0.0519,15.044,0.043,14.183,0.044,13.975,0.058,17.775,0.001248,18.9825,0.029419,16.6531,0.004792,13.931,0.05,14.413,0.066,11.547,,8.413,,Theia738,338.8441561392021,Kounkel2020,3530.0,0.596491,0.585216
359725834,2.019009498206711e+18,291.608963539933,22.4062088137393,1.52689,16.6374,20.747,0.168,19.1016,0.0553,14.896,0.047,13.996,0.043,13.753,0.054,17.9068,0.001959,19.2864,0.033679,16.6991,0.005865,,,,,,,,,Theia738,338.8441561392021,Kounkel2020,3386.0,0.671281,0.642848
359884149,2.018965238526059e+18,291.638102525268,22.0673612694773,1.90822,14.5953,17.939,0.166,16.086,0.24,13.162,0.023,12.577,0.02,12.407,0.022,15.5018,0.000864,16.4138,0.002854,14.5178,0.001574,,,,,,,,,Theia738,338.8441561392021,Kounkel2020,4013.0,1.0942,0.627
360031199,2.018005712801151e+18,291.714533953659,20.915277419083,2.21977,16.1239,20.445,0.166,18.2566,0.0473,14.62,0.038,13.926,0.041,13.756,0.046,17.3043,0.000801,18.467,0.013656,16.1637,0.004417,13.571,0.049,13.765,0.061,12.029,,8.432,,Theia738,338.8441561392021,Kounkel2020,3547.0,0.522095,0.519462
358583571,2.0190647786887665e+18,290.987489846643,21.9517471205122,1.69137,15.63,,,16.756,0.24,14.339,0.045,13.655,0.042,13.534,0.05,16.5839,0.000732,17.4994,0.005594,15.6358,0.00228,,,,,,,,,Theia738,338.8441561392021,Kounkel2020,3899.0,0.666722,0.639516
358583891,2.019065946922609e+18,290.908734842329,21.9875680595341,1.78267,16.8636,,,19.0998,0.0508,15.353,0.048,14.554,0.057,14.405,0.073,18.0584,0.001305,19.323,0.025365,16.9114,0.005716,,,,,,,,,Theia738,338.8441561392021,Kounkel2020,3482.0,0.494853,0.492946
358584580,2.0190707572842665e+18,290.948914231307,22.0625782103156,1.51643,16.2807,19.99,0.168,18.1654,0.0483,14.786,0.04,14.004,0.035,13.791,0.046,17.3569,0.001758,18.4231,0.019841,16.3059,0.005302,13.699,0.047,14.069,0.065,12.567,,9.096,,Theia738,338.8441561392021,Kounkel2020,3675.0,0.66422,0.63768
358586196,2.0191787886301376e+18,290.934842053479,22.2417951647113,1.71601,15.516,18.171,0.17,16.626,0.126,13.891,0.036,13.23,0.039,13.115,0.045,16.4027,0.003438,17.212,0.01732,15.4397,0.010842,12.637,0.025,12.814,0.03,11.996,,8.703,,Theia738,338.8441561392021,Kounkel2020,4543.0,0.708313,0.72
358586511,2.0191792353067912e+18,290.927367658802,22.2738944300873,1.62878,15.1526,,,16.379,0.412,13.896,0.038,13.325,0.029,13.124,0.027,15.9866,0.000613,16.7481,0.004674,15.1034,0.001941,,,,,,,,,Theia738,338.8441561392021,Kounkel2020,4835.0,0.785491,0.78
358587048,2.0191834271949896e+18,290.904317222517,22.3358551301169,1.61139,16.567,,,18.6236,0.0531,15.106,0.036,14.337,0.043,14.053,0.054,17.6915,0.001405,18.8827,0.032924,16.6046,0.006671,14.202,0.038,14.512,0.057,12.385,,9.075,,Theia738,338.8441561392021,Kounkel2020,3563.0,0.593125,0.582443
358727482,2.019162708271069e+18,291.0844824808,22.1385700638933,1.60099,14.7916,17.046,0.065,16.119,0.412,13.566,0.025,13.035,0.027,12.91,0.031,15.5941,0.000678,16.3276,0.003491,14.7536,0.002326,12.875,0.028,13.052,0.03,12.273,,8.523,,Theia738,338.8441561392021,Kounkel2020,5002.0,0.88154,0.83
358725913,2.019180712775269e+18,291.04066702546,22.3038597243598,1.62439,16.6826,,,18.8488,0.0497,15.267,0.047,14.403,0.044,14.297,0.068,17.8404,0.001182,19.0996,0.022181,16.7275,0.006454,13.94,0.039,14.11,0.049,12.343,,8.542,,Theia738,338.8441561392021,Kounkel2020,3505.0,0.546139,0.541769
358725789,2.0191694384507983e+18,291.103843045521,22.3180749206123,1.66498,17.1332,,,19.5076,0.0611,15.334,0.061,14.772,0.077,14.418,0.081,18.3766,0.001704,19.7047,0.045648,17.189,0.005349,14.174,0.036,14.475,0.07,12.035,,8.947,,Theia738,338.8441561392021,Kounkel2020,3424.0,0.51899,0.516507
355677878,2.0192284728079017e+18,291.356998826221,22.8606119094789,2.42413,12.6624,14.885,0.065,13.543,0.092,11.772,0.02,11.315,0.022,11.218,0.018,13.2941,0.000488,13.8364,0.001931,12.6115,0.001675,10.835,0.022,10.922,0.021,11.315,0.26,8.839,,Theia738,338.8441561392021,Kounkel2020,5335.0,1.17574,0.921
385888193,2.018954694430505e+18,291.401918765684,21.8462975453972,2.06902,17.0113,,,19.6409,0.0633,15.539,0.058,14.768,0.07,14.555,0.086,18.3269,0.001554,19.7989,0.045476,17.0828,0.006539,14.413,0.051,15.663,0.165,12.927,,9.067,,Theia738,338.8441561392021,Kounkel2020,3320.0,0.423334,0.417553
385894455,2.0187773251184663e+18,291.474526197643,21.2268071239812,1.65825,16.6881,20.504,0.169,18.7051,0.0488,15.159,0.048,14.376,0.044,14.082,0.049,17.8351,0.001327,18.9181,0.020724,16.7194,0.005787,,,,,,,,,Theia738,338.8441561392021,Kounkel2020,3616.0,0.575959,0.568016
1852580042,2.019085467579047e+18,290.8517948419,22.2053886459238,1.61789,11.8848,,,12.4278,0.0459,,,,,,,12.2931,0.000344,12.586,0.003267,11.7833,0.001731,,,,,,,,,Theia738,338.8441561392021,Kounkel2020,7389.0,1.67613,1.68
358587272,2.019184939023185e+18,290.916791600746,22.3618077010749,1.73864,16.1301,18.963,0.17,17.9657,0.047,14.736,0.038,13.98,0.037,13.801,0.045,17.1794,0.000916,18.24,0.013319,16.153,0.004001,13.519,0.034,13.69,0.042,11.895,,8.694,,Theia738,338.8441561392021,Kounkel2020,3699.0,0.606439,0.59331
358722031,2.0192713194028667e+18,291.043282618478,22.805361686962,1.14213,14.4943,18.298,0.164,16.3,0.114,13.014,0.023,12.493,0.021,12.246,0.022,15.556,0.000349,16.6052,0.003965,14.5261,0.001678,12.053,0.025,12.062,0.026,12.0,0.227,9.156,,Theia738,338.8441561392021,Kounkel2020,5295.0,1.97613,0.91
358727988,2.019161196442385e+18,291.097161689103,22.08273497355,1.64883,15.0599,18.169,0.168,16.218,0.08,13.901,0.029,13.289,0.028,13.187,0.034,15.8803,0.000706,16.6435,0.00408,15.0216,0.002114,13.011,0.036,13.108,0.039,12.476,,8.283,,Theia738,338.8441561392021,Kounkel2020,4768.0,0.801334,0.77
358586722,2.0191808845742725e+18,290.969022013016,22.3014275951521,1.59436,12.2975,,,12.926,0.08,11.531,0.022,11.291,0.022,11.2,0.018,12.7869,0.000204,13.1829,0.001059,12.2234,0.000752,11.149,0.024,11.204,0.023,11.178,0.211,8.615,,Theia738,338.8441561392021,Kounkel2020,7245.0,1.58004,1.63
358587348,2.019185007742673e+18,290.906658435739,22.3713743674483,1.51549,13.0705,15.402,0.066,13.936,0.149,12.187,0.023,11.856,0.02,11.739,0.018,13.6593,0.000438,14.1381,0.001434,12.9993,0.001834,11.713,0.025,11.747,0.023,11.99,0.301,8.844,,Theia738,338.8441561392021,Kounkel2020,6458.0,1.35043,1.31
358587458,2.019185110821862e+18,290.950849568818,22.384732450214,1.67953,14.8294,17.989,0.167,16.283,0.069,13.583,0.023,12.908,0.02,12.764,0.024,15.742,0.000506,16.6339,0.003746,14.8158,0.001865,12.623,0.028,12.739,0.032,12.24,,8.767,,Theia738,338.8441561392021,Kounkel2020,4598.0,1.02175,0.73
358589294,2.0192409110390285e+18,290.97068197856,22.604270581883,1.6427,15.375,19.207,0.164,16.968,1.133,13.836,0.024,13.225,0.026,12.997,0.027,16.3868,0.000755,17.4083,0.007687,15.366,0.003181,12.937,0.025,13.003,0.032,12.839,,9.261,,Theia738,338.8441561392021,Kounkel2020,4371.0,0.958546,0.683
358724293,2.0191921845984504e+18,291.045986984971,22.4984976195134,1.47356,16.5019,,,18.9624,0.0515,14.7,0.041,13.858,0.038,13.593,0.052,17.7636,0.001163,19.1649,0.025353,16.5731,0.004729,13.009,0.033,13.087,0.045,12.948,,9.149,,Theia738,338.8441561392021,Kounkel2020,4043.0,0.984515,0.63
359320636,2.018971805581578e+18,291.218289699855,21.9900527745234,1.61223,13.8248,15.971,0.066,14.649,0.126,12.942,0.023,12.545,0.021,12.434,0.023,14.4387,0.000402,14.9552,0.001617,13.7707,0.001477,,,,,,,,,Theia738,338.8441561392021,Kounkel2020,6041.0,0.945716,1.12
359321208,2.0189734548492849e+18,291.210590028121,22.0596624393458,1.69016,14.8773,18.441,0.165,16.349,0.023,13.647,0.021,12.935,0.017,12.704,0.022,15.7901,0.000874,16.6626,0.004989,14.858,0.002364,12.087,0.025,12.278,0.029,12.242,0.531,8.439,,Theia738,338.8441561392021,Kounkel2020,4780.0,0.969879,0.77
359610932,2.0187842700910367e+18,291.625470277404,21.3337530846681,2.72824,16.3175,20.092,0.168,18.6312,0.0529,14.869,0.04,14.255,0.041,14.062,0.067,17.6285,0.001028,18.7271,0.024944,16.362,0.01999,,,,,,,,,Theia738,338.8441561392021,Kounkel2020,3509.0,0.406505,0.398805
385889139,2.018950021506012e+18,291.423506875809,21.7560819107209,1.65438,13.4636,,,14.343,0.115,12.612,0.035,12.276,0.043,12.154,0.035,14.0403,0.000438,14.5183,0.002205,13.4077,0.001275,,,,,,,,,Theia738,338.8441561392021,Kounkel2020,5769.0,1.05191,1.03
1852321299,2.0189038033309097e+18,291.590171575816,21.7438863635708,2.94906,18.0805,,,,,,,,,,,18.5105,0.002606,,0.0,,0.0,,,,,,,,,Theia738,338.8441561392021,Kounkel2020,,,
359889242,2.018883810284644e+18,291.728166389711,21.4975277729136,2.10553,10.5331,11.554,0.154,11.06,0.011,9.973,0.021,9.772,0.024,9.697,0.02,10.9275,0.00037,11.2348,0.00108,10.483,0.000661,9.507,0.023,9.539,0.02,9.458,0.058,8.523,,Theia738,338.8441561392021,Kounkel2020,6380.0,2.3826,1.27
368423573,2.0190149270458527e+18,291.841344472071,22.5175521298441,1.71046,12.668,14.774,0.066,13.474,0.069,11.725,0.022,11.316,0.023,11.209,0.02,13.2406,0.000349,13.7277,0.001379,12.583,0.000603,,,,,,,,,Theia738,338.8441561392021,Kounkel2020,7874.0,1.40757,1.88
1852822612,2.019307568891824e+18,292.42139805598,22.2064787111091,1.31176,15.4494,,,17.2234,0.0485,,,,,,,16.4601,0.000781,17.423,0.021639,15.3677,0.004598,,,,,,,,,Theia738,338.8441561392021,Kounkel2020,4262.0,1.17836,0.67
385963952,2.0179919302152755e+18,291.491106786611,20.8490596180746,1.93797,14.2838,17.255,0.167,15.655,0.172,13.081,0.021,12.517,0.027,12.398,0.019,15.0697,0.000346,15.7707,0.00218,14.2451,0.000961,12.001,0.028,12.094,0.029,11.848,0.269,8.821,,Theia738,338.8441561392021,Kounkel2020,5852.0,0.828499,1.06
359612178,2.0187907297564764e+18,291.57986029379,21.4881807755005,1.70314,14.755,17.623,0.064,15.771,0.195,13.66,0.027,13.073,0.025,12.959,0.034,15.5417,0.000501,16.2338,0.003585,14.7015,0.001649,12.818,0.046,12.969,0.053,12.647,,8.626,,Theia738,338.8441561392021,Kounkel2020,5344.0,0.793144,0.92
359877650,2.0196006875309204e+18,291.645077833995,22.8697165036547,1.61258,16.6197,,,18.9544,0.0507,14.927,0.041,14.06,,13.872,,17.8417,0.001288,19.1769,0.023965,16.6821,0.005926,13.631,0.039,14.086,0.069,12.644,,8.652,,Theia738,338.8441561392021,Kounkel2020,4128.0,0.796995,0.65
368547736,2.017899231965245e+18,291.789343883555,20.2653744713832,2.63291,16.3124,18.834,0.07,18.6896,0.0481,14.8,0.04,14.071,0.057,13.916,0.055,17.5582,0.001097,18.8849,0.016083,16.3687,0.004179,,,,,,,,,Theia738,338.8441561392021,Kounkel2020,3423.0,0.438845,0.434537
370405704,2.0181481682786524e+18,292.445131648203,21.6093245378796,2.3225,14.079,16.415,0.066,15.142,0.15,13.123,0.024,12.479,,12.402,,14.7796,0.000394,15.3957,0.002421,14.0356,0.001434,12.263,0.026,12.461,0.028,12.351,,9.077,,Theia738,338.8441561392021,Kounkel2020,6427.0,0.655212,1.297
360031915,2.0179808707080369e+18,291.676110294287,20.8389402427937,1.25648,16.6501,20.754,0.167,18.7575,0.0518,14.785,0.045,13.996,0.043,13.789,0.05,17.8061,0.001068,18.8871,0.025797,16.5849,0.015153,13.625,0.073,14.128,0.08,12.343,,8.965,,Theia738,338.8441561392021,Kounkel2020,4589.0,,
358729851,2.018875667033976e+18,291.079892650943,21.873620099797,1.65485,15.3325,18.604,0.167,16.61,0.149,14.092,0.023,13.466,0.028,13.384,0.032,16.1942,0.000636,17.0031,0.0044,15.3106,0.001551,13.153,0.031,13.317,0.035,12.954,,9.252,,Theia738,338.8441561392021,Kounkel2020,4979.0,0.726213,0.82
359323950,2.019189405789908e+18,291.164131963498,22.4441299557194,1.65035,12.7492,14.986,0.064,13.576,0.092,11.866,0.018,11.55,0.016,11.47,0.02,13.3522,0.000191,13.8578,0.001312,12.6858,0.000803,11.353,0.024,11.421,0.023,12.371,0.523,8.963,,Theia738,338.8441561392021,Kounkel2020,6737.0,1.46295,1.44
355675840,2.0192039055951268e+18,291.374346209633,22.578324056677,1.68921,12.3203,15.236,0.06,13.443,0.069,11.188,0.02,10.846,0.02,10.695,0.018,13.0632,0.00032,13.7248,0.001725,12.27,0.000847,10.519,0.023,10.526,0.021,10.445,0.063,8.625,,Theia738,338.8441561392021,Kounkel2020,6959.0,2.12585,1.52
355678810,2.019278500588468e+18,291.311472235502,22.9908642419249,1.74734,15.2968,20.461,0.162,17.7143,0.0463,13.464,0.021,12.72,0.022,12.423,0.025,16.5341,0.000603,17.934,0.00684,15.3629,0.001651,,,,,,,,,Theia738,338.8441561392021,Kounkel2020,3979.0,1.36262,
359322015,2.0191634641853463e+18,291.189287458926,22.1750200699002,1.61331,13.3421,15.466,0.066,14.186,0.149,12.466,0.022,12.1,0.018,12.021,0.022,13.9388,0.000339,14.4385,0.001503,13.28,0.001059,,,,,,,,,Theia738,338.8441561392021,Kounkel2020,6697.0,1.12917,1.42
359324343,2.019190569690708e+18,291.162295698533,22.4919557714939,1.67158,16.9309,,,19.4233,0.0908,15.408,0.058,14.482,0.05,14.153,0.072,18.2198,0.001622,19.5901,0.086232,16.9932,0.006251,,,,,,,,,Theia738,338.8441561392021,Kounkel2020,3381.0,0.562181,0.55608
359325194,2.019215003790464e+18,291.200975188407,22.6000600084234,1.60452,15.6905,18.369,0.168,17.6227,0.0466,14.103,0.027,13.33,0.025,13.126,0.036,16.7736,0.001345,17.88,0.009803,15.7086,0.00404,,,,,,,,,Theia738,338.8441561392021,Kounkel2020,4464.0,0.931266,0.7
359877504,2.0196007906053903e+18,291.639681682485,22.8859911530831,1.70445,14.4673,17.594,0.167,15.724,0.195,13.153,0.023,12.617,0.023,12.436,0.024,15.398,0.000545,16.288,0.003565,14.4637,0.00191,,,,,,,,,Theia738,338.8441561392021,Kounkel2020,5117.0,1.14081,0.86
1851520733,2.0179808707080369e+18,291.676110294287,20.8389402427937,1.25648,16.6501,,,18.7575,0.0518,,,,,,,17.8061,0.001068,18.8871,0.025797,16.5849,0.015153,,,,,,,,,Theia738,338.8441561392021,Kounkel2020,4589.0,,
359319946,2.01887466625482e+18,291.151886771192,21.9099246905522,1.71634,15.7031,19.59,0.165,16.924,1.133,14.385,0.029,13.726,0.03,13.487,0.04,16.6591,0.00064,17.5816,0.008504,15.7096,0.002113,,,,,,,,,Theia738,338.8441561392021,Kounkel2020,3891.0,0.669828,0.641788
359724418,2.018980326797426e+18,291.537555866912,22.243673260265,1.58215,16.044,19.989,0.166,17.8423,0.0467,14.792,0.031,13.98,0.027,13.804,0.048,17.0823,0.00088,18.1148,0.011866,16.0641,0.002989,,,,,,,,,Theia738,338.8441561392021,Kounkel2020,3728.0,0.64314,0.621959
359615967,2.0189589206791345e+18,291.603270509402,21.9232805370874,1.61457,13.9467,16.076,0.065,14.753,0.172,13.016,0.021,12.609,0.018,12.461,0.025,14.5756,0.000435,15.1128,0.001683,13.8857,0.001523,12.391,0.025,12.528,0.024,12.99,,8.974,,Theia738,338.8441561392021,Kounkel2020,6898.0,0.892531,1.5
359722958,2.018965345950085e+18,291.619282218069,22.0657229096569,1.33624,14.714,17.56,0.168,16.094,0.183,13.354,0.024,12.848,0.022,12.726,0.029,15.6191,0.00036,16.4676,0.004505,14.6877,0.002747,,,,,,,,,Theia738,338.8441561392021,Kounkel2020,4954.0,1.27152,0.82
369914669,2.0189304708128256e+18,292.354534740671,22.0922015970557,1.60025,15.0683,18.663,0.166,16.577,1.133,13.696,0.029,13.088,0.03,12.923,0.031,16.0461,0.000506,16.9844,0.004103,15.0648,0.002005,12.751,0.036,12.947,0.039,12.62,,8.969,,Theia738,338.8441561392021,Kounkel2020,5067.0,0.991011,0.85
370407003,2.0181678864437297e+18,292.456295112861,21.7437002425379,2.866,17.1122,,,,,15.474,0.061,14.912,0.073,14.274,0.07,18.4543,0.001746,20.043,0.059956,17.194,0.007289,,,,,,,,,Theia738,338.8441561392021,Kounkel2020,3255.0,0.364577,0.35103
385892940,2.018794200058198e+18,291.422751743568,21.3699746011515,1.66213,14.7292,16.817,0.066,15.281,0.08,12.892,0.032,12.692,0.047,12.477,0.038,15.4676,0.000622,16.0388,0.022301,14.5316,0.016187,11.941,0.027,11.971,0.026,12.777,,8.877,,Theia738,338.8441561392021,Kounkel2020,,,
1852163738,2.018794200058198e+18,291.422751743568,21.3699746011515,1.66213,14.7292,,,15.889,0.0481,,,,,,,15.4676,0.000622,16.0388,0.022301,14.5316,0.016187,,,,,,,,,Theia738,338.8441561392021,Kounkel2020,,,
368548435,2.0178948682783903e+18,291.84775619852,20.1832791918631,1.92238,13.6632,16.395,0.066,14.857,0.15,12.614,0.03,12.045,,11.936,,14.3536,0.000252,14.9545,0.001391,13.6129,0.001305,,,,,,,,,Theia738,338.8441561392021,Kounkel2020,5324.0,1.01514,0.918
368830150,2.017905038761576e+18,291.969380483341,20.4010189499892,1.70343,15.1264,19.331,0.164,16.705,1.133,13.691,0.027,12.902,0.025,12.686,0.026,16.1904,0.001312,17.2347,0.008573,15.1539,0.003906,12.438,0.029,12.558,0.036,12.574,,8.998,,Theia738,338.8441561392021,Kounkel2020,5456.0,0.985969,0.95
369153278,2.0193993738205164e+18,292.114772602084,22.7261245695309,2.572,16.8208,,,19.2337,0.0507,15.539,0.082,14.883,0.097,14.433,0.102,18.1577,0.001367,19.3241,0.024125,16.8718,0.007043,,,,,,,,,Theia738,338.8441561392021,Kounkel2020,3458.0,0.373649,0.361461
370042487,2.0177240616977009e+18,292.348667421494,20.2728202198094,2.04887,16.444,,,18.6425,0.054,14.918,0.043,14.226,0.054,13.922,0.053,17.6658,0.001695,18.8195,0.034494,16.486,0.006019,,,,,,,,,Theia738,338.8441561392021,Kounkel2020,3528.0,0.523842,0.521119
370634621,2.019318048651488e+18,292.620044767852,22.4077419587226,1.61998,13.9237,17.581,0.166,15.694,0.172,12.458,0.03,11.959,0.027,11.747,0.024,14.956,0.000427,15.9708,0.003448,13.9445,0.001586,11.399,0.023,11.411,0.022,11.21,0.136,8.669,,Theia738,338.8441561392021,Kounkel2020,5106.0,1.78429,0.86
1852464499,2.018985171510566e+18,291.754743624057,22.065590365549,2.06299,17.3481,,,19.738,0.1225,,,,,,,18.559,0.001846,19.8871,0.125858,17.3173,0.013692,,,,,,,,,Theia738,338.8441561392021,Kounkel2020,3878.0,0.425526,0.6
369059031,2.0195919257928847e+18,291.99882104417,22.8705012075817,2.43847,14.8689,17.975,0.168,16.515,0.492,13.664,0.026,12.967,0.022,12.771,0.029,15.7179,0.000458,16.5501,0.004485,14.8091,0.002491,12.73,0.028,12.767,0.031,10.944,0.162,8.56,,Theia738,338.8441561392021,Kounkel2020,4216.0,0.669545,0.66
369920505,2.0181225659415176e+18,292.314787815035,21.5052871068298,1.89464,16.3646,20.535,0.168,18.5052,0.0474,14.847,0.047,14.043,0.044,13.779,0.049,17.5269,0.00111,18.7422,0.014017,16.4068,0.003889,,,,,,,,,Theia738,338.8441561392021,Kounkel2020,3527.0,0.577688,0.569491
370407187,2.0181670317766943e+18,292.523548656412,21.7610170049588,1.61904,14.8714,18.219,0.166,16.347,0.149,13.593,0.023,12.872,0.019,12.7,0.026,15.8297,0.001239,16.7593,0.00674,14.8741,0.003904,12.605,0.033,12.608,0.041,12.173,,9.286,,Theia738,338.8441561392021,Kounkel2020,4961.0,1.05693,0.82
358268021,4.5154534965892936e+18,290.97318919689,18.6569714665494,8.51789,11.9223,14.429,0.072,13.059,0.08,10.807,0.02,10.176,0.02,10.067,0.017,12.6911,0.000474,13.4433,0.001636,11.8623,0.001065,9.916,0.022,9.978,0.021,9.392,0.052,7.708,0.209,Theia784,436.51583224016656,Kounkel2020,4222.0,0.667387,0.66
1921342595,4.515540121809017e+18,291.328169991205,19.1902676233784,7.38927,10.6548,,,11.3632,0.046,,,,,,,11.1686,0.000741,11.5601,0.006194,10.5687,0.008649,,,,,,,,,Theia784,436.51583224016656,Kounkel2020,5314.0,,
355399513,4.515540121809017e+18,291.328169991205,19.1902676233784,7.38927,10.6548,12.26,0.309,11.916,0.022,9.667,0.021,9.287,0.022,9.137,0.019,11.1686,0.000741,11.5601,0.006194,10.5687,0.008649,9.072,0.023,9.14,0.02,9.191,0.042,8.833,,Theia784,436.51583224016656,Kounkel2020,5314.0,,
355519399,4.5159111039157376e+18,291.343298560775,20.2717258374236,7.6869,6.33988,6.277,0.023,6.30911,0.023,6.242,0.018,6.318,0.023,6.287,0.02,6.29353,0.000575832,6.29516,0.001025,6.31398,0.00244,6.254,0.087,6.212,0.032,6.336,0.016,6.4,0.066,Theia784,436.51583224016656,Kounkel2020,10046.0,2.43816,2.575
357273944,2.019146421756627e+18,290.350161023002,22.3808395635355,2.00261,16.3224,20.211,0.166,18.4255,0.0472,14.802,0.035,14.17,0.038,13.971,0.053,17.4622,0.000946,18.6802,0.01345,16.3632,0.003848,13.986,0.041,14.095,0.048,12.386,,8.775,,Theia821,239.88329190194943,Kounkel2020,3538.0,0.523561,0.520852
385174083,4.5170230193997046e+18,289.907837684605,21.2797395945272,2.23362,14.6638,19.026,0.164,16.136,0.149,13.452,0.029,12.803,0.03,12.656,0.018,15.5152,0.000378,16.3368,0.001895,14.6312,0.001157,12.633,0.026,12.729,0.028,12.664,,9.048,,Theia821,239.88329190194943,Kounkel2020,4512.0,0.76886,0.71
370645654,2.0180652882614628e+18,292.596747050942,21.2555261549006,2.30922,17.2173,,,19.779,0.0624,15.722,0.071,15.079,0.099,14.875,0.12,18.5045,0.001873,19.9595,0.044696,17.2854,0.007559,,,,,,,,,Theia821,239.88329190194943,Kounkel2020,3341.0,0.347761,0.33162
370637917,2.0185504177176325e+18,292.651029807304,22.0466964601836,2.19583,15.0776,18.282,0.171,16.368,0.618,13.927,0.041,13.244,0.058,13.057,0.047,16.0007,0.000507,16.8774,0.004008,15.0787,0.001845,12.468,0.029,12.705,0.039,12.658,,9.102,,Theia821,239.88329190194943,Kounkel2020,3968.0,0.650452,0.627465
368557379,4.515590836764767e+18,291.784651030586,19.2948475727662,2.12489,16.0387,19.676,0.172,18.093,0.0467,14.598,0.055,13.802,0.07,13.639,0.061,17.1835,0.000625,18.324,0.011213,16.0744,0.00233,,,,,,,,,Theia821,239.88329190194943,Kounkel2020,3581.0,0.558126,0.552505
369166210,2.018110819240636e+18,292.022400552118,21.214222847817,2.42888,12.3928,14.169,0.067,13.025,0.069,11.732,0.023,11.385,0.021,11.359,0.026,12.8783,0.000582,13.2634,0.001569,12.3339,0.001307,11.124,0.024,11.197,0.024,11.091,0.155,8.801,0.498,Theia821,239.88329190194943,Kounkel2020,6031.0,1.01601,1.118
370407373,2.018168200007892e+18,292.441521929745,21.7797150933272,2.3031,13.227,14.031,0.066,13.998,0.103,12.405,0.023,11.995,0.024,11.913,0.022,13.7776,0.000444,14.2603,0.002063,13.1501,0.001322,11.831,0.038,11.953,0.037,11.425,0.218,8.751,0.457,Theia821,239.88329190194943,Kounkel2020,8134.0,0.791982,1.983
370793810,2.0176163482528087e+18,292.545043006822,19.639870232043,2.98487,11.0448,11.948,0.207,11.53,0.015,10.462,,10.316,0.023,10.294,0.02,11.3966,0.00059,11.6625,0.000787,10.9917,0.000605,10.16,0.024,10.204,0.023,10.639,0.11,9.177,,Theia821,239.88329190194943,Kounkel2020,6606.0,1.24795,1.38
370633873,2.0193308991945777e+18,292.603402169115,22.5006080731016,2.48846,7.77129,8.047,0.026,7.914,0.002,7.504,0.02,7.495,0.023,7.47,0.023,7.8794,0.000349,7.97642,0.000798,7.739,0.001299,7.379,0.028,7.442,0.021,7.512,0.019,7.587,0.136,Theia821,239.88329190194943,Kounkel2020,8288.0,4.81185,2.04
371179458,2.018548665371219e+18,292.679993691716,22.0223641055127,2.22152,16.2871,19.864,0.17,18.2894,0.0495,14.887,0.047,14.186,0.059,14.048,0.059,17.3915,0.000979,18.5562,0.023266,16.3215,0.004792,,,,,,,,,Theia821,239.88329190194943,Kounkel2020,3591.0,0.474593,0.472393
355391877,4.3232774569888015e+18,291.347154306881,18.4330661627647,2.76826,13.3385,15.188,0.051,14.321,0.114,12.44,0.023,11.978,0.023,11.847,0.022,13.9862,0.001281,14.5436,0.004515,13.2864,0.004294,11.637,0.026,11.73,0.028,11.195,0.181,8.541,,Theia821,239.88329190194943,Kounkel2020,6559.0,0.715776,1.359
369300858,4.515628941754575e+18,292.105253015526,19.6270747108912,2.3718,14.528,17.292,0.063,15.611,0.046,13.53,0.022,12.834,0.014,12.764,0.023,15.2857,0.000365,16.0002,0.002507,14.4694,0.001157,,,,,,,,,Theia821,239.88329190194943,Kounkel2020,4425.0,0.67905,0.693
358723422,2.0192422510688e+18,291.029757982069,22.6142297193669,2.44064,15.7447,19.612,0.162,17.8019,0.0468,14.192,,13.69,0.039,13.299,,16.8864,0.000681,18.0663,0.011606,15.8091,0.002372,13.102,0.032,13.123,0.037,11.958,0.24,8.383,,Theia821,239.88329190194943,Kounkel2020,4807.0,0.626918,0.78
370548952,2.019408032474628e+18,292.555131778528,22.7735999234287,2.95751,12.5986,14.862,0.066,13.315,0.229,11.887,0.022,11.522,0.018,11.454,0.019,13.0889,0.000271,13.476,0.000978,12.5367,0.000616,11.439,0.025,11.505,0.024,11.647,0.292,9.192,0.516,Theia821,239.88329190194943,Kounkel2020,5759.0,0.780858,1.031
370547338,2.0194178293381169e+18,292.641733335279,22.9538851337318,1.67682,13.1656,14.426,0.075,14.11,0.172,12.242,0.041,11.826,0.039,11.802,0.048,13.8144,0.000191,14.3679,0.001252,13.1145,0.000879,10.971,0.022,11.126,0.02,11.965,0.414,9.15,,Theia821,239.88329190194943,Kounkel2020,5953.0,1.30316,1.09
370793589,2.017616584432008e+18,292.593849946846,19.6575279748497,2.31322,16.6368,,,19.069,0.0494,15.068,0.041,14.473,0.046,14.287,0.072,17.8956,0.001202,19.2602,0.019943,16.6967,0.004764,,,,,,,,,Theia821,239.88329190194943,Kounkel2020,3398.0,0.426123,0.420629
359727647,2.0192059328191263e+18,291.571142236965,22.5803674940137,1.70908,9.98667,12.737,0.381,11.778,0.03,8.336,0.027,7.568,0.021,7.324,0.023,11.1055,0.000571,12.2708,0.002634,10.0627,0.000924,7.095,0.053,7.255,0.019,7.205,0.015,7.176,0.108,Theia821,239.88329190194943,Kounkel2020,4872.0,12.1033,
369059988,2.0195966030613967e+18,291.895705581638,22.9741417664109,2.28436,13.2588,15.241,0.067,14.003,0.126,12.387,0.025,11.996,0.026,11.883,0.027,13.8342,0.001018,14.3121,0.003549,13.2043,0.002896,11.59,0.023,11.722,0.022,11.98,0.305,8.621,,Theia821,239.88329190194943,Kounkel2020,5900.0,0.831002,1.072
370636185,2.019305503011943e+18,292.62791543899,22.2255997428428,2.07512,14.9519,17.979,0.169,16.403,0.15,13.64,0.033,12.981,0.043,12.339,,15.7652,0.000433,16.5127,0.003918,14.9298,0.00187,,,,,,,,,Theia821,239.88329190194943,Kounkel2020,5472.0,0.611806,0.957
370158450,4.323321437462689e+18,292.40093558317,18.4318574342415,2.77134,10.4584,11.183,0.101,10.859,0.007,10.069,0.022,9.905,0.022,9.864,0.02,10.7381,0.000572,10.9477,0.001726,10.4101,0.001319,9.758,0.025,9.816,0.023,9.077,0.137,5.717,,Theia821,239.88329190194943,Kounkel2020,7045.0,1.57942,1.556
352339569,4.516467319351637e+18,288.409274392189,20.1700294176997,2.04972,15.1526,18.757,0.166,16.704,0.183,13.834,0.03,13.113,0.037,13.011,0.041,16.1159,0.000878,17.0514,0.009929,15.1608,0.001942,,,,,,,,,Theia836,316.227766016838,Kounkel2020,3872.0,0.688345,0.655175
352474811,4.515229303618337e+18,288.440287805702,18.1249331399223,1.75524,10.6939,11.435,0.115,11.16,0.009,10.12,0.021,10.039,0.021,9.958,0.019,10.9949,0.000396,11.2357,0.001451,10.6087,0.000714,9.899,0.023,9.919,0.02,9.904,0.052,8.991,,Theia836,316.227766016838,Kounkel2020,8495.0,2.33781,2.11
353650258,4.515226451760005e+18,288.861498691648,18.262761321882,1.83004,12.5703,14.204,0.054,13.392,0.092,11.706,0.021,11.399,0.022,11.273,0.023,13.1271,0.000336,13.5951,0.001173,12.4964,0.001147,,,,,,,,,Theia836,316.227766016838,Kounkel2020,7435.0,1.33881,1.702
354733605,4.515299912879405e+18,289.44877741339,18.452256958566,1.58829,14.0359,16.985,0.083,15.498,0.149,12.711,0.023,12.094,0.023,11.967,0.021,14.9372,0.000495,15.781,0.002941,14.0248,0.001297,11.852,0.026,11.934,0.028,11.368,0.183,8.988,,Theia836,316.227766016838,Kounkel2020,5581.0,1.36419,0.99
354848595,4.515302214981925e+18,289.539312821135,18.5395407163601,2.04039,14.9549,18.314,0.168,16.305,0.115,13.725,0.032,13.053,0.032,12.904,0.035,15.8502,0.000941,16.6986,0.004188,14.9477,0.002307,,,,,,,,,Theia836,316.227766016838,Kounkel2020,5219.0,0.717182,0.89
354850037,4.51531296525951e+18,289.572875948794,18.6902351585128,1.76671,11.815,12.491,0.248,12.45,0.069,10.93,0.019,10.701,0.016,10.604,0.02,12.276,0.000201,12.6429,0.002929,11.7241,0.003514,10.507,0.022,10.524,0.022,10.202,0.071,8.562,,Theia836,316.227766016838,Kounkel2020,7745.0,1.71667,1.83
355384592,4.5151865257422935e+18,289.618504858584,18.1866979588675,1.72621,11.5023,12.45,0.28,11.882,0.019,10.824,0.023,10.669,0.019,10.584,0.02,11.8451,0.000274,12.1283,0.001233,11.4081,0.0008,,,,,,,,,Theia836,316.227766016838,Kounkel2020,8827.0,1.73874,2.22
356718977,4.515389007684132e+18,289.771876874315,18.9614290406148,2.08215,16.2759,20.648,0.165,18.4738,0.0579,14.774,0.035,13.915,0.032,13.719,0.042,17.4491,0.001915,18.7142,0.0418,16.3226,0.006416,13.367,0.038,13.431,0.049,12.493,,9.148,,Theia836,316.227766016838,Kounkel2020,3493.0,0.55175,0.546826
385063382,4.515795238549357e+18,289.930798209584,19.5167680135328,1.91848,12.3544,14.042,0.036,13.22,0.058,11.415,0.038,11.066,0.051,10.913,0.045,12.9246,0.000477,13.4481,0.001247,12.2508,0.000981,10.752,0.038,10.789,0.036,10.725,0.104,8.07,,Theia836,316.227766016838,Kounkel2020,9826.0,1.45635,2.51
279121286,4.515077639721281e+18,290.006044461607,18.1287570274282,1.91518,15.2824,18.842,0.166,16.8363,0.0465,14.043,0.026,13.266,0.026,13.111,0.034,16.2274,0.001767,17.1136,0.01066,15.2856,0.00547,,,,,,,,,Theia836,316.227766016838,Kounkel2020,3936.0,0.697281,0.661556
352090251,4.51612492024123e+18,288.287404700152,19.435955466269,1.75109,16.7208,20.618,0.167,18.8479,0.0556,15.134,0.041,14.365,0.044,14.201,0.064,17.8726,0.001928,19.0942,0.03697,16.7625,0.010609,,,,,,,,,Theia836,316.227766016838,Kounkel2020,3529.0,0.534776,0.531356
352474429,4.515215800240488e+18,288.564723854345,18.0705310557306,2.17429,11.7534,13.044,0.076,12.411,0.046,11.002,0.021,10.732,0.022,10.624,0.02,12.2176,0.000197,12.5863,0.001406,11.6789,0.001045,10.533,0.023,10.551,0.021,10.658,0.082,9.269,,Theia836,316.227766016838,Kounkel2020,7175.0,1.44078,1.603
354195346,4.515203808690952e+18,289.325568172096,18.3463437814274,1.73871,14.0124,15.025,0.066,15.22,0.206,12.848,0.021,12.393,0.023,12.267,0.023,14.753,0.000686,15.4032,0.004369,13.9561,0.001886,11.902,0.026,11.99,0.028,12.112,0.367,9.026,,Theia836,316.227766016838,Kounkel2020,5113.0,1.04987,0.86
354725510,4.516174574389975e+18,289.441712289908,19.478095634113,2.00558,13.8367,16.036,0.085,15.063,0.172,12.786,0.023,12.321,0.022,12.239,0.022,14.5599,0.000847,15.2244,0.002877,13.7752,0.002227,12.078,0.026,12.226,0.025,12.33,,9.355,,Theia836,316.227766016838,Kounkel2020,8037.0,0.876126,1.94
355263318,4.515363169160296e+18,289.645228740285,18.8500943273813,1.92631,14.9065,17.441,0.0,16.064,0.206,13.56,0.022,12.986,0.021,12.748,0.027,15.7885,0.001229,16.6132,0.0094,14.8856,0.003242,,,,,,,,,Theia836,316.227766016838,Kounkel2020,5117.0,0.770412,0.86
278977003,4.516589743104764e+18,290.025102794312,20.0028979774517,1.89977,16.1626,18.865,0.171,16.906,1.133,14.624,0.043,13.822,0.04,13.606,0.042,17.2961,0.000918,18.4947,0.017076,16.2016,0.004667,13.269,0.055,13.323,0.068,12.519,,9.07,,Theia836,316.227766016838,Kounkel2020,3553.0,0.606855,0.593646
356994825,4.5165964088943503e+18,290.167302119383,20.075778409612,2.21059,12.9218,15.787,0.063,13.84,0.08,12.055,0.022,11.663,0.02,11.545,0.02,13.5345,0.000825,14.0511,0.003161,12.8649,0.002475,11.478,0.025,11.536,0.024,11.645,0.216,9.169,,Theia836,316.227766016838,Kounkel2020,6467.0,1.0317,1.32
356996754,4.516706222614416e+18,290.215878985672,20.3207633621178,1.87181,15.1535,18.168,0.167,16.412,0.297,13.908,0.024,13.23,0.026,13.087,0.028,16.0247,0.000378,16.8471,0.003165,15.1253,0.001419,13.075,0.033,13.273,0.044,12.262,,9.201,,Theia836,316.227766016838,Kounkel2020,7400.0,,
10129438,4.516502125768181e+18,287.781785737509,20.1727592082549,2.21005,13.492,15.921,0.042,14.626,0.16,12.593,0.022,12.14,0.02,12.045,0.022,14.1393,0.000641,14.695,0.002358,13.4431,0.002259,11.894,0.024,11.959,0.022,11.871,,9.183,,Theia836,316.227766016838,Kounkel2020,5602.0,0.876755,0.99
351969809,4.516071873133844e+18,288.047779422365,18.9407131332297,1.58597,15.9873,18.979,0.169,17.6758,0.0475,14.644,0.035,13.957,0.04,13.733,0.045,16.985,0.00265,17.9516,0.016773,15.9998,0.006215,,,,,,,,,Theia836,316.227766016838,Kounkel2020,3814.0,0.655887,0.63152
352465298,4.516014522403445e+18,288.311051787063,18.6763644885703,1.88739,16.8222,,,19.0575,0.0512,15.19,0.046,14.435,0.047,14.174,0.068,18.007,0.001898,19.2932,0.025788,16.8709,0.007237,14.19,0.052,14.482,0.073,12.325,,8.912,,Theia836,316.227766016838,Kounkel2020,3475.0,0.512344,0.510122
357691988,4.515942298228524e+18,290.733096283228,20.2140871566735,2.08696,14.4915,17.434,0.062,15.711,0.126,13.399,0.024,12.842,0.026,12.694,0.026,15.2772,0.001004,15.9866,0.004959,14.4565,0.003602,12.58,0.029,12.738,0.035,11.911,,8.83,,Theia836,316.227766016838,Kounkel2020,5362.0,0.730838,0.928
1921745786,4.515898665664789e+18,291.282145771415,20.0852608481636,1.86463,17.4246,,,,,,,,,,,17.8546,0.001546,,0.0,,0.0,,,,,,,,,Theia836,316.227766016838,Kounkel2020,,,
384965286,4.5160670971298606e+18,288.150760354647,18.8379749968897,1.79274,14.901,16.506,-0.111,16.339,0.16,13.722,0.033,13.112,0.032,12.902,0.035,15.7542,0.001514,16.5467,0.007703,14.8804,0.004756,12.643,0.19,12.718,0.154,11.155,,9.037,,Theia836,316.227766016838,Kounkel2020,5255.0,0.783431,0.9
384966277,4.516063832954529e+18,288.134809902725,18.7132042602177,1.89164,16.2054,19.997,0.171,18.1941,0.0477,14.719,0.053,13.956,0.055,13.644,0.04,17.3165,0.001707,18.4463,0.015939,16.2377,0.005176,,,,,,,,,Theia836,316.227766016838,Kounkel2020,3609.0,0.6018,0.589555
384970860,4.514481081634492e+18,288.175028018489,18.1176539666105,1.90461,16.4383,20.868,0.222,18.5985,0.0498,14.597,0.153,13.803,0.277,13.572,0.165,17.5526,0.001664,18.8138,0.021177,16.3969,0.008612,,,,,,,,,Theia836,316.227766016838,Kounkel2020,3783.0,0.610416,0.57
10119514,4.5160791230388736e+18,287.770485215668,18.862616840828,2.10618,13.4188,15.58,0.034,14.533,0.126,12.268,0.022,11.803,0.018,11.681,0.019,14.1672,0.000658,14.8285,0.002355,13.3764,0.001956,11.438,0.022,11.524,0.022,11.317,0.136,8.417,,Theia836,316.227766016838,Kounkel2020,5652.0,1.09442,1.003
352464638,4.516037646501795e+18,288.426828357623,18.7165042746871,1.81085,17.0413,,,19.5279,0.06,15.399,0.05,14.541,0.052,14.252,0.071,18.3104,0.001941,19.717,0.041684,17.1047,0.007835,,,,,,,,,Theia836,316.227766016838,Kounkel2020,3373.0,0.516502,0.514126
357429474,4.515721300711212e+18,290.2589591244,19.073401236546,1.84284,16.6486,20.742,0.168,19.1595,0.0662,14.966,0.046,14.123,0.045,13.756,0.053,17.9353,0.001792,19.3325,0.051559,16.7128,0.007673,13.56,0.046,13.64,0.053,12.656,,9.01,,Theia836,316.227766016838,Kounkel2020,3369.0,0.594329,0.583437
357431163,4.515331661278706e+18,290.235423225007,18.8859851845918,1.9061,8.1967,8.872,0.028,8.514,0.002,7.569,0.021,7.456,0.021,7.356,0.018,8.44567,0.0004,8.68746,0.001467,8.07493,0.001374,7.272,0.036,7.241,0.02,6.738,0.017,5.822,0.036,Theia836,316.227766016838,Kounkel2020,14021.0,,
385580313,4.515732570705516e+18,290.501606591203,19.3164106478215,1.84922,16.3345,20.645,0.172,18.3451,0.058,14.818,0.059,13.99,0.054,13.775,0.053,17.4646,0.001572,18.5793,0.045678,16.367,0.005072,,,,,,,,,Theia836,316.227766016838,Kounkel2020,3607.0,0.587659,0.577901
385588503,4.5159380376207206e+18,290.508183270433,20.1557286917024,2.09392,13.4672,16.071,0.065,14.588,0.103,12.439,0.025,11.998,0.03,11.908,0.019,14.179,0.000464,14.8055,0.002046,13.4218,0.001423,11.897,0.025,11.977,0.026,11.793,,9.188,,Theia836,316.227766016838,Kounkel2020,5334.0,1.05246,0.92
351969659,4.516084586237185e+18,287.978025314202,18.9629160729256,2.06748,14.9717,18.1,0.167,16.169,0.16,13.617,0.024,12.984,0.02,12.809,0.025,15.8612,0.001806,16.7116,0.008506,14.9567,0.004901,12.653,0.026,12.665,0.029,11.679,0.189,8.791,,Theia836,316.227766016838,Kounkel2020,4839.0,0.729934,0.786
353008640,4.516223433939503e+18,288.583657029873,19.5485828627281,1.86231,12.8735,14.725,0.006,13.789,0.114,11.904,0.022,11.551,0.022,11.466,0.02,13.5221,0.000369,14.0789,0.001834,12.8126,0.001177,11.402,0.023,11.424,0.023,11.131,0.107,9.085,0.53,Theia836,316.227766016838,Kounkel2020,6905.0,1.30762,1.5
353150932,4.515240092562892e+18,288.754605935834,18.3937223436166,1.78374,10.1015,10.731,0.07,10.427,0.005,9.607,0.022,9.52,0.022,9.461,0.018,10.3424,0.000498,10.547,0.001066,10.017,0.000982,9.4,0.023,9.421,0.02,9.454,0.036,8.432,,Theia836,316.227766016838,Kounkel2020,9269.0,2.76528,2.35
353155477,4.516048336711671e+18,288.736976330775,18.9398739094774,1.77859,10.0349,10.474,0.061,10.262,0.005,9.504,0.022,9.439,0.02,9.365,0.015,10.242,0.000333,10.4248,0.001253,9.93727,0.001417,9.327,0.023,9.355,0.02,9.485,0.038,8.632,,Theia836,316.227766016838,Kounkel2020,10310.0,2.69892,2.65
353159697,4.516210617756844e+18,288.742291864993,19.4979566922703,1.89342,12.8159,14.795,0.018,13.811,0.069,11.828,0.018,11.417,0.018,11.3,0.02,13.5049,0.000591,14.105,0.002524,12.7655,0.001433,11.184,0.023,11.236,0.023,11.917,0.219,8.494,,Theia836,316.227766016838,Kounkel2020,5296.0,1.5251,0.91
353157483,4.516149766657632e+18,288.801766752693,19.1966496282734,1.98604,16.5069,20.628,0.168,18.5712,0.0522,15.03,0.044,14.183,0.043,14.055,0.059,17.6395,0.001575,18.8221,0.030444,16.5445,0.007512,13.719,0.033,13.859,0.049,12.221,,8.985,,Theia836,316.227766016838,Kounkel2020,3563.0,0.513755,0.511484
354195650,4.515207725701201e+18,289.253248934194,18.3778458898483,1.95938,16.1357,19.904,0.166,18.0967,0.0495,14.56,0.033,13.752,0.036,13.492,0.042,17.2414,0.002331,18.3453,0.02283,16.1658,0.008496,13.522,0.036,13.675,0.05,12.422,,9.174,,Theia836,316.227766016838,Kounkel2020,3630.0,0.616161,0.601078
369293969,2.0176887398887767e+18,292.042745342915,19.9529421396943,1.80411,17.3146,,,19.6556,0.0658,15.229,,14.239,,14.552,0.12,18.4928,0.001548,19.8589,0.051745,17.3072,0.010905,,,,,,,,,Theia836,316.227766016838,Kounkel2020,3767.0,0.474747,0.57
370317310,2.017738428414102e+18,292.427250386606,20.4024971593886,1.83303,15.2098,18.229,0.173,16.625,0.332,13.532,0.052,12.719,0.051,12.538,0.05,16.1086,0.000607,16.903,0.005305,15.0907,0.003822,,,,,,,,,Theia836,316.227766016838,Kounkel2020,4415.0,,
354730719,4.515358874192391e+18,289.38348267569,18.7945390885133,1.97283,11.3602,12.478,0.291,11.728,0.02,10.628,0.021,10.482,0.022,10.389,0.019,11.6721,0.000435,11.9807,0.001094,11.2167,0.000729,10.208,0.021,10.277,0.019,10.362,0.081,8.902,,Theia836,316.227766016838,Kounkel2020,,,
354852600,4.515380795705749e+18,289.474490768352,19.0173543474149,2.22925,14.3148,16.749,0.088,15.551,0.229,13.141,0.029,12.625,0.026,12.481,0.03,15.1107,0.00043,15.823,0.004278,14.2661,0.001195,12.124,0.026,12.189,0.026,12.508,0.444,9.201,,Theia836,316.227766016838,Kounkel2020,5106.0,0.776,0.858
355256928,4.516554313888111e+18,289.709238919464,19.670403105336,2.02053,12.2867,13.855,0.029,13.12,0.092,11.475,0.023,11.213,0.023,11.089,0.021,12.8564,0.000253,13.325,0.001355,12.2285,0.000686,10.924,0.021,10.995,0.019,11.005,0.104,8.724,0.337,Theia836,316.227766016838,Kounkel2020,5990.0,1.44817,1.1
352087446,4.516096337268759e+18,288.198609107155,19.0359756127082,2.29759,15.1162,19.333,0.163,16.706,1.133,13.672,0.024,12.918,0.023,12.752,0.026,16.2019,0.001477,17.3323,0.008727,15.1474,0.002914,12.676,0.03,12.683,0.032,12.098,,8.754,,Theia836,316.227766016838,Kounkel2020,3626.0,0.691006,0.65708
352461431,4.516092488978106e+18,288.379724159459,18.9581755448915,1.50897,17.0978,,,19.1004,0.0551,15.451,0.063,14.305,,14.05,,18.1927,0.002124,19.2869,0.037345,17.0397,0.010142,14.014,0.038,14.407,0.07,12.616,,8.741,,Theia836,316.227766016838,Kounkel2020,4101.0,0.573221,0.64
351973111,4.516006520908568e+18,288.017177606867,18.4534437351198,2.28177,13.986,16.202,0.156,15.037,0.149,12.957,0.023,12.421,0.021,12.277,0.025,14.6994,0.00034,15.3315,0.00237,13.9406,0.001414,12.246,0.025,12.32,0.025,12.693,,8.905,,Theia836,316.227766016838,Kounkel2020,5180.0,0.775495,0.88
352470067,4.515987966649378e+18,288.351272480266,18.353097204409,1.98572,13.4626,15.416,0.068,14.439,0.195,12.388,0.023,11.983,0.025,11.828,0.026,14.1225,0.000438,14.6854,0.002162,13.4033,0.001526,11.551,0.025,11.569,0.024,11.725,0.237,9.057,,Theia836,316.227766016838,Kounkel2020,5283.0,1.03689,0.91
353021934,4.515245280896549e+18,288.665814834214,18.4901536017431,1.50257,14.3636,17.475,0.167,15.722,0.172,13.169,0.023,12.612,0.022,12.465,0.024,15.1997,0.000637,15.971,0.002729,14.3396,0.002141,12.343,0.027,12.444,0.031,12.088,0.298,8.791,,Theia836,316.227766016838,Kounkel2020,6577.0,1.0694,1.37
353528405,4.515276853174339e+18,288.8910273516,18.6546569553339,1.86588,12.7237,14.353,0.055,13.545,0.08,11.838,0.019,11.536,0.018,11.406,0.02,13.2927,0.000307,13.769,0.001296,12.6561,0.000921,11.21,0.024,11.292,0.023,12.194,0.477,9.087,,Theia836,316.227766016838,Kounkel2020,7086.0,1.246,1.57
1808427361,4.5151663909351137e+18,288.826557754986,18.0336083001396,1.74217,15.4269,,,16.8983,0.0462,,,,,,,16.3172,0.001504,17.1743,0.007951,15.3903,0.004108,,,,,,,,,Theia836,316.227766016838,Kounkel2020,4503.0,0.732281,0.71
353663626,4.516155775281799e+18,289.049453519727,19.3410212323881,1.95145,11.3486,12.846,0.249,11.628,0.027,10.561,0.021,10.307,0.018,10.231,0.019,11.823,0.000219,12.2286,0.001422,11.2573,0.000724,10.164,0.025,10.182,0.022,10.324,0.11,8.92,,Theia836,316.227766016838,Kounkel2020,8494.0,1.99871,2.11
352585620,4.5160409106764616e+18,288.483950991512,18.8370167633438,2.06564,13.765,15.636,0.042,14.873,0.172,12.708,0.024,12.236,0.025,12.103,0.025,14.4937,0.000881,15.1408,0.00299,13.721,0.002196,,,,,,,,,Theia836,316.227766016838,Kounkel2020,5230.0,0.96291,0.89
353159663,4.516210617756835e+18,288.74259211689,19.4928725993021,1.8672,12.6765,14.677,-0.018,13.655,0.08,11.68,0.019,11.268,0.016,11.18,0.019,13.3628,0.000423,13.9613,0.001842,12.6295,0.001138,11.06,0.023,11.115,0.022,11.205,0.116,9.061,,Theia836,316.227766016838,Kounkel2020,5413.0,1.62169,0.94
353519745,4.516255663375172e+18,288.853061154947,19.8513638481871,2.25666,12.2751,13.892,0.0,13.158,0.103,11.427,0.022,11.089,0.022,11.011,0.02,12.864,0.000593,13.3548,0.001466,12.2195,0.000992,10.734,0.021,10.85,0.02,11.191,0.136,9.053,,Theia836,316.227766016838,Kounkel2020,6132.0,1.33112,1.16
353526895,4.516032221994161e+18,288.848272856708,18.8496554749688,1.90563,12.2717,13.655,0.053,12.917,0.103,11.158,0.023,10.624,,11.185,0.015,12.7571,0.000224,13.1685,0.001503,12.18,0.000722,,,,,,,,,Theia836,316.227766016838,Kounkel2020,8353.0,1.3569,2.06
353651669,4.515172472586041e+18,288.845872655388,18.0749613531095,2.2281,16.8571,20.607,0.172,14.671,1.133,15.234,0.058,14.514,0.06,14.194,0.08,18.1175,0.001787,19.6012,0.050364,16.9256,0.007791,,,,,,,,,Theia836,316.227766016838,Kounkel2020,3341.0,0.452375,0.449089
354065930,4.515377084854203e+18,289.165837012547,18.9370004054938,2.11015,15.5773,,,17.6069,0.0472,14.1,0.028,13.359,0.025,13.191,0.036,16.6947,0.000866,17.8666,0.014058,15.6136,0.002604,12.913,0.025,13.074,0.031,12.108,0.28,9.015,,Theia836,316.227766016838,Kounkel2020,3579.0,0.641906,0.621025
352457689,4.51610368591844e+18,288.362156309821,19.1224060356894,1.83919,12.0191,13.304,0.033,12.631,0.057,11.275,0.022,11.025,0.022,10.931,0.018,12.4838,0.000185,12.8607,0.001139,11.9434,0.00087,10.872,0.023,10.9,0.021,11.043,0.211,9.091,,Theia836,316.227766016838,Kounkel2020,7472.0,1.50563,1.717
352583652,4.515997376888e+18,288.554921489405,18.5667514508123,1.6895,16.7472,20.496,0.17,18.9791,0.0584,15.235,0.05,14.383,0.049,14.143,0.065,17.9534,0.001508,19.1864,0.04271,16.7936,0.006946,,,,,,,,,Theia836,316.227766016838,Kounkel2020,3492.0,0.557522,0.551971
354196970,4.51525758168371e+18,289.278061336601,18.5316403361142,1.80749,14.3725,16.777,0.193,15.437,0.057,13.201,0.026,12.674,0.027,12.6,0.032,15.141,0.000822,15.8264,0.003311,14.3285,0.0031,12.231,0.025,12.381,0.031,11.944,,9.333,,Theia836,316.227766016838,Kounkel2020,5265.0,0.876268,0.9
354730142,4.51536633025572e+18,289.400450671513,18.8662617851206,2.0063,16.4597,20.421,0.168,18.605,0.0505,14.9,0.043,14.104,0.044,13.873,0.055,17.6195,0.002029,18.8468,0.024639,16.5026,0.007262,13.98,0.055,14.193,0.069,12.811,,8.845,,Theia836,316.227766016838,Kounkel2020,3521.0,0.540253,0.536403
354738936,4.514996516386532e+18,289.566356743551,18.0741878906753,1.66512,12.9054,15.046,0.08,13.945,0.092,11.785,0.027,11.455,0.034,11.31,0.029,13.6234,0.000223,14.2493,0.001301,12.8565,0.000948,10.699,0.023,10.717,0.021,11.137,0.193,9.267,,Theia836,316.227766016838,Kounkel2020,6270.0,1.60799,1.22
1808575892,4.515386877371932e+18,289.675892116215,18.8925683331696,2.19072,17.2148,,,18.2543,0.0845,,,,,,,17.8994,0.003688,17.6474,0.139139,16.2716,0.046295,,,,,,,,,Theia836,316.227766016838,Kounkel2020,,,
278985358,4.515343717230019e+18,290.003827623253,18.9171765112376,1.73751,16.3397,20.537,0.17,18.4249,0.0498,14.826,0.053,13.985,0.061,13.748,0.061,17.4727,0.00184,18.6825,0.023148,16.3793,0.005805,,,,,,,,,Theia836,316.227766016838,Kounkel2020,3547.0,0.617285,0.601968
357434314,4.515125571557106e+18,290.330459855748,18.5291756469636,2.33133,14.6593,17.356,0.0,16.089,0.252,13.34,,12.742,0.032,12.627,0.036,15.5589,0.001303,16.4054,0.004692,14.653,0.003249,12.359,0.028,12.516,0.032,12.296,,9.126,,Theia836,316.227766016838,Kounkel2020,5627.0,0.696526,1.0
357689460,4.515919041015873e+18,290.638047594176,19.9218571081956,2.10923,14.953,18.675,0.165,16.587,1.133,13.599,0.023,12.931,0.022,12.696,0.028,15.9496,0.000444,16.9234,0.003027,14.9777,0.001321,12.7,0.031,12.829,0.03,11.943,,9.308,,Theia836,316.227766016838,Kounkel2020,5537.0,0.778598,0.97
358136558,4.5155493989484247e+18,290.80481777962,19.1009965315855,1.83589,12.0545,13.707,0.07,12.877,0.08,11.167,0.023,10.909,0.023,10.792,0.02,12.6023,0.000404,13.0839,0.001954,11.9639,0.001911,10.746,0.028,10.819,0.026,11.705,0.369,8.43,,Theia836,316.227766016838,Kounkel2020,8588.0,1.70478,2.14
358894814,4.515754354780784e+18,290.992744401122,19.5522515468966,1.89258,15.9372,20.351,0.163,17.9888,0.0466,14.441,0.029,13.656,0.029,13.481,0.039,17.0653,0.000667,18.2416,0.010284,15.9743,0.002098,13.552,0.054,13.759,0.092,12.661,,9.123,,Theia836,316.227766016838,Kounkel2020,3570.0,0.631553,0.613107
354738967,4.514996894343652e+18,289.577483427374,18.0780416824812,1.6894,12.0157,13.562,0.04,12.786,0.069,11.102,0.021,10.874,0.018,10.757,0.02,12.5657,0.000228,13.0223,0.001237,11.9422,0.000863,10.667,0.023,10.681,0.021,11.061,0.15,9.24,,Theia836,316.227766016838,Kounkel2020,7257.0,1.85231,1.63
354851276,4.515363787634901e+18,289.547001174613,18.8533557718946,2.02793,13.2704,15.398,0.07,14.389,0.092,12.208,0.019,11.828,0.016,11.675,0.021,13.9816,0.000764,14.6051,0.003517,13.2217,0.002037,11.557,0.024,11.621,0.025,11.854,0.246,9.081,,Theia836,316.227766016838,Kounkel2020,5298.0,1.19202,0.91
1808592847,4.5154153959568927e+18,289.780847013784,19.2802276892213,1.99925,17.6762,,,,,,,,,,,18.1062,0.002329,,0.0,,0.0,,,,,,,,,Theia836,316.227766016838,Kounkel2020,,,
385059446,4.515396188869847e+18,289.917453989726,19.0915291650374,1.7619,16.5991,,,18.9855,0.0515,14.914,0.053,14.211,0.064,13.823,,17.8344,0.00162,19.1814,0.025439,16.6429,0.007231,13.562,0.039,13.587,0.047,12.433,,8.757,,Theia836,316.227766016838,Kounkel2020,4045.0,0.76034,0.63
279119072,4.515097083025253e+18,290.074430543508,18.2989373786474,1.8244,14.8175,17.462,0.193,16.023,0.069,13.648,0.025,13.115,0.029,12.945,0.03,15.6368,0.000625,16.3803,0.00747,14.7877,0.001779,12.947,0.026,12.941,0.031,12.556,,9.037,,Theia836,316.227766016838,Kounkel2020,5685.0,0.731491,1.01
352585418,4.516039884216008e+18,288.529609109253,18.8098276083676,1.74623,13.0093,14.819,0.086,13.973,0.126,12.117,0.024,11.771,0.024,11.663,0.023,13.6326,0.000345,14.1564,0.001486,12.9527,0.000896,11.302,0.024,11.344,0.022,11.04,0.13,8.465,,Theia836,316.227766016838,Kounkel2020,6152.0,1.2829,1.17
353150120,4.515227173314544e+18,288.778873078211,18.2922669627756,1.82992,15.3569,16.847,0.09,16.8398,0.0464,13.957,0.063,13.323,0.059,13.072,0.064,16.2489,0.001465,17.1139,0.00877,15.3143,0.005741,12.377,0.027,12.421,0.031,11.821,,8.394,,Theia836,316.227766016838,Kounkel2020,4408.0,0.728007,0.69
353525495,4.516143032148487e+18,288.84266840094,19.0350828101536,1.89771,8.85457,9.307,0.033,9.107,0.003,8.421,0.03,8.395,0.018,8.389,0.018,9.01865,0.000284,9.18199,0.000537,8.75639,0.00082,8.325,0.023,8.353,0.02,8.41,0.03,8.67,0.386,Theia836,316.227766016838,Kounkel2020,12189.0,,
1921286361,4.515480370230952e+18,291.137004691168,18.8777600372834,1.72468,14.6482,,,16.2087,0.049,,,,,,,15.5823,0.000637,16.3669,0.016513,14.5117,0.020893,,,,,,,,,Theia836,316.227766016838,Kounkel2020,4662.0,,
385978519,4.515653161028963e+18,291.429266913661,19.4645310883917,1.97926,9.4264,9.665,0.04,9.459,0.003,8.915,0.018,8.92,0.033,8.878,0.021,9.50336,0.000349,9.50187,0.001805,9.20036,0.001945,8.794,0.023,8.826,0.02,8.882,0.032,8.502,0.328,Theia836,316.227766016838,Kounkel2020,,,
359466961,4.515466660695517e+18,291.573756450729,18.7351443361191,1.95835,14.8894,17.87,0.167,16.21,0.297,13.598,0.023,12.976,0.024,12.803,0.025,15.7615,0.00132,16.5872,0.008164,14.8655,0.003972,,,,,,,,,Theia836,316.227766016838,Kounkel2020,4813.0,0.78299,0.779
360038916,4.515890281912754e+18,291.693276037347,20.0617862806901,1.86535,14.0996,16.58,0.071,15.157,0.103,12.894,0.039,12.363,0.033,12.214,0.032,14.8543,0.000425,15.5248,0.002663,14.0532,0.001566,11.923,0.031,11.993,0.033,12.217,0.5,8.51,,Theia836,316.227766016838,Kounkel2020,5229.0,0.948088,0.89
354187662,4.51526187233199e+18,289.187428395385,18.5940955013218,2.41952,16.6391,20.964,0.166,19.1252,0.0561,14.797,0.041,14.063,0.046,13.739,0.05,17.8514,0.001818,19.2676,0.033315,16.5942,0.009594,12.879,0.027,13.122,0.035,12.133,,9.286,,Theia836,316.227766016838,Kounkel2020,3673.0,,
354196990,4.51525795532172e+18,289.215211343534,18.5333158919015,1.9859,16.2418,20.217,0.166,18.2408,0.0483,14.738,0.035,13.921,0.036,13.738,0.048,17.3612,0.001636,18.4856,0.017545,16.2744,0.008821,13.602,0.043,13.755,0.061,12.186,0.419,9.389,,Theia836,316.227766016838,Kounkel2020,3607.0,0.56662,0.559962
354205857,4.516178766277689e+18,289.241008363273,19.3900301290461,1.91589,13.3044,15.173,0.0,14.315,0.217,12.344,0.023,11.999,0.023,11.872,0.024,13.9683,0.000799,14.54,0.003372,13.2504,0.002103,11.487,0.021,11.598,0.023,11.683,,8.432,,Theia836,316.227766016838,Kounkel2020,6570.0,1.0706,1.36
355382119,4.515301184189591e+18,289.634029822302,18.4943086952053,2.01432,10.1187,10.686,0.073,10.388,0.005,9.555,0.022,9.487,0.019,9.442,0.017,10.2732,0.000298,10.4684,0.000998,9.95831,0.001207,9.397,0.023,9.408,0.02,9.451,0.045,9.136,,Theia836,316.227766016838,Kounkel2020,,,
356719605,4.515340075096108e+18,289.778139852876,18.8879577240948,1.92791,16.86,20.737,0.172,,,15.021,0.06,14.214,0.061,13.995,0.056,18.2357,0.001603,19.8736,0.051551,16.9479,0.008098,13.351,0.034,13.444,0.046,12.376,,8.737,,Theia836,316.227766016838,Kounkel2020,3218.0,0.535468,0.531997
1808838823,4.516196495904917e+18,288.65672490691,19.2351120734641,1.84645,16.5531,,,18.4813,0.0587,,,,,,,17.6035,0.001582,18.6898,0.047094,16.481,0.005889,,,,,,,,,Theia836,316.227766016838,Kounkel2020,3967.0,0.55323,0.618
353151196,4.515264384911734e+18,288.77454178989,18.4311502053359,1.78854,10.4926,11.43,0.107,10.982,0.007,9.885,0.022,9.761,0.02,9.66,0.018,10.8192,0.000546,11.0865,0.001374,10.4169,0.001004,9.632,0.023,9.63,0.02,9.581,0.042,8.637,,Theia836,316.227766016838,Kounkel2020,8242.0,2.60386,2.02
353665638,4.516234222898141e+18,289.029881644351,19.6128021370653,1.81981,14.6545,17.904,0.167,16.055,0.149,13.389,0.024,12.86,0.025,12.694,0.026,15.5154,0.000974,16.3069,0.003291,14.6324,0.001807,12.279,0.023,12.431,0.025,11.501,,9.303,,Theia836,316.227766016838,Kounkel2020,5949.0,0.821932,1.09
354733143,4.515303314493651e+18,289.408452657953,18.5028605440832,1.85691,13.1087,14.854,0.077,13.986,0.103,12.182,0.022,11.85,0.021,11.745,0.02,13.7139,0.00031,14.2196,0.001602,13.0515,0.001248,11.715,0.025,11.784,0.024,11.829,0.247,9.292,,Theia836,316.227766016838,Kounkel2020,5602.0,1.16875,0.991
354850023,4.5153542012677e+18,289.48342014763,18.6882610311818,1.83987,12.5578,14.564,0.089,13.563,0.114,11.508,0.018,11.112,0.016,11.006,0.019,13.2183,0.000476,13.8173,0.001613,12.4793,0.000983,10.924,0.023,10.964,0.022,10.757,0.097,8.612,,Theia836,316.227766016838,Kounkel2020,8407.0,1.58419,2.08
1808569571,4.5153803146563415e+18,289.427864424431,18.992034125769,2.00775,17.1499,,,19.5869,0.0692,,,,,,,18.3441,0.001952,19.7305,0.055483,17.0905,0.008704,,,,,,,,,Theia836,316.227766016838,Kounkel2020,3669.0,0.468413,0.54
355257533,4.516549232971506e+18,289.693222405579,19.5834957020336,2.12392,12.5404,14.295,0.016,13.472,0.103,11.648,0.022,11.32,0.022,11.187,0.019,13.1662,0.0003,13.6994,0.001241,12.4832,0.001293,11.147,0.024,11.232,0.023,11.797,0.213,9.383,,Theia836,316.227766016838,Kounkel2020,6681.0,1.29972,1.413
356721127,4.515314000372298e+18,289.72243843405,18.714208443433,2.1759,11.0437,11.965,0.175,11.381,0.012,10.432,,10.293,0.027,10.219,0.02,11.411,0.000547,11.6997,0.000954,10.9768,0.000846,10.074,0.023,10.104,0.021,10.096,0.062,9.258,0.512,Theia836,316.227766016838,Kounkel2020,7438.0,1.73795,1.7
356724464,4.51528424483831e+18,289.72138234485,18.3567053758489,1.8638,13.9415,16.052,0.078,15.103,0.137,12.942,0.023,12.51,0.022,12.343,0.025,14.6446,0.000562,15.2599,0.002437,13.8985,0.00156,12.214,0.029,12.266,0.035,12.691,,8.866,,Theia836,316.227766016838,Kounkel2020,5845.0,0.894999,1.05
356717150,4.5154020643851336e+18,289.841570888637,19.1753161803293,1.69226,12.1624,15.035,0.012,13.657,0.126,10.849,0.022,10.302,0.022,10.133,0.018,13.0855,0.000373,13.962,0.001067,12.1641,0.000834,10.017,0.023,10.046,0.02,9.98,0.064,8.687,,Theia836,316.227766016838,Kounkel2020,5940.0,3.04244,1.08
278982305,4.515778509678521e+18,290.021127823975,19.3031381013627,1.61634,16.6823,20.955,0.167,18.8644,0.0553,14.979,0.044,14.168,0.053,14.06,0.056,17.8579,0.001651,19.0967,0.036149,16.7269,0.008893,,,,,,,,,Theia836,316.227766016838,Kounkel2020,3506.0,0.590122,0.579953
368546751,2.0179024918153103e+18,291.814777769826,20.3736609882715,1.953,13.0842,15.676,0.059,14.048,0.137,12.012,,11.686,0.026,11.572,0.021,13.7195,0.000237,14.2694,0.001131,13.0151,0.000643,11.257,0.024,11.376,0.021,11.802,,9.034,,Theia836,316.227766016838,Kounkel2020,7425.0,1.10979,1.7
356865568,4.5153452677351537e+18,290.17220222745,18.9805472833312,1.90513,13.7194,16.243,0.156,14.989,0.286,12.49,0.023,11.93,0.025,11.732,0.024,14.531,0.000338,15.2706,0.002768,13.6853,0.001208,11.336,0.025,11.448,0.026,10.973,0.125,9.318,0.513,Theia836,316.227766016838,Kounkel2020,5197.0,1.20491,0.88
357430471,4.51570762121661e+18,290.337631280372,18.9640386687347,1.9211,16.8435,,,,,14.963,0.044,14.109,0.043,13.829,0.052,18.266,0.002102,20.0189,0.061074,16.9432,0.00871,13.533,0.036,13.777,0.061,12.552,,9.336,,Theia836,316.227766016838,Kounkel2020,3147.0,0.567565,0.560783
385488516,4.5151124461369815e+18,290.413035108148,18.4585944439868,2.25868,11.5855,13.005,0.058,12.432,0.069,10.873,0.025,10.629,0.032,10.539,0.02,12.0936,0.000162,12.4991,0.000915,11.5247,0.000722,10.463,0.023,10.504,0.021,10.88,0.213,8.978,,Theia836,316.227766016838,Kounkel2020,6009.0,1.63728,1.11
358439911,4.515930414089899e+18,290.947063862474,20.1903800753054,1.83509,13.4863,16.534,0.061,14.49,0.092,12.5,0.022,12.097,0.022,11.969,0.021,14.159,0.000317,14.738,0.001296,13.4368,0.000938,11.916,0.025,11.991,0.028,12.272,0.421,9.134,,Theia836,316.227766016838,Kounkel2020,5761.0,1.08027,1.03
358896805,4.515559569431716e+18,291.005831619637,19.3322371583569,1.55058,15.7437,19.713,0.165,17.5852,0.0463,14.274,0.032,13.618,0.035,13.374,0.039,16.8064,0.00068,17.8393,0.008017,15.7626,0.003353,13.183,0.044,13.478,0.053,12.016,,8.886,,Theia836,316.227766016838,Kounkel2020,5566.0,0.805726,0.98
355262962,4.51538687738035e+18,289.674809194032,18.8927853516989,2.22238,11.4471,12.682,0.271,11.855,0.02,10.597,0.023,10.307,0.025,10.198,0.02,12.0218,0.000208,12.501,0.001166,11.3894,0.000908,9.161,0.014,9.267,0.015,9.578,0.045,8.407,,Theia836,316.227766016838,Kounkel2020,6513.0,1.91556,1.34
356996420,4.51661218001534e+18,290.149117890736,20.2782942538523,1.97289,14.6825,18.003,0.167,16.058,0.263,13.495,0.028,12.892,0.03,12.743,0.03,15.5381,0.000609,16.3336,0.003616,14.6651,0.001463,12.586,0.027,12.702,0.032,11.594,0.174,8.717,,Theia836,316.227766016838,Kounkel2020,6477.0,0.727457,1.32
385374614,4.516689455060818e+18,290.362400905477,20.1715288120567,1.9669,14.3493,17.229,0.065,15.433,0.824,13.227,0.03,12.716,0.035,12.586,0.028,15.1363,0.000594,15.8588,0.003302,14.3088,0.001835,12.425,0.029,12.551,0.034,11.832,,9.04,,Theia836,316.227766016838,Kounkel2020,7241.0,0.765518,1.63
354060470,4.516240442011217e+18,289.181372244748,19.6948308157065,2.22388,13.1841,15.441,0.008,14.351,0.103,12.108,0.021,11.637,0.017,11.473,0.02,13.9227,0.000363,14.6145,0.001699,13.1234,0.000892,11.345,0.026,11.422,0.026,11.781,0.374,8.413,,Theia836,316.227766016838,Kounkel2020,4438.0,1.30505,0.695
354062470,4.516179075515379e+18,289.198219321189,19.41337910569,1.66976,16.1407,20.114,0.168,18.1239,0.0478,14.671,0.042,13.891,0.045,13.658,0.054,17.2478,0.001343,18.3797,0.016765,16.173,0.004496,,,,,,,,,Theia836,316.227766016838,Kounkel2020,3610.0,0.649195,0.626523
1808491002,4.51526187233199e+18,289.187428395385,18.5940955013218,2.41952,16.6391,,,19.1252,0.0561,,,,,,,17.8514,0.001818,19.2676,0.033315,16.5942,0.009594,,,,,,,,,Theia836,316.227766016838,Kounkel2020,3673.0,,
354195315,4.515203808690951e+18,289.322301535427,18.3436365846259,1.88127,9.7573,10.49,0.061,10.209,0.005,9.218,0.018,9.135,0.023,9.066,0.021,10.0389,0.000407,10.2632,0.001049,9.68729,0.001048,8.989,0.022,9.005,0.02,9.116,0.033,8.991,0.462,Theia836,316.227766016838,Kounkel2020,8124.0,3.24862,1.98
356722612,4.515295961509319e+18,289.760021358752,18.5518448675069,1.7209,11.0602,12.154,0.259,11.888,0.02,10.226,0.02,10.08,0.023,9.967,0.018,11.4887,0.000571,11.8769,0.001083,10.9433,0.000694,9.843,0.023,9.849,0.021,9.559,0.044,8.748,0.445,Theia836,316.227766016838,Kounkel2020,10663.0,2.37371,2.76
385066528,4.516563389183969e+18,289.868765730336,19.853044395869,2.13534,12.6116,14.097,0.021,13.332,0.114,11.712,0.027,11.415,0.031,11.335,0.022,13.1057,0.000489,13.5754,0.00224,12.4762,0.001132,11.152,0.023,11.21,0.021,10.946,0.094,9.29,0.511,Theia836,316.227766016838,Kounkel2020,14053.0,,
385489724,4.5151067767803576e+18,290.399366346295,18.3312549947047,1.90804,14.827,17.41,0.225,16.048,0.08,13.676,0.025,13.017,0.033,12.867,0.029,15.6438,0.000825,16.4143,0.005177,14.784,0.002335,12.806,0.03,12.948,0.039,10.667,0.167,8.104,,Theia836,316.227766016838,Kounkel2020,4574.0,0.788284,0.72
385580866,4.515756966121357e+18,290.524201252947,19.370802813169,1.84579,14.619,17.558,0.168,16.123,0.378,13.367,0.024,12.788,0.03,12.632,0.018,15.4879,0.000738,16.2992,0.00489,14.6001,0.002686,12.396,0.031,12.519,0.035,12.218,,9.293,,Theia836,316.227766016838,Kounkel2020,5195.0,0.892061,0.88
357696464,4.516743640371834e+18,290.662280684185,20.7276626623807,1.93047,12.4438,14.642,0.066,13.112,0.092,11.781,0.021,11.527,0.02,11.472,0.02,12.8859,0.000286,13.2273,0.000852,12.3827,0.000645,11.419,0.024,11.432,0.025,11.511,0.158,9.069,,Theia836,316.227766016838,Kounkel2020,6207.0,1.15947,1.19
1921668512,4.51583389756829e+18,290.170140689688,19.8287761447462,2.11867,16.4064,,,18.7451,0.048,,,,,,,17.6238,0.001168,18.9591,0.014899,16.4545,0.006597,,,,,,,,,Theia836,316.227766016838,Kounkel2020,4040.0,0.670803,0.63
357431022,4.5153320048760873e+18,290.267890835221,18.9022366973233,2.17949,14.3884,17.121,0.122,15.678,0.103,13.2,0.024,12.629,0.026,12.49,0.025,15.2253,0.001138,16.0101,0.00488,14.3599,0.002511,12.368,0.027,12.523,0.032,12.202,0.34,9.258,,Theia836,316.227766016838,Kounkel2020,4839.0,0.840116,0.79
1921354296,4.515551941569784e+18,290.951899949915,19.2168145830387,2.0695,15.4588,,,17.0764,0.0467,,,,,,,16.4218,0.000929,17.3123,0.012358,15.4142,0.004852,,,,,,,,,Theia836,316.227766016838,Kounkel2020,4886.0,0.64425,0.798
358272384,4.515545619377142e+18,290.938139413842,19.0765197456458,1.95572,14.6267,18.751,0.164,16.794,0.183,12.839,0.03,11.992,0.029,11.737,0.028,15.7939,0.002218,17.1102,0.016332,14.6192,0.006891,,,,,,,,,Theia836,316.227766016838,Kounkel2020,3857.0,1.46094,
351975531,4.5144788182239104e+18,287.967642749625,18.1134361743606,2.25912,14.1998,16.488,0.043,15.329,0.103,13.16,0.023,12.636,0.02,12.481,0.022,14.9224,0.000641,15.5663,0.004252,14.1529,0.00271,12.357,0.026,12.555,0.03,12.039,,9.224,,Theia836,316.227766016838,Kounkel2020,5054.0,0.730004,0.84
352085332,4.516018405054346e+18,288.299290780406,18.7615159077144,1.93426,15.8673,19.359,0.167,17.7665,0.0471,14.42,0.031,13.668,0.034,13.488,0.034,16.9514,0.002461,18.0195,0.012444,15.8934,0.006953,13.333,0.029,13.471,0.046,12.625,,9.033,,Theia836,316.227766016838,Kounkel2020,3669.0,0.62118,0.605035
353159780,4.516210583397148e+18,288.718702794243,19.5087549238918,,13.104,14.966,0.038,14.048,0.114,12.048,0.019,11.618,0.018,11.502,0.02,13.759,0.001379,14.3144,0.001857,13.0085,0.001646,11.425,0.024,11.489,0.023,11.628,0.172,9.168,,Theia836,316.227766016838,Kounkel2020,,,
369927537,2.017945067858708e+18,292.305722343284,20.7931426836616,1.85609,14.2502,16.915,0.062,15.539,0.172,13.004,0.021,12.498,0.028,12.341,0.021,15.0421,0.001371,15.7563,0.00545,14.2018,0.004387,,,,,,,,,Theia836,316.227766016838,Kounkel2020,4967.0,0.966465,0.82
385895102,2.018775336592722e+18,291.399994980135,21.1665959765792,1.89924,10.8511,11.73,0.212,11.837,0.025,10.159,0.026,9.912,0.031,9.821,0.019,11.2476,0.000705,11.5829,0.000948,10.7728,0.000641,9.745,0.023,9.727,0.02,9.8,0.044,8.224,,Theia836,316.227766016838,Kounkel2020,8293.0,2.30316,2.04
359596743,4.5156866661206953e+18,291.572396479148,19.6950974277907,2.02737,14.8859,17.852,0.17,16.169,0.343,13.698,0.035,13.061,0.037,12.867,0.039,15.7259,0.00063,16.5062,0.00297,14.8501,0.001666,,,,,,,,,Theia836,316.227766016838,Kounkel2020,4850.0,0.719932,0.79
360031053,2.0180058502400927e+18,291.735687845882,20.9321913240041,1.8198,14.0886,17.411,0.167,15.213,0.023,12.849,0.024,12.401,0.023,12.263,0.025,14.8575,0.000707,15.545,0.00344,14.0438,0.002147,12.148,0.027,12.238,0.025,11.153,0.149,8.679,,Theia836,316.227766016838,Kounkel2020,5178.0,1.00159,0.88
357583100,4.515714222604786e+18,290.687095628463,19.1198844197819,1.91255,15.3195,17.635,-0.268,16.528,1.133,14.021,0.028,13.37,0.028,13.162,0.032,16.2743,0.001224,17.1687,0.008505,15.324,0.002499,,,,,,,,,Theia836,316.227766016838,Kounkel2020,3919.0,0.687747,0.654747
358135467,4.515552697483364e+18,290.855081583142,19.2204527555354,1.65543,16.056,20.25,0.163,18.1733,0.0476,14.349,0.027,13.587,0.031,13.368,0.036,17.2179,0.001847,18.3377,0.014396,16.0305,0.006089,13.444,0.05,13.727,0.07,12.563,,9.143,,Theia836,316.227766016838,Kounkel2020,4664.0,0.846375,0.74
358886817,4.515970958584729e+18,291.039396399608,20.4612800043058,2.26113,16.1641,20.232,0.162,18.0664,0.0467,14.577,,13.956,0.036,13.674,0.046,17.1852,0.000762,18.3239,0.010986,16.1107,0.002781,13.331,0.041,13.388,0.048,11.795,,9.156,0.486,Theia836,316.227766016838,Kounkel2020,3826.0,0.507539,0.586
358897089,4.515558572999233e+18,291.055884851353,19.3004110616061,2.02193,10.8609,11.703,0.149,11.324,0.011,10.226,0.022,10.082,0.021,9.989,0.018,11.184,0.000755,11.4593,0.001223,10.7727,0.000892,9.874,0.023,9.917,0.021,9.669,0.054,9.087,0.505,Theia836,316.227766016838,Kounkel2020,9030.0,1.94166,2.281
359012451,4.515456142290617e+18,291.046548671198,18.7822510835238,1.95032,16.3107,20.006,0.166,18.6052,0.051,14.643,0.034,13.861,0.036,13.593,0.042,17.5338,0.001779,18.8085,0.025431,16.3616,0.005438,,,,,,,,,Theia836,316.227766016838,Kounkel2020,3461.0,0.600319,0.588349
357570452,4.515031696442571e+18,290.27943151807,18.0728251025001,1.96826,16.8515,20.145,0.17,19.2902,0.0692,15.323,0.044,14.473,0.051,14.483,0.076,18.0799,0.001788,19.5187,0.056471,16.9143,0.007252,,,,,,,,,Theia836,316.227766016838,Kounkel2020,3377.0,0.450357,0.446935
358436930,4.5158688714692936e+18,290.929772936247,19.8691616269883,1.88038,14.7203,20.05,0.163,,,12.891,0.022,12.08,0.02,11.781,0.018,16.1228,0.000791,17.752,0.006982,14.8753,0.00168,,,,,,,,,Theia836,316.227766016838,Kounkel2020,4024.0,2.13789,
359012444,4.5154561465878016e+18,291.044871803337,18.7828100200129,1.89504,15.3043,18.897,0.165,16.763,0.16,13.627,0.027,12.782,0.027,12.473,0.03,16.2707,0.001028,17.1928,0.004404,15.2679,0.006866,12.183,0.032,12.354,0.033,11.025,0.17,8.373,,Theia836,316.227766016838,Kounkel2020,4598.0,,
359028462,4.5154521608853e+18,291.148972460098,18.7290650973989,2.1263,15.0853,18.413,0.168,16.6019,0.0462,13.833,0.033,13.126,0.027,12.967,0.033,16.0127,0.001145,16.8833,0.008059,15.0863,0.002629,12.693,0.042,12.801,0.05,11.457,,7.863,,Theia836,316.227766016838,Kounkel2020,3970.0,0.681463,0.650229
359165750,4.515480370230952e+18,291.137004691168,18.8777600372834,1.72468,14.6482,17.909,0.164,15.921,0.16,12.513,0.022,11.677,0.017,11.434,0.021,15.5823,0.000637,16.3669,0.016513,14.5117,0.020893,11.22,0.026,11.349,0.025,11.844,0.381,9.203,,Theia836,316.227766016838,Kounkel2020,4662.0,,
359169373,4.515555755500492e+18,291.1917518398,19.2455489014134,1.94957,13.1994,15.043,0.036,14.199,0.103,12.247,0.02,11.888,0.016,11.784,0.018,13.8377,0.000486,14.3776,0.001818,13.1443,0.001371,11.643,0.022,11.778,0.024,11.631,,8.76,,Theia836,316.227766016838,Kounkel2020,5678.0,1.11311,1.01
359170169,4.515557473487487e+18,291.187777808154,19.3385365558864,1.82025,16.3725,20.436,0.165,18.8099,0.0527,14.737,0.036,13.937,0.034,13.754,0.05,17.6307,0.001319,19.003,0.028725,16.433,0.003609,,,,,,,,,Theia836,316.227766016838,Kounkel2020,3395.0,0.59835,0.58674
355521088,4.515962093771671e+18,291.358045227349,20.4522722389242,2.2556,12.6151,14.618,0.066,13.294,0.137,11.896,0.022,11.561,0.022,11.479,0.022,13.1032,0.000413,13.4971,0.001687,12.5467,0.001024,11.104,0.026,11.142,0.027,11.173,,9.065,,Theia836,316.227766016838,Kounkel2020,7015.0,0.967117,1.545
385976314,4.515665260001035e+18,291.388247331051,19.6595761516032,1.97289,13.6928,15.871,0.04,14.822,0.16,12.597,0.029,12.034,0.035,11.906,0.026,14.4337,0.000561,15.1087,0.002303,13.6412,0.001491,11.698,0.027,11.861,0.028,10.938,0.132,8.766,0.366,Theia836,316.227766016838,Kounkel2020,4718.0,1.13305,0.755
360031445,2.0180045789297787e+18,291.70359211843,20.888616308963,1.78027,13.635,16.535,0.062,14.723,0.092,12.495,0.023,12.085,0.023,11.953,0.022,14.3482,0.000294,14.969,0.002139,13.5873,0.001084,11.804,0.028,11.862,0.027,12.124,,8.932,,Theia836,316.227766016838,Kounkel2020,6080.0,1.07783,1.14
353662648,4.5161518969611377e+18,289.008883802765,19.21006332805,1.81888,16.5621,20.63,0.167,18.7446,0.0511,15.0,0.042,14.288,0.046,14.058,0.065,17.7395,0.001846,18.9747,0.026231,16.6067,0.007376,13.853,0.028,13.936,0.049,12.018,,8.858,,Theia836,316.227766016838,Kounkel2020,3507.0,0.544264,0.540067
353663902,4.516158871988387e+18,289.016911184214,19.3785830565814,2.17794,14.6082,17.466,0.167,16.0,0.126,13.217,0.023,12.581,0.022,12.414,0.025,15.4615,0.00159,16.267,0.008846,14.5472,0.007137,12.278,0.026,12.325,0.027,11.395,,9.239,,Theia836,316.227766016838,Kounkel2020,4431.0,0.816073,0.69
370045404,2.0176930048363144e+18,292.275329849083,20.0138824167571,1.93766,15.9651,20.13,0.167,17.9039,0.0472,14.504,0.041,13.711,0.077,13.509,0.04,17.0621,0.001541,18.1557,0.013971,15.994,0.004794,,,,,,,,,Theia836,316.227766016838,Kounkel2020,3642.0,0.61682,0.6016
1921259412,4.5154561465878016e+18,291.044871803337,18.7828100200129,1.89504,15.3043,,,16.9433,0.0462,,,,,,,16.2707,0.001028,17.1928,0.004404,15.2679,0.006866,,,,,,,,,Theia836,316.227766016838,Kounkel2020,4598.0,,
370784059,2.017745231642773e+18,292.538188974957,20.493146784233,1.82879,14.263,16.404,0.066,15.499,0.137,13.18,0.024,12.682,0.031,12.531,0.028,15.0085,0.000564,15.6739,0.00266,14.2203,0.001479,12.319,0.03,12.473,0.036,12.249,,8.548,,Theia836,316.227766016838,Kounkel2020,5218.0,0.885573,0.89
355511134,4.515650760190586e+18,291.249703593841,19.3719646577711,2.00826,14.4623,17.086,0.068,15.495,0.08,13.361,0.033,12.796,0.041,12.649,0.04,15.2477,0.000395,15.9561,0.002248,14.4309,0.001263,,,,,,,,,Theia836,316.227766016838,Kounkel2020,5699.0,0.745245,1.01
368689079,4.515565994707424e+18,291.82492889752,19.0051713177232,2.09193,13.6222,15.694,0.134,14.561,0.103,12.537,0.022,12.15,0.02,11.943,0.022,14.3224,0.000652,14.9274,0.002751,13.5619,0.002342,11.739,0.026,11.858,0.029,11.863,0.512,8.696,,Theia836,316.227766016838,Kounkel2020,5158.0,0.982831,0.872
1808479133,4.515249472785855e+18,289.02969483927,18.3951414699407,1.76856,15.4657,,,17.0347,0.0473,,,,,,,16.3911,0.00124,17.2573,0.015563,15.3758,0.008535,,,,,,,,,Theia836,316.227766016838,Kounkel2020,4294.0,0.765613,0.67
354188620,4.515256138574704e+18,289.165038186662,18.4620735756511,1.82356,14.7789,17.633,0.063,15.867,0.069,13.608,0.026,13.063,0.029,12.898,0.033,15.585,0.000758,16.3289,0.00461,14.7384,0.002388,,,,,,,,,Theia836,316.227766016838,Kounkel2020,4817.0,0.803483,0.78
354193791,4.515195150037093e+18,289.238117067208,18.1522625607166,1.67217,13.6704,16.406,0.065,14.817,0.149,12.555,0.028,12.092,0.038,11.919,0.04,14.4368,0.000442,15.1197,0.001892,13.6319,0.001449,,,,,,,,,Theia836,316.227766016838,Kounkel2020,5638.0,1.25685,1.0
354206515,4.5161805529841183e+18,289.242865385772,19.4302544222794,2.07352,13.2402,15.16,0.135,14.251,0.16,12.257,0.022,11.877,0.022,11.797,0.02,13.9181,0.000878,14.5032,0.003563,13.1898,0.002521,11.626,0.024,11.622,0.024,12.108,0.483,8.947,,Theia836,316.227766016838,Kounkel2020,6294.0,1.04731,1.23
354847753,4.515299260044254e+18,289.539054470305,18.4387470574798,1.71902,16.4983,19.863,0.17,18.5348,0.0496,14.889,0.046,14.138,0.05,14.002,0.061,17.6204,0.00161,18.79,0.022738,16.5342,0.007139,13.598,0.025,13.799,0.032,12.567,,9.212,,Theia836,316.227766016838,Kounkel2020,3577.0,0.57612,0.568153
354853677,4.515409108131268e+18,289.503876727412,19.154250541372,1.84078,11.4246,12.554,0.015,12.004,0.046,10.671,,10.446,0.021,10.333,0.021,11.826,0.000339,12.1911,0.000855,11.3037,0.000782,10.222,0.023,10.246,0.02,10.191,0.058,8.895,,Theia836,316.227766016838,Kounkel2020,11272.0,1.76053,2.96
370310752,2.0176393305861847e+18,292.483481511112,19.8228180687147,2.16831,17.389,,,19.7243,0.0577,15.634,0.069,15.036,0.08,14.124,,18.5403,0.001539,19.8978,0.037552,17.3225,0.010408,,,,,,,,,Theia836,316.227766016838,Kounkel2020,3636.0,,
1851298811,2.017738428414102e+18,292.427250386606,20.4024971593886,1.83303,15.2098,,,16.7075,0.046,,,,,,,16.1086,0.000607,16.903,0.005305,15.0907,0.003822,,,,,,,,,Theia836,316.227766016838,Kounkel2020,4415.0,,
369293257,2.0176892209251592e+18,292.091292824071,19.9830788530032,1.72917,16.6997,21.156,0.168,18.9634,0.0514,15.154,0.048,14.299,0.047,14.116,0.066,17.8966,0.001168,19.1915,0.026721,16.75,0.005612,,,,,,,,,Theia836,316.227766016838,Kounkel2020,3464.0,0.553503,0.548395
369304682,4.515617534320384e+18,292.083012533716,19.4448653322678,2.11065,15.6963,19.255,0.168,16.849,0.046,14.349,0.036,13.6,0.037,13.467,0.046,16.7209,0.00051,17.7243,0.006449,15.7136,0.001908,,,,,,,,,Theia836,316.227766016838,Kounkel2020,3761.0,0.590715,0.580446
355384808,4.515186418345116e+18,289.618559051832,18.1590048087038,1.75936,15.7201,19.258,0.167,16.876,1.133,14.326,0.034,13.637,0.033,13.351,0.042,16.6959,0.001165,17.6369,0.011983,15.7293,0.003621,,,,,,,,,Theia836,316.227766016838,Kounkel2020,3855.0,0.68604,0.653522
356718207,4.515390691311673e+18,289.78720810097,19.0542525837545,1.55048,16.4743,20.443,0.165,18.7374,0.0496,14.643,0.034,13.996,0.047,13.631,0.049,17.6968,0.001402,18.9329,0.021473,16.5223,0.006775,,,,,,,,,Theia836,316.227766016838,Kounkel2020,3482.0,0.687027,0.65423
356721496,4.515309945923024e+18,289.777600825917,18.6746979979707,1.80642,16.286,20.437,0.166,18.3379,0.0481,14.725,0.04,13.925,0.037,13.619,,17.3958,0.001426,18.5926,0.01768,16.3019,0.004098,,,,,,,,,Theia836,316.227766016838,Kounkel2020,4041.0,0.713193,0.63
278983946,4.515349975019384e+18,290.083548970703,19.0941788893945,1.87842,15.0122,18.425,0.168,16.48,0.195,13.759,0.034,13.064,0.041,12.945,0.037,15.8712,0.00095,16.6975,0.005949,14.9721,0.003227,12.77,0.032,12.963,0.041,11.819,,9.146,,Theia836,316.227766016838,Kounkel2020,4472.0,0.788648,0.7
356856706,4.5150804572201073e+18,290.201411866545,18.1600202953691,1.99598,14.7263,17.624,0.063,16.055,0.343,13.654,0.026,13.091,0.027,12.954,0.036,15.5522,0.000955,16.3092,0.005714,14.704,0.002325,12.585,0.033,12.689,0.037,12.41,,9.168,,Theia836,316.227766016838,Kounkel2020,5782.0,0.699115,1.04
357430807,4.515332206717693e+18,290.279299528295,18.9263614893284,1.90101,16.7018,,,19.3262,0.0571,15.048,0.04,14.227,0.041,13.942,0.059,18.0048,0.001988,19.498,0.034841,16.7741,0.007943,,,,,,,,,Theia836,316.227766016838,Kounkel2020,3316.0,0.549243,0.544574
357432454,4.51532537344653e+18,290.25982808705,18.7337626730376,1.73822,12.3811,14.207,0.057,13.31,0.114,11.417,0.022,11.095,0.023,10.976,0.02,12.9918,0.000408,13.5353,0.001242,12.2948,0.00063,10.87,0.023,10.918,0.022,11.731,0.277,8.791,,Theia836,316.227766016838,Kounkel2020,8451.0,1.69258,2.1
357688738,4.515824547405687e+18,290.614326434468,19.8377360075864,2.04639,15.9323,19.799,0.166,17.853,0.0463,14.51,0.032,13.718,0.033,13.485,0.038,17.0084,0.000865,18.1269,0.007821,15.9615,0.002598,,,,,,,,,Theia836,316.227766016838,Kounkel2020,3640.0,0.599888,0.587997
358134539,4.515742088353789e+18,290.824349956036,19.3248347701708,1.8023,16.463,20.315,0.165,18.4762,0.0482,14.862,0.033,14.215,0.035,14.013,0.057,17.596,0.001284,18.7075,0.017954,16.4955,0.006038,14.055,0.063,14.634,0.1,11.967,,8.869,,Theia836,316.227766016838,Kounkel2020,3607.0,0.557132,0.551625
358134800,4.515741263720039e+18,290.855128511527,19.2967157665515,1.79552,14.7214,17.305,-0.226,16.083,0.024,13.452,0.032,12.875,0.036,12.765,0.039,15.5712,0.000669,16.35,0.002231,14.6971,0.002045,12.32,0.032,12.351,0.03,11.914,,8.823,,Theia836,316.227766016838,Kounkel2020,6045.0,0.790474,1.12
359601608,4.515896501025587e+18,291.613120176084,20.2430530527556,1.90311,16.8664,,,19.2046,0.0642,15.101,0.045,14.311,0.044,14.064,0.06,18.0981,0.002159,19.4079,0.050987,16.9202,0.00851,13.768,0.064,14.006,0.067,11.735,,8.304,,Theia836,316.227766016838,Kounkel2020,3439.0,0.528263,0.525283
9311240,4.521090147262408e+18,287.322451744187,22.528194121044,1.34064,16.5897,20.725,0.164,18.4272,0.0468,15.159,0.037,14.38,0.039,14.185,0.073,17.6421,0.000947,18.6976,0.011947,16.6123,0.003385,14.117,0.033,14.263,0.052,12.736,,8.47,,Theia875,446.6835921509635,Kounkel2020,3700.0,0.640314,0.619816
9860383,4.521205355469155e+18,287.622499127192,22.952755148867,1.27674,14.217,15.879,0.042,15.017,0.08,13.387,0.023,13.069,0.02,12.952,0.029,14.7805,0.000414,15.2431,0.001841,14.159,0.001272,12.895,0.025,12.93,0.028,12.542,,9.035,,Theia875,446.6835921509635,Kounkel2020,5896.0,0.931914,1.07
9310025,4.521102104451761e+18,287.417835542452,22.7338212652187,1.58183,13.8413,16.494,0.042,15.076,0.114,12.72,0.023,12.323,0.017,12.186,0.021,14.6115,0.000187,15.3029,0.001782,13.8046,0.00077,12.097,0.023,12.11,0.023,11.853,0.249,8.692,,Theia875,446.6835921509635,Kounkel2020,5410.0,1.26062,0.94
1852269010,2.0188695853446016e+18,290.887037557159,21.7854136888515,3.15461,16.2267,,,18.389,0.048,,,,,,,17.2957,0.001469,18.3004,0.014894,15.828,0.006909,,,,,,,,,Theia921,426.5795188015934,Kounkel2020,,,
355264909,4.515309190008845e+18,289.677618273196,18.6480768754684,2.95064,15.4537,19.959,0.162,17.9112,0.0484,13.908,0.024,13.184,0.022,12.968,0.028,16.6923,0.001199,18.132,0.016438,15.5181,0.003326,12.919,0.044,12.946,0.038,12.554,,9.203,,Theia921,426.5795188015934,Kounkel2020,3372.0,0.551554,0.546651
353667332,4.516258034197464e+18,289.009110763296,19.8622422303703,3.07959,16.3792,21.072,0.163,,,14.558,0.032,13.911,0.041,13.699,0.048,17.8131,0.002047,19.4429,0.052277,16.471,0.004463,13.418,0.027,13.3,0.03,11.686,0.18,9.246,,Theia921,426.5795188015934,Kounkel2020,3196.0,0.42144,0.415459
353786324,4.516836136781906e+18,289.032422242495,20.3232767377955,2.86829,13.2412,15.74,0.064,14.204,0.092,12.299,0.021,11.85,0.019,11.718,0.018,13.8785,0.000495,14.4326,0.002002,13.1842,0.001742,11.678,0.025,11.732,0.025,11.582,0.146,9.395,,Theia921,426.5795188015934,Kounkel2020,4952.0,0.802863,0.816
354733065,4.515304207846927e+18,289.361257629959,18.5121982940446,2.67483,13.7256,16.76,0.0,15.271,0.172,12.405,0.021,11.718,0.021,11.54,0.018,14.6627,0.001124,15.5918,0.006034,13.7111,0.003758,11.46,0.024,11.485,0.025,11.851,0.286,9.001,,Theia921,426.5795188015934,Kounkel2020,4471.0,1.12474,0.701
356722403,4.515296098948866e+18,289.772347554527,18.5751306393245,2.42627,12.5578,14.178,0.067,13.324,0.092,11.743,0.03,11.398,0.022,11.342,0.018,13.1161,0.000469,13.5746,0.001889,12.4998,0.00135,11.152,0.024,11.213,0.023,10.869,0.16,8.729,,Theia921,426.5795188015934,Kounkel2020,6173.0,1.03887,1.178
384978508,4.515293139690477e+18,289.925481629427,18.5242276702883,2.60381,12.7645,14.401,0.058,13.514,0.057,11.992,0.035,11.582,0.036,11.465,0.028,13.3311,0.000765,13.802,0.002762,12.7074,0.002092,11.279,0.024,11.394,0.024,11.883,0.289,8.985,,Theia921,426.5795188015934,Kounkel2020,5387.0,0.946737,0.935
1851460790,2.0179124261057787e+18,291.694920589543,20.3454417869322,3.32214,15.709,,,17.6915,0.0464,,,,,,,16.74,0.000637,17.9388,0.008517,15.6365,0.002549,,,,,,,,,Theia921,426.5795188015934,Kounkel2020,3692.0,0.432158,0.545
357996704,2.019261183286023e+18,290.770957601842,22.8405346901448,2.47692,12.8481,15.346,0.065,13.726,0.08,11.866,0.023,11.358,0.021,11.248,0.018,13.5187,0.000268,14.1074,0.001244,12.7886,0.001003,11.174,0.023,11.258,0.022,11.62,0.168,8.416,,Theia921,426.5795188015934,Kounkel2020,4866.0,1.18033,0.793
353152825,4.5152717679330616e+18,288.78025045203,18.633007172331,3.0716,10.5422,11.478,0.104,10.831,0.007,9.914,0.021,9.671,0.02,9.551,0.017,10.888,0.001597,11.1612,0.005461,10.4701,0.003568,9.462,0.023,9.497,0.021,9.612,0.061,8.948,,Theia921,426.5795188015934,Kounkel2020,7774.0,1.51419,1.839
358437249,4.51586980350654e+18,290.953160033885,19.9052626898384,2.63382,14.4069,16.845,0.23,15.485,0.092,13.097,,12.37,,12.436,0.04,15.1881,0.000276,15.9418,0.002046,14.3449,0.00096,,,,,,,,,Theia921,426.5795188015934,Kounkel2020,4282.0,0.684926,0.669
10332992,4.5212014040990495e+18,287.818381729506,22.9136379582929,4.91199,8.82485,9.457,0.03,9.13,0.002,8.457,0.021,8.345,0.02,8.317,0.015,9.05564,0.000264,9.23787,0.000842,8.77988,0.000814,8.28,0.022,8.295,0.02,8.318,0.021,8.684,0.396,Theia936,309.0295432513592,Kounkel2020,7628.0,1.77246,1.78
370801907,4.323423034884863e+18,292.570541186158,18.9645535628783,1.48511,16.5873,,,18.6745,0.0481,14.868,0.054,13.838,0.098,11.102,,17.7049,0.000841,18.8896,0.017328,16.5648,0.004014,,,,,,,,,Theia955,489.7788193684456,Kounkel2020,3992.0,0.755306,0.62
370164008,4.3233983345585336e+18,292.416539354569,18.8866008456688,2.2176,13.7528,,,14.663,0.195,12.824,0.026,12.318,0.026,12.225,0.025,14.3964,0.000166,14.9519,0.001016,13.6972,0.000679,,,,,,,,,Theia955,489.7788193684456,Kounkel2020,5108.0,0.809986,0.858
354989389,2.0222394854072e+18,289.50761882602,22.8676256815015,1.36606,15.5837,18.7,0.167,17.1878,0.0461,14.218,0.028,13.601,0.046,13.472,0.049,16.5401,0.000636,17.4607,0.005837,15.5731,0.002599,13.302,0.033,13.393,0.042,12.207,,8.305,,Theia978,371.5352290971728,Kounkel2020,4839.0,0.912806,0.79
354578908,4.520114292021592e+18,289.42678504491,21.9558410723597,1.59623,16.3014,20.537,0.166,18.2324,0.0467,14.823,0.038,14.003,0.039,13.895,0.054,17.3804,0.000942,18.5063,0.010936,16.3311,0.003045,13.562,0.03,13.771,0.045,12.695,0.426,8.928,,Theia978,371.5352290971728,Kounkel2020,3633.0,0.623874,0.607145
354208517,4.5161882152062505e+18,289.263730304449,19.543330375106,1.54057,15.9523,20.466,0.166,18.1348,0.0478,14.247,0.045,13.499,0.033,13.348,0.044,17.139,0.001027,18.3582,0.015932,16.0014,0.004278,,,,,,,,,Theia978,371.5352290971728,Kounkel2020,4659.0,0.981015,0.74
355112442,2.0222230958110305e+18,289.656246286385,22.7469216179789,1.31881,14.4471,17.462,0.168,15.636,0.149,13.243,0.024,12.828,0.026,12.669,0.025,15.2598,0.000219,15.9939,0.001855,14.4148,0.001019,12.57,0.024,12.665,0.025,12.14,,9.029,,Theia978,371.5352290971728,Kounkel2020,5735.0,1.17746,1.02
385178110,2.01909515269336e+18,289.921072211004,21.8311128205554,1.44781,12.4288,14.637,0.065,13.535,0.103,11.215,0.024,10.955,0.031,10.791,0.023,13.1673,0.000202,13.835,0.001019,12.3686,0.000604,10.499,0.025,10.498,0.023,10.476,0.061,9.066,0.416,Theia978,371.5352290971728,Kounkel2020,7646.0,2.34122,1.79
278844539,2.019097837080792e+18,290.069787608027,21.9483950030566,1.36715,11.9265,13.882,0.069,12.977,0.08,10.789,0.031,10.489,0.032,10.398,0.029,12.6653,0.000183,13.3186,0.001425,11.8751,0.000539,10.132,0.022,10.136,0.02,10.019,0.047,9.038,0.451,Theia978,371.5352290971728,Kounkel2020,6829.0,3.12303,1.47
354336313,4.51706074639765e+18,289.263520272003,21.3815547316807,1.34776,13.4975,18.143,0.163,14.741,0.103,12.353,0.023,11.945,0.021,11.801,0.02,14.3044,0.000192,15.0355,0.001025,13.4677,0.000709,11.689,0.023,11.732,0.02,11.415,0.128,9.105,,Theia978,371.5352290971728,Kounkel2020,5693.0,1.77487,1.01
385183401,2.0221572281886807e+18,289.898684474298,22.5044169346343,1.34939,16.3891,,,18.1627,0.0467,14.945,0.034,14.287,0.037,14.052,0.046,17.4206,0.0008,18.4326,0.011427,16.4071,0.003866,14.164,0.062,14.652,0.102,12.076,,9.096,,Theia978,371.5352290971728,Kounkel2020,3749.0,0.661994,0.636041
385179080,2.019110202260135e+18,289.958373996622,21.9612891298316,1.19801,14.8776,18.35,0.164,16.24,0.126,13.487,,12.958,0.041,12.773,0.037,15.8772,0.000445,16.8472,0.004718,14.8921,0.001414,12.502,0.028,12.53,0.029,12.213,,9.046,,Theia978,371.5352290971728,Kounkel2020,5335.0,1.44048,0.92
385181915,2.022127708848712e+18,289.93777234255,22.3257006590427,1.43627,14.837,17.172,0.072,15.87,0.137,13.536,0.04,13.058,0.049,12.892,0.048,15.653,0.000471,16.3552,0.005138,14.7632,0.004239,12.46,0.049,12.519,0.047,11.993,,8.708,,Theia978,371.5352290971728,Kounkel2020,5275.0,0.949,0.9
354584770,4.5169938479806177e+18,289.422149003432,21.129709926164,1.56529,16.8116,20.843,0.166,19.0638,0.0496,15.053,0.038,14.287,0.044,13.918,0.054,17.9996,0.001044,19.3,0.021587,16.8615,0.005011,13.865,0.035,14.047,0.048,12.988,,9.421,,Theia978,371.5352290971728,Kounkel2020,3466.0,0.628661,0.61087
385186670,2.022232991416144e+18,289.955378016941,22.9523645926673,0.81493,16.1329,19.309,0.169,17.6434,0.0461,14.759,0.036,14.34,0.061,14.181,0.056,17.0522,0.000827,17.9187,0.006386,16.1186,0.003098,13.776,0.025,13.911,0.033,12.825,,8.918,,Theia978,371.5352290971728,Kounkel2020,5165.0,1.0787,0.87
357275015,2.019133326365451e+18,290.326573968229,22.2446273335582,1.35071,16.8335,20.167,0.172,18.9604,0.0506,15.163,0.052,14.381,0.049,14.108,0.062,17.9866,0.001295,19.2049,0.025548,16.875,0.005562,14.01,0.048,14.182,0.073,12.54,0.459,8.619,,Theia978,371.5352290971728,Kounkel2020,3530.0,0.65347,0.629721
385305482,2.019126871064255e+18,290.356983929896,22.1082453442619,1.27365,11.161,12.158,0.248,11.411,0.018,10.425,0.029,10.282,0.03,10.174,0.019,11.5826,0.000393,11.9308,0.001101,11.0693,0.00067,10.104,0.023,10.128,0.021,10.188,0.055,9.197,0.535,Theia978,371.5352290971728,Kounkel2020,8336.0,3.06698,2.06
356704044,4.516686706293289e+18,289.748343311438,20.6536849834436,1.23899,15.5735,20.066,0.165,17.8495,0.0463,13.856,0.04,13.143,0.044,12.908,0.039,16.7995,0.000515,18.0892,0.007422,15.6675,0.002778,12.622,0.032,12.621,0.034,12.35,0.352,8.894,,Theia978,371.5352290971728,Kounkel2020,4855.0,1.48854,0.79
385173941,4.5170227788815534e+18,289.844281679514,21.2636229007762,1.29733,14.3057,18.298,0.177,15.832,0.115,13.012,0.07,12.529,0.073,12.378,0.064,15.2481,0.000318,16.1468,0.002634,14.309,0.001054,11.774,0.025,11.858,0.027,11.64,,8.98,,Theia978,371.5352290971728,Kounkel2020,5573.0,1.55931,0.98
278974323,4.516664956577317e+18,289.972675688633,20.4365448014214,1.60067,15.8004,20.571,0.163,18.299,0.0472,13.824,0.032,13.178,0.045,12.945,0.031,17.0711,0.001179,18.3411,0.011769,15.7174,0.003256,12.654,0.027,12.7,0.034,12.752,0.47,8.921,,Theia978,371.5352290971728,Kounkel2020,4002.0,1.26684,0.62
1809446754,4.516981512834199e+18,289.974055173458,21.0498270438152,1.46981,16.4839,,,17.7771,0.0921,,,,,,,17.2776,0.001334,17.4075,0.092023,15.7592,0.103016,,,,,,,,,Theia978,371.5352290971728,Kounkel2020,,,
357277373,2.019054097132423e+18,290.344177270327,21.9209328382398,1.47687,15.5372,19.514,0.164,20.875,1.133,14.072,0.023,13.503,0.024,13.296,0.032,16.5036,0.000974,17.4998,0.005261,15.5054,0.002919,,,,,,,,,Theia978,371.5352290971728,Kounkel2020,4090.0,0.988018,0.64
358580169,2.0188500346672087e+18,290.979704775071,21.5593618543838,1.12783,13.3251,16.842,0.166,14.76,0.126,12.044,0.023,11.57,0.023,11.395,0.02,14.2239,0.000208,15.0734,0.001562,13.3177,0.000785,11.232,0.024,11.277,0.024,11.68,0.232,8.527,,Theia978,371.5352290971728,Kounkel2020,5300.0,2.7076,
354341622,4.520132953690208e+18,289.287770910737,22.2175795143115,1.90806,15.2794,17.8,0.063,16.789,0.092,13.987,0.024,13.354,0.028,13.242,0.033,16.2363,0.001219,17.0667,0.007437,15.2795,0.004618,12.931,0.027,12.979,0.032,12.981,0.521,9.054,,Theia978,371.5352290971728,Kounkel2020,3980.0,0.673086,0.644163
354979148,4.517001647641211e+18,289.547576381256,21.2005184223582,1.35582,13.2754,16.146,0.061,14.582,0.126,12.035,0.022,11.662,0.023,11.491,0.023,14.1124,0.000251,14.8835,0.001271,13.248,0.00076,11.353,0.026,11.39,0.026,11.26,0.128,8.88,,Theia978,371.5352290971728,Kounkel2020,6690.0,1.95068,1.42
358006473,2.018867248897572e+18,290.775161895309,21.673683657313,1.37097,15.3553,19.638,0.163,16.85,1.133,13.914,0.023,13.336,0.023,13.101,0.025,16.4181,0.000732,17.4874,0.005993,15.3846,0.002246,13.1,0.036,13.121,0.045,12.201,,9.123,,Theia978,371.5352290971728,Kounkel2020,4772.0,1.18857,0.77
358007783,2.0188381118309407e+18,290.86280187776,21.5193444863207,,15.552,18.118,0.068,16.643,0.218,14.187,0.036,13.864,0.053,13.767,0.057,16.3617,0.00129,17.103,0.003327,15.4125,0.008533,,,,,,,,,Theia978,371.5352290971728,Kounkel2020,,,
358724029,2.01919321972114e+18,291.021436968722,22.5305637203164,1.4142,15.1415,18.432,0.166,16.952,1.133,13.71,0.026,13.129,0.025,12.941,0.031,16.1799,0.000655,17.1987,0.006045,15.1647,0.002632,12.734,0.028,12.762,0.03,12.565,0.433,8.509,,Theia978,371.5352290971728,Kounkel2020,5249.0,1.15652,0.9
385305240,2.019127175976685e+18,290.35412733126,22.1366988464552,1.84815,17.1288,17.2,0.063,19.4479,0.0597,14.584,,13.998,,14.555,0.084,18.3122,0.001644,19.6532,0.042795,17.1322,0.006828,14.236,0.071,14.795,0.108,12.561,,8.701,,Theia978,371.5352290971728,Kounkel2020,3863.0,0.505241,0.6
385303430,2.019140271348641e+18,290.435822260034,22.3531515048485,1.21597,15.1087,18.322,0.168,16.7217,0.046,13.675,0.035,13.124,0.044,12.979,0.032,16.0719,0.000657,16.9746,0.003612,15.0838,0.003001,12.692,0.027,12.779,0.028,12.529,,9.014,,Theia978,371.5352290971728,Kounkel2020,5057.0,1.24946,0.84
357832946,2.019136732309806e+18,290.688664502516,22.3073970225668,1.41252,11.8737,12.679,0.409,12.01,0.028,11.063,0.022,10.884,0.02,10.787,0.018,12.3458,0.000209,12.7245,0.001227,11.7966,0.000872,10.746,0.024,10.761,0.021,11.086,0.141,9.076,,Theia978,371.5352290971728,Kounkel2020,7346.0,2.11011,1.67
1852282068,2.0188770414235835e+18,291.006523171375,21.9374212876695,1.0005,16.1339,,,17.5582,0.0501,,,,,,,17.0147,0.000804,17.798,0.031273,16.0752,0.011805,,,,,,,,,Theia978,371.5352290971728,Kounkel2020,5193.0,0.829529,0.88
385068147,4.516602146971183e+18,289.888843514324,20.0760352278334,1.31963,14.919,19.969,0.163,17.4704,0.0461,13.153,0.03,12.497,0.036,12.189,0.027,16.245,0.000534,17.6825,0.005364,15.0615,0.001538,12.042,0.027,11.988,0.025,12.866,,9.328,,Theia978,371.5352290971728,Kounkel2020,4841.0,2.1814,
385680278,4.5166989383492127e+18,290.545542788199,20.3728796622081,1.47686,15.6031,19.503,0.166,17.3216,0.0461,14.175,0.032,13.576,0.03,13.37,0.028,16.5938,0.000577,17.6036,0.005998,15.5984,0.002555,13.417,0.031,13.762,0.042,12.529,,8.872,,Theia978,371.5352290971728,Kounkel2020,4337.0,0.935934,0.68
385689068,2.018828594183132e+18,290.578300221827,21.3528598105217,1.33821,13.3529,18.572,0.162,15.179,0.057,11.914,0.027,11.511,0.03,11.238,0.019,14.4099,0.000257,15.4574,0.001659,13.3925,0.000714,11.149,0.024,11.103,0.023,11.227,0.188,8.75,,Theia978,371.5352290971728,Kounkel2020,6183.0,2.65099,1.18
355121445,4.517076070837492e+18,289.713043762489,21.4509910902219,1.35625,15.5157,19.741,0.163,17.4269,0.0464,13.979,0.025,13.46,0.027,13.114,0.034,16.6032,0.000686,17.6894,0.009289,15.5517,0.00262,,,,,,,,,Theia978,371.5352290971728,Kounkel2020,5055.0,1.11348,0.84
385366878,4.516807064127227e+18,290.47107671385,21.0141074922413,1.21575,16.3013,20.651,0.168,18.3748,0.0474,14.737,0.047,14.04,0.048,13.671,,17.4505,0.00097,18.6307,0.014788,16.3624,0.003546,13.592,0.036,13.84,0.052,12.171,,9.168,,Theia978,371.5352290971728,Kounkel2020,4876.0,0.972229,0.8
278844207,2.01910474338872e+18,290.075897697291,22.0075962457678,1.56283,16.0309,19.581,0.17,18.0125,0.0472,14.452,0.049,13.695,0.055,13.51,0.052,17.1406,0.001141,18.264,0.013652,16.0628,0.004643,13.294,0.043,13.392,0.048,12.233,,8.934,,Theia978,371.5352290971728,Kounkel2020,3614.0,0.705502,0.667391
357278122,2.019046022593952e+18,290.253044915461,21.8251091570695,1.34648,14.0361,16.958,0.167,15.467,0.092,12.767,0.021,12.322,0.022,12.123,0.021,14.9355,0.00031,15.7742,0.003698,14.0232,0.000719,12.05,0.026,12.08,0.026,11.867,0.295,9.056,,Theia978,371.5352290971728,Kounkel2020,5807.0,1.56886,1.04
356566478,2.0221754732109425e+18,289.785757842794,22.7197241940128,1.27686,12.5048,14.929,0.065,13.344,0.057,11.552,0.022,11.214,0.022,11.109,0.018,13.151,0.000162,13.6986,0.000941,12.449,0.000605,11.055,0.022,11.091,0.02,11.268,0.258,9.068,,Theia978,371.5352290971728,Kounkel2020,6208.0,2.26902,1.19
385686335,4.516807583839716e+18,290.504171522878,21.0387515866791,1.29709,14.5081,18.176,0.165,16.271,0.114,13.094,0.027,12.601,0.036,12.451,0.02,15.5408,0.000428,16.5607,0.002994,14.5377,0.001093,12.277,0.029,12.303,0.031,12.937,,9.008,,Theia978,371.5352290971728,Kounkel2020,5241.0,1.67186,0.9
385777658,2.0192507722846392e+18,290.561183328316,22.6437654251629,1.34637,12.5492,13.565,0.068,13.253,0.08,11.737,0.027,11.477,0.03,11.387,0.019,13.0719,0.000369,13.4946,0.001013,12.4798,0.001006,11.313,0.023,11.334,0.023,12.021,0.381,9.029,,Theia978,371.5352290971728,Kounkel2020,6832.0,1.74381,1.48
357705944,2.019060934723814e+18,290.635237090769,21.8763453179618,1.34473,11.8042,13.407,0.067,12.754,0.103,10.75,0.022,10.502,0.019,10.382,0.017,12.468,0.000161,13.0539,0.001248,11.7372,0.000615,10.259,0.023,10.288,0.021,10.635,0.156,8.84,,Theia978,371.5352290971728,Kounkel2020,7604.0,3.0135,1.77
357834564,2.0192362381140152e+18,290.727836712035,22.5096261649795,1.34163,10.6729,11.892,0.186,11.223,0.013,9.933,0.018,9.816,0.018,9.74,0.019,11.0855,0.000608,11.4194,0.000835,10.6016,0.000742,9.676,0.023,9.688,0.019,9.699,0.044,8.741,,Theia978,371.5352290971728,Kounkel2020,7600.0,3.54554,1.77
278844622,2.0190981806782e+18,290.002846793598,21.9343764134142,1.31545,13.2728,15.686,0.066,14.596,0.15,11.962,0.03,11.575,0.03,11.462,,14.1571,0.000211,14.9857,0.001525,13.255,0.000691,11.291,0.024,11.306,0.023,11.61,0.161,9.305,,Theia978,371.5352290971728,Kounkel2020,6759.0,2.152,1.45
357136069,2.022161866754008e+18,290.216073272667,22.5924848022303,1.37491,15.1138,17.967,0.168,16.361,1.133,13.712,0.025,13.211,0.027,13.092,0.033,15.9994,0.000616,16.7793,0.006836,15.0481,0.005322,12.946,0.024,13.084,0.025,12.705,,8.932,,Theia978,371.5352290971728,Kounkel2020,5230.0,0.969547,0.89
357832980,2.0191368697485788e+18,290.640813000578,22.3127035947233,1.37461,12.3752,14.214,0.066,13.087,0.103,11.516,0.022,11.245,0.023,11.158,0.018,12.9148,0.000245,13.358,0.001161,12.3059,0.000769,11.035,0.023,11.067,0.021,11.752,0.206,9.207,,Theia978,371.5352290971728,Kounkel2020,6994.0,1.89554,1.54
357999382,2.019237711251879e+18,290.743924290879,22.5140894993139,1.29981,16.0676,18.858,0.17,17.6472,0.0462,14.663,0.036,13.961,0.034,13.77,0.049,17.003,0.000885,17.9191,0.007011,16.0367,0.004199,13.722,0.034,13.778,0.039,12.333,,8.705,,Theia978,371.5352290971728,Kounkel2020,4433.0,0.782736,0.69
358591820,2.0192849602190807e+18,290.969720934689,22.9454211086589,1.44681,13.6871,16.809,0.166,15.471,0.183,12.262,0.021,11.823,0.02,11.597,0.017,14.6915,0.00027,15.6676,0.002177,13.7078,0.001113,11.441,0.023,11.441,0.021,11.321,0.123,9.097,,Theia978,371.5352290971728,Kounkel2020,6115.0,1.95679,1.15
357273818,2.0191472420602127e+18,290.320722934696,22.3977299447422,1.30797,12.7438,14.298,0.065,13.63,0.092,11.696,0.018,11.391,0.019,11.241,0.017,13.3957,0.000235,13.9526,0.001395,12.685,0.000544,11.218,0.024,11.249,0.023,11.418,0.223,8.502,,Theia978,371.5352290971728,Kounkel2020,6660.0,1.97956,1.4
385303629,2.019139927765681e+18,290.419038825099,22.3283254790381,1.32261,13.9515,16.134,0.068,15.311,0.206,12.73,0.03,12.337,0.033,12.193,0.024,14.7837,0.000296,15.5423,0.002202,13.9246,0.001318,12.063,0.026,12.102,0.026,11.851,0.232,9.132,,Theia978,371.5352290971728,Kounkel2020,5793.0,1.50911,1.04
385695049,2.01907883614882e+18,290.484490669329,22.0354511899831,1.27257,13.5415,15.973,0.066,14.931,0.149,12.327,0.029,11.96,0.035,11.73,0.027,14.4172,0.000338,15.2305,0.001416,13.5264,0.000947,11.556,0.03,11.574,0.03,12.61,0.457,9.067,,Theia978,371.5352290971728,Kounkel2020,5804.0,2.01256,1.04
385697929,2.0191395498082573e+18,290.544085935657,22.361060240163,1.30857,15.5242,18.972,0.166,17.3875,0.0468,13.923,0.029,13.204,0.038,13.016,0.03,16.5766,0.001249,17.6524,0.011556,15.5319,0.0052,12.815,0.027,12.843,0.03,12.168,0.292,8.529,,Theia978,371.5352290971728,Kounkel2020,4389.0,1.18459,0.69
358731680,2.018864431398772e+18,291.052497871864,21.6726965426971,1.9544,15.7521,18.569,0.168,16.659,1.133,14.303,0.03,13.636,0.033,13.495,0.041,16.745,0.002023,17.6423,0.010139,15.7594,0.006627,13.355,0.069,13.362,0.079,11.852,,8.31,,Theia978,371.5352290971728,Kounkel2020,3880.0,0.615685,0.600701
358722350,2.019267230587332e+18,291.119974421387,22.7594587489104,1.1883,13.0042,17.149,0.162,14.818,0.126,11.269,0.022,10.672,0.021,10.454,0.019,14.1348,0.000371,15.2306,0.006482,13.0206,0.006448,10.183,0.022,10.196,0.021,9.936,0.053,8.685,0.336,Theia978,371.5352290971728,Kounkel2020,5797.0,3.97937,
385684673,4.516748656893763e+18,290.601745504353,20.853244085469,1.33521,15.6865,19.614,0.164,17.6443,0.0462,14.168,0.025,13.488,0.03,13.323,0.034,16.7857,0.000708,17.9161,0.006486,15.7323,0.002588,,,,,,,,,Theia978,371.5352290971728,Kounkel2020,4650.0,1.12216,0.74
358592080,2.019286055400958e+18,290.924759446382,22.9851753165885,2.25367,12.1945,12.904,0.362,12.767,0.057,11.489,0.02,11.199,0.022,11.149,0.017,12.645,0.000185,13.0159,0.001053,12.1158,0.000697,11.122,0.023,11.159,0.022,11.085,0.108,8.446,,Theia978,371.5352290971728,Kounkel2020,7808.0,1.11802,1.853
358729589,2.0188773506611697e+18,291.072000454224,21.902349612309,1.27186,14.2618,16.902,0.062,15.539,0.08,13.078,0.021,12.677,0.022,12.501,0.022,15.0781,0.000537,15.8193,0.003282,14.2306,0.00232,12.436,0.026,12.499,0.029,12.245,0.297,9.081,,Theia978,371.5352290971728,Kounkel2020,5477.0,1.3654,0.96
368426533,2.0189884700454748e+18,291.801763344298,22.1864918818642,1.70237,14.3585,19.646,0.163,16.805,0.435,12.441,0.025,11.574,0.023,11.334,0.021,15.494,0.000698,16.8354,0.0036,14.3252,0.001159,10.93,0.024,11.05,0.024,11.233,0.259,9.168,,Theia978,371.5352290971728,Kounkel2020,3691.0,1.81819,
385073987,4.5167831540638223e+18,289.845357780403,20.7868622444028,1.92467,16.164,20.55,0.167,18.3318,0.0466,14.646,0.046,13.737,0.042,13.512,0.033,17.3175,0.000723,18.5889,0.009586,16.2098,0.003134,13.359,0.033,13.549,0.04,12.903,,9.3,,Theia1582,3090.2954325135925,Kounkel2020,3501.0,0.619288,0.603548
358003743,2.0190697651487767e+18,290.758451533117,22.0115687649762,,15.5856,18.704,0.17,16.696,1.133,14.188,0.042,13.541,0.05,13.408,0.048,16.6094,0.00183,17.3808,0.016184,15.5861,0.007063,,,,,,,,,Theia1582,3090.2954325135925,Kounkel2020,3972.0,0.692009,0.657797
357836995,2.019262729474492e+18,290.673972361852,22.8161191890477,2.16569,14.1593,16.939,0.057,15.228,0.126,12.875,,12.35,0.036,12.19,0.035,14.9712,0.000319,15.7383,0.001622,14.1084,0.000776,11.945,0.023,12.011,0.022,11.528,0.177,8.911,,Theia1582,3090.2954325135925,Kounkel2020,4490.0,0.945978,0.7
358728150,2.019068012830441e+18,291.041601099955,22.0651785364907,1.73088,16.236,,,17.997,0.0463,14.852,0.043,14.129,0.042,13.94,0.052,17.2666,0.000811,18.2618,0.008178,16.2528,0.004681,13.735,0.049,13.918,0.066,11.92,,8.245,,Theia1582,3090.2954325135925,Kounkel2020,3763.0,0.582971,0.573967
357275451,2.01913116603164e+18,290.253239071825,22.1770585688829,1.91964,14.2305,17.719,0.166,15.445,0.08,13.095,0.021,12.574,0.02,12.381,0.02,15.0074,0.000288,15.7142,0.002678,14.181,0.000997,12.277,0.025,12.358,0.026,11.985,0.227,8.707,,Theia1582,3090.2954325135925,Kounkel2020,4806.0,0.943948,0.777
10118609,4.5160733162428447e+18,287.772962245209,18.7508977692415,1.44533,16.2433,20.213,0.164,18.0433,0.0475,14.778,0.037,14.078,0.033,13.953,0.061,17.283,0.001067,18.3145,0.01689,16.2634,0.004007,13.801,0.034,13.881,0.044,12.519,0.395,8.528,,Theia1603,3890.4514499428046,Kounkel2020,3728.0,0.652504,0.629
357433915,4.51512966036616e+18,290.264417520349,18.5723297551584,0.980602,14.5014,17.262,-0.182,15.989,0.435,13.126,,12.711,0.028,12.535,0.028,15.4245,0.000458,16.2921,0.004139,14.4942,0.001238,,,,,,,,,Theia1796,26.915348039269137,Kounkel2020,5939.0,1.76951,1.08
385486923,4.515133543016406e+18,290.48167886918,18.6237083068267,0.923701,16.2396,20.218,0.174,18.1602,0.0488,14.732,0.064,14.008,0.065,13.887,0.054,17.3321,0.00107,18.4236,0.021638,16.2801,0.004306,,,,,,,,,Theia1796,26.915348039269137,Kounkel2020,5173.0,1.16429,0.88
385487262,4.515120245797639e+18,290.471732718119,18.5873383772394,0.913151,15.7029,16.023,0.061,17.4589,0.0466,12.686,,12.148,,13.301,0.106,16.7307,0.001174,17.6915,0.010988,15.6857,0.0049,,,,,,,,,Theia1796,26.915348039269137,Kounkel2020,5830.0,1.28231,1.05
385574374,4.5155099539676186e+18,290.568775172147,18.7321236653151,0.914688,15.4868,18.831,0.168,17.1827,0.0465,14.117,0.033,13.551,0.03,13.363,0.031,16.4855,0.001037,17.4603,0.01064,15.4991,0.002274,13.193,0.04,13.408,0.056,12.339,,9.067,,Theia1796,26.915348039269137,Kounkel2020,6899.0,1.30758,1.5
356720715,4.5153145501284137e+18,289.770628592804,18.7590048260181,0.894239,12.9496,15.264,0.061,14.185,0.103,11.785,0.02,11.506,0.02,11.348,0.018,13.726,0.000227,14.4337,0.00193,12.8944,0.001246,11.144,0.024,11.153,0.023,12.138,0.354,9.269,,Theia1796,26.915348039269137,Kounkel2020,7583.0,3.11024,1.76
385481935,4.515717349341226e+18,290.437038307283,19.1305650186966,0.843588,15.1133,18.316,0.168,16.963,0.48,13.714,0.032,13.173,0.032,13.035,0.03,16.1279,0.000603,17.1172,0.006838,15.1314,0.001171,12.88,0.034,12.987,0.039,12.458,,9.283,,Theia1796,26.915348039269137,Kounkel2020,6576.0,1.72302,1.37
385573395,4.515122238662461e+18,290.552743048034,18.6343450032791,0.965122,15.5225,19.399,0.169,17.3652,0.0465,14.106,0.047,13.351,0.042,13.121,0.04,16.5849,0.0009,17.6462,0.01066,15.5675,0.002083,12.838,0.036,12.869,0.026,11.188,0.21,8.674,,Theia1796,26.915348039269137,Kounkel2020,6450.0,1.34757,1.31
358138744,4.515518539574049e+18,290.750383850068,18.874645197406,0.826879,12.1897,16.014,0.142,14.154,0.126,10.602,0.022,9.885,0.022,9.652,0.017,13.2846,0.000338,14.3861,0.002492,12.2452,0.000913,9.491,0.022,9.556,0.02,9.517,0.053,8.681,,Theia1796,26.915348039269137,Kounkel2020,5537.0,8.00255,
358139652,4.5155002645213184e+18,290.737785926021,18.7836637583723,0.879743,15.9075,18.794,0.17,16.808,1.133,14.353,0.04,13.732,0.05,13.543,0.053,16.8824,0.001152,17.7731,0.011812,15.8691,0.004754,,,,,,,,,Theia1796,26.915348039269137,Kounkel2020,6380.0,,
385483276,4.5157082096507e+18,290.363723104309,18.999825855596,0.853284,14.6919,18.497,0.165,16.394,0.297,13.221,0.027,12.809,0.029,12.573,0.018,15.7286,0.0006,16.7399,0.005175,14.7159,0.001524,12.458,0.03,12.509,0.033,12.413,,9.298,,Theia1796,26.915348039269137,Kounkel2020,6118.0,2.16423,1.15
385574613,4.515510057046869e+18,290.570846198281,18.7557545323697,0.973284,15.5723,18.711,0.168,17.2238,0.0464,14.145,0.033,13.605,0.045,13.437,0.031,16.5538,0.000868,17.491,0.009004,15.5699,0.004497,,,,,,,,,Theia1796,26.915348039269137,Kounkel2020,6625.0,1.16023,1.39
385577628,4.51571229845945e+18,290.576561309845,19.0580754234669,0.952669,15.2497,18.76,0.167,16.669,1.133,13.814,0.033,13.29,0.041,13.122,0.031,16.2475,0.000944,17.2013,0.007395,15.2526,0.002477,12.699,0.03,12.717,0.034,12.542,,9.203,,Theia1796,26.915348039269137,Kounkel2020,5505.0,1.49169,0.97
385486449,4.515136429234489e+18,290.37997577192,18.6723625651215,1.05365,16.2748,20.347,0.172,18.4292,0.0499,14.492,0.059,13.746,0.065,13.4,0.063,17.4616,0.002122,18.6548,0.023152,16.3325,0.006206,12.975,0.042,13.015,0.041,12.018,,8.672,,Theia1796,26.915348039269137,Kounkel2020,6176.0,1.06159,1.18
385486970,4.51513299326062e+18,290.394164121617,18.6197051125812,0.955843,13.2398,15.445,0.084,14.35,0.149,12.129,0.029,11.731,0.029,11.621,0.018,13.9783,0.000231,14.6375,0.00147,13.1858,0.000764,11.534,0.025,11.572,0.025,11.253,0.196,9.065,,Theia1796,26.915348039269137,Kounkel2020,7172.0,2.41158,1.6
385576081,4.5155167571960417e+18,290.604880638222,18.8985180843461,0.833766,14.7267,17.896,0.168,16.077,0.458,13.44,0.029,12.958,0.03,12.811,0.022,15.6204,0.000557,16.4434,0.00342,14.6924,0.00198,12.503,0.036,12.503,0.036,12.248,,8.395,,Theia1796,26.915348039269137,Kounkel2020,6827.0,1.74224,1.47
357577143,4.515069496462869e+18,290.72875768005,18.4834022066051,0.955371,11.3362,12.814,0.048,12.125,0.069,10.454,0.022,10.28,0.022,10.186,0.017,11.8313,0.000901,12.2631,0.003589,11.2246,0.002672,10.163,0.023,10.192,0.022,10.332,0.13,8.662,,Theia1796,26.915348039269137,Kounkel2020,9424.0,4.15053,2.4
358133789,4.51574586792508e+18,290.774780734556,19.4091449752397,0.99557,14.6522,18.499,0.164,16.599,0.103,13.207,0.021,12.658,0.021,12.485,0.025,15.7301,0.000686,16.7998,0.004516,14.6904,0.002361,12.23,0.028,12.249,0.029,12.184,0.483,9.042,,Theia1796,26.915348039269137,Kounkel2020,5394.0,2.12987,0.94
357431739,4.515327641189271e+18,290.340748187059,18.819410818485,0.973785,10.336,12.105,0.175,11.371,0.012,9.296,0.022,9.008,0.022,8.896,0.017,11.0604,0.000593,11.7245,0.001384,10.2775,0.000718,8.814,0.023,8.825,0.02,8.912,0.034,8.299,0.217,Theia1796,26.915348039269137,Kounkel2020,7901.0,8.9094,
385485851,4.515135570241029e+18,290.47734667677,18.7334927753762,0.869048,15.1954,18.537,0.168,16.84,0.0459,13.774,0.035,13.285,0.035,13.067,0.037,16.1701,0.000771,17.1148,0.003441,15.1939,0.001959,12.902,0.036,12.912,0.039,12.51,,9.094,,Theia1796,26.915348039269137,Kounkel2020,7185.0,1.51416,1.61
385575847,4.515516413598682e+18,290.54261767232,18.8752787088211,0.885916,14.2428,16.804,0.18,15.599,0.046,13.0,0.029,12.616,0.03,12.494,0.025,15.0749,0.000401,15.8512,0.002277,14.2021,0.000974,12.231,0.027,12.248,0.028,12.229,,8.921,,Theia1796,26.915348039269137,Kounkel2020,7551.0,1.87602,1.75
357578438,4.515493530012434e+18,290.684759424281,18.6243641008031,0.825745,14.3599,17.056,0.0,15.736,0.15,13.028,0.025,12.624,0.024,12.402,,15.2336,0.000391,16.0734,0.002481,14.3219,0.00095,11.956,0.032,11.926,0.035,11.11,0.205,8.727,0.358,Theia1796,26.915348039269137,Kounkel2020,8130.0,2.04478,1.98
358141158,4.515492980256547e+18,290.773882878836,18.6231750938182,0.933157,14.3796,17.171,0.0,16.068,0.435,13.091,0.027,12.668,0.032,12.493,0.03,15.2663,0.000416,16.0953,0.003187,14.3644,0.00176,,,,,,,,,Theia1796,26.915348039269137,Kounkel2020,6511.0,1.82085,1.34
385487276,4.515120245797638e+18,290.471673909786,18.5863897958689,0.919374,13.6468,15.984,0.08,14.775,0.149,12.366,,11.921,,11.942,0.054,14.4281,0.000241,15.1388,0.001794,13.5976,0.000897,,,,,,,,,Theia1796,26.915348039269137,Kounkel2020,7326.0,2.20945,1.66
357579597,4.515510125766279e+18,290.624689272367,18.7467959954131,0.885012,14.3465,13.463,0.062,13.966,0.904,12.903,0.029,12.392,0.04,12.17,0.034,15.1721,0.000401,15.9277,0.003379,14.2826,0.00449,,,,,,,,,Theia1796,26.915348039269137,Kounkel2020,7823.0,,
357579612,4.515510125766282e+18,290.623710822057,18.7482133498579,0.97597,12.5857,14.091,0.066,13.43,0.103,11.587,0.032,11.402,0.037,11.286,0.034,13.0952,0.000253,13.576,0.001208,12.4393,0.000563,10.602,0.023,10.61,0.021,10.655,0.103,8.916,,Theia1796,26.915348039269137,Kounkel2020,14847.0,,
385572742,4.515120864272876e+18,290.608050100647,18.5732251253662,0.951609,13.6733,15.975,0.081,14.874,0.114,12.466,0.033,12.192,0.04,12.004,0.033,14.4256,0.000256,15.1016,0.001998,13.6193,0.001813,11.499,0.024,11.535,0.025,11.656,,8.814,,Theia1796,26.915348039269137,Kounkel2020,7283.0,2.02453,1.64
385575594,4.515513252502639e+18,290.61494635602,18.849491506656,0.893446,14.7781,16.389,0.132,14.796,0.048,11.928,,12.949,0.086,11.076,,15.67,0.000569,16.4812,0.008907,14.7418,0.002779,,,,,,,,,Theia1796,26.915348039269137,Kounkel2020,6391.0,1.59807,1.28
385480229,4.515732845583464e+18,290.440108340984,19.3067321144675,0.942459,11.7985,14.092,0.025,13.004,0.08,10.675,0.026,10.395,0.03,10.269,0.021,12.5744,0.000223,13.2873,0.001442,11.7456,0.001001,10.206,0.024,10.203,0.022,10.199,0.066,8.988,0.419,Theia1796,26.915348039269137,Kounkel2020,7679.0,5.03057,
385062239,4.515791875616952e+18,289.895339140643,19.3917461228593,0.867912,12.4031,16.282,0.165,13.83,0.126,11.148,0.026,10.883,0.03,10.686,0.019,13.3027,0.00026,14.1411,0.001744,12.3898,0.000843,10.53,0.024,10.531,0.022,10.433,0.062,9.085,,Theia1796,26.915348039269137,Kounkel2020,5932.0,5.06487,
385485901,4.515138319020124e+18,290.384730763122,18.7278458114547,0.967624,16.0389,19.549,0.166,17.9477,0.0468,14.691,0.025,14.003,0.037,13.796,0.037,17.1278,0.001385,18.2274,0.011985,16.0949,0.00413,13.646,0.068,13.732,0.081,12.421,,8.734,,Theia1796,26.915348039269137,Kounkel2020,5325.0,1.19052,0.92
385491010,4.5150344151692216e+18,290.394519659329,18.183248334235,0.921256,14.434,16.932,0.0,15.724,0.08,13.267,0.029,12.87,0.037,12.71,0.024,15.2352,0.000372,15.9755,0.003161,14.3952,0.00153,,,,,,,,,Theia1796,26.915348039269137,Kounkel2020,7318.0,1.57975,1.66
358254145,4.515493220774713e+18,290.73639293016,18.5988821302835,0.84361,14.7885,18.396,0.168,16.297,0.15,13.134,0.042,11.859,,11.407,,15.7869,0.000609,16.7599,0.004856,14.8051,0.00214,,,,,,,,,Theia1796,26.915348039269137,Kounkel2020,6636.0,1.9508,1.39
358267003,4.51544329174752e+18,290.984857120944,18.5547456944906,0.919735,14.1963,16.79,0.063,15.493,0.172,13.037,0.021,12.654,0.02,12.554,0.027,14.8762,0.000374,15.5289,0.003245,14.0835,0.002973,12.466,0.034,12.664,0.035,11.378,,8.879,,Theia1796,26.915348039269137,Kounkel2020,11784.0,1.40925,3.13
359009167,4.515535895571762e+18,291.093487631466,19.138932644113,0.920158,13.143,14.991,0.044,14.18,0.114,12.042,0.02,11.798,0.017,11.666,0.021,13.7943,0.000244,14.3712,0.002148,13.06,0.000874,,,,,,,,,Theia1796,26.915348039269137,Kounkel2020,8168.0,2.34385,2.0
359018252,4.322892627919653e+18,291.076458316547,18.190204713999,0.823229,15.4514,18.285,0.165,16.8324,0.046,13.907,,13.735,0.063,13.675,0.062,16.3104,0.001041,17.1133,0.004056,15.4265,0.003048,,,,,,,,,Theia1796,26.915348039269137,Kounkel2020,7021.0,1.20506,1.55
385972224,4.515886914657754e+18,291.422776023717,20.0334684183647,0.818248,15.0946,,,16.735,1.133,13.647,0.237,13.093,0.029,12.844,0.018,16.0673,0.000469,16.9952,0.00413,15.0988,0.002133,,,,,,,,,Theia1796,26.915348039269137,Kounkel2020,5847.0,1.73736,1.06
360042932,4.5156739143159306e+18,291.711817082285,19.6389717253626,0.552321,11.9682,16.392,0.165,14.262,0.126,10.179,0.021,9.403,0.021,9.14,0.017,13.2301,0.00022,14.5901,0.002347,12.0864,0.000663,8.959,0.023,8.997,0.02,9.149,0.067,8.978,,Theia1796,26.915348039269137,Kounkel2020,4690.0,18.3302,
368692872,4.3233080715167846e+18,291.795521367301,18.6430003481459,0.656799,15.8217,19.531,0.162,17.4815,0.0466,13.892,,13.773,0.054,13.577,0.06,16.7983,0.000843,17.7456,0.012021,15.8049,0.003164,,,,,,,,,Theia1796,26.915348039269137,Kounkel2020,7704.0,1.50962,1.81
356862044,4.5153263011595e+18,290.152481748374,18.7770812416515,0.827385,12.6976,14.602,0.072,13.654,0.137,11.69,0.022,11.453,0.022,11.354,0.02,13.3395,0.00021,13.9065,0.001452,12.6107,0.00096,10.982,0.023,11.058,0.022,11.17,0.176,9.058,0.457,Theia1796,26.915348039269137,Kounkel2020,8255.0,3.15046,2.03
357577938,4.5151208642728704e+18,290.615888654549,18.5699844165523,0.946457,14.4461,17.146,0.277,15.731,0.332,13.168,0.025,12.724,0.027,12.588,0.03,15.3205,0.000373,16.1397,0.002609,14.4202,0.001349,,,,,,,,,Theia1796,26.915348039269137,Kounkel2020,7106.0,1.70064,1.58
358140562,4.515495621629526e+18,290.77204814808,18.6889646793503,0.814814,14.0099,15.913,0.109,14.872,0.092,12.872,0.029,12.588,0.033,12.464,0.034,14.6343,0.000281,15.217,0.001607,13.8962,0.000962,11.883,0.028,11.938,0.031,11.308,,9.0,,Theia1796,26.915348039269137,Kounkel2020,10560.0,1.68255,2.73
358140587,4.5154954885175055e+18,290.802620327514,18.6871512361361,0.899479,15.0934,18.108,0.4,16.43,0.06,13.763,0.06,12.378,,11.997,,15.9681,0.001246,16.7766,0.005306,15.0709,0.004649,,,,,,,,,Theia1796,26.915348039269137,Kounkel2020,6418.0,1.33939,1.29
358141209,4.515447247442445e+18,290.854845973061,18.6170085236993,0.85527,13.3307,14.849,0.069,14.129,0.103,12.357,0.023,12.142,0.026,12.044,0.021,13.8371,0.000227,14.3127,0.001252,13.1944,0.001097,11.843,0.025,11.913,0.026,11.454,0.262,8.964,,Theia1796,26.915348039269137,Kounkel2020,13460.0,,
359013039,4.515455665578328e+18,291.049235375485,18.7219509646066,0.851391,11.4117,12.68,0.034,12.076,0.057,10.576,0.02,10.443,0.016,10.339,0.019,11.8467,0.00053,12.2414,0.001415,11.2795,0.001054,10.236,0.023,10.289,0.021,11.027,0.143,9.09,,Theia1796,26.915348039269137,Kounkel2020,12045.0,,
385480249,4.515733017382177e+18,290.412847179095,19.3042416866302,0.911121,14.9921,18.684,0.166,16.8683,0.0461,13.532,0.032,13.004,0.041,12.792,0.039,16.0651,0.000767,17.1402,0.006636,15.0302,0.00201,12.412,0.029,12.465,0.032,12.037,0.311,9.267,,Theia1796,26.915348039269137,Kounkel2020,6958.0,1.83279,1.52
357578809,4.5154967941876434e+18,290.664312857947,18.6620922649957,0.900136,13.3054,15.093,0.067,14.181,0.126,12.208,0.023,11.933,0.024,11.835,0.022,13.863,0.000226,14.4079,0.00111,13.1561,0.000624,11.679,0.033,11.757,0.036,11.719,,8.717,,Theia1796,26.915348039269137,Kounkel2020,,,
357579163,4.515498065498029e+18,290.64854245617,18.7019223715288,0.926676,15.2067,18.173,0.173,16.604,1.133,13.877,0.048,13.408,0.035,13.237,0.041,16.1295,0.000909,16.9962,0.004212,15.1977,0.002389,,,,,,,,,Theia1796,26.915348039269137,Kounkel2020,5627.0,1.38755,1.0
357579668,4.515499744800724e+18,290.699129364416,18.7535952891203,1.00215,14.8765,17.682,0.148,16.124,0.881,13.498,0.035,13.037,0.033,12.903,0.032,15.7842,0.000689,16.6386,0.004752,14.8612,0.001835,12.043,0.026,12.221,0.032,11.756,,8.604,,Theia1796,26.915348039269137,Kounkel2020,6769.0,1.38872,1.45
357581514,4.515519952651695e+18,290.698786456311,18.9504937565846,0.334016,15.5343,20.169,0.162,17.8608,0.047,13.841,0.024,13.173,0.024,12.912,0.03,16.7854,0.00089,18.0842,0.011578,15.6326,0.003065,12.462,0.027,12.211,0.024,12.381,0.53,9.05,,Theia1796,26.915348039269137,Kounkel2020,5474.0,5.09002,
358136891,4.515525759447591e+18,290.764064837887,19.0651048012787,0.910054,14.1313,16.786,0.047,15.697,0.206,12.857,0.024,12.544,0.026,12.344,0.026,15.0113,0.000472,15.83,0.003024,14.111,0.001553,12.14,0.027,12.279,0.029,12.362,,8.877,,Theia1796,26.915348039269137,Kounkel2020,6603.0,2.06823,1.38
358140647,4.515495041840869e+18,290.841795008813,18.6800945861941,0.935402,15.8496,18.896,0.169,17.4367,0.0465,14.438,0.036,13.765,0.037,13.586,0.051,16.8054,0.001739,17.7173,0.010714,15.8546,0.003637,,,,,,,,,Theia1796,26.915348039269137,Kounkel2020,5935.0,1.04932,1.08
357578139,4.515121001711829e+18,290.636180161803,18.5916818358329,0.974687,10.1811,11.634,0.111,10.929,0.008,9.264,0.023,9.072,0.022,8.968,0.02,10.71,0.000291,11.203,0.0009,10.0633,0.000586,8.858,0.022,8.881,0.02,8.992,0.035,8.62,,Theia1796,26.915348039269137,Kounkel2020,11204.0,7.01327,
358135971,4.515550670258789e+18,290.798308757498,19.167749011703,0.89515,12.6691,14.923,0.06,13.919,0.126,11.536,0.022,11.257,0.022,11.107,0.019,13.435,0.000214,14.1324,0.001391,12.6127,0.000695,10.815,0.024,10.808,0.022,10.685,0.11,8.608,,Theia1796,26.915348039269137,Kounkel2020,7617.0,3.48335,1.78
358141266,4.5154935987318415e+18,290.749966776718,18.6111277717539,0.919659,13.3336,15.388,0.07,14.526,0.16,12.2,0.022,11.944,0.02,11.788,0.018,14.0174,0.000251,14.6326,0.002291,13.2572,0.001071,11.573,0.026,11.545,0.025,10.698,0.222,8.348,0.389,Theia1796,26.915348039269137,Kounkel2020,8157.0,2.2478,1.99
358137349,4.515522220394379e+18,290.846834958172,19.0139228219703,0.839249,14.8049,17.386,-0.231,16.067,0.046,13.209,0.026,12.753,0.028,12.62,0.03,15.7299,0.00055,16.5593,0.012327,14.755,0.007666,12.449,0.032,12.551,0.036,12.524,,8.998,,Theia1796,26.915348039269137,Kounkel2020,6323.0,,
358140186,4.5154960382733297e+18,290.854594837424,18.729009588334,0.947116,12.9576,14.648,0.059,13.779,0.114,11.962,0.022,11.715,0.022,11.59,0.02,13.5333,0.000258,14.0461,0.00219,12.8615,0.000663,11.505,0.027,11.571,0.028,10.703,0.129,8.87,0.417,Theia1796,26.915348039269137,Kounkel2020,8900.0,2.23445,2.24
358269040,4.515501260954249e+18,290.912266865705,18.7529575713165,0.960721,15.0358,15.927,0.094,16.081,1.133,13.79,0.029,13.345,0.029,13.144,0.035,15.8709,0.001626,16.6233,0.009852,14.9983,0.003806,12.996,0.05,13.099,0.059,12.11,,8.742,,Theia1796,26.915348039269137,Kounkel2020,6245.0,1.22491,1.21
359027581,4.515450442898324e+18,291.159604921525,18.6369523460654,0.897059,15.6801,18.786,0.168,17.2201,0.0463,14.398,0.029,13.862,0.032,13.707,0.043,16.6138,0.001687,17.5022,0.009004,15.6782,0.003656,,,,,,,,,Theia1796,26.915348039269137,Kounkel2020,6505.0,1.11805,1.33
358261803,4.3228896042626094e+18,290.96892772885,18.0474210890855,0.840242,15.6821,18.91,0.167,17.1352,0.0463,14.352,0.027,13.776,0.028,13.608,0.041,16.5707,0.001223,17.4128,0.008468,15.6555,0.004796,,,,,,,,,Theia1796,26.915348039269137,Kounkel2020,7429.0,1.10888,1.7
359012609,4.515455837377346e+18,291.080830160348,18.7667574982255,0.874402,13.6907,16.033,0.064,14.658,0.252,12.634,0.02,12.374,0.017,12.245,0.02,14.3322,0.000251,14.9084,0.00197,13.6051,0.000887,11.922,0.029,11.998,0.03,11.785,,8.801,,Theia1796,26.915348039269137,Kounkel2020,8506.0,1.89584,2.12
359028066,4.515450958294398e+18,291.24229316069,18.6876484028304,0.932437,13.5076,,,14.252,0.195,12.39,0.024,12.07,0.023,11.815,0.026,13.9813,0.000359,14.4325,0.002328,13.3568,0.001433,,,,,,,,,Theia1796,26.915348039269137,Kounkel2020,,,
359164738,4.515475662947679e+18,291.236988003555,18.767746846922,0.92393,12.864,14.685,0.07,13.814,0.172,11.879,0.02,11.596,0.016,11.456,0.021,13.502,0.000224,14.0537,0.001338,12.7949,0.000949,11.362,0.025,11.412,0.025,11.797,,8.921,,Theia1796,26.915348039269137,Kounkel2020,7394.0,2.56645,1.69
386095367,4.323272371747421e+18,291.378484139731,18.2877478856722,0.783529,16.3171,19.859,0.19,18.1746,0.0474,14.925,0.096,14.337,0.107,14.032,0.08,17.386,0.001252,18.4435,0.01566,16.3533,0.004591,,,,,,,,,Theia1796,26.915348039269137,Kounkel2020,6353.0,1.16595,1.26
359475318,4.515649454519861e+18,291.552027061359,19.5364643794821,0.5596,13.6988,17.141,0.166,15.334,0.24,12.352,0.022,11.982,0.023,11.83,0.023,14.6153,0.000189,15.4915,0.001495,13.6818,0.000705,11.631,0.027,11.711,0.029,11.755,0.256,8.576,,Theia1796,26.915348039269137,Kounkel2020,7332.0,4.22477,1.66
370156786,4.32331614606269e+18,292.478897455152,18.2760924186012,0.833049,14.9956,20.239,0.163,16.804,0.103,12.96,0.022,12.084,0.025,11.757,0.021,16.3106,0.00264,17.7753,0.020174,15.1074,0.010028,11.527,0.027,11.512,0.03,11.929,,8.732,,Theia1796,26.915348039269137,Kounkel2020,4203.0,3.56227,
357578299,4.5154934612929306e+18,290.696371101913,18.6096092258531,0.935005,14.4112,17.252,0.188,15.833,0.103,13.043,0.023,12.614,0.023,12.437,0.022,15.3527,0.000434,16.2439,0.003135,14.4087,0.001868,12.219,0.03,12.31,0.027,11.729,0.277,9.067,,Theia1796,26.915348039269137,Kounkel2020,6120.0,1.9649,1.15
358138935,4.515506479305884e+18,290.80541911625,18.8546178989579,0.904906,12.0513,13.553,0.533,12.984,0.037,11.054,0.024,10.827,0.027,10.737,0.025,12.5593,0.000201,13.0141,0.001447,11.9279,0.000807,10.398,0.023,10.444,0.021,10.114,0.085,8.287,,Theia1796,26.915348039269137,Kounkel2020,10378.0,3.18222,2.67
358267111,4.515446147930744e+18,290.896259491324,18.5663773368862,0.779942,15.6429,20.27,0.161,17.9828,0.0494,13.911,0.021,13.251,0.02,12.975,0.026,16.8995,0.000772,18.2136,0.021247,15.7528,0.002799,12.825,0.032,13.029,0.04,12.034,,8.645,,Theia1796,26.915348039269137,Kounkel2020,5631.0,2.18209,1.0
358434097,4.515755278177445e+18,290.915990599084,19.5628485073426,0.509545,16.0223,19.347,0.167,17.8099,0.0462,14.507,0.031,14.104,0.039,13.926,0.05,17.0624,0.000564,18.069,0.007617,16.0358,0.002442,13.927,0.068,14.136,0.071,11.245,0.182,8.514,0.318,Theia1796,26.915348039269137,Kounkel2020,6362.0,1.93419,1.27
1921245915,4.515435084065346e+18,291.169624960644,18.480922275055,1.29035,16.5733,,,18.6559,0.0621,,,,,,,17.6219,0.001229,18.5953,0.030095,16.1925,0.039766,,,,,,,,,Theia1796,26.915348039269137,Kounkel2020,,,
1921284881,4.5154789958413937e+18,291.195909466168,18.808158505392,0.926363,14.4001,,,15.5376,0.046,,,,,,,15.1423,0.000501,15.7941,0.004452,14.337,0.004074,,,,,,,,,Theia1796,26.915348039269137,Kounkel2020,7102.0,,
357575952,4.515066094848703e+18,290.708435399819,18.3650133363147,0.926231,15.3764,18.126,0.063,16.869,1.133,14.147,0.026,13.616,0.031,13.456,0.038,16.2563,0.001369,17.0732,0.006433,15.361,0.003246,12.788,0.122,12.935,0.138,11.808,0.487,7.981,0.471,Theia1796,26.915348039269137,Kounkel2020,6015.0,1.17217,1.11
357579111,4.515497137785024e+18,290.722158096375,18.6967181284991,0.88913,13.2735,15.462,0.145,14.431,0.149,12.088,0.021,11.799,0.02,11.623,0.017,13.9664,0.000252,14.6338,0.001521,13.1744,0.000883,11.549,0.025,11.579,0.023,11.238,0.181,8.569,,Theia1796,26.915348039269137,Kounkel2020,10725.0,2.38236,2.78
357579482,4.5154996417214807e+18,290.700566091892,18.734634543171,0.860343,13.7376,15.924,0.042,14.764,0.206,12.522,0.023,12.191,0.024,12.029,0.024,14.4552,0.000798,15.0894,0.001974,13.629,0.001761,12.047,0.051,12.077,0.054,11.372,,8.171,,Theia1796,26.915348039269137,Kounkel2020,8705.0,,
358140327,4.515496141352572e+18,290.796637049589,18.7147181772086,0.907876,13.6259,15.08,0.067,14.704,0.24,12.583,0.023,12.363,0.023,12.215,0.021,14.2634,0.000249,14.8269,0.001306,13.5483,0.000852,11.673,0.027,11.724,0.029,11.666,0.369,9.006,0.458,Theia1796,26.915348039269137,Kounkel2020,8021.0,1.85383,1.94
358270683,4.5155082016214666e+18,290.950406595807,18.91709556505,0.810238,15.4554,,,17.0541,0.0461,13.969,0.035,13.408,0.04,13.28,0.045,16.4162,0.000969,17.3227,0.007223,15.4499,0.002829,,,,,,,,,Theia1796,26.915348039269137,Kounkel2020,5833.0,1.46805,1.05
359018988,4.322890978652136e+18,291.084868015625,18.1145965938286,0.624328,15.9061,20.034,0.165,17.8933,0.0495,14.361,0.033,13.835,0.037,13.6,0.046,17.0278,0.000988,18.1249,0.023958,15.932,0.004495,13.096,0.038,13.48,0.06,11.971,,9.086,,Theia1796,26.915348039269137,Kounkel2020,5652.0,1.98408,1.0
359015109,4.515430067573052e+18,291.117723472552,18.4972525815072,1.05175,11.453,12.554,0.321,12.127,0.023,10.654,0.018,10.505,0.016,10.429,0.018,11.9139,0.00019,12.294,0.001289,11.3601,0.000734,10.274,0.023,10.319,0.022,9.716,0.153,7.717,0.192,Theia1796,26.915348039269137,Kounkel2020,8181.0,3.40877,2.0
356859012,4.515103409525465e+18,290.099286109574,18.4394760994924,0.873608,15.415,18.481,0.167,16.574,1.133,14.131,0.025,13.578,0.028,13.475,0.039,16.2973,0.000855,17.1331,0.008538,15.3783,0.004175,,,,,,,,,Theia1796,26.915348039269137,Kounkel2020,7743.0,1.19681,1.83
385571815,4.515115710312097e+18,290.525466727835,18.4842408853674,0.920191,13.5227,15.654,0.1,14.65,0.183,12.294,0.025,11.946,0.029,11.804,0.018,14.1492,0.000261,14.8129,0.001779,13.3563,0.000814,11.7,0.024,11.75,0.025,10.911,0.162,8.495,,Theia1796,26.915348039269137,Kounkel2020,,,
385573129,4.5151216201871626e+18,290.534509054353,18.6083935644621,0.947915,14.8178,,,16.125,1.133,13.507,0.053,13.092,0.066,12.947,0.06,15.7189,0.000479,16.5632,0.004177,14.8089,0.001296,,,,,,,,,Theia1796,26.915348039269137,Kounkel2020,5965.0,1.52983,1.09
1921222310,4.51512100171183e+18,290.636617060694,18.5925641662742,0.892977,14.2094,,,15.332,0.0547,,,,,,,14.9316,0.000877,15.3652,0.053681,13.8983,0.02203,,,,,,,,,Theia1796,26.915348039269137,Kounkel2020,,,
358135323,4.5157391334162647e+18,290.751216667896,19.2377543554066,1.04953,14.3892,17.041,-0.16,15.939,0.149,13.075,0.021,12.596,0.021,12.432,0.023,15.3248,0.000489,16.2102,0.003738,14.3862,0.001098,11.996,0.031,11.955,0.03,11.645,0.191,8.416,0.27,Theia1796,26.915348039269137,Kounkel2020,6209.0,1.75013,1.19
358140459,4.515498580894014e+18,290.751549045369,18.7003084262037,0.897638,13.3814,15.165,0.084,14.286,0.08,12.268,0.024,12.02,0.026,11.898,0.025,13.9463,0.000318,14.5024,0.001875,13.2362,0.000965,11.483,0.026,11.552,0.027,11.987,0.48,9.118,,Theia1796,26.915348039269137,Kounkel2020,,,
358141165,4.515494217207096e+18,290.825569288544,18.6217283760044,0.626035,15.6511,19.954,0.162,17.8923,0.0479,13.983,0.022,13.385,0.02,13.144,0.027,16.8711,0.001011,18.1402,0.016376,15.7527,0.003286,13.11,0.029,13.273,0.029,12.295,,9.008,,Theia1796,26.915348039269137,Kounkel2020,5992.0,2.47602,1.1
358431161,4.5155523195269023e+18,290.976514641509,19.2528565624189,0.798708,14.024,16.681,0.0,15.583,0.252,12.762,0.022,12.428,0.022,12.257,0.02,14.8596,0.00032,15.6453,0.00259,13.9806,0.001417,,,,,,,,,Theia1796,26.915348039269137,Kounkel2020,7819.0,2.313,1.86
359012832,4.5154550127436063e+18,291.105339842399,18.7443520881297,0.944467,15.2256,18.382,0.168,16.764,1.133,14.026,0.027,13.56,0.028,13.451,0.038,16.0734,0.000819,16.8499,0.004419,15.1949,0.002039,,,,,,,,,Theia1796,26.915348039269137,Kounkel2020,6598.0,1.15312,1.38
359464567,4.323299477267326e+18,291.619713164482,18.517347281377,1.03913,15.0271,17.84,0.068,16.647,1.133,13.768,0.036,13.303,0.053,13.17,0.038,15.873,0.00063,16.6514,0.003669,14.9979,0.002314,,,,,,,,,Theia1796,26.915348039269137,Kounkel2020,6709.0,1.14586,1.43
370804497,4.323348444217132e+18,292.540114830746,18.7349170166517,0.790496,14.8387,17.004,0.066,15.811,0.275,13.776,0.023,13.427,0.026,13.318,0.032,15.5375,0.000333,16.1822,0.002331,14.76,0.00099,,,,,,,,,Theia1796,26.915348039269137,Kounkel2020,8674.0,1.34027,2.17
1921531402,4.515672922204758e+18,291.743718993587,19.6181238645619,0.510372,16.1914,,,18.0801,0.0465,,,,,,,17.1869,0.000636,18.1072,0.007851,15.8785,0.006148,,,,,,,,,Theia1796,26.915348039269137,Kounkel2020,,,
357575441,4.515062555795618e+18,290.697908119901,18.3114389631397,0.922182,13.701,15.756,0.093,14.767,0.195,12.63,0.022,12.365,0.026,12.196,0.027,14.3804,0.000263,14.9818,0.001829,13.6382,0.000929,12.008,0.029,12.031,0.029,9.138,0.088,6.586,0.109,Theia1796,26.915348039269137,Kounkel2020,7478.0,1.85733,1.72
1921314459,4.515510125766279e+18,290.624689272367,18.7467959954131,0.885012,14.3465,,,15.6697,0.046,,,,,,,15.1721,0.000401,15.9277,0.003379,14.2826,0.00449,,,,,,,,,Theia1796,26.915348039269137,Kounkel2020,7823.0,,
357579872,4.515499886564204e+18,290.717367458614,18.7762652846233,0.906094,14.0212,16.316,0.055,15.155,0.172,12.895,0.024,12.553,0.024,12.424,0.024,14.7606,0.000313,15.4418,0.002605,13.958,0.001127,12.297,0.03,12.457,0.038,11.618,,8.666,,Theia1796,26.915348039269137,Kounkel2020,8103.0,1.79697,1.97
357580636,4.5155184064633e+18,290.725484452416,18.8589783640601,0.961522,16.0678,19.667,0.168,17.7924,0.0477,14.663,0.038,14.054,0.04,13.795,0.045,17.082,0.001604,18.0625,0.018241,16.0822,0.004583,,,,,,,,,Theia1796,26.915348039269137,Kounkel2020,6250.0,0.991002,1.21
358258191,4.515043039464088e+18,290.763763688324,18.1745745576247,0.634809,15.2367,18.439,0.168,16.748,1.133,13.66,0.036,13.044,0.073,12.834,0.057,16.1845,0.001031,17.0797,0.006086,15.1755,0.006706,,,,,,,,,Theia1796,26.915348039269137,Kounkel2020,8292.0,1.97748,2.04
1921323366,4.515522220394379e+18,290.846834958172,19.0139228219703,0.839249,14.8049,,,16.3237,0.0468,,,,,,,15.7299,0.00055,16.5593,0.012327,14.755,0.007666,,,,,,,,,Theia1796,26.915348039269137,Kounkel2020,6323.0,,
358264556,4.515051629398701e+18,290.935550160567,18.3045534139926,0.569627,14.9732,18.473,0.165,16.559,1.133,13.419,0.024,13.057,0.022,12.821,0.026,15.9708,0.00076,16.9365,0.006162,14.9649,0.002747,12.659,0.028,12.688,0.027,11.97,,8.756,,Theia1796,26.915348039269137,Kounkel2020,7363.0,2.60693,1.67
359015149,4.5154415780854354e+18,291.014839548627,18.4926336078439,0.855541,14.6617,16.98,-0.123,15.757,0.172,13.467,0.021,13.036,0.021,12.913,0.029,15.4477,0.000534,16.1703,0.002926,14.6099,0.001519,12.948,0.039,13.126,0.05,12.02,,9.112,,Theia1796,26.915348039269137,Kounkel2020,7644.0,1.49863,1.79
1921309794,4.51550472696106e+18,291.020518187579,18.8667982462562,0.888927,15.8881,,,17.3899,0.0461,,,,,,,16.8061,0.00103,17.6593,0.007246,15.871,0.003419,,,,,,,,,Theia1796,26.915348039269137,Kounkel2020,5698.0,1.0442,1.01
359027597,4.5154502710996255e+18,291.178854487772,18.6385160134309,0.925521,14.746,17.404,0.065,16.13,0.275,13.567,0.029,13.178,0.035,13.001,0.038,15.5117,0.000542,16.2454,0.003078,14.671,0.001906,,,,,,,,,Theia1796,26.915348039269137,Kounkel2020,9376.0,1.31522,2.38
359167985,4.515540602855794e+18,291.158828728727,19.1057498621773,0.910104,13.0991,,,14.2496,0.046,11.856,0.027,11.555,0.029,11.434,0.025,13.8474,0.000405,14.4928,0.004951,13.0224,0.003787,,,,,,,,,Theia1796,26.915348039269137,Kounkel2020,7145.0,2.73995,1.59
368807326,4.323295083535677e+18,291.887814174833,18.5940141635221,0.816716,15.3738,17.761,0.065,16.29,1.133,14.189,0.024,13.645,0.041,13.6,0.043,16.1066,0.000701,16.8141,0.015845,15.2716,0.004649,,,,,,,,,Theia1796,26.915348039269137,Kounkel2020,11045.0,1.03387,2.88
370302421,4.3234406657628943e+18,292.416413717478,19.128000672486,0.714824,15.6997,19.019,0.167,16.821,1.133,14.392,0.026,13.896,0.038,13.783,0.059,16.6494,0.00049,17.5488,0.006902,15.6952,0.00182,,,,,,,,,Theia1796,26.915348039269137,Kounkel2020,6341.0,1.42055,1.26
359165102,4.5154789958413937e+18,291.195909466168,18.808158505392,0.926363,14.4001,,,15.258,1.133,12.908,0.075,12.287,0.159,11.946,0.107,15.1423,0.000501,15.7941,0.004452,14.337,0.004074,,,,,,,,,Theia1796,26.915348039269137,Kounkel2020,7102.0,,
355512870,4.5156605527166505e+18,291.369585776845,19.5609099749973,0.951358,15.432,19.312,0.164,17.3467,0.0461,13.892,0.027,13.218,0.027,12.98,0.034,16.5223,0.000943,17.6025,0.004864,15.4639,0.00291,,,,,,,,,Theia1796,26.915348039269137,Kounkel2020,5191.0,1.62163,0.88
386086329,4.51549005967796e+18,291.444378383611,19.0371120984875,0.943072,13.3498,15.24,0.069,14.176,0.149,12.391,0.029,12.159,0.032,11.971,0.023,13.925,0.000235,14.4295,0.001499,13.259,0.000726,11.866,0.029,11.908,0.028,10.567,0.312,8.169,0.249,Theia1796,26.915348039269137,Kounkel2020,8466.0,1.87299,2.1
360044245,4.5156456062292526e+18,291.689119215252,19.5067774501101,0.554417,13.7377,16.902,0.166,15.086,0.16,12.403,0.021,12.043,0.022,11.889,0.025,14.5789,0.000188,15.376,0.001046,13.6873,0.000659,11.731,0.028,11.753,0.029,12.521,,8.784,,Theia1796,26.915348039269137,Kounkel2020,8177.0,3.81131,2.0
360043126,4.515672922204758e+18,291.743718993587,19.6181238645619,0.510372,16.1914,19.828,0.165,18.0801,0.0465,14.227,0.033,13.559,0.033,13.29,0.038,17.1869,0.000636,18.1072,0.007851,15.8785,0.006148,,,,,,,,,Theia1796,26.915348039269137,Kounkel2020,,,
370303886,4.323448323652773e+18,292.431931895517,19.249579443892,0.74895,15.0185,19.348,0.163,16.576,1.133,13.487,0.026,12.846,0.026,12.727,0.026,16.0867,0.000393,17.1328,0.003745,15.0395,0.001488,12.541,0.039,12.872,0.094,11.304,0.361,8.25,0.317,Theia1796,26.915348039269137,Kounkel2020,5246.0,2.37995,
370909232,4.323127785972515e+18,292.564286271453,18.248262694081,0.885002,15.0287,19.672,0.162,16.682,0.103,13.211,0.024,12.571,0.027,12.318,0.027,16.0288,0.000927,17.1511,0.008491,14.9489,0.002444,12.035,0.126,11.909,0.166,8.853,0.258,3.965,0.068,Theia1796,26.915348039269137,Kounkel2020,3759.0,2.088,
359009338,4.515535586334081e+18,291.108276570223,19.1197457988848,0.596735,12.0253,14.332,0.028,13.223,0.08,10.777,0.025,10.509,0.017,10.309,0.019,12.8068,0.000269,13.5187,0.001728,11.9681,0.000927,10.152,0.023,10.15,0.021,10.927,0.192,9.162,,Theia1796,26.915348039269137,Kounkel2020,7610.0,7.12258,
359466287,4.515460201064743e+18,291.513947343541,18.6706517537737,0.62828,15.6786,19.835,0.164,17.7086,0.0468,14.151,0.026,13.544,0.031,13.279,0.037,16.8151,0.000972,17.9579,0.010954,15.7288,0.003945,13.19,0.051,13.911,0.057,12.71,,8.65,,Theia1796,26.915348039269137,Kounkel2020,5242.0,2.31591,
370313729,2.0176946197440952e+18,292.448449703414,20.0891007591209,0.712609,13.2457,16.616,0.166,14.64,0.137,12.013,0.02,11.578,0.02,11.407,0.018,14.1234,0.000192,14.939,0.001466,13.2311,0.00071,11.37,0.027,11.366,0.028,12.084,,8.392,,Theia1796,26.915348039269137,Kounkel2020,5856.0,4.04589,1.06
358254111,4.515492808457829e+18,290.784632123892,18.602589669402,0.863564,14.9686,17.67,0.0,16.282,1.133,13.592,0.022,13.027,0.024,12.843,0.025,15.9201,0.00118,16.8651,0.007284,14.9521,0.003632,12.691,0.037,12.877,0.039,12.039,,8.901,,Theia1796,26.915348039269137,Kounkel2020,8333.0,1.66359,2.06
358258197,4.515042970744607e+18,290.767698341294,18.173759299465,0.882622,15.3998,18.725,0.166,16.866,1.133,14.058,0.025,13.536,0.026,13.395,0.032,16.3194,0.001492,17.199,0.010279,15.3784,0.003738,,,,,,,,,Theia1796,26.915348039269137,Kounkel2020,7485.0,1.2593,1.72
358137550,4.5155218080775214e+18,290.812976732885,18.994572658909,0.93947,11.8892,13.856,0.078,12.847,0.08,10.834,0.022,10.618,0.022,10.465,0.019,12.5434,0.000199,13.1294,0.001626,11.8057,0.000869,10.304,0.023,10.31,0.02,10.739,0.151,8.931,,Theia1796,26.915348039269137,Kounkel2020,8352.0,4.12687,2.06
358138505,4.51550730826777e+18,290.827359629833,18.9012188321349,0.887587,12.9916,14.695,0.071,13.875,0.126,11.966,0.023,11.807,0.027,11.672,0.025,13.5678,0.000273,14.0781,0.001798,12.8886,0.001012,11.472,0.027,11.492,0.026,11.792,,8.835,,Theia1796,26.915348039269137,Kounkel2020,9040.0,2.34319,2.28
358138835,4.515506827231368e+18,290.842679781622,18.8654446745219,0.951742,10.8556,12.268,0.207,11.398,0.016,9.994,0.021,9.875,0.02,9.772,0.017,11.2971,0.000778,11.708,0.001753,10.724,0.000777,9.739,0.023,9.768,0.021,9.775,0.064,9.101,,Theia1796,26.915348039269137,Kounkel2020,12934.0,,
358431331,4.5155532815996303e+18,290.911908609736,19.2688653074351,0.89448,13.9091,16.353,0.085,15.256,0.023,12.67,0.026,12.349,0.033,12.167,0.025,14.744,0.0003,15.5121,0.00174,13.8759,0.001167,,,,,,,,,Theia1796,26.915348039269137,Kounkel2020,6915.0,2.17512,1.51
370904460,4.323344149249569e+18,292.638559265801,18.6726222541424,0.846262,15.3711,18.999,0.166,16.676,0.366,13.704,0.034,13.055,0.042,12.832,0.044,16.4259,0.001874,17.4416,0.009735,15.3737,0.006181,,,,,,,,,Theia1796,26.915348039269137,Kounkel2020,5201.0,1.77149,0.88
359167213,4.515530947769262e+18,291.145445538587,19.0275860361409,0.899022,13.9725,16.211,0.057,15.211,0.149,12.815,0.019,12.472,0.019,12.312,0.023,14.7546,0.000344,15.4705,0.002119,13.9253,0.001051,12.22,0.043,12.352,0.037,11.979,,8.58,,Theia1796,26.915348039269137,Kounkel2020,7408.0,1.94721,1.69
355390694,4.32327048196154e+18,291.272409469804,18.3175678961328,0.49325,16.0359,20.25,0.165,18.2077,0.0469,14.352,0.038,13.85,0.046,13.563,0.056,17.2296,0.001053,18.4467,0.011534,16.1115,0.00382,,,,,,,,,Theia1796,26.915348039269137,Kounkel2020,5979.0,2.52315,1.1
386093736,4.323278144183743e+18,291.482687072179,18.421592258843,0.839438,15.8304,20.366,0.172,17.8666,0.0469,14.159,0.062,13.554,0.077,13.286,0.067,16.9658,0.000916,18.1228,0.011466,15.8844,0.004834,,,,,,,,,Theia1796,26.915348039269137,Kounkel2020,4924.0,1.68684,
370906771,4.323328343769805e+18,292.616913055269,18.4946432721853,0.630213,15.4345,19.428,0.164,17.5019,0.0461,13.827,0.025,13.236,0.029,12.966,0.032,16.5873,0.000587,17.758,0.005724,15.502,0.001954,,,,,,,,,Theia1796,26.915348039269137,Kounkel2020,6308.0,2.43088,1.24
355388594,4.323262716660443e+18,291.32694016117,18.117056259646,1.29787,13.9059,16.232,0.023,15.108,0.126,12.784,0.022,12.395,0.021,12.253,0.026,14.6854,0.000354,15.3838,0.00214,13.8654,0.001547,12.14,0.03,12.369,0.038,12.357,,9.073,,Theia1796,26.915348039269137,Kounkel2020,6530.0,1.40611,1.35
359464588,4.3233025739588905e+18,291.570540093001,18.5191045902286,0.704148,14.2768,16.764,0.065,15.403,0.172,13.173,0.024,12.856,0.026,12.674,0.034,14.9894,0.000924,15.6347,0.003529,14.2012,0.001513,12.505,0.17,12.666,0.166,11.418,0.403,8.312,,Theia1796,26.915348039269137,Kounkel2020,8179.0,1.96721,2.0
370049905,2.017618409837088e+18,292.346696856686,19.6236843769885,0.823519,14.363,17.368,0.169,15.885,0.15,13.109,0.033,12.656,0.054,11.964,,15.2212,0.000298,16.0076,0.002025,14.3383,0.000791,,,,,,,,,Theia1796,26.915348039269137,Kounkel2020,6012.0,2.02493,1.11
370909467,4.323127373655656e+18,292.537421519997,18.2284183736985,0.825637,14.3195,18.34,0.163,16.108,0.114,12.582,0.022,12.088,0.019,11.843,0.02,15.2913,0.000506,16.3403,0.003314,14.2419,0.002205,11.379,0.067,11.238,0.065,7.744,0.039,5.616,0.087,Theia1796,26.915348039269137,Kounkel2020,3869.0,2.95096,
358268677,4.515500917356094e+18,290.946946212831,18.7204727529062,0.894318,14.0254,,,15.038,0.103,12.872,0.026,12.544,0.033,12.446,0.032,14.7557,0.000373,15.3988,0.003164,13.9692,0.001255,,,,,,,,,Theia1796,26.915348039269137,Kounkel2020,6954.0,1.77315,1.52
359173739,4.5158582586061097e+18,291.171778093385,19.7869526071003,0.883736,8.3796,11.078,0.017,9.883,0.023,7.031,0.027,6.602,0.016,6.432,0.02,9.2893,0.000279,10.1631,0.000484,8.38613,0.000644,6.31,0.099,6.117,0.026,6.263,0.016,6.083,0.046,Theia1796,26.915348039269137,Kounkel2020,6533.0,31.4502,
1921246719,4.515436149246757e+18,291.112183354135,18.5201198730087,0.922181,16.0408,,,17.5869,0.0471,,,,,,,16.9785,0.000889,17.8739,0.015781,16.0467,0.005197,,,,,,,,,Theia1796,26.915348039269137,Kounkel2020,5738.0,0.964117,1.03
355389500,4.323264846964277e+18,291.356250594252,18.2003701189919,0.801354,15.0412,18.072,0.167,16.5761,0.046,13.786,0.022,13.346,0.026,13.2,0.032,15.9733,0.000658,16.8609,0.004877,15.0425,0.001209,,,,,,,,,Theia1796,26.915348039269137,Kounkel2020,6333.0,1.67036,1.25
360042893,4.515673605078312e+18,291.686791501436,19.6429016881778,0.517109,14.9065,18.354,0.166,16.678,0.343,13.458,0.024,12.959,0.027,12.786,0.032,15.9245,0.000365,16.9005,0.004196,14.9137,0.001413,,,,,,,,,Theia1796,26.915348039269137,Kounkel2020,6102.0,3.094,1.15
370163918,4.323420801509459e+18,292.468758061523,18.8782599122949,0.540226,15.7057,,,17.3008,0.0461,13.35,,13.752,0.063,12.344,,16.6644,0.000481,17.5434,0.007352,15.673,0.002484,,,,,,,,,Theia1796,26.915348039269137,Kounkel2020,6268.0,1.87881,1.22
359170198,4.515557645286207e+18,291.165515019823,19.3427126479011,1.03546,15.6947,19.725,0.162,17.7093,0.0462,14.162,,13.604,0.028,13.389,0.04,16.8255,0.000864,17.9684,0.006913,15.7518,0.002662,,,,,,,,,Theia1796,26.915348039269137,Kounkel2020,5281.0,1.39146,0.91
355394071,4.5154390354651566e+18,291.268145476786,18.6493123336634,0.83709,14.7901,,,16.1288,0.046,13.474,0.03,13.055,0.038,12.848,0.035,15.6271,0.000797,16.403,0.006803,14.7509,0.001517,,,,,,,,,Theia1796,26.915348039269137,Kounkel2020,7339.0,1.55107,1.66
355394917,4.515474563435902e+18,291.283450405132,18.7237892207861,0.841684,13.4742,14.999,0.025,14.298,0.195,12.477,0.023,12.229,0.026,12.039,0.026,13.9867,0.000305,14.4612,0.001443,13.3434,0.000708,11.897,0.028,11.974,0.029,11.737,0.3,8.352,,Theia1796,26.915348039269137,Kounkel2020,12253.0,,
1921254214,4.515450958294398e+18,291.24229316069,18.6876484028304,0.932437,13.5076,,,14.2067,0.0459,,,,,,,13.9813,0.000359,14.4325,0.002328,13.3568,0.001433,,,,,,,,,Theia1796,26.915348039269137,Kounkel2020,,,
1921511862,4.5156587660098217e+18,291.297041467263,19.6016488822775,1.03633,15.515,,,17.3506,0.0462,,,,,,,16.5738,0.001011,17.6052,0.006731,15.5312,0.003637,,,,,,,,,Theia1796,26.915348039269137,Kounkel2020,5276.0,1.36051,0.9
355399836,4.5155431798360366e+18,291.314682613819,19.2225941465092,1.08184,15.4485,19.748,0.163,17.3698,0.0463,13.883,0.023,13.303,0.026,13.121,0.034,16.5412,0.000562,17.6345,0.007723,15.4903,0.002292,,,,,,,,,Theia1796,26.915348039269137,Kounkel2020,5168.0,1.4265,0.87
386093167,4.3232792093356447e+18,291.459016426883,18.4702611388468,1.09707,16.5402,19.935,0.164,18.2343,0.0484,15.19,,14.621,0.069,14.295,0.085,17.5419,0.001239,18.5101,0.020785,16.5559,0.008336,,,,,,,,,Theia1796,26.915348039269137,Kounkel2020,5756.0,0.712006,1.03
360112149,4.515466179659049e+18,291.658302428407,18.7465037083433,0.961444,13.0385,15.377,0.127,14.283,0.149,11.835,0.018,11.395,0.018,11.216,0.018,13.8068,0.000345,14.4944,0.001392,12.9898,0.001377,11.172,0.043,11.217,0.041,11.786,,8.813,,Theia1796,26.915348039269137,Kounkel2020,6933.0,2.75044,1.51
360047733,4.515582762261298e+18,291.753068889351,19.1523976708929,0.793778,14.4984,17.208,0.062,15.853,0.137,13.344,0.022,12.975,0.016,12.834,0.026,15.2921,0.000284,16.0241,0.002621,14.4468,0.001088,,,,,,,,,Theia1796,26.915348039269137,Kounkel2020,7691.0,1.75753,1.81
353401377,2.0224183235136056e+18,288.915221321764,22.9895158880044,0.770681,12.511,13.678,0.065,13.102,0.046,11.774,0.02,11.668,0.016,11.565,0.02,12.9432,0.00023,13.288,0.001146,12.4249,0.000772,11.46,0.023,11.466,0.023,11.62,0.222,8.956,,Theia2217,75.85775750291836,Kounkel2020,7793.0,2.69088,1.85
352715585,4.5203572540565376e+18,288.503792637111,22.2956377795419,,15.7493,18.012,0.063,16.362,0.126,14.12,0.025,13.63,0.028,13.479,0.035,16.4624,0.000965,16.619,0.005449,15.1742,0.002491,13.47,0.024,13.651,0.031,12.925,,8.539,,Theia2217,75.85775750291836,Kounkel2020,,,
1710080760,2.0221914161306184e+18,289.247721566412,22.4724887538078,0.597336,16.7271,,,18.085,0.0504,,,,,,,17.5461,0.000716,18.2076,0.027265,16.4924,0.021819,,,,,,,,,Theia2217,75.85775750291836,Kounkel2020,,,
351822651,4.520447963763179e+18,287.97498160763,22.8699505947622,0.683173,13.7456,17.129,0.166,15.225,0.137,12.43,0.022,11.819,0.02,11.663,0.02,14.6228,0.000233,15.4568,0.001936,13.7266,0.000754,11.548,0.023,11.607,0.022,11.298,0.143,8.736,,Theia2217,75.85775750291836,Kounkel2020,4842.0,3.713,
352719342,4.520464318999511e+18,288.523168357189,22.9544048931954,0.820948,15.5668,17.694,0.069,16.7235,0.0459,14.528,0.03,14.028,0.038,13.955,0.05,16.3223,0.000735,16.9973,0.004731,15.5287,0.002516,13.97,0.026,14.222,0.042,12.862,,9.171,,Theia2217,75.85775750291836,Kounkel2020,5437.0,1.05948,0.95
352715178,4.520169065777359e+18,288.513919096206,22.2282009353291,0.755162,13.1998,14.143,0.066,13.978,0.092,12.446,0.023,12.239,0.022,12.14,0.021,13.6659,0.00014,14.0398,0.000714,13.1267,0.000731,12.091,0.026,12.141,0.026,12.244,0.382,8.939,,Theia2217,75.85775750291836,Kounkel2020,7248.0,2.08708,1.63
353278408,4.520412916835348e+18,288.726850497183,22.8618417096498,0.760017,15.7965,17.97,0.067,16.639,0.206,14.345,0.03,13.87,0.036,13.776,0.049,16.5333,0.000732,17.1027,0.013682,15.5996,0.01295,13.407,0.023,13.504,0.032,12.199,,9.195,,Theia2217,75.85775750291836,Kounkel2020,,,
352325538,4.520378041699276e+18,288.371124186566,22.5548544212218,1.11461,15.2898,17.764,0.065,16.775,1.133,14.174,0.025,13.688,0.032,13.51,0.042,16.0431,0.00042,16.7121,0.002582,15.2445,0.001831,13.488,0.025,13.668,0.037,11.915,,8.887,,Theia2217,75.85775750291836,Kounkel2020,5276.0,0.903632,0.9
352710605,4.5199855460833633e+18,288.515528213938,21.4789388522269,0.586322,13.9472,15.218,0.067,14.644,0.126,13.078,0.023,12.842,0.019,12.753,0.027,14.4829,0.000188,14.9267,0.00119,13.8691,0.000737,12.686,0.025,12.675,0.027,12.287,0.33,8.674,,Theia2217,75.85775750291836,Kounkel2020,7451.0,2.08511,1.71
353276517,4.5203914419979735e+18,288.798762469593,22.5359053623114,0.529934,15.4662,,,16.518,0.606,14.51,0.037,14.165,0.044,14.059,0.064,16.1626,0.000405,16.7687,0.002438,15.4206,0.001477,13.939,0.048,14.158,0.062,12.238,,8.559,,Theia2217,75.85775750291836,Kounkel2020,5970.0,1.48383,1.1
352714794,4.520162571786487e+18,288.475622585505,22.1644734586326,0.636036,15.0217,17.196,0.066,16.173,0.137,14.019,0.024,13.591,0.026,13.467,0.03,15.7535,0.000354,16.3971,0.002655,14.9782,0.001188,13.452,0.025,13.559,0.034,12.63,,8.699,,Theia2217,75.85775750291836,Kounkel2020,5664.0,1.64917,1.01
353279099,2.0224209391693711e+18,288.699000972087,22.9817735701261,0.69719,16.2132,19.127,0.072,17.4724,0.0461,15.141,0.043,14.492,0.051,14.243,0.072,17.016,0.000728,17.7589,0.007923,16.1868,0.00218,14.397,0.045,14.636,0.074,12.66,,9.248,,Theia2217,75.85775750291836,Kounkel2020,5067.0,1.03664,0.85
353274393,4.52016542364512e+18,288.763626922862,22.1617012091328,0.740473,12.6126,13.877,0.065,13.179,0.114,11.98,0.019,11.847,0.021,11.727,0.022,12.9765,0.00026,13.2668,0.001191,12.5226,0.000557,11.7,0.023,11.737,0.022,11.819,,9.115,,Theia2217,75.85775750291836,Kounkel2020,8261.0,2.44866,2.03
353274575,4.520165664163524e+18,288.791216529658,22.1957637145028,0.712583,12.7996,15.599,0.062,13.909,0.092,11.79,0.019,11.446,0.019,11.308,0.021,13.5262,0.000155,14.1668,0.000967,12.7582,0.000665,11.205,0.023,11.209,0.022,11.588,0.161,9.119,,Theia2217,75.85775750291836,Kounkel2020,5677.0,4.05725,
352717413,4.5204010970850273e+18,288.479698238418,22.605547257009,0.446437,15.6526,17.919,0.068,16.334,1.133,14.606,0.029,14.171,0.032,14.096,0.053,16.4143,0.000471,17.0897,0.003249,15.6121,0.001985,14.03,0.028,14.3,0.044,12.632,0.503,9.095,,Theia2217,75.85775750291836,Kounkel2020,5984.0,1.76239,1.1
352208629,4.520453083364511e+18,288.298824940651,22.7026820035273,0.776798,15.3836,16.159,0.072,16.307,1.133,14.364,0.036,13.958,0.04,13.79,0.054,16.0941,0.000866,16.7151,0.004093,15.3369,0.002659,13.449,0.026,13.539,0.033,12.665,,8.867,,Theia2217,75.85775750291836,Kounkel2020,5504.0,1.13034,0.97
353274248,4.520153294656606e+18,288.773160735694,22.1355363940127,0.500461,14.6442,16.307,0.068,15.707,0.114,13.653,0.025,13.307,0.026,13.173,0.031,15.3027,0.00051,15.8455,0.001662,14.5727,0.001101,,,,,,,,,Theia2217,75.85775750291836,Kounkel2020,6001.0,2.15946,1.11
353274639,4.5201891318662e+18,288.790306534199,22.2078666408063,0.78195,14.3098,17.082,0.064,15.371,0.069,13.381,0.023,13.059,0.025,12.948,0.029,15.0074,0.000217,15.611,0.001538,14.2606,0.00072,12.738,0.027,12.762,0.028,12.189,0.284,8.921,,Theia2217,75.85775750291836,Kounkel2020,5851.0,1.75195,1.06
353276536,4.5203916481564273e+18,288.777449203938,22.5382584475871,0.705846,15.1923,17.162,0.071,16.374,0.286,14.184,0.033,13.783,0.034,13.594,0.048,15.9275,0.000385,16.5724,0.002208,15.1463,0.001716,13.496,0.03,13.575,0.037,12.35,,8.936,,Theia2217,75.85775750291836,Kounkel2020,5629.0,1.38681,1.0
1812178254,4.520412916835348e+18,288.726850497183,22.8618417096498,0.760017,15.7965,,,16.9525,0.0469,,,,,,,16.5333,0.000732,17.1027,0.013682,15.5996,0.01295,,,,,,,,,Theia2217,75.85775750291836,Kounkel2020,,,
352849891,4.520410820891354e+18,288.642335275532,22.792458848833,0.75592,11.6663,12.985,0.065,12.123,0.046,11.038,0.02,10.967,0.022,10.891,0.017,11.981,0.000216,12.2277,0.000844,11.5797,0.000661,10.873,0.023,10.885,0.021,10.892,0.118,8.647,,Theia2217,75.85775750291836,Kounkel2020,8301.0,3.4614,2.04
353401524,2.0224171896422405e+18,288.84073352173,22.9628036628727,0.782246,12.4853,14.027,0.066,12.996,0.069,11.835,0.02,11.729,0.017,11.643,0.02,12.8603,0.000201,13.1572,0.000997,12.3946,0.000635,11.563,0.026,11.593,0.026,11.741,0.245,8.888,,Theia2217,75.85775750291836,Kounkel2020,8161.0,2.49635,1.99
353401644,2.0224176019591017e+18,288.899300428284,22.9390264493903,0.784067,11.5578,12.508,0.37,12.435,0.034,10.927,0.031,10.811,0.022,10.72,0.019,11.9108,0.000267,12.1932,0.000995,11.463,0.000595,10.593,0.023,10.643,0.02,10.754,0.101,9.245,,Theia2217,75.85775750291836,Kounkel2020,8491.0,3.72023,2.11
353404603,4.5201966566487895e+18,288.859017608669,22.4416813130799,0.797351,15.7394,17.466,0.071,16.9236,0.0462,14.465,0.033,14.001,0.042,13.935,0.057,16.5082,0.000551,17.152,0.01051,15.6562,0.004323,13.604,0.03,13.658,0.041,12.92,,8.771,,Theia2217,75.85775750291836,Kounkel2020,5391.0,1.02983,0.94
352853940,4.520164255413938e+18,288.576543922314,22.1310487181681,0.758084,14.6815,,,15.838,0.057,13.613,0.027,13.245,0.033,13.085,0.032,15.4217,0.000394,16.0672,0.001874,14.6306,0.001361,,,,,,,,,Theia2217,75.85775750291836,Kounkel2020,5563.0,1.68457,0.98
352850779,4.520391304558736e+18,288.619555489947,22.6496850968219,0.775986,16.3523,19.244,0.071,17.6849,0.046,15.144,0.043,14.622,0.057,14.364,0.071,17.1902,0.000821,17.9673,0.005697,16.3273,0.003189,,,,,,,,,Theia2217,75.85775750291836,Kounkel2020,5117.0,0.912366,0.86
353276472,4.520386459835651e+18,288.731475052937,22.5296105524375,0.734834,13.3782,,,14.026,0.08,12.617,0.023,12.385,0.021,12.26,0.025,13.8508,0.000189,14.2302,0.000961,13.3001,0.000858,,,,,,,,,Theia2217,75.85775750291836,Kounkel2020,7376.0,1.99267,1.68
353278552,2.0224164036838129e+18,288.772656627621,22.882667500451,0.744284,13.8552,16.078,0.062,14.694,0.15,13.009,,12.794,0.029,12.599,,14.4122,0.000479,14.8694,0.002152,13.7914,0.001219,12.457,0.024,12.452,0.027,12.802,,9.203,,Theia2217,75.85775750291836,Kounkel2020,6598.0,1.79357,1.38
353279189,2.022420458132988e+18,288.771426687944,22.996900285892,0.789529,13.4725,15.806,0.065,14.316,0.08,12.569,0.022,12.27,0.023,12.124,0.02,14.0927,0.000188,14.6134,0.001176,13.4151,0.000718,12.14,0.024,12.214,0.025,12.53,,8.944,,Theia2217,75.85775750291836,Kounkel2020,6231.0,2.23335,1.2
353277179,4.520393469222589e+18,288.814691986726,22.6513112179682,0.475403,15.6156,17.954,0.067,16.574,1.133,14.429,0.029,13.923,0.035,13.732,0.046,16.4421,0.000465,17.1903,0.004807,15.577,0.002637,13.545,0.032,13.607,0.039,12.238,,8.731,,Theia2217,75.85775750291836,Kounkel2020,5256.0,1.97836,0.9
353801706,2.0224010448798927e+18,289.040180133256,22.8116300891404,0.800871,14.4564,16.727,0.065,15.656,0.069,13.361,0.023,12.998,0.022,12.809,0.023,15.1879,0.000262,15.826,0.002131,14.4082,0.000978,12.865,0.027,12.933,0.033,12.348,,8.911,,Theia2217,75.85775750291836,Kounkel2020,5984.0,1.66512,1.1
353801729,2.022401147959289e+18,289.056413503871,22.8170135703089,0.770763,14.7375,17.292,0.064,16.011,0.103,13.529,0.025,13.149,0.023,13.055,0.031,15.5414,0.000298,16.2657,0.002503,14.7025,0.001132,12.808,0.028,12.897,0.03,12.633,0.431,8.944,,Theia2217,75.85775750291836,Kounkel2020,5535.0,1.74937,0.97
353401480,2.0224186370667745e+18,288.865086468211,22.9696441342732,0.752867,10.7192,11.628,0.127,11.043,0.009,10.073,0.02,9.958,0.016,9.871,0.018,11.0981,0.000591,11.4115,0.001198,10.6382,0.0005,9.797,0.023,9.804,0.02,9.819,0.046,8.466,,Theia2217,75.85775750291836,Kounkel2020,8245.0,5.88748,
353401832,2.0224161631655987e+18,288.844557687256,22.9059617303729,0.763073,16.0882,19.18,0.171,17.5421,0.046,14.836,0.043,14.203,0.048,14.014,0.068,16.9765,0.000735,17.8244,0.006006,16.0654,0.002571,13.84,0.031,13.95,0.043,12.735,,8.991,,Theia2217,75.85775750291836,Kounkel2020,4732.0,1.18499,0.76
353403811,4.520391991753762e+18,288.841805781551,22.5725577008834,0.756237,13.1352,14.65,0.066,13.872,0.08,12.323,0.021,12.165,0.021,12.068,0.025,13.622,0.00014,14.0161,0.000814,13.0589,0.000717,,,,,,,,,Theia2217,75.85775750291836,Kounkel2020,7345.0,2.21134,1.67
353801068,2.0223979868631936e+18,288.958100561836,22.6961094089185,0.741342,15.4278,17.739,0.069,16.711,0.675,14.305,0.033,13.93,0.039,13.714,0.055,16.1831,0.000609,16.8521,0.002721,15.386,0.001685,13.511,0.03,13.542,0.042,12.634,,9.097,,Theia2217,75.85775750291836,Kounkel2020,5602.0,1.22557,0.99
353801222,2.022398089942421e+18,288.957850473298,22.7231368857701,1.20206,15.7574,18.895,0.168,17.2117,0.046,14.449,0.032,13.832,0.033,13.572,0.043,16.6462,0.000493,17.4987,0.00612,15.7398,0.0023,13.606,0.03,13.579,0.036,12.457,,8.985,,Theia2217,75.85775750291836,Kounkel2020,4751.0,0.877914,0.76
353802425,2.0224063362797404e+18,288.964070513021,22.9621634453048,0.755171,13.0796,13.581,0.066,13.837,0.114,12.258,0.026,12.146,0.019,11.991,0.019,13.6081,0.000168,14.0387,0.001154,13.0084,0.000703,,,,,,,,,Theia2217,75.85775750291836,Kounkel2020,7002.0,2.41434,1.54
353276124,4.520385085445939e+18,288.704622630769,22.4661219940143,0.753853,14.2882,16.026,0.067,15.24,0.149,13.26,0.023,12.928,0.022,12.829,0.03,14.9287,0.000419,15.4393,0.003193,14.2017,0.003863,12.654,0.024,12.737,0.024,12.21,,9.079,,Theia2217,75.85775750291836,Kounkel2020,6119.0,1.6613,1.15
353278540,4.520413054274301e+18,288.738880556231,22.8813849131146,0.75812,15.0794,17.403,0.067,15.913,0.309,14.182,0.026,13.72,0.027,13.698,0.042,15.7499,0.000468,16.3242,0.003407,15.0277,0.001584,13.601,0.034,13.757,0.046,12.543,,9.118,,Theia2217,75.85775750291836,Kounkel2020,5848.0,1.22013,1.06
353401938,2.02241554469031e+18,288.832729005029,22.8889330738544,0.817152,15.2454,17.751,0.067,16.391,0.229,14.244,0.029,13.841,0.035,13.677,0.044,15.9649,0.000537,16.5959,0.002803,15.2009,0.002095,13.649,0.027,13.776,0.036,12.625,,8.755,,Theia2217,75.85775750291836,Kounkel2020,5597.0,1.15287,0.99
353801402,2.0223984335397345e+18,289.058531354807,22.7550337776364,0.916761,14.1202,16.675,0.063,15.367,0.16,13.02,0.021,12.614,0.018,12.427,0.021,14.856,0.000244,15.501,0.001605,14.0743,0.00085,11.932,0.022,11.925,0.022,12.235,0.296,8.507,,Theia2217,75.85775750291836,Kounkel2020,6089.0,1.70546,1.14
353279088,2.02241746883572e+18,288.804036992331,22.9803798803734,0.409335,16.2729,,,17.4293,0.046,15.129,0.052,14.729,0.063,14.435,0.084,17.0286,0.000685,17.6984,0.004703,16.2309,0.002881,,,,,,,,,Theia2217,75.85775750291836,Kounkel2020,5549.0,1.49494,0.98
353403113,4.5203952902886666e+18,288.887493019343,22.6843622653449,0.730404,14.3873,15.978,0.072,15.409,0.217,13.492,0.035,13.206,0.034,13.055,0.035,15.0017,0.000255,15.5132,0.001395,14.3274,0.000958,12.966,0.026,13.053,0.032,12.453,,9.059,,Theia2217,75.85775750291836,Kounkel2020,6127.0,1.57358,1.16
353401571,2.022417674994054e+18,288.935972046471,22.9528966464389,0.764773,13.019,14.43,0.066,13.731,0.069,12.221,0.02,12.088,0.017,11.961,0.021,13.5078,0.000162,13.9028,0.000778,12.9436,0.000635,11.907,0.023,11.946,0.022,12.205,,8.978,,Theia2217,75.85775750291836,Kounkel2020,7284.0,2.31462,1.64
353401808,2.022405752164207e+18,288.909026475315,22.9097106875332,0.795968,15.6857,,,16.757,1.133,14.555,0.038,14.222,0.05,13.921,0.062,16.4548,0.000662,17.1443,0.004476,15.6482,0.002206,,,,,,,,,Theia2217,75.85775750291836,Kounkel2020,5407.0,1.05815,0.94
353402263,2.0224034157020004e+18,288.857014953713,22.8281789243962,0.770654,14.2343,15.774,0.068,15.222,0.103,13.31,0.026,13.011,0.028,12.896,0.029,14.8612,0.000207,15.3832,0.001426,14.1726,0.001121,12.654,0.025,12.685,0.026,12.173,0.335,8.58,,Theia2217,75.85775750291836,Kounkel2020,6092.0,1.63483,1.14
353801609,2.022400117166917e+18,289.07662766874,22.7943270704661,0.817524,12.945,14.474,0.066,13.814,0.08,12.011,0.021,11.757,0.016,11.625,0.014,13.5177,0.000187,13.9946,0.001042,12.8707,0.000613,11.583,0.024,11.607,0.023,12.018,0.258,9.131,,Theia2217,75.85775750291836,Kounkel2020,7218.0,2.53396,1.62
354464617,2.022201002498183e+18,289.383354343826,22.6563119125454,0.515822,16.1273,19.167,0.171,17.4717,0.046,14.912,0.041,14.529,0.055,14.228,0.068,16.9732,0.000574,17.7404,0.005088,16.0938,0.002345,14.123,0.038,14.432,0.06,12.743,,8.486,,Theia2217,75.85775750291836,Kounkel2020,5543.0,1.46082,0.98
353403581,4.520206036857955e+18,288.920670203179,22.6096173015316,0.805201,12.459,13.314,0.065,12.996,0.069,11.791,0.021,11.668,0.022,11.556,0.02,12.8513,0.000169,13.1587,0.000871,12.3737,0.000525,11.506,0.024,11.544,0.023,11.719,0.227,9.053,,Theia2217,75.85775750291836,Kounkel2020,7821.0,2.49472,1.86
353801960,2.0224043434148383e+18,288.993136433909,22.8586290487757,0.792678,12.068,12.821,0.414,12.324,0.029,11.251,0.019,11.099,0.016,10.976,0.014,12.5775,0.000143,12.9925,0.000893,11.9841,0.000553,10.85,0.023,10.861,0.021,11.095,0.133,9.149,,Theia2217,75.85775750291836,Kounkel2020,7538.0,3.58256,1.74
353802101,2.022404893170631e+18,289.035706480768,22.8868610261831,0.876102,13.6547,16.033,0.064,14.756,0.126,12.632,0.021,12.285,0.018,12.171,0.018,14.3689,0.000188,14.9907,0.001368,13.6074,0.000603,12.067,0.024,12.079,0.024,12.194,0.328,8.954,,Theia2217,75.85775750291836,Kounkel2020,5998.0,2.14984,1.11
353919584,2.022407745029344e+18,289.140703897584,22.9016570790139,0.800642,12.7754,14.248,0.065,13.525,0.103,11.933,0.018,11.754,0.016,11.656,0.021,13.2728,0.000195,13.6825,0.001102,12.6896,0.000552,11.618,0.024,11.644,0.024,12.337,0.38,9.008,,Theia2217,75.85775750291836,Kounkel2020,7795.0,2.5233,1.85
353401338,2.022418770190204e+18,288.877818036342,22.9959889904741,0.751524,12.2858,13.233,0.065,12.832,0.034,11.597,0.02,11.463,0.016,11.366,0.019,12.6944,0.000162,13.023,0.000939,12.1958,0.000632,11.229,0.023,11.259,0.022,11.137,0.158,8.618,,Theia2217,75.85775750291836,Kounkel2020,8099.0,2.98241,1.97
353401402,2.0224188775849777e+18,288.827413190558,22.9851272810147,0.853855,15.9373,15.367,0.067,17.1516,0.046,14.778,0.038,14.226,0.044,14.195,0.069,16.72,0.000743,17.4158,0.004573,15.8895,0.003013,,,,,,,,,Theia2217,75.85775750291836,Kounkel2020,5254.0,0.912843,0.9
353801527,2.0223996361306688e+18,288.964188567926,22.7784691130443,0.52339,15.6357,17.815,0.07,16.7973,0.0459,14.524,0.034,14.056,0.04,13.904,0.057,16.3944,0.000464,17.066,0.002946,15.5941,0.001954,14.047,0.033,14.217,0.052,12.413,,9.087,,Theia2217,75.85775750291836,Kounkel2020,5745.0,1.55002,1.03
354576014,2.0221398378314632e+18,289.378090048638,22.3692121057096,0.569726,15.346,18.373,0.168,16.407,0.046,14.078,0.029,13.587,0.031,13.368,0.034,16.2273,0.000525,17.0558,0.003318,15.3251,0.001453,,,,,,,,,Theia2217,75.85775750291836,Kounkel2020,4996.0,2.10274,
354986871,2.0221413196288817e+18,289.53071811676,22.4261547504623,0.876058,13.9259,16.104,0.066,14.988,0.114,12.878,0.024,12.561,0.017,12.408,0.029,14.6364,0.000219,15.2505,0.001526,13.8744,0.000739,12.319,0.039,12.363,0.042,11.813,0.366,8.662,,Theia2217,75.85775750291836,Kounkel2020,5962.0,1.8923,1.09
353798343,4.520175422329426e+18,289.076580309783,22.2205289675204,1.03043,16.1801,19.662,0.168,17.8017,0.0464,14.7,0.037,14.015,0.04,13.849,0.057,17.1409,0.000658,18.0793,0.009961,16.1719,0.003274,13.455,0.026,13.739,0.033,12.186,,8.588,,Theia2217,75.85775750291836,Kounkel2020,4673.0,0.945841,0.74
353802447,2.022406404999279e+18,288.991613862687,22.9673358090873,0.758004,15.6221,17.803,0.072,16.9553,0.0459,14.583,0.037,14.095,0.047,14.043,0.063,16.4628,0.000595,17.2261,0.003863,15.5899,0.002191,,,,,,,,,Theia2217,75.85775750291836,Kounkel2020,5548.0,1.25339,0.98
353919395,2.022408432224125e+18,289.141649664687,22.9388365252998,0.589379,15.6216,18.322,0.067,16.563,0.15,14.367,0.034,13.915,0.038,13.73,,16.4667,0.000525,17.2321,0.006521,15.5879,0.001734,13.437,0.028,13.504,0.034,11.646,0.21,8.791,,Theia2217,75.85775750291836,Kounkel2020,5612.0,1.60509,0.99
354450798,2.022213303285137e+18,289.322089424011,22.7034840416611,0.601333,14.7485,17.148,0.065,15.635,0.149,13.659,0.024,13.286,0.028,13.116,0.032,15.5442,0.000318,16.2562,0.001544,14.7105,0.000979,,,,,,,,,Theia2217,75.85775750291836,Kounkel2020,6138.0,2.08987,1.16
353798887,4.520179889095461e+18,289.025675783643,22.3065494174881,0.937427,14.2824,17.113,0.062,15.677,0.092,13.214,0.022,12.845,0.02,12.686,0.027,15.0361,0.00023,15.7034,0.00129,14.2413,0.000802,12.616,0.024,12.66,0.024,12.914,,8.669,,Theia2217,75.85775750291836,Kounkel2020,5701.0,1.6314,1.02
353921420,2.022204610270948e+18,289.157273216722,22.5530116924874,1.27967,16.4304,20.737,0.168,18.548,0.0472,15.026,0.047,14.194,0.046,14.007,0.064,17.5758,0.000704,18.8,0.013126,16.472,0.003402,,,,,,,,,Theia2217,75.85775750291836,Kounkel2020,3531.0,0.693227,0.658666
354986686,2.02214066679382e+18,289.543636203278,22.3969124364286,0.836079,15.6043,18.318,0.066,16.547,0.206,14.389,0.032,13.972,0.038,13.878,0.053,16.3722,0.000516,17.0479,0.004411,15.5569,0.002616,13.645,0.037,13.865,0.056,12.618,,9.083,,Theia2217,75.85775750291836,Kounkel2020,5608.0,1.02579,0.99
354464960,2.0221997999071887e+18,289.420460786993,22.6004521969631,0.469782,16.2406,19.03,0.07,17.6539,0.0461,15.025,0.04,14.542,0.047,14.29,0.071,17.1178,0.000564,17.9299,0.00663,16.2194,0.003257,,,,,,,,,Theia2217,75.85775750291836,Kounkel2020,5414.0,1.61069,0.94
354449403,2.0221914161306184e+18,289.247721566412,22.4724887538078,0.597336,16.7271,19.138,0.072,18.085,0.0504,15.078,0.043,14.501,0.056,14.27,0.076,17.5461,0.000716,18.2076,0.027265,16.4924,0.021819,14.06,0.034,14.004,0.042,11.631,,8.989,,Theia2217,75.85775750291836,Kounkel2020,,,
355112467,2.0222223055370289e+18,289.685648774074,22.7428798053634,0.757298,9.2018,10.505,0.064,10.003,0.004,8.354,0.024,8.222,0.024,8.127,0.017,9.68297,0.000191,10.0841,0.000407,9.12575,0.000524,8.01,0.024,8.019,0.02,8.059,0.022,8.22,0.268,Theia2217,75.85775750291836,Kounkel2020,7734.0,13.4812,
385185557,2.02218258565717e+18,289.925307355751,22.7974789529083,1.30302,16.542,18.797,0.079,17.8459,0.0464,15.0,0.052,14.685,0.066,14.348,0.067,17.368,0.000948,18.0027,0.010208,16.3922,0.006725,,,,,,,,,Theia2217,75.85775750291836,Kounkel2020,5332.0,,
278842041,2.022128262927557e+18,289.983046925533,22.374733478446,0.627223,15.4443,18.115,0.066,16.235,1.133,14.206,0.032,13.822,0.039,13.592,0.042,16.256,0.000483,16.9736,0.003577,15.3956,0.001971,13.397,0.033,13.568,0.04,12.424,,8.772,,Theia2217,75.85775750291836,Kounkel2020,5603.0,1.55001,0.99
385182396,2.022128984482099e+18,289.953687341431,22.3832575318667,0.983874,13.6474,15.789,0.067,14.619,0.126,12.655,0.026,12.3,0.03,12.196,0.022,14.3231,0.000175,14.9031,0.001085,13.5949,0.000678,11.975,0.025,11.99,0.025,12.165,0.461,8.471,,Theia2217,75.85775750291836,Kounkel2020,6207.0,1.80337,1.19
356564826,2.0222326134591247e+18,289.841275102399,22.9596950880926,0.567978,15.9791,18.025,0.074,17.3562,0.046,14.674,0.042,14.197,0.053,14.1,0.068,16.84,0.000535,17.6171,0.005513,15.9401,0.003558,,,,,,,,,Theia2217,75.85775750291836,Kounkel2020,5482.0,1.45536,0.96
9981865,4.514550389562175e+18,287.614735166734,18.4835603770461,0.834648,16.0509,18.962,0.163,17.4792,0.0467,14.745,0.033,14.212,0.031,14.002,0.059,16.9323,0.001081,17.7443,0.014152,16.0159,0.003064,,,,,,,,,Theia2964,158.4893192461111,Kounkel2020,5058.0,1.04896,0.84
384970317,4.514482456024424e+18,288.11356502176,18.1828981531102,0.969515,14.2105,17.391,-0.163,15.722,0.092,12.859,0.029,12.477,0.033,12.258,0.027,15.1636,0.000616,16.0516,0.004487,14.1941,0.005258,12.009,0.025,12.04,0.027,11.564,0.18,8.761,,Theia2964,158.4893192461111,Kounkel2020,5782.0,,
384967247,4.5160091666085176e+18,288.110382374984,18.5872789460137,1.64833,12.7801,14.536,0.076,13.689,0.137,11.882,0.031,11.51,0.033,11.406,0.02,13.3893,0.000239,13.9005,0.001631,12.7159,0.000367,11.304,0.023,11.326,0.022,11.626,0.192,8.438,,Theia2964,158.4893192461111,Kounkel2020,6747.0,1.45773,1.44
353529550,4.51526534698443e+18,288.82486775187,18.4996829863797,1.11239,13.5246,16.161,0.159,14.882,0.126,12.244,0.042,11.896,0.019,11.708,0.023,14.3815,0.000255,15.1713,0.002534,13.4978,0.000926,11.781,0.061,11.82,0.062,12.373,0.465,8.706,,Theia2964,158.4893192461111,Kounkel2020,6605.0,2.17572,1.38
10113725,4.5144902213283246e+18,287.786310155541,18.1579344940184,1.19515,15.5706,,,17.3738,0.0461,14.136,0.032,13.578,0.025,13.366,0.044,16.6047,0.00084,17.6452,0.005944,15.5819,0.003103,,,,,,,,,Theia2964,158.4893192461111,Kounkel2020,4558.0,1.21601,0.72
384971779,4.513723689920917e+18,288.100258622018,18.0102616800522,1.15133,16.0403,,,18.0271,0.0467,14.429,0.035,13.813,0.034,13.504,0.037,17.158,0.001404,18.2905,0.010566,16.093,0.004013,13.106,0.025,13.381,0.027,12.463,,9.153,,Theia2964,158.4893192461111,Kounkel2020,5059.0,1.08147,0.84
370055616,4.323441627835608e+18,292.342459935753,19.1446881019269,0.487329,14.8367,18.389,0.166,16.506,0.126,13.19,0.032,12.6,0.041,12.396,0.039,15.9453,0.000472,17.0343,0.004304,14.868,0.001182,12.022,0.032,12.251,0.026,11.512,,8.724,,Theia3237,190.54607179632444,Kounkel2020,5769.0,3.96237,
370044753,2.0176943448660664e+18,292.374675439681,20.0674293065639,0.30657,15.0092,,,16.57,0.389,13.226,,13.046,0.155,12.953,0.113,15.9797,0.000433,16.8988,0.005271,15.0046,0.003046,,,,,,,,,Theia3237,190.54607179632444,Kounkel2020,6297.0,4.41453,1.23
370796301,1.825457759082974e+18,292.62613101952,19.4315836338788,0.272296,15.5214,18.724,0.167,17.1296,0.0462,14.064,0.031,13.733,0.039,13.553,0.047,16.4832,0.000564,17.3603,0.007739,15.4746,0.002189,13.195,0.063,13.295,0.058,11.898,,8.471,,Theia3237,190.54607179632444,Kounkel2020,6801.0,3.74259,1.46
370793103,2.017622666106353e+18,292.647890843309,19.6962476102295,0.511599,16.1001,19.425,0.17,17.602,0.0462,14.756,0.041,14.319,0.056,14.138,0.078,17.0182,0.000678,17.8679,0.007889,16.0796,0.004197,,,,,,,,,Theia3237,190.54607179632444,Kounkel2020,6008.0,1.58609,1.11
370793578,2.017616618791748e+18,292.617432702227,19.658598486687,0.379906,15.9851,19.567,0.167,17.6422,0.0462,14.561,0.032,14.039,0.035,13.836,0.053,16.9711,0.001217,17.901,0.007311,15.9783,0.004323,,,,,,,,,Theia3237,190.54607179632444,Kounkel2020,5866.0,2.4438,1.06
370417628,2.0194132594922225e+18,292.444383796775,22.878108666707,0.650885,14.593,17.776,0.167,15.873,0.172,13.458,0.02,13.106,0.02,12.978,0.029,15.3861,0.000333,16.096,0.002548,14.556,0.001416,,,,,,,,,Theia3585,239.88329190194943,Kounkel2020,5856.0,2.10622,1.06
369697199,2.0193788954127987e+18,292.166420188548,22.5654315134396,0.791522,12.526,14.913,0.065,13.24,0.103,11.633,0.022,11.481,0.022,11.337,0.02,13.0491,0.000213,13.5073,0.001477,12.4139,0.000709,11.289,0.024,11.287,0.023,11.356,0.181,9.068,,Theia3585,239.88329190194943,Kounkel2020,9400.0,2.9964,2.39
370418768,2.019421677629041e+18,292.519614827217,22.9918644716192,0.737696,16.0193,18.936,0.069,17.3141,0.0462,14.891,0.038,14.392,0.041,14.189,0.058,16.8405,0.000971,17.5734,0.009676,15.9705,0.003739,,,,,,,,,Theia3585,239.88329190194943,Kounkel2020,5257.0,1.07356,0.9
369804204,2.019425628999341e+18,292.371414454347,22.934493595162,0.859795,14.0333,16.093,0.073,14.856,0.183,12.931,0.038,12.582,0.037,12.458,0.039,14.7064,0.0005,15.2502,0.002045,13.9452,0.00174,12.0,0.023,12.108,0.025,12.123,0.348,9.062,0.529,Theia3721,257.03957827688646,Kounkel2020,6389.0,1.70752,1.28
1852973912,2.019427724928488e+18,292.415242052925,22.996167070898,0.783135,16.6692,,,18.0355,0.0479,,,,,,,17.4914,0.001129,18.089,0.022165,16.3652,0.00586,,,,,,,,,Theia3721,257.03957827688646,Kounkel2020,,,
369805030,2.0194129846143867e+18,292.379309531633,22.8475937279038,0.698595,12.8383,15.124,0.065,13.756,0.103,11.781,0.022,11.516,0.02,11.414,0.023,13.5364,0.000198,14.1436,0.001961,12.7766,0.000968,11.338,0.023,11.36,0.023,11.744,0.259,9.163,,Theia3721,257.03957827688646,Kounkel2020,7005.0,3.7105,1.54
369075805,2.019592754770609e+18,292.027025674453,22.9257156996698,0.697543,14.6841,17.052,0.068,15.778,0.15,13.538,0.031,13.195,0.032,12.989,,15.5041,0.000475,16.2474,0.003274,14.6541,0.001651,12.836,0.029,12.974,0.039,11.965,,8.873,,Theia3721,257.03957827688646,Kounkel2020,5880.0,1.96036,1.07
369700519,2.0194293054916744e+18,292.214592984646,22.9427825504607,0.719812,14.7067,17.401,0.065,15.798,0.126,13.582,0.028,13.296,0.036,13.07,0.034,15.4749,0.000325,16.1487,0.00381,14.6582,0.001667,,,,,,,,,Theia3721,257.03957827688646,Kounkel2020,5891.0,1.74524,1.07
370417766,2.019414118485632e+18,292.483991876286,22.8926618391029,0.66986,13.6612,15.4,0.067,14.389,0.092,12.787,0.024,12.64,0.028,12.526,0.026,14.1872,0.000195,14.6255,0.001468,13.5793,0.000908,12.459,0.033,12.498,0.035,12.136,,8.923,,Theia3721,257.03957827688646,Kounkel2020,7698.0,2.07026,1.81
352591491,4.516213469615191e+18,288.475764283852,19.3610914599443,0.905943,14.8952,18.205,0.167,16.218,0.446,13.683,0.026,13.158,0.028,12.978,0.032,15.8035,0.000594,16.6611,0.00373,14.8898,0.001734,12.744,0.03,12.747,0.032,12.55,,8.742,,Theia3785,269.1534803926914,Kounkel2020,5473.0,1.62428,0.96
10120679,4.516269132386376e+18,287.682200109795,19.0049233734317,0.793765,15.1567,18.401,0.162,16.366,0.24,13.911,0.023,13.432,0.022,13.223,0.033,16.0295,0.000778,16.8398,0.005027,15.1264,0.002005,13.139,0.024,13.186,0.027,12.581,,8.863,,Theia3785,269.1534803926914,Kounkel2020,5010.0,1.63755,
10127548,4.516400386592443e+18,287.691023416628,19.919515361187,0.649032,15.86,18.605,0.048,17.2066,0.0461,14.759,0.033,14.213,0.038,14.109,0.066,16.7061,0.000792,17.4891,0.007074,15.839,0.002477,13.991,0.036,14.332,0.051,12.775,,9.067,,Theia3785,269.1534803926914,Kounkel2020,5350.0,1.33737,0.92
10114343,4.5144960668119055e+18,287.732060098136,18.2353646585199,0.556235,15.8975,19.924,0.162,17.9162,0.047,14.364,0.025,13.752,0.026,13.527,0.043,17.028,0.00099,18.1846,0.01317,15.9623,0.002,13.354,0.032,13.371,0.039,12.614,,8.898,,Theia3785,269.1534803926914,Kounkel2020,5079.0,2.382,
10125539,4.516374719866994e+18,287.702172979457,19.6389782174285,0.71791,16.4748,19.603,0.166,18.0097,0.0466,15.099,0.045,14.535,0.043,14.132,0.065,17.4032,0.001143,18.2709,0.011616,16.4467,0.005448,14.05,0.024,14.323,0.042,12.927,,9.165,,Theia3785,269.1534803926914,Kounkel2020,4999.0,1.08139,0.83
368424166,2.0190130029004887e+18,291.819087548358,22.449040342688,0.709655,13.078,15.827,0.062,14.304,0.126,11.839,0.022,11.543,0.022,11.397,0.02,13.8674,0.000231,14.581,0.002023,13.0301,0.001191,11.283,0.024,11.285,0.024,11.357,0.175,9.031,,Theia4147,331.1311214825908,Kounkel2020,7112.0,3.72924,1.58
370547690,2.019414389026097e+18,292.549275916044,22.915313248158,0.83262,11.7535,12.422,0.413,12.421,0.041,11.113,0.027,10.931,0.032,10.863,0.031,12.1437,0.000195,12.4551,0.001493,11.6596,0.000656,10.78,0.029,10.835,0.028,10.771,0.185,8.565,,Theia4147,331.1311214825908,Kounkel2020,8236.0,3.37416,2.02
370308185,2.0176146989851187e+18,292.503010654203,19.6000319702123,0.275677,12.5725,18.587,0.172,15.302,0.092,10.531,0.022,9.488,0.023,9.131,0.018,13.961,0.000281,15.5695,0.003208,12.7309,0.000945,8.941,0.023,9.051,0.021,9.172,0.085,8.74,,Theia4524,407.3802778041122,Kounkel2020,4061.0,34.8589,
370783913,2.017745369081713e+18,292.561325516076,20.5086715416192,0.259535,15.1617,20.707,0.167,,,13.183,0.035,12.205,0.033,11.925,0.034,16.5613,0.000625,18.1165,0.013741,15.3246,0.002538,,,,,,,,,Theia4524,407.3802778041122,Kounkel2020,4528.0,10.2717,
370320727,2.0177532031022843e+18,292.476665041981,20.7181347948119,0.298181,14.4951,20.021,0.164,17.1798,0.0464,12.593,0.022,11.745,0.022,11.459,0.02,15.8672,0.000479,17.3758,0.007323,14.6611,0.001419,11.258,0.025,11.331,0.026,10.665,0.099,8.649,0.355,Theia4524,407.3802778041122,Kounkel2020,4805.0,11.6662,
370310767,2.0176393005604e+18,292.481088095865,19.8244345492135,0.280778,16.0208,18.97,0.17,17.408,0.0462,14.698,0.039,14.36,0.049,14.166,0.065,16.8791,0.000681,17.6657,0.00855,15.9673,0.003116,,,,,,,,,Theia4524,407.3802778041122,Kounkel2020,7468.0,2.49822,1.72
370050399,4.515614613741922e+18,292.311565633367,19.5762277426397,0.265316,15.4053,18.164,0.171,16.761,0.206,13.932,0.041,13.564,0.053,13.307,0.047,16.4095,0.000474,17.3763,0.006262,15.4062,0.001562,12.828,0.045,12.968,0.051,10.021,,8.001,0.436,Theia4524,407.3802778041122,Kounkel2020,6821.0,4.30621,1.47
1851595144,2.018035640129096e+18,292.566882308537,20.8272771573003,0.256585,15.9307,,,17.5909,0.0466,,,,,,,16.9113,0.000619,17.848,0.011324,15.9126,0.003723,,,,,,,,,Theia4524,407.3802778041122,Kounkel2020,7279.0,3.34028,1.64
370793314,2.0176168980083305e+18,292.578949938565,19.6785629036481,0.271925,15.1804,18.391,0.17,16.382,0.252,13.972,0.039,13.702,0.039,13.528,0.043,15.9683,0.000382,16.708,0.003259,15.1022,0.001224,,,,,,,,,Theia4524,407.3802778041122,Kounkel2020,8907.0,3.50121,2.24
370788431,2.017670632300883e+18,292.610242334174,20.0925028068252,0.25611,15.2515,17.767,0.068,15.945,0.618,14.159,0.032,13.87,0.044,13.699,0.055,15.9338,0.000409,16.5305,0.003244,15.16,0.002033,,,,,,,,,Theia4524,407.3802778041122,Kounkel2020,8102.0,3.03913,1.97
370306256,4.515608978744543e+18,292.404759868835,19.4458593309993,0.287431,15.6457,19.191,0.168,17.4577,0.0472,13.977,0.04,13.138,,13.041,,16.6967,0.00054,17.6369,0.014466,15.5848,0.005612,12.944,0.053,13.254,0.078,11.454,,8.121,,Theia4524,407.3802778041122,Kounkel2020,5751.0,4.00256,
370788505,2.017670945881898e+18,292.559249248854,20.0860596944776,0.245613,16.0278,19.792,0.166,17.8277,0.0464,14.564,0.032,13.933,0.031,13.826,0.052,17.0735,0.000697,18.0832,0.00915,16.0407,0.003164,,,,,,,,,Theia4524,407.3802778041122,Kounkel2020,5618.0,3.77777,
370796916,4.323451145484063e+18,292.599958175731,19.3765824797237,0.253231,14.8983,17.764,0.168,16.276,0.446,13.531,0.025,13.226,0.033,13.034,0.036,15.7337,0.000372,16.5258,0.003761,14.8333,0.001328,,,,,,,,,Theia4524,407.3802778041122,Kounkel2020,8647.0,4.53267,2.16
369562892,2.017684655419154e+18,292.148303418093,19.880786482689,0.65381,13.9501,16.199,-0.109,15.141,0.114,12.783,0.024,12.445,0.023,12.307,0.022,14.7353,0.000213,15.4446,0.001616,13.9064,0.000666,12.134,0.032,12.131,0.032,12.117,,8.98,,Theia4936,501.1872336272715,Kounkel2020,6940.0,2.68782,1.52
370046636,2.0176386477247217e+18,292.356591927131,19.9047758381594,0.434745,14.1348,18.77,0.162,16.235,0.057,12.428,0.022,11.642,0.02,11.429,0.018,15.3128,0.000383,16.5445,0.003478,14.2008,0.000947,11.266,0.025,11.405,0.027,10.733,0.219,8.411,0.537,Theia4936,501.1872336272715,Kounkel2020,4611.0,7.58916,
1851275634,2.0177225885730568e+18,292.409169564034,20.1890036361014,0.385379,13.5571,,,14.8214,0.0459,,,,,,,14.3627,0.000212,15.0824,0.002611,13.5063,0.001959,,,,,,,,,Theia4936,501.1872336272715,Kounkel2020,6829.0,,
1851094319,2.0176147333448512e+18,292.514007046297,19.6130014197345,0.554035,13.9468,,,15.224,0.0475,,,,,,,14.7341,0.000641,15.3568,0.011102,13.7252,0.018682,,,,,,,,,Theia4936,501.1872336272715,Kounkel2020,,,
370790640,2.017641392163364e+18,292.623365195452,19.9026801546426,0.57179,15.8772,19.115,0.169,17.4769,0.0462,14.52,0.037,14.051,0.044,13.814,0.049,16.8377,0.000618,17.7452,0.008692,15.8704,0.002081,,,,,,,,,Theia4936,501.1872336272715,Kounkel2020,5483.0,1.74109,0.96
370794423,1.8254617791725765e+18,292.642399660877,19.5843245706389,0.557407,15.3939,18.246,0.065,16.422,0.263,14.135,0.032,13.935,0.043,13.771,0.051,16.1661,0.000429,16.8407,0.006201,15.3341,0.003051,,,,,,,,,Theia4936,501.1872336272715,Kounkel2020,6674.0,1.59426,1.41
370308343,2.0176147333448512e+18,292.514007046297,19.6130014197345,0.554035,13.9468,,,15.224,0.0475,12.349,0.025,12.053,0.026,11.902,0.021,14.7341,0.000641,15.3568,0.011102,13.7252,0.018682,11.725,0.028,11.746,0.031,10.789,,8.171,,Theia4936,501.1872336272715,Kounkel2020,,,
369558260,4.5156120711213537e+18,292.165036120506,19.4614697075718,0.405975,15.1245,,,16.42,0.149,13.621,0.04,13.274,0.048,13.125,0.045,16.027,0.000595,16.8113,0.006657,15.0394,0.005183,,,,,,,,,Theia4936,501.1872336272715,Kounkel2020,6975.0,2.91515,1.53
368819289,4.515678106204465e+18,291.889037104384,19.7066324853405,0.399289,14.5287,17.355,0.169,15.913,0.366,13.184,0.033,12.737,0.046,12.467,0.053,15.4439,0.000301,16.2918,0.003627,14.5057,0.00113,,,,,,,,,Theia4936,501.1872336272715,Kounkel2020,6431.0,,
370793824,2.0176163482525207e+18,292.551494933332,19.6390912082467,0.401841,15.2858,19.544,0.162,16.868,0.492,13.73,0.021,13.048,0.022,12.828,0.023,16.3784,0.00047,17.4566,0.00562,15.3207,0.001704,,,,,,,,,Theia4936,501.1872336272715,Kounkel2020,5575.0,3.80662,
370788901,2.0176670288716493e+18,292.6350697597,20.0530529720921,0.370244,15.8703,18.745,0.067,17.2751,0.046,14.638,0.035,14.17,0.037,14.11,0.064,16.7434,0.000564,17.5485,0.004336,15.8454,0.003244,,,,,,,,,Theia4936,501.1872336272715,Kounkel2020,6466.0,2.17726,1.32
370303984,4.3234483967050906e+18,292.46370332934,19.2586043012902,0.471734,15.4664,18.242,0.078,16.775,0.137,14.157,0.053,13.792,0.033,13.611,0.043,16.3593,0.000424,17.1867,0.005011,15.4447,0.001408,,,,,,,,,Theia4936,501.1872336272715,Kounkel2020,6436.0,2.15974,1.3
370309864,2.0176209824786053e+18,292.50541519714,19.7419154345396,0.412967,13.5266,18.172,0.161,15.727,0.137,11.687,0.021,10.879,0.022,10.639,0.018,14.7396,0.000447,15.9948,0.006803,13.5856,0.003938,10.188,0.022,10.266,0.021,9.804,0.103,9.065,,Theia4936,501.1872336272715,Kounkel2020,4656.0,11.0154,
1851186171,2.0176656888418e+18,292.650822289764,19.9746169009323,0.314798,15.3939,,,17.3318,0.0461,,,,,,,16.4934,0.000503,17.5932,0.005429,15.436,0.002462,,,,,,,,,Theia4936,501.1872336272715,Kounkel2020,5180.0,,
1921543815,4.5156809967423104e+18,292.054118023117,19.8514811953402,0.476739,16.3155,,,18.2476,0.0476,,,,,,,17.4151,0.000825,18.4545,0.015548,16.3051,0.006299,,,,,,,,,Theia4936,501.1872336272715,Kounkel2020,5617.0,2.06474,0.99
369561777,2.017635825891475e+18,292.182693570045,19.7778914612475,0.577084,16.1857,19.309,0.17,17.8811,0.0463,14.762,0.041,14.367,0.056,14.169,0.065,17.1876,0.000735,18.1508,0.00916,16.1951,0.003017,,,,,,,,,Theia4936,501.1872336272715,Kounkel2020,5577.0,1.58728,0.98
370314907,2.0177225885730568e+18,292.409169564034,20.1890036361014,0.385379,13.5571,16.262,0.168,14.871,0.069,12.043,0.026,11.527,0.028,11.388,0.024,14.3627,0.000212,15.0824,0.002611,13.5063,0.001959,11.048,0.025,11.122,0.025,11.715,0.316,9.095,,Theia4936,501.1872336272715,Kounkel2020,6829.0,,
370789791,2.0176656888418e+18,292.650822289764,19.9746169009323,0.314798,15.3939,19.971,0.163,16.897,0.149,13.593,0.028,12.833,0.037,12.496,0.033,16.4934,0.000503,17.5932,0.005429,15.436,0.002462,,,,,,,,,Theia4936,501.1872336272715,Kounkel2020,5180.0,,
370793463,2.0176168292888668e+18,292.563405316857,19.6673102643741,0.219437,12.0472,18.463,0.186,15.695,0.114,9.886,0.02,8.757,0.021,8.391,0.018,13.6852,0.000389,15.7573,0.004272,12.3444,0.000963,8.112,0.022,8.297,0.018,8.086,0.031,7.259,0.151,Theia4936,501.1872336272715,Kounkel2020,3890.0,72.812,
1851155179,2.0176465848252173e+18,292.537919031652,20.0318445117044,0.459593,16.1196,,,17.5031,0.0462,,,,,,,16.9841,0.000679,17.7575,0.008546,16.0757,0.002933,,,,,,,,,Theia4936,501.1872336272715,Kounkel2020,6032.0,1.60478,1.12
369301876,4.515622718304435e+18,292.013542050278,19.5728725904308,0.339747,15.711,19.719,0.168,17.6766,0.0462,14.217,0.044,13.664,0.034,13.499,0.042,16.8224,0.000556,17.9366,0.007261,15.7585,0.002074,,,,,,,,,Theia4936,501.1872336272715,Kounkel2020,6589.0,3.55199,1.37
9424173,4.516345582807421e+18,287.398215256601,19.3634146986076,0.546882,16.0149,18.843,0.048,17.3998,0.0462,14.75,0.032,14.209,0.031,14.083,0.061,16.8754,0.000896,17.6765,0.008303,15.9856,0.003232,,,,,,,,,Theia5035,524.8074602497734,Kounkel2020,4964.0,1.57272,0.82
9534089,4.514568187906279e+18,287.384414165751,18.6463803174682,0.642347,14.1786,16.065,0.109,15.15,0.08,13.199,0.019,12.962,0.017,12.819,0.027,14.8212,0.000375,15.3641,0.002112,14.1187,0.001316,12.73,0.023,12.806,0.024,12.836,,8.959,,Theia5133,549.5408738576248,Kounkel2020,6442.0,2.02349,1.3
9974792,4.516299403316748e+18,287.58217653034,19.3684368785471,0.753035,15.8667,18.267,0.048,17.173,0.046,14.657,0.032,14.149,0.037,13.985,0.069,16.6929,0.000992,17.4531,0.006244,15.8387,0.00329,13.877,0.034,14.075,0.048,12.941,,9.11,,Theia5234,575.4399373371566,Kounkel2020,5199.0,1.14557,0.88
9978529,4.516266555405887e+18,287.620627758499,18.8971246991992,0.744621,16.1068,19.176,0.163,17.4415,0.046,14.861,0.033,14.367,0.033,14.284,0.077,16.9461,0.000934,17.7188,0.005709,16.0775,0.003727,14.396,0.038,15.084,0.086,12.884,,8.944,,Theia5234,575.4399373371566,Kounkel2020,5162.0,1.06135,0.87
9634678,4.5163470602762593e+18,287.42478800566,19.4326242024265,0.722834,15.6139,18.287,0.045,16.496,1.133,14.557,0.027,14.011,0.026,13.86,0.055,16.387,0.000912,17.0832,0.005764,15.576,0.003086,13.835,0.036,13.979,0.05,11.817,,8.774,0.419,Theia5234,575.4399373371566,Kounkel2020,5260.0,1.22842,0.9
10547821,4.5144777487396255e+18,287.842733356531,18.0758881979658,0.600519,15.9266,20.568,0.162,18.0007,0.0511,14.286,0.025,13.666,0.018,13.511,0.043,17.0785,0.000925,18.1764,0.028309,15.9108,0.003516,13.093,0.032,13.081,0.038,11.998,,8.738,,Theia5525,660.6934480075965,Kounkel2020,5049.0,2.26289,
10114792,4.514497063244828e+18,287.746756646095,18.2916530202955,0.936272,15.2092,18.302,0.162,16.54,0.035,13.803,0.027,13.249,0.028,13.073,0.035,16.0771,0.001014,16.7859,0.006641,15.0948,0.006694,12.813,0.027,12.834,0.03,12.636,,8.902,,Theia5525,660.6934480075965,Kounkel2020,5475.0,1.2871,0.96
9536716,4.5145239325615616e+18,287.403398776235,18.3240136118909,0.630908,16.2569,19.851,0.163,17.6515,0.0466,14.977,0.033,14.508,0.041,14.508,0.085,17.1229,0.000813,17.9267,0.012893,16.2288,0.003969,,,,,,,,,Theia5525,660.6934480075965,Kounkel2020,5058.0,1.22833,0.84
9545588,4.5145639272986153e+18,287.487321521939,18.5904347651979,0.358215,13.4474,17.421,0.161,15.131,0.172,11.895,0.021,11.151,0.018,10.923,0.016,14.4532,0.00039,15.4724,0.00315,13.4523,0.001508,10.71,0.023,10.813,0.02,11.233,0.139,8.865,,Theia5551,660.6934480075965,Kounkel2020,4447.0,9.907,
9425768,4.516288717437949e+18,287.398556400293,19.1565614619327,0.370497,14.9447,18.084,0.162,16.19,0.206,13.715,0.025,13.19,0.02,13.058,0.031,15.8062,0.000576,16.6041,0.003591,14.9214,0.001557,12.687,0.028,12.735,0.03,12.624,0.406,8.647,,Theia5551,660.6934480075965,Kounkel2020,5260.0,3.5586,
9550995,4.516291260058738e+18,287.441279361729,19.2640910547976,0.37407,15.3,17.646,0.046,16.478,0.092,14.165,0.029,13.693,0.023,13.509,0.04,16.0743,0.000697,16.7574,0.004153,15.2525,0.001949,13.427,0.028,13.642,0.029,12.411,,9.154,,Theia5551,660.6934480075965,Kounkel2020,5507.0,2.59396,0.97
9544520,4.514550045964184e+18,287.521290870707,18.4556914697735,0.466545,15.4694,18.024,0.053,16.731,1.133,14.058,0.039,13.362,0.04,13.291,0.047,16.4436,0.000824,17.3952,0.007359,15.4637,0.002053,,,,,,,,,Theia5692,707.9457843841373,Kounkel2020,4705.0,2.85676,
9972715,4.516378155840935e+18,287.583715439668,19.6379540995733,0.55783,16.0569,18.361,0.047,17.3775,0.0462,14.791,0.031,14.33,0.031,14.234,0.067,16.8911,0.000806,17.6556,0.008622,16.0301,0.002656,14.276,0.025,14.823,0.053,12.883,,8.802,,Theia5692,707.9457843841373,Kounkel2020,5403.0,1.38781,0.94
384968470,4.5160027069774336e+18,288.160065549614,18.4214014183179,0.328367,14.2604,19.556,0.164,16.525,0.469,12.472,0.03,11.554,0.03,11.27,0.018,15.57,0.000584,16.9771,0.005618,14.3973,0.001065,11.107,0.024,11.154,0.023,11.029,0.116,8.676,,Theia5692,707.9457843841373,Kounkel2020,5024.0,10.6626,
10544893,4.5145515577929313e+18,287.817379573487,18.4562828820291,0.445845,13.1033,16.586,0.071,14.73,0.126,11.571,0.025,10.893,0.018,10.665,0.017,14.1448,0.000299,15.1889,0.001787,13.1287,0.00106,10.506,0.024,10.55,0.02,10.55,0.08,8.921,,Theia5692,707.9457843841373,Kounkel2020,4777.0,9.58675,
9981768,4.514550630079741e+18,287.569728457685,18.4954882600984,0.520976,14.7716,17.761,0.162,16.03,0.229,13.549,0.023,13.055,0.022,12.915,0.029,15.6298,0.000593,16.4196,0.006196,14.7438,0.001788,12.675,0.029,12.748,0.033,12.133,0.289,8.878,,Theia5692,707.9457843841373,Kounkel2020,5273.0,2.78465,
9541686,4.5144706062453934e+18,287.538970193238,18.1178277393044,0.440242,15.5848,19.148,0.163,16.619,1.133,14.298,0.029,13.781,0.036,13.655,0.049,16.5345,0.000843,17.4409,0.008969,15.5824,0.002499,13.509,0.033,13.575,0.045,11.984,0.267,8.308,,Theia5692,707.9457843841373,Kounkel2020,5226.0,2.58808,
10544939,4.514505893697429e+18,287.900659985177,18.4500388546498,0.511424,16.1658,19.398,0.165,17.609,0.0462,14.925,0.039,14.449,0.044,14.27,0.079,17.0568,0.000966,17.8717,0.007685,16.1345,0.005065,14.241,0.027,14.483,0.054,12.824,,8.897,,Theia5692,707.9457843841373,Kounkel2020,5470.0,1.55406,0.96
352469452,4.5159885163709394e+18,288.393477926303,18.3911146715745,0.6735,16.3101,20.215,0.166,18.0937,0.0474,14.76,0.036,14.244,0.047,14.045,0.052,17.3484,0.001173,18.3025,0.015125,16.2725,0.007614,13.871,0.036,13.959,0.052,12.567,,9.173,,Theia5692,707.9457843841373,Kounkel2020,5429.0,1.38286,0.95
351975279,4.514479883375823e+18,287.938147411313,18.1476184125304,0.385864,14.5309,19.761,0.162,16.868,0.137,12.771,0.024,11.974,0.024,11.708,0.021,15.7848,0.000538,17.1258,0.010669,14.6303,0.001874,11.386,0.024,11.498,0.023,11.518,0.176,8.809,,Theia5692,707.9457843841373,Kounkel2020,4600.0,7.94134,
9548015,4.514766099997036e+18,287.465280624517,18.8864210731267,0.509563,15.8824,18.241,0.048,16.662,1.133,14.794,0.032,14.425,0.041,14.361,0.082,16.6323,0.000863,17.2998,0.007249,15.8453,0.002467,,,,,,,,,Theia5692,707.9457843841373,Kounkel2020,5724.0,1.40522,1.02
9427000,4.516283597837285e+18,287.404310313538,18.9996667958458,0.500508,16.1693,19.411,0.167,16.826,1.133,14.845,0.046,14.292,0.054,14.156,0.084,17.0948,0.00109,17.9584,0.010429,16.146,0.003358,,,,,,,,,Theia5977,831.763771102671,Kounkel2020,5163.0,1.71109,0.87
9532501,4.5147640384127626e+18,287.401974075277,18.8367524948104,0.806104,16.4728,19.233,0.057,17.8124,0.0467,15.208,0.044,14.753,0.046,14.569,0.095,17.3144,0.000916,18.0642,0.013159,16.4185,0.006914,,,,,,,,,Theia5977,831.763771102671,Kounkel2020,5168.0,0.831684,0.87
10113978,4.514492562118544e+18,287.792934648377,18.1899182473335,0.542315,13.8743,15.861,0.042,14.789,0.183,12.889,0.022,12.7,0.02,12.569,0.026,14.4944,0.000278,15.0239,0.001608,13.8019,0.000782,12.413,0.027,12.41,0.028,12.391,0.436,9.064,,Theia5977,831.763771102671,Kounkel2020,7349.0,2.6238,1.67
10121783,4.516280024424456e+18,287.680960618049,19.1448868667003,0.522533,16.0934,18.821,0.049,17.4402,0.0463,14.871,0.034,14.313,0.043,14.193,0.077,16.9391,0.001014,17.6976,0.010462,16.0465,0.002531,,,,,,,,,Theia5977,831.763771102671,Kounkel2020,5268.0,1.5036,0.9
10121166,4.5162760386947927e+18,287.739411616988,19.0664704533752,0.533228,14.6202,18.627,0.162,16.489,0.103,13.039,0.023,12.31,0.021,12.091,0.022,15.6539,0.000642,16.6967,0.003303,14.6206,0.00188,11.926,0.023,11.985,0.023,11.521,0.18,8.924,,Theia5977,831.763771102671,Kounkel2020,4443.0,4.16308,
9981749,4.514550630079744e+18,287.57144316222,18.4977066483496,0.46361,15.8817,17.033,0.054,16.684,0.15,14.448,,14.063,0.04,13.787,,16.7976,0.000988,17.6591,0.008714,15.8596,0.004275,13.615,0.042,13.7,0.048,12.171,0.318,8.609,,Theia5977,831.763771102671,Kounkel2020,4991.0,2.12632,
9634185,4.516300124871293e+18,287.546548482587,19.3649088399429,0.485332,13.3111,15.247,0.07,14.233,0.103,12.312,0.021,11.979,0.017,11.891,0.018,13.9663,0.00064,14.5248,0.002477,13.2545,0.00218,11.813,0.024,11.84,0.023,11.568,0.163,8.793,,Theia5977,831.763771102671,Kounkel2020,6441.0,4.007,1.3
9648759,4.519831069018192e+18,287.496609803137,21.3671489737259,0.467875,15.289,17.895,0.042,16.406,1.133,14.113,0.023,13.718,0.025,13.569,0.041,16.123,0.000389,16.8835,0.002802,15.2595,0.001193,13.333,0.026,13.401,0.033,12.067,,8.959,,Theia6018,831.763771102671,Kounkel2020,5465.0,2.30608,0.96
10225117,4.520014064668809e+18,287.771728592585,21.3117905053972,0.357274,15.7439,,,17.1854,0.046,14.336,0.033,13.912,0.039,13.86,0.056,16.6343,0.000474,17.4607,0.005108,15.7253,0.002121,,,,,,,,,Theia6018,831.763771102671,Kounkel2020,5505.0,2.61084,0.97
384765518,4.5202527660891177e+18,288.090102734663,22.009284717372,0.465642,16.5408,19.055,0.077,17.6727,0.046,15.521,0.048,14.997,0.075,14.765,0.077,17.2836,0.000706,17.9429,0.006585,16.4981,0.003362,15.04,0.038,15.074,0.075,12.28,0.534,9.125,,Theia6018,831.763771102671,Kounkel2020,5358.0,1.16766,0.93
10125966,4.516381729253718e+18,287.682506905631,19.6994633204517,0.496653,14.1285,16.15,-0.084,15.262,0.103,13.031,0.026,12.655,0.031,12.521,0.03,14.871,0.000406,15.5218,0.001672,14.0816,0.001691,,,,,,,,,Theia6018,831.763771102671,Kounkel2020,6146.0,3.07764,1.17
10337282,4.5202736568111206e+18,287.879297220488,22.206247543569,,16.1814,17.755,0.049,17.2826,0.0465,14.817,0.034,14.408,0.043,14.345,0.079,16.8941,0.000865,17.4168,0.00829,15.973,0.012835,14.15,0.041,14.261,0.059,12.378,,8.798,,Theia6018,831.763771102671,Kounkel2020,,,
9641497,4.519521380379621e+18,287.430624527104,20.3330066371803,0.324027,16.7088,19.256,0.067,17.9283,0.0462,15.715,0.056,15.216,0.052,15.216,0.168,17.4934,0.001252,18.2193,0.00966,16.6867,0.00488,15.313,0.065,16.888,0.45,12.667,,8.477,,Theia6018,831.763771102671,Kounkel2020,5170.0,1.63256,0.88
10223898,4.519623811083423e+18,287.684944459569,21.1236584559267,0.51287,15.8324,18.864,0.163,16.846,1.133,14.629,0.028,14.198,0.03,14.014,0.063,16.6469,0.000515,17.3891,0.004416,15.7979,0.002053,14.051,0.039,14.188,0.048,12.478,,8.899,,Theia6018,831.763771102671,Kounkel2020,5198.0,1.65051,0.88
10223290,4.5196192068783135e+18,287.78217313469,21.0315123478808,0.423826,15.305,18.013,0.044,16.673,0.0459,14.118,0.027,13.643,0.029,13.524,0.046,16.1612,0.000419,16.9425,0.002802,15.273,0.001461,13.289,0.031,13.246,0.034,12.347,,8.91,,Theia6018,831.763771102671,Kounkel2020,5379.0,,
10433955,4.520000428175697e+18,287.836815500172,21.1998149177586,0.512166,14.8087,16.87,0.042,15.83,0.32,13.844,0.022,13.567,0.024,13.409,0.035,15.4753,0.000457,16.043,0.002817,14.7506,0.001495,13.43,0.031,13.575,0.047,12.794,,9.058,,Theia6018,831.763771102671,Kounkel2020,6410.0,1.94572,1.29
351824546,4.520421472403491e+18,287.979905771379,22.5194858204069,0.464319,16.0173,17.801,0.071,17.4905,0.046,14.593,0.035,13.984,0.041,13.818,0.056,16.9144,0.000564,17.7699,0.006235,15.9939,0.002316,13.719,0.063,13.864,0.074,12.381,,8.588,,Theia6018,831.763771102671,Kounkel2020,4743.0,1.9981,
10223477,4.519622363652822e+18,287.708560556762,21.0593185368895,0.70656,15.7377,18.199,0.047,17.1973,0.046,14.392,0.031,13.838,0.028,13.697,0.047,16.6309,0.000494,17.4759,0.005572,15.7155,0.001839,13.588,0.035,13.598,0.047,12.794,,9.22,,Theia6018,831.763771102671,Kounkel2020,4871.0,1.47677,0.79
352099360,4.5199312620173466e+18,288.200101431292,20.9203472451568,0.343023,16.2248,19.901,0.17,18.049,0.0465,14.585,0.048,13.875,0.033,13.74,0.045,17.2683,0.000582,18.3114,0.009949,16.2321,0.002333,,,,,,,,,Theia6018,831.763771102671,Kounkel2020,4585.0,3.02434,
352102989,4.520035990507148e+18,288.227320736938,21.5364530106001,0.669086,16.0042,17.375,0.078,16.72,0.07,14.906,0.045,14.392,0.057,14.37,0.077,16.7567,0.000524,17.4182,0.005356,15.9533,0.002144,,,,,,,,,Theia6018,831.763771102671,Kounkel2020,5316.0,1.06708,0.92
10130182,4.519511832690635e+18,287.742815195268,20.2753027973852,0.705839,14.5039,17.565,0.161,15.836,0.023,13.324,0.021,12.784,0.017,12.636,0.024,15.3579,0.00038,16.149,0.002749,14.4813,0.001085,12.61,0.025,12.715,0.028,12.565,,8.992,,Theia6018,831.763771102671,Kounkel2020,5268.0,2.3366,
351838865,4.516490306017519e+18,288.016844186303,20.030122684124,0.618304,13.4897,16.683,0.167,14.781,0.126,12.32,0.023,11.907,0.022,11.746,0.02,14.2949,0.000269,15.0234,0.001615,13.4573,0.001006,11.369,0.023,11.402,0.022,11.259,0.249,8.944,0.411,Theia6018,831.763771102671,Kounkel2020,5529.0,3.83885,
9643881,4.5195827855520686e+18,287.444700248046,20.64708178106,0.31712,14.835,16.948,0.047,16.072,0.15,13.457,0.031,12.809,0.072,12.351,,15.7372,0.000471,16.5937,0.00414,14.8088,0.002671,12.563,0.044,12.596,0.044,12.112,,8.45,,Theia6018,831.763771102671,Kounkel2020,4756.0,4.87473,
10226704,4.5200278128888494e+18,287.778685984621,21.5582326689538,0.298829,16.1996,18.783,0.049,17.4794,0.046,15.075,0.033,14.666,0.039,14.605,0.097,17.0152,0.00059,17.7544,0.006146,16.1683,0.003062,14.365,0.029,14.546,0.045,12.458,0.388,9.194,,Theia6018,831.763771102671,Kounkel2020,5575.0,2.21829,0.98
10232510,4.520341551657599e+18,287.721387135263,22.511042234387,0.534505,11.9151,15.114,0.161,13.354,0.057,10.529,0.021,9.828,0.018,9.645,0.015,12.8302,0.0002,13.7278,0.001149,11.9045,0.0006,9.527,0.023,9.616,0.02,9.546,0.041,8.8,,Theia6018,831.763771102671,Kounkel2020,4597.0,11.9109,
10433968,4.520000428175532e+18,287.830572178134,21.1981542688051,0.28797,15.6589,18.173,0.047,16.9121,0.0459,14.526,0.031,14.168,0.035,13.998,0.061,16.4622,0.00041,17.1782,0.003992,15.6181,0.001841,13.828,0.032,13.935,0.043,12.777,,9.065,,Theia6018,831.763771102671,Kounkel2020,5899.0,2.79188,1.07
384866968,4.519945280791865e+18,288.183340021599,21.0147074945917,0.580679,15.6357,18.415,0.067,16.618,1.133,14.505,0.033,14.052,0.043,13.863,0.039,16.4497,0.000391,17.1849,0.003249,15.6027,0.001742,13.805,0.039,13.94,0.049,12.324,,9.039,,Theia6018,831.763771102671,Kounkel2020,5655.0,1.52857,1.0
352202413,4.5200377772135726e+18,288.294414675233,21.6040547463281,0.393687,15.1772,16.093,0.076,16.29,0.275,14.101,0.043,13.752,0.051,13.632,0.049,15.9014,0.00036,16.5335,0.003346,15.1286,0.001533,13.191,0.032,13.305,0.037,12.431,,8.969,,Theia6018,831.763771102671,Kounkel2020,5557.0,2.4068,0.98
352330670,4.5200415224256287e+18,288.422160466524,21.6653791050972,0.488236,14.0712,,,14.831,0.126,13.213,0.038,12.951,0.063,12.95,0.042,14.5627,0.000197,14.953,0.001234,13.9923,0.001531,,,,,,,,,Theia6018,831.763771102671,Kounkel2020,7142.0,2.19816,1.59
352717580,4.520402196596687e+18,288.441244116372,22.6364176318669,0.293828,15.0174,17.818,0.063,16.216,0.172,13.889,0.025,13.424,0.027,13.269,0.033,15.8403,0.00065,16.5896,0.003456,14.9904,0.002189,13.19,0.028,13.251,0.031,12.662,,9.175,,Theia6018,831.763771102671,Kounkel2020,5755.0,3.83371,
352852621,4.520359075122657e+18,288.607238726179,22.3424063381638,0.504056,16.2204,18.777,0.076,17.4194,0.046,15.108,0.046,14.711,,14.737,,16.997,0.000577,17.6855,0.00455,16.1763,0.003205,14.408,0.041,14.627,0.074,12.645,,9.117,,Theia6018,831.763771102671,Kounkel2020,5540.0,1.29751,0.97
9635792,4.516352832712517e+18,287.443077706034,19.5734263674303,0.77633,14.5703,16.247,0.106,15.45,0.137,13.472,0.023,13.068,0.022,12.974,0.03,15.259,0.000468,15.8107,0.005339,14.4774,0.005873,,,,,,,,,Theia6018,831.763771102671,Kounkel2020,5687.0,1.56943,1.01
9646960,4.519630232033073e+18,287.471485143879,21.0983942236801,0.530025,15.5876,,,16.312,1.133,14.391,0.031,13.931,0.029,13.826,0.055,16.2979,0.000835,16.8054,0.002786,15.4294,0.001547,,,,,,,,,Theia6018,831.763771102671,Kounkel2020,5702.0,1.48789,1.02
9650813,4.520226927564545e+18,287.476786716508,21.6836093506805,0.572235,15.9906,18.086,0.05,16.729,1.133,14.965,0.035,14.51,0.034,14.612,0.11,16.6861,0.000461,17.2849,0.003778,15.9379,0.002273,14.486,0.039,14.468,0.054,12.727,,9.22,,Theia6018,831.763771102671,Kounkel2020,5662.0,1.12509,1.01
352336975,4.516542601541015e+18,288.359276050587,20.6079902863569,0.431743,15.7107,19.253,0.166,17.3669,0.046,14.363,0.029,13.872,0.038,13.656,0.054,16.6908,0.000485,17.6484,0.005316,15.7183,0.002095,13.601,0.033,13.777,0.044,12.01,,9.203,,Theia6018,831.763771102671,Kounkel2020,4924.0,2.68781,
352331524,4.520033516605819e+18,288.424878881545,21.5302609375043,0.304761,16.2896,18.722,0.069,17.6247,0.0469,14.767,0.038,14.245,0.049,14.238,0.078,17.0998,0.000668,17.7527,0.012256,16.061,0.011427,13.733,0.033,13.889,0.046,12.515,,9.058,,Theia6018,831.763771102671,Kounkel2020,,,
1811786654,4.520033516605819e+18,288.424878881545,21.5302609375043,0.304761,16.2896,,,17.6247,0.0469,,,,,,,17.0998,0.000668,17.7527,0.012256,16.061,0.011427,,,,,,,,,Theia6018,831.763771102671,Kounkel2020,,,
352719204,4.520462532286108e+18,288.523325414036,22.9285259976208,0.531139,14.4919,16.954,0.066,15.445,0.092,13.426,0.026,13.083,0.028,12.947,0.033,15.2114,0.00032,15.8135,0.003517,14.4193,0.002775,12.773,0.025,12.854,0.026,12.214,,8.936,,Theia6018,831.763771102671,Kounkel2020,5749.0,2.43088,1.03
352605135,4.516923577998673e+18,288.449610404115,20.7682669851978,0.450561,15.923,18.755,0.17,17.4809,0.046,14.585,0.035,13.966,0.045,14.041,0.07,16.8647,0.000517,17.7348,0.005341,15.8955,0.002241,,,,,,,,,Theia6018,831.763771102671,Kounkel2020,5376.0,2.11363,0.93
352607665,4.519942360213369e+18,288.482060678238,21.1672242109941,0.484868,16.1249,19.654,0.167,17.7405,0.0461,14.759,0.031,14.187,0.035,14.118,0.062,17.0911,0.000644,18.022,0.005857,16.1318,0.002683,,,,,,,,,Theia6018,831.763771102671,Kounkel2020,5273.0,1.90783,0.9
353276696,4.520391854314844e+18,288.806748656661,22.5694703633907,0.596605,15.0769,17.569,0.067,16.195,0.298,13.947,0.031,13.511,0.037,13.384,0.043,15.835,0.000345,16.4951,0.002495,15.0228,0.001592,13.035,0.029,13.087,0.033,12.198,,9.176,,Theia6018,831.763771102671,Kounkel2020,5547.0,1.78946,0.98
354449643,2.022192309483862e+18,289.215279885619,22.5096185360204,0.440724,16.3048,19.44,0.167,18.0664,0.0469,14.658,0.033,13.943,0.04,13.69,0.047,17.3186,0.000633,18.2902,0.01311,16.2566,0.00444,13.533,0.023,13.691,0.028,12.052,,9.132,,Theia6018,831.763771102671,Kounkel2020,4466.0,2.25615,
352858753,4.519980808763692e+18,288.586278743651,21.3700893010939,0.39606,13.1217,17.873,0.161,15.256,0.137,11.31,0.021,10.467,0.021,10.187,0.019,14.2969,0.000432,15.5371,0.002099,13.1536,0.000802,10.012,0.023,10.089,0.02,10.003,0.044,8.9,,Theia6018,831.763771102671,Kounkel2020,4251.0,13.7997,
9412829,4.519602641159404e+18,287.400867718984,20.9007041049698,0.493987,15.5376,16.739,0.053,16.386,1.133,14.477,0.039,14.119,0.042,14.046,0.063,16.2826,0.000452,16.9389,0.00322,15.4931,0.001488,13.692,0.028,13.842,0.041,12.769,0.54,9.116,,Theia6018,831.763771102671,Kounkel2020,5597.0,1.697,0.99
10131049,4.5195137911954e+18,287.732249814974,20.4013500888946,0.479854,14.7436,17.142,0.044,15.787,0.092,13.686,0.026,13.294,0.02,13.217,0.034,15.4736,0.000484,16.1071,0.004134,14.6921,0.001711,,,,,,,,,Theia6018,831.763771102671,Kounkel2020,6062.0,2.36972,1.13
351832877,4.519573233547432e+18,287.936993051576,21.0397945570332,0.512641,15.6348,17.8,0.071,16.543,1.133,14.597,0.034,14.241,0.041,13.91,0.053,16.4094,0.000448,17.0983,0.00456,15.5945,0.001808,13.851,0.026,14.016,0.036,12.891,,8.998,,Theia6018,831.763771102671,Kounkel2020,5675.0,1.62367,1.01
351839865,4.516478039591388e+18,287.955408397007,19.8811566353083,0.380469,16.6171,19.307,0.079,18.0266,0.0468,15.449,0.053,14.973,0.066,14.722,0.098,17.4935,0.001284,18.2797,0.01519,16.5742,0.004491,,,,,,,,,Theia6018,831.763771102671,Kounkel2020,5740.0,1.59881,1.03
351833504,4.519571270714828e+18,287.955476609363,20.9281531562127,0.271288,16.1816,18.794,0.071,17.4783,0.046,15.017,0.04,14.507,0.053,14.449,0.086,17.0053,0.000529,17.7481,0.0068,16.1463,0.002468,,,,,,,,,Theia6018,831.763771102671,Kounkel2020,6169.0,2.33805,1.18
352208333,4.520428997186811e+18,288.216603094375,22.6480473209556,0.378802,16.281,18.792,0.074,17.6493,0.0462,15.029,0.044,14.409,0.054,14.371,0.088,17.1369,0.000679,17.9097,0.008517,16.2391,0.003674,,,,,,,,,Theia6018,831.763771102671,Kounkel2020,5299.0,1.89943,0.91
1811823883,4.520065230636164e+18,288.229100654638,21.9531159277871,0.592821,15.3761,,,16.3861,0.0463,,,,,,,16.0578,0.001011,16.5426,0.011951,15.2228,0.007775,,,,,,,,,Theia6018,831.763771102671,Kounkel2020,5640.0,1.40434,1.0
1811814875,4.52005798074142e+18,288.314065273524,21.7921629279843,0.415556,16.288,,,17.2145,0.0471,,,,,,,16.9257,0.000603,17.4164,0.021966,16.1848,0.010351,,,,,,,,,Theia6018,831.763771102671,Kounkel2020,5821.0,1.19814,1.05
353408204,4.520098147272928e+18,288.826004354749,21.8603565994102,0.438619,16.321,19.117,0.072,17.5296,0.0461,15.193,0.043,14.713,0.058,14.789,0.112,17.1018,0.000619,17.8078,0.007739,16.2885,0.003068,14.616,0.051,14.647,0.074,12.741,,8.969,,Theia6018,831.763771102671,Kounkel2020,5402.0,1.43868,0.94
10130978,4.519516711773167e+18,287.708029654091,20.3912611659261,0.67233,14.8904,16.508,0.044,16.067,0.206,13.846,0.026,13.43,0.023,13.294,0.035,15.6537,0.00052,16.3333,0.005295,14.8523,0.00176,13.104,0.031,13.156,0.032,12.715,,8.923,,Theia6018,831.763771102671,Kounkel2020,5756.0,1.72024,1.03
351828937,4.520242526886434e+18,287.992820863767,21.7679397110403,0.60969,12.6217,16.287,0.164,14.33,0.103,11.106,0.018,10.379,0.016,10.184,0.017,13.6104,0.000166,14.604,0.001255,12.6266,0.000605,10.084,0.022,10.166,0.019,9.998,0.051,8.833,,Theia6018,831.763771102671,Kounkel2020,4519.0,8.49542,
352333149,4.519954764080268e+18,288.421353863871,21.2448981639995,0.42152,13.7687,17.496,0.164,15.64,0.217,12.234,0.022,11.515,0.021,11.346,0.02,14.8088,0.000299,15.8557,0.001922,13.7948,0.001033,11.119,0.023,11.184,0.02,11.454,0.157,8.868,,Theia6018,831.763771102671,Kounkel2020,4725.0,7.47623,
353277790,4.520399241658709e+18,288.804483148569,22.7527096077079,0.497028,16.2645,18.888,0.079,17.4079,0.046,15.15,0.051,14.847,0.077,14.606,0.094,17.0132,0.000542,17.6703,0.00519,16.2144,0.002923,14.333,0.041,14.402,0.058,12.54,,9.247,,Theia6018,831.763771102671,Kounkel2020,5383.0,1.24737,0.93
351833499,4.5195684231839017e+18,288.027433371006,20.9287545132289,0.332507,12.1402,17.452,0.162,14.484,0.137,10.314,0.021,9.371,0.021,9.093,0.017,13.3626,0.000219,14.7251,0.001932,12.2205,0.000619,8.946,0.023,9.055,0.02,8.938,0.026,8.511,,Theia6018,831.763771102671,Kounkel2020,4080.0,28.4701,
352097903,4.516546209306304e+18,288.302651640371,20.681809570512,0.578451,16.1993,19.175,0.172,17.6852,0.0463,14.865,0.045,14.336,0.051,14.167,0.064,17.1065,0.000712,17.8816,0.008997,16.1014,0.004536,,,,,,,,,Theia6018,831.763771102671,Kounkel2020,5046.0,1.45512,0.84
352332322,4.5199838667806136e+18,288.320541736193,21.3908994609336,0.533803,15.0813,,,16.095,0.024,14.057,0.03,13.744,0.033,13.63,0.043,15.799,0.000378,16.4249,0.002551,15.0331,0.001548,,,,,,,,,Theia6018,831.763771102671,Kounkel2020,6238.0,1.78783,1.21
9650294,4.520224694181264e+18,287.421539656689,21.6015957587812,0.466735,16.2875,17.237,0.054,17.3206,0.046,14.989,0.04,14.608,0.048,14.414,0.084,16.9814,0.000543,17.5629,0.005887,16.2199,0.003454,14.188,0.039,14.51,0.057,12.692,,9.109,,Theia6130,891.2509381337442,Kounkel2020,5833.0,,
354986472,2.022139223684868e+18,289.472047043121,22.366516366366,0.544797,16.2532,,,17.5052,0.0461,15.0,0.046,14.537,0.056,14.424,0.087,17.0551,0.000663,17.7572,0.007647,16.1967,0.003549,14.455,0.073,14.75,0.116,12.122,,8.528,,Theia6130,891.2509381337442,Kounkel2020,5453.0,1.24034,0.95
10234927,4.521201885135431e+18,287.746317924148,22.9057533276208,0.629874,15.5485,14.02,0.048,16.3976,0.0459,14.632,0.033,14.31,0.036,14.343,0.084,16.144,0.000559,16.6331,0.004573,15.4854,0.001902,,,,,,,,,Theia6130,891.2509381337442,Kounkel2020,5777.0,1.06296,1.04
352323595,4.520460298909824e+18,288.329110342206,22.9094260737347,0.32131,15.6579,18.199,0.066,16.8261,0.0462,14.389,0.03,13.973,0.035,13.78,0.052,16.4185,0.00048,17.0596,0.007971,15.5786,0.007406,13.511,0.03,13.578,0.038,12.129,0.298,8.408,,Theia6130,891.2509381337442,Kounkel2020,5314.0,,
1812221468,4.520460298909824e+18,288.329110342206,22.9094260737347,0.32131,15.6579,,,16.8261,0.0462,,,,,,,16.4185,0.00048,17.0596,0.007971,15.5786,0.007406,,,,,,,,,Theia6130,891.2509381337442,Kounkel2020,5314.0,,
353800635,4.520206243016422e+18,289.00378363268,22.6204796501208,0.400906,11.0883,15.45,0.162,12.789,0.046,9.545,0.018,8.797,0.016,8.578,0.019,12.1094,0.000255,13.1591,0.001419,11.1078,0.000678,8.421,0.023,8.507,0.02,8.399,0.029,8.189,0.26,Theia6130,891.2509381337442,Kounkel2020,4441.0,27.0275,
1812002476,4.520224694181264e+18,287.421539656689,21.6015957587812,0.466735,16.2875,,,17.3206,0.046,,,,,,,16.9814,0.000543,17.5629,0.005887,16.2199,0.003454,,,,,,,,,Theia6130,891.2509381337442,Kounkel2020,5833.0,,
351823584,4.520432879837205e+18,287.991853455546,22.7025142582098,0.689578,15.2516,17.405,0.07,16.658,0.332,14.175,0.034,13.743,0.041,13.668,0.049,16.0001,0.000431,16.6638,0.002518,15.2104,0.001654,,,,,,,,,Theia6130,891.2509381337442,Kounkel2020,5526.0,1.41989,0.97
384759578,4.520472702776129e+18,288.109420264237,22.9837519650007,0.458292,16.0908,18.091,0.073,17.269,0.046,14.942,0.039,14.617,0.06,14.472,0.08,16.8573,0.000569,17.5403,0.005331,16.0516,0.002789,,,,,,,,,Theia6130,891.2509381337442,Kounkel2020,5568.0,1.46973,0.98
352850640,4.520403227388776e+18,288.573829408536,22.6744752246626,0.3416,16.6149,19.952,0.169,18.2828,0.0464,15.071,0.04,14.515,0.051,14.239,0.068,17.5949,0.000793,18.5587,0.010107,16.6112,0.003686,14.046,0.038,14.307,0.066,12.274,,9.148,,Theia6130,891.2509381337442,Kounkel2020,4648.0,2.32451,
353402622,2.0224021400769224e+18,288.906836892305,22.7644864449025,0.390182,16.2387,18.292,0.079,17.4429,0.046,15.136,0.049,14.79,0.068,14.561,0.098,17.0177,0.000628,17.7056,0.006077,16.1913,0.002596,,,,,,,,,Theia6130,891.2509381337442,Kounkel2020,5494.0,1.64431,0.96
352719106,4.520462463573597e+18,288.543067249437,22.9121730506123,0.558462,15.3712,18.215,0.064,16.338,1.133,14.303,0.026,13.811,0.028,13.697,0.037,16.1702,0.000548,16.8887,0.003904,15.3322,0.001513,13.497,0.024,13.731,0.03,12.108,,8.781,,Theia6130,891.2509381337442,Kounkel2020,5357.0,1.8104,0.93
352858004,4.519988539705466e+18,288.647342302782,21.4925432824047,0.492539,14.7811,16.67,0.072,15.952,0.115,13.648,0.035,13.217,0.039,13.071,0.043,15.5648,0.000389,16.2632,0.002624,14.7416,0.00147,12.596,0.026,12.643,0.027,12.083,0.233,8.915,,Theia6130,891.2509381337442,Kounkel2020,6057.0,2.4519,1.13
353402874,4.520398520104129e+18,288.856734278209,22.7232298047345,0.356047,16.3826,19.503,0.178,17.708,0.0461,14.996,0.065,14.573,0.098,14.332,0.115,17.218,0.000702,17.9788,0.00635,16.347,0.004291,,,,,,,,,Theia6130,891.2509381337442,Kounkel2020,5228.0,1.8741,0.89
353275681,4.520195282259308e+18,288.761731286915,22.3887051007379,0.501682,14.6703,16.786,0.066,15.724,0.126,13.669,0.024,13.343,0.03,13.195,0.035,15.3469,0.000252,15.9299,0.001456,14.6164,0.001013,13.142,0.029,13.21,0.035,12.359,,8.439,,Theia6130,891.2509381337442,Kounkel2020,6483.0,2.1404,1.32
353801077,2.0223977807047503e+18,288.972935391466,22.6978201645308,0.542812,16.2451,18.543,0.077,17.4336,0.046,15.081,0.047,14.864,0.075,14.334,0.082,17.0166,0.000824,17.6804,0.005807,16.1815,0.003075,14.5,0.035,14.966,0.075,12.609,,9.248,,Theia6130,891.2509381337442,Kounkel2020,5545.0,1.18544,0.98
352208530,4.520452945925553e+18,288.284457808975,22.6845761531407,0.34559,13.2329,16.184,0.167,14.696,0.08,11.815,0.021,11.158,0.021,10.99,0.019,14.1466,0.000192,15.0274,0.001564,13.2214,0.000706,10.846,0.023,10.907,0.02,10.879,0.108,9.169,,Theia6130,891.2509381337442,Kounkel2020,4784.0,9.50168,
353926122,4.520081345359717e+18,289.178078595446,21.7238408197831,0.431966,16.4086,19.488,0.17,17.9178,0.0463,15.09,0.04,14.644,0.054,14.436,0.086,17.3261,0.000776,18.2001,0.009177,16.3992,0.003588,14.431,0.125,15.146,0.181,12.13,,9.039,0.496,Theia6130,891.2509381337442,Kounkel2020,5036.0,1.78099,
9861065,4.521195459864001e+18,287.588021574656,22.8404313652947,0.241712,14.9153,16.949,0.043,15.888,0.206,14.049,0.025,13.767,0.023,13.736,0.046,15.4846,0.000389,15.9496,0.001524,14.8511,0.001124,13.703,0.028,13.722,0.041,12.363,,8.786,,Theia6130,891.2509381337442,Kounkel2020,6339.0,3.19096,1.25
352327566,4.520350897504387e+18,288.33997891674,22.1822386095079,0.528089,10.8916,14.473,0.165,12.552,0.046,9.419,0.022,8.628,0.023,8.463,0.017,11.8707,0.000451,12.8605,0.001116,10.904,0.000485,8.318,0.023,8.411,0.02,8.299,0.022,8.445,0.285,Theia6130,891.2509381337442,Kounkel2020,4535.0,21.3741,
353924790,4.520119725190285e+18,289.196393625252,21.9633401592045,0.53208,15.9114,18.712,0.07,17.2463,0.046,14.823,0.038,14.482,0.057,14.296,0.073,16.7524,0.000561,17.517,0.005947,15.8783,0.002494,14.208,0.083,15.15,0.198,12.904,,9.084,,Theia6130,891.2509381337442,Kounkel2020,5406.0,1.57289,0.94
354575888,2.0221867775657728e+18,289.363100100311,22.3880069376522,0.44251,15.0896,17.575,0.066,16.418,0.355,13.916,0.028,13.469,0.031,13.344,0.032,15.8802,0.000367,16.5867,0.002479,15.0503,0.001151,,,,,,,,,Theia6130,891.2509381337442,Kounkel2020,5573.0,2.47147,0.98
351823677,4.520431883404744e+18,288.042496466426,22.6870055428228,0.371455,13.8139,17.255,0.165,15.375,0.08,12.354,0.023,11.669,0.02,11.47,0.018,14.7695,0.000245,15.715,0.002285,13.8108,0.00079,11.329,0.025,11.437,0.024,11.429,0.174,8.074,,Theia6130,891.2509381337442,Kounkel2020,4591.0,7.41562,
384761414,4.520430062338527e+18,288.156165850715,22.668207529333,0.493404,15.5347,19.292,0.167,17.1768,0.0461,14.067,0.036,13.447,0.043,13.214,0.028,16.504,0.000564,17.4551,0.006422,15.5298,0.002064,13.043,0.028,13.138,0.034,12.456,,9.12,,Theia6130,891.2509381337442,Kounkel2020,4658.0,2.62391,
353278236,4.520412023482104e+18,288.758266524061,22.8311977034265,0.398768,16.5264,20.177,0.169,18.0705,0.0466,15.084,0.043,14.49,0.053,14.238,0.07,17.4517,0.000719,18.3517,0.01183,16.5083,0.003668,,,,,,,,,Theia6130,891.2509381337442,Kounkel2020,4597.0,1.95765,
1851119758,2.0176274464491945e+18,292.546376916533,19.8237895154384,0.414719,16.2223,,,17.6922,0.0463,,,,,,,17.125,0.000684,17.9238,0.009931,16.1621,0.003399,,,,,,,,,Theia6200,912.0108393559116,Kounkel2020,6453.0,1.74644,1.31
370307911,2.0176142179490383e+18,292.447929599202,19.5768204179908,0.684448,16.2837,19.973,0.181,17.8561,0.0467,14.914,0.077,12.65,,11.832,,17.2321,0.000712,18.0716,0.012988,16.2201,0.00415,,,,,,,,,Theia6200,912.0108393559116,Kounkel2020,5437.0,1.20673,0.95
370308834,2.017618714741617e+18,292.427911386049,19.654373599764,0.519054,12.5117,16.487,0.07,14.584,0.114,10.811,0.024,10.009,0.023,9.762,0.018,13.6558,0.000215,14.8509,0.001986,12.5694,0.0009,9.587,0.024,9.679,0.021,9.863,0.122,8.754,,Theia6200,912.0108393559116,Kounkel2020,4558.0,12.9731,
370315290,2.017722794731488e+18,292.425801890096,20.2229219309949,0.596926,14.052,17.306,0.167,15.541,0.183,12.776,0.023,12.427,0.024,12.249,0.022,14.8991,0.00024,15.6704,0.001495,14.0156,0.001082,12.647,0.109,12.733,0.105,12.014,,8.699,,Theia6200,912.0108393559116,Kounkel2020,6647.0,3.07114,1.4
370790125,2.0176424960160468e+18,292.574721557624,19.9460218892948,0.275222,15.0816,17.348,0.067,16.106,0.95,13.857,0.028,13.502,0.04,13.337,0.042,15.8194,0.000381,16.4799,0.002777,15.0021,0.001436,,,,,,,,,Theia6308,954.992586021437,Kounkel2020,8023.0,3.35383,1.94
9315086,4.52028582015924e+18,287.398670099869,21.8752243403729,0.819709,16.0845,18.814,0.048,17.3925,0.0461,14.909,0.033,14.389,0.035,14.271,0.073,16.9098,0.000568,17.6715,0.007318,16.0525,0.002905,14.108,0.031,14.157,0.047,12.248,0.359,8.71,,Theia6590,1122.0184543019652,Kounkel2020,5011.0,0.972326,0.83
9763659,4.520316778285008e+18,287.527345261585,22.1512825832348,0.690224,15.7229,17.797,0.047,16.553,0.389,14.612,0.031,14.252,0.035,14.058,0.063,16.4527,0.00044,17.09,0.00374,15.6745,0.002006,14.069,0.037,14.084,0.047,12.236,,8.58,,Theia6590,1122.0184543019652,Kounkel2020,5617.0,1.10445,0.99
9648578,4.5198309315792246e+18,287.471564994477,21.3403033652791,0.581061,14.3222,16.015,0.042,15.339,0.092,13.315,0.023,12.948,0.018,12.813,0.027,15.035,0.000192,15.6543,0.001379,14.2733,0.000771,12.614,0.023,12.683,0.026,12.766,,9.053,,Theia6590,1122.0184543019652,Kounkel2020,6070.0,2.33431,1.13
352850919,4.5204025401939896e+18,288.583602500856,22.6251803122829,0.551768,16.6911,19.915,0.17,18.1735,0.0465,15.319,0.041,14.806,0.055,14.799,0.102,17.5957,0.000775,18.4405,0.011353,16.6617,0.004229,14.836,0.047,15.435,0.152,12.515,0.431,8.579,,Theia6590,1122.0184543019652,Kounkel2020,4952.0,1.23603,0.82
352851667,4.520386150597888e+18,288.663066751095,22.4972550677775,0.9966,12.9075,14.369,0.063,13.552,0.08,11.935,,11.856,0.036,11.733,0.035,13.4362,0.000135,13.866,0.000819,12.8414,0.000673,11.306,0.024,11.352,0.022,11.385,0.178,8.436,,Theia6590,1122.0184543019652,Kounkel2020,6737.0,2.00273,1.44
353923430,4.52017446025672e+18,289.144527585958,22.1973324827924,0.394598,16.414,19.105,0.081,17.706,0.0462,15.261,0.055,14.704,0.062,14.518,0.089,17.2353,0.000625,17.9864,0.008862,16.3887,0.004127,14.4,0.036,14.43,0.064,11.986,0.228,8.851,0.495,Theia6590,1122.0184543019652,Kounkel2020,5555.0,1.58662,0.98
356568394,2.022144996121254e+18,289.813049590993,22.4675651820316,1.11401,16.5007,19.699,0.169,18.0865,0.0466,15.222,0.036,14.512,0.04,14.302,0.06,17.462,0.000729,18.3573,0.011695,16.5051,0.003858,,,,,,,,,Theia6590,1122.0184543019652,Kounkel2020,3911.0,0.694235,0.659386
352852116,4.5203832300200704e+18,288.675212241984,22.4224104482981,0.495777,15.2193,16.569,0.072,15.986,0.183,14.135,0.035,13.738,0.036,13.675,0.05,15.8889,0.000349,16.4156,0.00468,15.1204,0.004199,13.345,0.028,13.599,0.038,12.653,,9.246,,Theia6590,1122.0184543019652,Kounkel2020,6061.0,1.6932,1.13
355115213,2.0221366123445453e+18,289.652967371034,22.3207099952469,0.564452,14.8756,16.983,0.066,15.782,0.069,13.883,0.024,13.577,0.03,13.454,0.033,15.5439,0.000311,16.1119,0.003489,14.8184,0.001127,13.463,0.035,13.492,0.039,12.798,,9.145,,Theia6590,1122.0184543019652,Kounkel2020,6192.0,1.73881,1.19
9313399,4.5203060880842097e+18,287.305288384939,22.1626853570439,0.922502,13.8959,15.964,0.041,14.869,0.16,12.976,0.021,12.615,0.017,12.53,0.021,14.5335,0.000184,15.0708,0.001309,13.8396,0.000756,12.389,0.025,12.432,0.026,12.27,0.339,8.73,,Theia6590,1122.0184543019652,Kounkel2020,5951.0,1.64382,1.09
9646851,4.519629343001741e+18,287.532016135853,21.0813696476723,0.767793,15.3137,17.501,0.045,16.489,1.133,14.293,0.028,13.801,0.028,13.566,0.045,16.0862,0.000388,16.7783,0.002772,15.2748,0.001459,13.549,0.03,13.526,0.036,11.988,0.339,8.922,,Theia6590,1122.0184543019652,Kounkel2020,5379.0,1.30642,0.93
9652611,4.52024121689678e+18,287.515759996013,21.9653453094294,0.713966,16.1347,17.723,0.06,17.1633,0.0461,14.976,0.048,14.588,0.059,14.476,0.09,16.8259,0.000467,17.382,0.009402,16.0428,0.005188,,,,,,,,,Theia6590,1122.0184543019652,Kounkel2020,5570.0,0.843502,0.98
351830663,4.520022177891641e+18,287.957114382883,21.4338308835112,0.552622,8.5452,,,13.325,0.069,6.007,0.026,4.893,0.018,4.463,0.016,10.2573,0.001694,13.1954,0.009913,8.809,0.004304,4.283,0.267,4.081,0.146,4.07,0.015,3.753,0.02,Theia6590,1122.0184543019652,Kounkel2020,,,
354450817,2.022213092795324e+18,289.332850510288,22.705875765339,0.76125,14.1609,16.927,0.062,15.392,0.08,12.937,0.023,12.539,0.025,12.355,0.025,15.0272,0.000296,15.8134,0.001746,14.1271,0.001412,12.202,0.024,12.226,0.025,11.587,,8.916,,Theia6590,1122.0184543019652,Kounkel2020,5636.0,,
352206340,4.520355432990058e+18,288.204637639158,22.2684941605175,0.861807,16.0442,18.95,0.065,16.775,1.133,14.812,0.032,14.315,0.044,14.329,0.08,16.8283,0.000541,17.5288,0.006825,15.9901,0.002723,14.253,0.041,14.362,0.056,12.082,,9.002,,Theia6590,1122.0184543019652,Kounkel2020,4977.0,0.896794,0.82
9316499,4.520225793692978e+18,287.365996513575,21.6474700582604,0.480345,15.7349,17.812,0.043,16.394,1.133,14.537,0.025,14.08,0.023,13.884,0.052,16.4622,0.000462,17.0002,0.010159,15.5886,0.008488,13.688,0.027,13.718,0.036,12.553,,8.573,,Theia6590,1122.0184543019652,Kounkel2020,5513.0,1.56925,0.97
9868972,4.520210503608397e+18,287.670370937235,21.5481612311852,0.875952,15.8782,19.226,0.162,17.3901,0.046,14.552,0.028,13.975,0.026,13.875,0.053,16.7945,0.000506,17.6706,0.004661,15.8635,0.002187,,,,,,,,,Theia6590,1122.0184543019652,Kounkel2020,4856.0,1.16523,0.79
10341641,4.52002678209665e+18,287.861626323327,21.5211430156331,0.808498,12.9823,15.707,0.043,14.2,0.08,11.846,0.024,11.514,0.018,11.35,0.018,13.7578,0.000141,14.4522,0.000952,12.9469,0.000556,11.261,0.022,11.247,0.021,11.164,0.116,8.926,,Theia6590,1122.0184543019652,Kounkel2020,5734.0,3.52662,1.02
351832648,4.519948751125401e+18,287.952789909841,21.081633928947,0.622316,13.7448,16.368,0.064,14.851,0.126,12.753,0.022,12.425,0.022,12.318,0.028,14.4389,0.000177,15.0398,0.000973,13.6955,0.000603,12.133,0.026,12.167,0.026,12.1,0.436,8.773,,Theia6590,1122.0184543019652,Kounkel2020,6143.0,2.76335,1.16
10332770,4.520452705407195e+18,287.912789399901,22.9522379617896,0.763092,14.2501,15.382,0.045,14.964,0.092,13.456,0.027,13.128,0.026,13.097,0.032,14.8081,0.000228,15.2597,0.001668,14.1846,0.000915,12.955,0.028,12.979,0.032,12.512,,8.947,,Theia6590,1122.0184543019652,Kounkel2020,6253.0,1.47443,1.21
10336619,4.520323581513799e+18,287.812410248326,22.3138734547992,0.579203,16.5506,19.339,0.054,17.8228,0.0462,15.274,0.04,14.753,0.038,14.602,0.099,17.3578,0.000724,18.099,0.008624,16.5115,0.003787,14.857,0.046,14.96,0.079,12.813,,9.072,,Theia6590,1122.0184543019652,Kounkel2020,4916.0,1.09716,0.81
352101961,4.520007123998258e+18,288.247155072903,21.3626963276185,0.459164,15.7834,18.604,0.067,16.793,1.133,14.764,0.033,14.267,0.042,14.093,0.059,16.5548,0.000486,17.2363,0.006682,15.7394,0.0022,14.18,0.035,14.312,0.051,12.761,,9.234,,Theia6590,1122.0184543019652,Kounkel2020,5916.0,1.64939,1.08
354339466,4.520106702848257e+18,289.211400676568,21.8531937342049,0.50443,16.1186,17.238,0.073,17.3305,0.046,14.985,0.036,14.577,0.053,14.457,0.077,16.9016,0.000636,17.5965,0.005924,16.0752,0.002888,14.439,0.062,14.718,0.101,12.811,,8.752,,Theia6590,1122.0184543019652,Kounkel2020,5593.0,1.36283,0.99
352854891,4.520149819991279e+18,288.686139273809,21.9830258335296,0.504434,16.3282,19.237,0.074,17.6131,0.0461,15.182,0.046,14.644,0.051,14.546,0.084,17.1445,0.000714,17.8787,0.007014,16.2847,0.003361,,,,,,,,,Theia6590,1122.0184543019652,Kounkel2020,5218.0,1.34946,0.89
353406547,4.520173085867405e+18,288.947250155073,22.1314199267857,0.52812,16.2912,18.539,0.075,17.505,0.046,15.105,0.043,14.59,0.054,14.489,0.086,17.0753,0.000633,17.7752,0.005575,16.2523,0.003503,14.611,0.037,15.271,0.092,12.724,0.514,9.016,,Theia6590,1122.0184543019652,Kounkel2020,5653.0,1.19846,1.0
353795011,4.520086293162712e+18,288.952946647013,21.6909327586796,0.674755,15.2586,18.137,0.063,16.62,1.133,14.083,0.026,13.551,0.027,13.375,0.038,16.0806,0.000505,16.8292,0.003098,15.2261,0.001571,13.306,0.029,13.331,0.036,12.924,,9.079,,Theia6590,1122.0184543019652,Kounkel2020,5306.0,1.64401,0.91
353797576,4.520172295593396e+18,288.996929256702,22.0961837975498,0.680831,13.7574,,,14.552,0.149,12.821,0.022,12.576,0.023,12.479,0.027,14.3462,0.000178,14.8371,0.001192,13.6926,0.000723,,,,,,,,,Theia6590,1122.0184543019652,Kounkel2020,6774.0,2.13397,1.45
353925393,4.5201066684885207e+18,289.199392597331,21.8468092796395,1.06736,13.0082,14.482,0.067,14.064,0.114,11.973,0.022,11.6,0.023,11.461,0.023,13.7278,0.000169,14.3582,0.000864,12.9642,0.000871,11.244,0.023,11.309,0.022,11.61,0.159,9.105,,Theia6590,1122.0184543019652,Kounkel2020,5905.0,2.42223,1.07
355117727,4.520112166047177e+18,289.589168774292,21.964040669951,1.06341,15.4331,18.465,0.168,16.563,0.172,14.226,0.026,13.729,0.032,13.55,0.041,16.2814,0.000583,17.0461,0.00565,15.3946,0.00166,13.36,0.027,13.423,0.034,12.608,,9.153,,Theia6590,1122.0184543019652,Kounkel2020,5527.0,0.992553,0.97
354338590,4.52007784066644e+18,289.268141314493,21.7160050610464,0.574585,14.6645,17.16,0.065,15.768,0.137,13.594,0.024,13.239,0.029,13.109,0.034,15.3905,0.000359,16.0189,0.002489,14.6122,0.001175,12.822,0.025,12.885,0.029,12.676,,9.217,,Theia6590,1122.0184543019652,Kounkel2020,5994.0,,
10230482,4.520268159252416e+18,287.733663265884,22.1648610192211,0.725503,13.0956,14.668,0.041,13.874,0.103,12.24,0.021,12.025,0.017,11.917,0.021,13.6292,0.000141,14.0644,0.000809,13.0304,0.000462,11.862,0.023,11.904,0.022,11.804,0.229,8.758,,Theia6590,1122.0184543019652,Kounkel2020,6721.0,2.51468,1.43
352850184,4.520409480861538e+18,288.633271855501,22.7447071345576,0.780346,16.5494,18.956,0.079,17.7351,0.0461,15.414,0.05,14.866,0.058,14.601,0.088,17.3175,0.000677,17.9913,0.006709,16.4913,0.00454,14.668,0.048,15.038,0.111,12.6,,8.969,,Theia6590,1122.0184543019652,Kounkel2020,5164.0,0.747732,0.87
353799339,4.5201979623192586e+18,288.981656501047,22.3834788215716,0.838325,16.1461,18.92,0.071,17.5966,0.0461,14.978,0.04,14.369,0.051,14.262,0.07,17.0377,0.000543,17.8782,0.006504,16.13,0.002511,14.113,0.044,14.367,0.064,12.388,,8.87,,Theia6590,1122.0184543019652,Kounkel2020,5072.0,1.00808,0.85
354580707,4.517098679546486e+18,289.345029973674,21.6984107508622,0.772716,16.2086,19.507,0.169,17.6416,0.0461,14.97,0.038,14.452,0.044,14.246,0.067,17.0924,0.000747,17.9083,0.007919,16.176,0.002903,,,,,,,,,Theia6590,1122.0184543019652,Kounkel2020,5084.0,1.05125,0.85
352853841,4.520164495932414e+18,288.655967779279,22.1449473305708,0.963582,14.9553,17.231,0.066,16.194,0.069,13.842,0.026,13.282,0.026,13.212,0.033,15.7171,0.000345,16.398,0.003024,14.9091,0.001444,13.032,0.026,13.17,0.031,12.375,,9.168,,Theia6590,1122.0184543019652,Kounkel2020,5123.0,1.25201,0.86
353274397,4.520165320565925e+18,288.730863812205,22.1622937459821,0.941758,15.6741,18.513,0.068,16.678,0.24,14.616,0.035,14.103,0.039,13.915,0.054,16.4994,0.000507,17.2682,0.00411,15.649,0.00195,13.786,0.034,13.878,0.044,12.486,,8.985,,Theia6590,1122.0184543019652,Kounkel2020,5007.0,1.02384,0.83
354577802,4.520129174118871e+18,289.345541698877,22.119718462496,1.16078,14.9747,17.605,0.064,16.312,0.355,13.758,0.026,13.227,0.032,13.052,0.03,15.8082,0.000426,16.5723,0.003172,14.9404,0.001385,12.968,0.028,13.152,0.032,12.683,,8.938,,Theia6590,1122.0184543019652,Kounkel2020,5097.0,1.14835,0.86
9426735,4.516283941434671e+18,287.377549022092,19.0350720798441,0.709949,15.2267,18.4,0.162,16.535,0.046,13.913,0.025,13.419,0.02,13.293,0.037,16.1085,0.000548,16.9281,0.004463,15.1995,0.002166,12.808,0.025,12.81,0.025,11.643,0.172,8.464,,Theia6693,1174.8975549395304,Kounkel2020,5072.0,1.77379,
10128304,4.516496078453368e+18,287.69236240433,20.0190777207991,0.78698,15.701,18.05,0.046,16.482,1.133,14.549,0.029,14.217,0.033,14.068,0.059,16.4659,0.001175,17.1272,0.003875,15.6417,0.00333,14.164,0.042,14.491,0.064,12.269,,8.76,,Theia6693,1174.8975549395304,Kounkel2020,5565.0,1.04964,0.98
9421586,4.516390387908567e+18,287.385552405904,19.6959636749459,0.469945,15.0996,17.212,0.045,16.272,0.15,13.941,0.027,13.534,0.047,13.409,,15.8618,0.000626,16.5383,0.002483,15.058,0.001939,13.336,0.031,13.39,0.037,12.65,0.489,8.909,,Theia6693,1174.8975549395304,Kounkel2020,5566.0,2.23574,0.98
10114530,4.5144954783659305e+18,287.696034396227,18.2602520672387,1.12079,14.9873,17.471,0.0,16.238,0.103,13.873,0.021,13.449,0.018,13.392,0.039,15.7736,0.000619,16.47,0.004317,14.9434,0.002826,13.287,0.032,13.356,0.039,12.503,,8.782,,Theia6693,1174.8975549395304,Kounkel2020,5769.0,1.03444,1.03
9979951,4.514572414154281e+18,287.667532803826,18.7212251209637,0.87395,16.1162,19.305,0.163,17.555,0.0462,14.787,0.033,14.333,0.032,14.149,0.067,17.0005,0.000841,17.8335,0.009146,16.0926,0.002874,14.329,0.033,14.713,0.058,12.782,,8.917,,Theia6693,1174.8975549395304,Kounkel2020,4906.0,0.992381,0.8
10119117,4.516077130174055e+18,287.692473277658,18.813574508916,1.15594,14.3473,16.641,0.042,15.583,0.195,13.194,0.022,12.811,0.022,12.668,0.026,15.1055,0.000355,15.7776,0.002774,14.3055,0.001296,12.572,0.027,12.648,0.031,12.749,0.496,8.973,,Theia6693,1174.8975549395304,Kounkel2020,5576.0,1.31402,0.98
9979509,4.514575987567102e+18,287.612032148826,18.7749052547331,0.924929,15.411,16.898,0.21,16.49,1.133,14.239,0.026,13.796,0.02,13.689,0.053,16.2045,0.000637,16.9087,0.008745,15.361,0.002259,,,,,,,,,Theia6693,1174.8975549395304,Kounkel2020,5259.0,1.08803,0.9
9978637,4.516266413643517e+18,287.57260909279,18.8839255928065,0.496082,16.6782,19.53,0.061,17.9573,0.0464,15.522,0.049,14.975,0.047,14.882,0.122,17.4918,0.001116,18.2392,0.010991,16.6507,0.00469,15.161,0.048,15.163,0.085,12.813,,9.139,,Theia6693,1174.8975549395304,Kounkel2020,5227.0,1.16624,0.89
351828122,4.5202460959760814e+18,288.025363117312,21.9126904830266,0.708122,11.0531,13.625,0.062,12.556,0.046,9.653,0.022,8.949,0.019,8.772,0.018,11.9668,0.000231,12.8695,0.000946,11.0434,0.000571,8.633,0.023,8.706,0.02,8.621,0.028,8.519,0.302,Theia6791,1230.268770812381,Kounkel2020,4540.0,13.594,
384766351,4.520250670144902e+18,288.123713151113,21.8817526734007,0.317946,16.0459,18.081,0.086,17.1851,0.0459,14.992,0.059,14.54,0.083,14.349,0.081,16.792,0.000507,17.4494,0.004236,15.9966,0.002671,,,,,,,,,Theia6791,1230.268770812381,Kounkel2020,5297.0,2.08713,0.91
9410612,4.519822822680447e+18,287.373363550964,21.2404314556489,0.575508,15.0856,17.046,0.045,16.228,0.15,14.163,0.028,13.818,0.035,13.648,,15.7257,0.000295,16.2655,0.002339,15.0268,0.001486,,,,,,,,,Theia6791,1230.268770812381,Kounkel2020,6319.0,1.47958,1.25
352607243,4.519940882744769e+18,288.44457842091,21.1007221821922,0.629994,14.74,17.547,0.064,15.817,0.229,13.43,0.029,12.981,0.031,12.855,0.04,15.5475,0.000263,16.2704,0.002834,14.7019,0.001055,12.405,0.031,12.506,0.032,12.217,,8.19,,Theia6791,1230.268770812381,Kounkel2020,5796.0,2.08452,1.04
10432961,4.520015752620181e+18,287.845304110902,21.3522111747213,0.89377,15.158,17.797,0.045,16.458,0.4,14.003,0.028,13.512,0.024,13.388,0.039,15.9816,0.000408,16.7316,0.003704,15.1292,0.001009,13.255,0.025,13.325,0.028,12.724,,9.006,,Theia6791,1230.268770812381,Kounkel2020,5541.0,1.28452,0.98
10129064,4.516500785738412e+18,287.683700457367,20.1254914774315,1.08365,16.4485,19.509,0.165,17.9102,0.0481,14.958,0.041,14.345,0.036,14.139,0.065,17.3397,0.001281,18.1212,0.020376,16.3542,0.011097,14.12,0.032,14.625,0.061,12.366,,9.137,,Theia6791,1230.268770812381,Kounkel2020,4701.0,0.72086,0.75
352333110,4.5199548327997486e+18,288.413851408661,21.2515981937132,1.01717,13.8056,16.139,0.065,15.016,0.126,12.703,0.023,12.333,0.022,12.217,0.021,14.5676,0.000197,15.2444,0.001565,13.7662,0.000746,12.069,0.024,12.13,0.023,12.247,,9.011,,Theia6791,1230.268770812381,Kounkel2020,5963.0,1.86178,1.09
1811787080,4.520033860203263e+18,288.384471208223,21.5522795158096,0.438358,16.1379,,,17.268,0.046,,,,,,,16.8809,0.000592,17.5255,0.005974,16.0846,0.002772,,,,,,,,,Theia6791,1230.268770812381,Kounkel2020,5703.0,,
353410186,4.520071587193467e+18,288.878009751466,21.5408859821687,0.992749,16.5888,19.501,0.172,18.2477,0.0471,15.01,0.047,14.325,0.052,14.184,0.076,17.5637,0.00139,18.5062,0.014178,16.5644,0.00599,13.664,0.031,13.716,0.044,12.226,0.283,9.125,,Theia6791,1230.268770812381,Kounkel2020,4596.0,0.841043,0.73
10439466,4.5195141347927e+18,287.879023983912,20.3871707027354,0.610956,12.2644,14.718,0.041,13.015,0.08,11.407,0.02,11.182,0.018,11.073,0.017,12.7842,0.000233,13.212,0.001329,12.1886,0.000634,11.027,0.023,11.03,0.021,11.163,0.138,9.19,,Theia6791,1230.268770812381,Kounkel2020,7370.0,4.26565,1.68
351828552,4.5202444166720906e+18,287.990362792038,21.8364317192333,0.7029,15.8766,18.996,0.168,17.2764,0.046,14.543,0.03,13.96,0.032,13.869,0.055,16.7452,0.000506,17.5557,0.005181,15.8534,0.002032,13.692,0.031,13.828,0.043,12.696,,9.196,,Theia6791,1230.268770812381,Kounkel2020,5078.0,1.31009,0.85
351829362,4.520054098090682e+18,287.957044304268,21.687954118828,0.437451,12.8895,16.931,0.163,14.773,0.092,11.293,0.018,10.535,0.016,10.332,0.019,13.9502,0.000169,15.0438,0.001438,12.9186,0.000558,10.171,0.023,10.268,0.02,10.158,0.057,8.482,,Theia6791,1230.268770812381,Kounkel2020,4477.0,11.4516,
10224741,4.519638890687545e+18,287.683476740454,21.2547154877863,0.715532,11.5313,15.409,0.161,13.168,0.069,10.012,0.02,9.332,0.018,9.102,0.015,12.5222,0.000161,13.5214,0.001121,11.539,0.000431,8.989,0.023,9.082,0.02,8.976,0.03,8.81,0.383,Theia6791,1230.268770812381,Kounkel2020,4512.0,12.1024,
351832421,4.519996201927601e+18,287.976971329252,21.1251510480553,0.529987,14.8461,17.643,0.061,16.199,0.103,13.548,0.023,12.944,0.023,12.848,0.03,15.7494,0.000347,16.6066,0.002357,14.8338,0.001173,12.674,0.027,12.74,0.029,12.737,,8.638,,Theia6791,1230.268770812381,Kounkel2020,5036.0,2.89609,
352090556,4.516313834408609e+18,288.193820532277,19.4810604704555,0.534007,14.9433,17.009,0.071,16.085,0.217,13.755,0.036,13.263,0.037,13.18,0.042,15.772,0.000544,16.5175,0.004025,14.9049,0.001759,12.763,0.024,12.871,0.024,12.37,,8.957,,Theia6791,1230.268770812381,Kounkel2020,5530.0,2.34652,0.97
351832518,4.5199491290825175e+18,288.004070909742,21.1067272056702,0.65838,15.6033,18.464,0.168,16.9376,0.046,14.233,0.027,13.717,0.031,13.584,0.041,16.4431,0.000777,17.1376,0.004905,15.498,0.002922,13.214,0.031,13.212,0.035,12.396,,9.223,,Theia6791,1230.268770812381,Kounkel2020,5258.0,1.49787,0.9
352101819,4.520006750368112e+18,288.201356871063,21.340038227462,0.839104,15.2939,18.266,0.168,16.432,0.103,14.02,0.026,13.527,0.027,13.246,0.032,16.2106,0.000448,17.0748,0.004235,15.2662,0.001792,,,,,,,,,Theia6791,1230.268770812381,Kounkel2020,4844.0,1.58762,
352332228,4.519984107298773e+18,288.36570291473,21.4104978463035,1.00157,13.7186,16.549,0.061,15.209,0.103,12.416,0.022,11.809,0.021,11.678,0.018,14.6168,0.000205,15.4745,0.001338,13.7083,0.0008,11.496,0.024,11.568,0.022,11.667,0.181,9.146,,Theia6791,1230.268770812381,Kounkel2020,4953.0,2.63831,
352333898,4.519941707378516e+18,288.417568033694,21.1185196904647,0.549983,14.9497,17.871,0.168,16.36,1.133,13.591,0.027,13.146,0.031,13.069,0.033,15.844,0.000329,16.679,0.003631,14.9355,0.000962,12.666,0.024,12.69,0.027,12.94,,9.126,,Theia6791,1230.268770812381,Kounkel2020,5467.0,2.51865,0.96
352712537,4.520047054343627e+18,288.474003637149,21.7881047919489,0.53527,16.3435,18.503,0.079,17.4583,0.046,15.281,0.049,14.728,0.061,14.872,0.112,17.0786,0.000557,17.7315,0.005828,16.3052,0.003549,14.762,0.042,15.14,0.092,12.456,,8.84,,Theia6791,1230.268770812381,Kounkel2020,5569.0,1.08127,0.98
352713021,4.5201421277410033e+18,288.461898299858,21.8661734004575,0.997462,15.6341,18.157,0.07,16.69,1.133,14.612,0.035,13.983,0.032,13.832,0.046,16.4538,0.000881,17.2049,0.004888,15.5929,0.003216,13.774,0.028,13.867,0.04,12.307,,8.944,,Theia6791,1230.268770812381,Kounkel2020,4919.0,0.987153,0.81
352101951,4.5199602959981865e+18,288.274506581732,21.36047653166,0.569522,15.6846,18.061,0.072,16.9996,0.046,14.49,0.04,14.015,0.049,13.997,0.064,16.5163,0.000519,17.2766,0.004902,15.6566,0.002477,13.385,0.03,13.462,0.039,12.586,,9.042,,Theia6791,1230.268770812381,Kounkel2020,5436.0,1.5946,0.95
352331382,4.520033860203263e+18,288.384471208223,21.5522795158096,0.438358,16.1379,17.637,0.077,17.268,0.046,14.807,0.045,14.434,0.063,14.123,0.07,16.8809,0.000592,17.5255,0.005974,16.0846,0.002772,13.876,0.038,14.134,0.057,12.395,0.524,8.363,,Theia6791,1230.268770812381,Kounkel2020,5703.0,,
10341243,4.5200281908459633e+18,287.844378454029,21.5840299743676,0.637749,14.8734,17.362,0.042,16.103,0.126,13.783,0.023,13.416,0.019,13.287,0.035,15.6308,0.000336,16.3001,0.002145,14.831,0.00105,13.255,0.03,13.292,0.034,12.799,,8.826,,Theia6791,1230.268770812381,Kounkel2020,5988.0,1.77831,1.1
384872058,4.5165179656082406e+18,288.185851493806,20.2642026003171,0.595324,12.7002,16.618,0.164,14.691,0.126,11.132,0.025,10.337,0.03,10.154,0.02,13.7724,0.000339,14.8744,0.002407,12.7347,0.000867,10.013,0.023,10.071,0.021,10.019,0.061,8.69,,Theia6791,1230.268770812381,Kounkel2020,4548.0,9.4539,
353793544,4.517064113651963e+18,289.06716139947,21.4319188042984,0.393014,16.324,19.72,0.171,17.6583,0.0462,15.086,0.046,14.661,0.065,14.529,0.095,17.1656,0.00065,17.9153,0.008084,16.2788,0.004072,,,,,,,,,Theia6791,1230.268770812381,Kounkel2020,5742.0,1.67324,1.03
353512631,4.516952822461617e+18,288.889584401472,20.9865537231468,0.799573,12.9512,15.494,0.064,14.267,0.275,11.718,0.026,11.391,0.028,11.182,0.026,13.77,0.000155,14.5129,0.001068,12.9212,0.000702,10.995,0.025,11.026,0.023,11.091,0.138,8.914,,Theia6791,1230.268770812381,Kounkel2020,6133.0,3.74676,1.16
353515929,4.516853316652258e+18,288.837148083501,20.464498007278,1.01168,13.941,17.327,0.167,15.541,0.195,12.643,0.026,12.27,0.025,12.086,0.026,14.8889,0.00024,15.7926,0.001404,13.9439,0.000787,11.777,0.023,11.784,0.024,11.469,0.137,9.161,0.521,Theia6791,1230.268770812381,Kounkel2020,5566.0,2.37152,0.98
352859552,4.5199641399647616e+18,288.669204204219,21.2454427987721,0.398625,16.3685,20.517,0.167,17.9817,0.0463,15.037,0.04,14.528,0.052,14.4,0.083,17.3345,0.000698,18.261,0.008971,16.3741,0.003044,14.261,0.026,14.764,0.052,12.952,,8.95,,Theia6791,1230.268770812381,Kounkel2020,5403.0,2.0132,0.94
352329444,4.520060557721868e+18,288.343941261066,21.8601311581151,0.418965,15.8879,17.983,0.075,16.792,1.133,14.883,0.041,14.431,0.048,14.265,0.069,16.5732,0.000498,17.1624,0.004103,15.8359,0.001938,14.197,0.026,14.554,0.043,12.165,,8.852,,Theia6791,1230.268770812381,Kounkel2020,5681.0,1.54319,1.01
352333259,4.519954523562096e+18,288.423063161367,21.2283082496798,0.455522,15.7254,19.73,0.164,17.5355,0.0464,14.11,0.029,13.329,0.03,13.2,0.035,16.766,0.000599,17.7994,0.009257,15.7356,0.002666,12.965,0.027,13.092,0.032,12.18,,8.503,,Theia6791,1230.268770812381,Kounkel2020,4700.0,2.88348,
352712429,4.5200466420267576e+18,288.4581733101,21.7726172234462,0.532493,12.231,15.034,0.061,13.488,0.08,11.003,0.022,10.446,0.019,10.299,0.018,13.0414,0.000273,13.7933,0.000909,12.202,0.00069,10.164,0.022,10.221,0.021,10.181,0.081,8.599,,Theia6791,1230.268770812381,Kounkel2020,4969.0,8.45441,
353163781,4.516455946277968e+18,288.742731520874,20.0944603695227,0.646929,13.6883,17.61,0.164,15.545,0.023,12.203,0.022,11.724,0.02,11.502,0.018,14.7412,0.000322,15.8153,0.003065,13.707,0.000932,11.418,0.023,11.4,0.021,11.679,0.31,8.921,,Theia6791,1230.268770812381,Kounkel2020,4489.0,5.41355,
353271319,4.519994071623432e+18,288.718649562231,21.6239456334769,0.441089,16.4477,18.593,0.085,17.5708,0.046,15.435,0.057,15.048,0.087,14.879,0.126,17.1873,0.000654,17.8374,0.006046,16.4036,0.003668,14.908,0.033,14.948,0.079,12.649,,9.015,,Theia6791,1230.268770812381,Kounkel2020,5914.0,1.21431,1.08
1811830566,4.520071587193467e+18,288.878009751466,21.5408859821687,0.992749,16.5888,,,18.2477,0.0471,,,,,,,17.5637,0.00139,18.5062,0.014178,16.5644,0.00599,,,,,,,,,Theia6791,1230.268770812381,Kounkel2020,4596.0,,
352090552,4.516219100282749e+18,288.293156903891,19.4808289014169,1.11187,15.0654,17.125,0.0,16.515,0.092,13.781,0.026,13.339,0.031,13.176,0.032,15.9136,0.000644,16.673,0.005901,15.0186,0.004386,13.079,0.023,13.176,0.03,12.474,,9.273,,Theia6791,1230.268770812381,Kounkel2020,5343.0,1.14242,0.92
352339260,4.5165148045121167e+18,288.3544485163,20.2228266618781,0.728149,14.8863,18.352,0.166,16.487,1.03,13.473,0.026,12.977,0.025,12.779,0.028,15.8768,0.000932,16.8445,0.003896,14.9008,0.001806,12.596,0.028,12.65,0.029,12.816,,8.952,,Theia6791,1230.268770812381,Kounkel2020,5097.0,2.37461,
352862274,4.516927052656246e+18,288.616214893554,20.8319105592229,0.570156,15.3027,18.74,0.166,16.813,1.133,13.956,0.026,13.462,0.029,13.285,0.037,16.2641,0.000445,17.1796,0.00412,15.3003,0.001462,13.035,0.028,13.092,0.03,11.986,0.272,9.086,,Theia6791,1230.268770812381,Kounkel2020,5335.0,2.30792,0.92
385694387,2.019074369382772e+18,290.513274777677,21.9642399680422,0.737002,14.4124,17.837,0.166,15.921,0.286,13.078,0.027,12.509,0.03,12.389,0.022,15.3758,0.000353,16.302,0.003095,14.4181,0.000918,12.345,0.029,12.377,0.03,12.76,,9.03,,Theia6791,1230.268770812381,Kounkel2020,5306.0,2.7222,
385693476,2.019049419887721e+18,290.499754928706,21.8589403613907,0.623938,16.3161,19.762,0.169,20.759,1.133,14.8,0.042,14.325,0.055,14.103,0.052,17.3739,0.000775,18.4189,0.012555,16.3531,0.003985,13.887,0.037,14.099,0.06,12.732,0.444,9.251,,Theia6791,1230.268770812381,Kounkel2020,5704.0,1.48986,1.02
353412265,4.516966154040937e+18,288.929937973266,21.2176584190433,0.632075,11.4474,16.372,0.201,13.232,0.058,9.853,0.122,9.139,0.027,8.896,0.067,12.4999,0.000207,13.5752,0.001358,11.4732,0.000577,8.731,0.023,8.792,0.02,8.733,0.036,8.884,0.468,Theia6791,1230.268770812381,Kounkel2020,4535.0,15.4521,
355119502,4.51708991349239e+18,289.704980919934,21.7140542188635,1.00271,15.6427,19.267,0.166,17.1575,0.0461,14.262,0.029,13.794,0.034,13.607,0.041,16.5639,0.000768,17.411,0.005653,15.6071,0.004034,13.387,0.035,13.422,0.034,12.001,0.27,9.143,,Theia6791,1230.268770812381,Kounkel2020,5167.0,1.10191,0.87
9633857,4.516298132006495e+18,287.461192646688,19.3220453387257,0.409511,16.0359,18.442,0.056,16.738,0.241,14.987,0.043,14.517,0.048,14.546,0.093,16.8105,0.00089,17.4951,0.006741,15.9912,0.003921,,,,,,,,,Theia6803,1258.9254117941662,Kounkel2020,5656.0,1.68094,1.0
352717325,4.5204011314447503e+18,288.501178666321,22.5908165093533,0.623227,15.3619,17.861,0.068,16.544,1.133,14.288,0.032,13.854,0.033,13.756,0.044,16.1094,0.000449,16.7557,0.002745,15.3055,0.001452,13.461,0.024,13.476,0.029,12.166,,9.27,,Theia6803,1258.9254117941662,Kounkel2020,5681.0,1.4678,1.01
353404153,4.520203180668598e+18,288.920962597699,22.5142201348558,0.44937,14.864,17.014,0.066,15.898,0.606,13.728,0.024,13.428,0.027,13.26,0.034,15.5881,0.000316,16.1945,0.002063,14.7903,0.005093,13.097,0.027,13.127,0.03,12.357,,9.065,,Theia6803,1258.9254117941662,Kounkel2020,6185.0,2.34997,1.18
9413549,4.5195891077435546e+18,287.38102832413,20.7972474883545,0.625396,16.3341,18.626,0.057,17.5097,0.046,15.267,0.044,14.753,0.05,14.827,0.119,17.0981,0.000664,17.779,0.006634,16.2904,0.003962,14.562,0.045,14.667,0.068,12.398,,8.708,,Theia6803,1258.9254117941662,Kounkel2020,5284.0,1.00378,0.91
9413561,4.519589829285641e+18,287.351919055022,20.7953527580791,0.647999,16.1503,17.729,0.052,17.3782,0.0462,14.943,0.038,14.503,0.046,14.193,,16.9388,0.000652,17.6429,0.009119,16.102,0.002717,14.113,0.041,14.215,0.055,12.64,,8.925,,Theia6803,1258.9254117941662,Kounkel2020,5149.0,1.11064,0.87
9548482,4.514770253198118e+18,287.422357199236,18.9442973934944,0.339482,16.0385,18.507,0.051,17.4644,0.0466,14.646,0.037,14.147,0.045,14.041,0.068,16.9199,0.000924,17.7402,0.012909,16.0157,0.004148,13.975,0.052,14.046,0.062,12.16,,8.605,,Theia6803,1258.9254117941662,Kounkel2020,5173.0,2.43368,
9426912,4.516283627875256e+18,287.412921313395,19.0119427236835,0.478447,16.3087,19.25,0.053,17.6323,0.0463,15.113,0.039,14.722,0.04,14.496,0.089,17.1452,0.00106,17.9025,0.009954,16.2758,0.004585,14.412,0.035,14.73,0.07,12.818,,8.966,,Theia6803,1258.9254117941662,Kounkel2020,5683.0,1.40493,1.01
9549409,4.51628425067172e+18,287.442492779179,19.0644155585424,0.358775,15.4486,17.872,0.045,16.46,1.133,14.233,0.027,13.838,0.03,13.671,0.049,16.2107,0.000646,16.8597,0.003281,15.3813,0.004513,13.675,0.036,13.808,0.044,12.909,,9.042,,Theia6803,1258.9254117941662,Kounkel2020,5961.0,2.37042,1.09
352328011,4.52034808000574e+18,288.349517209401,22.0986836530442,0.500786,14.8639,16.629,0.068,15.933,0.092,13.844,0.026,13.439,0.03,13.322,0.037,15.57,0.000323,16.1848,0.001948,14.8175,0.001213,13.273,0.03,13.389,0.037,12.724,,8.722,,Theia6803,1258.9254117941662,Kounkel2020,5821.0,2.11876,1.05
9651997,4.520238300638333e+18,287.5185509178,21.8676575774757,0.501589,16.5027,17.408,0.057,17.8174,0.0461,15.329,0.044,14.774,0.047,14.851,0.12,17.3304,0.000691,18.0863,0.006298,16.4598,0.003863,,,,,,,,,Theia6803,1258.9254117941662,Kounkel2020,4946.0,1.31839,0.81
10122570,4.516283082440575e+18,287.758184179389,19.2558359550925,0.716806,16.3105,19.599,0.165,17.7073,0.0463,15.123,0.039,14.595,0.04,14.386,0.082,17.1777,0.001047,17.9751,0.009649,16.2755,0.004699,14.218,0.039,14.217,0.07,12.278,,8.839,,Theia6803,1258.9254117941662,Kounkel2020,5076.0,1.05634,0.85
351828079,4.5202461690188114e+18,288.000602922497,21.9217448416871,0.593714,14.9501,17.232,0.069,16.192,0.206,13.836,0.032,13.406,0.028,13.281,0.037,15.6989,0.000299,16.3653,0.00219,14.9085,0.00111,,,,,,,,,Theia6803,1258.9254117941662,Kounkel2020,5355.0,1.91328,0.93
9542403,4.514518293231821e+18,287.482972963614,18.2027611085975,0.400633,15.9438,18.596,0.047,16.816,1.133,14.81,0.031,14.428,0.035,14.227,0.076,16.7648,0.000821,17.5008,0.005382,15.9053,0.004724,14.226,0.036,14.598,0.065,12.448,,9.159,,Theia6803,1258.9254117941662,Kounkel2020,5793.0,1.88664,1.04
9872952,4.519615255507928e+18,287.592255787675,20.9302380577012,0.606108,15.8298,18.268,0.044,17.1868,0.046,14.655,0.026,14.25,0.02,14.012,0.058,16.6798,0.000504,17.4684,0.005427,15.8071,0.001929,14.123,0.036,14.185,0.049,12.275,0.372,8.439,,Theia6803,1258.9254117941662,Kounkel2020,5206.0,1.47955,0.89
9763052,4.520289634090375e+18,287.442327937045,22.0556185290869,0.49857,16.6666,18.944,0.058,17.9338,0.0461,15.478,0.045,14.992,0.078,14.647,,17.4744,0.000748,18.2049,0.007947,16.6275,0.003656,,,,,,,,,Theia6803,1258.9254117941662,Kounkel2020,5211.0,1.15774,0.89
9768408,4.521212158697642e+18,287.533290030158,22.9587478034816,0.453167,16.3473,18.608,0.06,17.3938,0.046,15.358,0.048,14.96,0.061,14.931,0.134,17.0466,0.000588,17.6656,0.006798,16.3057,0.002952,,,,,,,,,Theia6803,1258.9254117941662,Kounkel2020,5298.0,1.22988,0.91
10222417,4.5196113728573727e+18,287.717645670428,20.8949540677014,0.456861,15.9854,18.228,0.053,17.2402,0.046,14.859,0.039,14.391,0.042,14.379,0.084,16.789,0.000503,17.5132,0.005221,15.9506,0.003059,13.774,0.026,13.798,0.033,12.844,,9.19,,Theia6803,1258.9254117941662,Kounkel2020,5545.0,1.63258,0.98
352710239,4.519982080074103e+18,288.526793847578,21.4164011315958,0.541211,16.695,19.642,0.086,18.0705,0.0465,15.557,0.064,15.031,0.08,14.534,,17.5548,0.000808,18.3408,0.011992,16.6646,0.003975,,,,,,,,,Theia6803,1258.9254117941662,Kounkel2020,5410.0,1.11697,0.94
1811795787,4.520041316267122e+18,288.48817884689,21.6521501260543,0.458475,16.6156,,,17.8274,0.0476,,,,,,,17.3979,0.000761,18.0035,0.020207,16.481,0.012259,,,,,,,,,Theia6803,1258.9254117941662,Kounkel2020,5398.0,,
9978377,4.516079054319677e+18,287.662675700297,18.9146665344269,0.31015,16.3968,18.757,0.061,17.6044,0.0462,15.213,0.049,14.871,0.052,14.732,0.11,17.1778,0.001327,17.869,0.009268,16.3519,0.004209,14.612,0.033,15.041,0.081,12.844,,9.016,,Theia6803,1258.9254117941662,Kounkel2020,5597.0,1.85836,0.99
351830011,4.520025476426678e+18,287.989756756892,21.5541377269218,0.385442,15.2136,17.105,0.061,16.212,0.15,13.875,,13.685,0.047,13.341,,16.0032,0.000366,16.707,0.004047,15.174,0.001297,13.117,0.026,13.157,0.033,12.344,,8.55,,Theia6803,1258.9254117941662,Kounkel2020,5861.0,2.59377,1.06
1812184094,4.520418757984079e+18,287.979364988838,22.442726495929,0.547475,16.2229,,,17.2953,0.0466,,,,,,,16.9364,0.000695,17.5171,0.016204,16.1329,0.005904,,,,,,,,,Theia6803,1258.9254117941662,Kounkel2020,5509.0,1.09386,0.97
352855586,4.520142918014858e+18,288.635203688405,21.8822641905355,0.439881,12.1708,15.527,0.166,13.571,0.092,10.841,0.021,10.255,0.02,10.075,0.017,13.0385,0.000275,13.8614,0.001178,12.154,0.000808,9.977,0.022,10.037,0.02,10.017,0.057,8.879,,Theia6803,1258.9254117941662,Kounkel2020,4918.0,11.3808,
354983221,4.517101290886713e+18,289.52576189357,21.8267586601114,0.583624,15.7462,20.259,0.163,17.5576,0.0465,14.198,0.029,13.514,0.027,13.311,0.037,16.7836,0.000677,17.8275,0.010698,15.7574,0.002356,,,,,,,,,Theia6803,1258.9254117941662,Kounkel2020,4555.0,2.29322,
353407912,4.520145632434866e+18,288.848287525447,21.9104637419832,0.639519,15.0883,17.185,0.067,16.275,0.092,14.072,0.026,13.712,0.028,13.545,0.044,15.8213,0.00035,16.464,0.002409,15.0422,0.001221,13.347,0.03,13.432,0.037,12.876,,8.779,,Theia6803,1258.9254117941662,Kounkel2020,5601.0,1.59851,0.99
353797659,4.520172192514127e+18,289.056013924215,22.1094986563962,0.70164,14.9305,17.12,0.065,16.23,0.16,13.8,0.023,13.398,0.025,13.301,0.033,15.68,0.000377,16.3237,0.002528,14.8701,0.001026,13.245,0.03,13.396,0.038,12.32,,8.645,,Theia6803,1258.9254117941662,Kounkel2020,5757.0,1.58811,1.03
352711682,4.520041316267122e+18,288.48817884689,21.6521501260543,0.458475,16.6156,17.524,0.076,17.8274,0.0476,14.768,0.042,14.172,0.048,14.212,0.074,17.3979,0.000761,18.0035,0.020207,16.481,0.012259,,,,,,,,,Theia6803,1258.9254117941662,Kounkel2020,5398.0,,
353406419,4.520176212603627e+18,288.866469714543,22.1506813492354,0.348579,15.9699,18.097,0.072,17.042,0.0459,14.913,0.036,14.46,0.05,14.359,0.07,16.6836,0.000551,17.3031,0.004815,15.92,0.002491,14.242,0.035,14.587,0.067,12.759,,9.265,,Theia6803,1258.9254117941662,Kounkel2020,6156.0,1.77604,1.17
353796814,4.520100651205597e+18,288.976324069829,21.9721505156745,0.787181,15.4401,,,16.54,0.217,14.267,0.029,13.759,0.035,13.65,0.043,16.2548,0.000508,16.9928,0.003102,15.4061,0.00178,13.684,0.068,13.955,0.082,12.366,,8.24,,Theia6803,1258.9254117941662,Kounkel2020,5396.0,1.27866,0.94
353799506,4.520198683873759e+18,289.007549033616,22.4182702822142,0.441087,16.209,20.206,0.167,17.9105,0.0461,14.846,0.037,14.144,,13.959,,17.2029,0.00056,18.1827,0.00597,16.2065,0.002525,13.654,0.03,13.757,0.042,11.99,0.256,9.12,,Theia6803,1258.9254117941662,Kounkel2020,4635.0,2.24651,
9638041,4.5163964008624425e+18,287.445773449495,19.8664750677244,0.649574,15.3934,18.004,0.045,16.742,0.15,14.167,0.028,13.661,0.031,13.39,,16.2555,0.00072,17.0584,0.004082,15.3695,0.002576,13.186,0.029,13.146,0.038,12.299,,9.195,,Theia6898,1318.2567385564048,Kounkel2020,5094.0,1.73816,0.85
9637431,4.516392243333936e+18,287.507297303096,19.7892598976183,0.671523,16.713,19.767,0.166,18.1439,0.047,15.512,0.045,14.928,0.05,14.749,0.106,17.5953,0.001305,18.4043,0.016391,16.673,0.005129,14.844,0.042,15.176,0.092,12.771,,9.014,,Theia6898,1318.2567385564048,Kounkel2020,5028.0,0.96626,0.84
10124386,4.516324142329518e+18,287.705824747422,19.4866337772517,0.685325,14.0947,17.218,0.161,15.631,0.172,12.602,0.02,11.936,0.019,11.748,0.019,15.0604,0.000403,15.9926,0.002852,14.0815,0.002336,11.693,0.023,11.698,0.021,11.772,0.183,9.13,,Theia6898,1318.2567385564048,Kounkel2020,4757.0,3.63601,
9640417,4.519410574542667e+18,287.489324868515,20.1834302759659,0.627542,16.302,18.653,0.054,17.5214,0.0463,15.131,0.041,14.543,0.04,14.462,0.089,17.0871,0.001066,17.7486,0.00918,16.2171,0.006986,,,,,,,,,Theia6898,1318.2567385564048,Kounkel2020,5238.0,1.05204,0.89
9411469,4.519632366658887e+18,287.323331840958,21.1055617050849,0.420248,15.8049,18.15,0.049,16.59,0.15,14.645,0.034,14.106,0.033,14.156,,16.6284,0.000501,17.3733,0.003977,15.7683,0.001877,13.867,0.031,13.988,0.046,12.731,,9.117,,Theia6898,1318.2567385564048,Kounkel2020,5366.0,2.00581,0.93
10130367,4.519512107568559e+18,287.715941574561,20.3048775136997,0.391622,15.902,19.693,0.163,17.6876,0.0463,14.453,0.031,13.727,0.026,13.501,0.043,16.9286,0.000909,17.9628,0.008114,15.9135,0.001919,13.342,0.033,13.554,0.04,12.627,,9.051,,Theia6898,1318.2567385564048,Kounkel2020,4548.0,3.05497,
9418728,4.519408371196409e+18,287.400109051859,20.0891222693391,0.575733,11.6741,16.053,0.161,13.421,0.092,10.104,0.021,9.303,0.017,9.092,0.014,12.6979,0.000366,13.7504,0.002276,11.6757,0.001122,8.958,0.022,9.041,0.02,8.908,0.028,8.348,,Theia6898,1318.2567385564048,Kounkel2020,4309.0,15.0085,
10442117,4.516484220024698e+18,287.92403319653,20.0157032691381,0.345364,13.7561,17.493,0.162,15.503,0.194,12.254,0.022,11.471,0.017,11.262,0.016,14.7675,0.000361,15.7828,0.002455,13.7635,0.000971,11.166,0.024,11.26,0.021,11.472,0.299,8.922,,Theia6898,1318.2567385564048,Kounkel2020,4547.0,8.87374,
352602274,4.516521573380632e+18,288.440564340768,20.3267955261852,0.332142,13.2145,17.662,0.162,15.346,0.103,11.537,0.023,10.79,0.021,10.556,0.018,14.3942,0.000342,15.6259,0.002032,13.2947,0.000991,,,,,,,,,Theia6898,1318.2567385564048,Kounkel2020,4834.0,14.4752,
9862011,4.521191817731591e+18,287.584189592683,22.6754571284282,1.08431,15.5972,18.443,0.043,16.887,1.133,14.349,0.025,13.655,0.022,13.545,0.041,16.4697,0.00078,17.2953,0.00448,15.5614,0.001594,13.459,0.025,13.573,0.035,12.34,,8.825,,Theia7023,1380.3842646028868,Kounkel2020,4651.0,1.04325,0.74
1812145063,4.520382233587403e+18,288.29218661698,22.6224912844113,1.11626,16.0099,,,17.2655,0.0464,,,,,,,16.8105,0.00066,17.4787,0.011894,15.9093,0.005132,,,,,,,,,Theia7023,1380.3842646028868,Kounkel2020,5027.0,0.715527,0.84
9872158,4.519617282732601e+18,287.585769557556,21.0488112350779,0.883238,15.325,17.409,0.047,16.384,1.133,14.154,0.031,13.573,0.033,13.487,0.045,16.1632,0.000458,16.9348,0.003846,15.2977,0.0013,13.317,0.027,13.414,0.033,12.565,,9.171,,Theia7169,1513.561248436207,Kounkel2020,5234.0,1.26645,0.89
352207744,4.520380446881035e+18,288.262505175337,22.5265699288445,0.356383,14.5932,16.795,0.066,15.674,0.126,13.624,0.024,13.304,0.026,13.191,0.034,15.253,0.000284,15.8165,0.002031,14.536,0.001072,13.096,0.029,13.099,0.035,12.374,,8.833,,Theia7169,1513.561248436207,Kounkel2020,6519.0,2.98453,1.34
9862701,4.520345743545808e+18,287.616906732713,22.5613852724981,0.520458,16.2944,18.766,0.049,17.4484,0.0461,15.167,0.034,14.883,0.041,14.679,0.109,17.0491,0.000603,17.7192,0.008133,16.2543,0.003345,14.783,0.04,15.515,0.117,12.513,,9.104,,Theia7169,1513.561248436207,Kounkel2020,5611.0,1.16534,0.99
10340366,4.5202193641017503e+18,287.830106361133,21.7183475357637,0.524986,15.8979,18.253,0.049,16.806,1.133,14.732,0.034,14.365,0.036,14.227,0.072,16.6945,0.000548,17.4095,0.004475,15.8594,0.002179,14.002,0.034,14.163,0.044,12.713,,8.443,,Theia7169,1513.561248436207,Kounkel2020,5453.0,1.49222,0.95
351824653,4.520420785208658e+18,288.043913121212,22.499899053067,0.47829,11.026,15.437,0.163,12.333,0.034,9.725,0.02,9.151,0.022,8.982,0.018,11.867,0.000315,12.6586,0.001081,11.0081,0.000751,8.834,0.023,8.884,0.019,8.772,0.025,8.151,0.22,Theia7169,1513.561248436207,Kounkel2020,5006.0,17.0222,
352853469,4.5201664544373714e+18,288.662517533066,22.2014242262839,0.345705,16.0297,17.943,0.073,16.678,1.133,15.078,0.038,14.67,0.055,14.519,0.087,16.7162,0.000475,17.3007,0.004706,15.9724,0.00296,14.206,0.031,14.487,0.056,12.24,,8.719,,Theia7169,1513.561248436207,Kounkel2020,5994.0,1.69432,1.1
9647235,4.519633466170456e+18,287.460074454159,21.1420151062734,0.427853,15.8397,18.12,0.049,16.439,1.133,14.797,0.034,14.316,0.036,14.263,0.075,16.5923,0.000459,17.2606,0.00371,15.7997,0.001795,14.043,0.044,14.206,0.05,12.606,,8.872,,Theia7169,1513.561248436207,Kounkel2020,5599.0,1.7151,0.99
10335155,4.520424152463252e+18,287.807169711787,22.551288341469,0.508251,15.6455,17.938,0.046,16.662,0.606,14.508,0.029,13.892,0.025,13.8,0.05,16.4816,0.000606,17.2514,0.004225,15.6147,0.002081,13.793,0.033,13.916,0.038,12.282,,8.814,,Theia7169,1513.561248436207,Kounkel2020,5111.0,1.89143,
351830452,4.520022658928185e+18,288.005149633207,21.4697770848581,0.487238,14.8721,18.129,0.166,16.309,0.972,13.432,0.022,12.749,0.022,12.618,0.026,15.8423,0.000341,16.7805,0.002611,14.8561,0.001598,,,,,,,,,Theia7169,1513.561248436207,Kounkel2020,4696.0,3.59001,
352203247,4.520057293546592e+18,288.310205975168,21.7378670967431,0.613098,14.102,16.304,0.065,15.146,0.069,13.079,0.021,12.635,0.023,12.54,0.022,14.8029,0.000222,15.415,0.001327,14.0523,0.001018,12.473,0.024,12.509,0.024,12.034,0.386,8.618,,Theia7169,1513.561248436207,Kounkel2020,5313.0,2.56686,
9417072,4.5195209036609823e+18,287.368676381822,20.3076294468753,0.48403,16.1537,18.199,0.066,16.754,1.133,15.005,0.055,14.623,0.042,14.523,0.101,16.8988,0.000859,17.5637,0.008718,16.1166,0.003111,14.504,0.063,14.718,0.092,12.436,,8.018,,Theia7169,1513.561248436207,Kounkel2020,5492.0,1.32377,0.96
10337274,4.5202744127253775e+18,287.863729756161,22.2080454791937,0.703863,15.4671,17.353,0.047,16.453,0.195,14.429,0.031,14.059,0.03,14.043,0.066,16.1356,0.000423,16.7054,0.002923,15.4124,0.00188,13.913,0.025,14.174,0.042,12.342,,8.726,,Theia7169,1513.561248436207,Kounkel2020,5741.0,1.10623,1.03
384760352,4.520470572472275e+18,288.120373946487,22.8483075623413,0.573067,16.0149,19.062,0.177,17.3769,0.046,14.843,0.06,14.351,0.069,14.103,0.057,16.8667,0.000587,17.6428,0.005658,15.9761,0.003758,13.942,0.033,14.012,0.049,12.525,,8.753,,Theia7169,1513.561248436207,Kounkel2020,5149.0,1.44824,0.87
384764053,4.5203539211615606e+18,288.17976547501,22.241069607596,0.530163,15.4027,17.234,0.076,16.374,0.332,14.421,0.043,14.045,0.051,13.986,0.059,16.0552,0.00042,16.6097,0.00251,15.349,0.001649,13.972,0.039,14.186,0.047,12.747,,8.549,,Theia7169,1513.561248436207,Kounkel2020,5939.0,1.44069,1.08
351831670,4.5199994661029847e+18,288.010986752512,21.2466346589947,0.623256,15.3095,17.769,0.065,16.533,0.115,14.151,0.026,13.748,0.03,13.622,0.042,16.09,0.000441,16.781,0.004367,15.2651,0.001254,13.55,0.032,13.615,0.036,12.282,,9.006,,Theia7169,1513.561248436207,Kounkel2020,5633.0,1.58678,1.0
9544435,4.5145604226052127e+18,287.432637475984,18.4442262538046,0.355189,15.958,18.851,0.05,17.3256,0.0462,14.707,0.035,14.223,0.04,14.079,0.063,16.8134,0.000998,17.5684,0.009105,15.8982,0.003394,14.013,0.04,14.099,0.051,12.41,0.379,9.101,,Theia7228,1548.8166189124795,Kounkel2020,5272.0,2.3208,
10450201,4.516083314926975e+18,287.909788853902,18.9650539598171,0.299422,16.2164,20.66,0.163,18.1598,0.0471,14.591,0.031,13.858,0.028,13.602,0.05,17.3052,0.001014,18.4162,0.013531,16.2376,0.003245,13.265,0.03,13.503,0.039,12.874,,8.686,,Theia7228,1548.8166189124795,Kounkel2020,4497.0,3.66057,
10120529,4.5160868883399777e+18,287.80279409191,18.9873123005852,0.593828,14.8441,17.706,0.031,16.054,0.183,13.676,0.025,13.187,0.022,13.133,0.03,15.6455,0.000507,16.3636,0.004043,14.8012,0.001464,13.085,0.03,13.072,0.033,11.962,,8.447,,Theia7228,1548.8166189124795,Kounkel2020,5306.0,2.18291,0.91
10447039,4.516307649654844e+18,287.84813241384,19.3654901777661,0.39312,16.6467,18.59,0.065,17.785,0.0463,15.448,0.054,15.195,0.089,14.966,0.145,17.3939,0.001054,18.0229,0.010384,16.574,0.005289,,,,,,,,,Theia7228,1548.8166189124795,Kounkel2020,5831.0,1.26294,1.05
1808930438,4.5162885799990057e+18,287.362134868333,19.1368075103595,0.37265,15.5767,,,16.654,0.0459,,,,,,,16.2932,0.000648,16.9086,0.004151,15.5206,0.00301,,,,,,,,,Theia7228,1548.8166189124795,Kounkel2020,6020.0,2.01573,1.11
384963929,4.516095924951915e+18,288.118693076388,19.0038449928659,0.533094,15.5,17.504,-0.183,16.647,0.15,14.284,,13.933,0.068,13.783,,16.2721,0.000721,16.9558,0.003513,15.4574,0.002785,,,,,,,,,Theia7228,1548.8166189124795,Kounkel2020,5757.0,1.64839,1.03
384963928,4.516084242639754e+18,288.071400630132,19.0039912933399,0.353376,15.9827,19.654,0.171,17.4473,0.0467,14.757,0.047,14.216,0.055,14.075,0.062,16.8825,0.000887,17.7288,0.014316,15.9711,0.003089,,,,,,,,,Theia7228,1548.8166189124795,Kounkel2020,5293.0,2.44024,
353801343,2.0223982273813583e+18,288.990491548567,22.7445139790376,0.640547,15.8739,18.167,0.069,17.109,0.046,14.56,0.035,14.103,0.04,13.927,0.058,16.6676,0.00055,17.3492,0.004812,15.8046,0.003841,13.865,0.032,13.944,0.044,12.471,,9.023,,Theia7234,1548.8166189124795,Kounkel2020,5432.0,1.24132,0.95
353011479,4.51620065343257e+18,288.576069601375,19.2996939554157,0.619334,13.9347,16.979,0.168,15.342,0.08,12.645,0.028,12.199,0.037,12.045,0.024,14.8079,0.000348,15.619,0.00309,13.9175,0.001365,11.292,0.021,11.373,0.024,11.727,0.199,8.463,,Theia7251,1584.8931924611109,Kounkel2020,5487.0,3.4626,
10547070,4.51449163440637e+18,287.860734911591,18.1787742908224,1.07326,13.0335,16.503,0.162,14.431,0.103,11.997,0.022,11.512,0.018,11.337,0.018,13.9552,0.008253,14.8206,0.025347,13.024,0.024347,10.949,0.023,10.948,0.021,11.174,0.164,8.908,,Theia7251,1584.8931924611109,Kounkel2020,5581.0,3.26856,
1808713273,4.516089911997055e+18,287.905350274093,19.1320272964522,0.736663,15.8287,,,17.0939,0.0474,,,,,,,16.637,0.001135,17.3166,0.017835,15.7436,0.011787,,,,,,,,,Theia7251,1584.8931924611109,Kounkel2020,5462.0,1.12711,0.95
10450093,4.5160862698645033e+18,287.906209935747,18.976417747293,0.796741,15.2726,18.027,0.047,16.765,0.389,14.038,0.031,13.528,0.033,13.392,0.041,16.1181,0.000668,16.8973,0.006842,15.2457,0.002432,13.164,0.03,13.244,0.037,12.439,,8.816,,Theia7251,1584.8931924611109,Kounkel2020,5231.0,1.4492,0.89
354332953,4.516896060169856e+18,289.212986838082,20.875391949511,0.766695,14.1823,18.556,0.162,16.276,0.057,12.553,0.022,11.839,0.02,11.632,0.02,15.3053,0.000272,16.4736,0.001755,14.233,0.000702,11.464,0.023,11.532,0.022,11.615,0.438,9.199,,Theia7251,1584.8931924611109,Kounkel2020,4550.0,4.02622,
9422534,4.51635338246843e+18,287.353756768848,19.575289673321,0.471089,14.4343,16.225,0.043,15.366,0.16,13.466,0.025,13.117,0.022,13.035,0.029,15.0795,0.000404,15.6164,0.002466,14.3698,0.001479,,,,,,,,,Theia7386,1698.243652461746,Kounkel2020,6037.0,2.47203,1.12
9634880,4.516347983666978e+18,287.525013595995,19.4587968866184,0.330849,16.136,18.062,0.068,17.2502,0.0461,15.087,0.057,14.664,0.06,14.674,0.113,16.8712,0.000984,17.5139,0.007934,16.0891,0.004314,14.102,0.042,14.032,0.058,12.566,0.388,8.704,,Theia7386,1698.243652461746,Kounkel2020,5893.0,1.81353,1.07
9427888,4.5147695703306834e+18,287.367701257599,18.8884669446375,0.469362,15.991,17.98,0.055,16.796,1.133,14.899,0.041,14.434,0.05,14.253,0.075,16.7588,0.000773,17.4228,0.009828,15.9317,0.003965,,,,,,,,,Theia7386,1698.243652461746,Kounkel2020,5584.0,1.50099,0.99
9974608,4.516320225319265e+18,287.669822399203,19.3933210852882,0.247235,16.4581,18.841,0.057,17.6663,0.0465,15.392,0.044,15.054,0.052,14.814,0.117,17.2396,0.001176,17.9422,0.013392,16.4249,0.004557,,,,,,,,,Theia7386,1698.243652461746,Kounkel2020,6036.0,2.07096,1.12
9973346,4.516372349045e+18,287.641660068342,19.5563130393138,0.369358,15.3221,16.917,0.05,16.477,0.183,14.204,0.035,13.748,0.039,13.698,0.049,16.1127,0.000802,16.822,0.004025,15.2867,0.00202,13.405,0.029,13.536,0.039,12.541,,9.18,,Theia7386,1698.243652461746,Kounkel2020,5717.0,2.59822,1.02
9976626,4.516280368021197e+18,287.61144265004,19.1331917082851,0.446828,15.9159,17.077,0.076,17.2393,0.0463,14.597,0.066,14.108,0.081,14.129,0.083,16.7522,0.00082,17.4716,0.00826,15.8449,0.007287,,,,,,,,,Theia7386,1698.243652461746,Kounkel2020,5614.0,1.79513,0.99
9547852,4.514765687680185e+18,287.442726803963,18.8665610990338,0.376267,16.2668,18.782,0.05,17.5535,0.0463,15.08,0.035,14.591,0.039,14.418,0.082,17.0839,0.000908,17.8274,0.010703,16.2316,0.003613,,,,,,,,,Theia7386,1698.243652461746,Kounkel2020,5209.0,1.8194,0.89
9547850,4.514768608257962e+18,287.423949061921,18.8664553035108,0.404062,16.1354,18.08,0.053,17.3571,0.0461,14.997,0.039,14.568,0.037,14.507,0.09,16.9223,0.00088,17.633,0.007089,16.1007,0.002849,14.099,0.027,14.38,0.044,12.29,,9.26,,Theia7386,1698.243652461746,Kounkel2020,5361.0,1.69955,0.93
9548055,4.514769020574818e+18,287.443157683603,18.8910245575387,0.66972,15.1592,18.284,0.162,16.498,0.195,13.914,0.025,13.369,0.018,13.195,0.031,16.0102,0.000663,16.7866,0.003227,15.1215,0.001675,13.112,0.023,13.184,0.025,11.824,,8.686,,Theia7386,1698.243652461746,Kounkel2020,5145.0,1.83565,0.87
9541305,4.514468201063673e+18,287.537532880574,18.0707006889719,0.418196,12.8218,16.502,0.117,14.738,0.137,11.221,0.021,10.504,0.017,10.301,0.016,13.9261,0.000357,15.0575,0.003047,12.8694,0.001199,10.197,0.035,10.2,0.034,10.266,0.088,8.047,,Theia7509,1819.7008586099823,Kounkel2020,4729.0,12.7411,
9861008,4.521198483520999e+18,287.574213746782,22.8511146665696,1.29557,12.85,14.723,0.04,13.652,0.08,11.973,0.019,11.628,0.017,11.518,0.018,13.4225,0.000148,13.8912,0.000859,12.7892,0.00068,11.501,0.022,11.543,0.022,11.228,0.178,9.037,,Theia8123,3162.2776601683795,Kounkel2020,5942.0,1.73995,1.09
10226810,4.520210709766841e+18,287.681186982192,21.5773553148969,1.71544,12.1497,14.54,0.041,13.239,0.057,11.098,0.021,10.742,0.018,10.591,0.016,12.8832,0.000212,13.5301,0.001056,12.1083,0.00042,10.519,0.022,10.525,0.02,10.464,0.062,8.853,,Theia8123,3162.2776601683795,Kounkel2020,5762.0,2.33172,1.03
9309192,4.5211167417008783e+18,287.340056809142,22.8800158676449,0.777829,13.5476,16.163,0.041,14.579,0.114,12.578,0.021,12.082,0.017,11.961,0.019,14.238,0.000193,14.8464,0.001134,13.503,0.000827,11.884,0.024,11.951,0.023,12.005,0.289,8.613,,Theia8123,3162.2776601683795,Kounkel2020,5247.0,2.61453,
10223058,4.5196182448056033e+18,287.778017194661,20.9950371676691,0.941584,14.9632,17.476,0.042,16.156,0.149,13.813,0.023,13.279,0.02,13.137,0.034,15.8026,0.000358,16.5719,0.002873,14.9368,0.001206,13.068,0.029,13.109,0.032,12.853,,9.21,,Theia8123,3162.2776601683795,Kounkel2020,5442.0,1.37676,0.95
