tic,GAIA,ra,dec,plx,tmag,Bmag,e_Bmag,Vmag,e_Vmag,Jmag,e_Jmag,Hmag,e_Hmag,Kmag,e_Kmag,GAIAmag,e_GAIAmag,gaiabp,e_gaiabp,gaiarp,e_gaiarp,w1mag,e_w1mag,w2mag,e_w2mag,w3mag,e_w3mag,w4mag,e_w4mag,assoc,age,ref,teff,rstar,mstar
124321260,3.051050866218552e+18,104.198598496611,-8.24721007599019,0.735094,11.1748,12.433,0.06,11.772,0.069,10.407,0.03,10.214,0.047,10.16,0.039,11.6188,0.000496,11.9918,0.001768,11.0741,0.001169,10.029,0.031,9.969,0.031,9.318,0.066,7.133,0.177,BDSB93,15.848931924611142,Cantat-Gaudin2020,8716.0,5.38192,
124333434,3.0508696830172e+18,104.296859621688,-8.19635356954751,0.750515,12.5455,13.208,0.034,12.98,0.15,11.774,0.048,11.005,,10.69,,12.8245,0.000363,13.0188,0.001845,12.4664,0.001098,,,,,,,,,BDSB93,15.848931924611142,Cantat-Gaudin2020,7591.0,2.17316,1.76
124333448,3.0508696873165573e+18,104.295631436916,-8.20224249829556,0.744218,12.9893,13.867,0.025,13.457,0.092,12.338,0.022,12.212,0.025,12.157,0.029,13.3398,0.000258,13.593,0.001875,12.9141,0.000984,11.983,0.023,12.13,0.025,11.209,,8.534,,BDSB93,15.848931924611142,Cantat-Gaudin2020,7073.0,1.97569,1.57
281720066,3.101888538673257e+18,102.625161792223,-5.45553860799592,0.111504,15.5403,16.335,0.113,16.102,1.133,14.685,0.035,14.431,0.044,14.208,0.062,16.0262,0.00086,16.4344,0.00383,15.4457,0.00323,14.254,0.045,14.218,0.061,11.895,,8.797,,FSR_1125,120.22644346174133,Cantat-Gaudin2020,8325.0,3.10542,2.05
281720076,3.101888500011513e+18,102.642069495747,-5.45306537818113,0.0769364,15.9239,17.09,0.117,16.493,1.133,15.117,0.041,14.786,0.056,14.606,0.088,16.4241,0.000937,16.8458,0.004107,15.8323,0.00247,,,,,,,,,FSR_1125,120.22644346174133,Cantat-Gaudin2020,8223.0,2.74466,2.02
281720088,3.1018885043135e+18,102.640941869672,-5.450269642487,0.167368,14.5143,15.906,0.047,15.342,0.15,13.352,,13.277,0.053,12.968,,15.0828,0.000546,15.5526,0.002652,14.4279,0.001924,12.689,0.023,12.69,0.028,12.239,0.435,8.785,,FSR_1125,120.22644346174133,Cantat-Gaudin2020,7512.0,4.8843,1.73
281720091,3.10188812635636e+18,102.66755886323,-5.4483147053884,-0.0321944,16.3652,17.411,0.121,17.2262,0.046,15.315,0.052,15.036,0.1,14.743,0.113,16.9495,0.001176,17.468,0.006969,16.2646,0.005457,14.661,0.035,14.673,0.062,12.44,,8.853,,FSR_1125,120.22644346174133,Cantat-Gaudin2020,8964.0,2.81461,2.26
281720092,3.101888744831687e+18,102.616519649711,-5.44820902337956,0.0880465,15.9629,17.352,0.117,16.44,1.133,15.016,0.041,14.693,0.079,14.743,0.106,16.5271,0.001094,16.9891,0.010571,15.8682,0.005162,14.356,0.032,14.307,0.056,11.924,,8.951,,FSR_1125,120.22644346174133,Cantat-Gaudin2020,7666.0,2.81427,1.8
281720117,3.1018887448316856e+18,102.612671859674,-5.44357177761663,0.200653,14.0458,15.01,0.079,14.856,0.103,13.094,0.028,12.898,0.025,12.746,0.026,14.5985,0.000365,15.0509,0.002396,13.959,0.00163,12.605,0.026,12.614,0.032,11.594,,8.024,,FSR_1125,120.22644346174133,Cantat-Gaudin2020,7473.0,5.29821,
281720119,3.101888744831689e+18,102.607945746058,-5.44320573442069,0.124592,15.5559,16.963,0.116,16.464,1.133,14.565,0.036,14.241,0.047,14.2,0.078,16.154,0.001075,16.6576,0.005115,15.4791,0.002648,14.011,0.028,14.013,0.049,12.545,,8.296,,FSR_1125,120.22644346174133,Cantat-Gaudin2020,7357.0,3.34402,1.67
281720160,3.101888774889452e+18,102.62372650098,-5.43443559470511,0.0510336,16.4063,17.758,0.117,17.3573,0.0461,15.388,0.04,15.241,0.077,15.234,0.162,17.0535,0.001415,17.5989,0.009304,16.333,0.00396,14.801,0.032,15.215,0.102,12.027,,8.954,,FSR_1125,120.22644346174133,Cantat-Gaudin2020,7003.0,2.42756,1.54
281720217,3.1018892215660754e+18,102.622977468591,-5.42031887808236,0.00309243,16.029,17.233,0.12,16.8238,0.046,15.006,0.047,14.71,0.078,14.661,0.096,16.5844,0.001128,17.0529,0.005448,15.941,0.005154,14.593,0.036,14.626,0.066,12.515,,8.525,,FSR_1125,120.22644346174133,Cantat-Gaudin2020,7911.0,3.19787,1.89
281720247,3.101935783313492e+18,102.601190470958,-5.41314501219893,0.0904901,15.6082,17.197,0.021,16.379,1.133,14.651,0.043,14.446,0.063,14.186,0.065,16.1834,0.00082,16.6623,0.006566,15.522,0.006802,14.134,0.037,14.195,0.059,11.989,,8.481,,FSR_1125,120.22644346174133,Cantat-Gaudin2020,7589.0,3.4123,1.76
756110096,3.1018888135511706e+18,102.59943553234,-5.44150817302264,0.0181264,15.2773,,,15.9794,0.046,,,,,,,15.7612,0.001361,16.1917,0.0076,15.1352,0.003055,,,,,,,,,FSR_1125,120.22644346174133,Cantat-Gaudin2020,11812.0,4.29292,3.14
124329213,3.100783220251082e+18,104.244255830807,-6.59990455036389,0.48877,13.6558,14.034,0.012,13.775,0.183,13.047,0.047,12.993,0.062,12.883,0.049,13.868,0.000269,14.0177,0.001642,13.5781,0.001353,12.3,0.024,12.327,0.025,12.384,,9.041,,FSR_1144,64.56542290346549,Cantat-Gaudin2020,8162.0,1.80353,1.99
124329252,3.1007844228419087e+18,104.286344198031,-6.60977087735969,0.489116,14.098,14.759,0.032,14.513,0.16,13.61,0.026,13.57,0.041,13.46,0.035,14.349,0.000324,14.5254,0.00278,14.0267,0.001176,13.342,0.026,13.508,0.034,12.498,0.446,8.894,,FSR_1144,64.56542290346549,Cantat-Gaudin2020,7644.0,1.53701,1.79
124329309,3.10078218515572e+18,104.287978785467,-6.62694665402357,0.554226,12.4851,12.727,0.02,12.673,0.08,12.164,0.032,12.107,0.045,12.047,0.033,12.6178,0.000808,12.7005,0.003498,12.4021,0.002278,11.779,0.022,11.823,0.021,11.573,0.24,8.73,,FSR_1144,64.56542290346549,Cantat-Gaudin2020,8662.0,2.46878,2.17
124329315,3.10078218945893e+18,104.281864502113,-6.62814416229751,0.483059,13.2471,13.927,0.028,13.582,0.08,12.729,0.024,12.635,0.031,12.576,0.026,13.5127,0.000251,13.7023,0.001445,13.1783,0.001065,12.425,0.024,12.481,0.024,11.922,0.298,8.204,,FSR_1144,64.56542290346549,Cantat-Gaudin2020,7532.0,2.3472,1.74
124329379,3.10078208637973e+18,104.277128646657,-6.64746778593899,0.478343,11.9877,12.648,0.55,12.242,0.039,11.749,0.024,11.743,0.023,11.729,0.023,12.0454,0.000901,12.0813,0.003907,11.8962,0.0023,11.703,0.023,11.724,0.022,12.197,0.4,8.259,,FSR_1144,64.56542290346549,Cantat-Gaudin2020,10043.0,3.17056,2.57
124504989,3.100783529488688e+18,104.333538058578,-6.61221666182895,0.526574,13.9357,14.591,0.012,14.261,0.172,13.43,0.027,13.248,0.022,13.192,0.035,14.2096,0.000286,14.4017,0.001584,13.8571,0.001114,12.978,0.026,12.987,0.029,12.864,,9.051,,FSR_1144,64.56542290346549,Cantat-Gaudin2020,7662.0,1.59614,1.79
123545259,3.099271043864069e+18,102.966735352131,-7.19632447666762,0.834958,12.489,12.968,0.074,12.677,0.092,12.102,0.022,12.005,0.024,11.967,0.023,12.6674,0.000336,12.7991,0.001191,12.4214,0.000875,11.939,0.023,11.943,0.023,11.886,0.251,9.017,,NGC_2302,107.15193052376048,Cantat-Gaudin2020,8307.0,1.77603,2.05
123545534,3.099278298069103e+18,102.975345675673,-7.10120528991398,0.655041,11.7573,12.049,0.318,11.669,0.023,11.444,0.022,11.37,0.025,11.349,0.024,11.8709,0.000289,11.9575,0.002146,11.6769,0.001331,11.296,0.023,11.317,0.021,11.439,0.18,9.281,,NGC_2302,107.15193052376048,Cantat-Gaudin2020,9391.0,2.85383,2.39
123545566,3.099278534294862e+18,102.977193333516,-7.08959941455913,0.736715,12.6125,12.939,0.096,12.769,0.103,12.294,0.033,12.233,0.038,12.144,0.032,12.7397,0.000364,12.8438,0.002735,12.5342,0.002228,11.777,0.022,11.881,0.021,12.406,,9.055,,NGC_2302,107.15193052376048,Cantat-Gaudin2020,9477.0,1.75445,2.41
123545616,3.09927860730674e+18,102.961836732054,-7.0749584449587,0.831743,12.8877,14.02,0.108,13.115,0.103,12.457,0.022,12.333,0.022,12.288,0.029,13.1031,0.000414,13.2658,0.001416,12.8147,0.001387,12.186,0.024,12.214,0.025,11.912,,8.548,,NGC_2302,107.15193052376048,Cantat-Gaudin2020,8308.0,1.55902,2.05
123577128,3.099282180719496e+18,102.989208275086,-7.01899603486658,0.949013,11.1962,11.308,0.168,11.261,0.016,10.95,0.024,10.916,0.025,10.964,0.026,11.2781,0.000538,11.3437,0.004876,11.1177,0.000865,10.871,0.023,10.892,0.02,10.984,0.12,8.47,,NGC_2302,107.15193052376048,Cantat-Gaudin2020,9739.0,2.50063,2.49
123577348,3.0992783281260534e+18,102.990186960979,-7.09102469582955,0.917919,11.6619,11.757,0.274,11.782,0.029,11.376,0.026,11.356,0.025,11.351,0.026,11.731,0.000451,11.7949,0.002436,11.5797,0.00122,,,,,,,,,NGC_2302,107.15193052376048,Cantat-Gaudin2020,10387.0,2.0026,2.68
124189012,3.099226243066988e+18,103.8728474944,-7.21064565313039,0.294612,14.0166,15.155,0.128,14.407,0.092,13.296,0.029,13.082,0.032,12.98,0.033,14.4014,0.000292,14.712,0.002039,13.9123,0.001434,12.905,0.023,12.949,0.028,11.894,,8.997,,NGC_2309,117.48975549395304,Cantat-Gaudin2020,8694.0,3.13972,2.18
124189234,3.09923098471083e+18,103.924389652012,-7.14401892019222,0.366952,12.5181,13.198,0.107,12.812,0.103,12.04,0.024,11.91,0.022,11.854,0.027,12.7481,0.000543,12.921,0.002223,12.4232,0.001125,11.79,0.023,11.789,0.022,11.677,0.223,8.869,,NGC_2309,117.48975549395304,Cantat-Gaudin2020,8879.0,4.10877,2.24
124195703,3.100732780155542e+18,103.990459469211,-7.08975582883346,0.375268,13.4324,14.164,0.109,13.682,0.114,12.898,0.026,12.797,0.031,12.676,0.027,13.6739,0.000239,13.8595,0.00164,13.3326,0.001037,12.647,0.023,12.659,0.024,12.149,,8.453,,NGC_2309,117.48975549395304,Cantat-Gaudin2020,9110.0,2.67989,2.3
124195877,3.099228201571984e+18,103.996031044026,-7.14360600599967,0.352798,14.1681,15.128,0.109,14.569,0.126,13.518,0.024,13.416,0.025,13.247,0.038,14.5151,0.000271,14.7792,0.001255,14.0833,0.00077,13.264,0.027,13.282,0.031,12.415,,8.979,,NGC_2309,117.48975549395304,Cantat-Gaudin2020,7845.0,2.32345,1.87
124196151,3.0992268615422285e+18,103.990109846493,-7.19963734204717,0.287672,12.2039,12.464,0.435,12.526,0.046,11.694,0.024,11.568,0.022,11.509,0.023,12.3925,0.000889,12.5606,0.003334,12.0715,0.002414,11.466,0.024,11.497,0.024,11.656,0.249,9.075,,NGC_2309,117.48975549395304,Cantat-Gaudin2020,13641.0,,
124196181,3.099226827182501e+18,103.976863008035,-7.2051761350611,0.321383,15.1651,13.705,0.065,15.705,0.263,14.488,0.032,14.207,0.044,14.086,0.075,15.5951,0.000755,15.9286,0.003175,15.0791,0.003212,,,,,,,,,NGC_2309,117.48975549395304,Cantat-Gaudin2020,7507.0,1.79162,1.73
124195673,3.1007299626569774e+18,104.025723589028,-7.07742117494922,0.362225,14.2035,15.214,0.163,14.59,0.16,13.535,0.022,13.449,0.029,13.404,0.037,14.5551,0.000306,14.8276,0.001317,14.1134,0.002302,13.296,0.026,13.301,0.032,12.57,0.527,8.927,,NGC_2309,117.48975549395304,Cantat-Gaudin2020,8107.0,2.2633,1.97
124195842,3.100729447260927e+18,104.027147930133,-7.1352302478844,0.300883,15.7386,15.271,0.132,16.6915,0.0459,14.653,0.092,14.384,0.07,14.184,0.072,16.3858,0.000721,16.9282,0.004889,15.6582,0.002835,,,,,,,,,NGC_2309,117.48975549395304,Cantat-Gaudin2020,7151.0,1.98201,1.59
124195848,3.100728691346684e+18,104.027304118205,-7.13638309749837,0.448507,14.8019,15.903,0.137,15.213,0.138,14.098,0.027,13.952,0.071,13.801,0.062,15.2224,0.000388,15.5539,0.002069,14.7177,0.001403,13.305,0.027,13.485,0.037,12.397,,8.557,,NGC_2309,117.48975549395304,Cantat-Gaudin2020,7676.0,1.54246,1.8
124195860,3.1007286569869363e+18,104.055000858847,-7.13844103355107,0.343125,14.3646,15.969,0.134,15.021,0.069,13.401,0.027,13.145,0.029,12.974,0.034,14.9312,0.000307,15.3909,0.002542,14.2837,0.001609,12.753,0.025,12.771,0.027,11.781,,8.901,0.5,NGC_2309,117.48975549395304,Cantat-Gaudin2020,7054.0,2.97043,1.56
124195899,3.0992282359317187e+18,104.005281936098,-7.14765155609923,0.371816,14.0693,15.039,0.113,14.572,0.092,13.364,0.036,13.181,0.039,13.091,0.044,14.4698,0.000277,14.7714,0.001282,13.9882,0.000874,12.86,0.026,12.899,0.029,12.583,,9.031,,NGC_2309,117.48975549395304,Cantat-Gaudin2020,7257.0,2.48886,1.63
124196030,3.099227166476309e+18,104.033749526985,-7.17501199968795,0.327006,13.6489,14.717,0.0,14.077,0.149,13.034,0.026,12.88,0.025,12.866,0.03,13.9819,0.000229,14.2432,0.001396,13.5598,0.000797,12.595,0.024,12.63,0.029,12.34,0.41,8.923,,NGC_2309,117.48975549395304,Cantat-Gaudin2020,8277.0,3.13593,2.04
124196068,3.099227273859544e+18,104.007911456451,-7.18317785644689,0.402275,14.3681,14.482,0.097,14.651,0.172,13.788,0.021,13.658,0.029,13.546,0.045,14.679,0.000357,14.9123,0.001838,14.2859,0.001247,13.394,0.026,13.414,0.035,12.173,,8.971,,NGC_2309,117.48975549395304,Cantat-Gaudin2020,7904.0,1.78574,1.89
124196153,3.051188683127424e+18,104.050743675565,-7.1997357274387,0.328218,14.7358,16.01,0.121,15.238,0.103,13.889,,13.829,0.063,13.665,0.065,15.1777,0.000389,15.5186,0.002692,14.6493,0.001455,13.111,0.025,13.191,0.032,11.756,,8.635,,NGC_2309,117.48975549395304,Cantat-Gaudin2020,7380.0,2.1792,1.68
124196402,3.051187755414518e+18,104.02015364563,-7.26141128684291,0.310829,14.0121,14.741,0.112,14.27,0.137,13.486,0.024,13.332,0.028,13.376,0.043,14.2318,0.00027,14.4152,0.002185,13.8991,0.001395,13.25,0.025,13.307,0.033,12.113,,8.629,,NGC_2309,117.48975549395304,Cantat-Gaudin2020,10471.0,2.33344,2.7
124323680,3.0511871025794714e+18,104.108710757567,-7.29066345147584,0.313819,12.4076,13.082,0.091,12.619,0.103,11.726,0.03,11.625,0.038,11.544,0.027,12.6483,0.000315,12.8079,0.005581,12.2381,0.003347,11.344,0.022,11.322,0.022,11.269,0.16,8.708,,NGC_2309,117.48975549395304,Cantat-Gaudin2020,11406.0,4.80594,3.0
279789103,3.1005722471540265e+18,100.468113031396,-5.72997258528757,0.757738,12.1904,12.66,0.029,12.401,0.069,11.747,0.022,11.704,0.022,11.627,0.019,12.3686,0.000279,12.5063,0.002572,12.1174,0.000803,11.573,0.024,11.588,0.021,11.4,0.188,8.272,,UBC_216,61.65950018614822,Cantat-Gaudin2020,8667.0,2.24101,2.17
279789326,3.1005738320029844e+18,100.418616005557,-5.65307477211004,0.908738,12.3695,13.275,0.053,12.755,0.103,11.782,0.024,11.696,0.026,11.575,0.023,12.6992,0.000392,12.9528,0.001164,12.3011,0.000897,11.528,0.023,11.543,0.021,11.558,0.201,8.845,,UBC_216,61.65950018614822,Cantat-Gaudin2020,7547.0,2.12667,1.75
118722544,3.002738286629474e+18,99.5272390208665,-8.78154855447785,1.25448,11.9929,12.114,0.344,12.654,0.241,11.611,0.027,11.461,0.026,11.409,0.019,12.1907,0.000337,12.339,0.001943,11.934,0.001283,11.389,0.023,11.392,0.022,11.327,0.138,8.858,,UPK_436,25.703957827688647,Cantat-Gaudin2020,7996.0,1.52593,1.93
119242418,3.099648279431562e+18,100.379055403893,-7.82530486613911,1.24725,12.2905,12.884,0.557,12.879,0.054,11.774,0.024,11.508,0.024,11.457,0.026,12.6119,0.000285,12.8495,0.001347,12.2271,0.001427,11.371,0.024,11.41,0.022,11.725,0.334,8.702,,UPK_436,25.703957827688647,Cantat-Gaudin2020,7120.0,1.58431,1.58
119688967,3.0989733210284534e+18,100.947344640235,-7.89291666037532,1.0438,11.3045,11.477,0.164,11.277,0.013,11.081,0.022,11.129,0.022,11.123,0.021,11.3148,0.000692,11.3507,0.002271,11.2424,0.001206,10.902,0.022,10.895,0.021,10.761,0.098,9.105,,UPK_436,25.703957827688647,Cantat-Gaudin2020,11016.0,1.88032,2.87
53409369,3.103604154767529e+18,100.033577015615,-5.28983844404531,3.47004,8.12955,8.148,0.029,8.13,0.03,8.07,0.035,8.092,0.049,8.058,0.021,8.11445,0.000681,8.14157,0.001338,8.09797,0.002085,8.016,0.023,8.056,0.019,8.081,0.02,7.972,0.183,Theia55,22.387211385683376,Kounkel2020,10178.0,2.4373,2.614
36451820,3.1021720752329283e+18,102.244578664064,-5.02735716094635,3.95795,9.66865,10.256,0.066,9.955,0.005,9.359,0.023,9.232,0.023,9.171,0.019,9.89163,0.001308,10.067,0.005056,9.63169,0.002988,9.132,0.023,9.136,0.02,9.099,0.031,8.887,0.444,Theia55,22.387211385683376,Kounkel2020,7403.0,1.4711,1.69
120269103,3.1003791497230966e+18,101.693876993792,-6.14477005375858,2.71315,8.26522,8.419,0.0,8.34,0.03,8.098,0.021,8.079,0.059,8.035,0.027,8.31834,0.000651,8.38176,0.00156,8.23615,0.001261,7.969,0.024,7.993,0.02,7.993,0.021,8.059,0.211,Theia55,22.387211385683376,Kounkel2020,8844.0,3.25795,2.225
120539773,3.0505613773864484e+18,102.187124487148,-9.12693281519853,4.23582,8.44156,8.489,0.029,8.425,0.003,8.34,0.026,8.357,0.044,8.35,0.021,8.4379,0.000426,8.47025,0.001285,8.41486,0.000763,8.328,0.023,8.361,0.02,8.381,0.024,8.126,0.238,Theia55,22.387211385683376,Kounkel2020,9702.0,1.76837,2.475
120541872,3.098677376305645e+18,102.205398833386,-8.31025009121299,3.70114,8.38416,8.265,0.031,8.34,0.03,8.357,0.023,8.442,0.044,8.428,0.021,8.31622,0.000545,8.30877,0.000924,8.35408,0.001171,8.415,0.023,8.443,0.02,8.035,0.021,6.793,0.076,Theia55,22.387211385683376,Kounkel2020,11173.0,1.83067,2.925
123577859,3.099257574846632e+18,102.988837815072,-7.2885511709924,3.45637,9.46827,9.764,0.052,9.523,0.004,9.276,0.021,9.192,0.023,9.134,0.021,9.57175,0.000438,9.6651,0.001764,9.43674,0.002326,9.082,0.022,9.067,0.021,8.99,0.032,8.511,0.341,Theia55,22.387211385683376,Kounkel2020,8292.0,1.58061,2.041
120747422,3.0995951292149274e+18,102.587621140657,-6.19279835789503,3.95883,7.66772,,,7.6,0.03,7.727,0.024,7.767,0.038,7.764,0.02,7.56456,0.000585,7.54481,0.001717,7.64869,0.003191,7.742,0.027,7.792,0.021,7.837,0.022,7.851,0.234,Theia55,22.387211385683376,Kounkel2020,12290.0,,
120741285,3.099168376962953e+18,102.366426525326,-7.47621002184665,3.60324,10.0781,10.7,0.097,10.447,0.007,9.721,0.027,9.546,0.022,9.51,0.023,10.3461,0.000424,10.5486,0.001952,10.0354,0.001102,9.473,0.022,9.495,0.02,9.415,0.039,8.536,0.357,Theia55,22.387211385683376,Kounkel2020,7001.0,1.42666,1.539
123958468,3.099235657634345e+18,103.636941190722,-7.20413097935333,3.46148,9.57177,9.934,0.056,9.648,0.004,9.342,0.023,9.25,0.024,9.185,0.025,9.71253,0.000453,9.82398,0.00084,9.53336,0.000865,9.106,0.023,9.114,0.021,9.082,0.033,8.34,0.328,Theia55,22.387211385683376,Kounkel2020,7964.0,1.57321,1.916
124193581,3.100854001311265e+18,103.957860834275,-6.31682415132048,2.96666,10.0108,10.377,0.084,10.171,0.007,9.748,0.026,9.659,0.024,9.561,0.023,10.1944,0.00061,10.338,0.002064,9.97349,0.002055,9.544,0.023,9.546,0.02,9.542,0.042,8.45,,Theia55,22.387211385683376,Kounkel2020,7638.0,1.5824,1.784
124328800,3.100795486676753e+18,104.271345676802,-6.45385581800414,3.48431,9.45169,9.859,0.056,9.629,0.004,9.173,0.029,9.141,0.029,9.059,0.021,9.57641,0.000429,9.681,0.001379,9.41795,0.000875,8.983,0.023,8.992,0.02,8.983,0.034,8.26,,Theia55,22.387211385683376,Kounkel2020,8080.0,1.61955,1.962
119941031,2.9543363459696543e+18,101.351149999799,-9.98025932747582,4.30269,8.44314,8.448,0.03,8.45,0.03,8.341,0.034,8.386,0.059,8.35,0.034,8.42706,0.00045,8.44886,0.001234,8.40976,0.000935,8.306,0.023,8.337,0.019,8.361,0.023,8.457,0.315,Theia69,35.481338923357534,Kounkel2020,10062.0,1.70377,2.579
119748461,3.0988040649575235e+18,101.069727131459,-8.41714331881651,3.59939,9.38627,9.783,0.05,9.557,0.004,9.085,0.026,9.043,0.026,8.952,0.021,9.52465,0.000337,9.63924,0.001356,9.34471,0.001891,8.906,0.024,8.918,0.02,8.872,0.029,8.102,0.227,Theia72,35.481338923357534,Kounkel2020,8205.0,1.65447,2.009
119546844,3.098799215934293e+18,100.767786187774,-8.50558147631125,3.82463,9.41818,9.872,0.058,9.56,0.004,9.173,0.023,9.085,0.022,9.044,0.019,9.56622,0.000909,9.69389,0.002058,9.39125,0.001617,9.048,0.023,9.071,0.02,8.947,0.031,7.987,0.229,Theia72,35.481338923357534,Kounkel2020,7890.0,1.54228,1.886
119687151,3.098793993257463e+18,100.966003902615,-8.60202155431376,3.7564,9.38631,9.716,0.051,9.527,0.004,9.223,0.026,9.107,0.024,9.084,0.021,9.49693,0.000349,9.60481,0.002937,9.35007,0.002792,9.044,0.023,9.07,0.022,9.074,0.031,9.051,0.515,Theia72,35.481338923357534,Kounkel2020,8672.0,1.53004,2.171
120542188,3.09868521462478e+18,102.203212936741,-8.20209251814641,3.27986,9.28686,9.479,0.045,9.325,0.004,9.161,0.023,9.125,0.023,9.065,0.019,9.34886,0.000572,9.41821,0.001226,9.25622,0.001128,9.048,0.022,9.089,0.021,8.934,0.033,7.885,0.205,Theia72,35.481338923357534,Kounkel2020,8798.0,1.70888,2.211
123740448,3.050237708649675e+18,103.327296915467,-9.69033750503186,4.20742,7.87952,7.76,0.026,7.83,0.03,7.955,0.035,7.945,0.046,7.972,0.031,7.80225,0.000671,7.79586,0.001766,7.8591,0.001576,7.938,0.025,7.973,0.02,7.965,0.02,7.92,0.231,Theia72,35.481338923357534,Kounkel2020,11229.0,2.00173,2.943
118879398,3.0996027914361887e+18,99.805611945797,-8.34426951744994,1.27515,11.065,11.212,0.144,10.943,0.011,10.84,0.023,10.822,0.022,10.814,0.023,11.1019,0.000592,11.1449,0.003025,11.0027,0.00116,10.764,0.023,10.779,0.022,10.8,0.131,8.935,,Theia90,11.748975549395302,Kounkel2020,9972.0,1.83063,2.55
118787517,3.100097086332569e+18,99.5023669741607,-6.75759542765536,0.978633,12.5,13.299,0.503,12.539,0.036,12.052,0.024,11.947,0.023,11.936,0.026,12.7351,0.000275,12.9124,0.001168,12.4365,0.001111,11.85,0.023,11.886,0.023,11.841,0.257,8.995,,Theia90,11.748975549395302,Kounkel2020,7906.0,1.62135,1.89
118937223,3.002769730089612e+18,99.9154143459801,-8.53779687204034,1.24166,12.52,13.349,0.052,12.912,0.114,12.024,0.023,11.892,0.023,11.853,0.026,12.8272,0.000421,13.0512,0.002299,12.459,0.001662,11.788,0.024,11.793,0.022,11.835,0.276,8.366,,Theia90,11.748975549395302,Kounkel2020,7046.0,1.404,1.56
118795696,3.0027635453367834e+18,99.5918231132921,-8.66015395863114,1.13703,12.543,13.419,0.034,12.976,0.08,12.006,0.024,11.785,0.023,11.706,0.024,12.8711,0.000399,13.1145,0.0012,12.4771,0.000885,11.666,0.023,11.641,0.02,11.345,0.186,9.024,,Theia90,11.748975549395302,Kounkel2020,7182.0,1.55691,1.61
118936427,3.099610277558132e+18,99.8169318678103,-8.16769338852765,1.13334,12.5041,13.274,0.041,12.853,0.103,12.009,0.026,11.868,0.024,11.793,0.023,12.7925,0.001473,13.0091,0.005381,12.4365,0.004193,11.779,0.024,11.79,0.023,11.825,0.256,8.739,0.432,Theia90,11.748975549395302,Kounkel2020,7641.0,1.50729,1.78
118879093,3.0027739520376515e+18,99.8052894824463,-8.49071803801609,1.12566,11.6002,11.999,0.301,12.062,0.033,11.171,0.026,11.007,0.022,10.941,0.024,11.864,0.000367,12.0623,0.00172,11.5308,0.00068,10.855,0.022,10.851,0.021,10.758,0.102,8.924,,Theia90,11.748975549395302,Kounkel2020,7871.0,2.2327,1.88
118926276,3.099633367302307e+18,99.7779933437976,-7.97582406715451,1.01294,11.9884,12.169,0.329,12.124,0.046,11.695,0.029,11.628,0.032,11.585,0.027,12.0796,0.000364,12.1654,0.001666,11.9067,0.000997,11.58,0.024,11.599,0.023,11.495,0.228,8.009,,Theia90,11.748975549395302,Kounkel2020,10364.0,1.6143,2.67
119062301,3.099619181031193e+18,99.9950974358846,-8.00590174375363,1.13415,11.8695,12.17,0.348,12.253,0.038,11.381,0.023,11.21,0.022,11.161,0.021,12.1782,0.000334,12.4049,0.000974,11.8066,0.0013,11.128,0.022,11.138,0.021,11.289,0.176,8.789,,Theia90,11.748975549395302,Kounkel2020,7158.0,2.08887,1.6
119232116,3.0996379027905823e+18,100.174944346178,-8.05014936379134,1.16345,11.672,11.953,0.308,11.875,0.028,11.323,0.027,11.213,0.022,11.175,0.023,11.8082,0.000354,11.9137,0.00173,11.6105,0.000952,11.165,0.025,11.164,0.025,11.181,0.174,8.887,,Theia90,11.748975549395302,Kounkel2020,8599.0,1.76078,2.15
119174032,3.098833511253156e+18,100.185970565254,-8.53935482214384,1.21617,12.4554,13.262,0.041,12.798,0.092,11.988,0.024,11.806,0.022,11.781,0.021,12.75,0.000338,12.9632,0.001533,12.3944,0.001138,11.767,0.023,11.775,0.022,11.737,0.287,8.678,,Theia90,11.748975549395302,Kounkel2020,7107.0,1.44778,1.58
119293329,3.002679909435616e+18,100.328029696261,-9.02807040334678,1.16908,11.809,12.113,0.041,11.958,0.08,11.533,0.027,11.491,0.026,11.471,0.024,11.9143,0.000344,11.9991,0.00272,11.749,0.002102,11.44,0.023,11.464,0.022,10.99,0.142,8.358,,Theia90,11.748975549395302,Kounkel2020,8873.0,1.57529,2.23
119070957,3.0998180508979507e+18,100.107796809265,-7.37274117027381,1.26831,11.8431,12.079,0.316,12.12,0.033,11.498,0.026,11.439,0.023,11.378,0.024,12.0123,0.000268,12.1428,0.001855,11.7818,0.001137,11.307,0.023,11.299,0.021,11.349,0.169,8.42,,Theia90,11.748975549395302,Kounkel2020,8356.0,1.56707,2.06
119071191,3.099720404819473e+18,100.056157425469,-7.47645348901309,1.17046,12.3724,13.108,0.092,12.746,0.08,11.936,0.029,11.772,0.022,11.784,0.021,12.6458,0.000342,12.8471,0.0008,12.3121,0.000945,,,,,,,,,Theia90,11.748975549395302,Kounkel2020,7390.0,1.51646,1.68
119239581,3.100068743849504e+18,100.368693317195,-6.69813803028489,1.1758,11.4449,11.928,0.233,11.227,0.016,11.245,0.026,11.179,0.023,11.172,0.023,11.5643,0.000381,11.6623,0.001857,11.3916,0.00104,11.189,0.023,11.195,0.022,11.332,0.172,8.4,,Theia90,11.748975549395302,Kounkel2020,8624.0,1.88833,2.16
119072961,3.098860926024024e+18,100.103331165565,-8.20202476916072,1.17804,12.2467,12.81,0.029,12.505,0.057,11.819,0.026,11.692,0.029,11.597,0.019,12.4514,0.000331,12.6099,0.002095,12.1722,0.000717,11.517,0.023,11.498,0.022,11.645,0.247,8.339,,Theia90,11.748975549395302,Kounkel2020,8550.0,1.47416,2.131
118877967,3.002715987163492e+18,99.7386803317271,-9.02507183252181,1.22562,12.323,12.928,0.038,12.586,0.114,11.908,0.024,11.816,0.022,11.763,0.024,12.5492,0.000291,12.7233,0.001023,12.254,0.001429,11.679,0.023,11.66,0.023,11.159,0.179,8.542,,Theia90,11.748975549395302,Kounkel2020,8218.0,1.40519,2.01
119550614,3.099858835905459e+18,100.689884176839,-6.96434361971201,1.44451,11.969,11.813,0.043,12.314,0.057,11.609,0.024,11.498,0.023,11.424,0.024,12.1938,0.000198,12.3573,0.001701,11.9081,0.001847,11.125,0.022,11.069,0.021,10.433,0.094,8.418,,Theia90,11.748975549395302,Kounkel2020,7724.0,1.38777,1.82
119368040,3.0997485755069865e+18,100.506734290018,-7.61087749281285,1.26069,11.6745,11.718,0.229,11.72,0.024,11.467,0.026,11.451,0.022,11.45,0.023,11.7322,0.000487,11.7858,0.001413,11.6223,0.002326,11.394,0.022,11.406,0.021,11.027,0.125,8.712,,Theia90,11.748975549395302,Kounkel2020,9164.0,1.45143,2.32
119366385,3.0988655001693573e+18,100.528495222553,-8.27572445689926,1.08989,12.5595,13.349,0.031,12.949,0.092,12.116,0.027,11.919,0.023,11.893,0.023,12.8486,0.000301,13.0678,0.001251,12.489,0.001493,11.795,0.024,11.805,0.023,11.835,0.263,8.502,,Theia90,11.748975549395302,Kounkel2020,7780.0,1.52935,1.842
119232023,3.098886936348484e+18,100.221306366959,-8.09331850297547,1.1481,12.4825,13.225,0.056,12.837,0.092,12.024,0.023,11.865,0.022,11.826,0.023,12.7535,0.000393,12.9573,0.00156,12.4168,0.001983,11.812,0.023,11.814,0.024,11.666,0.231,8.852,,Theia90,11.748975549395302,Kounkel2020,7705.0,1.46584,1.81
119378091,3.098867389954909e+18,100.594008816126,-8.20007133731857,1.19901,12.6604,13.507,0.037,13.079,0.092,12.141,0.026,11.991,0.027,11.903,0.023,12.9865,0.000468,13.2274,0.001036,12.5946,0.00084,11.9,0.023,11.908,0.023,11.653,0.2,8.982,,Theia90,11.748975549395302,Kounkel2020,7159.0,1.39648,1.6
119062993,3.099662646100052e+18,100.046295023957,-7.7194530516291,1.19352,12.3717,13.047,0.085,12.693,0.103,11.954,0.024,11.826,0.023,11.79,0.024,12.6287,0.000369,12.8173,0.000939,12.313,0.000583,11.722,0.022,11.733,0.022,11.75,0.204,8.992,,Theia90,11.748975549395302,Kounkel2020,7449.0,1.45176,1.71
119232621,3.099644950834756e+18,100.282351965613,-7.85746553017651,1.19077,12.1298,12.349,0.419,12.28,0.038,11.814,0.026,11.749,0.024,11.713,0.019,12.2599,0.000468,12.3659,0.002438,12.0604,0.0016,11.694,0.023,11.707,0.022,11.482,0.179,9.12,,Theia90,11.748975549395302,Kounkel2020,9102.0,1.37801,2.3
119365646,3.098785746920254e+18,100.525653251829,-8.59802639937363,1.1457,12.3236,12.658,0.564,12.414,0.043,11.877,0.026,11.763,0.024,11.698,0.024,12.5651,0.000315,12.7544,0.002071,12.246,0.001095,11.668,0.023,11.681,0.022,11.597,0.235,8.653,,Theia90,11.748975549395302,Kounkel2020,8475.0,1.54072,2.11
120448926,3.0986781708785664e+18,102.092106364906,-8.2995704801638,1.18699,12.468,13.301,0.024,12.851,0.08,11.993,0.024,11.822,0.022,11.784,0.024,12.771,0.001238,12.9953,0.004629,12.4056,0.002885,11.737,0.023,11.755,0.022,11.571,0.222,8.536,,Theia90,11.748975549395302,Kounkel2020,7254.0,1.49164,1.633
119377238,3.0988967975933865e+18,100.567722875937,-7.88881286318223,1.16795,11.792,11.803,0.23,11.604,0.019,11.565,0.026,11.481,0.023,11.455,0.025,11.8673,0.000419,11.9347,0.001036,11.7203,0.001236,11.426,0.023,11.453,0.022,11.177,0.148,8.795,,Theia90,11.748975549395302,Kounkel2020,9799.0,1.50991,2.5
35949793,3.1021596026476984e+18,101.709249969446,-5.03522654110062,1.74811,10.671,10.861,0.104,10.611,0.008,10.454,0.023,10.47,0.025,10.412,0.023,10.7384,0.000411,10.8094,0.000774,10.622,0.001266,10.382,0.024,10.409,0.022,10.283,0.07,8.183,,Theia118,34.673685045253166,Kounkel2020,9337.0,1.68914,2.371
123844517,3.0992882623938263e+18,103.428244548418,-7.07484107627291,1.79386,9.5049,9.443,0.045,9.519,0.005,9.5,0.022,9.51,0.023,9.501,0.019,9.44408,0.000344,9.44313,0.001924,9.46786,0.001303,9.464,0.022,9.509,0.019,9.51,0.039,8.486,,Theia118,34.673685045253166,Kounkel2020,11807.0,2.19254,3.138
119849812,3.0986149833189e+18,101.176429918541,-8.47571963007812,2.51128,10.4517,11.057,0.119,10.715,0.008,10.118,0.026,10.035,0.024,9.961,0.021,10.636,0.000343,10.7808,0.000953,10.4098,0.000923,9.945,0.023,9.956,0.021,9.92,0.052,8.936,,Theia118,34.673685045253166,Kounkel2020,7785.0,1.53062,1.844
119935815,3.098926931082286e+18,101.275169742104,-7.98542407199785,2.5803,9.9626,10.067,0.056,9.996,0.005,9.841,0.026,9.838,0.024,9.817,0.021,9.98025,0.001019,10.0281,0.001804,9.93196,0.001279,9.794,0.023,9.803,0.019,9.717,0.045,8.394,,Theia118,34.673685045253166,Kounkel2020,9637.0,1.48088,2.46
120674423,3.0991638071177574e+18,102.423648511519,-7.56942765830308,2.20614,10.1394,10.372,0.078,10.28,0.007,9.946,0.024,9.883,0.022,9.828,0.019,10.2156,0.000679,10.2945,0.002351,10.105,0.001476,9.831,0.022,9.854,0.021,9.826,0.053,9.04,,Theia118,34.673685045253166,Kounkel2020,8779.0,1.74347,2.205
120831624,3.050189982971252e+18,102.584084347596,-9.87127979875352,2.26309,10.3641,10.728,0.104,10.635,0.009,10.161,0.026,10.123,0.023,10.1,0.021,10.4687,0.000515,10.5592,0.001045,10.3241,0.00044,9.993,0.021,10.031,0.019,10.035,0.061,8.473,,Theia118,34.673685045253166,Kounkel2020,8428.0,1.59675,2.09
123883621,3.101067237845856e+18,103.472109003879,-6.00464178009005,1.27762,12.2294,12.961,0.02,12.494,0.069,11.859,0.029,11.638,0.023,11.605,0.024,12.5158,0.000365,12.7264,0.00173,12.1729,0.001318,11.538,0.022,11.535,0.019,11.705,0.231,8.919,,Theia194,165.9586907437563,Kounkel2020,7144.0,1.51283,1.59
282391151,3.101140385430997e+18,103.200415993428,-5.61613273063266,1.37474,11.8164,12.086,0.321,12.254,0.04,11.485,0.023,11.419,0.022,11.345,0.019,11.992,0.000306,12.1214,0.001497,11.762,0.000832,11.324,0.023,11.352,0.021,11.272,0.135,8.792,,Theia194,165.9586907437563,Kounkel2020,7953.0,1.46383,1.91
282391384,3.101135545004833e+18,103.251078787553,-5.71109637564202,1.26153,12.2587,12.98,0.032,12.58,0.092,11.79,0.023,11.657,0.023,11.565,0.021,12.539,0.00084,12.7413,0.00228,12.1957,0.001649,11.536,0.024,11.556,0.022,11.846,0.247,8.804,,Theia194,165.9586907437563,Kounkel2020,7290.0,1.49872,1.65
282392679,3.101136159183184e+18,103.3298914625,-5.66267701804797,1.4573,11.898,12.482,0.029,12.127,0.08,11.468,0.024,11.343,0.027,11.266,0.024,12.1333,0.000223,12.3069,0.001337,11.8407,0.001191,11.194,0.023,11.25,0.021,11.288,0.191,8.958,,Theia194,165.9586907437563,Kounkel2020,7605.0,1.44183,1.77
120547454,3.1003175427157606e+18,102.217527572425,-6.301854780522,0.481169,13.5726,13.796,0.102,13.684,0.103,13.012,0.035,12.957,0.052,12.724,0.038,13.7333,0.000511,13.8404,0.00512,13.4839,0.004714,12.46,0.024,12.503,0.025,12.489,0.475,8.972,,Theia194,165.9586907437563,Kounkel2020,8752.0,1.77836,2.2
282707129,3.101132143390606e+18,103.466675218403,-5.61753336779575,1.21604,10.0823,10.193,0.074,10.003,0.006,9.924,0.023,9.925,0.022,9.902,0.019,10.0938,0.000537,10.1353,0.001749,10.0337,0.00134,9.89,0.023,9.918,0.02,9.958,0.051,8.504,,Theia194,165.9586907437563,Kounkel2020,10417.0,2.8954,2.69
282391052,3.101146265243131e+18,103.267713427856,-5.5757301763567,1.2626,10.049,10.012,0.059,10.014,0.006,9.918,0.022,9.971,0.023,9.943,0.023,10.0355,0.000403,10.0632,0.001274,10.0025,0.001442,9.925,0.023,9.95,0.019,9.939,0.056,8.596,,Theia194,165.9586907437563,Kounkel2020,10994.0,2.68049,2.87
282391260,3.101136885034594e+18,103.269209887608,-5.6622448734883,1.24816,11.2833,11.745,0.038,11.467,0.057,10.923,0.024,10.827,0.027,10.773,0.027,11.4854,0.001312,11.6362,0.004583,11.2296,0.003373,10.526,0.024,10.545,0.02,10.411,0.078,8.687,,Theia194,165.9586907437563,Kounkel2020,7794.0,2.12891,1.85
282391370,3.101135648084039e+18,103.261389243843,-5.70464342574854,1.1171,10.6672,10.878,0.114,10.777,0.01,10.447,0.024,10.396,0.022,10.36,0.024,10.7456,0.00048,10.8225,0.001275,10.615,0.001244,10.249,0.024,10.237,0.02,10.054,0.061,9.161,0.517,Theia194,165.9586907437563,Kounkel2020,9273.0,2.67324,2.35
282392918,3.101143546526924e+18,103.380015701974,-5.57913686282353,1.25565,11.2762,11.502,0.183,11.274,0.014,11.022,0.022,11.004,0.024,11.0,0.019,11.3459,0.000615,11.41,0.001106,11.2127,0.000696,10.963,0.023,10.972,0.02,10.934,0.131,8.573,,Theia194,165.9586907437563,Kounkel2020,9555.0,1.77231,2.43
282708844,3.101132036014573e+18,103.517355992039,-5.60073621559622,1.31585,11.3541,11.751,0.301,11.425,0.057,11.096,0.026,11.077,0.022,11.051,0.023,11.4397,0.000437,11.5116,0.002091,11.299,0.00106,11.044,0.023,11.059,0.022,11.248,0.144,8.78,,Theia194,165.9586907437563,Kounkel2020,8935.0,1.678,2.253
282708063,3.101066928608121e+18,103.609555636464,-5.92739340050914,1.23508,12.312,13.034,0.037,12.593,0.103,11.877,0.022,11.712,0.027,11.693,0.026,12.5905,0.001593,12.7949,0.005568,12.2536,0.003744,11.633,0.024,11.654,0.021,12.18,0.37,8.707,,Theia194,165.9586907437563,Kounkel2020,7267.0,1.48797,1.64
282209987,3.1018935165361925e+18,103.120294731336,-5.48286292375991,1.27273,10.9629,11.505,0.175,11.219,0.013,10.62,0.024,10.5,0.023,10.503,0.024,11.1612,0.000393,11.315,0.001006,10.9121,0.001223,10.46,0.024,10.48,0.02,10.584,0.09,8.428,,Theia194,165.9586907437563,Kounkel2020,7908.0,2.41373,1.89
282390916,3.101147635335785e+18,103.207119436297,-5.51539812458396,1.24874,12.4475,13.273,0.047,12.766,0.103,11.986,0.024,11.783,0.022,11.744,0.019,12.756,0.000307,12.9833,0.000896,12.3896,0.000966,11.738,0.023,11.768,0.023,11.934,0.342,8.996,,Theia194,165.9586907437563,Kounkel2020,7005.0,1.44449,1.54
123547492,3.0995314262597924e+18,102.977504165651,-6.34221177249145,1.15428,12.1327,12.641,0.51,12.284,0.036,11.773,0.026,11.596,0.027,11.54,0.029,12.3735,0.000265,12.548,0.003034,12.0744,0.001757,11.407,0.022,11.454,0.021,12.126,0.329,8.972,,Theia194,165.9586907437563,Kounkel2020,7497.0,1.63733,1.73
123883715,3.101064111109675e+18,103.495916735313,-6.04246886909105,1.27543,12.2549,12.565,0.483,12.524,0.103,11.844,0.03,11.684,0.033,11.61,0.026,12.5388,0.000262,12.7458,0.001191,12.1966,0.001143,11.462,0.023,11.49,0.022,11.44,0.22,8.66,,Theia194,165.9586907437563,Kounkel2020,7162.0,1.49289,1.6
123733959,3.0992873647421445e+18,103.296567960408,-7.08627136741736,0.946184,12.977,11.624,0.221,11.653,0.023,12.405,0.026,12.192,0.032,12.173,0.027,13.3252,0.00062,13.554,0.003424,12.8813,0.003417,,,,,,,,,Theia194,165.9586907437563,Kounkel2020,7013.0,1.57042,1.54
282392864,3.101143275945884e+18,103.319747987626,-5.59889611219445,1.31804,10.9781,11.0,0.124,10.859,0.011,10.783,0.023,10.827,0.023,10.81,0.019,11.0104,0.000666,11.0556,0.002988,10.9249,0.001093,10.787,0.023,10.813,0.02,10.667,0.097,9.1,,Theia194,165.9586907437563,Kounkel2020,9873.0,1.83169,2.52
124192589,3.1010581625750523e+18,103.977572155701,-5.91783418354897,1.24761,11.9839,12.528,0.016,12.202,0.08,11.61,0.024,11.521,0.022,11.459,0.021,12.1907,0.000447,12.3421,0.002402,11.926,0.001396,11.443,0.023,11.463,0.023,11.293,0.197,8.57,,Theia194,165.9586907437563,Kounkel2020,7802.0,1.55353,1.85
124249639,3.0494816226028564e+18,104.193575642945,-9.81209753459456,1.28341,12.3171,13.045,0.075,12.606,0.092,11.916,0.022,11.769,0.025,11.735,0.026,12.5855,0.000359,12.777,0.001135,12.2598,0.000974,11.668,0.022,11.706,0.022,11.823,0.302,9.092,,Theia265,123.02687708123813,Kounkel2020,7126.0,1.40922,1.59
120880698,3.0505130675836145e+18,102.612295397399,-9.1817398640572,1.35837,10.3179,10.407,0.078,10.46,0.008,10.175,0.029,10.147,0.023,10.091,0.023,10.3503,0.000355,10.3945,0.001048,10.2679,0.000591,10.065,0.021,10.092,0.02,10.046,0.058,8.258,,Theia267,128.82495516931323,Kounkel2020,9683.0,2.41482,2.47
123583896,3.0502760197581804e+18,103.007081544199,-9.76627767099799,1.53068,10.7584,10.871,0.114,10.788,0.01,10.635,0.023,10.65,0.022,10.649,0.023,10.7521,0.000606,10.776,0.001145,10.7163,0.000997,10.628,0.024,10.66,0.022,10.644,0.079,8.935,0.465,Theia267,128.82495516931323,Kounkel2020,10116.0,1.65268,2.6
123670716,3.0503268034504305e+18,103.177699262278,-9.41920745198418,1.19482,11.4452,11.967,0.33,11.52,0.069,11.224,0.022,11.207,0.022,11.162,0.021,11.516,0.000335,11.5771,0.001556,11.3839,0.000891,11.157,0.024,11.163,0.021,10.908,0.1,8.972,,Theia267,128.82495516931323,Kounkel2020,9302.0,1.72773,2.36
124419834,3.049428708606214e+18,104.345564442961,-9.98435771124502,1.12374,12.1202,12.472,0.063,12.238,0.092,11.815,0.024,11.782,0.027,11.716,0.026,12.2317,0.000269,12.3298,0.001092,12.0432,0.001031,11.687,0.023,11.702,0.023,12.328,,8.927,,Theia267,128.82495516931323,Kounkel2020,9815.0,1.41917,2.51
123672902,3.050986957105202e+18,103.188315462968,-8.46571746424214,1.325,11.5034,12.166,0.347,12.054,0.031,11.168,0.021,11.101,0.023,11.053,0.021,11.7065,0.000292,11.861,0.001281,11.445,0.000543,10.998,0.023,11.01,0.021,11.163,0.152,9.283,,Theia267,128.82495516931323,Kounkel2020,8006.0,1.82611,1.93
120882576,3.099041112796269e+18,102.612157732159,-8.28729557811378,1.16099,12.4026,13.184,0.0,12.762,0.114,11.932,0.024,11.786,0.022,11.746,0.021,12.6901,0.000428,12.8972,0.001232,12.3409,0.00076,11.721,0.022,11.741,0.021,11.493,0.177,9.066,,Theia267,128.82495516931323,Kounkel2020,7167.0,1.53657,1.6
124106163,3.0509554835840906e+18,103.947556427482,-8.33337277316274,0.863998,13.657,14.791,0.071,14.123,0.126,13.039,0.023,12.789,0.022,12.716,0.027,14.0566,0.00026,14.3642,0.002663,13.5829,0.00069,12.689,0.024,12.724,0.025,12.024,,8.472,,Theia267,128.82495516931323,Kounkel2020,7248.0,1.3499,1.63
123955984,3.051024374861235e+18,103.676584035718,-8.11175590484344,1.27247,11.2962,11.562,0.2,11.545,0.02,11.087,0.022,11.034,0.024,11.024,0.023,11.3614,0.000686,11.4228,0.001976,11.235,0.000714,10.975,0.023,11.002,0.02,11.112,0.141,9.005,,Theia267,128.82495516931323,Kounkel2020,9527.0,1.7254,2.42
123542280,3.050998570696958e+18,102.884864863434,-8.39902960816947,1.30948,10.8935,10.975,0.118,10.719,0.009,10.756,0.024,10.77,0.023,10.727,0.021,10.9126,0.000687,10.9491,0.001966,10.8402,0.00088,10.704,0.023,10.74,0.021,10.787,0.097,9.104,,Theia267,128.82495516931323,Kounkel2020,10059.0,1.87915,2.58
123888596,3.0511373496788577e+18,103.477904917245,-7.86843337642969,1.0253,12.1102,12.808,0.055,12.448,0.08,11.672,0.029,11.52,0.025,11.437,0.024,12.3635,0.000224,12.5432,0.001096,12.0521,0.000788,11.358,0.023,11.387,0.021,11.54,0.226,8.597,,Theia267,128.82495516931323,Kounkel2020,7260.0,1.8924,1.63
124498384,3.0506660672062766e+18,104.38896679525,-9.14900613462854,0.888899,14.113,15.251,0.032,14.59,0.046,13.458,0.024,13.166,0.03,13.064,0.032,14.523,0.000395,14.8444,0.002553,14.0198,0.001721,13.035,0.025,13.107,0.031,12.226,0.438,8.222,,Theia267,128.82495516931323,Kounkel2020,7950.0,1.08997,1.91
123840398,3.050920986406325e+18,103.453256440619,-8.69621629535552,1.19826,11.9186,12.438,0.439,12.384,0.041,11.561,0.022,11.486,0.022,11.436,0.021,12.0988,0.000211,12.234,0.001389,11.8563,0.000916,11.419,0.023,11.418,0.022,11.355,0.175,8.948,,Theia267,128.82495516931323,Kounkel2020,8208.0,1.61955,2.01
123892677,3.0502639938492723e+18,103.565031688211,-9.49457214548554,1.17349,10.4096,10.453,0.114,10.431,0.011,10.334,0.026,10.36,0.03,10.336,0.024,10.375,0.000488,10.3862,0.000669,10.3569,0.000897,10.302,0.023,10.332,0.021,10.229,0.071,8.888,,Theia267,128.82495516931323,Kounkel2020,12008.0,,
124420356,3.04985686100516e+18,104.399907968366,-9.75209133129626,1.23669,12.1506,12.812,0.462,12.278,0.032,11.788,0.027,11.65,0.03,11.554,0.027,12.3844,0.0003,12.5485,0.001844,12.0906,0.002128,11.448,0.023,11.471,0.021,11.233,0.179,8.924,0.452,Theia267,128.82495516931323,Kounkel2020,7440.0,1.50201,1.7
124240374,3.0494734449851884e+18,104.059232756032,-9.91624002737052,1.35051,9.7458,9.604,0.051,9.657,0.005,9.729,0.022,9.782,0.022,9.786,0.023,9.67534,0.000912,9.66951,0.002582,9.70749,0.001373,9.782,0.023,9.82,0.021,9.774,0.051,8.357,0.282,Theia267,128.82495516931323,Kounkel2020,12386.0,,
124497493,3.0498792334957373e+18,104.369959683934,-9.5435088062609,0.847659,11.7465,12.624,0.43,12.483,0.037,11.011,0.024,10.867,0.023,10.752,0.023,12.1799,0.00021,12.5171,0.001132,11.6676,0.000822,10.626,0.024,10.626,0.02,10.552,0.103,9.08,,Theia267,128.82495516931323,Kounkel2020,7292.0,3.4801,1.65
124408108,3.0506856866162176e+18,104.236997740336,-8.92563436074727,1.30803,11.8259,11.86,0.261,12.037,0.033,11.552,0.024,11.442,0.025,11.398,0.021,11.9691,0.000245,12.0725,0.001767,11.7701,0.00108,11.361,0.023,11.395,0.021,11.352,0.196,8.562,,Theia267,128.82495516931323,Kounkel2020,8157.0,1.4705,1.99
124498659,3.050669576200489e+18,104.381681723494,-9.01845025380825,0.970168,13.8639,14.367,0.03,14.014,0.15,12.877,,12.986,0.103,12.433,,14.2697,0.00034,14.5708,0.00164,13.7836,0.001423,,,,,,,,,Theia267,128.82495516931323,Kounkel2020,7016.0,1.10738,1.55
119294103,3.0024772599988644e+18,100.361433543618,-9.36725510739686,1.57347,10.7644,11.567,0.171,11.022,0.012,10.366,0.024,10.244,0.027,10.188,0.021,11.02,0.000553,11.211,0.002973,10.7102,0.000866,10.135,0.024,10.146,0.02,10.204,0.064,8.684,,Theia342,100.0,Kounkel2020,7431.0,2.31702,1.7
119449414,3.098765272813313e+18,100.589177559424,-8.76929572102608,1.76375,10.6754,10.802,0.137,10.736,0.013,10.455,0.026,10.459,0.024,10.407,0.023,10.7259,0.000412,10.7844,0.000983,10.628,0.001095,10.38,0.023,10.404,0.02,10.477,0.067,8.752,,Theia342,100.0,Kounkel2020,9437.0,1.63026,2.4
118879039,3.0027716499351813e+18,99.8033472668019,-8.5174107863558,1.57151,11.8391,12.083,0.299,12.388,0.205,11.451,0.023,11.34,0.024,11.283,0.021,12.0446,0.000456,12.1941,0.000902,11.7808,0.000832,11.238,0.021,11.275,0.02,10.98,0.129,8.66,,Theia342,100.0,Kounkel2020,7791.0,1.33892,1.85
119026428,3.002650978538505e+18,100.009480527055,-9.21816300144526,1.72155,11.7682,12.291,0.395,12.425,0.046,11.274,0.023,11.131,0.022,11.082,0.021,12.0618,0.000221,12.2769,0.002028,11.7065,0.001216,11.063,0.024,11.073,0.021,10.989,0.116,8.61,,Theia342,100.0,Kounkel2020,7238.0,1.40918,1.63
282392894,3.1011433446653635e+18,103.297243149735,-5.58677493757289,1.00241,11.4414,11.501,0.199,11.521,0.021,11.272,0.023,11.301,0.026,11.256,0.023,11.4621,0.000906,11.4915,0.00424,11.3751,0.002859,11.243,0.024,11.279,0.021,11.8,0.276,8.904,,Theia344,213.79620895022325,Kounkel2020,10251.0,1.89581,2.64
120883123,3.099066126685446e+18,102.67626306562,-8.04099703551336,9.66663,6.29172,6.32,0.023,6.3107,0.023,6.245,0.026,6.271,0.051,6.231,0.02,6.28414,0.00105714,6.31655,0.002889,6.27387,0.004906,6.271,0.086,6.224,0.026,6.333,0.015,6.233,0.067,Theia676,467.7351412871981,Kounkel2020,9499.0,2.08476,2.417
124190847,3.100811322213846e+18,103.923197799676,-6.55118009222726,1.25401,11.7072,12.394,0.019,12.025,0.057,11.268,0.022,11.09,0.022,11.037,0.021,11.9785,0.000238,12.1764,0.001292,11.6475,0.000965,11.008,0.023,11.038,0.022,11.033,0.129,9.093,,Theia767,288.4031503126612,Kounkel2020,7325.0,1.92123,1.66
124328049,3.1008508359129395e+18,104.2120447868,-6.1884041209001,1.08742,11.43,12.153,0.397,12.057,0.035,11.129,0.026,11.048,0.022,10.993,0.021,11.5754,0.000257,11.6834,0.001847,11.3738,0.00119,10.964,0.023,10.999,0.021,10.927,0.138,8.871,,Theia767,288.4031503126612,Kounkel2020,8230.0,2.12642,2.02
281717280,3.1019383559914097e+18,102.436005209264,-5.4146518630107,0.698178,12.2204,12.213,0.368,12.331,0.046,11.988,0.026,11.941,0.022,11.961,0.024,12.2643,0.00038,12.2968,0.003018,12.1487,0.001455,11.954,0.023,11.992,0.024,12.258,0.375,8.646,,Theia1885,36.3078054770101,Kounkel2020,9628.0,1.95957,2.45
281717617,3.101886236570918e+18,102.520917322887,-5.53802923346016,0.714651,13.05,13.484,0.014,13.28,0.092,12.712,0.026,12.626,0.032,12.579,0.024,13.2239,0.000404,13.3455,0.001581,12.9895,0.001997,12.45,0.024,12.516,0.024,11.867,,8.638,,Theia1885,36.3078054770101,Kounkel2020,7949.0,1.56179,1.91
36100866,3.100432544758991e+18,101.909108723127,-5.65107727752172,0.782282,12.727,13.038,0.029,12.912,0.057,12.415,0.024,12.292,0.022,12.271,0.026,12.8461,0.000374,12.9337,0.001501,12.6623,0.001394,12.239,0.023,12.244,0.024,12.168,0.35,8.651,,Theia1885,36.3078054770101,Kounkel2020,8669.0,1.55553,2.17
36297951,3.1004410659738967e+18,102.107368262153,-5.51418202605058,0.733217,13.3146,13.832,0.013,13.544,0.092,12.901,0.023,12.811,0.022,12.714,0.027,13.5107,0.000509,13.6576,0.002478,13.247,0.00088,12.682,0.026,12.692,0.027,12.196,0.383,8.668,0.389,Theia1885,36.3078054770101,Kounkel2020,8244.0,1.40446,2.02
281909870,3.101968184545817e+18,102.672226563235,-5.12368502950811,0.484477,14.11,14.373,0.096,14.387,0.08,13.741,0.022,13.648,0.023,13.556,0.026,14.3021,0.000504,14.4315,0.001304,14.0341,0.006015,13.158,0.026,13.19,0.032,12.537,,8.892,,Theia1885,36.3078054770101,Kounkel2020,8097.0,1.43416,1.97
282020945,3.1019104601860946e+18,102.90285159836,-5.39023148361898,0.698814,13.3485,14.068,0.063,13.694,0.103,12.856,0.024,12.725,0.027,12.696,0.032,13.6304,0.00047,13.8328,0.002207,13.2839,0.002146,12.639,0.025,12.639,0.026,11.903,,8.764,,Theia1885,36.3078054770101,Kounkel2020,7291.0,1.61252,1.65
120747299,3.099593342508111e+18,102.496767069014,-6.1539315951112,0.237287,15.93,16.769,0.195,16.187,1.133,15.333,0.047,15.048,0.061,15.127,0.144,16.307,0.000898,16.594,0.004614,15.8558,0.002793,14.935,0.035,14.969,0.073,12.563,,8.718,,Theia1885,36.3078054770101,Kounkel2020,7316.0,1.49898,1.66
281716981,3.1019409716339354e+18,102.526168524547,-5.2906641714824,0.770046,12.8953,13.257,0.033,13.091,0.092,12.528,0.023,12.454,0.023,12.413,0.026,13.0466,0.000563,13.1579,0.00137,12.8292,0.001579,12.354,0.024,12.386,0.026,12.351,,8.962,,Theia1885,36.3078054770101,Kounkel2020,8455.0,1.53369,2.1
281719930,3.101887572298112e+18,102.630008411202,-5.49347608438482,0.877489,11.9321,11.967,0.27,11.655,0.02,11.705,0.024,11.701,0.023,11.678,0.021,11.9882,0.000341,12.026,0.003033,11.8682,0.001465,11.641,0.022,11.68,0.023,11.385,0.198,8.646,,Theia1885,36.3078054770101,Kounkel2020,9076.0,1.83517,2.29
282206729,3.101922756673534e+18,102.976703356942,-5.18704528468051,0.731074,13.5722,14.523,0.035,14.097,0.16,12.969,0.024,12.825,0.026,12.699,0.023,13.9299,0.000406,14.1973,0.001661,13.5038,0.002353,12.676,0.023,12.68,0.028,12.047,,8.934,,Theia1885,36.3078054770101,Kounkel2020,7085.0,1.55279,1.57
124329195,3.100783254611237e+18,104.225712342799,-6.59280882025389,0.611417,13.7329,14.404,0.024,14.131,0.16,13.232,0.024,13.123,0.025,13.066,0.03,13.9945,0.000288,14.1844,0.00187,13.663,0.000923,13.063,0.025,13.166,0.031,12.638,,9.041,,Theia2002,51.28613839913648,Kounkel2020,7694.0,1.49404,1.81
124326632,3.100850874574886e+18,104.181153564191,-6.18514740809771,0.506777,13.5546,13.964,0.036,13.771,0.115,13.204,0.024,13.087,0.021,13.095,0.034,13.7107,0.000403,13.8217,0.001435,13.484,0.001897,13.038,0.025,13.08,0.03,12.036,,9.058,,Theia2002,51.28613839913648,Kounkel2020,8438.0,1.69428,2.09
124329312,3.1007834264094884e+18,104.321697795979,-6.6272822532235,0.500228,13.3569,14.373,0.103,13.612,0.115,13.098,,12.909,0.045,12.9,0.043,13.5257,0.00024,13.6455,0.001751,13.2772,0.000855,12.565,0.024,12.623,0.027,11.961,0.257,9.047,,Theia2002,51.28613839913648,Kounkel2020,8611.0,1.91347,2.15
124329343,3.1007819145810176e+18,104.304669496413,-6.6373340639249,0.539891,12.1114,12.164,0.365,12.162,0.036,11.78,0.022,11.75,0.027,11.684,0.024,12.2524,0.001038,12.3455,0.00428,12.0228,0.002948,11.59,0.023,11.613,0.021,11.368,0.168,8.646,0.345,Theia2002,51.28613839913648,Kounkel2020,8934.0,3.0365,2.25
124329426,3.100781777142094e+18,104.280154203947,-6.66534721832704,0.538206,14.1,14.824,0.021,14.393,0.115,13.569,0.024,13.442,0.033,13.37,0.043,14.3867,0.000302,14.5941,0.002065,14.0312,0.001334,13.326,0.024,13.391,0.033,11.97,,8.926,0.444,Theia2002,51.28613839913648,Kounkel2020,7435.0,1.47401,1.7
124507423,3.1009434053504123e+18,104.504278359038,-6.09394202017552,0.437891,14.1429,14.654,0.014,14.417,0.126,13.769,0.03,13.646,0.039,13.612,0.039,14.3379,0.00045,14.4827,0.001205,14.0701,0.001284,13.494,0.024,13.659,0.032,12.597,,8.93,,Theia2002,51.28613839913648,Kounkel2020,8363.0,1.5676,2.07
124329255,3.1007837356471235e+18,104.319879970761,-6.6108898387077,0.508846,13.861,14.497,0.022,14.169,0.126,13.385,0.027,13.292,0.039,13.226,0.037,14.1077,0.000266,14.2861,0.001743,13.7877,0.001086,13.122,0.025,13.158,0.029,12.186,,9.093,,Theia2002,51.28613839913648,Kounkel2020,7886.0,1.64749,1.88
124329301,3.1007834264094884e+18,104.318877374026,-6.62490808330372,0.46315,14.3823,,,14.759,0.126,13.796,0.029,13.555,0.031,13.512,0.049,14.7363,0.000336,14.9972,0.001714,14.3066,0.001061,13.135,0.025,13.135,0.031,12.245,,8.94,,Theia2002,51.28613839913648,Kounkel2020,7246.0,1.64368,1.63
124014373,3.100827093333748e+18,103.684396921797,-6.46863330606165,0.446681,12.2512,12.376,0.027,12.252,0.057,12.047,0.027,12.022,0.03,11.998,0.034,12.2871,0.000694,12.3172,0.003555,12.1682,0.001951,11.966,0.023,12.002,0.022,11.903,,8.921,,Theia2002,51.28613839913648,Kounkel2020,10361.0,2.90059,2.67
124504882,3.10077177845815e+18,104.410168458879,-6.64902109772848,0.528056,13.3721,13.79,0.033,13.637,0.114,12.975,0.024,12.935,0.027,12.856,0.029,13.537,0.000267,13.6555,0.001948,13.2926,0.001532,12.848,0.025,12.866,0.028,12.528,,9.063,,Theia2002,51.28613839913648,Kounkel2020,8685.0,1.7952,2.18
124505173,3.1007843498181325e+18,104.361707594128,-6.55934916245783,0.484988,14.4863,14.343,0.116,15.037,0.172,13.918,0.074,13.688,0.042,13.632,0.049,14.856,0.000376,15.1299,0.001745,14.414,0.001146,,,,,,,,,Theia2002,51.28613839913648,Kounkel2020,7033.0,1.53459,1.55
124329466,3.100781742782368e+18,104.272506557499,-6.67619819100606,0.500981,13.77,14.555,0.104,14.023,0.16,13.391,0.021,13.301,0.025,13.253,0.032,13.9433,0.000261,14.068,0.001342,13.6974,0.001245,,,,,,,,,Theia2002,51.28613839913648,Kounkel2020,8403.0,1.58879,2.08
124504916,3.1007833576900137e+18,104.330037402454,-6.63754171383488,0.523686,12.9034,13.269,0.02,13.081,0.137,12.585,0.026,12.546,0.027,12.521,0.029,13.0438,0.000422,13.1367,0.002333,12.8148,0.000764,12.482,0.024,12.515,0.026,12.082,0.326,9.037,,Theia2002,51.28613839913648,Kounkel2020,8951.0,2.16524,2.26
124329359,3.100781914581021e+18,104.301504200808,-6.64028788248403,0.508334,12.7156,13.094,0.099,12.976,0.114,12.323,0.024,12.262,0.025,12.179,0.023,12.8854,0.000321,13.0077,0.001717,12.6378,0.001138,12.109,0.023,12.15,0.023,11.991,,8.442,,Theia2002,51.28613839913648,Kounkel2020,8597.0,2.53711,2.15
124329349,3.100782773574514e+18,104.235254899065,-6.63852936362566,0.508498,13.7207,14.259,0.01,14.008,0.08,13.261,0.026,13.217,0.031,13.131,0.035,13.932,0.000277,14.0794,0.002291,13.6498,0.000635,13.031,0.026,13.015,0.026,11.752,,9.037,,Theia2002,51.28613839913648,Kounkel2020,7930.0,1.67335,1.9
124329194,3.1007845259211105e+18,104.288733182207,-6.5919267166672,0.531717,12.6118,13.09,0.098,12.792,0.103,12.347,0.024,12.273,0.023,12.247,0.024,12.7159,0.000386,12.7848,0.002521,12.5321,0.00082,12.22,0.023,12.265,0.024,12.202,0.359,8.645,,Theia2002,51.28613839913648,Kounkel2020,9062.0,2.31788,2.29
124505465,3.100794765123031e+18,104.332915711336,-6.44689064762376,0.547015,14.1545,14.972,0.026,14.542,0.149,13.6,0.027,13.456,0.022,13.37,0.037,14.4614,0.000305,14.6841,0.00224,14.0833,0.001399,13.366,0.027,13.371,0.032,11.951,,8.834,,Theia2002,51.28613839913648,Kounkel2020,7370.0,1.4571,1.68
124193297,3.100861113776985e+18,104.074642580642,-6.21412276793136,0.323275,14.6614,15.923,0.118,15.411,0.15,13.755,0.043,13.526,,13.27,,15.1913,0.000672,15.6246,0.003451,14.573,0.002134,13.119,0.026,13.123,0.031,12.547,,8.911,,Theia2002,51.28613839913648,Kounkel2020,7625.0,2.59136,1.78
124505225,3.1007851100366e+18,104.349475089846,-6.54319107784089,0.498954,13.0357,13.458,0.025,13.352,0.137,12.69,0.026,12.607,0.022,12.6,0.026,13.1998,0.000666,13.314,0.002674,12.9509,0.002025,12.528,0.025,12.564,0.026,12.187,0.376,8.648,,Theia2002,51.28613839913648,Kounkel2020,8748.0,2.20916,2.2
124327609,3.100958592354872e+18,104.210793628656,-6.03751823667146,0.345686,15.5481,16.659,0.037,15.899,0.161,14.878,0.054,14.502,0.081,14.393,0.089,15.9808,0.000657,16.3402,0.002705,15.4558,0.003287,14.231,0.033,14.381,0.059,12.38,,8.624,,Theia2002,51.28613839913648,Kounkel2020,8367.0,1.43627,2.07
124509544,3.052725800383432e+18,104.490188853264,-6.82878520902787,0.539141,12.5043,12.953,0.019,12.747,0.092,12.102,0.021,12.028,0.022,12.018,0.023,12.665,0.000412,12.7792,0.002131,12.4197,0.000691,12.011,0.023,12.055,0.023,11.761,,8.782,,Theia2002,51.28613839913648,Kounkel2020,8855.0,2.61241,2.23
123885200,3.100818129744855e+18,103.567036192844,-6.61474855941803,0.503629,14.4691,15.432,0.011,14.756,0.16,13.897,0.032,13.707,0.049,13.567,0.051,14.8364,0.000576,15.1151,0.001821,14.4035,0.002532,13.566,0.025,13.636,0.032,12.402,,8.576,,Theia2098,61.65950018614822,Kounkel2020,7049.0,1.48929,1.56
123844343,3.099239437205668e+18,103.420099461359,-7.13034726672952,0.404745,15.234,,,15.59,0.103,14.378,0.021,14.103,0.022,14.01,0.053,15.6661,0.000557,16.0001,0.002568,15.1598,0.002057,,,,,,,,,Theia2098,61.65950018614822,Kounkel2020,7053.0,1.41182,1.56
123844166,3.0992382346148506e+18,103.460103943152,-7.19089805532004,0.920429,12.4794,13.351,0.084,12.818,0.092,12.01,0.022,11.817,0.022,11.782,0.026,12.7907,0.00035,13.0247,0.001412,12.415,0.000798,11.69,0.023,11.692,0.022,12.243,0.398,8.479,,Theia2098,61.65950018614822,Kounkel2020,7373.0,1.92353,1.68
124013785,3.1008054123388687e+18,103.707411391005,-6.7047116287567,0.46461,13.326,13.881,0.032,13.591,0.126,12.904,0.024,12.778,0.022,12.714,0.031,13.5443,0.001809,13.7063,0.005782,13.2589,0.005039,12.68,0.04,12.686,0.043,12.371,,8.827,,Theia2098,61.65950018614822,Kounkel2020,8040.0,2.21902,1.95
124187430,3.051130683890239e+18,103.948289546952,-7.78076064830461,0.65581,12.7692,13.47,0.088,13.036,0.114,12.275,0.024,12.194,0.022,12.146,0.026,13.008,0.000323,13.185,0.001592,12.6887,0.000909,12.057,0.024,12.096,0.024,12.242,,8.494,,Theia2098,61.65950018614822,Kounkel2020,8267.0,2.14004,2.03
124188784,3.0992245250801004e+18,103.872571000623,-7.29336650964362,1.13128,11.9063,12.697,0.087,12.241,0.08,11.457,0.024,11.316,0.024,11.257,0.023,12.1902,0.000734,12.3937,0.002372,11.8469,0.001302,11.189,0.022,11.211,0.021,11.25,0.14,9.122,,Theia2098,61.65950018614822,Kounkel2020,7082.0,1.96963,1.57
123844322,3.0992394028459387e+18,103.417309775222,-7.13853266185849,0.32897,14.1276,15.07,0.124,14.622,0.15,13.418,0.042,13.29,0.056,12.934,,14.505,0.000355,14.7947,0.002441,14.0408,0.001425,12.694,0.024,12.742,0.026,12.524,,8.972,,Theia2098,61.65950018614822,Kounkel2020,7777.0,2.63276,1.84
123887277,3.0992093724347776e+18,103.489979323353,-7.36659979239814,0.702046,12.9571,13.574,0.087,13.22,0.103,12.503,0.022,12.425,0.025,12.397,0.029,13.1735,0.000233,13.329,0.001704,12.8827,0.000907,12.348,0.024,12.35,0.023,11.677,0.23,8.749,,Theia2098,61.65950018614822,Kounkel2020,8113.0,1.77025,1.97
123886869,3.0992375817798395e+18,103.474176817279,-7.22042975194048,0.699525,13.6396,14.673,0.074,14.123,0.149,13.045,0.026,12.807,0.022,12.762,0.033,14.0083,0.000263,14.2858,0.001717,13.5701,0.001157,12.708,0.024,12.745,0.025,12.18,,8.953,,Theia2098,61.65950018614822,Kounkel2020,7097.0,1.59542,1.57
124019750,3.0992163474624527e+18,103.733426557409,-7.39868195807081,0.207016,15.9819,15.315,0.098,16.6411,0.0459,15.095,0.049,14.858,0.085,14.719,0.126,16.462,0.000586,16.8413,0.005422,15.8953,0.00282,14.672,0.079,14.879,0.12,12.311,,8.695,,Theia2098,61.65950018614822,Kounkel2020,7413.0,1.85167,1.69
124187337,3.051129137702098e+18,103.870716467104,-7.8171530232659,0.515164,14.7658,16.145,0.124,15.196,0.149,13.917,0.037,13.705,0.047,13.404,0.047,15.2354,0.000513,15.5882,0.003126,14.6699,0.00608,13.247,0.025,13.264,0.029,12.429,,9.039,,Theia2098,61.65950018614822,Kounkel2020,7187.0,1.47291,1.61
124189055,3.099227583096762e+18,103.921794438793,-7.19627630878142,0.392093,14.3901,15.608,0.112,15.073,0.206,13.526,0.026,13.253,0.026,13.185,0.033,14.9092,0.000349,15.3299,0.001827,14.3115,0.001167,13.126,0.023,13.138,0.029,12.582,,8.468,,Theia2098,61.65950018614822,Kounkel2020,7252.0,2.42569,1.63
124015002,3.1010229481431603e+18,103.609094722973,-6.22439625944345,0.707914,12.1396,12.348,0.444,12.268,0.04,11.911,0.024,11.867,0.022,11.835,0.023,12.2103,0.000307,12.2637,0.002017,12.0711,0.000952,11.806,0.023,11.847,0.024,11.878,,8.981,,Theia2098,61.65950018614822,Kounkel2020,9281.0,2.09408,2.35
124189016,3.0992275143772887e+18,103.929710645608,-7.20922476146078,0.456077,15.0176,16.373,0.011,15.368,0.183,14.286,0.026,14.115,0.046,14.047,0.071,15.4452,0.000366,15.7818,0.001592,14.9355,0.001286,13.914,0.029,13.874,0.043,12.297,,9.075,,Theia2098,61.65950018614822,Kounkel2020,7561.0,1.38685,1.75
124188933,3.099225212274826e+18,103.933428534034,-7.23555460414255,0.313296,14.7484,15.797,0.175,15.103,0.092,14.085,0.03,13.912,0.037,13.943,0.058,15.1084,0.000351,15.3872,0.001715,14.6548,0.00124,13.815,0.024,13.878,0.037,12.513,,9.075,,Theia2098,61.65950018614822,Kounkel2020,8148.0,2.03384,1.99
124196072,3.099227239499338e+18,103.997161001363,-7.18376905366225,0.367598,14.5007,15.291,0.108,14.816,0.092,13.906,0.029,13.757,0.029,13.616,0.039,14.8477,0.000297,15.1111,0.001814,14.4209,0.001217,13.597,0.026,13.649,0.038,12.285,,8.653,,Theia2098,61.65950018614822,Kounkel2020,7673.0,1.91519,1.8
124189754,3.100746592770334e+18,103.921615575462,-6.96363143650731,0.399812,14.6766,16.076,0.112,15.29,0.172,13.953,0.026,13.623,0.037,13.587,0.05,15.1508,0.000516,15.5302,0.002879,14.599,0.00266,13.536,0.027,13.638,0.035,12.036,,8.711,,Theia2098,61.65950018614822,Kounkel2020,7311.0,1.96571,1.65
124196079,3.09922730821882e+18,103.985352916249,-7.18470383751401,0.395363,13.9417,14.955,0.106,14.38,0.126,13.267,0.029,13.087,0.041,13.057,0.037,14.3005,0.000253,14.5604,0.001773,13.8516,0.001632,12.9,0.024,12.946,0.031,12.283,,8.989,,Theia2098,61.65950018614822,Kounkel2020,7528.0,2.35075,1.74
124195798,3.100729481620659e+18,104.029107857788,-7.12258000464595,0.360739,14.4785,15.046,0.176,14.829,0.069,13.701,0.035,13.512,0.042,13.367,0.044,14.8882,0.000498,15.1978,0.002062,14.3727,0.003567,13.213,0.029,13.237,0.035,12.027,,8.623,,Theia2098,61.65950018614822,Kounkel2020,7981.0,2.17363,1.92
124195884,3.100728691346687e+18,104.026896337873,-7.1448488452146,0.30293,15.5279,17.217,0.114,16.306,0.309,14.502,0.03,14.164,0.048,14.014,0.066,16.184,0.000582,16.7453,0.004189,15.46,0.002479,13.903,0.031,14.032,0.047,12.566,,8.248,,Theia2098,61.65950018614822,Kounkel2020,7070.0,2.20627,1.56
124195943,3.099228201571995e+18,103.993774788335,-7.15604910617249,0.406001,14.8173,15.895,0.091,15.244,0.058,14.217,0.033,14.103,0.047,13.976,0.052,15.1881,0.000367,15.4716,0.001761,14.7419,0.001491,13.879,0.027,13.985,0.046,12.664,,9.173,,Theia2098,61.65950018614822,Kounkel2020,7433.0,1.56023,1.7
124195623,3.1007332955515976e+18,104.008089350174,-7.05853132941615,0.417385,14.5775,15.04,0.104,14.859,0.138,13.972,0.029,13.8,0.039,13.664,0.054,14.8998,0.000411,15.1416,0.001661,14.4975,0.001703,13.628,0.026,13.629,0.038,12.199,,9.006,,Theia2098,61.65950018614822,Kounkel2020,7763.0,1.59138,1.83
124195797,3.10072948162066e+18,104.026771911438,-7.12241377144034,0.597982,14.4263,14.789,0.075,14.898,0.298,13.729,0.04,13.567,0.031,13.422,0.05,14.8131,0.000454,15.107,0.00168,14.3331,0.001094,13.207,0.026,13.23,0.03,12.225,,9.039,,Theia2098,61.65950018614822,Kounkel2020,7815.0,1.33474,1.86
124195822,3.1007294429573745e+18,104.01694387535,-7.13021250000725,0.415971,15.1262,16.042,0.118,16.014,0.343,14.35,0.048,14.12,0.038,14.01,0.061,15.6157,0.000427,16.0039,0.002347,15.0467,0.001318,,,,,,,,,Theia2098,61.65950018614822,Kounkel2020,7164.0,1.57045,1.6
124196010,3.099227376938268e+18,104.022621753983,-7.17063375373512,0.36086,13.1097,,,13.474,0.114,12.48,0.029,12.331,0.033,12.261,0.03,13.4211,0.000247,13.6516,0.001615,13.0196,0.00086,11.345,0.019,11.434,0.021,11.486,0.173,9.038,,Theia2098,61.65950018614822,Kounkel2020,8036.0,3.53785,1.94
123958723,3.099237375621183e+18,103.620956899301,-7.11627276865386,0.517695,11.6191,11.998,0.1,11.777,0.069,11.306,0.024,11.245,0.024,11.169,0.021,11.7342,0.000355,11.8178,0.001701,11.529,0.000747,11.116,0.022,11.1,0.021,11.144,0.168,8.758,,Theia2098,61.65950018614822,Kounkel2020,9608.0,3.80649,2.45
124198209,3.051080071995744e+18,103.962300996307,-7.93041107856052,0.586852,13.4582,14.573,0.113,13.914,0.126,12.774,0.026,12.578,0.026,12.493,0.033,13.8407,0.000237,14.1329,0.001525,13.3794,0.001097,12.413,0.024,12.435,0.025,11.857,0.311,8.753,,Theia2098,61.65950018614822,Kounkel2020,7456.0,2.09269,1.71
124196025,3.09922734257855e+18,103.991806141126,-7.17353444687482,0.387835,13.545,,,13.761,0.195,13.1,0.024,13.019,0.025,13.0,0.031,13.7521,0.000264,13.9065,0.00154,13.4518,0.00092,,,,,,,,,Theia2098,61.65950018614822,Kounkel2020,8968.0,2.35029,2.26
124195914,3.0992274800174674e+18,104.024732210656,-7.15023997308146,0.388132,13.7219,14.851,0.121,14.12,0.183,13.032,0.024,12.881,0.022,12.787,0.03,14.1095,0.000242,14.4104,0.001227,13.6292,0.001041,12.7,0.026,12.764,0.028,12.026,,8.531,,Theia2098,61.65950018614822,Kounkel2020,7980.0,2.78017,1.92
123958586,3.09923624174983e+18,103.664291772379,-7.1615283168766,0.426003,14.8602,15.35,0.105,15.3,0.103,14.216,0.029,14.096,0.054,13.954,0.067,15.215,0.000404,15.4839,0.002088,14.7799,0.001321,13.811,0.027,13.795,0.041,12.549,,9.037,,Theia2098,61.65950018614822,Kounkel2020,7625.0,1.43237,1.78
124196263,3.0992265179448684e+18,103.968591153205,-7.22483827569353,0.487346,14.4387,15.372,0.105,14.778,0.069,13.87,0.026,13.793,0.042,13.766,0.049,14.7582,0.000316,14.9908,0.001451,14.3564,0.001375,13.54,0.026,13.669,0.038,12.241,,8.758,,Theia2098,61.65950018614822,Kounkel2020,7636.0,1.45614,1.78
124195973,3.0992274456577475e+18,104.010884531707,-7.16385037409019,0.441839,14.6075,13.773,0.082,14.321,0.126,13.886,0.029,13.674,0.047,13.656,0.05,15.022,0.000383,15.327,0.001473,14.5219,0.001347,,,,,,,,,Theia2098,61.65950018614822,Kounkel2020,7049.0,1.69082,1.56
124196093,3.0992270677006326e+18,104.026095765924,-7.18739520390392,0.384175,13.3735,,,13.675,0.172,12.875,0.024,12.785,0.031,12.706,0.029,13.6183,0.000269,13.802,0.001367,13.2848,0.001073,12.701,0.036,12.672,0.039,12.468,0.536,8.478,,Theia2098,61.65950018614822,Kounkel2020,8548.0,2.71316,2.13
124196122,3.0511887174871583e+18,104.058096121208,-7.19324788545804,0.361318,13.4374,14.236,0.139,13.738,0.103,12.878,0.022,12.782,0.027,12.753,0.034,13.7117,0.000226,13.9281,0.00104,13.3359,0.000959,12.602,0.027,12.625,0.029,12.349,,8.559,,Theia2098,61.65950018614822,Kounkel2020,9123.0,2.9001,2.31
124196073,3.099227273859544e+18,104.004990603595,-7.18431323709106,0.468285,13.0207,13.059,0.094,13.293,0.137,12.526,0.022,12.471,0.031,12.34,0.023,13.245,0.000309,13.4061,0.001487,12.9293,0.000846,12.183,0.022,12.214,0.025,12.221,0.331,8.979,,Theia2098,61.65950018614822,Kounkel2020,8552.0,2.57558,2.13
124196099,3.0992270677006346e+18,104.023851891588,-7.18901777430486,0.346249,11.9224,12.249,0.399,12.256,0.04,11.413,0.024,11.303,0.029,11.228,0.021,12.159,0.000232,12.3404,0.001524,11.8245,0.00083,11.17,0.023,11.205,0.023,10.998,0.134,8.792,,Theia2098,61.65950018614822,Kounkel2020,9063.0,5.74609,
124196100,3.099227239499773e+18,104.003028649035,-7.19021201051353,0.380599,14.8365,15.233,0.108,15.267,0.036,14.207,0.04,14.035,0.056,13.887,0.073,15.257,0.000358,15.5829,0.002208,14.7642,0.001512,13.703,0.029,13.885,0.045,12.543,,8.947,,Theia2098,61.65950018614822,Kounkel2020,7102.0,1.76291,1.58
124323848,3.051187617976101e+18,104.104977324319,-7.22067447682731,0.371127,14.0573,15.441,0.107,14.79,0.115,13.047,0.029,12.745,0.038,12.597,0.034,14.5767,0.000405,14.9757,0.002127,13.9556,0.001621,12.465,0.023,12.453,0.023,12.062,,8.763,,Theia2098,61.65950018614822,Kounkel2020,7287.0,2.97571,1.65
124196118,3.099227102060366e+18,104.041733623948,-7.19231341648537,0.418163,13.4785,14.04,0.103,13.81,0.263,12.969,0.021,12.852,0.029,12.796,0.024,13.7143,0.000234,13.8901,0.001656,13.39,0.000714,12.806,0.025,12.831,0.029,12.209,,9.029,0.485,Theia2098,61.65950018614822,Kounkel2020,8568.0,2.3577,2.14
124196167,3.099227033340912e+18,104.011963790664,-7.20329021356709,0.323587,11.9685,12.638,0.474,12.237,0.08,11.429,0.026,11.327,0.025,11.358,0.027,12.1877,0.000217,12.3624,0.001397,11.8619,0.000537,11.198,0.022,11.231,0.023,11.246,0.134,8.958,,Theia2098,61.65950018614822,Kounkel2020,9821.0,5.79629,
124196180,3.099226964621436e+18,104.013238071972,-7.20509125375828,0.332118,14.677,,,15.041,0.024,14.012,0.03,13.872,0.044,13.621,0.045,15.0169,0.000407,15.2713,0.002444,14.5781,0.001216,,,,,,,,,Theia2098,61.65950018614822,Kounkel2020,8171.0,1.93909,2.0
124189931,3.100747967159151e+18,103.86528902498,-6.89963135073889,0.330009,14.5464,15.397,0.137,14.813,0.138,13.962,0.04,13.803,0.055,13.695,0.057,14.859,0.000409,15.105,0.00298,14.4492,0.001265,13.413,0.026,13.475,0.033,12.371,,8.794,,Theia2098,61.65950018614822,Kounkel2020,8678.0,2.00259,2.17
124195818,3.100729515980406e+18,104.010785421107,-7.12795213194268,0.375724,14.9244,16.089,0.036,15.426,0.092,14.203,0.032,14.015,0.048,13.819,0.055,15.3691,0.00038,15.7205,0.002006,14.8412,0.001476,13.809,0.028,13.871,0.041,12.673,,8.802,,Theia2098,61.65950018614822,Kounkel2020,7531.0,1.77596,1.74
124196062,3.0992271707798405e+18,104.032838811725,-7.18147980718387,0.347995,14.8949,12.972,0.057,15.221,0.172,14.299,0.04,14.099,0.065,13.982,0.055,15.2621,0.000385,15.5354,0.002191,14.8037,0.001623,13.935,0.052,13.975,0.068,12.138,,8.61,,Theia2098,61.65950018614822,Kounkel2020,7719.0,1.72934,1.82
124196089,3.09922706770064e+18,104.012537671586,-7.1865852388056,0.433151,13.7412,,,14.041,0.172,13.224,0.024,13.115,0.022,12.995,0.039,13.9984,0.000251,14.1912,0.002112,13.6572,0.001242,,,,,,,,,Theia2098,61.65950018614822,Kounkel2020,8304.0,2.08146,2.05
124196088,3.099227273859072e+18,104.009405877906,-7.18644479010685,0.406693,13.898,,,14.215,0.114,13.35,0.032,13.24,0.039,13.095,0.033,14.1679,0.000268,14.3665,0.001644,13.8096,0.001012,13.097,0.037,13.139,0.043,12.631,,8.782,,Theia2098,61.65950018614822,Kounkel2020,8239.0,2.08773,2.02
124196290,3.0511881677313664e+18,104.021638216062,-7.23432460995415,0.398396,14.9126,,,15.364,0.115,14.243,0.032,14.045,0.055,14.042,0.061,15.3021,0.000403,15.5936,0.001819,14.8367,0.001767,13.923,0.035,14.089,0.051,12.211,,8.88,,Theia2098,61.65950018614822,Kounkel2020,7093.0,1.56149,1.57
124196254,3.0992265523045944e+18,103.997603122803,-7.22284548332409,0.389852,14.2618,15.29,0.137,14.583,0.16,13.638,0.026,13.521,0.034,13.476,0.038,14.6016,0.000266,14.8538,0.001643,14.1844,0.001271,13.387,0.028,13.408,0.036,11.98,,8.85,,Theia2098,61.65950018614822,Kounkel2020,7470.0,1.99998,1.72
124195832,3.100729447260929e+18,104.015924352612,-7.13295774817155,0.416328,12.8331,13.974,0.105,13.248,0.126,12.115,0.027,11.966,0.035,11.813,0.027,13.224,0.000222,13.5226,0.00124,12.7369,0.001128,11.649,0.024,11.669,0.023,11.661,0.232,8.944,,Theia2098,61.65950018614822,Kounkel2020,7924.0,3.93219,1.9
124195977,3.0992274456577485e+18,104.009962239592,-7.16451670473059,0.397214,14.0909,13.841,0.105,14.337,0.046,13.433,0.055,13.356,0.077,13.117,0.053,14.4357,0.000264,14.6907,0.001635,14.0058,0.001095,12.668,0.025,12.768,0.03,11.775,0.255,8.68,,Theia2098,61.65950018614822,Kounkel2020,7647.0,2.14506,1.79
124196012,3.099227205139561e+18,104.048702558482,-7.17120688632189,0.417018,14.4788,15.727,0.027,14.919,0.15,13.772,,13.617,0.051,13.221,,14.8976,0.000311,15.2152,0.001889,14.401,0.001223,13.141,0.025,13.257,0.031,12.282,,8.642,,Theia2098,61.65950018614822,Kounkel2020,7060.0,1.90484,1.56
124196040,3.0992273769382723e+18,104.022624365447,-7.17622536155942,0.408871,13.4497,14.52,0.109,13.771,0.149,12.961,0.024,12.912,0.031,12.823,0.033,13.6653,0.000218,13.8275,0.001439,13.3601,0.000721,12.76,0.025,12.837,0.032,12.04,,8.983,,Theia2098,61.65950018614822,Kounkel2020,8822.0,2.36904,2.22
124195898,3.0992282015719844e+18,104.000109420575,-7.14758136955552,0.399587,14.2532,14.992,0.112,14.644,0.126,13.601,0.039,13.421,0.056,13.263,0.049,14.6167,0.000256,14.8866,0.001303,14.1696,0.001118,12.955,0.025,13.013,0.03,12.098,,9.042,,Theia2098,61.65950018614822,Kounkel2020,7490.0,2.03102,1.72
124195972,3.0992274456577444e+18,104.013587344804,-7.16331048016584,0.41384,14.3082,15.121,0.11,14.843,0.046,13.553,0.027,13.365,0.025,13.27,0.041,14.7184,0.000265,15.0243,0.001295,14.2256,0.001063,13.126,0.026,13.161,0.032,12.388,0.422,8.749,,Theia2098,61.65950018614822,Kounkel2020,7125.0,2.04813,1.59
124196047,3.0992273726420147e+18,104.015537825176,-7.1785671977792,0.380308,13.4396,13.967,0.123,13.667,0.16,12.948,0.036,12.865,0.048,12.778,0.038,13.6527,0.000269,13.8163,0.001799,13.3504,0.001101,12.465,0.024,12.585,0.029,12.13,,8.992,,Theia2098,61.65950018614822,Kounkel2020,8939.0,2.53597,2.25
124196366,3.0511878241339786e+18,104.056442799048,-7.25328639603982,0.398976,14.4961,15.347,0.0,14.856,0.137,13.929,0.024,13.754,0.034,13.681,0.053,14.8247,0.000348,15.0729,0.000976,14.4195,0.001007,13.673,0.027,13.766,0.039,11.942,,8.969,,Theia2098,61.65950018614822,Kounkel2020,7668.0,1.73194,1.8
124018708,3.099246034275009e+18,103.777200869507,-6.98736275494034,0.365381,15.1494,16.28,0.097,15.828,0.218,14.362,0.035,14.064,0.058,14.078,0.067,15.6254,0.000543,16.0068,0.003245,15.0773,0.002155,14.028,0.075,13.889,0.068,12.567,,8.933,,Theia2098,61.65950018614822,Kounkel2020,7131.0,1.71829,1.59
124196056,3.09922717077984e+18,104.031828206492,-7.18017416960309,0.437283,13.3177,13.835,0.127,13.552,0.115,12.857,0.039,12.758,0.048,12.76,0.039,13.5286,0.000225,13.6865,0.001182,13.229,0.000786,12.666,0.028,12.697,0.032,12.272,,7.97,,Theia2098,61.65950018614822,Kounkel2020,8798.0,2.3484,2.21
124196173,3.0511885800482115e+18,104.035859433062,-7.20381936527223,0.362053,14.5978,,,15.01,0.172,13.938,0.045,13.808,0.061,13.728,0.065,14.9766,0.000364,15.2625,0.001715,14.5154,0.001698,13.377,0.047,13.4,0.052,12.161,,8.473,,Theia2098,61.65950018614822,Kounkel2020,7484.0,1.94041,1.72
124196021,3.0992273425785503e+18,103.989034427643,-7.17273806539286,0.343409,11.8199,12.204,0.142,11.974,0.092,11.269,0.035,11.199,0.039,11.112,0.03,12.0318,0.000247,12.1946,0.001542,11.7151,0.000854,10.837,0.023,10.861,0.021,10.865,0.103,8.263,,Theia2098,61.65950018614822,Kounkel2020,9546.0,5.83621,
124195858,3.099228270291924e+18,103.986178263133,-7.13822548582127,0.355304,15.0376,16.052,0.113,15.486,0.138,14.303,0.033,14.185,0.065,14.144,0.069,15.4848,0.000369,15.8337,0.002165,14.9633,0.001537,13.965,0.028,14.108,0.048,12.701,,8.765,,Theia2098,61.65950018614822,Kounkel2020,7057.0,1.77905,1.56
124196031,3.099227342578548e+18,103.997501122813,-7.17537743930929,0.424503,14.3701,15.279,0.225,14.674,0.08,13.833,0.027,13.736,0.039,13.589,0.04,14.6591,0.00032,14.8768,0.001387,14.2875,0.001295,13.633,0.027,13.745,0.039,11.971,,8.631,,Theia2098,61.65950018614822,Kounkel2020,8084.0,1.65306,1.96
124196065,3.0992271707798374e+18,104.037370958088,-7.18198313277629,0.398129,14.1526,14.971,0.0,14.457,0.103,13.531,0.024,13.391,0.033,13.344,0.043,14.4738,0.000271,14.7157,0.001194,14.0713,0.000978,13.282,0.025,13.425,0.034,12.501,,8.816,,Theia2098,61.65950018614822,Kounkel2020,7833.0,2.01731,1.86
124196248,3.0992265866643267e+18,104.004412428996,-7.22073586582264,0.374937,14.7624,15.844,0.223,15.186,0.16,14.113,0.033,13.994,0.046,13.767,0.052,15.134,0.000372,15.4131,0.002073,14.6876,0.001326,13.735,0.028,13.838,0.041,11.89,,8.538,,Theia2098,61.65950018614822,Kounkel2020,7244.0,1.72343,1.63
124196705,3.051181914259666e+18,104.052279685308,-7.36664339715708,0.410028,14.0728,15.347,0.12,14.632,0.229,13.297,0.027,13.104,0.024,13.009,0.029,14.509,0.000306,14.8596,0.001808,13.9742,0.001115,12.846,0.024,12.883,0.029,12.307,0.425,9.021,,Theia2098,61.65950018614822,Kounkel2020,8199.0,2.42551,2.01
124196019,3.0992273769382697e+18,104.022529477742,-7.17255134678337,0.35478,12.4473,12.778,0.135,12.953,0.835,11.995,0.027,11.911,0.029,11.864,0.027,12.6435,0.000308,12.7932,0.001598,12.3484,0.001104,,,,,,,,,Theia2098,61.65950018614822,Kounkel2020,9404.0,4.15456,2.39
124322703,3.051156247535322e+18,104.138202670888,-7.65266351354311,0.412863,14.4312,15.388,0.091,14.88,0.115,13.811,0.033,13.68,0.021,13.529,0.046,14.7712,0.000468,15.0363,0.00169,14.3413,0.001251,13.434,0.026,13.478,0.032,11.981,0.279,8.814,,Theia2098,61.65950018614822,Kounkel2020,8209.0,1.78089,2.01
124323542,3.0511833230082765e+18,104.099533717491,-7.34527350929859,0.34821,15.3696,16.74,0.114,15.957,1.133,14.472,0.032,14.175,0.033,14.079,0.064,15.9226,0.000567,16.3872,0.004664,15.294,0.002013,14.012,0.028,14.015,0.047,12.374,,8.988,,Theia2098,61.65950018614822,Kounkel2020,7491.0,1.81167,1.72
124324026,3.05269010061538e+18,104.098944615675,-7.15389100960569,0.43924,13.5133,14.428,0.13,13.831,0.183,12.867,0.022,12.743,0.027,12.715,0.033,13.8192,0.000234,14.0613,0.001861,13.4104,0.000796,12.603,0.022,12.623,0.024,12.038,,8.595,,Theia2098,61.65950018614822,Kounkel2020,8967.0,2.44909,2.26
124196386,3.051187068219734e+18,104.063498097837,-7.25811192855585,0.460696,14.7927,15.906,0.099,15.021,0.024,14.179,0.03,14.097,0.05,14.005,0.057,15.1522,0.000341,15.4231,0.001635,14.718,0.00129,13.895,0.027,13.896,0.039,12.183,,8.725,,Theia2098,61.65950018614822,Kounkel2020,7364.0,1.38027,1.67
124196090,3.0992272394993367e+18,104.002696064985,-7.18660876563456,0.429461,14.5426,15.771,0.113,14.989,0.149,13.907,0.032,13.785,0.042,13.615,0.041,14.9093,0.000312,15.1849,0.001563,14.4638,0.001233,13.54,0.027,13.637,0.041,12.758,0.528,9.034,,Theia2098,61.65950018614822,Kounkel2020,7418.0,1.67052,1.7
124196144,3.09922699898116e+18,104.034229106031,-7.1988031135021,0.390883,14.318,14.962,0.106,14.59,0.069,13.755,0.027,13.601,0.035,13.613,0.05,14.6399,0.000277,14.8813,0.001619,14.2353,0.001062,13.419,0.027,13.502,0.038,11.935,,8.869,,Theia2098,61.65950018614822,Kounkel2020,7840.0,1.90376,1.87
124331100,3.0526853246127447e+18,104.2176574439,-7.26231341471511,0.466807,14.7163,16.116,0.166,15.167,0.035,13.935,0.024,13.698,0.048,13.612,0.046,15.1893,0.000411,15.5607,0.002151,14.6311,0.001259,13.534,0.026,13.598,0.034,12.673,,8.965,,Theia2098,61.65950018614822,Kounkel2020,7339.0,1.66501,1.66
124501945,3.051097866035677e+18,104.434831426938,-7.77527076563198,0.550786,14.9184,16.082,0.112,15.552,0.08,14.153,0.027,13.855,0.038,13.722,0.052,15.4136,0.000585,15.8111,0.002302,14.8412,0.001706,13.623,0.026,13.725,0.04,12.657,,8.679,,Theia2098,61.65950018614822,Kounkel2020,7215.0,1.341,1.62
124196360,3.051187961572947e+18,104.01309630935,-7.25183225653587,0.354354,13.0236,13.766,0.109,13.317,0.114,12.489,0.024,12.392,0.024,12.308,0.026,13.2761,0.000233,13.4639,0.002354,12.933,0.000863,12.261,0.023,12.245,0.027,12.028,0.295,8.989,,Theia2098,61.65950018614822,Kounkel2020,8499.0,3.47044,2.11
124323946,3.052689791377739e+18,104.118742372296,-7.18471055565581,0.378089,14.5732,13.787,0.084,14.995,0.057,13.786,0.029,13.58,0.041,13.563,0.038,14.9676,0.000386,15.296,0.00204,14.4552,0.001234,,,,,,,,,Theia2098,61.65950018614822,Kounkel2020,9516.0,1.9577,2.42
124503013,3.052668660139573e+18,104.411181608245,-7.33967298680301,0.56319,13.6199,14.399,0.031,13.971,0.137,13.06,0.024,12.937,0.034,12.815,0.032,13.9146,0.000282,14.136,0.001891,13.5412,0.00105,12.767,0.025,12.76,0.025,12.614,,8.991,,Theia2098,61.65950018614822,Kounkel2020,7927.0,1.79613,1.9
752875549,3.051187789774253e+18,104.037126519212,-7.26713151805933,0.433898,14.2858,,,14.6352,0.0459,,,,,,,14.5597,0.000328,14.7543,0.001803,14.1954,0.00363,,,,,,,,,Theia2098,61.65950018614822,Kounkel2020,8071.0,1.64663,1.96
124323791,3.0526855951898143e+18,104.195165964085,-7.24599277472835,0.459185,14.7276,15.981,0.059,15.142,0.035,13.994,0.029,13.793,0.023,13.728,0.041,15.1574,0.000383,15.4931,0.002881,14.6414,0.001399,13.644,0.025,13.644,0.03,12.613,,8.718,,Theia2098,61.65950018614822,Kounkel2020,7593.0,1.58286,1.77
124323972,3.052689791377736e+18,104.118062607747,-7.17473831135424,0.428899,13.6813,14.524,0.092,13.992,0.172,13.047,0.022,12.986,0.031,12.864,0.027,13.9718,0.000232,14.2015,0.001436,13.5834,0.001248,12.853,0.023,12.868,0.024,12.142,,8.978,,Theia2098,61.65950018614822,Kounkel2020,8894.0,2.26822,2.24
124196295,3.051188167731368e+18,104.019646689172,-7.23531772653846,0.399721,13.6695,14.195,0.136,13.888,0.115,13.201,0.027,13.08,0.035,13.04,0.038,13.8846,0.000249,14.0424,0.001297,13.5849,0.000809,12.93,0.025,13.06,0.031,12.583,,8.672,,Theia2098,61.65950018614822,Kounkel2020,8520.0,2.18688,2.12
124322134,3.051081240226721e+18,104.09103625664,-7.88526692290406,0.338208,15.3729,17.004,0.114,16.296,1.133,14.366,0.03,13.913,0.033,13.763,0.055,16.0594,0.000697,16.6647,0.004621,15.3188,0.002223,13.722,0.026,13.753,0.034,12.607,,9.016,,Theia2098,61.65950018614822,Kounkel2020,7072.0,2.25084,1.57
124323790,3.052685565129923e+18,104.177622729836,-7.24613243606985,0.365194,15.6774,17.307,0.116,16.57,0.538,14.651,0.036,14.248,0.041,14.196,0.063,16.3668,0.00063,16.9697,0.004625,15.6177,0.002445,13.902,0.065,13.902,0.072,11.53,,8.749,,Theia2098,61.65950018614822,Kounkel2020,7097.0,1.83658,1.57
124324533,3.10073566637364e+18,104.137514321169,-6.96056871536182,0.331315,15.0471,16.204,0.114,15.451,0.206,14.349,0.035,14.193,0.065,13.99,0.061,15.44,0.000481,15.7637,0.00213,14.9382,0.001391,13.988,0.032,14.221,0.045,12.266,,8.831,,Theia2098,61.65950018614822,Kounkel2020,9037.0,1.77514,2.28
124331476,3.0511701975888087e+18,104.220317239206,-7.41457840690883,0.484622,14.6328,16.029,0.09,15.149,0.149,13.773,0.03,13.535,0.045,13.391,0.043,15.1055,0.000457,15.4893,0.00382,14.5328,0.00158,13.231,0.025,13.18,0.028,12.428,,8.913,,Theia2098,61.65950018614822,Kounkel2020,8158.0,1.6907,1.99
124331721,3.051165662103378e+18,104.288960360882,-7.50733829359151,0.28248,16.5695,18.206,0.127,17.5683,0.0461,15.556,0.062,14.938,0.087,14.797,0.122,17.2371,0.000853,17.8279,0.009183,16.502,0.004541,14.851,0.036,15.164,0.098,12.439,,8.989,,Theia2098,61.65950018614822,Kounkel2020,7658.0,1.45139,1.79
124323603,3.051183632243688e+18,104.079900470036,-7.32172982242818,0.36489,14.8851,16.081,0.112,15.4,0.286,14.158,0.027,13.923,0.022,13.856,0.053,15.3299,0.000403,15.6639,0.002298,14.787,0.001698,13.671,0.027,13.706,0.036,12.556,0.463,8.879,,Theia2098,61.65950018614822,Kounkel2020,7444.0,,
124323862,3.051188442609251e+18,104.085720456256,-7.21430175433092,0.385084,13.5903,14.449,0.126,13.94,0.172,12.978,0.026,12.876,0.023,12.784,0.033,13.8825,0.000244,14.1042,0.001318,13.4926,0.00081,12.713,0.023,12.75,0.027,11.979,0.327,8.8,,Theia2098,61.65950018614822,Kounkel2020,8554.0,2.62182,2.13
124324198,3.05269226527887e+18,104.181352619441,-7.09318778082999,0.473088,14.1585,15.047,0.097,14.509,0.126,13.558,0.026,13.464,0.034,13.339,0.04,14.4681,0.000257,14.7015,0.001415,14.0702,0.001054,13.26,0.041,13.317,0.043,12.333,,8.965,,Theia2098,61.65950018614822,Kounkel2020,8121.0,1.69912,1.98
124330312,3.100737556159016e+18,104.245077566406,-6.98028566951652,0.426249,14.1602,14.91,0.087,14.58,0.206,13.608,0.024,13.466,0.035,13.365,0.037,14.4204,0.000299,14.6281,0.00156,14.0609,0.000857,13.255,0.026,13.291,0.032,12.132,,8.343,,Theia2098,61.65950018614822,Kounkel2020,9228.0,1.74821,2.34
124501663,3.051090929672722e+18,104.383759095223,-7.88219168890108,0.400924,15.0712,16.046,0.029,15.477,0.081,14.445,0.032,14.241,0.044,14.27,0.073,15.4304,0.00054,15.7178,0.002263,14.9786,0.002607,14.152,0.03,14.19,0.054,12.446,,9.074,,Theia2098,61.65950018614822,Kounkel2020,8392.0,1.4087,2.08
120831706,3.0501895706544645e+18,102.503982571118,-9.90086897969678,0.512417,13.9092,14.794,0.087,14.362,0.103,13.276,0.039,13.115,0.049,13.059,0.038,14.2602,0.000356,14.5311,0.001415,13.8247,0.001015,12.885,0.028,12.952,0.035,12.147,,8.308,,Theia2266,79.43282347242821,Kounkel2020,7922.0,1.86381,1.9
120620889,3.050562369513643e+18,102.277882664892,-9.10278825040298,0.43868,12.1362,13.208,0.025,12.604,0.057,11.482,0.023,11.352,0.022,11.287,0.023,12.5181,0.000211,12.8199,0.001018,12.0391,0.000683,11.237,0.023,11.25,0.021,11.367,0.172,8.849,,Theia2266,79.43282347242821,Kounkel2020,8282.0,5.16102,
120672484,3.098681125815873e+18,102.381350974346,-8.29036105075846,0.481256,13.4565,14.125,0.033,13.825,0.114,12.91,0.027,12.77,0.022,12.724,0.023,13.6938,0.000296,13.8728,0.001678,13.3651,0.000693,12.686,0.023,12.748,0.025,12.15,,8.802,,Theia2266,79.43282347242821,Kounkel2020,8724.0,2.09496,2.19
120669718,3.050507604394154e+18,102.437410912511,-9.3237718757249,0.480804,14.4899,15.441,0.066,14.995,0.057,13.86,0.027,13.699,0.038,13.518,0.037,14.8687,0.000387,15.1565,0.001813,14.4184,0.001716,13.364,0.026,13.44,0.032,11.904,0.266,8.555,,Theia2266,79.43282347242821,Kounkel2020,7183.0,1.56579,1.61
407701359,3.050175551881163e+18,102.704831422542,-9.99877140177012,0.552828,12.2948,13.065,0.053,12.644,0.069,11.839,0.024,11.77,0.022,11.711,0.021,12.5674,0.000523,12.768,0.002294,12.2077,0.002601,11.676,0.023,11.717,0.023,11.534,0.193,8.972,,Theia2266,79.43282347242821,Kounkel2020,8185.0,3.28771,2.0
407701418,3.0501757923992965e+18,102.716751037374,-9.96661896334994,0.492529,14.456,15.542,0.059,15.004,0.103,13.768,0.024,13.574,0.022,13.534,0.035,14.8547,0.000368,15.1634,0.002072,14.3854,0.00118,13.516,0.024,13.479,0.033,12.137,,8.831,,Theia2266,79.43282347242821,Kounkel2020,7197.0,1.60077,1.61
407701527,3.0501828017858765e+18,102.70309649364,-9.90101938534665,0.453263,13.4122,14.012,0.063,13.712,0.08,12.943,0.024,12.88,0.029,12.811,0.029,13.6327,0.000258,13.8002,0.001626,13.3249,0.001179,12.738,0.023,12.784,0.027,12.524,,9.052,,Theia2266,79.43282347242821,Kounkel2020,8761.0,2.20434,2.2
120621881,3.0504075144767053e+18,102.257218334226,-9.49024272163697,0.457122,14.2568,15.654,0.065,14.975,0.069,13.392,0.027,13.176,0.023,13.108,0.032,14.7596,0.000418,15.157,0.001823,14.1589,0.001415,13.017,0.025,13.009,0.027,12.589,0.538,8.756,,Theia2266,79.43282347242821,Kounkel2020,7634.0,2.19032,1.78
120623034,3.0501678896597053e+18,102.308569820846,-9.95407264921688,0.475801,13.7863,15.031,0.031,14.391,0.069,13.029,0.023,12.82,0.023,12.7,0.027,14.2354,0.000308,14.5897,0.002714,13.704,0.000745,12.661,0.024,12.663,0.026,12.196,,8.497,,Theia2266,79.43282347242821,Kounkel2020,7451.0,2.42428,1.71
407701581,3.0501831453832315e+18,102.706969372519,-9.87351251896287,0.437668,13.4256,14.059,0.059,13.728,0.114,12.95,0.026,12.891,0.029,12.815,0.026,13.6501,0.000288,13.8224,0.001276,13.3304,0.001209,12.764,0.023,12.798,0.025,12.327,,9.012,,Theia2266,79.43282347242821,Kounkel2020,9063.0,2.27379,2.29
752683879,3.050184347974742e+18,102.874479867271,-9.84168505464623,0.481859,14.4711,,,14.9113,0.046,,,,,,,14.811,0.000403,15.0498,0.004791,14.3782,0.011324,,,,,,,,,Theia2266,79.43282347242821,Kounkel2020,7537.0,1.49154,1.74
123459399,3.050179056575131e+18,102.845693401752,-9.93140944070156,0.464923,14.4521,15.279,0.08,14.933,0.035,13.734,0.03,13.606,0.058,13.516,0.049,14.843,0.000409,15.1396,0.002778,14.3762,0.00173,,,,,,,,,Theia2266,79.43282347242821,Kounkel2020,7232.0,1.67331,1.62
120880695,3.050513308110886e+18,102.668239095121,-9.18380630763252,0.43899,13.3695,14.104,0.05,13.779,0.114,12.861,0.027,12.733,0.023,12.643,0.027,13.6385,0.00059,13.8383,0.002932,13.2816,0.001433,12.546,0.024,12.583,0.025,12.394,0.433,8.975,,Theia2266,79.43282347242821,Kounkel2020,8281.0,2.47849,2.04
123670456,3.0502898667324754e+18,103.194083715654,-9.5274776233838,0.221557,16.2556,17.388,0.12,16.9584,0.046,15.424,0.049,15.224,0.122,15.096,0.149,16.764,0.000975,17.169,0.006907,16.1784,0.006555,14.84,0.034,14.807,0.068,12.612,,8.983,,Theia2266,79.43282347242821,Kounkel2020,7014.0,1.61977,1.54
123540565,3.050525643257867e+18,102.978132047322,-9.1258728922999,0.501268,13.4577,14.461,0.019,13.947,0.172,12.833,0.023,12.706,0.023,12.591,0.024,13.8095,0.000285,14.0765,0.001413,13.3681,0.000793,12.542,0.024,12.598,0.026,12.51,,9.051,,Theia2266,79.43282347242821,Kounkel2020,7927.0,2.34879,1.9
119628901,3.0985777330633344e+18,100.821488362172,-8.89161860324588,0.544851,13.1353,13.774,0.04,13.38,0.092,12.588,0.023,12.531,0.022,12.496,0.029,13.369,0.000347,13.5464,0.002547,13.0446,0.001764,12.451,0.024,12.471,0.025,12.318,,8.423,,Theia2481,102.32929922807536,Kounkel2020,8768.0,2.14555,2.2
119687732,3.098807874588353e+18,100.925924469011,-8.37456736688275,0.622167,11.9859,12.289,0.343,11.695,0.024,11.609,0.023,11.596,0.022,11.553,0.021,12.1176,0.000274,12.2147,0.00239,11.8985,0.001122,11.546,0.023,11.59,0.021,11.578,0.206,9.168,,Theia2481,102.32929922807536,Kounkel2020,9381.0,2.76915,2.38
120095316,3.09853966677383e+18,101.574812115992,-8.89583427348809,0.347939,15.4631,15.333,0.1,15.949,0.195,14.98,0.048,14.798,0.059,15.015,0.13,15.6982,0.000944,15.8373,0.002474,15.3483,0.002058,14.554,0.036,14.439,0.051,12.311,,8.49,,Theia2481,102.32929922807536,Kounkel2020,8272.0,1.12223,2.03
119294155,3.002477152619733e+18,100.321729667694,-9.38548574186556,0.654733,11.0596,11.777,0.193,11.102,0.013,10.594,0.024,10.511,0.023,10.488,0.024,11.2768,0.000925,11.4453,0.00253,10.9787,0.000929,10.43,0.023,10.435,0.021,10.364,0.073,8.673,,Theia2481,102.32929922807536,Kounkel2020,8681.0,4.60411,2.17
120024771,3.098711946500477e+18,101.419760657168,-8.36150124551495,0.276919,13.4393,14.328,0.035,13.874,0.092,12.747,0.023,12.673,0.027,12.603,0.026,13.7767,0.000306,14.0319,0.001627,13.3547,0.001267,12.532,0.023,12.55,0.024,12.102,,8.891,,Theia2481,102.32929922807536,Kounkel2020,7852.0,3.99314,1.87
119851842,3.0990058253407314e+18,101.208749967752,-7.70009404668442,0.352532,15.1143,16.029,0.045,15.804,0.081,14.413,0.027,14.252,0.027,14.239,0.064,15.521,0.000676,15.8332,0.004348,15.0391,0.001621,14.051,0.029,14.226,0.049,12.577,0.478,8.999,,Theia2481,102.32929922807536,Kounkel2020,7209.0,1.63245,1.62
119851901,3.099008913418009e+18,101.167429094326,-7.67318001903719,0.277299,12.3896,12.823,0.042,12.635,0.069,11.968,0.029,11.888,0.029,11.856,0.031,12.5539,0.00029,12.6728,0.003149,12.2827,0.002374,11.724,0.023,11.753,0.022,11.7,0.231,9.102,,Theia2481,102.32929922807536,Kounkel2020,9758.0,5.06069,
119846149,2.954352907363536e+18,101.215611370155,-9.85791145871694,0.294522,14.974,15.977,0.131,15.545,0.035,14.374,0.032,14.177,0.032,14.103,0.057,15.3192,0.000511,15.5695,0.001971,14.8995,0.001436,14.13,0.03,14.212,0.045,12.665,,8.626,,Theia2481,102.32929922807536,Kounkel2020,7134.0,1.86942,1.59
120022340,3.098491975456768e+18,101.439165283512,-9.27706905892309,0.636208,12.6509,13.37,0.028,13.007,0.08,12.101,0.027,11.999,0.029,11.883,0.024,12.9183,0.000332,13.1203,0.001049,12.5579,0.000711,11.804,0.024,11.864,0.023,11.643,0.227,8.845,,Theia2481,102.32929922807536,Kounkel2020,8554.0,2.42893,2.13
119072743,3.0996136147535724e+18,100.138317048458,-8.11427325928976,0.580116,14.0951,15.076,0.071,14.654,0.126,13.439,0.041,13.254,0.054,13.176,0.049,14.4958,0.00037,14.8021,0.002151,14.0228,0.001582,,,,,,,,,Theia2481,102.32929922807536,Kounkel2020,7099.0,1.62061,1.58
120275541,3.098943153178475e+18,101.78182020594,-7.88426258936846,0.521828,13.7986,14.912,0.045,14.309,0.092,13.077,0.023,12.902,0.023,12.843,0.033,14.2014,0.000311,14.5118,0.002372,13.7263,0.001822,12.782,0.024,12.814,0.029,12.163,,8.776,,Theia2481,102.32929922807536,Kounkel2020,7180.0,2.06076,1.61
120261943,3.098641028001032e+18,101.689484275769,-8.66500399370402,0.279269,15.9841,16.2,0.107,16.291,1.133,15.387,0.047,15.12,0.075,15.111,0.129,16.3023,0.000713,16.4886,0.004428,15.8599,0.006573,14.974,0.033,15.149,0.078,12.691,,9.204,,Theia2481,102.32929922807536,Kounkel2020,7544.0,1.18246,1.75
123540493,3.0505258494163994e+18,102.871754522574,-9.15080221092266,0.296071,14.2365,15.21,0.026,14.914,0.16,13.523,0.024,13.346,0.039,13.191,0.035,14.6211,0.000318,14.9154,0.00229,14.1439,0.000862,13.113,0.024,13.246,0.031,12.491,,9.124,,Theia2481,102.32929922807536,Kounkel2020,7872.0,2.78849,1.88
120275792,3.098748848859654e+18,101.810698505785,-7.96329195786744,0.47587,13.9181,14.885,0.052,14.313,0.195,13.289,0.022,13.141,0.023,13.069,0.029,14.2769,0.00037,14.5477,0.001554,13.8463,0.001559,13.011,0.024,13.016,0.029,12.474,,9.131,,Theia2481,102.32929922807536,Kounkel2020,7286.0,1.99735,1.64
120321579,3.098700500408393e+18,101.867345403123,-8.3471087120353,0.256745,16.4963,16.95,0.125,16.9453,0.0459,15.818,0.072,15.338,0.08,15.935,0.263,16.8412,0.000964,17.0967,0.006735,16.4095,0.008036,15.589,0.046,15.681,0.125,12.662,,8.854,,Theia2481,102.32929922807536,Kounkel2020,7710.0,1.02904,1.81
123540504,3.050525849416396e+18,102.873030529869,-9.14826060401517,0.384443,15.3554,16.723,0.116,15.933,0.343,14.556,0.037,14.346,0.052,14.253,0.075,15.8374,0.000738,16.2188,0.004449,15.2802,0.001731,13.959,0.027,14.261,0.041,12.73,,9.223,,Theia2481,102.32929922807536,Kounkel2020,7021.0,1.51021,1.55
120449335,3.0986714020102216e+18,102.104944161867,-8.45719281974849,0.268008,16.5733,16.954,0.119,17.1348,0.0459,15.798,0.062,15.412,0.101,15.339,,16.9947,0.000833,17.3244,0.007036,16.503,0.00331,15.446,0.049,16.393,0.252,12.61,,8.876,,Theia2481,102.32929922807536,Kounkel2020,7140.0,1.0682,1.59
124500276,3.050857317810808e+18,104.355373302983,-8.3990601586586,0.710129,13.7941,14.797,0.021,14.319,0.103,13.173,0.022,12.972,0.031,12.853,0.035,14.1779,0.000289,14.4721,0.001653,13.7251,0.001116,12.803,0.023,12.779,0.025,11.273,0.144,7.419,0.115,Theia2525,107.15193052376048,Kounkel2020,7142.0,1.49705,1.59
124541718,3.0506648345566e+18,104.503709818176,-9.12383803325191,0.740811,13.2811,14.568,0.044,13.896,0.149,12.473,0.024,12.185,0.023,12.065,0.023,13.7517,0.000273,14.1336,0.001971,13.2039,0.001342,11.973,0.024,12.015,0.024,12.058,,9.074,,Theia2525,107.15193052376048,Kounkel2020,7498.0,2.06467,1.73
120886626,3.099567744503763e+18,102.644865592369,-6.51891772958822,0.768887,13.4651,14.645,0.11,13.769,0.149,12.934,0.026,12.797,0.029,12.737,0.03,13.7835,0.000595,14.0155,0.002112,13.399,0.001699,12.709,0.04,12.724,0.037,12.219,,9.018,,Theia2563,112.20184543019651,Kounkel2020,7122.0,1.46798,1.58
123545464,3.099272491273349e+18,102.931648136886,-7.12362907608697,0.806366,13.0503,13.746,0.07,13.36,0.114,12.604,0.024,12.492,0.027,12.383,0.023,13.3135,0.000282,13.5033,0.002063,12.9846,0.000938,12.389,0.024,12.407,0.025,11.596,0.208,8.879,,Theia2563,112.20184543019651,Kounkel2020,7516.0,1.56948,1.73
123577331,3.0992786760262026e+18,103.014018509734,-7.084988957416,0.809318,13.3135,14.587,0.006,13.635,0.16,12.78,0.026,12.649,0.025,12.587,0.034,13.6376,0.000447,13.8831,0.00197,13.2465,0.001633,12.327,0.023,12.365,0.022,12.082,,8.429,,Theia2563,112.20184543019651,Kounkel2020,7424.0,1.51151,1.7
282392962,3.101143649606137e+18,103.37981132153,-5.56162093808234,0.865431,12.0954,12.408,0.41,12.017,0.029,11.823,0.023,11.817,0.023,11.778,0.024,12.1707,0.000321,12.2394,0.001924,12.0178,0.001272,11.753,0.023,11.774,0.021,11.245,0.167,8.655,,Theia2563,112.20184543019651,Kounkel2020,10113.0,1.75267,2.59
123575959,3.099511321512218e+18,103.066969295269,-6.58917433913819,0.799705,12.3313,12.473,0.015,12.355,0.103,12.142,0.023,12.089,0.024,12.128,0.026,12.3812,0.000333,12.4308,0.002736,12.2655,0.00095,12.025,0.023,12.084,0.024,12.229,0.346,9.164,,Theia2563,112.20184543019651,Kounkel2020,9856.0,1.64107,2.52
123676272,3.099266375240772e+18,103.162056389539,-7.13966622500829,0.819945,11.8523,12.069,0.329,12.289,0.043,11.561,0.021,11.499,0.022,11.45,0.019,11.9303,0.00027,11.9919,0.002419,11.7772,0.000791,11.454,0.023,11.48,0.022,11.611,0.206,8.945,,Theia2563,112.20184543019651,Kounkel2020,9589.0,2.08272,2.44
124192610,3.1010580637960253e+18,103.979910965298,-5.93530010121115,0.919471,12.3421,12.754,0.006,12.517,0.08,12.01,0.024,11.951,0.022,11.913,0.024,12.4982,0.000369,12.6157,0.001846,12.2818,0.001927,11.846,0.022,11.896,0.022,12.09,0.338,9.06,,Theia2563,112.20184543019651,Kounkel2020,8323.0,1.6718,2.05
123577398,3.09927826370936e+18,102.994942612756,-7.10688624923955,0.851252,13.2264,13.371,0.1,13.576,0.058,12.754,0.038,12.629,0.049,12.529,0.041,13.5333,0.000411,13.763,0.002229,13.1634,0.002301,,,,,,,,,Theia2563,112.20184543019651,Kounkel2020,7329.0,1.46162,1.66
123545627,3.099281592301721e+18,102.92724434159,-7.07039782757025,0.817717,12.2458,11.839,0.264,12.375,0.092,11.958,0.022,11.898,0.025,11.903,0.026,12.3449,0.000255,12.4192,0.002242,12.175,0.000905,11.813,0.023,11.835,0.022,11.712,0.234,8.797,,Theia2563,112.20184543019651,Kounkel2020,9111.0,1.80458,2.31
120885965,3.099489369940814e+18,102.648374220404,-6.79829794516761,0.988635,12.8103,13.305,0.082,12.949,0.092,12.427,0.026,12.33,0.026,12.273,0.024,12.9882,0.000628,13.1188,0.001491,12.7454,0.00097,12.261,0.023,12.272,0.023,12.207,,8.754,,Theia2563,112.20184543019651,Kounkel2020,8217.0,1.29166,2.01
32674312,3.101213404171866e+18,104.397480269033,-5.30023685534702,0.707177,13.4797,14.222,0.019,13.879,0.114,13.044,0.024,12.908,0.025,12.855,0.03,13.7556,0.000337,13.9618,0.001128,13.4195,0.000893,12.818,0.024,12.834,0.027,11.914,0.313,8.839,0.498,Theia2563,112.20184543019651,Kounkel2020,7463.0,1.48768,1.71
124328040,3.100850977654068e+18,104.252772988185,-6.18728318134809,0.850956,12.2049,12.557,0.016,12.375,0.08,11.894,0.024,11.859,0.022,11.835,0.024,12.3392,0.000257,12.4431,0.001577,12.1415,0.001765,11.776,0.022,11.807,0.022,12.012,0.413,9.123,,Theia2563,112.20184543019651,Kounkel2020,8668.0,1.86349,2.17
124329016,3.100785449334212e+18,104.308705153201,-6.52705548358845,0.891618,11.966,,,12.1616,0.0459,11.563,0.026,11.49,0.029,11.418,0.024,12.1212,0.000207,12.2364,0.001358,11.8931,0.000708,11.398,0.041,11.397,0.039,12.223,0.511,8.765,,Theia2563,112.20184543019651,Kounkel2020,8674.0,2.04862,2.17
123577305,3.0992794619980646e+18,103.068402149182,-7.07750676470545,0.787935,13.2127,13.99,0.084,13.499,0.126,12.735,0.022,12.617,0.025,12.543,0.029,13.4904,0.000256,13.6964,0.001257,13.1435,0.000927,12.536,0.025,12.582,0.027,12.275,,8.929,,Theia2563,112.20184543019651,Kounkel2020,7680.0,1.52293,1.8
123734488,3.099213147704939e+18,103.260195824201,-7.27657702863919,0.996425,11.924,11.991,0.27,11.608,0.019,11.719,0.026,11.688,0.028,11.633,0.026,11.9745,0.000343,12.0227,0.002895,11.8489,0.000742,11.556,0.023,11.578,0.021,11.244,0.136,9.188,0.495,Theia2563,112.20184543019651,Kounkel2020,10178.0,1.59462,2.61
123734385,3.099214801273469e+18,103.294243024914,-7.23692907879739,0.611735,12.0323,12.121,0.341,11.745,0.024,11.718,0.023,11.672,0.028,11.627,0.023,12.1463,0.000248,12.2329,0.002609,11.9464,0.000637,11.62,0.023,11.612,0.022,11.735,0.243,8.843,,Theia2563,112.20184543019651,Kounkel2020,9605.0,2.67949,2.45
123545537,3.0992784999306086e+18,102.959560058921,-7.10086718274859,0.850671,12.5932,13.024,0.073,12.779,0.103,12.252,0.024,12.201,0.029,12.165,0.03,12.7454,0.000334,12.8632,0.001304,12.5259,0.001135,12.053,0.024,12.089,0.022,12.317,0.473,9.024,,Theia2563,112.20184543019651,Kounkel2020,8675.0,1.60044,2.17
123577458,3.099277610875315e+18,103.039862501238,-7.12901013114922,0.933754,9.5601,9.64,0.0,9.63,0.03,9.463,0.022,9.397,0.022,9.458,0.021,9.58062,0.000397,9.62527,0.00183,9.50471,0.001332,9.425,0.022,9.458,0.02,9.444,0.038,8.43,,Theia2563,112.20184543019651,Kounkel2020,10461.0,4.83595,2.7
123884300,3.101025211585996e+18,103.535239283267,-6.26500167741065,0.867149,11.9528,12.294,0.416,12.049,0.032,11.548,0.024,11.427,0.022,11.33,0.021,12.1814,0.000313,12.3464,0.002278,11.8944,0.001187,11.33,0.022,11.338,0.022,11.219,0.159,9.106,,Theia2563,112.20184543019651,Kounkel2020,7576.0,2.31294,1.76
123545606,3.0992789122416046e+18,102.980842000769,-7.07714869758391,0.876339,11.5265,11.529,0.193,11.174,0.014,11.249,0.022,11.214,0.023,11.188,0.024,11.6141,0.000387,11.6873,0.002311,11.443,0.001133,11.119,0.022,11.135,0.02,10.755,0.091,9.096,0.514,Theia2563,112.20184543019651,Kounkel2020,10042.0,2.29344,2.57
124018333,3.100752159047202e+18,103.836049610602,-6.84379404930682,0.997692,11.1831,,,11.026,0.183,11.014,0.024,10.997,0.023,10.983,0.023,11.1778,0.001161,11.2016,0.002727,11.1033,0.000746,10.85,0.023,10.856,0.02,10.489,0.083,8.531,0.421,Theia2563,112.20184543019651,Kounkel2020,13036.0,,
124018978,3.0992428388194586e+18,103.74381416922,-7.08520201744628,0.785239,12.9577,13.657,0.097,13.242,0.103,12.517,0.024,12.363,0.022,12.338,0.029,13.2024,0.000353,13.3803,0.001371,12.8889,0.001215,12.284,0.024,12.296,0.026,12.048,,8.816,,Theia2563,112.20184543019651,Kounkel2020,7802.0,1.64161,1.85
283200463,3.1011564357260344e+18,103.912069899749,-5.82524616630477,0.823954,13.0902,13.762,0.021,13.401,0.126,12.616,0.023,12.494,0.027,12.42,0.027,13.3521,0.000356,13.5417,0.002217,13.0272,0.001183,12.441,0.023,12.463,0.025,11.952,0.328,8.703,,Theia2563,112.20184543019651,Kounkel2020,7466.0,1.50534,1.71
124193243,3.1008619341084324e+18,104.059951279446,-6.19285391497684,0.940158,11.7956,12.154,0.444,11.916,0.08,11.562,0.024,11.512,0.024,11.512,0.027,11.8872,0.000286,11.9584,0.002037,11.7349,0.001092,11.451,0.023,11.468,0.021,11.616,0.215,8.79,,Theia2563,112.20184543019651,Kounkel2020,8898.0,1.91901,2.24
282708397,3.1010778206451174e+18,103.602963350082,-5.77872990796834,0.773557,13.3047,14.423,0.108,13.647,0.172,12.842,0.022,12.68,0.022,12.655,0.027,13.5886,0.000371,13.7954,0.001807,13.2422,0.001048,,,,,,,,,Theia2563,112.20184543019651,Kounkel2020,7300.0,1.49559,1.65
32671623,3.100970510883753e+18,104.297525668954,-5.8783744800913,0.715269,12.7802,13.057,0.008,12.971,0.114,12.481,0.023,12.431,0.025,12.38,0.024,12.8789,0.000864,12.953,0.001832,12.7079,0.001463,12.409,0.024,12.428,0.025,12.225,,9.03,,Theia2563,112.20184543019651,Kounkel2020,9171.0,1.60863,2.32
124328130,3.100850118660622e+18,104.263634872761,-6.21720066795698,0.796352,10.6874,10.653,0.102,10.566,0.009,10.494,0.022,10.48,0.023,10.465,0.019,10.7345,0.000514,10.7922,0.001232,10.6265,0.000784,10.429,0.022,10.462,0.019,10.43,0.078,8.294,,Theia2563,112.20184543019651,Kounkel2020,10116.0,3.48862,2.6
123577856,3.099257407349351e+18,103.02117592382,-7.28718683847096,0.770679,11.9833,12.298,0.086,12.125,0.08,11.692,0.026,11.643,0.023,11.65,0.023,12.0971,0.00024,12.1754,0.001947,11.912,0.001112,11.571,0.023,11.574,0.022,11.31,0.182,8.218,,Theia2563,112.20184543019651,Kounkel2020,8751.0,2.2065,2.2
123676559,3.099280016056831e+18,103.112989174929,-7.03555366445929,0.807756,13.6007,14.684,0.1,13.956,0.126,13.028,0.027,12.811,0.023,12.718,0.033,13.9858,0.001377,14.2828,0.006296,13.5327,0.002953,12.664,0.025,12.703,0.026,11.97,0.296,9.06,,Theia2563,112.20184543019651,Kounkel2020,7170.0,1.4468,1.6
123677332,3.0994998153017533e+18,103.165625921022,-6.72995717301414,0.702095,12.165,12.653,0.091,12.339,0.057,11.799,0.026,11.724,0.025,11.689,0.029,12.3423,0.000218,12.4714,0.001951,12.0928,0.001216,11.565,0.024,11.592,0.022,11.201,0.165,9.091,,Theia2563,112.20184543019651,Kounkel2020,8399.0,2.42878,2.08
124327174,3.1009619596092283e+18,104.152873671884,-5.98603659668804,0.85112,11.0401,11.065,0.147,10.977,0.013,10.892,0.022,10.922,0.023,10.909,0.021,11.0358,0.000523,11.061,0.003386,10.979,0.001017,10.9,0.022,10.928,0.021,11.058,0.126,8.866,,Theia2563,112.20184543019651,Kounkel2020,11260.0,2.50388,2.95
124328191,3.1008495989623613e+18,104.221949192495,-6.23742084253825,0.909754,11.7729,12.237,0.011,11.988,0.057,11.414,0.024,11.351,0.022,11.297,0.024,11.9518,0.000249,12.0866,0.001406,11.7095,0.001347,11.262,0.023,11.288,0.021,11.278,0.179,8.679,,Theia2563,112.20184543019651,Kounkel2020,8265.0,2.26452,2.03
124328267,3.10084809143611e+18,104.21013185853,-6.26495486425688,0.848403,11.8651,11.951,0.278,11.523,0.02,11.577,0.024,11.554,0.027,11.507,0.023,11.9733,0.000269,12.0581,0.001385,11.8023,0.001324,11.482,0.023,11.485,0.022,11.042,0.143,8.905,,Theia2563,112.20184543019651,Kounkel2020,8878.0,2.10269,2.24
124328206,3.1008494658256056e+18,104.267617387175,-6.2425360535989,0.755674,10.9601,10.846,0.115,10.618,0.009,10.868,0.024,10.843,0.023,10.825,0.019,10.9441,0.001024,10.959,0.003951,10.8899,0.00237,10.818,0.022,10.86,0.02,10.761,0.111,8.342,,Theia2563,112.20184543019651,Kounkel2020,12290.0,,
123958019,3.099220195753423e+18,103.605695145277,-7.36385595738941,0.654351,13.4491,13.898,0.102,13.454,0.08,12.712,0.046,12.603,0.065,12.473,0.047,13.7719,0.000245,14.0054,0.001894,13.3654,0.002463,12.01,0.023,12.061,0.023,12.196,0.347,8.411,,Theia2563,112.20184543019651,Kounkel2020,7613.0,,
755651258,3.099220195753423e+18,103.605695145277,-7.36385595738941,0.654351,13.4491,,,13.8648,0.0459,,,,,,,13.7719,0.000245,14.0054,0.001894,13.3654,0.002463,,,,,,,,,Theia2563,112.20184543019651,Kounkel2020,7613.0,,
124326797,3.1008634502390804e+18,104.196229221976,-6.11768215263172,0.897447,11.7913,12.057,0.368,12.167,0.042,11.538,0.022,11.479,0.021,11.507,0.023,11.8634,0.000284,11.9263,0.001873,11.7205,0.001699,11.46,0.023,11.478,0.023,11.313,0.16,8.074,,Theia2563,112.20184543019651,Kounkel2020,9702.0,1.94455,2.47
124328328,3.1008463390894484e+18,104.24337764825,-6.28327737461576,0.859057,11.9946,12.315,0.019,12.182,0.057,11.692,0.024,11.651,0.025,11.621,0.024,12.1169,0.000326,12.2114,0.001935,11.9266,0.001081,11.586,0.025,11.611,0.024,11.678,0.225,8.723,,Theia2563,112.20184543019651,Kounkel2020,8912.0,1.99914,2.25
124329006,3.100785453633992e+18,104.308910078007,-6.52455650582558,0.856946,9.7082,9.9,0.056,9.842,0.005,9.517,0.024,9.494,0.025,9.459,0.023,9.76482,0.000515,9.83718,0.001002,9.64979,0.000577,9.424,0.023,9.448,0.02,9.354,0.036,8.108,0.25,Theia2563,112.20184543019651,Kounkel2020,10237.0,5.16731,
124502755,3.051165559024075e+18,104.377275002312,-7.45980700332156,0.666589,12.6953,13.482,0.04,13.026,0.103,12.139,0.024,12.016,0.024,11.939,0.023,12.9836,0.00041,13.2043,0.001589,12.5992,0.000669,11.851,0.023,11.902,0.022,11.811,,8.891,,Theia2563,112.20184543019651,Kounkel2020,8598.0,2.3457,2.15
124504473,3.1007680332467963e+18,104.327256213571,-6.77817854492051,0.728199,12.7566,13.143,0.01,12.977,0.08,12.444,0.026,12.396,0.023,12.337,0.029,12.9055,0.000329,13.0162,0.00125,12.6938,0.000773,12.269,0.024,12.325,0.026,12.44,0.517,8.872,,Theia2563,112.20184543019651,Kounkel2020,8404.0,1.7129,2.08
124507271,3.1009526481200097e+18,104.500553414015,-6.03764056259931,0.838115,11.1528,11.357,0.191,11.234,0.017,10.951,0.023,10.924,0.023,10.88,0.021,11.214,0.000581,11.2698,0.002611,11.0845,0.001062,10.853,0.022,10.877,0.019,10.676,0.09,8.4,,Theia2563,112.20184543019651,Kounkel2020,9755.0,2.74912,2.49
120612902,3.100342900202608e+18,102.252673953601,-6.18242052544331,0.236056,15.5493,15.341,0.117,15.985,0.241,14.935,0.076,14.76,0.08,14.684,0.119,15.908,0.000906,16.1768,0.006819,15.4827,0.004334,,,,,,,,,Theia2609,117.48975549395304,Kounkel2020,7033.0,1.74321,1.55
36100304,3.1004165331210926e+18,101.873211001259,-5.84726924287409,0.730778,11.7299,12.047,0.028,11.902,0.057,11.421,0.027,11.377,0.027,11.306,0.023,11.8519,0.000284,11.9418,0.002048,11.6681,0.00112,11.207,0.022,11.227,0.021,10.468,0.079,8.441,0.316,Theia2609,117.48975549395304,Kounkel2020,8557.0,2.64287,2.13
120745865,3.099593067630206e+18,102.438607834511,-6.1701549977408,0.437156,14.143,14.732,0.022,14.334,0.195,13.729,0.027,13.622,0.029,13.558,0.043,14.3749,0.000436,14.5473,0.001708,14.0732,0.001789,13.544,0.026,13.619,0.034,12.122,,8.871,,Theia2609,117.48975549395304,Kounkel2020,8034.0,1.64205,1.94
36098863,3.100631930019767e+18,101.737658003868,-5.49430020219369,0.350628,12.4816,12.247,0.405,12.074,0.034,12.191,0.029,12.156,0.027,12.107,0.026,12.5673,0.000353,12.6371,0.002421,12.3895,0.00072,12.127,0.022,12.192,0.024,12.071,,8.918,,Theia2609,117.48975549395304,Kounkel2020,10354.0,3.50159,2.67
123454129,3.099174634737384e+18,102.796775733346,-7.30852086754161,0.61125,12.996,13.711,0.086,13.313,0.092,12.47,0.023,12.303,0.022,12.217,0.023,13.2624,0.000379,13.4587,0.002569,12.9239,0.000929,12.177,0.023,12.245,0.023,11.919,,8.448,,Theia2609,117.48975549395304,Kounkel2020,7814.0,2.11661,1.86
123733323,3.099307121586815e+18,103.241588571409,-6.85722067617679,0.786887,11.8149,12.168,0.369,12.225,0.039,11.468,0.023,11.389,0.022,11.346,0.023,11.9442,0.000276,12.0443,0.002174,11.735,0.001063,11.277,0.023,11.327,0.022,11.728,0.241,8.639,,Theia2609,117.48975549395304,Kounkel2020,9303.0,2.37937,2.36
53587755,3.100546206773592e+18,100.261295661162,-5.85603777533413,0.788772,12.5283,13.041,0.069,12.735,0.24,12.102,0.024,12.034,0.027,12.004,0.024,12.7165,0.000336,12.8582,0.001994,12.4542,0.001434,11.915,0.023,11.937,0.023,12.352,0.456,8.916,,Theia2851,144.5439770745928,Kounkel2020,8515.0,1.89123,2.12
279788685,3.100556991430209e+18,100.486163053038,-5.86984509315565,0.812606,12.4096,12.883,0.019,12.621,0.057,11.999,0.023,11.916,0.027,11.876,0.026,12.6039,0.000363,12.7488,0.002484,12.3393,0.000754,11.683,0.023,11.718,0.022,11.955,0.376,8.973,,Theia2851,144.5439770745928,Kounkel2020,8314.0,1.93443,2.05
119067828,3.100523701145227e+18,100.11231610707,-6.08066264856435,0.822366,12.8319,13.59,0.099,13.211,0.08,12.307,0.024,12.218,0.023,12.141,0.019,13.1123,0.000577,13.319,0.002311,12.7619,0.001722,12.089,0.022,12.075,0.022,12.103,0.318,8.997,,Theia2851,144.5439770745928,Kounkel2020,7646.0,1.74697,1.79
53588666,3.1005751376731054e+18,100.360776951248,-5.68521874046675,0.848372,12.5271,12.577,0.467,12.318,0.036,12.036,0.023,11.939,0.023,11.866,0.027,12.7481,0.000311,12.9176,0.001307,12.4515,0.000892,11.831,0.024,11.869,0.022,11.715,0.236,8.517,,Theia2851,144.5439770745928,Kounkel2020,8422.0,1.82697,2.09
119372401,3.1005049407276667e+18,100.647512486928,-5.98689055754625,0.843512,12.6357,13.157,0.024,12.854,0.092,12.23,0.024,12.151,0.022,12.108,0.024,12.8366,0.000396,12.9901,0.001483,12.5692,0.001042,12.051,0.023,12.081,0.022,12.251,0.351,8.776,,Theia2851,144.5439770745928,Kounkel2020,8267.0,1.69135,2.03
53412047,3.1035852225517327e+18,100.153217919876,-5.4903498080341,0.794902,12.127,12.18,0.31,12.097,0.028,11.727,0.024,11.675,0.024,11.64,0.023,12.2994,0.000317,12.4295,0.00279,12.046,0.001381,11.607,0.022,11.635,0.022,11.395,0.188,9.055,,Theia2851,144.5439770745928,Kounkel2020,8883.0,2.18702,2.24
279788859,3.100558541919511e+18,100.450284799457,-5.80918863664106,0.832493,13.361,14.309,0.056,13.785,0.114,12.793,0.023,12.596,0.023,12.562,0.024,13.7156,0.000362,13.9812,0.00207,13.294,0.002114,12.46,0.025,12.51,0.028,12.224,0.406,8.102,,Theia2851,144.5439770745928,Kounkel2020,7080.0,1.503,1.57
279788767,3.100557957803997e+18,100.430940354094,-5.84383967413487,0.824194,12.4511,13.236,0.077,12.808,0.08,11.851,0.024,11.686,0.025,11.595,0.024,12.7419,0.001466,12.9648,0.00421,12.3903,0.009787,11.403,0.022,11.44,0.021,11.52,0.184,8.846,,Theia2851,144.5439770745928,Kounkel2020,7545.0,2.11239,1.75
279991348,3.1005800854752625e+18,100.532935990271,-5.60634269737321,0.802137,12.8522,13.575,0.015,13.16,0.08,12.302,0.024,12.222,0.026,12.144,0.024,13.1207,0.000418,13.3216,0.000917,12.7773,0.000899,12.11,0.024,12.092,0.024,12.166,0.41,8.705,,Theia2851,144.5439770745928,Kounkel2020,7962.0,1.75505,1.92
53586881,3.1035804422506373e+18,100.188671864488,-5.54102919742899,0.804735,10.1614,10.415,0.069,10.233,0.006,9.863,0.026,9.757,0.024,9.74,0.023,10.2963,0.000569,10.4083,0.001279,10.095,0.000655,9.64,0.023,9.604,0.021,9.301,0.034,8.337,0.249,Theia2851,144.5439770745928,Kounkel2020,9039.0,5.04446,
119372179,3.100553795974548e+18,100.475794652269,-5.91180808547008,0.75907,11.8358,12.321,0.016,12.035,0.046,11.409,0.024,11.372,0.026,11.294,0.019,12.0156,0.000269,12.1501,0.002048,11.7666,0.0007,11.305,0.024,11.305,0.021,11.138,0.15,8.732,,Theia2851,144.5439770745928,Kounkel2020,8400.0,2.6421,2.08
279788820,3.1005577129847086e+18,100.474388857663,-5.82458802534891,0.820997,12.5828,13.171,0.017,12.839,0.08,12.116,0.022,12.036,0.023,11.99,0.026,12.8074,0.000623,12.9763,0.002431,12.5148,0.002289,11.939,0.023,11.952,0.023,11.904,0.275,8.946,,Theia2851,144.5439770745928,Kounkel2020,8091.0,1.83117,1.97
119372417,3.10050452410974e+18,100.630205849299,-5.99586074672239,0.82477,12.4248,12.834,0.023,12.56,0.069,12.032,0.024,11.992,0.022,11.953,0.026,12.5825,0.000301,12.7033,0.002073,12.357,0.001133,11.859,0.024,11.886,0.023,12.234,0.366,8.885,,Theia2851,144.5439770745928,Kounkel2020,8610.0,1.79853,2.15
279992003,3.100555002866389e+18,100.61470551849,-5.85452193243398,0.861945,12.9518,13.657,0.038,13.202,0.08,12.453,0.024,12.333,0.029,12.26,0.026,13.2166,0.000376,13.4158,0.001528,12.8827,0.001209,12.203,0.024,12.238,0.025,12.535,0.54,9.052,,Theia2851,144.5439770745928,Kounkel2020,7855.0,1.5496,1.87
280524053,3.100605546042952e+18,101.049469141936,-5.79313795700581,0.789717,13.0021,13.627,0.043,13.26,0.149,12.543,0.024,12.454,0.023,12.38,0.026,13.2383,0.00047,13.416,0.002104,12.9347,0.003365,12.326,0.022,12.361,0.025,12.347,0.473,8.424,,Theia2851,144.5439770745928,Kounkel2020,7999.0,1.58899,1.93
53588166,3.1005346919600067e+18,100.363478841027,-5.85472484898155,0.721957,11.0142,11.348,0.165,11.18,0.014,10.723,0.026,10.691,0.022,10.641,0.023,11.1324,0.000463,11.2349,0.001518,10.9431,0.001071,10.606,0.023,10.641,0.021,10.632,0.097,8.968,,Theia2851,144.5439770745928,Kounkel2020,9476.0,3.69766,2.41
279789034,3.100570872764494e+18,100.399237604567,-5.75302622856907,0.927155,11.5802,11.613,0.203,11.478,0.018,11.092,0.024,11.048,0.022,10.954,0.023,11.817,0.000246,11.9934,0.002114,11.5069,0.001262,10.947,0.023,10.974,0.02,10.861,0.107,8.396,,Theia2851,144.5439770745928,Kounkel2020,8112.0,2.63469,1.97
119552648,3.100463193646324e+18,100.746063719846,-6.18925342816767,0.763393,12.7196,13.288,0.026,13.0,0.24,12.278,0.024,12.186,0.024,12.14,0.023,12.9399,0.000694,13.106,0.000671,12.6519,0.001051,12.13,0.023,12.15,0.024,12.043,0.405,8.977,,Theia2851,144.5439770745928,Kounkel2020,8119.0,1.83714,1.98
279990514,3.1036855529887734e+18,100.536064594333,-5.29384296944299,0.745117,11.2749,11.524,0.172,11.476,0.016,11.026,0.032,10.996,0.036,10.979,0.03,11.3455,0.00057,11.4038,0.002383,11.2028,0.001534,10.992,0.03,11.026,0.032,10.816,0.142,7.886,,Theia2851,144.5439770745928,Kounkel2020,9625.0,2.95211,2.45
53587533,3.10055080667729e+18,100.25344190555,-5.77538046534087,0.937548,11.9084,12.252,0.388,11.989,0.029,11.58,0.024,11.505,0.024,11.493,0.024,12.0424,0.000261,12.1407,0.001829,11.8346,0.001542,11.448,0.024,11.469,0.023,11.856,0.254,9.115,,Theia2851,144.5439770745928,Kounkel2020,8845.0,1.95161,2.23
53587628,3.1005503299422024e+18,100.195069807263,-5.8080211654483,0.969692,12.2643,12.155,0.358,12.238,0.04,11.809,0.026,11.765,0.024,11.673,0.023,12.4672,0.000454,12.6223,0.002207,12.1918,0.000538,11.566,0.022,11.586,0.022,11.24,0.135,8.686,,Theia2851,144.5439770745928,Kounkel2020,8435.0,1.76443,2.09
53588431,3.100570842705851e+18,100.396933350272,-5.76945448987622,0.810434,11.7364,12.293,0.406,11.958,0.029,11.371,0.026,11.3,0.022,11.332,0.024,11.9145,0.001614,12.0499,0.005463,11.6588,0.00532,11.248,0.022,11.286,0.022,11.007,0.12,8.694,,Theia2851,144.5439770745928,Kounkel2020,8754.0,2.58483,2.2
53588126,3.100546374271054e+18,100.327596260359,-5.86587639659125,0.832811,11.4619,11.604,0.195,11.3,0.014,11.155,0.023,11.138,0.022,11.115,0.023,11.5435,0.001276,11.6071,0.00519,11.3747,0.004145,11.072,0.022,11.037,0.021,11.114,0.148,8.865,,Theia2851,144.5439770745928,Kounkel2020,10037.0,2.47089,2.57
53589057,3.10058458660102e+18,100.392527295704,-5.53414553043874,0.887691,13.2125,14.273,0.026,13.635,0.092,12.569,0.026,12.343,0.024,12.31,0.026,13.5924,0.000371,13.8822,0.001789,13.1425,0.001834,12.251,0.025,12.277,0.024,12.284,,9.146,,Theia2851,144.5439770745928,Kounkel2020,7164.0,1.57048,1.6
119238090,3.100479239644213e+18,100.403217076656,-6.10810885108507,0.832187,12.7307,13.264,0.0,13.015,0.08,12.317,0.024,12.219,0.024,12.17,0.03,12.9289,0.000635,13.0751,0.00117,12.655,0.001165,12.162,0.059,12.199,0.059,11.236,,8.786,0.515,Theia2851,144.5439770745928,Kounkel2020,8403.0,1.63727,2.08
279789207,3.10057280121081e+18,100.509840768107,-5.69753232759169,0.815121,13.0487,13.884,0.028,13.394,0.092,12.484,0.024,12.308,0.033,12.307,0.037,13.3684,0.00031,13.6063,0.002673,12.9793,0.001016,12.092,0.023,12.173,0.023,11.865,,8.652,,Theia2851,144.5439770745928,Kounkel2020,7391.0,1.68547,1.69
53587744,3.100546997048406e+18,100.232353724261,-5.8511327336241,0.786748,12.468,12.979,0.069,12.647,0.069,12.03,0.023,11.968,0.026,11.943,0.024,12.6496,0.000359,12.7892,0.001865,12.3933,0.000858,11.87,0.022,11.905,0.023,11.061,0.137,9.045,,Theia2851,144.5439770745928,Kounkel2020,8684.0,1.91005,2.17
53587824,3.100544660585416e+18,100.226091925327,-5.89011887010807,0.723875,12.7508,13.582,0.078,12.986,0.092,12.059,0.034,11.869,0.043,11.735,0.038,13.087,0.000689,13.2759,0.006107,12.612,0.006138,11.438,0.023,11.462,0.023,12.231,0.373,8.758,,Theia2851,144.5439770745928,Kounkel2020,7523.0,2.22226,1.74
280521337,3.10071089299966e+18,101.098061007823,-5.20420288235108,0.789901,12.8392,13.392,0.033,13.154,0.092,12.438,0.026,12.356,0.023,12.283,0.024,13.0531,0.000491,13.2094,0.00147,12.7743,0.000834,12.269,0.024,12.287,0.023,11.966,0.321,8.848,0.537,Theia2851,144.5439770745928,Kounkel2020,7945.0,1.65714,1.91
279993434,3.10067676947869e+18,100.676215204339,-5.46054740763372,0.852225,12.0428,12.595,0.33,12.304,0.046,11.611,0.026,11.521,0.026,11.465,0.023,12.285,0.000405,12.4655,0.001953,11.9825,0.001452,11.362,0.022,11.38,0.021,11.1,0.148,9.076,,Theia2851,144.5439770745928,Kounkel2020,7701.0,2.30372,1.81
280525856,3.100605958359759e+18,101.121175175273,-5.75533438683367,0.890055,10.922,10.95,0.125,10.817,0.011,10.926,,10.724,0.027,10.684,0.027,10.971,0.000566,11.0246,0.000874,10.8567,0.001312,10.635,0.022,10.682,0.021,10.596,0.097,8.8,,Theia2851,144.5439770745928,Kounkel2020,10044.0,2.82703,2.57
118930877,3.1031675069161103e+18,99.7691789885867,-5.99919505929952,1.05328,11.6761,11.932,0.254,11.622,0.019,11.384,0.029,11.348,0.033,11.282,0.027,11.7692,0.0003,11.8515,0.001559,11.5977,0.000796,11.15,0.023,11.188,0.022,11.174,0.152,9.136,,Theia2851,144.5439770745928,Kounkel2020,9968.0,1.80377,2.55
53588288,3.100547478083867e+18,100.282014416664,-5.8158423247659,0.857776,13.1065,13.966,0.053,13.437,0.08,12.589,0.029,12.438,0.027,12.385,0.033,13.4118,0.000335,13.641,0.001548,13.0389,0.001288,12.298,0.025,12.332,0.025,12.022,0.351,8.862,,Theia2851,144.5439770745928,Kounkel2020,7511.0,1.53284,1.73
119236073,3.100088535057986e+18,100.289487221915,-6.47433303141287,0.460878,14.0412,14.879,0.109,14.445,0.092,13.461,0.03,13.382,0.033,13.369,0.043,14.3353,0.000386,14.5535,0.002757,13.9667,0.001602,13.308,0.025,13.281,0.031,12.347,0.438,8.796,,Theia2851,144.5439770745928,Kounkel2020,7720.0,1.77776,1.82
36101246,3.100444227069952e+18,101.86126708868,-5.50477792802276,0.615122,12.8037,13.485,0.022,13.126,0.069,12.304,0.024,12.144,0.022,12.121,0.024,13.0779,0.000584,13.2749,0.001851,12.7389,0.00103,12.078,0.024,12.11,0.024,12.409,0.496,9.147,,Theia3009,162.1810097358933,Kounkel2020,7367.0,2.31644,1.68
120272175,3.099458892851563e+18,101.814813532063,-6.71495850758033,0.443832,10.6076,10.938,0.108,10.803,0.009,10.314,0.023,10.285,0.023,10.24,0.023,10.7247,0.000514,10.8325,0.001369,10.5269,0.000829,10.206,0.024,10.215,0.02,10.295,0.065,8.687,,Theia3009,162.1810097358933,Kounkel2020,10153.0,7.0158,
120387040,3.0994328138108063e+18,101.888327390493,-6.99001388353656,0.225561,15.6141,16.078,0.074,15.595,0.241,15.095,0.079,14.931,0.091,14.657,0.101,15.864,0.000768,16.0407,0.003195,15.5322,0.002223,,,,,,,,,Theia3009,162.1810097358933,Kounkel2020,8002.0,1.53184,1.93
120741757,3.099170575986425e+18,102.452476688377,-7.39655812819778,0.346585,16.6342,16.226,0.113,17.107,0.0461,15.928,0.072,15.89,0.145,15.5,0.197,16.998,0.001452,17.256,0.014401,16.549,0.011525,15.444,0.041,15.84,0.156,12.648,,8.528,,Theia3009,162.1810097358933,Kounkel2020,7139.0,0.780677,1.59
36549174,3.101927090299102e+18,102.36703614605,-5.57438897013473,0.361825,14.2045,15.489,0.009,14.861,0.103,13.26,0.033,13.016,0.044,12.92,0.034,14.7184,0.000399,15.1309,0.001902,14.1138,0.002234,12.698,0.024,12.695,0.026,12.453,,8.647,,Theia3009,162.1810097358933,Kounkel2020,7543.0,2.8268,1.75
120746028,3.10034454946994e+18,102.421028055617,-6.1138383884455,0.492558,10.7421,10.733,0.11,10.754,0.011,10.66,0.029,10.711,0.032,10.683,0.026,10.7072,0.000778,10.7136,0.002838,10.6761,0.002083,10.557,0.022,10.604,0.021,10.613,0.096,8.846,,Theia3009,162.1810097358933,Kounkel2020,12822.0,,
120885302,3.0994632565406054e+18,102.614298704068,-7.08769576156937,0.339345,15.6873,16.74,0.116,16.1713,0.0459,15.061,0.045,14.953,0.058,14.962,0.126,16.0586,0.001028,16.3484,0.005212,15.627,0.00385,14.837,0.033,15.047,0.073,12.368,,9.029,,Theia3009,162.1810097358933,Kounkel2020,7115.0,1.23708,1.58
281910343,3.1019636147006505e+18,102.702199065312,-5.20787784064485,0.724257,12.6979,13.497,0.032,13.097,0.092,12.176,0.024,12.012,0.026,11.902,0.026,13.0153,0.00065,13.2455,0.001764,12.6341,0.001455,11.869,0.024,11.879,0.022,12.101,0.321,8.993,,Theia3009,162.1810097358933,Kounkel2020,7011.0,2.21432,1.54
123547006,3.0995187775754424e+18,102.927372600852,-6.52079296512289,0.531963,13.2948,13.631,0.022,13.422,0.137,12.966,0.024,12.886,0.031,12.864,0.034,13.429,0.000412,13.5266,0.001968,13.2215,0.001905,12.761,0.024,12.807,0.027,12.4,,8.415,,Theia3009,162.1810097358933,Kounkel2020,8798.0,1.76772,2.21
282020918,3.1019103571068964e+18,102.889329126942,-5.39865039366905,0.393204,15.4155,16.476,0.064,16.265,0.092,14.546,0.033,14.357,0.051,14.226,0.059,15.9228,0.000917,16.3303,0.003015,15.3285,0.004374,,,,,,,,,Theia3009,162.1810097358933,Kounkel2020,7474.0,1.49569,1.72
280222098,3.1006632360429204e+18,100.851093757816,-5.53174369716635,0.201136,13.984,14.713,0.028,14.24,0.126,13.459,0.03,13.367,0.036,13.257,0.038,14.265,0.001058,14.4624,0.004476,13.8963,0.00606,13.211,0.025,13.26,0.034,12.177,,8.85,,Theia3009,162.1810097358933,Kounkel2020,7881.0,3.77165,1.88
120086730,3.100401724074171e+18,101.458388547522,-5.88921563675911,0.259028,15.9675,16.878,0.0,16.296,0.116,15.27,0.048,15.188,0.09,14.942,0.128,16.3186,0.001025,16.5778,0.007942,15.8897,0.004543,14.938,0.034,15.026,0.069,12.116,,8.878,,Theia3009,162.1810097358933,Kounkel2020,7357.0,1.31678,1.67
120266912,3.099448924226921e+18,101.690607770508,-6.90161093756886,0.256222,16.2635,16.718,0.119,16.23,1.133,15.789,0.066,15.571,0.115,15.416,0.187,16.5594,0.001089,16.7686,0.009599,16.1857,0.008066,,,,,,,,,Theia3009,162.1810097358933,Kounkel2020,7490.0,1.06321,1.72
119236520,3.1004699968747315e+18,100.248335838405,-6.29761843443366,0.270176,16.277,17.492,0.441,16.874,0.124,15.695,0.062,15.399,0.096,15.345,0.181,16.634,0.001112,16.9029,0.004528,16.2001,0.004679,15.289,0.045,16.196,0.257,12.355,,8.692,,Theia3009,162.1810097358933,Kounkel2020,7453.0,1.11354,1.71
123733013,3.099317708688824e+18,103.230222411689,-6.750263157996,0.930938,12.6295,13.322,0.083,12.851,0.08,12.181,0.023,12.077,0.024,12.013,0.026,12.8789,0.000321,13.0587,0.002355,12.5675,0.001559,11.998,0.022,12.029,0.023,11.963,0.306,8.63,,Theia3208,190.54607179632444,Kounkel2020,7512.0,1.62483,1.73
124503394,3.052681064004998e+18,104.433180369967,-7.1884950040086,0.751427,12.5884,13.541,0.015,13.055,0.126,11.98,0.024,11.824,0.026,11.723,0.023,12.9482,0.000362,13.2231,0.001479,12.5115,0.001171,11.668,0.023,11.663,0.021,12.203,0.402,8.655,,Theia3208,190.54607179632444,Kounkel2020,7552.0,2.38943,1.75
124014168,3.100825203548148e+18,103.712657328496,-6.55598724810278,0.862169,11.6758,11.642,0.214,11.824,0.057,11.368,0.046,11.252,0.021,11.229,0.02,11.817,0.000471,11.919,0.002468,11.6208,0.001833,,,,,,,,,Theia3208,190.54607179632444,Kounkel2020,8154.0,2.36395,1.99
53589766,3.103595457456297e+18,100.396530270134,-5.27716394519673,0.700076,11.7822,12.381,0.269,11.979,0.057,11.12,0.029,11.007,0.029,10.891,0.021,12.0695,0.000293,12.2426,0.005487,11.6711,0.011727,10.792,0.022,10.801,0.021,10.889,0.124,9.008,,Theia3522,229.086765276777,Kounkel2020,7668.0,3.346,1.8
279991586,3.1005610845400023e+18,100.556243129743,-5.7066019407007,0.702769,12.621,13.551,0.034,13.053,0.092,11.954,0.024,11.793,0.026,11.731,0.024,12.9798,0.001201,13.2479,0.004213,12.5503,0.002731,11.713,0.024,11.689,0.023,11.56,0.2,9.075,,Theia3522,229.086765276777,Kounkel2020,7158.0,2.50356,1.6
280222240,3.100568815480908e+18,100.783595394812,-5.58656907529269,0.432565,13.6276,14.533,0.05,14.022,0.126,13.431,0.046,12.848,0.032,12.775,0.033,13.9684,0.000303,14.2246,0.00173,13.5619,0.001255,12.702,0.023,12.748,0.026,11.818,,8.893,,Theia3522,229.086765276777,Kounkel2020,7187.0,2.43232,1.61
279990290,3.103687374054832e+18,100.618321815292,-5.22066087736936,0.723555,12.7182,13.59,0.061,13.072,0.103,12.134,0.026,11.993,0.024,11.944,0.024,13.0478,0.000603,13.2923,0.001625,12.6463,0.001266,11.852,0.023,11.872,0.023,12.411,0.492,9.061,,Theia3522,229.086765276777,Kounkel2020,7370.0,2.23068,1.68
279790784,3.103703935448746e+18,100.441266756969,-5.11547166220756,0.749849,12.5783,13.507,0.044,13.007,0.092,11.954,0.022,11.771,0.022,11.717,0.019,12.9296,0.000404,13.1917,0.001747,12.5097,0.002086,11.612,0.023,11.604,0.022,11.279,0.16,9.062,,Theia3522,229.086765276777,Kounkel2020,7129.0,2.38462,1.59
119856643,3.100306066561039e+18,101.242723453953,-5.99461322934427,0.686133,12.952,13.72,0.029,13.277,0.069,12.431,0.024,12.278,0.023,12.206,0.024,13.2485,0.000321,13.4685,0.001636,12.8807,0.001171,12.162,0.023,12.167,0.024,12.199,,8.846,,Theia3522,229.086765276777,Kounkel2020,7607.0,2.01329,1.77
279790832,3.1037040728876795e+18,100.470173477688,-5.0996256353799,0.763126,12.8046,13.211,0.07,13.13,0.08,12.298,0.023,12.171,0.022,12.14,0.023,13.0774,0.000651,13.2745,0.001066,12.7347,0.002175,12.101,0.027,12.118,0.026,12.07,0.322,8.774,,Theia3522,229.086765276777,Kounkel2020,7579.0,1.88053,1.76
279990591,3.1036844534773494e+18,100.570150138145,-5.32273388533702,0.730657,12.8868,13.729,0.044,13.226,0.103,12.335,0.026,12.163,0.024,12.098,0.026,13.2001,0.000344,13.4303,0.001724,12.8208,0.001028,12.067,0.023,12.081,0.024,12.555,0.533,8.904,,Theia3522,229.086765276777,Kounkel2020,7239.0,1.99785,1.63
279993676,3.1006816485615293e+18,100.645293214269,-5.36090170229157,0.682563,12.9982,13.828,0.045,13.3,0.126,12.45,0.024,12.272,0.022,12.31,0.027,13.3107,0.00032,13.5408,0.002201,12.933,0.001875,12.181,0.023,12.193,0.024,11.953,0.276,8.576,,Theia3522,229.086765276777,Kounkel2020,7232.0,2.02393,1.62
755889148,3.10067247881237e+18,100.956265355993,-5.37909322218017,0.285989,14.9875,,,15.3568,0.0459,,,,,,,15.2788,0.000696,15.4932,0.002104,14.9222,0.002722,,,,,,,,,Theia3522,229.086765276777,Kounkel2020,7406.0,1.76811,1.69
280521651,3.100674196799166e+18,101.087892304477,-5.31458135457008,0.434849,13.5563,13.958,0.05,13.781,0.103,13.177,0.023,13.113,0.022,13.075,0.03,13.705,0.000414,13.8187,0.001609,13.4719,0.001878,13.036,0.025,13.072,0.03,12.517,0.444,8.959,,Theia3522,229.086765276777,Kounkel2020,9262.0,1.92894,2.35
36547921,3.100372793174792e+18,102.279244834863,-5.83816834663061,0.519741,12.973,13.568,0.012,13.271,0.069,12.48,0.022,12.418,0.027,12.29,0.023,13.2089,0.000407,13.3768,0.001952,12.9012,0.001256,12.279,0.023,12.297,0.024,11.981,,9.019,,Theia3522,229.086765276777,Kounkel2020,7850.0,2.39419,1.87
279994359,3.1036972653577646e+18,100.650109232366,-5.10873564410108,0.761619,12.3934,13.077,0.05,12.666,0.092,11.909,0.03,11.803,0.023,11.737,0.023,12.648,0.000308,12.8367,0.001133,12.3269,0.001003,11.695,0.023,11.697,0.021,12.152,0.368,8.997,,Theia3522,229.086765276777,Kounkel2020,7764.0,2.22757,1.84
53587252,3.100575854932999e+18,100.210418761669,-5.67658469775183,0.69377,12.71,13.334,0.077,13.061,0.08,12.135,0.03,11.988,0.033,11.92,0.034,13.0218,0.000447,13.2502,0.000639,12.6412,0.001103,11.94,0.045,11.945,0.043,11.671,0.255,8.329,,Theia3522,229.086765276777,Kounkel2020,7320.0,2.27479,1.66
279790280,3.103688233048574e+18,100.452410839766,-5.29804908535814,0.693759,13.1853,14.169,0.046,13.64,0.137,12.543,0.022,12.376,0.029,12.313,0.024,13.5543,0.000371,13.8322,0.001504,13.1182,0.001114,12.266,0.023,12.269,0.025,12.603,0.54,8.967,,Theia3522,229.086765276777,Kounkel2020,7008.0,1.98451,1.54
279790374,3.103688469264747e+18,100.483981097297,-5.26360346858505,0.653449,12.0393,13.009,0.477,12.493,0.033,11.492,0.032,11.391,0.035,11.295,0.033,12.3206,0.000351,12.528,0.001776,11.9681,0.00138,11.095,0.023,11.125,0.021,11.24,0.162,9.097,,Theia3522,229.086765276777,Kounkel2020,7678.0,3.15144,1.8
279790531,3.1036898135963453e+18,100.403113199044,-5.20675564626613,0.710501,12.0414,12.842,0.447,12.323,0.057,11.501,0.024,11.412,0.024,11.355,0.023,12.2905,0.00028,12.4627,0.001562,11.9604,0.001836,11.277,0.022,11.305,0.021,11.365,0.183,8.891,,Theia3522,229.086765276777,Kounkel2020,7866.0,2.78355,1.88
279789905,3.103589345720192e+18,100.453938008862,-5.43421040977187,0.674056,13.082,14.129,0.042,13.548,0.114,12.43,0.023,12.281,0.029,12.144,0.026,13.4511,0.000331,13.7312,0.001679,13.0119,0.000782,12.086,0.025,12.107,0.026,12.218,0.394,8.571,,Theia3522,229.086765276777,Kounkel2020,7196.0,2.13738,1.61
279790315,3.103685415549835e+18,100.49487821388,-5.28413671893352,0.687112,10.9518,11.82,0.175,11.341,0.012,10.417,0.023,10.302,0.023,10.231,0.019,11.2295,0.000637,11.4387,0.001756,10.8855,0.00063,10.171,0.022,10.169,0.021,10.121,0.06,8.131,,Theia3522,229.086765276777,Kounkel2020,7693.0,4.9265,1.81
168117908,3.1022071908849644e+18,101.556539194682,-5.03105269216614,0.5392,13.6223,14.435,0.042,14.092,0.149,13.022,0.024,12.901,0.03,12.853,0.029,13.9448,0.000347,14.1823,0.001804,13.5514,0.001255,12.773,0.024,12.806,0.025,11.723,0.208,8.844,,Theia3522,229.086765276777,Kounkel2020,7337.0,1.93065,1.66
279990068,3.103692115698709e+18,100.556563186725,-5.14163236906973,0.69977,12.8785,13.653,0.055,13.23,0.092,12.323,0.026,12.238,0.027,12.168,0.024,13.1691,0.000392,13.3832,0.000907,12.8089,0.001354,12.039,0.023,12.068,0.023,11.933,0.32,8.746,,Theia3522,229.086765276777,Kounkel2020,7556.0,2.02507,1.75
279991066,3.1005855443725425e+18,100.563625573099,-5.49940753459397,0.310664,14.7856,15.861,0.113,15.192,0.092,14.057,0.032,13.85,0.033,13.865,0.055,15.1856,0.00067,15.487,0.004381,14.7108,0.001173,13.813,0.027,13.9,0.045,12.318,,8.855,,Theia3522,229.086765276777,Kounkel2020,7045.0,2.10749,1.56
280527093,3.1006189807004385e+18,101.213803606769,-5.54921670830653,0.704736,13.2766,13.398,0.037,13.537,0.126,12.82,0.033,12.702,0.036,12.591,0.037,13.5454,0.000309,13.7417,0.001536,13.2114,0.001842,12.476,0.051,12.486,0.052,11.825,,8.484,,Theia3522,229.086765276777,Kounkel2020,7531.0,1.6242,1.74
168116813,3.1006313158462566e+18,101.585617515203,-5.42828072150155,0.334973,14.6488,14.958,0.063,15.014,0.035,14.087,0.033,13.974,0.042,13.878,0.057,14.984,0.000524,15.2325,0.002419,14.583,0.0018,13.716,0.032,13.763,0.044,12.493,,8.66,,Theia3522,229.086765276777,Kounkel2020,7109.0,1.91068,1.58
279990074,3.1036912223454884e+18,100.603495974342,-5.1441069067539,0.659383,13.2653,14.142,0.036,13.641,0.092,12.687,0.024,12.525,0.024,12.447,0.024,13.611,0.000366,13.8673,0.001695,13.1969,0.001008,12.369,0.024,12.402,0.025,12.167,0.382,9.055,,Theia3522,229.086765276777,Kounkel2020,7112.0,1.9409,1.58
279990478,3.1036863046012303e+18,100.613926746184,-5.28208446116676,0.661549,13.2481,14.172,0.069,13.616,0.126,12.705,0.023,12.558,0.023,12.492,0.026,13.5768,0.000303,13.8247,0.001977,13.1821,0.001304,12.469,0.023,12.478,0.024,11.884,,9.023,,Theia3522,229.086765276777,Kounkel2020,7320.0,1.90255,1.66
119930820,3.100299877508278e+18,101.305725472671,-6.16533193323436,0.672324,12.3551,12.89,0.024,12.637,0.08,11.897,0.027,11.801,0.027,11.757,0.026,12.5747,0.000341,12.7337,0.001234,12.295,0.001274,11.665,0.023,11.683,0.023,11.686,0.218,8.607,,Theia3522,229.086765276777,Kounkel2020,7715.0,2.42965,1.82
119694778,3.100485012080068e+18,101.041668378606,-6.12788856616509,0.347555,13.6122,14.06,0.03,13.696,0.103,12.993,0.037,12.946,0.044,12.784,0.041,13.9197,0.00035,14.1095,0.002944,13.5036,0.012029,12.565,0.024,12.605,0.026,11.83,0.278,8.974,,Theia3522,229.086765276777,Kounkel2020,7492.0,2.8623,1.72
280221970,3.100664915368955e+18,100.863946616819,-5.48871306955264,0.679507,11.8488,12.064,0.327,12.373,0.226,11.452,0.026,11.363,0.024,11.358,0.022,12.0257,0.000243,12.1582,0.001751,11.7814,0.001155,11.285,0.022,11.3,0.021,11.137,0.144,8.608,,Theia3522,229.086765276777,Kounkel2020,8373.0,2.89813,2.07
280222262,3.100659452170561e+18,100.832917599477,-5.5946224545516,0.690021,12.0305,12.569,0.029,12.285,0.08,11.616,0.027,11.525,0.024,11.448,0.023,12.2435,0.000232,12.3997,0.00116,11.9642,0.000796,11.422,0.022,11.445,0.022,11.697,0.257,8.972,,Theia3522,229.086765276777,Kounkel2020,8003.0,2.73961,1.93
36548783,3.101876581484667e+18,102.355276796323,-5.71264085428172,0.465595,13.7445,14.364,0.033,14.101,0.08,13.238,0.033,13.151,0.041,13.042,0.04,14.0566,0.000369,14.2883,0.001165,13.6851,0.001548,13.012,0.027,13.02,0.033,12.304,,8.858,,Theia3522,229.086765276777,Kounkel2020,7090.0,2.0658,1.57
281910406,3.101963683421633e+18,102.754734060877,-5.21800265373545,0.414227,14.0054,14.63,0.02,14.403,0.114,13.505,0.024,13.354,0.027,13.343,0.03,14.2313,0.000369,14.4188,0.002565,13.9109,0.001799,13.231,0.024,13.337,0.027,12.519,,8.981,,Theia3522,229.086765276777,Kounkel2020,9574.0,1.83171,2.44
53589977,3.10360862153337e+18,100.285914624236,-5.20138473101379,0.203413,15.3254,,,15.54,0.049,14.712,0.058,14.595,0.106,14.557,0.114,15.5932,0.000926,15.7784,0.003857,15.2326,0.005749,,,,,,,,,Theia3702,257.03957827688646,Kounkel2020,8051.0,1.93669,1.95
279789400,3.1005799823960904e+18,100.490971422942,-5.63075016343616,0.296412,15.5718,16.355,0.084,15.963,1.133,15.038,0.037,14.876,0.077,14.888,0.139,15.8772,0.001101,16.1082,0.008858,15.49,0.003374,14.695,0.032,14.931,0.088,11.943,,8.973,,Theia3702,257.03957827688646,Kounkel2020,7981.0,1.34072,1.92
280220725,3.1036966468824724e+18,100.853288772394,-5.04180741641907,0.787533,12.2173,12.686,0.431,12.095,0.03,11.958,0.024,11.924,0.024,11.927,0.027,12.3012,0.000447,12.3611,0.002171,12.1487,0.001195,11.884,0.023,11.913,0.023,11.656,0.221,8.319,,Theia3702,257.03957827688646,Kounkel2020,9049.0,1.85718,2.29
119855512,3.10027788727986e+18,101.209415885626,-6.39073771466779,0.220024,16.2641,16.417,0.056,16.193,1.133,15.495,0.043,15.421,0.089,15.193,0.149,16.7276,0.001036,17.0884,0.010197,16.183,0.002515,,,,,,,,,Theia3702,257.03957827688646,Kounkel2020,7155.0,1.51597,1.6
119933265,3.100167974773906e+18,101.313619282254,-7.06445494582079,0.600378,11.6882,12.022,0.327,11.805,0.046,11.377,0.026,11.329,0.027,11.258,0.023,11.7858,0.000361,11.8319,0.004482,11.5909,0.003528,11.256,0.024,11.271,0.021,11.265,0.15,9.101,,Theia3702,257.03957827688646,Kounkel2020,9101.0,3.14067,2.3
119694945,3.10029689251094e+18,101.064520117657,-6.1770578924332,0.565577,11.3525,11.578,0.019,11.422,0.025,11.069,0.032,11.107,0.032,11.067,0.029,11.4358,0.0005,11.5061,0.002969,11.2758,0.002168,10.91,0.024,10.94,0.021,10.994,0.114,8.984,,Theia3702,257.03957827688646,Kounkel2020,9792.0,3.77805,2.5
280524576,3.100498721615571e+18,101.058789301396,-5.90520816965682,0.248949,16.8685,16.962,0.135,17.2681,0.046,16.404,0.098,16.34,,16.067,0.347,17.1808,0.001405,17.4116,0.011277,16.7969,0.006023,,,,,,,,,Theia3702,257.03957827688646,Kounkel2020,7471.0,0.839349,1.72
280522420,3.10066199909221e+18,101.016952228093,-5.48866984158007,0.239217,16.3571,16.825,0.121,16.382,1.133,15.849,0.069,15.66,0.123,15.611,0.253,16.6584,0.000911,16.885,0.0052,16.29,0.007288,15.662,0.051,15.82,0.144,12.177,,9.059,,Theia3702,257.03957827688646,Kounkel2020,7541.0,1.08838,1.74
120087938,3.100282564500267e+18,101.545985165524,-6.29670818534165,0.257817,14.863,12.03,,15.0874,0.0459,14.289,0.081,14.201,0.093,13.973,0.111,15.041,0.001375,15.0896,0.008038,14.7009,0.008223,,,,,,,,,Theia3702,257.03957827688646,Kounkel2020,8686.0,1.76661,2.18
120388126,3.099461675990325e+18,101.947914304961,-6.58748879735949,0.258321,14.6122,15.776,0.112,15.252,0.172,13.885,0.028,13.625,0.031,13.583,0.043,15.0101,0.000497,15.3075,0.001742,14.5338,0.001523,13.452,0.024,13.45,0.034,12.143,0.293,8.567,,Theia3702,257.03957827688646,Kounkel2020,7101.0,2.65184,1.58
120083740,3.1001757400747387e+18,101.396995497346,-6.93241746298128,0.379481,14.7155,15.377,0.06,15.039,0.115,14.27,0.027,14.146,0.039,14.062,0.059,14.9598,0.000615,15.1331,0.001951,14.639,0.002461,13.922,0.026,14.007,0.041,12.168,,8.688,,Theia4380,380.1893963205612,Kounkel2020,7900.0,1.46228,1.89
120269079,3.100379252800154e+18,101.729259593162,-6.15262894559132,0.236424,16.5932,16.534,0.12,16.9277,0.046,16.177,0.081,16.048,0.159,15.13,,16.8562,0.002458,17.0358,0.006599,16.4976,0.00939,,,,,,,,,Theia4380,380.1893963205612,Kounkel2020,8106.0,0.921398,1.97
120090343,3.0994192073539174e+18,101.535977242043,-7.1011371525382,0.247935,15.2038,16.095,0.109,15.655,0.115,14.684,0.029,14.613,0.037,14.532,0.083,15.4454,0.00061,15.6177,0.003357,15.1332,0.001973,14.221,0.036,14.113,0.048,9.449,0.04,7.165,0.111,Theia4380,380.1893963205612,Kounkel2020,7777.0,1.6797,1.84
120273583,3.099402714680208e+18,101.837474306598,-7.21079268516821,0.220462,16.7831,16.513,0.125,17.1469,0.0459,16.31,0.092,16.092,0.166,16.455,,17.0675,0.0015,17.2898,0.005685,16.7121,0.00544,,,,,,,,,Theia4380,380.1893963205612,Kounkel2020,8023.0,0.90974,1.94
120616893,3.099143058138215e+18,102.325655564297,-7.59513627492882,0.205656,15.8262,16.628,0.202,16.38,0.082,15.292,0.045,15.042,0.074,14.99,0.129,16.1201,0.000798,16.3327,0.006352,15.7236,0.003667,14.932,0.035,15.255,0.094,12.538,,8.549,,Theia4380,380.1893963205612,Kounkel2020,8374.0,1.58313,2.07
120383462,3.0987244147864817e+18,101.904013417935,-8.28733061967899,0.296618,16.6214,17.168,0.13,17.0848,0.0459,15.922,0.078,15.772,0.13,15.263,0.153,16.9771,0.001071,17.2452,0.008456,16.5433,0.006411,15.93,0.056,16.994,0.392,12.497,,9.06,,Theia4380,380.1893963205612,Kounkel2020,7503.0,0.880261,1.73
119371221,3.100467041936619e+18,100.439360716732,-6.30358826152681,0.238377,15.9672,15.071,0.061,16.4037,0.0459,15.202,0.049,15.209,0.078,14.928,0.131,16.305,0.00103,16.5601,0.007017,15.8953,0.005289,,,,,,,,,Theia4380,380.1893963205612,Kounkel2020,7454.0,1.36295,1.71
120158722,3.050416619807908e+18,101.587235968002,-9.7918588031994,0.259705,14.5614,15.728,0.021,15.064,0.103,13.911,0.029,13.802,0.033,13.703,0.044,14.9052,0.000324,15.1629,0.001725,14.4831,0.001222,13.658,0.027,13.713,0.038,12.389,,9.059,,Theia4380,380.1893963205612,Kounkel2020,7547.0,2.52905,1.75
120273510,3.099403711112624e+18,101.804247091124,-7.18776967915468,0.284677,16.7596,16.397,0.123,17.0834,0.0459,16.316,0.092,16.335,0.21,16.259,,17.0145,0.001288,17.2002,0.008256,16.6752,0.00376,16.028,0.062,16.891,,12.59,,9.058,,Theia4380,380.1893963205612,Kounkel2020,8179.0,0.747604,2.0
120444938,3.099441777405772e+18,102.040822435049,-6.83071310436659,0.234294,16.6908,17.25,0.132,17.166,0.046,16.116,0.084,15.817,0.148,15.517,0.201,17.0554,0.001257,17.3312,0.010743,16.6181,0.005893,,,,,,,,,Theia4380,380.1893963205612,Kounkel2020,7290.0,1.01653,1.65
120541013,3.0986331252617825e+18,102.145675359213,-8.63231043108245,0.343892,14.4836,15.2,0.109,15.218,0.035,13.761,0.03,13.552,0.029,13.424,0.037,14.8908,0.00053,15.1973,0.002688,14.4016,0.001762,13.356,0.024,13.354,0.031,11.901,,8.814,,Theia4380,380.1893963205612,Kounkel2020,7229.0,2.23339,1.62
120542088,3.0986846992287744e+18,102.137813366904,-8.23669507240242,0.420588,15.286,15.04,0.097,15.799,0.126,14.638,0.039,14.494,0.048,14.295,0.072,15.6838,0.000613,15.9935,0.002425,15.2081,0.002212,14.286,0.041,14.452,0.07,12.242,,8.599,,Theia4380,380.1893963205612,Kounkel2020,7500.0,1.2689,1.73
120084889,3.100224840140111e+18,101.41763941466,-6.56349111092869,0.262363,16.5611,16.913,0.132,16.9811,0.0459,16.014,0.087,15.938,0.169,15.691,,16.888,0.001357,17.13,0.007797,16.4894,0.006824,,,,,,,,,Theia4380,380.1893963205612,Kounkel2020,7374.0,0.9494,1.68
279788972,3.10055891987659e+18,100.472414717764,-5.77265476409557,0.224638,14.4145,15.1,0.054,14.676,0.092,13.872,0.024,13.748,0.022,13.725,0.051,14.6714,0.000613,14.8574,0.003495,14.3285,0.004283,13.629,0.027,13.697,0.038,12.378,,8.537,,Theia4380,380.1893963205612,Kounkel2020,8179.0,2.72595,2.0
755641380,3.099176799401002e+18,102.61725324827,-7.31948329595913,0.351525,14.589,,,15.051,0.0472,,,,,,,14.9452,0.000849,15.1157,0.010329,14.4217,0.043194,,,,,,,,,Theia4380,380.1893963205612,Kounkel2020,7214.0,,
123669998,3.050277222348912e+18,103.138632449068,-9.71426600820276,0.392749,15.235,16.733,0.028,15.967,0.081,14.331,0.03,14.043,0.047,13.992,0.062,15.7742,0.000562,16.2172,0.002917,15.1653,0.001924,13.985,0.027,13.955,0.039,12.696,,9.06,,Theia4380,380.1893963205612,Kounkel2020,7020.0,1.69341,1.55
120449237,3.098674631825621e+18,102.075308912655,-8.42370042238539,0.273999,14.834,15.844,0.071,15.231,0.206,14.158,0.023,14.019,0.033,13.9,0.054,15.179,0.000407,15.4409,0.002717,14.7505,0.001919,13.888,0.029,13.944,0.043,12.238,,9.046,,Theia4380,380.1893963205612,Kounkel2020,7798.0,2.13763,1.85
120615803,3.0993696949713e+18,102.35509264524,-7.21702587698712,0.315568,15.767,16.653,0.08,16.383,1.133,15.133,0.045,14.926,0.067,14.947,0.121,16.1505,0.000909,16.4434,0.003839,15.6945,0.003349,14.926,0.041,15.343,0.1,12.571,,8.938,,Theia4380,380.1893963205612,Kounkel2020,7240.0,1.2911,1.63
120620652,3.050575808476586e+18,102.264834662151,-9.00489005356443,0.312889,16.2355,17.399,0.12,17.0306,0.046,15.37,0.049,15.078,0.075,14.869,0.118,16.7947,0.000689,17.2542,0.009114,16.1512,0.002783,15.031,0.038,14.976,0.077,12.526,,8.992,,Theia4380,380.1893963205612,Kounkel2020,7412.0,1.3519,1.69
120749270,3.099492496677068e+18,102.564282472529,-6.79708548595647,0.574479,12.9577,13.602,0.071,13.241,0.103,12.489,0.024,12.347,0.032,12.28,0.029,13.2133,0.000511,13.3997,0.002233,12.8898,0.001613,12.196,0.023,12.224,0.025,12.009,0.357,8.995,,Theia4380,380.1893963205612,Kounkel2020,7710.0,2.25227,1.81
123669978,3.050282788626507e+18,103.193410786034,-9.72307731389026,0.27883,16.4961,17.596,0.125,17.1756,0.046,15.584,0.06,15.221,0.106,15.275,0.176,16.9795,0.000981,17.3978,0.009107,16.4023,0.005038,15.115,0.043,15.291,0.102,12.05,,9.028,,Theia4380,380.1893963205612,Kounkel2020,8701.0,1.20091,2.18
120884772,3.099176799401002e+18,102.61725324827,-7.31948329595913,0.351525,14.589,12.169,0.062,15.051,0.0472,13.575,0.049,13.284,0.052,13.253,0.05,14.9452,0.000849,15.1157,0.010329,14.4217,0.043194,12.923,0.055,12.993,0.058,12.408,,8.705,,Theia4380,380.1893963205612,Kounkel2020,7214.0,,
120392408,3.099455658740193e+18,102.091962675728,-6.75886942340315,0.251674,16.079,16.659,0.114,16.563,1.133,15.469,0.051,15.412,0.091,15.123,0.139,16.3705,0.000932,16.574,0.004683,15.9928,0.005499,,,,,,,,,Theia4380,380.1893963205612,Kounkel2020,7709.0,1.18049,1.81
123407599,3.0995156207806863e+18,102.801451518341,-6.6726492843183,0.323155,16.2946,17.398,0.119,16.9259,0.046,15.375,0.047,15.326,0.112,15.06,0.148,16.7581,0.001123,17.1058,0.004822,16.194,0.008171,,,,,,,,,Theia4380,380.1893963205612,Kounkel2020,7374.0,1.11325,1.68
124017607,3.100813147582628e+18,103.782231557675,-6.58425243368055,0.36446,15.0673,16.112,0.038,15.698,0.149,14.307,0.038,13.988,0.059,13.921,0.067,15.5421,0.000907,15.9224,0.005609,14.9799,0.00222,,,,,,,,,Theia4380,380.1893963205612,Kounkel2020,7639.0,1.79194,1.78
120672491,3.098669409145039e+18,102.448053541904,-8.28743209363542,0.396208,13.4778,14.388,0.032,13.98,0.114,12.818,0.024,12.638,0.022,12.558,0.023,13.8371,0.000227,14.1131,0.00213,13.3978,0.001584,12.421,0.022,12.452,0.024,12.174,0.395,8.827,,Theia4380,380.1893963205612,Kounkel2020,7695.0,2.9154,1.81
120747482,3.0995950261357425e+18,102.580271441268,-6.21298387576748,0.245034,16.7418,18.358,0.134,17.3664,0.0463,15.986,0.076,15.984,0.182,15.225,0.161,17.2027,0.001283,17.5507,0.018526,16.6518,0.002799,15.481,0.04,15.637,0.12,12.536,,8.983,,Theia4380,380.1893963205612,Kounkel2020,7107.0,1.10521,1.58
120742683,3.099366980552816e+18,102.457901353685,-7.20900588211834,0.274361,14.9393,15.754,0.085,15.357,0.092,14.363,0.029,14.178,0.025,14.241,0.072,15.2291,0.000601,15.4366,0.002911,14.8552,0.002257,14.098,0.031,14.064,0.044,12.212,,8.313,0.314,Theia4380,380.1893963205612,Kounkel2020,7815.0,1.87733,1.86
120093147,3.0989101678302024e+18,101.51560056325,-8.1132947888875,0.538427,13.4753,14.578,0.06,14.027,0.092,12.772,0.027,12.574,0.025,12.485,0.032,13.8775,0.00034,14.1905,0.001612,13.4006,0.001998,12.412,0.023,12.426,0.024,12.26,0.347,8.766,,Theia4604,426.5795188015934,Kounkel2020,7366.0,2.31843,1.68
119627421,3.0988240580262564e+18,100.798008864691,-8.28412211350777,0.424473,13.8072,14.81,0.042,14.234,0.092,13.218,0.028,13.117,0.023,13.026,0.033,14.1675,0.000498,14.4416,0.002416,13.7367,0.001365,12.967,0.024,12.943,0.027,12.146,,8.732,,Theia4604,426.5795188015934,Kounkel2020,7309.0,2.34461,1.65
120022931,3.0985302178454774e+18,101.438322930598,-9.0596810584519,0.378303,14.239,15.213,0.06,14.718,0.172,13.589,0.027,13.416,0.023,13.355,0.027,14.5917,0.000346,14.8594,0.001501,14.1595,0.000877,13.296,0.025,13.357,0.032,12.501,,8.727,,Theia4604,426.5795188015934,Kounkel2020,7624.0,2.12141,1.78
120321980,3.098696587697846e+18,101.799425632525,-8.49947371816646,0.330281,15.144,15.66,0.106,15.708,0.206,14.467,0.028,14.377,0.033,14.236,0.06,15.5037,0.000571,15.7778,0.003707,15.0647,0.002442,14.184,0.028,14.124,0.048,12.35,0.407,8.721,,Theia4634,426.5795188015934,Kounkel2020,7604.0,1.59958,1.77
123677790,3.099512631484072e+18,103.150086168227,-6.55088802865827,0.402323,15.184,16.022,0.028,15.575,0.229,14.465,0.039,14.234,0.055,14.313,0.098,15.6154,0.000624,15.9533,0.00395,15.1018,0.002322,13.776,0.026,13.728,0.036,12.664,,8.895,,Theia4634,426.5795188015934,Kounkel2020,7487.0,1.45273,1.72
120751176,3.099172607512998e+18,102.599142551613,-7.42616241134972,0.41014,15.1325,15.895,0.11,15.679,0.343,14.487,0.034,14.32,0.051,14.154,0.059,15.5236,0.000595,15.8204,0.001168,15.0596,0.001607,13.998,0.028,14.032,0.043,12.241,0.418,8.959,,Theia6274,933.2543007969924,Kounkel2020,7124.0,1.37865,1.58
755704560,3.09945858360831e+18,101.856097279736,-6.73712362283712,0.467581,16.0356,,,16.5144,0.0461,,,,,,,16.4024,0.001677,16.627,0.008285,15.9081,0.013148,,,,,,,,,Theia6274,933.2543007969924,Kounkel2020,7345.0,0.786574,1.67
36549745,3.101939288006117e+18,102.336240854055,-5.36953443250564,3.29433,9.88173,10.379,0.075,10.065,0.005,9.61,0.026,9.541,0.024,9.497,0.023,10.056,0.000634,10.197,0.001574,9.84022,0.001383,9.398,0.022,9.433,0.02,9.286,0.038,7.718,0.182,LP 2439,25.0,Pang2022,7954.0,1.50281,1.912
407726762,3.099462427605562e+18,102.727578484304,-7.10734537088277,3.33411,8.83682,8.843,0.033,8.803,0.003,8.77,0.027,8.781,0.053,8.802,0.023,8.81748,0.000522,8.83818,0.002367,8.8073,0.002013,8.761,0.023,8.785,0.021,8.645,0.025,7.907,0.207,LP 2439,25.0,Pang2022,9986.0,1.82539,2.557
123549996,3.099525825623599e+18,103.056010995722,-6.46568382965785,3.66412,8.03508,7.915,0.025,7.958,0.003,8.047,0.024,8.054,0.034,8.062,0.026,7.95632,0.000603,7.94806,0.001642,8.00668,0.003766,8.01,0.023,8.048,0.02,8.05,0.021,8.316,0.271,LP 2439,25.0,Pang2022,11971.0,2.05705,3.195
123545047,3.09925757914808e+18,102.981101753514,-7.28585870461491,3.44238,9.1255,9.293,0.039,9.237,0.004,8.975,0.023,8.966,0.021,8.907,0.019,9.18994,0.00069,9.25878,0.001661,9.09472,0.001371,8.883,0.023,8.902,0.02,8.9,0.029,8.567,0.323,LP 2439,25.0,Pang2022,8709.0,1.76071,2.183
123679399,3.1010922173748787e+18,103.304721300062,-5.9561671806278,3.33816,8.32933,8.293,0.028,8.304,0.003,8.342,0.023,8.374,0.036,8.334,0.029,8.28367,0.000466,8.29072,0.002581,8.29975,0.001174,8.31,0.023,8.343,0.021,8.049,0.02,7.035,0.09,LP 2439,25.0,Pang2022,10563.0,2.20084,2.731
123679565,3.101091216643374e+18,103.286845811571,-6.03542734186167,3.03754,9.45962,9.969,0.056,9.707,0.004,9.149,0.029,9.056,0.025,9.033,0.021,9.64607,0.000414,9.79521,0.001451,9.42126,0.002053,8.914,0.022,8.93,0.02,8.873,0.03,8.895,0.471,LP 2439,25.0,Pang2022,7748.0,2.00448,1.829
123679417,3.101092148655412e+18,103.305776306109,-5.97085883926111,3.30359,9.43992,9.753,0.053,9.59,0.004,9.181,0.018,9.177,0.023,9.138,0.023,9.57502,0.000563,9.69072,0.001823,9.40796,0.002737,9.067,0.023,9.1,0.021,9.072,0.028,8.813,,LP 2439,25.0,Pang2022,8058.0,1.74113,1.953
123886046,3.0992965087308155e+18,103.505438186001,-6.92447119909006,3.54863,8.39369,8.304,0.028,8.333,0.003,8.393,0.019,8.412,0.042,8.417,0.021,8.33253,0.000611,8.33187,0.001579,8.36641,0.001289,8.398,0.022,8.424,0.02,8.436,0.025,8.76,0.467,LP 2439,25.0,Pang2022,10943.0,1.93923,2.851
123884604,3.101019168572026e+18,103.578257431773,-6.38925029403056,3.40713,7.36613,,,7.29,0.03,7.462,0.021,7.535,0.047,7.534,0.026,7.2594,0.000634,7.23683,0.002712,7.34512,0.002075,7.521,0.029,7.576,0.02,7.607,0.018,7.54,0.141,LP 2439,25.0,Pang2022,12529.0,,
32673688,3.101205673230806e+18,104.348258514735,-5.41928670592506,3.48876,8.55537,8.502,0.03,8.52,0.03,8.495,0.02,8.493,0.038,8.538,0.023,8.50835,0.000574,8.51232,0.001467,8.5269,0.001706,8.508,0.021,8.551,0.02,8.468,0.027,8.455,0.365,LP 2439,25.0,Pang2022,10413.0,1.89924,2.685
124508515,3.100792493076122e+18,104.477229521769,-6.46269230790297,3.59535,8.68619,8.949,0.035,8.8,0.03,8.514,0.02,8.46,0.038,8.512,0.023,8.77888,0.000427,8.86603,0.00082,8.65384,0.000804,8.364,0.023,8.378,0.02,8.411,0.024,7.977,0.207,LP 2439,25.0,Pang2022,8445.0,2.14957,2.095
