tic,sigmaOptical,sigmaIR,mstar,rstar,teff,age,tmag,baseline
124190919,,,0.659447,0.69432,3277.0,25.0,14.3994,45
177104774,,,0.96,2.49926,5469.0,5.888436553555883,15.5809,45
229353581,,,0.95,0.91852,5445.0,32.35936569296281,16.5807,45
177441026,,,1.0,2.34677,5642.0,6.165950018614822,13.55,45
11454763,,,0.441188,0.444999,3051.0,6.0,16.6056,45
427397154,,,0.677,0.674377,4330.0,13.42081759519006,11.8177,45
427454320,,,1.26,2.06865,6358.0,7.896395555403676,15.7123,45
53416795,,,0.545,1.05218,3690.0,22.387211385683376,13.1515,45
392300605,,,1.02,1.30947,5715.0,20.417379446695275,15.2987,45
124193326,,,0.3862,0.395332,3179.0,25.0,16.172,45
204253266,,,0.95,1.41474,5459.0,5.888436553555883,15.5065,45
11194049,,,0.608391,0.62547,3350.0,9.637837253169783,15.4637,45
36098744,,,0.495427,0.497346,3185.0,25.0,15.5251,45
264681923,,,0.515254,0.517679,3146.0,14.14218666734152,16.6734,45
220323606,,,0.65,1.26954,4185.0,2.5118864315095824,14.5605,45
11196756,,,0.598489,0.612901,3402.0,13.645591421924074,15.6476,45
50620232,0.006833382475833859,0.006497495470189357,0.619912,0.640441,3374.0,5.690017429299189,14.9755,45
50724608,,,0.47,1.03968,3526.0,8.362008325569676,14.7943,45
264594549,,,0.646716,0.676603,3100.0,14.950777244912665,15.4914,45
427399435,,,0.465852,0.468282,3156.0,13.09634533260615,16.5377,45
11356769,,,0.54,1.05227,3680.0,5.973145795754155,14.2803,45
264680245,,,0.62,1.28563,3999.0,6.369193468968252,13.4147,45
11200558,,,0.633788,0.658944,3786.0,8.128701743690346,15.8723,45
323347366,,,0.648859,0.679565,3148.0,9.193277548708554,15.3657,45
264542603,,,0.54,1.16153,3688.0,8.12028929861936,14.1893,45
176702462,,,1.03,1.62372,5770.0,15.13561248436207,15.3089,45
144545805,,,0.622569,0.643945,3283.0,13.60437008455586,15.2889,45
427453701,,,0.61,1.23747,3920.0,6.496473411409452,14.3775,45
388851359,,,0.646669,0.676538,3386.0,5.627487010843206,15.0371,45
368952338,,,0.94,1.49995,5394.0,7.585775750291836,13.9866,45
114770356,,,0.99,2.35829,5595.0,12.30268770812381,15.6203,45
264483867,,,0.437106,0.441216,3109.0,6.655673199807594,16.4924,45
427352295,,,1.05,1.11762,5819.0,8.421501593880809,13.9128,45
177097478,,,1.31,1.70478,6454.0,9.332543007969903,15.3299,45
220062537,,,0.61,1.19973,3911.0,13.754465776531363,13.9721,45
116826429,,,1.22,1.33517,6261.0,15.13561248436207,15.0358,45
120387653,,,1.059,0.950171,5860.0,34.673685045253166,13.3396,45
427395662,,,0.7,1.4267,4477.0,7.407589378814294,14.4697,45
385485901,,,0.92,1.19052,5325.0,26.915348039269137,16.0389,45
369684796,,,0.832,0.788833,5012.0,7.585775750291836,14.9684,45
104749271,,,1.12,2.51716,6043.0,4.073802778041131,13.0069,45
220214712,,,1.01,1.7143,5698.0,26.915348039269137,14.3591,45
11458179,,,0.60943,0.626805,3147.0,6.0,15.7204,45
436153884,,,1.4,2.72042,6648.0,5.959388739680874,11.9022,45
220314533,,,0.44,1.20433,3471.0,2.5118864315095824,15.8377,45
284912846,,,0.535833,0.539631,2959.0,14.0,16.2596,45
357276959,,,0.590053,0.602413,3223.0,7.585775750291836,16.1985,45
451927048,,,0.96,1.40218,5491.0,21.379620895022324,16.1185,45
443244939,,,0.168777,0.199776,3104.0,22.387211385683376,16.697,45
42759988,,,0.45224,0.455337,3299.0,22.387211385683376,15.6614,45
11289916,,,0.96,1.05434,5475.0,13.649090055214078,13.3425,45
35582753,0.014941762556820433,0.019304510249033197,0.84,0.887396,5051.0,22.90867652767775,16.472,45
264623903,,,0.503418,0.505452,3095.0,9.0,16.6541,45
200524138,,,0.47,1.01822,3520.0,8.127108793650208,15.0347,45
177921227,,,0.66,0.709524,4230.0,34.673685045253166,14.5657,45
128945246,,,1.01,1.5023,5683.0,28.84031503126605,14.5867,45
427455400,,,0.58,1.25676,3795.0,10.541905716579295,14.1413,45
385184540,,,0.71,0.962326,4529.0,7.585775750291836,14.5133,45
72885079,,,0.6,0.77266,3895.0,4.897788193684466,16.0434,45
427346654,,,1.35,1.10816,6529.0,4.897788193684466,11.733,45
264739861,,,0.96,1.04026,5472.96,5.0,11.5153,45
276661130,,,0.509846,0.512059,3254.0,8.306532708785674,16.3407,45
199779766,,,0.618151,0.638129,3136.0,6.097019541254185,15.5459,45
213622945,,,0.718,1.02609,4555.0,5.754399373371567,14.9683,45
144666258,2.076938356229272,2.12871197295827,0.41,1.00612,3416.0,7.751619459843822,15.4397,45
435934927,,,0.512,1.00864,3608.0,7.158144887689274,14.7108,45
457249923,,,0.51,0.864835,3595.0,7.731081238423592,14.7747,45
432322190,0.008564910131190198,0.00807924439118939,1.08,2.6636,5914.0,15.13561248436207,14.9183,45
398062452,,,0.78,0.811591,4831.0,21.87761623949552,14.609,45
391860475,,,1.22,1.5034,6255.0,20.417379446695275,14.0469,45
42563426,,,0.558492,0.564935,3235.0,22.387211385683376,15.4172,45
11459056,,,0.590822,0.603361,3279.0,10.974092790287967,17.5449,45
427396451,,,0.391735,0.400225,3610.0,7.577583908588325,15.7895,45
4355703,,,0.501186,0.503176,3062.0,10.126285156535882,16.1014,45
50619928,,,0.602267,0.617664,3245.0,8.84321677538195,15.313,45
50746773,,,0.264049,0.28894,3508.0,10.978339401772535,14.9444,45
200518998,,,0.620041,0.640611,3062.0,14.508938371887828,15.9008,45
427393298,0.0037918939552841193,0.0010494600715048779,1.16,2.23516,6128.0,5.842145133282326,11.2827,45
388850639,,,0.678,0.496488,4336.0,2.0,14.0237,45
264462372,,,0.499488,0.501452,2970.0,9.0,16.4581,45
436153995,,,1.06,1.48077,5873.68,12.58724364013521,12.1996,45
4249806,,,0.564653,0.572039,3100.0,12.704416206812953,15.6833,45
79540427,,,1.44,1.34648,6747.0,25.118864315095824,12.7062,45
50788398,,,0.58,1.11648,3803.0,6.17138611376323,14.2904,45
264458685,,,0.548588,0.55372,3099.0,9.722381396292905,15.744,45
231174840,,,1.05,2.37462,5836.0,2.5118864315095824,14.3742,45
1854045567,0.015291065130117276,0.018164412713424876,1.31,1.50871,6458.0,15.848931924611142,16.1373,45
50897434,,,0.63,1.21642,4021.0,10.471737261549688,14.0898,45
138936503,,,0.62,0.904355,3990.0,4.897788193684466,14.4289,45
128945029,,,1.11,1.7703,6015.0,28.84031503126605,14.0837,45
11199816,,,0.664292,0.701131,3219.0,8.947929654338825,15.19,45
177524312,,,1.012,1.11839,5688.0,34.673685045253166,12.7949,45
443312120,,,1.141,1.03581,6086.0,22.387211385683376,11.6504,45
50747784,,,0.507163,0.509292,3041.0,8.317006807754833,16.0157,45
1854452481,,,0.96,2.20134,5495.0,15.848931924611142,15.8971,45
72312445,,,1.1,1.80724,5995.0,16.218100973589298,13.8418,45
177715572,,,1.22,2.34081,6264.0,23.442288153199225,15.8216,45
220052116,,,0.492145,0.49405,3169.0,9.0,16.2731,45
42759551,,,0.60785,0.624776,3421.0,22.387211385683376,15.0163,45
79434699,,,0.73,0.988495,4595.0,25.118864315095824,14.9018,45
427397427,,,0.59,1.08087,3830.0,6.54336001250468,14.7344,45
50524733,,,0.68,1.20729,4339.0,14.934808591106234,13.0854,45
114751958,,,0.89,1.13628,5225.0,41.68693834703355,16.1191,45
4255316,,,0.558454,0.564891,3113.0,9.2809031914616,15.7527,45
1640833411,,,0.82,0.849367,4978.0,40.7380277804113,16.2331,45
4295978,,,0.333654,0.349521,3220.0,7.823242741162647,15.7086,45
148343414,,,0.57,1.18427,3768.0,7.943282347242822,16.4962,45
264739059,,,0.653174,0.685555,3123.0,8.932440358258908,15.0384,45
225592482,,,0.77,0.938569,4797.0,6.606934480075965,15.5254,45
138899202,,,0.482346,0.484319,3031.0,4.897788193684466,16.3738,45
427454221,,,0.5,0.931202,3575.0,8.018361891184377,14.739,45
427454100,,,0.54,1.22284,3690.0,12.400349286893412,15.597,45
50589173,,,0.662496,0.698602,3240.0,12.253371212921,15.0325,45
117600411,,,0.86,1.27425,5098.0,41.68693834703355,15.831,45
36102341,,,0.530289,0.533626,3352.0,22.387211385683376,14.766,45
225649797,,,1.19,3.41859,6210.0,32.35936569296281,13.7731,45
138941395,,,1.14,2.24644,6076.0,9.0,10.2223,45
177922988,,,0.561482,0.56837,3326.0,34.673685045253166,16.4963,45
449310917,,,0.85,1.45225,5083.0,5.954212900441382,12.0032,45
200600953,,,0.422836,0.42813,3100.0,5.0,17.0143,45
436008672,,,0.591,1.00446,3842.0,11.76638517224422,14.4772,45
118514632,,,1.01,2.27712,5682.0,29.51209226666384,15.7575,45
178053744,,,1.06,1.61406,5849.0,6.165950018614822,15.2974,45
220205281,,,0.81,1.43212,4946.0,26.915348039269137,15.2967,45
360079345,,,1.18,1.73786,6172.0,15.848931924611142,14.8138,45
50791452,,,0.57,1.02171,3757.0,12.915923378654288,14.4264,45
427459201,,,0.559053,0.565578,3296.0,14.604131766707056,15.7609,45
427373632,,,0.81,1.26644,4931.0,7.683925780276821,14.1181,45
432870505,,,1.01,1.13879,5672.0,20.417379446695275,15.9148,45
186199343,,,1.49,1.95978,6873.0,41.68693834703355,13.9017,45
264540631,,,0.399628,0.407239,3261.0,32.35936569296281,14.8119,45
269199909,,,0.539857,0.544033,3090.0,7.7092609502410525,16.019,45
220044766,,,0.654563,0.687491,3516.0,4.897788193684466,15.2934,45
4160452,,,1.26,1.69779,6340.0,9.862627047046336,11.8899,45
35419948,,,0.639116,0.666177,3538.0,35.481338923357534,13.1854,45
204566884,,,1.12,2.65468,6026.0,41.68693834703355,14.672,45
226201021,,,1.13,2.39987,6071.0,24.547089156850287,15.8756,45
427453931,,,0.535904,0.539708,3132.0,10.689266592484673,16.0498,45
306091220,,,1.01,1.64731,5664.0,20.417379446695275,14.6344,45
362685412,,,1.17,1.90256,6154.0,20.417379446695275,13.7669,45
220314753,,,0.65,1.21999,4167.0,2.5118864315095824,14.9877,45
11455748,,,0.89,0.966054,5233.0,7.800218402402813,13.9356,45
53606519,,,0.58028,0.590514,3541.0,32.35936569296281,15.3478,45
50663158,,,1.033,1.73049,5767.0,9.596776262074926,9.89458,45
148638369,,,0.531882,0.535344,3327.0,34.673685045253166,16.7569,45
118125686,,,0.93,1.32325,5352.0,29.51209226666384,15.8772,45
264459868,,,0.218184,0.247523,3302.0,12.79524765978247,17.7493,45
175419948,,,0.627,1.20542,4012.0,21.87761623949552,14.1595,45
388935242,,,0.52,1.01952,3624.0,10.180350895544048,14.6737,45
115832096,,,1.23,3.61115,6280.0,12.30268770812381,12.369,45
11292993,,,0.534273,0.537934,3071.0,7.60838149896292,16.2178,45
427334126,,,0.542645,0.547106,3958.0,8.066161821925132,15.6708,45
436103284,,,0.662299,0.698325,3601.0,6.340992392507578,14.7984,45
50748482,,,0.492629,0.494535,3109.0,12.87186405262149,16.0931,45
50720286,,,0.522752,0.525572,3125.0,10.760952144778305,15.9844,45
436244808,,,0.519397,0.522026,3153.0,14.0,16.8274,45
217826163,,,1.34,2.95335,6523.0,35.481338923357534,15.5741,45
264743303,,,0.538877,0.542958,3354.0,4.897788193684466,15.2388,45
118936367,,,0.98,0.863905,5559.0,11.748975549395302,15.2325,45
220051724,,,0.620503,0.641219,3178.0,10.548162206516327,15.8976,45
398060062,,,0.75,1.33482,4713.0,21.87761623949552,13.6169,45
11411866,,,0.648979,0.679731,3271.0,13.233003141141568,15.1381,45
11198852,,,0.65,1.29342,4161.0,13.10814007160548,13.5229,45
172995729,,,0.625034,0.647213,3630.0,32.35936569296281,15.1397,45
43988382,,,0.532297,0.535793,3215.0,5.754399373371567,15.9814,45
427375271,,,0.592634,0.6056,3044.0,7.1320135040639565,15.6423,45
351590500,0.03221008005805937,0.03953698771287582,1.34,2.16806,6524.0,42.65795188015926,16.2714,45
179337610,,,1.1,1.672,5971.0,45.70881896148752,15.0765,45
117336476,,,0.99,1.57357,5616.0,45.70881896148752,15.7459,45
50793563,,,1.03,1.67591,5751.0,10.151768904497803,12.5207,45
177522194,,,0.93,2.04761,5379.0,23.442288153199225,16.1955,45
200514454,,,0.607321,0.624099,3287.0,13.438666167117892,15.4456,45
125638143,,,0.55773,0.564064,3724.0,34.673685045253166,16.1896,45
138829250,,,0.56,1.01163,3731.0,9.452393315956716,14.3003,45
176226757,,,0.98,1.78125,5563.0,15.13561248436207,14.8268,45
50747735,,,0.621687,0.64278,3106.0,12.52076637635799,15.5056,45
391384276,,,1.16,1.64639,6127.0,42.65795188015926,13.4712,45
50618285,,,0.662928,0.69921,3354.0,12.913132273267014,15.3763,45
116584288,,,0.99,2.62344,5591.0,41.68693834703355,14.7144,45
276664097,,,0.482206,0.484181,3260.0,9.39789387529722,16.4965,45
264631119,,,0.62,1.00199,3955.0,12.799914125975654,13.7768,45
180150387,,,1.18,1.85203,6181.0,26.915348039269137,15.7014,45
436250913,,,0.522757,0.525577,3066.0,8.767497161896713,16.4876,45
53494257,0.011561662072993546,0.012377837348636681,1.03,1.53453,5757.0,47.863009232263806,15.667,45
284997053,,,0.62,1.09601,3974.0,6.042514020340089,14.268,45
11200650,,,0.264306,0.289167,3356.0,5.624692722586908,17.6061,45
37243673,,,0.578142,0.587947,3385.0,22.387211385683376,14.9762,45
276662411,,,0.33302,0.348972,3125.0,8.391381344815164,17.5553,45
132809552,,,1.4,1.08531,6643.0,28.84031503126605,14.3551,45
427454279,,,1.03,2.75459,5758.0,10.511564398405554,11.6889,45
186155329,,,1.1,1.81911,5981.0,14.45439770745928,13.1523,45
11201479,,,0.570711,0.579123,3037.0,11.182576442395408,16.93,45
427455449,,,0.59,1.00571,3834.0,7.374958050122231,14.4719,45
178060383,,,0.530127,0.533452,3426.0,34.673685045253166,16.824,45
204555842,,,1.0,1.90536,5629.0,41.68693834703355,16.0495,45
50790309,,,0.668705,0.707358,3416.0,14.142210843043449,15.1017,45
427454867,,,0.567861,0.575778,3181.0,7.228145406134897,15.8047,45
1650111556,,,0.94,1.2676,5401.0,43.65158322401656,15.0622,45
459991832,,,0.4,1.20629,3403.0,12.076187281888568,14.9922,45
53990013,,,0.6,1.17941,3895.0,25.118864315095824,15.5947,45
35577205,,,1.04,1.45739,5809.0,22.90867652767775,15.4461,45
284284872,0.9846387222671396,1.1145619247243583,0.647278,0.67738,3141.0,8.669560223115328,15.929,45
360029354,,,0.51,1.05302,3594.0,7.585775750291836,15.222,45
138900038,,,0.426025,0.431037,3301.0,5.0,17.0958,45
11362165,,,0.635909,0.661815,3261.0,9.02469327727814,15.6177,45
11291016,,,0.61,1.21697,3922.0,13.05665672136388,14.4254,45
50529596,0.01878030388248526,0.01766910875162668,0.63705,0.663364,3362.0,6.632621705254963,14.8991,45
11286045,,,0.62,1.22449,3973.0,14.56066603602497,13.671,45
11297819,,,0.470637,0.472893,3202.0,4.897788193684466,16.3364,45
116705349,,,0.96,1.57944,5474.0,41.68693834703355,15.4584,45
433312858,,,0.86,1.24218,5127.0,47.863009232263806,15.9139,45
50789717,,,1.01,2.05753,5674.81,11.34345548103956,11.0727,45
50625281,,,0.353977,0.367138,3053.0,9.0,16.9215,45
220141452,,,1.35,1.84829,6546.0,32.35936569296281,15.1737,45
427373667,,,0.63,1.14139,4047.0,9.805493915155049,15.4495,45
457231371,,,0.514952,0.517365,2841.0,11.822734151098617,16.6195,45
43625379,,,0.658,1.01251,4206.0,5.754399373371567,14.3137,45
11401767,,,0.538428,0.542466,3638.0,9.80405163899004,17.0047,45
427454423,,,0.480358,0.482364,3387.0,10.977504339511944,16.5788,45
123732515,,,0.506186,0.508287,3281.0,25.0,15.404,45
214623623,,,1.21,4.10733,6235.0,35.481338923357534,13.5292,45
226087464,,,1.47,2.09059,6811.0,6.606934480075965,13.0109,45
201369101,,,0.61,1.14924,3918.0,10.642799794135424,13.6755,45
427393256,,,0.85,1.41494,5067.0,12.408700471892818,13.0578,45
358008031,,,0.460403,0.46307,3175.0,7.585775750291836,16.2765,45
276661018,,,1.25,2.13963,6323.0,14.037986885560592,11.3334,45
180748110,,,1.27,1.56633,6367.0,31.6227766016838,15.8814,45
103852328,,,1.04,2.18348,5806.0,4.073802778041131,13.4239,45
79694185,,,1.32,1.3381,6477.0,25.118864315095824,12.8912,45
229302193,,,1.38,1.9001,6616.0,32.35936569296281,14.2645,45
457251215,,,0.618447,0.638518,3296.0,10.851047332203496,15.0542,45
11290728,,,0.499746,0.501713,3121.0,6.0,16.5848,45
11199441,,,0.41,0.997812,3419.0,4.897788193684466,14.5073,45
177013532,,,1.43,1.50774,6724.0,23.442288153199225,16.3929,45
332913679,,,0.546902,0.551835,3250.0,13.58037285764422,15.2292,45
264594783,,,0.53,0.903528,3655.0,13.319738030449424,14.4612,45
264460671,,,0.565831,0.573409,3199.0,7.4809390206986945,15.382,45
200518606,,,0.539314,0.543437,3142.0,10.68369249930982,16.1168,45
118124291,0.0054298830185878335,0.00469906822282119,1.05,2.75835,5831.0,38.904514499428046,14.11,45
50793698,,,0.42334,0.428588,3227.0,10.271192264375276,17.375,45
427352742,,,1.361,1.74743,6563.0,5.408669625003233,10.1236,45
427398919,,,0.564738,0.572138,3132.0,10.42556703463882,16.0749,45
200639968,,,0.640769,0.668434,2984.0,12.308714524571894,15.8004,45
269117519,,,0.559,1.13004,3733.0,14.127713326150303,14.0054,45
177986241,,,1.48,1.415,6837.0,34.673685045253166,11.8916,45
427395687,,,0.443805,0.447434,3937.0,5.0,16.8773,45
370413768,,,0.664101,0.700862,3087.0,7.585775750291836,15.8871,45
114905472,,,0.8,0.839004,4899.0,40.7380277804113,15.7953,45
220073189,,,0.661264,0.696871,3258.0,7.74571716566418,15.1305,45
138899074,,,0.607648,0.624518,3254.0,11.52387014608748,15.2297,45
427393325,,,0.57304,0.581872,3986.0,9.789265001935275,16.0069,45
332918951,,,0.58713,0.598826,3200.0,14.650549731051507,16.3189,45
360062101,,,1.28,2.91414,6385.0,2.39883291901949,14.1908,45
436008821,,,0.55,1.23743,3719.0,5.186063546404074,14.3846,45
279646273,,,0.62,1.26278,3954.0,5.304035695273334,13.5324,45
53745515,,,0.77,1.32719,4776.0,25.118864315095824,14.2744,45
340982060,,,1.19,1.37829,6209.0,32.35936569296281,14.8512,45
117338917,,,1.13,1.74674,6056.0,35.481338923357534,14.8031,45
284158428,,,0.516324,0.518799,3127.0,14.008675421087949,16.318,45
279794671,,,0.744,0.723108,4670.0,34.673685045253166,14.1606,45
178331805,,,0.762,1.11908,4745.0,34.673685045253166,13.7027,45
151454747,,,1.45,1.422,6766.0,23.442288153199225,15.1053,45
181197349,,,1.45,1.94727,6781.0,18.197008586099827,15.1116,45
436103237,,,0.566785,0.574521,3793.0,4.897788193684466,14.8498,45
200519885,,,0.658563,0.693082,3331.0,9.47342729550544,15.1885,45
244761612,,,1.01,1.41275,5690.0,7.585775750291836,14.1424,45
19430502,,,1.091,1.42211,5956.0,21.87761623949552,12.7249,45
398110869,,,0.48,0.984026,3531.0,21.87761623949552,15.8117,45
264682438,,,0.40544,0.41243,3042.0,9.426108511948392,16.3828,45
50624765,,,0.64,1.1135,4111.0,5.958475675642697,13.7936,45
50659862,,,0.577334,0.58698,3085.0,11.26882617740399,15.2409,45
278838227,,,0.514,0.982409,3613.0,7.585775750291836,15.6798,45
11288394,,,0.468938,0.471252,3509.0,4.897788193684466,16.1302,45
50658069,,,0.56,0.978774,3732.0,10.535881983363812,14.5009,45
220105819,,,0.75,0.977478,4716.0,26.915348039269137,15.8885,45
200546603,,,0.590651,0.60315,3054.0,14.0,16.062,45
385890258,,,0.592933,0.605971,3217.0,7.585775750291836,16.2988,45
138978861,,,0.584818,0.596006,3387.0,4.897788193684466,15.6871,45
4379273,,,0.460489,0.463152,3147.0,9.0,16.3279,45
118794019,,,0.82,0.965236,4978.0,11.748975549395302,15.2669,45
50618237,,,0.349774,0.363487,3308.0,4.897788193684466,16.4776,45
120325042,,,0.49516,0.497077,3240.0,35.481338923357534,15.5476,45
185892629,,,1.36,2.29423,6572.0,15.13561248436207,13.5733,45
119232949,,,0.503785,0.505827,3247.0,35.481338923357534,15.8634,45
712766786,,,0.9,1.14078,5258.0,14.027525089198232,16.12,45
167515688,,,1.16,1.14095,6127.0,28.84031503126605,14.4144,45
50619591,,,0.444108,0.447717,3000.0,9.0,16.5378,45
427395910,,,0.525669,0.528674,4231.0,4.897788193684466,16.3037,45
178255493,,,0.56309,0.570227,3321.0,34.673685045253166,16.591,45
388851521,0.018531273028495526,0.019429709261014564,0.60292,0.618492,3171.0,9.318661071281866,15.5611,45
186194420,,,0.97,1.55057,5511.0,13.80384264602884,14.4207,45
50745125,,,1.2,1.68344,6217.5,14.100682049141156,10.9438,45
220055914,,,0.477663,0.479724,3070.0,5.0,16.2363,45
1766068527,,,1.26,1.87088,6360.0,22.387211385683376,15.7763,45
457229576,,,1.01,0.917413,5672.0,5.0,12.2876,45
116712008,,,0.89,2.05573,5231.0,41.68693834703355,15.602,45
63299385,,,0.527309,0.530427,3339.0,32.35936569296281,16.1129,45
264742991,,,0.47,1.092,3518.0,11.556811126246645,14.9926,45
398170102,,,0.61,0.98313,3949.0,21.87761623949552,14.9886,45
388935681,,,0.514481,0.516873,3187.0,10.99021178440947,16.0978,45
43643557,,,1.36,1.2587,6570.0,5.754399373371567,12.9142,45
264621907,,,1.08,2.72038,5925.0,10.90872240209201,12.235,45
269117488,,,0.534328,0.537994,3114.0,14.46088880995451,16.2727,45
464840541,,,0.772,0.501947,4784.0,8.028019704283942,12.3112,45
713042295,,,0.82,0.561543,4955.0,8.848469209373995,17.9722,45
161943981,,,1.23,1.81313,6284.0,38.904514499428046,14.5543,45
220323201,,,0.61,0.91361,3916.0,2.5118864315095824,15.866,45
427378656,,,0.56,1.25867,3745.0,9.556437810860324,13.5976,45
50792550,,,0.62,1.32664,3960.0,9.549967908156688,15.2207,45
427457790,,,0.552499,0.558118,3115.0,9.89376937663558,16.0369,45
264243110,,,0.68,0.909215,4341.0,21.87761623949552,14.4041,45
177987509,,,0.99,0.963646,5599.0,34.673685045253166,13.3647,45
228845915,,,1.01,1.62429,5684.0,45.70881896148752,15.5146,45
264486545,,,0.53,0.822182,3644.0,5.504364226449514,14.8021,45
4256908,0.008053526752428573,0.007354588828277323,0.656991,0.690881,3463.0,13.748666333149268,14.6626,45
50623877,,,0.7,0.966418,4441.0,14.633978395370304,14.773,45
42339973,,,0.568678,0.576734,3475.0,22.387211385683376,15.0935,45
427346874,,,0.483652,0.485607,3226.0,11.389701638051015,16.3852,45
388850822,,,1.26,2.0928,6348.0,13.383082704939476,13.6934,45
4160263,,,0.549222,0.55443,2932.0,6.991003006947061,15.9893,45
119235653,,,0.568033,0.575978,3150.0,35.481338923357534,15.258,45
264593953,0.006638043448149996,0.006219856414944592,0.649907,0.681017,3547.0,11.587990643358976,14.8687,45
388918063,,,0.612356,0.630581,3790.0,13.27963376745007,14.561,45
427373559,,,0.328776,0.345301,3564.0,7.896059076363028,17.5241,45
178435757,,,1.06,1.5731,5874.0,23.442288153199225,15.5511,45
427348288,0.005309118500971814,0.0045525895285078825,0.55,1.04819,3715.0,9.224143248813796,13.9892,45
451940155,,,1.19,4.37798,6210.0,6.918309709189363,13.7573,45
220052481,,,1.31,1.99696,6459.23,13.66956141772995,11.0084,45
138827879,,,0.54,0.908141,3673.0,11.004847324264537,14.4311,45
427374333,,,0.575837,0.585194,3265.0,9.647552507137382,15.6736,45
229358061,,,0.78,1.53499,4836.0,2.5118864315095824,13.2647,45
225693924,0.007551612665745711,0.00743117560289489,1.25,3.25721,6325.0,6.918309709189363,15.2023,45
116584498,,,1.01,2.33929,5688.0,41.68693834703355,15.1345,45
36546405,,,1.04,1.19189,5800.0,36.3078054770101,15.6674,45
427374743,,,0.576607,0.586111,3277.0,7.266060961851673,15.9202,45
229343201,,,1.04,1.38122,5810.0,26.915348039269137,14.8032,45
264630115,,,0.72,0.977268,4540.0,9.408266916307792,13.5856,45
138829061,,,0.440507,0.444366,3082.0,9.0,16.3587,45
50583476,,,0.534217,0.537873,3262.0,10.177516161063526,15.6891,45
162192751,,,1.07,1.49075,5883.0,45.70881896148752,15.7274,45
220282852,,,1.11,0.965129,6004.0,2.5118864315095824,16.5437,45
427376242,,,0.62042,0.641109,3304.0,13.881145618724052,15.663,45
264542583,,,0.579124,0.589124,3364.0,9.0,15.2634,45
332856395,,,1.223,1.12017,6272.0,2.0,10.6703,45
50523600,,,0.5,0.820831,3575.0,14.154682292629715,15.1963,45
427395727,,,1.3,1.1097,6436.0,8.882250204408756,13.4563,45
11300201,,,1.03,1.09114,5767.1,6.111280136584501,13.4547,45
177983827,,,0.794,0.743982,4869.0,34.673685045253166,14.5413,45
337173152,,,1.32,1.7438,6481.0,46.77351412871982,13.1054,45
11286998,,,0.470023,0.472299,3393.0,8.559669326899872,15.4966,45
432432500,,,1.03,2.73519,5763.0,41.68693834703355,13.9825,45
432457100,,,1.35,1.86922,6536.0,21.379620895022324,15.8091,45
464840190,,,0.63197,0.656492,3246.0,8.088809688159337,15.0356,45
142400368,,,0.574232,0.583285,3385.0,35.481338923357534,13.6585,45
177927881,,,1.297,1.1795,6428.0,34.673685045253166,12.5179,45
464837778,,,0.548144,0.553223,3119.0,14.981074162136366,15.9617,45
11200816,,,0.505107,0.507181,3567.0,9.088669421348095,17.0782,45
11355176,,,1.25,2.33304,6326.9,10.558900471746746,12.6471,45
50745590,,,0.409501,0.416072,3042.0,9.0,16.5748,45
427379136,0.003679825286408364,0.0009618230839002351,1.42,1.36863,6696.88,12.834107764133904,11.1604,45
11290931,,,0.616699,0.636229,3331.0,13.00064908501946,14.9725,45
284283958,0.010603640226265412,0.011577912670665451,0.631472,0.655822,2902.0,12.589254117941662,15.7627,45
178168717,,,0.661358,0.697002,4047.0,34.673685045253166,15.2837,45
4355542,,,0.586722,0.598328,3271.0,13.086206791010964,15.6728,45
433154166,,,0.97,1.05547,5514.0,15.13561248436207,15.4925,45
457249128,,,0.83,1.05732,5014.0,13.842790067271846,12.4289,45
357998306,,,1.22,1.35363,6275.0,7.585775750291836,12.1141,45
220338628,,,0.97,1.9607,5504.0,2.5118864315095824,14.5396,45
276661131,,,0.55,1.07105,3704.0,10.830609128216064,14.2243,45
124190274,,,0.556117,0.562222,3214.0,25.0,14.9954,45
264485606,,,0.523058,0.525896,3725.0,5.545251033456658,13.8319,45
264682373,,,0.438484,0.442491,2996.0,12.405393029182644,16.5135,45
17956141,,,0.64,0.958203,4075.0,21.87761623949552,15.2489,45
427379997,,,0.34,1.04234,3301.0,12.727241565471424,14.9296,45
138903819,,,0.479102,0.481132,3096.0,5.0,16.5325,45
279789801,,,0.507316,0.509449,3331.0,22.387211385683376,15.6331,45
200605040,,,0.65166,0.68345,3141.0,14.0,15.4976,45
220190961,,,0.9,0.972193,5252.0,26.915348039269137,15.8351,45
427396638,,,0.651695,0.683499,3506.0,14.628752694553985,15.6933,45
457229331,,,0.477141,0.479213,2983.0,10.33971541697561,16.2618,45
388918033,,,0.504112,0.506161,3120.0,12.608631167649758,16.434,45
220106343,,,1.03,1.48786,5768.0,26.915348039269137,14.4297,45
4255975,,,0.488776,0.490687,3175.0,7.853776340679986,15.9509,45
174782157,,,0.657845,0.692076,3451.0,5.754399373371567,15.0518,45
427454701,,,0.515242,0.517667,3851.0,2.0,17.4789,45
264485639,,,0.61,1.01647,3941.0,14.28799995139616,14.3243,45
459991340,,,0.335724,0.351312,3104.0,14.125445845571411,17.2695,45
276661701,,,0.603174,0.618813,3190.0,13.453361683961871,15.5634,45
50748235,,,0.612319,0.630533,3122.0,7.925551601363427,15.3841,45
111077865,,,0.96,2.36864,5475.0,4.073802778041131,15.3349,45
427334621,,,0.577131,0.586738,3211.0,12.597908631182898,15.7466,45
220314513,,,0.63,1.31568,4051.0,2.5118864315095824,15.2362,45
50720111,,,0.594049,0.607355,3220.0,11.055849177968296,14.7532,45
436244951,,,0.65322,0.68562,3064.0,9.928883497750682,15.4101,45
11402126,,,0.659647,0.694601,3883.0,4.897788193684466,15.5515,45
178484146,,,0.899,1.19211,5257.0,34.673685045253166,12.3013,45
443284400,,,0.79,1.51684,4852.0,14.125375446227554,16.1671,45
436011874,,,0.644567,0.673642,3095.0,11.7925825160853,15.5147,45
50620677,,,0.594752,0.608231,3502.0,13.31081424076636,13.899,45
120169484,,,0.489552,0.49146,3306.0,35.481338923357534,15.6168,45
42430866,,,1.28,1.14334,6394.0,22.387211385683376,11.2889,45
427352336,,,0.604538,0.620546,3013.0,9.71681930788136,15.8451,45
306091542,,,1.47,1.87231,6815.0,20.417379446695275,13.8254,45
457231297,,,1.14,1.27681,6074.49,4.897788193684466,11.3532,45
176499278,,,0.99,1.8509,5614.0,39.81071705534969,16.0418,45
125336992,,,0.79,1.44925,4841.0,6.165950018614822,14.9619,45
49309005,,,0.48626,0.488187,3224.0,32.35936569296281,16.388,45
427449979,,,0.99,2.83794,5601.04,6.051105303109095,11.4039,45
118498045,,,1.35,1.43956,6535.0,40.7380277804113,13.5104,45
264486587,,,0.94,1.12824,5419.0,13.973749049281842,14.4014,45
388935185,,,0.79,1.42473,4864.0,14.71067939177121,12.1323,45
50529774,,,1.04,2.23485,5788.67,14.684038025664044,11.5965,45
427395829,,,0.433817,0.438181,3823.0,10.180363754789203,16.8828,45
11459216,,,0.8,1.07894,4889.0,13.075351023798625,14.4875,45
427392985,,,0.606266,0.62275,2964.0,11.304494106465116,15.9383,45
177852072,,,1.24,1.3372,6313.0,23.442288153199225,15.3234,45
269117492,,,0.449174,0.452455,3101.0,14.661064499577618,16.6156,45
264461853,,,0.94,0.703953,5390.0,8.58602444517408,16.429,45
34367537,,,0.329902,0.346275,3291.0,32.35936569296281,15.3924,45
201368776,,,0.45,0.918518,3489.0,8.516541766243312,15.1133,45
45836794,,,0.8,0.935,4885.0,5.754399373371567,15.096,45
4159466,,,1.0,1.25016,5644.0,5.117480944315086,14.4332,45
712980139,,,0.55,0.923371,3693.0,9.0,14.5565,45
186127850,,,0.9,1.96602,5244.0,41.68693834703355,15.3891,45
200524697,,,0.517807,0.520354,3462.0,4.897788193684466,15.9951,45
4356534,,,0.53,0.947517,3639.0,13.04010682436948,14.9191,45
144618201,0.004006401846020972,0.0033732917241580535,1.09,1.16804,5963.0,11.350239721035194,13.7094,45
78958761,,,0.6,0.916193,3901.0,25.118864315095824,16.3224,45
264541214,,,1.03,1.4507,5757.31,7.22937318896502,11.9087,45
436013346,,,0.609,1.08665,3922.0,14.796554917106905,14.2781,45
178052251,,,0.7,0.680601,4445.0,34.673685045253166,14.575,45
115498234,,,0.98,1.11142,5542.0,41.68693834703355,15.9014,45
117600429,,,0.98,1.80594,5578.0,41.68693834703355,14.6304,45
115492970,,,0.91,1.93767,5285.0,12.30268770812381,15.8666,45
332974764,,,0.46,0.926303,3501.0,8.957681901002939,14.9533,45
369921807,,,0.657396,0.691448,3297.0,7.585775750291836,15.6581,45
425099924,,,1.27,1.96734,6372.0,44.668359215096345,15.5835,45
427373572,,,0.83,1.13683,5017.0,12.22440645351782,14.5254,45
138977933,,,0.81,1.4975,4925.0,6.947294515137488,12.0061,45
204632334,,,1.05,2.11928,5828.0,20.417379446695275,15.8845,45
11455460,,,0.65178,0.683616,3056.0,6.516620777875376,15.2925,45
433326482,,,0.98,1.77411,5546.0,21.379620895022324,15.0957,45
332913707,,,0.646139,0.675807,3102.0,5.294024016107559,15.6335,45
144696938,,,0.927,2.23934,5358.27,7.935832091993065,10.6215,45
4355582,,,1.35,1.80038,6532.79,9.364377797950564,10.374,45
388918108,,,0.585908,0.597333,3036.0,13.895992312028806,15.7368,45
359612966,,,0.7,1.23454,4446.0,7.585775750291836,14.4814,45
319038689,,,1.352,1.2643,6545.0,34.673685045253166,12.3239,45
4200239,,,0.663829,0.700478,3186.0,14.788977164070406,14.9489,45
427352989,,,0.585324,0.596621,3487.0,7.007097323948602,15.5965,45
11291090,,,0.347166,0.361224,3737.0,9.456344261865915,17.4704,45
50788463,,,0.6,1.12743,3894.0,5.674110197333185,13.8003,45
427393349,,,0.87,1.30834,5157.0,9.0,13.0261,45
229360574,,,0.57,1.00661,3771.0,2.5118864315095824,15.8205,45
115699951,,,1.01,1.4807,5687.0,41.68693834703355,15.7211,45
264459520,,,0.580526,0.590811,3459.0,10.497071177241985,15.4969,45
11199779,,,0.42,1.10967,3424.0,7.585878948656863,14.7414,45
117971089,,,1.03,1.09154,5751.0,12.02264434617413,14.849,45
4378771,,,0.342152,0.356879,3368.0,11.02276660823528,13.4003,45
50619187,,,1.04,2.48776,5808.29,12.472097630297917,11.3695,45
220054298,,,1.03,0.936523,5749.53,4.897788193684466,13.0424,45
53743987,,,0.62,1.04003,3994.0,25.118864315095824,15.7475,45
125643402,,,0.62,1.16718,3984.0,6.165950018614822,16.3122,45
34398309,,,0.571877,0.580497,3151.0,7.736176689141622,15.7204,45
50588652,,,0.648034,0.678423,3357.0,14.255240596245596,14.9758,45
427334895,,,0.602104,0.617458,3188.0,12.206798475469888,15.802,45
11360212,,,0.240113,0.267574,3331.0,7.110905713223295,15.7006,45
115708078,,,1.06,1.82238,5860.0,15.848931924611142,15.3646,45
50749872,,,0.612954,0.631355,3140.0,14.19240111914292,15.5148,45
11195865,,,1.35,2.45041,6541.12,9.436532540086684,10.3298,45
427379885,,,0.54,0.847564,3681.0,13.536871139005475,15.2424,45
332857061,,,0.436066,0.440255,3263.0,5.908602053375805,16.1168,45
231236406,,,1.0,1.27682,5643.0,2.5118864315095824,14.7723,45
217087408,0.0125524237293739,0.01461453751323623,1.17,2.43514,6154.0,35.481338923357534,16.0523,45
11286037,,,0.57,1.17493,3752.0,14.72263690849208,14.6838,45
427352981,,,0.586964,0.598623,3550.0,8.138580959447896,16.1594,45
385961791,,,0.566206,0.573845,3035.0,7.585775750291836,16.5175,45
176226896,,,1.28,1.1872,6383.0,15.13561248436207,15.6328,45
264541715,,,0.509924,0.512139,3616.0,13.819678935225758,13.7993,45
156193089,,,0.85,0.759116,5092.0,11.748975549395302,14.9269,45
264463437,,,0.553189,0.558899,3200.0,9.0,15.9888,45
427351761,,,0.519593,0.522232,3301.0,14.856921373319574,14.9526,45
116585061,,,0.98,2.97634,5551.0,41.68693834703355,15.4219,45
427399134,,,0.622444,0.64378,3456.0,5.699414320611551,15.5842,45
165930819,,,1.05,1.61033,5842.0,23.988329190194897,14.7021,45
427334506,,,0.616954,0.636563,3209.0,13.638063802302314,15.5596,45
323418798,,,0.55,1.1507,3720.0,12.27698427117844,14.5003,45
11287249,,,0.87,0.617739,5164.0,5.037746321011395,14.2616,45
425180254,0.008999948548841317,0.008583112907264951,1.04,1.48084,5784.0,21.379620895022324,14.9964,45
279645976,,,0.67,0.963705,4267.0,4.897788193684466,13.4221,45
435436702,,,1.17,1.472,6162.0,42.65795188015926,13.784,45
1765565382,,,1.38,2.27757,6606.0,22.387211385683376,15.6202,45
50744784,,,0.54,1.0128,3689.0,7.851307398329297,14.8859,45
427374385,,,0.59,1.1764,3849.0,8.884004885831061,14.4383,45
436101750,,,0.563402,0.570588,3135.0,12.880626556606428,15.8607,45
284284603,,,0.645324,0.674684,3109.0,5.878502581200111,16.0258,45
427373619,,,0.86,1.7851,5128.0,14.0042941914221,13.2564,45
50657353,,,0.58,1.03709,3786.0,7.4989828683330995,14.721,45
391673285,,,1.1,1.46466,5980.0,20.417379446695275,14.1226,45
464839269,,,0.42,0.994597,3439.0,14.504299981259708,15.028,45
400998085,,,1.02,1.87563,5722.0,44.668359215096345,15.5635,45
427334252,,,0.75,1.397,4675.0,9.239871609467642,16.3552,45
50589675,,,0.57324,0.582109,3038.0,7.138330240613011,16.1336,45
118612323,,,1.01,1.57626,5676.0,29.51209226666384,15.788,45
459991838,,,0.65,1.21663,4151.0,5.486087071601022,13.1971,45
50787839,,,0.580659,0.590971,3110.0,8.812941068098622,16.2593,45
427454871,,,0.653199,0.68559,3165.0,6.511642486053544,15.2586,45
400657934,,,0.95,1.09177,5433.0,44.668359215096345,15.8777,45
177325733,,,0.516893,0.519395,3219.0,34.673685045253166,16.5831,45
217202370,,,1.41,2.71256,6671.0,35.481338923357534,15.7236,45
229360416,,,1.12,1.35458,6025.0,26.915348039269137,13.1094,45
11287390,,,0.459274,0.461996,2875.0,13.422930650946544,16.4638,45
11360734,,,1.47,2.18867,6825.0,6.826029523201154,10.4561,45
427396437,,,0.223023,0.251995,3562.0,7.572565529644672,15.8137,45
177132913,,,1.44,2.5451,6748.0,30.90295432513592,14.6227,45
1447433312,,,1.35,1.92074,6531.0,22.387211385683376,14.1047,45
287840369,,,0.62,1.15172,3977.0,6.0,13.7272,45
151445942,,,1.1,1.94718,5984.0,23.442288153199225,14.9424,45
147580185,,,0.627,1.10382,4011.0,35.481338923357534,12.825,45
179851410,,,0.94,1.62336,5420.0,31.6227766016838,14.9543,45
137932900,,,0.84,1.52933,5048.0,43.65158322401656,15.6468,45
231151108,,,0.8,0.882588,4881.0,32.35936569296281,16.1722,45
80461272,,,0.598049,0.612349,3607.0,34.673685045253166,14.5238,45
201369013,,,0.544739,0.549427,3131.0,10.452454787494586,15.8334,45
427333861,,,0.374336,0.384898,3257.0,10.313654304832482,17.3113,45
436248431,,,1.291,3.03276,6414.05,9.334897852870872,10.7399,45
220290326,,,1.3,1.3055,6436.0,2.5118864315095824,15.5981,45
427393461,,,0.601093,0.61618,3680.0,2.0,17.6309,45
186191167,,,0.83,0.843481,5021.0,15.13561248436207,15.5537,45
332914100,,,0.76,0.82896,4755.0,11.319721183629774,15.2131,45
264460460,,,0.175209,0.206249,3037.0,9.578062397332111,16.9392,45
264483176,,,0.384166,0.393538,3124.0,5.983866062366924,16.2599,45
50621636,,,0.640439,0.667982,3021.0,6.653383038995501,15.5097,45
184155240,,,0.77,1.29462,4786.0,14.45439770745928,14.7395,45
264680347,,,0.649534,0.6805,3386.0,12.69925962960074,14.7654,45
427396639,0.0328199055229533,0.02475962783632528,1.22,1.25646,6255.0,13.102687585751776,13.3613,45
427397434,,,0.62,1.16276,3959.0,6.326366894243643,13.9552,45
388851114,,,0.263197,0.288186,3173.0,9.115344410937936,15.8168,45
50727367,,,0.64,1.17975,4103.0,11.682068357673572,13.8018,45
1854242512,,,1.23,2.33836,6280.0,15.848931924611142,16.3412,45
427395759,,,0.88,1.63396,5180.0,6.0,13.5722,45
427396842,,,0.356723,0.369525,3335.0,2.0,14.3202,45
11286401,,,0.357033,0.369794,3064.0,10.260548917161817,17.0127,45
264486161,0.0034136116385774253,0.0017238640045763819,0.92,2.31198,5337.0,5.076449862035302,12.5497,45
451941185,,,1.37,2.60646,6578.0,15.848931924611142,14.9119,45
50619374,,,0.454388,0.457364,3124.0,6.726253320307535,16.2624,45
200515773,,,0.64,1.17896,4071.0,11.638351594639165,13.7762,45
162282656,,,1.09,2.50719,5944.0,22.387211385683376,15.7679,45
427395650,,,0.62861,0.651981,3504.0,8.34527676099764,15.6339,45
114762424,,,1.1,2.73368,5987.0,29.51209226666384,14.5668,45
226111240,,,1.36,3.42908,6563.0,24.547089156850287,14.7574,45
264485118,,,0.467298,0.469671,3159.0,10.06138336476072,16.0861,45
144732517,,,0.621713,0.642815,3319.0,4.897788193684466,15.3592,45
264630118,,,0.4826,0.48457,3241.0,4.897788193684466,16.2891,45
427460311,,,0.56,1.09081,3733.0,12.95388001200349,14.3915,45
115699522,,,1.05,1.46941,5815.0,41.68693834703355,15.6638,45
388905547,,,1.38,1.45922,6607.0,13.844978826629168,12.5591,45
427450302,,,0.61084,0.628621,2900.0,13.425720567581797,15.3414,45
50524779,,,0.596737,0.610706,3274.0,8.782054470078414,15.5034,45
378441698,,,0.95,1.2441,5436.0,42.65795188015926,14.8928,45
457251333,,,0.64,0.977423,4099.0,10.17477279276609,13.7412,45
427458593,,,0.563677,0.570906,3545.0,5.296253236536318,15.6466,45
407726726,,,0.501,0.931294,3583.0,25.0,14.0108,45
50744745,,,0.53,1.15424,3648.0,11.090853593087166,14.4809,45
72885849,,,0.354886,0.367927,3390.0,4.897788193684466,16.7261,45
144546482,,,0.624954,0.647107,3242.0,4.897788193684466,15.4705,45
427377911,,,0.438695,0.442687,3049.0,7.944711950596648,16.413,45
24894800,,,0.9,1.10353,5259.0,22.387211385683376,11.1471,45
151448692,,,1.27,1.66025,6364.0,23.442288153199225,15.0908,45
336888954,,,0.96,0.910985,5483.0,46.77351412871982,14.4732,45
138828771,,,0.72,1.44267,4553.0,10.397588466943734,12.2764,45
264739266,,,0.366889,0.378384,3067.0,5.0,17.0374,45
123731716,,,0.627593,0.650623,3361.0,25.0,14.8248,45
457251346,,,0.58886,0.600946,2976.0,10.464350597042875,15.5257,45
178058816,,,0.82,0.716253,4979.0,34.673685045253166,14.5484,45
4160872,,,0.59,0.92796,3825.0,12.215652512615373,14.603,45
50744172,,,0.63,1.20906,4033.0,11.039274565427965,13.5952,45
134077009,,,0.312721,0.33141,3261.0,5.754399373371567,16.4908,45
359323521,,,0.73,1.08566,4613.0,7.585775750291836,14.4411,45
201368924,,,0.62,1.35222,3999.0,10.034522277376103,14.2862,45
4159957,,,0.62,0.996267,3974.0,5.951860658436665,13.5262,45
50793423,,,0.64938,0.680286,3092.0,14.115861817933968,15.0906,45
50788425,,,0.62,1.02112,3990.0,6.483396665402685,14.364,45
138979836,,,1.13,1.46665,6062.31,14.371273602879109,12.413,45
4295938,,,0.578795,0.58873,3060.0,5.713363137382802,15.5907,45
464839202,,,0.368266,0.379586,3244.0,7.890019980979572,16.8075,45
181124751,,,0.65,1.16085,4129.0,21.87761623949552,15.5216,45
217081784,,,1.45,3.39084,6772.0,35.481338923357534,14.4506,45
111358372,,,0.79,1.45644,4852.0,4.073802778041131,15.0745,45
35719138,,,1.06,1.14741,5878.0,22.90867652767775,14.8591,45
413233222,,,1.08,2.66484,5924.0,15.13561248436207,15.7458,45
53745517,,,0.61,0.984288,3904.0,25.118864315095824,16.1038,45
269118018,,,0.58,1.03805,3807.0,11.027790579421048,14.0476,45
225786282,,,0.6,1.31392,3863.0,6.606934480075965,15.3096,45
42231006,,,0.664569,0.701521,3668.0,22.387211385683376,14.374,45
125641708,,,1.02,2.44817,5707.0,7.762471166286912,14.744,45
398119282,,,0.82,1.05999,4950.0,21.87761623949552,13.7158,45
11291187,,,0.76,0.744709,4747.91,10.862464082624296,13.201,45
119549768,,,0.461686,0.464294,3154.0,34.673685045253166,16.6926,45
177446839,,,1.16,2.0122,6143.0,23.442288153199225,15.3787,45
302830629,,,1.08,1.27331,5932.0,10.356602330603138,15.6053,45
432987454,,,1.04,1.19314,5801.0,30.90295432513592,14.4609,45
176702662,,,1.1,1.90289,5994.0,15.13561248436207,15.3669,45
383021666,,,0.578044,0.58783,3711.0,21.87761623949552,16.2954,45
427451943,,,0.45184,0.454961,3341.0,5.0,16.938,45
217816422,0.005905718119411354,0.005297518183156824,1.3,2.80196,6437.0,35.481338923357534,14.501,45
388917990,,,0.426055,0.431063,3067.0,7.969057859907844,16.8267,45
459991146,,,0.578417,0.588277,3327.0,6.077437964143392,15.2788,45
50744570,,,0.54,0.890206,3682.0,10.121837783516444,14.9912,45
177011253,0.005113644980251348,0.00432880336833366,1.02,1.57632,5700.0,6.165950018614822,13.7983,45
264460159,,,0.98,1.06771,5543.0,12.801270033422018,15.1768,45
203568181,,,0.99,1.38093,5580.0,45.70881896148752,15.661,45
449430032,,,0.513919,0.516287,3204.0,8.098918265150772,15.7921,45
432880373,,,1.17,1.4091,6160.0,35.481338923357534,15.374,45
264486115,,,0.406315,0.413213,3176.0,7.40442176400393,16.463,45
4350399,,,0.630043,0.653902,3092.0,14.751845644454352,15.1567,45
11356697,0.004481076588641667,0.0038988838470851435,0.63,1.13724,4009.0,13.458717878664356,14.1761,45
432703737,,,1.14,1.18713,6085.0,20.417379446695275,15.8489,45
398059326,,,0.74,1.05136,4674.0,21.87761623949552,14.013,45
204565024,,,0.99,2.62404,5582.0,9.332543007969903,15.0157,45
142403158,,,1.49,2.03057,6859.0,22.90867652767775,14.8966,45
177715625,,,0.682,0.743926,4365.0,34.673685045253166,14.8232,45
204554299,,,0.95,1.77089,5456.0,5.888436553555883,16.2221,45
180072046,,,0.99,1.50815,5595.0,26.915348039269137,16.469,45
4378681,,,0.640689,0.668324,3416.0,12.976553050967196,15.0095,45
11457047,,,0.56,1.27718,3739.0,7.235637353388301,14.9432,45
385305217,,,0.63,0.871142,4009.0,7.585775750291836,16.3021,45
176236926,,,1.27,1.97556,6368.0,15.13561248436207,15.1924,45
457249308,,,1.19,1.37282,6194.0,12.01208516461422,15.2577,45
177598767,,,1.46,1.48084,6794.0,23.442288153199225,15.581,45
464840098,,,0.524101,0.527004,3517.0,7.4418303100123,15.3932,45
156501564,,,0.94,1.33252,5421.0,12.053459491795245,12.8866,45
432871966,,,1.01,1.92954,5682.0,35.481338923357534,15.344,45
284200970,,,0.434063,0.438408,3171.0,14.0,17.2977,45
10335625,,,0.61111,0.628971,2978.0,7.585775750291836,16.5927,45
220339434,,,0.55,0.998515,3704.0,2.5118864315095824,16.1695,45
50528910,,,0.58,1.00613,3808.0,5.714674294421874,14.6903,45
276662491,,,0.651478,0.683197,3433.0,11.001888232750622,15.2846,45
138899431,,,0.557408,0.563695,3175.0,14.737940002223551,15.4459,45
125505946,,,1.1,1.90417,5979.0,23.442288153199225,16.2255,45
427453992,,,0.611507,0.629483,3231.0,8.1712744273931,15.3941,45
115502263,,,0.98,1.79361,5541.0,41.68693834703355,15.2909,45
264682262,,,0.414619,0.420682,3053.0,9.0,16.4651,45
1652305856,,,1.02,1.67827,5731.0,15.13561248436207,14.5117,45
185428656,0.0035773927699100493,0.0021728403091210895,1.46,2.93984,6805.0,15.13561248436207,12.9277,45
50897400,,,0.411096,0.417506,2957.0,5.0,17.4225,45
156498482,,,0.417125,0.422947,3270.0,22.387211385683376,15.5182,45
35948644,,,0.734,0.936485,4627.0,25.0,12.6512,45
264461293,,,0.69,0.650389,4396.0,4.897788193684466,14.4394,45
436158825,,,1.2,1.59408,6222.35,5.9973676260041495,12.5245,45
332919220,,,0.964,0.956762,5496.0,9.118127949839648,14.0863,45
115704423,,,1.17,1.44614,6148.0,15.848931924611142,14.2714,45
11285793,,,0.49,1.05608,3553.0,5.027174645680226,14.8502,45
220283004,,,0.62,1.19598,3968.0,2.5118864315095824,15.2354,45
116583804,,,1.4,2.91084,6654.0,41.68693834703355,14.8578,45
276663629,,,0.608072,0.625062,3285.0,14.274389037939171,15.5252,45
269117375,,,0.8,1.24397,4893.79,9.979888002220898,12.6489,45
178111819,,,1.47,1.52993,6828.0,23.442288153199225,14.4459,45
269200030,,,0.567444,0.57529,3194.0,13.52951179596467,15.3035,45
50529800,,,0.583778,0.594742,3058.0,11.48727702678132,15.5743,45
50742383,,,0.7,0.74315,4481.0,5.0,13.8676,45
359884975,,,0.667726,0.705975,3318.0,7.585775750291836,15.6767,45
427374504,,,0.628505,0.651842,3630.0,13.631073144577744,16.9064,45
251289977,,,0.489295,0.491204,3283.0,22.387211385683376,15.864,45
50524284,,,0.9,1.99445,5262.0,9.132680919074362,11.0016,45
1614731195,,,0.93,0.947179,5377.0,41.68693834703355,15.099,45
124189925,,,0.789,0.696626,4850.0,34.673685045253166,14.4531,45
319363838,,,0.549244,0.554454,3173.0,4.897788193684466,16.1469,45
138935297,,,0.78,0.976824,4807.0,5.0420914117077,12.1525,45
50619529,,,0.64,1.19082,4089.0,9.74038136499458,13.5143,45
264594454,,,0.401872,0.40924,3092.0,11.0,16.5891,45
50748265,,,0.559446,0.566029,3035.0,10.354502021962723,16.0316,45
166601073,,,1.04,1.99019,5799.0,43.65158322401656,13.0616,45
118125414,,,0.96,1.13376,5492.0,47.863009232263806,15.6813,45
50525601,,,0.525,0.914585,3638.0,8.135693227763497,14.6055,45
432704947,0.012518619258739688,0.014132891333711125,0.94,1.49767,5390.0,13.80384264602884,15.9171,45
177853240,,,0.585,0.813101,3819.0,34.673685045253166,15.8543,45
179608316,,,0.97,2.34128,5522.0,45.70881896148752,15.4303,45
425182460,,,0.97,1.2199,5518.0,21.379620895022324,15.6064,45
427393568,,,0.438577,0.442577,3194.0,7.906728347757968,16.7181,45
220062036,,,0.62963,0.653348,3287.0,12.739660673833084,15.6145,45
220290744,,,0.68,1.14832,4379.0,2.5118864315095824,15.9793,45
427393730,,,0.575863,0.585225,3380.0,5.07306127318568,15.9674,45
358451352,0.009186019294234052,0.009409705190488966,0.549,1.09547,3702.0,7.585775750291836,15.4366,45
50721521,,,0.637331,0.663747,3074.0,4.897788193684466,15.9003,45
436010083,,,0.486097,0.488025,3186.0,14.36416207369355,16.4105,45
138856466,,,0.542517,0.546966,3245.0,12.921667805894812,15.5969,45
176709230,,,0.94,2.03761,5395.0,5.888436553555883,15.5873,45
217831337,,,1.19,2.058,6208.0,35.481338923357534,15.7485,45
388935403,,,0.88,1.62372,5177.0,11.913901411115456,13.2245,45
179607000,,,1.45,2.29555,6773.0,18.197008586099827,15.0162,45
177131766,,,1.14,1.66191,6077.0,23.442288153199225,15.7179,45
712849859,,,0.42,0.464994,3426.0,5.0,17.2251,45
388918232,,,0.66,0.944951,4200.0,9.190717259021024,13.9647,45
138829639,,,0.53,0.840407,3657.0,12.453541869350213,14.9515,45
180158014,,,1.48,3.05242,6832.0,47.863009232263806,14.9218,45
332974449,,,0.65095,0.682463,3005.0,13.032666308138406,16.3487,45
220052909,,,0.96,1.09997,5479.26,9.22970973321939,12.3642,45
72883232,,,0.652322,0.68437,3416.0,12.316649740890313,15.1352,45
138941958,,,0.556869,0.56308,3014.0,13.767739899967856,15.6863,45
388850701,,,0.638922,0.665911,3411.0,14.86330044862714,14.7857,45
50743882,,,0.43,1.08334,3445.0,12.298591750963734,14.6885,45
50725247,,,0.57,1.23325,3762.0,7.171154343412685,13.7959,45
710319930,,,0.5,1.12079,3590.0,6.0,14.3789,45
179837736,,,1.36,2.12679,6571.0,45.70881896148752,15.0619,45
115491406,,,1.26,2.16973,6355.0,12.30268770812381,15.0026,45
95587497,0.13032863660014646,0.159549873918104,0.65,1.15636,4128.0,6.165950018614822,16.2607,45
116963536,,,1.2,1.74615,6227.0,35.481338923357534,15.9619,45
284200846,,,0.47,1.2136,3521.0,14.612652444768042,14.0699,45
427377452,,,0.598039,0.612337,3169.0,8.268699127804668,16.1786,45
11193759,,,1.35,2.32303,6531.0,9.380605765649484,12.3777,45
427351649,,,0.610931,0.628739,3238.0,8.380647844721013,15.2412,45
11401297,,,0.583911,0.594904,3690.0,6.0,15.5119,45
11286183,,,0.35,0.77758,3316.0,13.948840198081424,15.4776,45
264680131,,,0.562743,0.569826,3151.0,11.894623298109494,15.7316,45
264463502,,,1.27,1.94598,6367.53,12.328098218325216,10.0283,45
175884620,,,1.02,2.40269,5715.0,38.01893963205613,15.0892,45
50624134,,,0.635888,0.661787,3294.0,4.897788193684466,15.7128,45
177926640,,,0.92,0.868185,5322.0,34.673685045253166,13.8437,45
358727128,,,0.71,1.1353,4492.0,7.585775750291836,14.3113,45
220322455,,,0.93,2.35061,5377.0,2.5118864315095824,12.126,45
42563774,,,0.647,0.909976,4134.0,22.387211385683376,13.6448,45
220119722,,,1.21,1.28019,6233.0,32.35936569296281,15.6403,45
138855464,0.006437380628095084,0.006039561798911042,0.5,0.967792,3580.0,6.446721299249727,14.8783,45
226199956,,,1.49,2.09479,6871.0,24.547089156850287,15.3299,45
359616586,,,0.49,0.870821,3551.0,7.585775750291836,15.5216,45
53744001,0.004053350486870608,0.001997070083956491,1.39,1.51133,6632.0,25.118864315095824,12.4987,45
427395517,,,0.586835,0.598465,3860.0,10.15541303560757,15.4561,45
427348156,,,0.664624,0.701598,3042.0,9.206057474431578,14.8879,45
427395730,,,1.3,0.695383,6425.0,12.92282257914265,13.9796,45
125636066,,,1.34,1.97641,6513.0,23.442288153199225,14.7071,45
278969876,,,0.610236,0.627843,3657.0,7.585775750291836,16.1184,45
138979893,,,0.574634,0.583762,3419.0,4.897788193684466,15.2489,45
144703404,,,0.426395,0.431375,2987.0,14.0,16.7323,45
11458116,,,1.29,2.25653,6403.45,7.295523670458626,8.4876,45
1796578270,,,1.13,1.30632,6069.0,19.952623149688787,14.6197,45
427393168,,,0.47,0.912969,3514.0,11.882720982323184,15.122,45
435433600,,,1.17,1.37508,6145.0,42.65795188015926,14.4446,45
388935406,,,0.512937,0.515264,2942.0,7.177945999548756,16.7607,45
117082961,,,1.39,2.25901,6632.0,38.904514499428046,14.6332,45
264739813,,,0.476898,0.478976,3267.0,4.897788193684466,16.1289,45
138855954,,,0.58,0.973764,3809.0,13.897003520440112,14.5963,45
142529792,,,0.958,1.05123,5476.0,35.481338923357534,11.6263,45
177123466,,,0.92,1.42598,5347.0,6.165950018614822,14.4074,45
264485421,,,0.54154,0.545887,3267.0,6.332588906314401,15.7895,45
264541566,,,0.285556,0.307817,3010.0,10.320531181550862,17.5231,45
119748268,,,0.443633,0.447274,3174.0,35.481338923357534,15.9152,45
427349609,,,0.511731,0.514012,3339.0,7.40041321036129,15.8918,45
138858410,,,0.61,1.0279,3942.0,12.641179834595366,14.3632,45
9309817,0.026460240245595814,0.02385826995180042,0.86,0.993866,5109.0,7.585775750291836,14.5495,45
11296021,,,0.633489,0.658541,3188.0,11.504227889663728,15.5733,45
264682733,,,0.576336,0.585788,3231.0,12.789507477361257,15.3691,45
42756421,,,0.478166,0.480216,3201.0,22.387211385683376,15.7957,45
202113689,,,0.86,1.11354,5112.0,2.5118864315095824,15.6097,45
43642741,,,1.26,1.05786,6348.0,5.754399373371567,13.7879,45
281718218,,,0.636535,0.662665,3563.0,22.387211385683376,13.8933,45
177925274,,,0.614132,0.632884,3484.0,34.673685045253166,16.0151,45
359616051,,,0.610236,0.627843,3315.0,7.585775750291836,15.9864,45
114770599,,,1.32,1.82186,6478.0,28.183829312644548,16.0661,45
413573261,0.01081115234745816,0.011289579342337949,0.96,2.64264,5490.0,5.888436553555883,15.54,45
264620965,,,1.42,3.22853,6687.49,12.01864376559348,10.5176,45
32670578,,,0.522784,0.525605,3247.0,22.387211385683376,15.2722,45
220084048,,,1.46,2.96681,6791.0,26.915348039269137,12.6979,45
264741903,,,0.6,1.007,3878.0,11.49235945643006,14.0911,45
199752478,,,0.397215,0.40509,2909.0,7.283944653925392,16.4764,45
383024479,,,0.62285,0.644317,3524.0,37.15352290971728,15.7951,45
332856930,,,0.88,1.22968,5170.0,7.075472876214089,15.1384,45
427374287,,,0.81,1.33884,4933.0,11.578025653095288,13.3871,45
264686903,,,0.533864,0.53749,3268.0,13.560402071185752,15.497,45
185378118,,,0.86,0.925597,5104.0,6.606934480075965,14.5035,45
220291003,,,1.25,0.910842,6333.0,2.5118864315095824,16.0104,45
264742893,,,0.52106,0.523781,3287.0,20.0,15.7945,45
427392887,,,0.67,1.33588,4272.0,8.975630102483422,13.6483,45
457230552,,,1.19,1.1843,6206.13,20.0,11.4738,45
200516522,,,0.481,1.1389,3542.0,9.34445465172801,14.6211,45
223794167,,,0.95,1.27225,5449.0,33.11311214825908,15.0043,45
332856256,,,0.646596,0.676437,3240.0,5.032588199482756,15.2237,45
220053269,,,0.502237,0.504246,3131.0,12.18405141395547,16.2364,45
119063255,,,0.61,1.00008,3945.0,25.703957827688647,16.4118,45
117216896,,,1.07,2.27255,5893.0,45.70881896148752,13.6499,45
138941042,,,0.564575,0.571948,3034.0,11.0,15.706,45
1447863188,,,1.09,1.30455,5961.0,33.11311214825908,14.8573,45
436153666,,,0.53,0.929526,3663.0,13.408700425544383,15.0039,45
276661380,,,0.617794,0.637661,3394.0,10.044072161936745,14.72,45
427379693,,,0.527345,0.530465,3243.0,7.320478823655241,16.3288,45
138828264,,,0.432237,0.436728,3096.0,20.0,17.0007,45
388935471,,,0.632998,0.657878,3292.0,6.082472496045607,15.2876,45
116204856,,,0.74,1.45033,4640.0,45.70881896148752,15.976,45
264743105,,,1.13,1.66944,6066.0,9.726759092765697,12.1805,45
427334023,,,0.43702,0.441137,3976.0,2.0,16.8944,45
276662664,,,0.611648,0.629665,3441.0,5.621064018784418,15.4084,45
464840604,,,0.637685,0.664228,3378.0,5.929649548547874,15.063,45
427393122,,,0.470043,0.472318,3305.0,9.333057659179396,16.7139,45
280223068,,,1.347,1.26522,6533.0,22.387211385683376,10.5106,45
427393334,,,0.657461,0.691539,4228.0,10.03855810833748,15.9749,45
220239361,,,0.7,1.39756,4440.0,2.5118864315095824,13.7264,45
138899047,,,0.64,1.23261,4059.0,13.480834942516587,13.3238,45
351724497,,,0.96,1.89693,5498.0,44.668359215096345,16.2986,45
11286997,,,0.630458,0.654459,3214.0,14.415382443634565,15.4326,45
178671746,,,0.761,0.76027,4742.0,34.673685045253166,14.7172,45
427454645,,,1.38,1.37488,6606.0,11.189034990481996,12.8494,45
116952667,,,0.89,0.767421,5225.0,40.7380277804113,15.5794,45
50523551,,,0.598557,0.612986,3227.0,8.26282823232425,15.299,45
436011596,,,0.375,1.1804,3359.0,13.326560116869045,14.579,45
50793006,,,0.506697,0.508812,3117.0,5.958507083819403,16.5853,45
436013470,,,0.502,0.986461,3585.0,7.697235581757557,14.7982,45
50658278,,,0.61,1.20457,3923.0,11.14857239415096,13.8225,45
138935957,,,0.487049,0.488969,3086.0,20.0,16.0891,45
138979896,,,0.574119,0.58315,3134.0,10.47657657354548,15.5741,45
264594459,,,0.467973,0.470321,3035.0,4.897788193684466,16.3141,45
427352593,,,0.61327,0.631765,3342.0,14.362106511669928,15.2797,45
451940100,,,1.32,1.98443,6472.0,6.918309709189363,15.6606,45
172865057,,,1.25,2.02661,6330.0,12.30268770812381,15.7476,45
427459748,0.010651073547438107,0.009955167313186143,0.61,1.13553,3927.0,8.238216971281528,14.8498,45
388917571,,,0.579617,0.589717,3031.0,6.1769820094897865,16.0382,45
72780679,,,0.85,0.932342,5085.0,4.897788193684466,13.5912,45
294125708,,,1.28,1.29788,6391.0,46.77351412871982,13.7139,45
220281462,,,0.62,1.33751,3964.0,2.5118864315095824,14.9075,45
427453806,,,0.69,1.03911,4404.0,13.705677471956736,13.1611,45
11291086,,,0.646376,0.676134,3200.0,8.552186102457764,15.2654,45
167787916,,,0.64,1.00358,4081.0,37.15352290971728,15.3792,45
388935851,,,0.634914,0.660467,2865.0,7.554880124480633,15.7388,45
178061502,,,1.35,1.46593,6541.0,23.442288153199225,15.2629,45
220055837,,,0.557912,0.564271,3450.0,7.0092316659351,16.3263,45
360062342,,,1.18,4.34835,6174.0,21.379620895022324,13.2664,45
427396761,,,0.639565,0.666789,3034.0,5.288239590717214,15.5471,45
427333938,0.012101615061370734,0.013174328132383319,0.89,1.8724,5216.0,9.476823083536935,15.7485,45
138858420,,,0.37065,0.38167,3202.0,4.897788193684466,16.5594,45
427459204,,,0.43,1.20503,3446.0,13.753457429091418,15.304,45
427352488,,,0.54,1.13896,3669.0,6.461228618528532,14.3603,45
459990274,,,1.243,1.48065,6314.73,9.81659470554885,9.8631,45
50656357,,,1.18,2.18198,6172.51,13.402051779311943,10.6763,45
11291223,,,0.381074,0.390815,3296.0,5.289262827804095,17.2943,45
200517241,,,0.584,1.14699,3818.0,10.701737523249486,14.1497,45
177271261,,,0.92,2.06306,5324.0,23.442288153199225,15.6173,45
6956228,,,1.33,4.28726,6494.0,28.183829312644548,14.8604,45
427351873,,,0.410419,0.416897,3092.0,6.0,16.6959,45
220073201,,,0.67,1.00218,4306.0,10.143928182882275,13.9233,45
427454041,,,1.12,1.16261,6041.0,10.111614845548432,13.3919,45
264680783,,,0.71,1.0878,4520.0,8.650044808310271,13.3195,45
269118314,,,0.641982,0.670094,3280.0,13.741752959205588,14.7276,45
457230918,,,0.49208,0.493986,3158.0,8.042797269807131,15.841,45
264594003,,,1.44,1.6438,6745.25,12.044419963976384,10.4744,45
427454651,,,1.22,1.58169,6261.0,8.28569470135857,14.1133,45
427352148,,,0.85,0.984979,5072.88,14.460865075745245,13.2254,45
427333919,,,0.64,1.15039,4094.0,12.59986102390213,14.8288,45
457249665,,,0.589925,0.602255,3296.0,13.019196534711384,15.7471,45
199820365,,,0.44351,0.447159,3305.0,11.921382954181103,17.1372,45
11355320,,,0.581119,0.591526,3359.0,4.897788193684466,15.8979,45
4255223,,,0.36,0.778162,3342.0,9.0,15.2601,45
177522597,,,1.17,2.31257,6161.0,23.442288153199225,15.3095,45
179330711,,,0.97,1.7478,5506.0,45.70881896148752,16.1407,45
11199799,,,0.387544,0.396518,3250.0,7.360727091192803,16.6504,45
220338329,,,0.51,1.10051,3596.0,2.5118864315095824,16.3477,45
201368955,,,0.62,1.14803,4001.0,11.46371068935662,14.2676,45
50619550,,,0.54,0.931806,3687.0,12.124656380048844,14.5687,45
50722701,,,0.413371,0.419556,3028.0,6.0,16.9687,45
427399227,,,0.53,0.919268,3661.0,5.938261128561587,14.5907,45
220066054,,,0.512785,0.515106,3037.0,11.31184198645498,16.0144,45
390868824,,,1.27,2.00845,6371.0,42.65795188015926,13.6624,45
427449677,,,0.538821,0.542897,3003.0,6.0,15.7398,45
220338377,,,0.5,1.00472,3580.0,2.5118864315095824,16.3193,45
231188707,,,0.94,1.06565,5422.0,2.5118864315095824,16.0869,45
359315307,,,0.49,0.914644,3558.0,7.585775750291836,16.0228,45
357274518,,,1.43,3.68965,6732.0,7.585775750291836,11.3786,45
118613223,,,1.21,1.62131,6237.0,29.51209226666384,15.4531,45
319363760,,,0.56,0.836964,3723.0,12.553980950160817,13.9106,45
1789791956,,,1.43,1.30845,6717.0,39.81071705534969,16.1144,45
436154696,,,0.650191,0.681411,3184.0,13.903921984687315,15.3949,45
457249873,,,0.256425,0.282183,2887.0,5.076511008202377,17.5145,45
427375867,,,0.84,1.02936,5043.0,8.031341184901063,13.1167,45
138936598,,,0.64504,0.674293,3410.0,10.63674675346522,14.7329,45
143077966,,,0.99,1.96017,5598.74,8.51138038202376,12.889,45
264593719,,,0.985,1.12173,5579.94,12.647156623490815,10.9735,45
174920109,,,1.22,1.66455,6261.0,39.81071705534969,14.6379,45
151455752,0.007832868067021465,0.007793100846874097,1.21,1.54926,6235.0,23.442288153199225,15.2693,45
360029677,,,0.654275,0.687089,3683.0,7.585775750291836,16.0542,45
50749408,,,0.542892,0.54738,3182.0,8.391163359260666,15.9043,45
50727203,,,1.22,1.70914,6262.0,10.125731948159642,13.5151,45
11299889,,,0.425076,0.43017,3217.0,6.0,16.5354,45
264620062,,,1.09,2.22137,5962.0,9.1602940369153,11.6864,45
220206700,,,1.29,1.379,6413.0,26.915348039269137,14.3311,45
264483440,,,0.372069,0.382913,2942.0,10.328572511006833,17.2299,45
433835664,,,0.89,1.3855,5232.0,21.379620895022324,15.7993,45
220075917,,,0.623207,0.64479,3164.0,12.700984861765535,15.5987,45
116465304,,,0.99,1.77729,5592.0,12.30268770812381,15.9228,45
4256147,,,0.63,1.18189,4009.0,14.308682865555443,13.4613,45
459991275,,,0.61,1.20819,3935.0,13.503109634419951,13.6315,45
264462172,,,0.487551,0.489468,2990.0,5.242648569077806,16.1507,45
459991249,,,1.04,1.27061,5790.0,9.627404003421052,10.3274,45
180520142,,,1.23,2.59359,6285.0,45.70881896148752,15.4671,45
175875749,,,1.15,1.84958,6107.0,38.01893963205613,15.7161,45
264462055,,,0.662443,0.698528,3063.0,10.144579177080022,15.829,45
432856010,,,0.96,1.32352,5483.0,20.417379446695275,15.6658,45
50744638,,,0.81,1.26709,4919.37,5.126442136498652,12.7583,45
231172622,,,1.09,1.03337,5968.0,2.5118864315095824,15.1421,45
200478060,,,0.571,0.977613,3771.0,10.28988145108705,14.383,45
449367407,,,0.486563,0.488487,3159.0,9.77837824906888,16.0673,45
181124877,,,1.47,2.21104,6823.0,38.01893963205613,15.5845,45
50661114,,,0.537726,0.541697,2981.0,9.092903643544735,16.2551,45
264680677,,,0.9,1.23203,5253.71,14.180550256453664,12.259,45
464839893,,,0.376937,0.38718,3198.0,10.509733964162985,16.6696,45
117965008,0.007799892162399121,0.00769951824265433,1.18,2.17384,6175.0,12.02264434617413,15.2216,45
276661727,,,0.522954,0.525786,2969.0,9.481521285816642,16.4448,45
44495852,,,0.579428,0.58949,3171.0,5.754399373371567,15.8051,45
1640400171,,,1.45,2.37476,6759.0,12.30268770812381,14.9096,45
50897712,,,0.629367,0.652996,3360.0,11.686501763992895,15.4665,45
61400372,,,0.367708,0.379099,3169.0,35.481338923357534,15.3132,45
43077274,,,0.477069,0.479143,3336.0,22.387211385683376,15.7881,45
200544609,,,1.05,1.37462,5818.93,10.577920806450162,13.3246,45
50747560,,,1.03,1.14808,5741.0,9.340417904098535,15.2645,45
1641309017,,,1.04,1.62062,5783.0,35.481338923357534,15.3425,45
388918185,,,0.521264,0.523997,2976.0,11.09510225507293,16.8838,45
50727176,,,0.50682,0.508938,3165.0,7.83811145269592,16.07,45
123462006,,,0.444808,0.448369,3320.0,35.481338923357534,16.0146,45
50790050,,,0.517217,0.519735,3072.0,11.849701894078615,16.4654,45
138905365,,,0.82,1.25886,4972.04,20.0,12.71,45
181841452,,,0.84,1.42201,5044.0,31.6227766016838,15.8917,45
42760589,,,1.136,1.15506,6074.0,22.387211385683376,11.4978,45
174910104,,,1.49,1.82314,6876.0,39.81071705534969,14.107,45
4293992,,,0.558706,0.565179,3228.0,11.154797755852426,15.4499,45
120544719,,,0.739,1.0448,4647.0,25.0,12.3803,45
1447441685,,,1.2,2.19042,6231.0,22.387211385683376,14.0375,45
231148328,,,0.65,0.606927,4181.0,2.5118864315095824,15.8606,45
177987916,,,0.918,0.810728,5326.0,34.673685045253166,13.9116,45
79693830,,,0.9,0.798523,5261.0,25.118864315095824,13.959,45
436245185,,,0.527101,0.530204,2964.0,8.008773444396454,16.311,45
427397170,0.0068620692471297795,0.006060748604514508,0.67,1.41598,4290.0,5.52144389045782,14.3452,45
111354805,,,1.33,1.53556,6497.0,7.413102413009177,14.5529,45
117208800,,,1.0,1.9646,5656.0,40.7380277804113,15.2051,45
264630673,,,0.61,1.16596,3904.88,6.868011765754139,13.6577,45
131284577,,,0.98,1.78171,5570.0,43.65158322401656,14.3803,45
89291139,,,0.813,1.39171,4943.0,12.943060466474574,9.87323,45
264484495,,,0.662328,0.698366,3581.0,12.195923900192806,14.652,45
179845938,0.006159061113811934,0.0054839970216066175,1.32,2.70227,6486.0,45.70881896148752,14.4286,45
35947556,,,0.763,0.992782,4748.0,22.387211385683376,12.8716,45
4206680,,,0.896,1.07679,5245.66,11.502875910975916,11.647,45
200526369,,,0.666,1.2743,4258.24,8.872632745168335,13.2801,45
50720923,,,0.630318,0.654271,3014.0,5.257128685634152,15.4504,45
424143903,,,0.93,1.59849,5355.0,21.379620895022324,15.2447,45
177522761,,,0.97,1.84117,5528.0,23.442288153199225,15.698,45
47244508,,,1.22,2.93507,6263.0,38.01893963205613,14.8397,45
50897612,,,0.7,1.3343,4451.0,14.212918957197576,13.2313,45
50793335,,,0.71,0.681443,4526.0,4.897788193684466,13.7428,45
144703575,,,0.73,1.28059,4626.0,10.680175302381564,12.9821,45
427334405,,,0.587439,0.599204,3072.0,9.742887304163531,15.8431,45
427454816,,,0.510312,0.512541,3196.0,13.571823461113071,16.1239,45
436248391,,,0.63,1.25782,4011.0,7.77999105902863,13.8627,45
264621423,,,1.17,2.81703,6145.0,9.128747103535328,11.7113,45
50659014,,,0.76,1.14618,4717.55,7.860060996550418,13.4272,45
427351463,,,0.95,1.73305,5444.0,4.897788193684466,11.6454,45
201369249,,,0.524654,0.527593,2987.0,11.59676800556091,16.254,45
432634537,,,1.09,1.32388,5948.0,47.863009232263806,14.2658,45
50747310,,,0.66,0.614685,4189.72,2.0,11.701,45
427454205,,,0.477125,0.479199,3411.0,12.75013766734385,14.6679,45
464838184,,,0.47358,0.475745,3115.0,9.839076798617544,16.5585,45
427376022,,,1.435,1.34877,6731.0,11.24076729370764,11.4166,45
220043457,,,0.7,1.2075,4451.0,9.878197639330612,13.8973,45
144666395,,,0.592197,0.60506,3236.0,14.0,15.6782,45
144696758,,,0.598779,0.613265,2967.0,5.0,16.0516,45
385880842,,,0.55,0.759124,3716.0,7.585775750291836,16.3957,45
167269493,,,0.94,1.737,5401.0,43.65158322401656,14.3134,45
397838505,,,0.95,1.77223,5437.0,44.668359215096345,16.014,45
264484195,,,0.421268,0.426704,3051.0,14.430240280818332,16.6267,45
50721532,,,0.472822,0.475009,3100.0,11.0813441470794,16.3618,45
200541789,,,0.62584,0.648285,3260.0,9.363175750125787,15.2181,45
231172818,,,0.84,0.94742,5047.0,2.5118864315095824,15.5005,45
11286122,0.03355636280139537,0.04939332995594211,0.417614,0.423389,3178.0,14.253138599346729,16.9504,45
50657270,,,1.07,2.0025,5909.5,8.387119472728992,11.3051,45
436153512,,,1.135,2.43185,6073.0,10.554946808104338,10.5206,45
388918110,,,0.78,1.21019,4829.0,6.042874009002851,14.2824,45
336884347,,,1.02,0.889283,5718.0,46.77351412871982,13.6921,45
231198194,,,0.54,1.0426,3671.0,2.5118864315095824,15.9348,45
50747551,,,0.546299,0.551163,3155.0,14.467012006114816,16.3103,45
11455419,,,0.644652,0.673759,3754.0,4.897788193684466,14.5387,45
413578393,,,1.35,2.15927,6534.0,15.13561248436207,14.9855,45
124193426,,,0.301236,0.321458,3135.0,25.0,16.7181,45
264742228,,,0.6,0.846085,3898.0,10.140772634551682,14.4476,45
11200963,,,1.24,1.41335,6310.18,12.957927672993632,12.2215,45
111075976,,,1.0,2.53205,5648.0,4.073802778041131,15.3913,45
427452368,,,0.586671,0.598265,3126.0,5.479156110573479,15.6978,45
427380414,,,0.562312,0.569328,3064.0,6.0,15.8943,45
19229534,,,0.76,1.39421,4745.0,21.87761623949552,14.2618,45
177130965,,,1.28,1.65842,6385.0,23.442288153199225,15.4945,45
427376939,,,0.44,1.20062,3473.0,7.647886181703617,14.6914,45
72917679,,,0.67,1.06935,4292.0,6.702951712300576,15.9417,45
388935568,,,0.522044,0.524822,2994.0,6.99862808315821,16.4366,45
50727236,,,0.52,0.958929,3622.0,8.713558550325121,15.0425,45
457250930,,,0.461238,0.463867,3041.0,9.85936309544698,16.3788,45
177276731,,,0.546323,0.551189,3404.0,35.481338923357534,14.9567,45
117597311,,,1.36,1.753,6571.0,29.51209226666384,14.7998,45
388850543,,,0.61,1.29764,3918.0,13.95150473883132,14.7136,45
427455769,,,0.501137,0.503126,3076.0,12.502656032832704,16.3279,45
427397292,,,0.659775,0.69478,3000.0,9.236954648026092,15.7287,45
427352724,,,1.29,1.88005,6405.0,5.864129980757963,14.7887,45
332927958,,,1.31,1.37689,6449.0,15.13561248436207,14.8748,45
11355167,,,0.487357,0.489276,3451.0,5.05173866872851,16.784,45
332856207,,,0.426465,0.431439,3030.0,13.49594009889934,16.2314,45
427352313,,,1.02,2.16825,5713.0,8.346201958731118,11.1917,45
11201992,,,0.81,1.05878,4915.0,12.704052775356612,12.9965,45
204252178,,,1.07,2.33266,5880.0,5.888436553555883,15.1424,45
185895470,,,1.0,1.60301,5626.0,29.51209226666384,15.8967,45
124326615,,,0.392212,0.400648,2931.0,25.0,16.8249,45
118374196,,,0.87,1.39222,5140.0,45.70881896148752,15.9199,45
201368834,,,0.61,1.05704,3925.0,7.150322581125481,14.6777,45
269118771,,,0.528534,0.53174,3093.0,14.075733367053958,15.3854,45
138904627,,,0.52,0.877149,3621.0,6.8435639815323,14.5873,45
50744193,,,1.174,1.1161,6164.28,5.0,11.0555,45
264459991,,,0.49,0.891767,3567.0,12.85087854799466,14.7093,45
276664132,,,1.19,3.73013,6199.0,6.933226088749455,10.7172,45
427379530,,,0.85,1.18346,5094.0,6.810795501829473,12.6955,45
427374410,,,0.647629,0.677863,3398.0,6.110498540643001,16.9597,45
264744173,,,0.528244,0.531428,3143.0,13.502328986938377,15.8697,45
427347718,,,0.320655,0.338276,3619.0,4.897788193684466,16.0274,45
201368269,,,0.391864,0.400339,3198.0,7.619563812007211,14.5413,45
50661048,,,1.13,1.17296,6060.0,8.279175361473499,11.7205,45
115499302,,,1.04,2.61682,5778.0,41.68693834703355,14.3989,45
53590060,,,0.343297,0.35787,3163.0,22.387211385683376,16.3457,45
138901588,,,0.514283,0.516666,3227.0,12.081990641348408,13.1292,45
264485395,0.0017656308154904645,0.00047942155170049085,1.41,1.72249,6675.0,12.157117234595823,11.2419,45
436153531,,,0.96,0.81156,5465.0,4.897788193684466,14.2869,45
1765365534,,,1.1,1.15696,5970.0,38.01893963205613,16.0837,45
388935443,,,0.98,1.40185,5555.0,7.327258093735222,12.9878,45
11290096,,,0.87,0.788898,5162.0,5.0,13.4603,45
118654656,,,0.475619,0.477729,3265.0,35.481338923357534,15.4926,45
50724982,,,0.623996,0.645835,3346.0,9.228281606232349,12.7237,45
220240687,,,0.9,0.984192,5260.0,2.5118864315095824,14.9771,45
294351045,,,1.27,1.32253,6370.93,46.77351412871982,13.6349,45
220053913,,,0.52524,0.528217,2898.0,6.0,16.7364,45
11406478,,,0.51,0.610152,3599.0,11.772216521453242,15.6726,45
427454528,,,0.594738,0.608213,3435.0,11.768176918377474,15.6487,45
50792880,,,0.468416,0.470748,3113.0,6.841739318089238,16.7772,45
11284637,,,0.453862,0.456867,3155.0,6.0,16.6134,45
436339014,,,0.406487,0.413367,2968.0,5.0,17.1097,45
43076203,,,0.896,1.01834,5242.56,22.387211385683376,12.1756,45
332918584,,,0.410871,0.417304,3243.0,8.85924871712103,16.6964,45
388917607,,,0.72,0.74623,4554.0,14.16653931623438,10.5999,45
50619789,,,0.594632,0.60808,3036.0,11.735650287387545,15.6941,45
368543414,,,0.36,1.0425,3336.0,7.585775750291836,15.531,45
11283382,0.00952803632922307,0.009792498945463985,0.66,1.02709,4197.0,6.9195884473905656,15.4548,45
220109113,,,1.16,1.12158,6125.0,32.35936569296281,16.3217,45
432438710,,,1.0,1.75749,5649.0,9.332543007969903,15.4783,45
50898878,,,0.69,1.18129,4390.0,13.008239130335424,13.0371,45
457231319,,,0.517544,0.520077,3101.0,9.166701564117655,16.688,45
162610595,,,1.27,1.98095,6375.0,38.904514499428046,14.7487,45
436157632,,,0.85,1.69322,5079.37,5.621384303448877,12.5271,45
143211414,,,0.62,1.35482,3985.0,15.488166189124827,15.9763,45
332856220,,,1.06,3.6831,5849.0,5.817567969575044,11.7094,45
178124674,,,1.33,1.298,6497.0,23.442288153199225,16.1101,45
36295145,,,0.433203,0.437616,3196.0,25.0,16.1173,45
177323551,,,1.07,0.980299,5909.0,34.673685045253166,13.0086,45
201369033,,,0.69,0.97703,4419.94,12.564359776088684,12.6507,45
427460117,,,0.62,1.16361,3982.0,5.150230212185001,14.7197,45
332974312,,,0.4,1.09608,3394.0,6.597607092088252,14.8581,45
50787499,,,0.630026,0.653879,3436.0,8.147712012147908,15.884,45
360061628,,,1.12,4.89584,6031.0,2.39883291901949,13.4775,45
225869331,,,1.01,1.51924,5697.0,6.606934480075965,14.6519,45
388935787,,,0.419532,0.425128,3206.0,7.685737580950075,17.1748,45
114752146,,,1.34,2.15133,6525.0,41.68693834703355,15.1548,45
1789349310,,,1.26,2.47191,6360.0,47.863009232263806,16.6758,45
119172294,,,0.386778,0.395842,3144.0,35.481338923357534,16.1148,45
217076625,0.006224823952573646,0.005616179502856935,1.45,3.42928,6777.0,35.481338923357534,14.5552,45
36296738,,,0.473747,0.475907,3477.0,34.673685045253166,16.7229,45
176411817,,,0.83,1.54602,4999.0,5.888436553555883,16.2457,45
388935016,,,0.467514,0.46988,3615.0,2.0,13.9706,45
427378972,,,0.62,1.2969,3981.0,14.7098210197592,13.3834,45
50745294,,,0.59113,0.603741,3055.0,10.624387481877694,15.575,45
186120802,,,1.22,1.57543,6266.0,47.863009232263806,14.5635,45
11283273,,,0.258314,0.283861,3431.0,12.242264241752528,17.6496,45
201369132,,,0.563182,0.570334,3184.0,14.893839877329087,15.7871,45
204558394,,,1.0,1.55044,5654.0,5.888436553555883,15.2284,45
177009995,,,0.61,0.980499,3944.0,7.762471166286912,16.8461,45
220322409,,,0.67,0.876091,4305.0,2.5118864315095824,15.2677,45
117081914,,,1.01,2.3415,5679.0,46.77351412871982,14.9285,45
11286530,,,1.09,1.06965,5958.0,10.519520668036154,13.8703,45
264540970,,,1.11,1.73306,6018.76,8.274935020836562,10.7554,45
4356204,,,1.07,2.15058,5905.0,10.300286103308348,11.6487,45
427350096,,,0.43,0.940995,3451.0,9.869323882402988,15.3189,45
102578979,,,1.22,1.77514,6257.0,34.673685045253166,13.5482,45
11200856,,,0.604832,0.62092,3133.0,14.791752949156914,15.9139,45
185198752,,,1.06,1.44003,5847.0,28.183829312644548,15.8938,45
436158833,,,0.86,1.51158,5104.0,13.402550832613812,13.0791,45
11198857,,,0.661908,0.697776,3275.0,8.638662603159231,15.107,45
264629583,,,0.49,1.04769,3559.0,5.585282434501987,14.3379,45
449426373,,,0.53971,0.543873,3236.0,13.275508824022838,15.636,45
358269040,,,1.21,1.22491,6245.0,26.915348039269137,15.0358,45
11288379,,,1.039,1.63388,5789.0,4.897788193684466,11.3143,45
72781594,,,0.64,0.974499,4106.0,8.507578640729808,14.0526,45
125642371,,,1.25,1.91291,6323.0,6.165950018614822,12.9878,45
436158826,,,1.06,2.02626,5860.0,6.231021442884996,14.3449,45
220044243,,,0.532757,0.536291,2876.0,10.091675014374363,17.0578,45
427458898,,,0.536007,0.539821,3297.0,9.73845564800416,16.3288,45
220111826,,,0.91,1.92111,5278.0,32.35936569296281,15.4909,45
343840795,,,0.499946,0.501916,3048.0,4.897788193684466,16.6311,45
459989613,,,0.574218,0.583268,3102.0,9.492675189090289,15.7739,45
180378144,,,0.504,0.779713,3590.0,21.87761623949552,16.1671,45
225693821,,,1.38,2.74478,6615.0,6.918309709189363,15.5357,45
264742565,,,0.419301,0.424918,2946.0,10.923534838659917,16.4572,45
200520436,,,0.567857,0.575773,3212.0,13.442990892880337,15.9772,45
177323377,,,1.47,2.22278,6813.0,47.863009232263806,13.6881,45
175438041,,,1.24,2.51305,6312.0,39.81071705534969,13.9831,45
50897449,,,0.553533,0.559288,3154.0,7.802278814779554,15.8741,45
264594603,,,0.44,1.04251,3461.0,12.328517150553722,14.8658,45
144697406,,,0.532625,0.536148,3164.0,14.0,16.0689,45
217822500,,,1.25,2.70508,6328.0,35.481338923357534,15.3378,45
138827071,,,0.649813,0.680886,3262.0,9.031462040611508,14.9447,45
220054036,,,0.57541,0.584685,3172.0,4.897788193684466,15.7498,45
34511504,,,0.43,0.87969,3442.0,12.395733200805056,15.2541,45
427374334,,,0.441412,0.445207,3353.0,5.877424502798827,13.6381,45
178160952,,,0.473729,0.47589,3603.0,34.673685045253166,16.0676,45
178370573,,,1.13,1.34715,6050.0,34.673685045253166,12.6473,45
119027220,,,1.04,1.17827,5779.0,11.748975549395302,15.6246,45
11296230,0.0038692492519175367,0.0023742360926404175,1.25,1.72008,6327.25,13.017641987250354,12.9484,45
52902024,,,0.329429,0.345866,3001.0,22.387211385683376,16.4346,45
204233165,,,0.95,2.03681,5462.0,20.417379446695275,15.6609,45
264462233,,,1.08,1.34177,5935.24,5.5613282266464825,11.3809,45
50625378,,,0.43,1.00813,3452.0,12.581670942456146,14.9001,45
138856173,,,0.50952,0.511722,3253.0,14.88374372653414,16.1089,45
436161206,,,0.512,0.891282,3608.0,10.18774029577572,15.3247,45
50527119,,,0.609868,0.627369,3384.0,9.354209652929498,14.5678,45
180066993,,,1.19,1.71688,6189.0,45.70881896148752,15.2128,45
4206677,,,0.5,0.870339,3576.0,9.786832654323216,14.6087,45
427353045,,,0.66,1.34423,4239.0,6.686088367987132,14.0109,45
264484097,,,0.50551,0.507594,3184.0,10.509687761233495,15.6624,45
42563110,0.0061965397663437255,0.0055671843637548225,0.49,0.925658,3569.0,22.387211385683376,14.516,45
17733010,,,0.77,0.778209,4780.0,21.87761623949552,15.2733,45
436101080,,,0.616267,0.635666,3669.0,12.589254117941662,16.2096,45
207045783,,,0.54,0.800884,3682.0,2.5118864315095824,16.2018,45
185153673,0.007163120450397206,0.006623053193586482,1.46,4.80762,6798.0,38.01893963205613,14.7653,45
1632826560,,,1.27,1.10178,6366.0,28.84031503126605,15.2714,45
20055211,,,0.96,1.87239,5469.0,21.87761623949552,13.0587,45
216749244,,,1.18,1.68574,6181.0,15.848931924611142,15.7278,45
50530921,,,0.634695,0.660171,3298.0,7.838698650824659,15.3497,45
186201100,,,0.94,2.1618,5396.0,20.417379446695275,14.4141,45
201368485,,,0.396837,0.404754,2898.0,12.66763205446024,17.3409,45
264681563,,,0.51881,0.521408,3210.0,8.19468244474754,16.1323,45
1667537087,,,0.59,0.674534,3821.0,21.87761623949552,16.0576,45
11196173,,,0.544761,0.549452,3328.0,9.484697280838704,15.3374,45
178381666,,,1.05,1.1082,5826.0,23.442288153199225,16.3048,45
264541829,,,0.525879,0.528899,3076.0,11.24504647024994,16.1856,45
200525929,,,0.622896,0.644378,3168.0,7.7764976977021885,15.4364,45
176421039,,,1.43,1.57012,6713.0,20.417379446695275,15.207,45
213956614,,,1.37,3.09077,6576.0,15.848931924611142,13.8027,45
427454415,,,0.341832,0.356601,3864.0,2.0,17.6317,45
264621151,,,1.21,1.38389,6238.36,10.849400516900651,11.572,45
11283951,,,0.95,0.797783,5436.0,10.68084366425817,17.6113,45
103854420,,,0.81,1.4616,4917.0,4.073802778041131,14.9221,45
1668148115,,,1.28,2.04382,6386.0,14.791083881682072,14.5598,45
11288075,,,1.36,1.20796,6569.0,4.897788193684466,11.7221,45
368949258,,,0.542,1.05402,3683.0,7.585775750291836,15.5855,45
264459485,,,0.510633,0.512873,3183.0,8.855062928195453,16.1042,45
427374253,,,0.49,1.13493,3551.0,9.870654070779567,15.0834,45
358003050,,,0.79,0.75501,4861.0,7.585775750291836,15.8054,45
264486274,,,0.498756,0.500709,3217.0,7.201765843670489,15.815,45
4295350,,,0.652774,0.684998,3418.0,5.280496503902591,14.7647,45
72210800,,,0.7,1.344,4458.0,8.51138038202376,15.6304,45
436334721,,,0.37023,0.381303,3189.0,5.0,17.2712,45
50788903,,,0.648341,0.678848,3152.0,5.648100981104676,15.2847,45
427349349,,,0.530568,0.533927,3132.0,5.857473652412111,16.1569,45
264542914,,,0.38894,0.397752,3072.0,10.057292829619284,16.7159,45
11199974,,,0.94,1.29423,5410.0,11.709717211410531,15.5009,45
427454945,,,0.96,0.820356,5474.0,8.358224028045118,12.2935,45
50586321,,,0.440536,0.444393,3229.0,14.965501412625631,13.7993,45
11296067,,,0.74,1.19625,4641.0,8.866319632427922,12.9275,45
299826655,,,1.0,1.23922,5633.0,42.65795188015926,16.0568,45
50897190,,,1.39,1.55741,6632.79,8.61870645274197,11.2851,45
294316248,,,1.35,1.30602,6529.04,46.77351412871982,13.2826,45
207045889,,,0.58,1.10362,3785.0,2.5118864315095824,15.3193,45
436248206,,,0.59,1.08822,3841.0,10.8710129203467,14.0669,45
37401842,,,1.46,1.41307,6794.0,22.387211385683376,9.86768,45
225648604,,,1.29,3.55358,6422.0,32.35936569296281,13.6308,45
184203871,,,1.13,4.71953,6048.0,15.13561248436207,12.4363,45
72779629,,,0.399759,0.407355,2952.0,10.896667895372577,16.3255,45
50726514,,,0.63,1.0976,4012.0,7.6818528777142845,14.7261,45
50897744,,,1.33,2.78572,6486.52,14.831439480156956,10.8642,45
220153129,,,1.25,1.21693,6321.0,32.35936569296281,15.506,45
11290799,,,0.6,1.12639,3893.0,9.43025998592816,14.2138,45
407411091,,,1.28,2.30337,6389.0,15.848931924611142,15.4391,45
200543053,,,0.44,1.07351,3465.0,9.966839147439057,14.939,45
11193950,,,0.539578,0.543727,3219.0,6.438936848855876,16.3715,45
264484338,,,1.0,1.47888,5629.8,8.725927012786151,10.9469,45
269117910,,,0.59,0.984658,3835.0,11.0,13.9604,45
11293083,,,0.99,1.14587,5590.0,12.699126650501636,12.1681,45
427392952,,,0.461746,0.464351,3019.0,13.175063727099946,17.1116,45
361443977,,,0.83,1.18908,5013.0,42.65795188015926,15.3158,45
201964304,,,0.83,1.314,5018.0,2.5118864315095824,14.6716,45
427399727,,,1.42,1.85081,6691.0,11.125756260736342,11.3348,45
44349434,,,1.33,4.83214,6502.0,14.791083881682072,13.2629,45
125636559,,,1.18,1.46173,6187.0,23.442288153199225,16.0381,45
427379622,,,0.4,1.00538,3402.0,12.56597058904633,15.2318,45
276663216,,,0.7,1.02433,4468.0,4.897788193684466,13.8631,45
435934719,,,1.059,1.32439,5857.58,5.377716875226372,11.8065,45
156286334,,,0.771,1.22576,4783.0,13.710204226948472,12.9816,45
388917580,,,0.483849,0.485802,3139.0,5.0224173024961285,16.4076,45
79872006,0.008731401053573527,0.008303985358282695,0.73,0.945724,4601.0,25.118864315095824,14.977,45
264630269,,,0.662537,0.698661,3367.0,7.716393745957197,14.8364,45
220067000,,,1.01,0.866747,5678.0,32.35936569296281,11.0223,45
200587836,,,1.29,1.19916,6419.0,4.897788193684466,13.1418,45
120013738,,,0.364388,0.376201,3183.0,35.481338923357534,16.3996,45
49014901,,,0.623,0.777924,3989.0,32.35936569296281,14.6763,45
427395900,,,0.6,1.12617,3862.0,8.790379822994101,14.0324,45
436098642,,,1.2,1.65971,6226.57,11.428432445517108,11.0587,45
50792444,,,0.500122,0.502094,3321.0,11.714466944194449,14.9165,45
432986626,,,0.95,1.13804,5461.0,30.90295432513592,15.9742,45
1650793861,,,1.36,2.74447,6553.0,15.13561248436207,14.9556,45
220066720,,,0.55,0.712134,3718.0,10.602958140027994,14.9859,45
11295596,,,0.44,0.897688,3470.0,14.616175088333508,14.9684,45
50621650,,,0.405434,0.412424,3081.0,11.291806455169198,16.1645,45
433155173,0.0084467909025197,0.00856279680693139,1.11,2.8178,6004.0,21.379620895022324,15.3784,45
427395833,,,0.71,1.06119,4526.0,8.44866960949263,14.3324,45
1765993404,,,1.02,1.15901,5737.0,38.01893963205613,15.4231,45
426553087,,,0.91,1.49744,5300.0,21.379620895022324,15.7995,45
436105741,,,0.431115,0.435696,2965.0,14.0,16.9016,45
1640382303,,,1.39,4.56294,6619.0,23.988329190194897,13.8189,45
388935454,,,0.586115,0.597586,3272.0,6.7013053641585145,15.4881,45
178163514,,,1.15,1.02904,6112.0,34.673685045253166,12.8558,45
264463478,,,0.56,1.16929,3726.0,13.31205436260798,13.9135,45
427353169,,,0.3269,0.343678,3299.0,14.646320008150212,17.1421,45
129336668,,,0.99,1.00229,5613.0,28.84031503126605,15.031,45
435932862,,,0.420522,0.426026,2981.0,14.0,16.6974,45
264739659,,,0.71,1.1764,4502.0,7.607535803219687,12.9996,45
264539441,,,0.410133,0.41664,3019.0,9.0,16.7385,45
432706622,,,1.42,1.81025,6702.0,20.417379446695275,13.3517,45
177123327,,,0.76,1.28898,4746.0,6.165950018614822,15.4328,45
180368885,,,1.02,2.68263,5711.0,38.01893963205613,15.6718,45
323349145,,,0.94,0.899585,5416.15,4.897788193684466,13.0292,45
264460758,,,0.516329,0.518804,3070.0,9.653038532380656,16.32,45
204553418,,,0.96,1.11621,5471.0,47.863009232263806,15.6682,45
432703207,,,1.47,2.30785,6829.0,21.379620895022324,15.5042,45
11199966,,,0.91,1.55093,5309.0,13.802102421662,16.1552,45
147706634,,,0.975,1.00308,5539.0,35.481338923357534,11.7444,45
427455773,,,0.56,1.02404,3728.0,8.014986250238003,14.1917,45
11197812,,,0.61047,0.628144,3264.0,9.608461742619935,15.6415,45
284997170,,,0.6,1.28477,3862.0,8.956378377358327,14.3457,45
281717570,,,1.25,1.76796,6335.0,36.3078054770101,13.5899,45
50620422,,,0.502709,0.504728,3062.0,11.567044939361454,16.3604,45
391274773,,,1.04,1.18363,5801.0,42.65795188015926,14.6821,45
276661883,,,0.535324,0.539076,3229.0,10.067098123709082,15.6531,45
332856993,,,0.58358,0.594502,3002.0,13.518776474398122,16.2067,45
231147354,,,0.65,1.23387,4182.0,2.5118864315095824,14.5786,45
53239690,,,1.47,1.50457,6807.0,47.863009232263806,14.7087,45
63723919,,,0.601876,0.617169,3368.0,23.988329190194897,16.8622,45
264541946,,,0.658145,0.692496,3994.0,32.35936569296281,12.6355,45
104751531,,,0.65,1.12846,4125.0,12.88249551693135,16.4666,45
204329833,,,0.98,1.52798,5558.0,19.952623149688787,15.6729,45
136939907,,,0.92,0.933316,5330.0,28.84031503126605,15.2126,45
111078427,,,1.37,2.32262,6577.0,4.073802778041131,15.5811,45
11284400,,,0.61,0.956073,3943.0,6.409252786888617,14.5332,45
264744326,,,0.616443,0.635895,3157.0,9.0,15.5103,45
50788483,0.013499683678897416,0.016742264899231554,0.493884,0.495794,3015.0,13.87780282396352,16.3126,45
427399713,,,0.583997,0.595008,3531.0,5.649271011376155,15.7094,45
264740091,,,0.495523,0.497443,3129.0,7.248307289137742,16.2011,45
449426600,,,0.58837,0.600344,3004.0,12.845102292131529,15.654,45
180148823,,,0.99,1.13117,5598.0,45.70881896148752,15.9635,45
203568560,0.01212767641093323,0.013887385894278495,0.94,1.37256,5414.0,38.01893963205613,15.9802,45
264740089,,,0.61989,0.640413,3196.0,6.851064048643351,16.0783,45
264684050,,,1.022,0.965929,5725.16,5.0,12.2179,45
459991800,,,0.182201,0.213188,3057.0,32.35936569296281,16.5379,45
72833644,,,1.369,1.35329,6580.0,32.35936569296281,9.00177,45
459990140,,,0.454358,0.457335,3451.0,11.191131357955475,15.8631,45
177926200,,,1.45,1.43898,6777.0,23.442288153199225,14.9582,45
125635921,,,1.09,1.25199,5959.0,23.442288153199225,15.8477,45
4355515,,,0.39,0.552401,3381.0,4.897788193684466,16.1851,45
427399404,,,0.573072,0.58191,3159.0,12.265859393791192,15.7721,45
4153638,,,0.601057,0.616134,3610.0,11.517494972166167,15.2245,45
177010470,,,0.61,1.26211,3949.0,7.762471166286912,16.3179,45
226005366,,,0.62,1.32937,3973.0,6.606934480075965,16.0028,45
118721526,,,0.65,0.93242,4151.0,22.387211385683376,12.6297,45
264739156,,,0.655114,0.688259,3286.0,8.18656145696191,15.0096,45
138828435,,,0.520825,0.523532,3241.0,6.708724948975632,16.0084,45
176800242,,,1.11,1.93466,6010.0,9.332543007969903,15.6039,45
119070612,,,0.59924,0.613845,3437.0,35.481338923357534,15.098,45
117596157,,,0.9,2.04166,5269.0,12.30268770812381,15.2031,45
427396083,,,0.64,0.574728,4094.0,2.0,14.1218,45
284913023,,,0.54668,0.551588,3522.0,4.897788193684466,16.2903,45
427400228,,,0.484516,0.48646,3313.0,13.87158244545447,16.4352,45
264543316,,,0.604755,0.620822,3422.0,9.541884092663004,15.0746,45
388935655,,,0.616745,0.636289,3241.0,8.883703210339924,17.0559,45
42646144,,,0.639317,0.66645,3487.0,22.387211385683376,14.7856,45
119449453,,,0.648,0.852915,4138.0,35.481338923357534,13.197,45
432985060,0.007768894396874401,0.007647086673028778,1.23,1.732,6297.0,47.863009232263806,15.204,45
276664235,,,0.68,1.33685,4369.0,8.53734845376066,13.3825,45
264541551,,,0.54,1.28767,3684.0,8.528951465893874,13.4626,45
220054142,,,0.644448,0.673479,3619.0,7.178222762608428,14.858,45
179606677,,,1.25,1.70376,6329.0,45.70881896148752,15.9782,45
427374695,,,0.562129,0.569117,3232.0,6.299634941220219,15.8089,45
120838102,,,0.995,0.974938,5618.0,35.481338923357534,11.674,45
432995135,,,0.87,1.68431,5138.0,47.863009232263806,15.7516,45
4205720,,,0.602829,0.618376,3247.0,7.549960900391015,15.3147,45
120447998,,,0.447458,0.450846,3214.0,35.481338923357534,15.943,45
220339814,,,0.54,1.26966,3670.0,2.5118864315095824,15.812,45
323418947,,,0.41,0.990612,3413.0,13.594841059695648,15.0315,45
11167221,,,0.65,1.24187,4125.0,6.67694895783542,14.673,45
179842868,,,0.98,1.83803,5541.0,45.70881896148752,15.4462,45
50661633,,,1.177,3.59053,6170.0,6.229681187559285,10.3997,45
427353271,,,0.61,1.11986,3935.0,13.730267854343165,13.9991,45
35241125,,,0.71,0.729641,4502.0,22.90867652767775,15.6542,45
391769460,,,1.42,1.76597,6698.0,42.65795188015926,15.5268,45
368950345,,,0.557,0.787474,3725.0,7.585775750291836,15.5954,45
426185196,,,0.604629,0.620662,3142.0,11.487146890008548,15.7131,45
50720444,,,0.503964,0.50601,3214.0,6.945408289476358,16.3944,45
427349892,,,0.568513,0.576541,3103.0,13.79897417325588,16.1311,45
204101614,,,1.29,2.79035,6422.0,32.35936569296281,13.1578,45
217087695,,,1.37,2.46265,6574.0,35.481338923357534,15.6227,45
115700429,,,1.2,1.96167,6214.0,41.68693834703355,15.1052,45
264462091,,,0.74,0.665075,4652.0,11.647026787782302,15.5116,45
435407052,,,1.45,1.86666,6776.0,15.848931924611142,14.9561,45
19236562,,,0.83,0.839963,4990.0,21.87761623949552,14.5759,45
144703735,,,0.638614,0.665492,3214.0,14.0,15.5182,45
436103309,,,0.526,0.764609,3642.0,8.117519866721619,15.0131,45
138904142,,,0.46,1.23536,3502.0,9.023729994243116,14.2373,45
148507157,,,0.415,0.571803,3424.0,35.481338923357534,15.132,45
204560604,,,1.32,1.50119,6483.0,5.888436553555883,14.8597,45
116321119,,,1.21,1.38173,6252.0,40.7380277804113,14.2392,45
390869143,,,0.72,1.32193,4559.0,16.98243652461746,15.4003,45
276663891,,,0.378619,0.388656,3067.0,13.498343923609692,17.3754,45
264631442,,,1.44,1.49461,6744.92,10.174958870774068,10.7306,45
336986483,0.011985863048746728,0.011982296561984138,0.85,1.36868,5087.0,46.77351412871982,15.2978,45
178436010,,,1.29,1.96306,6417.0,23.442288153199225,15.6039,45
220314285,,,0.8,1.04753,4890.0,2.5118864315095824,15.3396,45
287757960,,,0.514638,0.517037,3139.0,5.606178042870407,16.1439,45
427348826,,,0.567668,0.575552,3159.0,8.020749927844621,15.8552,45
360062818,,,1.14,1.97403,6085.0,2.39883291901949,15.2459,45
433152416,,,1.24,1.80312,6317.0,41.68693834703355,15.3026,45
144697308,,,0.58,1.18604,3813.0,13.270911908338803,14.1344,45
386394669,,,1.0,1.55342,5634.0,15.848931924611142,16.1518,45
120089368,,,0.440402,0.444269,3190.0,22.387211385683376,16.0197,45
214623648,,,1.2,3.3261,6211.0,35.481338923357534,14.5013,45
4207656,,,0.7,1.2963,4469.58,13.156664179089086,12.6734,45
427346771,,,0.612007,0.630129,3453.0,4.897788193684466,14.5654,45
427400212,,,0.56,1.25363,3732.0,10.630449321465411,13.8072,45
432867597,,,0.93,1.3781,5385.0,15.13561248436207,15.6117,45
117596710,,,1.21,2.89655,6234.0,41.68693834703355,14.7894,45
443767473,,,1.26,1.33955,6342.0,4.897788193684466,12.5019,45
435657374,,,1.02,1.84892,5703.0,20.417379446695275,14.5682,45
427395798,,,0.451048,0.454215,3938.0,4.897788193684466,16.5624,45
425961420,,,1.01,1.57876,5674.0,21.379620895022324,15.1361,45
427374671,,,0.566545,0.574241,3213.0,5.100425371408487,16.1123,45
383023018,0.029158338102519575,0.02881456962554807,0.528,1.10172,3645.0,21.87761623949552,15.2283,45
50658570,,,0.549714,0.554982,3244.0,8.243866231926567,15.8448,45
42434803,,,0.551,0.956044,3709.0,22.387211385683376,13.808,45
264460658,,,0.34,0.993748,3306.0,10.58277632854648,14.7873,45
427334069,,,0.5,1.22059,3571.0,13.401403224374963,14.1602,45
264462719,,,1.06,1.85841,5856.39,9.217470921047612,10.9984,45
264483905,,,0.485687,0.487619,3294.0,8.212876028387967,16.0196,45
1785610257,,,0.94,1.8873,5406.0,45.70881896148752,15.4272,45
4378583,,,0.473852,0.476009,3141.0,8.010572996494247,16.3972,45
50793867,,,0.76,1.09911,4731.88,8.17183832617389,12.8801,45
264458961,,,0.511302,0.513566,3029.0,4.897788193684466,15.8856,45
167825342,,,1.22,1.21815,6262.0,28.84031503126605,13.9831,45
4257091,,,0.653519,0.686035,3283.0,9.52962448838464,15.0519,45
50661431,,,0.649572,0.680553,3627.0,7.3125102378004,14.8855,45
50789077,,,0.483991,0.485942,3176.0,14.294599874883335,16.2213,45
332856265,,,0.539612,0.543764,3087.0,6.428220703631316,16.1264,45
53605561,,,0.377443,0.387624,3274.0,32.35936569296281,16.9474,45
4378526,,,0.606593,0.623168,3013.0,14.577581344101606,15.9153,45
385890896,,,0.549366,0.554592,3332.0,7.585775750291836,16.6017,45
50661095,,,0.39938,0.407017,3086.0,12.441235219284104,16.5538,45
50658241,,,0.511536,0.513809,3104.0,9.571383913211143,15.9352,45
4200214,,,0.56,0.921592,3741.0,5.392226101043015,14.2101,45
1650736910,,,1.01,1.33885,5664.0,20.417379446695275,15.4326,45
34366905,,,0.528564,0.531772,3015.0,4.897788193684466,16.4692,45
124015290,,,0.419325,0.424939,2968.0,25.0,16.8257,45
350309976,,,1.08,1.08457,5932.0,37.15352290971728,12.9469,45
332856945,,,0.246834,0.27362,3261.0,2.0,17.2803,45
50749394,,,0.607427,0.624235,3116.0,10.246687346812408,15.2367,45
50530981,,,0.643302,0.671903,3262.0,8.435140467633769,15.0709,45
200540720,,,0.627018,0.649855,3403.0,9.31237756289746,15.295,45
427352609,,,0.498965,0.500921,3113.0,13.829094044439938,16.8553,45
435934543,,,0.66,1.06854,4251.0,11.18764597963786,13.8693,45
383023428,,,0.58,1.14291,3791.0,21.87761623949552,14.9152,45
173289505,,,0.63,0.760732,4006.0,21.87761623949552,16.5989,45
427457335,,,0.418085,0.423816,2874.0,7.428041090640329,17.1866,45
436153907,,,0.86,1.4606,5107.57,7.36507651313048,12.2951,45
436011155,,,0.5,1.05475,3584.0,9.435669423462912,14.9469,45
220049915,,,0.51,0.870424,3606.0,9.16146554088832,15.1951,45
138941504,,,0.545497,0.550269,3227.0,14.762152002398508,15.6397,45
53900835,,,0.81,1.29603,4933.0,25.118864315095824,14.0547,45
50657928,,,0.89,1.30768,5229.0,9.380371998855786,12.6351,45
391384287,0.008280654579036062,0.006679108455378008,1.32,1.50703,6471.0,42.65795188015926,13.4924,45
264741970,,,0.533101,0.536663,3120.0,4.897788193684466,16.1698,45
204560350,,,1.28,1.81227,6385.0,14.791083881682072,15.4047,45
119628157,,,0.76,0.915839,4748.0,34.673685045253166,13.4486,45
427454302,,,0.9,1.8974,5249.0,8.537817323318485,14.5153,45
264679803,,,0.568607,0.576651,3298.0,13.209149186338433,15.5956,45
229278423,,,1.3,3.2828,6430.0,35.481338923357534,15.2435,45
457250262,,,0.529972,0.533284,3153.0,11.06824912820333,15.9659,45
427373611,,,0.89,0.955192,5220.0,14.62074994830022,14.9439,45
332918932,,,0.8,0.945338,4887.0,5.852068835650018,14.5196,45
220140071,,,1.39,1.59162,6636.0,32.35936569296281,15.6038,45
43082645,,,0.478741,0.480779,3301.0,22.387211385683376,15.4301,45
50525097,,,0.744,1.03776,4670.0,5.573372872694684,12.6166,45
427376694,,,0.550251,0.555586,3112.0,12.10578106585455,16.225,45
229288364,,,0.46,0.972127,3498.0,2.5118864315095824,15.924,45
11360076,,,0.56,1.19778,3740.0,14.895687997632308,14.9299,45
50659900,,,0.496732,0.498662,3028.0,12.57479696855576,16.1084,45
36298376,,,1.2,1.39982,6228.0,36.3078054770101,13.9577,45
50795613,,,0.63,0.940962,4043.0,10.025402774487706,14.5088,45
1640439647,,,1.02,1.15116,5708.0,15.13561248436207,15.6003,45
756115554,,,0.88,1.21615,5176.0,36.3078054770101,15.1538,45
433171631,,,1.05,1.2535,5817.0,20.417379446695275,15.7706,45
72488363,,,0.98,1.96738,5561.0,8.51138038202376,15.3161,45
19426445,0.011326132631322062,0.012520230308094824,0.58,0.86821,3812.0,21.87761623949552,15.8208,45
264740074,,,0.7,1.05464,4443.42,8.533519949232419,13.1233,45
185442910,,,1.39,1.54744,6626.0,15.13561248436207,14.5152,45
378430236,,,1.17,1.88799,6163.0,20.417379446695275,13.998,45
50587519,,,0.61,1.00391,3918.0,6.0,14.3306,45
427393145,,,0.48,0.729284,3539.0,14.940559225018305,15.3849,45
427374419,,,0.580238,0.590464,3260.0,9.902897151420683,15.7264,45
50793035,,,0.618074,0.638028,2919.0,7.6882195739633294,16.1714,45
115374027,,,1.3,1.27385,6439.0,12.30268770812381,14.7415,45
50748251,,,0.616376,0.635808,3289.0,10.914013666511984,15.152,45
177986901,,,1.11,0.93071,6011.0,23.442288153199225,16.7463,45
264740716,,,1.3,2.53466,6435.0,6.678775844804131,10.2438,45
50791220,,,0.65,1.03242,4184.0,14.235515176110392,14.9863,45
436243739,,,1.1,1.91566,5970.83,14.422563386389353,12.2122,45
1650802254,,,1.45,1.93385,6781.0,9.332543007969903,15.4566,45
119063643,,,0.607224,0.623975,3628.0,34.673685045253166,15.5936,45
225648651,,,0.92,1.63421,5333.0,32.35936569296281,15.5329,45
138941496,,,0.374034,0.384633,2852.0,9.0,16.7961,45
1631552717,,,1.03,2.46471,5746.0,36.3078054770101,15.506,45
179331491,,,0.98,2.33605,5562.0,18.197008586099827,15.7344,45
264541111,,,1.28,1.4579,6383.37,13.755495018438952,13.0805,45
43239691,,,1.03,1.49113,5758.0,22.387211385683376,10.9763,45
50897806,,,0.623427,0.645081,3308.0,6.0,15.13,45
336985647,,,1.04,1.40199,5803.9,46.77351412871982,13.3694,45
119548609,,,0.91,0.840479,5301.0,11.748975549395302,15.8741,45
436103626,,,0.423078,0.42835,3085.0,5.640919503086975,13.7594,45
177323814,,,1.42,1.39298,6707.0,23.442288153199225,15.5451,45
11290836,,,1.38,1.82233,6597.47,13.888315043347118,12.9938,45
423805533,,,1.15,1.7623,6102.0,21.379620895022324,13.7313,45
436248265,,,0.61,1.25126,3924.0,8.575785417430662,13.8926,45
264744743,,,1.13,2.44208,6063.99,8.025406757202994,12.6252,45
204251138,,,0.97,1.33463,5534.0,5.888436553555883,15.4056,45
264461740,,,1.193,1.24902,6205.63,12.565420712240709,10.2221,45
427458493,,,0.61766,0.637486,3107.0,6.477237875567856,15.287,45
427395802,,,0.71,0.822019,4522.0,11.880774491236014,14.9407,45
264484543,,,0.595938,0.609709,3254.0,7.320502749646841,15.6025,45
457230737,,,0.55,0.859356,3700.0,11.475945504939064,14.4546,45
436014348,,,0.512183,0.514481,2955.0,6.29440679717513,17.0761,45
264686949,,,0.463136,0.465679,3205.0,14.832912496314105,16.3449,45
264593239,,,0.56,1.05797,3745.0,4.897788193684466,14.0522,45
229301199,,,1.3,2.12119,6425.0,32.35936569296281,14.7001,45
332734744,,,1.39,2.39313,6636.0,14.45439770745928,15.2128,45
178257494,0.013858514177952967,0.015764428093929795,0.9,1.36123,5251.0,23.442288153199225,15.9509,45
105087002,,,1.12,1.94052,6042.0,33.11311214825908,14.301,45
144545347,,,0.412115,0.418424,3172.0,22.387211385683376,16.105,45
427459858,,,0.71,1.24372,4522.0,9.958970662960809,13.1694,45
427347502,,,0.53366,0.537269,3299.0,12.335429822457998,16.1882,45
395472831,,,1.09,3.00367,5953.0,19.952623149688787,13.8454,45
50749713,,,1.0,1.7067,5657.0,10.113282896772809,13.4308,45
177441801,,,1.49,1.39171,6873.0,34.673685045253166,11.4758,45
220270040,,,1.05,1.65655,5836.0,32.35936569296281,15.6481,45
202181083,,,1.13,1.10077,6056.0,2.5118864315095824,15.5118,45
220075767,,,1.01,1.45521,5667.42,11.48342287615901,12.607,45
50524179,,,0.61,1.01521,3922.0,14.555847563958878,13.9005,45
42884424,,,0.627381,0.65034,3594.0,22.387211385683376,14.6284,45
427353161,,,0.402142,0.40948,3258.0,10.542625919198748,17.1334,45
178570245,,,0.76,0.692987,4749.0,34.673685045253166,14.9256,45
177447142,,,0.75,0.772357,4699.0,34.673685045253166,14.641,45
398110681,,,1.2,1.37679,6227.0,21.87761623949552,12.4409,45
427333791,,,0.85,1.24668,5074.0,6.549622960326288,13.3704,45
436157429,,,0.576612,0.586118,3169.0,12.35502709842465,15.9136,45
50524441,,,0.53,1.00201,3646.0,6.192695033145858,14.4496,45
264485748,,,0.34,1.00922,3301.0,10.913783688657114,15.3085,45
332856753,,,0.462505,0.465076,3046.0,7.773476634059067,16.7528,45
427395623,0.012234004492107285,0.013534571415223922,0.188914,0.219758,3569.0,7.326661316013161,15.8245,45
50585977,,,0.603326,0.619007,3084.0,9.791612571578309,15.3669,45
50787529,,,0.74,1.17662,4637.43,7.259380123857015,13.1357,45
264486172,,,0.41,0.922681,3409.0,13.124118071384675,14.7142,45
427374658,,,0.544231,0.548863,3225.0,12.929211902874728,16.0124,45
118128148,,,1.31,2.03264,6459.0,45.70881896148752,14.3093,45
50660284,,,0.64,1.10565,4069.0,11.226043715974146,13.4839,45
323418810,,,0.51,0.904597,3600.0,11.506175180436564,15.0306,45
264739956,,,0.515284,0.517711,3063.0,6.611486741779677,16.3078,45
18895802,,,0.645262,0.674598,3690.0,37.15352290971728,15.609,45
264484173,,,0.337466,0.35282,3038.0,12.074812545783896,17.2267,45
78444631,,,0.498471,0.50042,3309.0,32.35936569296281,16.1003,45
177131603,,,1.4,1.5007,6645.0,23.442288153199225,15.0975,45
264484107,,,0.36,1.00653,3335.0,6.260484083252361,14.7046,45
427452163,,,0.625882,0.648341,3034.0,5.2635271385532825,15.1328,45
427374799,,,0.48,0.898926,3545.0,6.0,15.063,45
11296550,,,0.591537,0.604243,3075.0,6.0,15.8436,45
50744192,,,0.632447,0.657135,2970.0,14.387679583789383,15.5813,45
356571973,,,0.49479,0.496705,3429.0,7.585775750291836,16.1164,45
177015121,,,0.91,1.51989,5287.0,23.442288153199225,16.2078,45
332856306,,,1.06,0.949033,5858.0,2.0,12.3291,45
264620168,0.003815512129500892,0.0012872243770864138,1.1,1.41237,5971.71,8.380757066631265,11.7042,45
125342725,,,1.29,2.79193,6413.0,23.442288153199225,14.3539,45
433485021,,,1.05,1.51385,5829.0,47.863009232263806,14.4077,45
427373536,,,0.605555,0.621842,3309.0,7.092024622745782,15.4508,45
50619845,,,0.533212,0.536783,3226.0,11.801064460040797,15.6685,45
177127255,,,0.7,1.22409,4476.0,6.165950018614822,15.8973,45
11195796,,,0.52,1.09414,3621.24,9.29285889358033,14.671,45
72488543,,,0.94,0.885466,5405.0,8.51138038202376,15.3704,45
4379940,,,0.476208,0.478303,3102.0,13.389214807431989,16.2757,45
220322691,,,0.56,0.846497,3746.0,2.5118864315095824,16.1716,45
183433317,,,1.06,3.83778,5848.0,38.01893963205613,15.3466,45
284200541,,,0.619541,0.639953,3231.0,9.98819040288843,15.4467,45
177726151,,,0.685,0.664414,4379.0,34.673685045253166,15.363,45
115699534,,,1.01,1.81496,5674.0,41.68693834703355,15.6901,45
50590070,,,1.12,1.8175,6025.49,6.8839633246199945,10.9977,45
244598008,,,0.98,2.32869,5546.0,23.988329190194897,14.2673,45
50720342,,,0.424112,0.429291,3046.0,9.362366724134851,16.337,45
50744347,,,0.50298,0.505005,3047.0,7.0,16.803,45
144703272,,,0.518068,0.520627,3013.0,14.0,16.6146,45
231174695,,,0.647524,0.677719,3874.0,2.5118864315095824,16.5122,45
50792232,,,0.477114,0.479187,2908.0,14.619291674036166,17.0276,45
124333420,,,1.1,3.16257,5980.0,15.848931924611142,12.452,45
120745936,,,0.761,0.712127,4743.0,34.673685045253166,14.6703,45
118225403,,,0.88,1.4661,5173.0,40.7380277804113,15.4594,45
180523160,,,0.98,2.60372,5571.0,31.6227766016838,15.4639,45
433129968,,,0.81,1.08995,4928.0,13.80384264602884,16.0645,45
231199771,,,1.36,1.62063,6565.0,2.5118864315095824,13.8069,45
151459737,,,1.08,2.04309,5924.0,23.442288153199225,14.9077,45
151457510,0.008165112542358409,0.007477223780385406,1.35,2.07532,6547.0,23.442288153199225,14.6862,45
34471926,,,0.524607,0.527543,2901.0,6.0,16.3249,45
264683054,,,0.51677,0.519266,3153.0,8.304969703667119,16.0262,45
264487339,,,0.510917,0.513167,3157.0,11.167389763989256,15.8277,45
177073478,,,0.783,0.807482,4829.0,34.673685045253166,13.7357,45
120672800,,,0.458,0.992561,3497.0,22.387211385683376,13.7956,45
264743399,,,0.558976,0.565489,3128.0,5.0,16.1175,45
182328113,,,0.94,1.49362,5389.0,34.673685045253166,16.0135,45
50793855,,,1.11,1.79678,6022.0,10.191370573025008,13.1242,45
11286600,,,0.535968,0.539778,3620.0,14.163625050448536,14.7564,45
4158986,,,0.54644,0.55132,3241.0,6.711235175116271,15.7598,45
427393047,,,0.632255,0.656876,3233.0,5.313103209607341,15.4545,45
144733758,,,0.55158,0.557082,3058.0,4.897788193684466,16.4725,45
50624699,,,0.379725,0.389629,3438.0,10.172505661074414,15.4751,45
427350681,,,0.48,0.953016,3538.0,14.572077327764369,14.6205,45
199758196,,,0.92,0.866377,5346.0,12.798047203590585,15.8909,45
427450550,0.003959625734477357,0.001293284810199022,1.28,1.29873,6402.0,7.553024329955754,11.6355,45
50794743,,,0.550655,0.55604,3171.0,8.817829941561978,15.7074,45
19583242,,,0.533872,0.537499,3683.0,21.87761623949552,16.1827,45
138899464,,,0.478315,0.480362,3061.0,4.897788193684466,16.4281,45
354340066,,,0.96,1.0312,5469.0,7.585775750291836,14.8751,45
464837534,,,0.657821,0.692043,3085.0,9.403516717967127,15.4622,45
72168321,,,1.14,1.14769,6076.0,16.218100973589298,13.2029,45
415588731,,,0.84,0.976546,5030.0,46.77351412871982,14.8576,45
4205958,,,0.609894,0.627403,3310.0,10.07221023949248,15.0204,45
1650812776,,,1.03,2.19295,5749.0,5.888436553555883,15.3863,45
36549245,,,0.87,1.08731,5165.0,36.3078054770101,15.6914,45
116201473,,,1.13,2.60576,6050.0,38.904514499428046,13.843,45
11290980,,,0.42,0.807122,3429.0,8.803657896182813,15.0343,45
427392867,,,0.632684,0.657454,3130.0,6.982397196799858,15.7852,45
276661264,,,0.53,1.15734,3648.0,13.414359242450471,14.1334,45
229302842,,,1.28,3.52353,6390.0,32.35936569296281,15.0128,45
4378551,,,0.564155,0.571461,3305.0,12.328078814508569,15.31,45
145272469,,,1.0,1.71303,5652.0,38.904514499428046,16.3848,45
427352896,,,0.667429,0.705556,4312.0,4.897788193684466,15.5402,45
464838193,,,0.62,1.23516,3969.0,12.37478469897745,13.0148,45
147702359,,,1.28,1.22419,6383.0,34.673685045253166,12.4661,45
436013374,,,0.487,1.16679,3554.0,10.05722541213787,14.2829,45
53414083,,,0.457055,0.459888,3150.0,25.0,15.6678,45
178055371,,,0.97,0.817347,5530.0,34.673685045253166,13.7759,45
220062795,,,0.576455,0.585931,3062.0,6.983008088547972,16.2266,45
119072843,,,0.63,1.09778,4038.0,11.748975549395302,15.8162,45
427349422,,,0.74,1.20827,4638.0,5.460734600067613,12.3712,45
11199531,,,0.527116,0.53022,3176.0,14.608908165329751,16.2874,45
427393564,,,0.297712,0.318398,3234.0,7.709607749894197,14.73,45
138904158,,,0.60043,0.615343,3247.0,5.183573168719389,15.3073,45
50745204,,,0.7,1.17739,4487.0,8.987585431209949,14.2688,45
50749506,,,1.41,1.46561,6673.58,10.261552728045732,11.8522,45
11296343,,,0.5,1.01402,3582.0,4.897788193684466,14.9396,45
427456548,,,0.458122,0.460901,3557.0,4.897788193684466,16.3214,45
36547967,,,0.514302,0.516686,3302.0,22.387211385683376,15.5698,45
436156585,,,0.543213,0.547736,3051.0,5.0,16.8137,45
167788189,,,0.88,1.33254,5188.0,21.87761623949552,13.7654,45
264744752,,,1.44,2.23555,6741.0,12.599291046388949,11.0639,45
50721508,,,0.52817,0.531349,3104.0,6.8955001307448125,15.9465,45
50726906,,,0.573963,0.582965,3272.0,6.0,15.618,45
388935392,,,0.63,1.21206,4017.0,14.655500574508135,13.6831,45
42888763,,,0.521581,0.524332,3281.0,22.387211385683376,15.7258,45
50583233,,,0.619623,0.640061,3311.0,9.59955340211878,15.4819,45
120671954,,,0.413296,0.419488,3168.0,35.481338923357534,16.3817,45
284201369,,,0.36,1.1693,3338.0,7.053438963230833,14.697,45
179339427,,,1.38,2.004,6595.0,26.915348039269137,14.5464,45
50662952,,,1.16,2.99316,6137.84,13.94167662515117,11.7593,45
1650980392,0.016195734093666547,0.018319662667640162,1.26,1.64653,6358.0,40.7380277804113,15.9258,45
433016566,,,0.96,1.10211,5465.0,15.13561248436207,15.4292,45
427379939,,,1.37,1.59308,6583.89,8.07150688051314,11.2301,45
427454718,,,0.622871,0.644345,3311.0,10.600506927813829,15.2755,45
118497112,,,0.91,1.73179,5294.0,7.585775750291836,14.845,45
200525436,,,0.43,1.07156,3441.0,13.510419585817472,15.1938,45
120617298,,,0.544058,0.548671,3240.0,22.387211385683376,15.3259,45
388850442,,,0.649353,0.680248,3411.0,9.776046095562805,14.2348,45
427393034,,,0.91,1.72106,5292.0,5.607389239145537,11.933,45
179844868,,,1.08,2.37396,5929.0,45.70881896148752,14.9166,45
388851123,,,0.88,1.13737,5176.0,10.003704654167098,14.0776,45
119848775,,,0.95,1.25451,5447.0,11.748975549395302,14.7089,45
163309593,,,1.23,1.837,6281.0,38.904514499428046,15.0939,45
360648444,,,1.46,1.73681,6791.0,20.417379446695275,13.5063,45
207045144,,,0.9,1.7362,5261.0,2.5118864315095824,12.9418,45
251289187,,,0.76,1.24598,4754.0,22.387211385683376,12.2743,45
117340793,,,1.06,1.82646,5867.0,38.904514499428046,15.0943,45
388917945,,,0.61,1.13453,3949.0,9.729507744842106,13.9481,45
35581547,,,1.08,2.76924,5928.0,22.90867652767775,13.8362,45
398062546,,,0.96,1.11211,5469.0,21.87761623949552,14.0321,45
264485686,,,0.511267,0.51353,2968.0,6.9058654520018194,16.4724,45
104398773,,,0.79,1.24433,4845.0,33.11311214825908,16.2234,45
50722452,,,0.613108,0.631556,2937.0,7.834948362777981,16.309,45
201369021,,,0.94,2.03127,5424.17,9.604026919349607,13.1691,45
309795714,,,0.575,1.18892,3783.0,7.591456100233581,14.1278,45
50792251,0.009108003857070366,0.008961012966364847,0.656321,0.689945,3243.0,11.168773624918243,15.2011,45
385358822,,,0.659532,0.69444,3211.0,7.585775750291836,15.8917,45
50721548,,,0.43,0.902099,3445.0,12.70539593195293,15.8647,45
276661633,,,0.59,1.10144,3843.13,11.55663760173771,14.447,45
50789569,,,0.94,1.05322,5405.0,9.476960138138717,15.2,45
182433813,,,1.16,2.38088,6121.0,38.01893963205613,15.707,45
368949266,,,0.652,1.31078,4165.0,7.585775750291836,14.3177,45
1630599902,,,0.96,1.57238,5474.0,36.3078054770101,15.8033,45
353403248,,,0.479526,0.481548,3593.0,7.585775750291836,16.7832,45
50743487,,,0.60625,0.622729,3744.0,12.1661442264765,15.6448,45
427395617,,,0.88,1.05097,5171.0,14.307308372107869,14.5158,45
391766535,,,1.04,1.07509,5782.0,42.65795188015926,15.0474,45
323348668,,,1.228,1.77718,6282.9,10.270085430880922,10.9016,45
50898163,,,0.5,0.89292,3591.0,13.35973212434585,15.0502,45
102695923,,,1.06,1.19104,5853.0,33.11311214825908,14.5461,45
338517315,0.0035696417881494655,0.0016944714074732525,1.12,1.47039,6045.0,21.87761623949552,12.4215,45
220338160,,,1.46,1.35604,6805.0,2.5118864315095824,14.0046,45
388917577,,,0.8,1.15541,4912.0,7.561584710758099,13.9355,45
427393291,,,0.667899,0.706219,3556.0,13.393542091515563,14.8072,45
177410808,,,1.48,1.90632,6845.0,47.863009232263806,14.2781,45
229232211,,,0.7,0.574512,4476.45,46.77351412871982,16.2561,45
427455133,,,0.48624,0.488167,3526.0,10.108756207665932,14.3368,45
432676850,,,0.89,1.45823,5212.0,41.68693834703355,15.8811,45
217834237,,,1.28,2.50257,6401.0,35.481338923357534,15.627,45
200592306,,,0.586001,0.597447,2993.0,12.08670584987454,16.1508,45
427395805,,,0.7,0.920316,4481.0,12.185435438156864,14.9612,45
231199224,,,0.73,0.738484,4612.0,2.5118864315095824,16.1011,45
115501995,,,0.98,1.78798,5579.0,41.68693834703355,15.5384,45
332861424,,,0.449807,0.453049,3428.0,8.723815900244215,14.5704,45
1649939818,,,0.91,1.59155,5285.0,41.68693834703355,15.8072,45
332918675,,,0.386683,0.395758,3043.0,4.897788193684466,16.4281,45
427453592,,,0.33787,0.35317,3384.0,2.0,14.2022,45
427396017,,,0.76,1.18203,4726.0,7.611841536253791,14.8659,45
11197096,,,0.625579,0.647938,3290.0,11.604881560828892,15.1751,45
427374519,,,0.530216,0.533547,3829.0,5.582942622053282,16.3011,45
449312411,,,0.466161,0.468579,3078.0,9.0,16.4557,45
116468013,0.012743675323212779,0.014672014641246749,0.9,1.76689,5275.0,36.3078054770101,16.0039,45
50748060,,,0.615756,0.634998,3090.0,5.939948848867282,15.4314,45
359317945,,,0.590437,0.602885,3245.0,7.585775750291836,15.6962,45
276664256,,,0.546436,0.551316,3192.0,14.48020585429854,15.8002,45
50588978,,,0.518244,0.520812,3234.0,11.932908523337137,16.1701,45
220141354,0.01126552818995921,0.01057471741657433,1.45,1.72494,6775.0,32.35936569296281,14.8821,45
361311882,,,0.524524,0.527455,3113.0,33.88441561392027,15.0035,45
229358804,0.006196285012511643,0.005775504918445562,0.9,1.26348,5248.0,32.35936569296281,14.8287,45
433147035,,,1.12,3.5893,6028.0,30.90295432513592,14.5919,45
434041259,,,0.81,1.49225,4948.0,21.379620895022324,16.0977,45
50795218,,,0.59065,0.603149,3240.0,11.128173440530688,15.8676,45
278846458,,,0.542863,0.547348,3129.0,7.585775750291836,16.8887,45
166922479,,,1.03,1.2998,5771.97,46.77351412871982,13.32,45
337087106,,,0.92,0.991909,5317.0,46.77351412871982,15.9688,45
4294297,,,0.46,1.19095,3506.0,14.89808408768238,14.6408,45
220338832,,,0.63,1.12744,4015.0,2.5118864315095824,16.1278,45
53900359,,,0.76,1.14606,4755.0,25.118864315095824,14.493,45
220314651,,,0.98,1.04346,5563.0,2.5118864315095824,14.8635,45
264621727,,,0.311294,0.330175,3090.0,6.211463033668535,17.7981,45
203850820,,,1.35,2.0106,6545.0,38.904514499428046,14.5888,45
264542620,,,0.58,0.931123,3819.0,13.937593846945152,14.1916,45
264484884,,,0.81,1.41361,4938.0,14.301216194442546,12.3111,45
436153932,,,1.22,2.96074,6261.84,9.71477927353728,11.9015,45
47363263,,,0.664537,0.701477,3623.0,21.87761623949552,15.6419,45
177411389,,,0.95,1.2571,5461.0,47.863009232263806,16.0188,45
50620064,,,0.69,1.22181,4428.0,8.257848044046177,13.1526,45
204041036,,,0.92,1.9909,5317.0,32.35936569296281,15.6766,45
11290928,,,0.54,1.17486,3687.0,6.034245480795828,14.6233,45
217821172,,,1.41,2.44939,6678.0,35.481338923357534,15.9407,45
427380155,,,0.667124,0.705126,3191.0,8.129624842995465,15.1551,45
177324492,,,0.9,1.41502,5258.0,23.442288153199225,16.2491,45
220066413,,,0.42378,0.428989,2932.0,9.0,16.9704,45
11355401,,,0.646568,0.676398,3801.0,13.521490593407018,15.563,45
72882348,,,0.470283,0.47255,2987.0,5.0,16.7126,45
282907996,,,0.643251,0.671834,3546.0,25.0,14.334,45
427452123,,,0.39,1.14149,3378.0,7.199201445096847,14.5849,45
427334055,,,1.47,1.96194,6823.01,9.061740329934503,10.3228,45
19949397,,,1.27,1.36143,6374.0,21.87761623949552,12.7791,45
143287113,,,0.85,0.660246,5069.0,8.51138038202376,15.602,45
138856450,,,0.541267,0.545586,3164.0,7.641088564519169,15.5995,45
457250322,,,1.18,0.990215,6178.54,20.0,12.0389,45
390869023,,,0.95,1.21001,5444.0,42.65795188015926,15.257,45
138857810,,,1.04,1.37891,5805.49,8.075730039143826,11.18,45
216834287,,,1.2,3.38278,6213.0,35.481338923357534,15.492,45
284283919,,,0.595,0.581058,3860.0,7.508459181078439,15.749,45
360033901,,,0.538712,0.542777,3139.0,7.585775750291836,16.7644,45
175112735,,,1.07,1.45941,5892.0,4.073802778041131,13.985,45
11361876,0.38393233192016324,0.3770276723789999,0.635397,0.661121,3402.0,14.59402147355753,15.1894,45
220138280,,,1.08,1.1742,5931.0,32.35936569296281,15.6477,45
177926015,,,0.7,0.744461,4472.0,34.673685045253166,14.9463,45
124327202,,,0.284647,0.307023,2978.0,25.0,16.8613,45
427397078,,,0.65,1.34004,4127.0,6.132871653167213,13.2517,45
144696624,,,1.4,1.42002,6657.0,4.897788193684466,12.0239,45
427459179,,,0.6,0.945626,3889.0,6.733635948591613,14.5503,45
457229511,,,0.51,0.596183,3596.0,4.897788193684466,15.4577,45
464840457,,,0.448572,0.45189,2970.0,9.0,16.4959,45
264680415,,,1.06,1.23808,5877.71,7.407084033455686,11.7593,45
202051489,,,1.04,0.950471,5781.0,2.5118864315095824,15.406,45
264484238,,,1.08,1.33848,5926.57,9.102136485630766,11.3629,45
178060469,,,0.89,1.06377,5220.0,23.442288153199225,16.1219,45
1650190440,,,1.1,1.7764,5973.0,47.863009232263806,15.5016,45
388935188,,,0.482967,0.484932,2856.0,9.583423613780482,17.3569,45
427397238,,,0.62,1.21198,3964.0,9.666086849498036,13.7139,45
427453757,,,0.57,1.03852,3782.0,11.142941209101789,14.8975,45
11294953,,,0.430674,0.435292,2960.0,14.287621172110992,17.0327,45
433211847,,,1.01,1.61461,5698.0,47.863009232263806,14.7787,45
435934715,,,1.054,1.41665,5843.96,13.61549289709253,12.1968,45
34471482,,,0.545092,0.549819,2851.0,11.83312617102708,16.838,45
710320368,,,0.62,1.30369,3960.0,6.0,13.6786,45
1652153832,,,0.97,1.99144,5505.0,20.417379446695275,14.9373,45
34512826,,,0.58,1.18558,3798.0,9.901713449461882,13.9202,45
427348371,,,0.55,1.0557,3694.0,10.101333153360445,14.0682,45
371410344,0.017113545117354387,0.01766910788573227,0.36,1.10758,3340.0,7.585775750291836,15.4796,45
180304914,,,1.05,1.48717,5837.0,47.863009232263806,16.623,45
180304856,,,1.18,1.915,6188.0,47.863009232263806,16.3201,45
156144716,,,0.470488,0.472749,2976.0,5.0,16.9831,45
276661351,,,0.450573,0.453769,3022.0,6.0,16.6753,45
264593768,,,0.54183,0.546207,3161.0,11.0,15.9655,45
264589133,,,1.45,2.68009,6764.0,9.0,9.5074,45
229369455,,,0.59,1.30973,3853.0,2.5118864315095824,15.2314,45
50791205,,,0.72,1.04299,4545.0,13.884521952278597,14.4319,45
264739242,,,0.55,0.931828,3707.0,10.87935161330604,14.3484,45
332856722,,,0.562527,0.569576,3147.0,6.635900326150168,15.9778,45
11285903,,,0.79,1.08406,4838.0,12.63646492124158,14.9374,45
1784854736,,,1.1,2.33295,5986.0,45.70881896148752,15.4413,45
163737179,,,1.42,3.45873,6698.0,43.65158322401656,15.3083,45
138941131,,,1.29,2.11915,6418.85,7.095847571098773,10.9998,45
427453909,,,0.591529,0.604234,3282.0,7.563252508441377,15.5027,45
50745533,,,0.319704,0.337453,3037.0,14.089897792804134,12.4936,45
4255524,,,0.633319,0.658311,3250.0,12.452447238910516,15.102,45
220066098,,,1.23,1.78576,6286.0,14.280123889770596,13.9565,45
276664060,,,0.611587,0.629587,2993.0,8.822865299225274,16.5586,45
427352649,,,0.76,1.35511,4747.0,7.844056227060291,15.4961,45
105092443,,,0.74,0.841784,4674.0,33.11311214825908,15.6059,45
117598328,,,1.14,1.7993,6091.0,38.01893963205613,14.7677,45
177132695,,,1.22,2.2349,6264.0,23.442288153199225,15.2742,45
427346139,,,1.08,1.63741,5924.0,4.897788193684466,11.6633,45
138859465,,,1.34,1.54734,6526.9,6.776617458070926,11.758,45
179086011,,,1.35,1.5285,6538.0,45.70881896148752,16.2719,45
118128470,,,0.84,1.59861,5048.0,38.904514499428046,15.8257,45
280972393,,,1.343,1.56305,6524.0,5.920557943775874,10.8634,45
185201420,0.02606668059911423,0.026911894465405463,1.09,2.85583,5950.0,12.30268770812381,15.4794,45
220122994,,,1.24,1.41383,6311.0,32.35936569296281,15.5549,45
457228920,,,1.26,1.90343,6360.26,9.644113477681516,10.4407,45
11362308,,,1.04,2.81982,5789.1,5.37132136908107,11.0153,45
424923621,,,1.11,1.97467,5999.0,21.379620895022324,14.5208,45
368423820,,,0.66,0.698218,4234.0,7.585775750291836,16.7331,45
59468163,,,0.7,1.38201,4486.0,46.77351412871982,15.0989,45
389246008,,,0.625816,0.648253,2914.0,7.107195493275653,15.8457,45
264459933,,,0.505961,0.508056,3168.0,8.507506524862869,16.1478,45
177100437,,,1.01,1.90349,5672.0,14.791083881682072,15.8254,45
117601014,,,0.81,1.39844,4935.0,41.68693834703355,15.6449,45
264743272,,,0.724,1.14867,4580.79,5.035432558678559,12.9783,45
358004422,,,0.68,1.24672,4367.0,7.585775750291836,13.9599,45
388917870,,,0.49,1.17962,3560.0,7.4583026508337,15.0435,45
11194299,,,0.52,0.948139,3619.0,14.551511030627054,14.597,45
50625125,,,0.50183,0.503832,3202.0,11.45883129922379,16.0814,45
78825331,,,0.58,0.905425,3805.0,25.118864315095824,16.2595,45
220045557,,,1.14,1.53638,6085.0,4.897788193684466,11.2926,45
357275931,,,0.61,1.17707,3943.0,7.585775750291836,14.281,45
457230866,,,0.68,1.11629,4343.0,12.947090262148544,13.4562,45
164015758,0.009044796185392041,0.009606742148113396,1.03,1.47432,5741.0,38.904514499428046,15.6273,45
427454767,,,0.665091,0.702257,3373.0,9.388444602549471,14.9816,45
264744004,,,1.17,1.07251,6159.0,11.2227109805016,14.0548,45
49242349,,,1.04,1.01928,5795.0,32.35936569296281,12.4805,45
388917891,,,0.54,1.05525,3675.0,6.0,14.8476,45
53241727,,,0.94,1.00486,5412.0,47.863009232263806,15.9831,45
318419330,,,0.89,0.848007,5211.0,34.673685045253166,14.1302,45
220338549,,,1.05,1.27023,5829.0,2.5118864315095824,15.3205,45
443026706,,,0.72,0.955356,4584.0,8.51138038202376,14.8134,45
457248793,,,0.360198,0.372549,3111.0,20.0,17.3321,45
177410023,,,1.03,1.28094,5739.0,23.442288153199225,16.0933,45
202191796,,,0.94,1.01057,5396.0,2.5118864315095824,15.3166,45
436251894,,,0.624404,0.646377,3167.0,11.186730156424524,15.6075,45
201960793,,,1.49,1.86881,6872.0,2.5118864315095824,14.743,45
79435919,,,0.68,0.853052,4344.0,25.118864315095824,15.471,45
50788213,0.006326500816934602,0.006125132830513682,0.66547,0.702791,3387.0,13.391814084186386,15.0984,45
50791692,,,0.34,0.993861,3309.0,4.897788193684466,15.2479,45
179332858,,,0.8,1.44304,4906.0,31.6227766016838,15.7958,45
4379844,,,0.477218,0.479289,3028.0,5.0,16.5894,45
284997474,,,1.262,1.29352,6354.21,4.897788193684466,11.5142,45
115698705,,,1.0,1.66306,5639.0,41.68693834703355,15.3833,45
200638465,,,0.58,1.01544,3810.0,10.262876415861625,14.7704,45
362303267,,,0.9,1.49737,5274.0,20.417379446695275,15.0407,45
459991440,,,0.550903,0.556319,3217.0,14.526389525640118,15.6214,45
427396013,,,1.1,0.846062,5984.0,6.354069801859699,15.1874,45
138856859,,,0.526455,0.529514,3065.0,9.64579155343034,16.0748,45
264681120,,,0.62,0.883858,3966.0,13.59700082826785,14.1304,45
138857610,,,1.12,1.06655,6026.0,9.026536973249108,12.879,45
11355308,,,0.55,1.08049,3709.0,5.753876768440298,14.5635,45
436154082,,,0.898,1.72698,5252.83,13.973332573947037,11.7356,45
216636635,,,1.07,1.6372,5888.0,21.379620895022324,15.9429,45
714772164,,,0.58,1.30958,3785.0,19.05460717963248,15.8734,45
11290133,,,0.391565,0.400075,3483.0,11.289465657129549,17.6628,45
116709775,,,0.98,1.51158,5575.0,41.68693834703355,15.0892,45
251288600,,,0.547011,0.551957,3353.0,22.387211385683376,15.253,45
368539757,,,1.18,1.51143,6172.0,7.585775750291836,13.2248,45
177132769,,,1.03,2.53622,5746.0,30.90295432513592,15.7644,45
436243334,,,1.14,1.35364,6083.0,4.897788193684466,12.7915,45
199758086,,,0.443993,0.447609,2941.0,7.268549069427673,16.5084,45
50661465,,,0.481012,0.483007,3025.0,13.00162918485703,16.284,45
217190397,,,1.26,2.40732,6344.0,35.481338923357534,15.7953,45
427348142,,,1.39,1.37557,6623.0,9.473990727004391,11.1656,45
79436008,0.0035704442835426046,0.002559730992372855,1.15,1.27366,6098.0,25.118864315095824,13.2605,45
427374505,,,0.58,0.923607,3794.0,12.425261569126526,15.238,45
264594650,,,0.558658,0.565125,3691.0,4.897788193684466,15.6558,45
177859651,,,0.7,0.610887,4442.0,34.673685045253166,15.7352,45
11286423,,,0.88,1.14164,5198.77,8.453138242632647,12.5078,45
401650377,,,0.99,2.05317,5612.0,42.65795188015926,16.2082,45
200605760,,,0.355957,0.368858,3372.0,5.0,17.1605,45
105919199,,,1.19,1.78641,6203.0,12.88249551693135,13.9708,45
177014690,,,1.05,1.99614,5829.0,30.90295432513592,16.0819,45
50788077,,,0.7,1.07596,4457.0,7.573813339317043,13.6101,45
45829281,,,1.16,4.74544,6134.0,14.791083881682072,13.1511,45
50529794,,,1.09,1.57828,5956.48,9.360041382707193,11.7594,45
377786252,,,1.04,2.34059,5801.0,20.417379446695275,14.0271,45
50793849,,,1.13,1.77186,6055.0,6.89208237561513,14.4622,45
386440936,,,1.01,1.29762,5680.0,5.754399373371567,13.721,45
103592593,,,1.35,1.53424,6530.0,4.073802778041131,13.7814,45
427346819,,,0.78,1.42484,4836.0,14.126202402715164,12.6057,45
43076435,,,0.654454,0.687339,3633.0,22.387211385683376,14.3069,45
432440788,,,0.93,2.08065,5373.0,47.863009232263806,15.7859,45
117353240,,,1.39,2.15869,6637.0,40.7380277804113,12.9604,45
144611102,,,0.626944,0.649757,3359.0,10.850357496202909,15.2806,45
138856104,,,0.47,0.970547,3514.0,12.998592509385569,14.5171,45
433537417,,,1.07,1.26145,5895.0,13.80384264602884,15.175,45
457230103,,,0.54,1.27159,3669.08,12.794183930020113,13.8471,45
220266313,,,0.92,1.0631,5325.0,2.5118864315095824,15.0749,45
464838154,,,0.618721,0.638876,3305.0,14.78921501983064,15.1274,45
138935501,,,0.56201,0.568979,3043.0,4.897788193684466,16.3518,45
11199810,,,0.541434,0.54577,2972.0,3.0,16.2813,45
464837782,,,0.67,0.734063,4287.0,4.897788193684466,14.9733,45
11196602,,,0.552015,0.557572,3092.0,7.793519137497631,16.4192,45
436154753,,,0.547,1.01383,3698.0,10.109495887473738,14.8959,45
34398437,,,0.625737,0.648147,3287.0,6.931404630439555,15.1435,45
306088497,,,1.15,1.56865,6117.0,20.417379446695275,14.5804,45
264741324,,,0.555673,0.561717,3115.0,8.009444696563179,15.6474,45
50656269,,,0.501715,0.503714,3120.0,9.837180471884317,15.768,45
1847847085,,,1.35,1.49522,6542.0,25.118864315095824,16.9711,45
217816585,,,1.4,3.2165,6649.0,35.481338923357534,15.1053,45
130889287,,,0.95,1.56,5453.0,43.65158322401656,14.8922,45
11196529,,,0.529034,0.532277,3229.0,12.253054886056615,16.3884,45
464838693,,,0.651641,0.683424,3406.0,9.0,14.8025,45
79295228,,,1.31,1.23591,6457.0,25.118864315095824,13.0843,45
144666684,,,0.635,1.32735,4060.0,10.90426003332618,13.3547,45
220281789,,,0.85,1.42954,5080.0,2.5118864315095824,14.4701,45
1640522859,,,0.93,2.18645,5367.0,23.988329190194897,14.8464,45
332919441,,,0.97,1.21231,5523.0,14.4854784252102,13.2397,45
50621403,,,0.464949,0.467415,3136.0,6.0,16.2202,45
368422865,,,0.42,1.08469,3431.0,7.585775750291836,15.3124,45
264485063,,,0.660664,0.696029,3371.0,13.71460285151741,14.9065,45
50792531,,,0.99,0.971539,5583.0,8.548238376375823,14.2702,45
345839120,,,1.04,1.05803,5802.41,7.263811625380807,13.2014,45
427334360,,,0.600357,0.615252,3313.0,12.892120588058829,15.1808,45
177125561,,,0.8,1.00642,4912.0,6.165950018614822,15.467,45
138935554,,,0.93,1.39055,5359.69,12.004473557676876,11.8016,45
319364496,,,0.534705,0.538403,3012.0,9.705763122876547,16.3222,45
323346521,,,0.60052,0.615457,3063.0,4.897788193684466,15.9521,45
178169379,,,1.05,0.943008,5828.0,34.673685045253166,12.4632,45
138979946,,,0.544296,0.548935,3133.0,9.322936709497032,15.9875,45
332857048,,,0.223704,0.252622,3366.0,2.0,17.1619,45
50743614,,,0.657155,0.691111,3364.0,10.649008415315537,15.3135,45
464839874,,,1.033,1.67981,5768.01,9.26555406341434,10.3703,45
436341473,,,0.554248,0.560099,3284.0,14.201938669514451,15.6814,45
11292823,,,0.630849,0.654984,3320.0,12.992916669745505,15.139,45
368543409,,,0.594357,0.607739,3041.0,7.585775750291836,16.7091,45
179845134,,,1.41,3.58295,6673.0,45.70881896148752,14.348,45
50619984,,,0.52,1.19165,3619.0,7.387287255636178,14.4075,45
356565109,,,0.572936,0.581749,3173.0,7.585775750291836,16.5145,45
220075487,,,0.5302,0.53353,3186.0,4.897788193684466,16.2961,45
50588039,,,0.398947,0.406632,3182.0,13.802447297270094,15.7931,45
427399169,,,0.621212,0.642154,3202.0,7.511823759008335,15.22,45
388917854,,,0.562862,0.569963,3243.0,6.038897323789742,15.6473,45
276661181,,,1.42,1.23378,6686.0,5.021981126127279,11.5635,45
385885395,,,0.471005,0.473248,3208.0,7.585775750291836,16.7459,45
34470433,,,0.538028,0.542027,2963.0,6.62411169541448,16.0122,45
427400473,,,0.78,1.09137,4801.0,4.897788193684466,13.2792,45
139273489,,,0.99,1.51931,5592.0,43.65158322401656,15.623,45
427454386,,,0.550491,0.555855,3593.0,10.975734722357316,15.9843,45
175107820,,,1.35,1.41615,6531.0,15.13561248436207,13.7549,45
1850513987,,,0.83,0.840918,4995.0,20.417379446695275,16.0499,45
220314203,,,0.9,1.0395,5248.0,2.5118864315095824,15.344,45
388850835,,,0.652786,0.685015,3370.0,10.23434227934727,15.0275,45
359315725,,,0.56,1.15658,3743.0,7.585775750291836,15.2057,45
103853800,,,1.21,2.30108,6251.0,12.88249551693135,13.4027,45
199887203,0.005016146954407603,0.0024110106292441406,1.12,1.3877,6033.17,14.952376342740244,12.4474,45
433127035,,,1.24,1.48135,6310.0,47.863009232263806,14.977,45
220322965,,,1.02,1.16974,5725.0,2.5118864315095824,15.2595,45
180587756,,,1.21,3.36884,6239.0,18.197008586099827,14.0495,45
432866473,,,1.02,1.21004,5729.0,13.80384264602884,15.3651,45
264623353,,,1.18,1.68182,6172.07,9.93242561324154,11.3295,45
11291165,0.00324272295610026,0.002135786045442593,1.22,1.7437,6270.08,5.445578732086186,13.0912,45
4206565,,,0.381821,0.391472,3032.0,9.0,16.9158,45
359882556,,,0.55,1.10365,3716.0,7.585775750291836,15.0233,45
119293319,0.0036014146028829283,0.0028143244327233424,1.15,1.61758,6106.0,11.748975549395302,13.4305,45
397078931,,,1.46,2.24162,6797.0,19.952623149688787,14.5197,45
178059466,,,1.06,1.07942,5863.0,34.673685045253166,13.0068,45
50727282,,,0.548175,0.553257,2944.0,4.897788193684466,16.5412,45
427375077,,,0.58,1.06708,3819.0,5.07226442713362,14.1258,45
385181951,,,0.518088,0.520649,3127.0,7.585775750291836,16.6631,45
50588756,,,0.57577,0.585114,3106.0,5.3259480957535335,15.4332,45
50794336,,,0.55,0.955405,3693.0,14.307801264667518,14.7748,45
388917955,,,0.63,1.04727,4006.0,11.344103214897544,14.7281,45
388935747,0.013694831241663732,0.018187904922974736,0.498163,0.500109,3182.0,11.523918118827655,16.5763,45
177323072,,,1.34,1.36963,6514.0,47.863009232263806,14.7434,45
336884740,,,0.61,1.21043,3930.0,46.77351412871982,16.15,45
179089209,,,0.96,1.80408,5470.0,45.70881896148752,16.0733,45
427350282,,,0.57,0.813846,3776.0,14.01293285502178,15.0889,45
199752404,,,0.89,1.32999,5215.0,13.403233793868957,11.6966,45
146874379,,,0.429067,0.433819,3204.0,35.481338923357534,15.0109,45
337088215,,,0.72,1.20188,4551.0,46.77351412871982,15.4112,45
204562987,,,0.97,2.805,5504.0,14.791083881682072,14.6392,45
18242974,,,0.624,0.924275,3994.0,21.87761623949552,15.2324,45
287840274,,,0.38012,0.389976,3062.0,2.0,17.8671,45
177659361,,,0.91,1.71971,5287.0,23.442288153199225,15.4727,45
459991382,,,1.33,2.48241,6495.0,5.765621589045952,9.8213,45
50793202,,,0.619048,0.639306,3320.0,13.325222239168587,15.3801,45
11360014,,,0.598633,0.613082,3272.0,5.195442333019436,16.9703,45
199821451,,,1.17,1.93278,6145.89,10.97462555070407,10.9077,45
50657711,,,0.6162,0.635577,3281.0,12.713290661258943,15.664,45
50722061,,,1.07,2.17889,5905.54,13.393601222566282,11.3161,45
229273925,,,1.29,2.2614,6415.0,24.547089156850287,15.7134,45
120456520,,,0.768,0.854403,4771.0,35.481338923357534,12.5464,45
120831022,,,0.458805,0.46155,3147.0,35.481338923357534,15.7799,45
264542111,,,0.42938,0.434105,3171.0,7.858588640133649,17.1832,45
427351174,,,0.6,1.13504,3865.0,10.565680493442592,13.9229,45
11411768,,,0.406993,0.413821,3339.0,5.297033631307231,15.8972,45
11200495,,,0.76,0.918623,4748.0,9.142458812875905,16.2873,45
276663675,,,1.1,1.28296,5985.0,11.004649619158164,10.7663,45
436014314,,,0.520206,0.522878,3110.0,14.0,16.9608,45
276661570,,,0.509777,0.511987,3233.0,5.0,17.048,45
449428478,,,0.665568,0.70293,3503.0,5.960100351647841,15.0521,45
50792855,,,0.545305,0.550056,3172.0,13.696322490829392,16.2345,45
716186275,,,0.901,1.02128,5262.0,6.856524337416642,14.3471,45
225459557,0.010401500433384829,0.011333682156820174,1.41,2.44951,6673.0,6.918309709189363,15.7528,45
11201836,,,0.86,1.144,5113.0,11.241794732943722,12.5872,45
35584376,,,1.01,1.44442,5690.0,22.90867652767775,14.5447,45
220140334,,,0.81,0.781558,4937.0,32.35936569296281,16.5927,45
162285634,,,0.88,1.42659,5198.0,45.70881896148752,15.7271,45
179608061,,,1.48,3.19664,6851.0,45.70881896148752,14.1514,45
318277019,,,1.2,1.14699,6219.0,22.387211385683376,16.2717,45
111352705,,,0.91,1.2049,5309.0,7.413102413009177,15.8198,45
427347033,,,0.62,0.977004,3974.0,8.925180636347124,14.5799,45
225544294,,,1.37,2.22376,6578.0,32.35936569296281,14.153,45
427454782,,,0.517273,0.519793,3136.0,12.941780620435894,16.1533,45
264484567,,,0.638125,0.664826,3313.0,9.204781227981496,15.1287,45
264630551,,,0.528261,0.531447,3088.0,9.0,16.4173,45
264742987,,,0.53,0.913339,3654.0,9.904341329312672,14.4396,45
11295808,,,1.13,2.0199,6047.94,9.706967403010978,13.8175,45
282709268,,,0.608017,0.624991,3455.0,22.387211385683376,15.0034,45
353277349,,,0.38436,0.393709,3227.0,7.585775750291836,16.9935,45
264680233,,,0.315639,0.333936,3453.0,9.598504800067824,16.1357,45
53744472,,,0.62,1.12291,3981.0,25.118864315095824,15.3303,45
50586358,,,0.68,0.95355,4375.0,4.897788193684466,13.5117,45
144666318,,,0.663612,0.700173,3176.0,8.120342610094418,15.4987,45
50727365,,,0.55,0.901369,3701.0,11.920172790954542,14.7015,45
220149411,,,1.21,1.57459,6240.0,32.35936569296281,15.1133,45
204337674,,,1.01,1.45257,5688.0,5.888436553555883,15.8157,45
138828233,,,0.650431,0.681744,3499.0,9.0,14.7138,45
177920510,,,0.8,0.97764,4876.0,6.165950018614822,15.5298,45
427377194,,,0.59171,0.604457,3136.0,9.474055103776458,16.2753,45
370906771,,,1.24,2.43088,6308.0,26.915348039269137,15.4345,45
53988608,,,0.55,0.866335,3713.0,25.118864315095824,16.5904,45
264742917,,,0.51212,0.514415,3303.0,20.0,15.9115,45
35241735,0.00775920383025476,0.006848167239570168,0.481971,0.48395,3300.0,35.481338923357534,14.3375,45
201368240,,,0.64,1.21717,4075.0,9.994568463654268,13.3623,45
175880691,,,1.24,1.93945,6306.0,38.01893963205613,15.2052,45
290174026,,,0.627104,0.649969,3115.0,11.361016974676168,15.7699,45
220053904,,,0.62,1.32109,3986.0,7.836589999597594,13.9563,45
457251471,,,1.016,2.58817,5703.0,4.897788193684466,10.1454,45
50789520,,,0.61,1.28713,3942.0,9.157133771757485,13.3663,45
204251531,,,1.36,2.74202,6551.0,9.332543007969903,14.8674,45
180751043,,,1.39,4.87802,6632.0,31.6227766016838,13.5762,45
11288523,,,0.545,1.13028,3690.0,8.154016866959193,14.708,45
220323165,,,0.69,1.22239,4434.0,2.5118864315095824,14.441,45
220043805,0.02142895391045028,0.02144767632875245,0.644111,0.673016,3038.0,9.605232320248192,15.3047,45
177269916,,,1.33,1.18601,6506.0,23.442288153199225,15.5985,45
229276392,,,1.06,1.93605,5855.0,32.35936569296281,15.291,45
338419831,,,0.82,1.55086,4982.0,21.87761623949552,13.6068,45
151175194,,,0.7,0.88547,4482.0,46.77351412871982,15.6432,45
427453583,,,0.599659,0.614372,3074.0,12.472785758192028,15.8539,45
427395879,,,1.01,1.65719,5680.0,5.3822187267555375,12.2178,45
50620504,,,0.588103,0.600018,3266.0,10.987147426555492,15.3334,45
50721348,,,0.66,1.37171,4250.0,7.563818689944251,12.8891,45
11292002,,,0.63,1.0161,4003.0,11.302747850782168,13.7279,45
427398091,,,0.636122,0.662104,3190.0,11.970667669339988,15.2671,45
457250009,,,0.597665,0.611868,3369.0,11.094033090717865,15.0512,45
72310270,,,0.66,1.22807,4243.0,8.51138038202376,15.6823,45
11300161,,,0.158711,0.189456,3419.0,7.5792313839159,16.6604,45
388850804,,,0.372718,0.383481,3104.0,6.630113025427714,17.0669,45
332856243,,,0.83,1.51875,4988.0,8.962070858732734,15.3932,45
120754132,,,0.73,0.651307,4628.0,34.673685045253166,15.0066,45
427378835,,,0.94,0.779067,5416.0,5.0,13.3015,45
50788590,,,0.634127,0.659403,3147.0,6.149834869152001,15.4138,45
50795332,,,1.0,1.24863,5659.0,8.549753487136275,10.7615,45
264484701,,,0.471252,0.473488,2955.0,11.331123543750586,16.5133,45
282393915,,,0.552798,0.558456,3362.0,25.0,15.162,45
287757924,,,0.74,1.1677,4665.0,9.0,14.4954,45
156144748,,,0.61,1.25849,3926.0,14.0,13.7725,45
220074365,,,0.619947,0.640488,3350.0,9.0,15.0533,45
276664174,,,0.69,1.13976,4435.0,3.0,15.0366,45
116824685,,,0.89,1.70335,5222.0,23.988329190194897,15.7297,45
11291153,,,0.46,1.25711,3498.0,14.34211784121255,14.4054,45
716014397,,,0.43,0.807538,3447.0,14.0,15.3099,45
464838614,,,0.36,1.07801,3335.0,10.05074494057016,14.8228,45
436160280,,,0.6556,0.688937,3299.0,10.62941931808423,15.1295,45
115696851,,,1.01,2.44008,5680.0,41.68693834703355,15.4318,45
264485597,,,1.36,2.20214,6565.0,12.936948735245076,10.9793,45
4356776,,,0.550519,0.555887,3162.0,14.6651922878947,15.9814,45
130486884,,,1.42,1.38862,6702.0,28.84031503126605,13.8017,45
118367745,,,1.34,2.1892,6521.0,36.3078054770101,14.3966,45
174915394,,,1.45,1.63425,6762.0,39.81071705534969,15.7781,45
138858438,0.01393609847238746,0.005985648989477219,1.04,1.19877,5790.47,8.856613179935293,12.213,45
264486202,,,0.69,0.462164,4422.0,5.195871999214239,17.517,45
343863628,,,0.527618,0.530758,3019.0,11.719613054957334,16.1713,45
432543940,,,0.99,1.66354,5614.0,41.68693834703355,14.8524,45
299417392,,,0.88,1.85913,5204.0,44.668359215096345,16.154,45
179844971,,,1.08,2.85775,5931.0,45.70881896148752,15.0136,45
752299347,,,1.45,1.75475,6761.0,23.442288153199225,15.6481,45
285754574,,,1.38,2.2389,6596.0,15.848931924611142,14.8257,45
4160787,,,0.590347,0.602776,3294.0,12.159205714248133,15.5184,45
172926458,,,0.75,0.860794,4713.0,32.35936569296281,13.5578,45
200515808,,,0.610531,0.628224,3230.0,14.0,15.6292,45
243709033,,,1.1,1.83831,5969.0,41.68693834703355,14.8199,45
427458128,,,0.517889,0.52044,3129.0,12.333542589591302,16.2383,45
151353243,,,0.87,1.39554,5142.0,46.77351412871982,13.9403,45
427374665,,,0.56,0.928339,3740.0,11.331933136854762,14.6654,45
432867474,,,1.02,1.29159,5704.0,13.80384264602884,15.5176,45
388851169,,,0.329697,0.346098,2951.0,8.935919281859396,17.4486,45
427459842,,,0.61,1.15481,3920.0,12.065890248249053,14.2988,45
427334016,,,0.588269,0.600221,3348.0,13.553578416611671,15.5585,45
50727463,,,1.28,2.54697,6386.0,11.105466798966996,10.0982,45
264739708,,,0.642603,0.670945,3248.0,9.662718221769662,14.5129,45
177523637,,,1.49,1.67429,6873.0,23.442288153199225,15.6206,45
115697904,,,0.96,1.55185,5480.0,41.68693834703355,15.9242,45
370413071,,,0.78,1.03515,4811.0,7.585775750291836,14.6356,45
203371235,0.009259064710592924,0.009631818903919355,1.07,2.15097,5889.0,38.904514499428046,15.5198,45
42884378,,,0.33411,0.349916,3362.0,22.387211385683376,16.7303,45
118502038,,,0.93,2.28311,5384.0,29.51209226666384,15.9123,45
427377215,,,0.54,0.997939,3673.0,5.110408467071621,14.4101,45
162721223,,,1.31,1.49591,6451.0,38.904514499428046,15.3058,45
72915919,,,0.87,0.918592,5163.0,10.358356414926549,14.812,45
1652399149,,,1.34,2.03295,6517.0,30.90295432513592,14.8569,45
118795912,,,0.64,1.06049,4105.0,11.748975549395302,15.9847,45
11195401,,,1.11,0.913815,6004.03,10.98698235426843,13.3191,45
199821958,,,0.562931,0.570043,3039.0,8.446290612086436,16.0806,45
172925859,,,0.462038,0.46463,3273.0,32.35936569296281,16.092,45
427334400,,,0.472765,0.474954,2955.0,6.719488435567743,16.9678,45
138257640,,,0.87,1.71697,5160.0,28.84031503126605,15.1383,45
427393716,,,0.490258,0.492164,3829.0,2.0,16.7994,45
151447896,,,0.96,1.2645,5500.0,23.442288153199225,15.9933,45
269118374,,,1.308,2.1059,6450.82,7.290574989386988,9.3423,45
72781834,,,0.648772,0.679444,3196.0,9.495982413613508,15.2559,45
34397347,,,0.77,1.11922,4783.32,7.359655718681461,12.4875,45
31822180,,,1.2,1.63635,6227.0,23.442288153199225,15.1832,45
352324812,,,0.542,0.967163,3682.0,7.585775750291836,15.6345,45
200515119,,,0.59,0.912943,3843.0,14.0,14.5578,45
220119568,,,1.35,1.69261,6531.0,32.35936569296281,15.0429,45
269118197,0.006381131504765713,0.005950503032958013,0.661947,0.697831,3363.0,6.714862678754897,14.8322,45
744327312,,,0.64,1.10543,4089.0,25.118864315095824,15.4399,45
216622933,0.012935803926500134,0.013992259341360426,0.99,3.10947,5603.0,15.848931924611142,15.7175,45
388935333,,,0.498452,0.500401,3116.0,14.25997795783124,17.8208,45
427334694,,,0.555198,0.561178,2907.0,12.952047231028764,16.3704,45
220060112,,,0.537493,0.541442,3028.0,7.990593386845103,16.3245,45
147265315,,,0.455,0.954264,3492.0,35.481338923357534,14.2629,45
125643629,,,0.67,1.23776,4258.0,6.165950018614822,15.6887,45
264461616,,,0.42,1.14246,3425.0,13.803388889168795,14.4271,45
4160663,,,0.66,1.33043,4221.63,12.748114111979378,12.8491,45
178059373,,,1.15,1.04168,6112.0,34.673685045253166,12.8785,45
427378766,,,0.667528,0.705695,3313.0,12.677878697125593,14.9989,45
443756527,,,0.607192,0.623934,3794.0,4.897788193684466,15.5915,45
433154373,,,1.39,3.64318,6637.0,13.80384264602884,13.814,45
457249293,,,0.569351,0.577524,3173.0,12.48419606832867,15.7806,45
184761242,,,0.99,2.93492,5598.0,4.073802778041131,15.039,45
119367794,,,1.15,1.06778,6111.0,25.703957827688647,14.115,45
432727492,,,1.08,2.52034,5935.0,41.68693834703355,15.1841,45
1660112915,,,1.05,2.12225,5812.0,35.481338923357534,15.2298,45
103960596,,,0.86,0.699128,5104.0,7.413102413009177,15.8908,45
264622120,,,0.504225,0.506278,3053.0,10.200563646017846,15.6974,45
276661661,,,0.51,0.92935,3601.0,14.732060669011998,14.7658,45
284199861,,,0.53,1.03576,3661.0,8.869990558020874,14.8488,45
178167240,,,0.433966,0.438318,3470.0,34.673685045253166,16.9115,45
50585300,,,0.501304,0.503296,3429.0,5.388002188238826,13.8951,45
427458655,,,0.68,0.991063,4379.0,16.595869074375596,13.9493,45
391855912,,,1.39,1.65478,6622.0,42.65795188015926,15.6588,45
264459990,,,0.556815,0.563018,3089.0,11.851966301749677,15.5995,45
427395543,,,0.545179,0.549916,3955.0,5.205876437335467,15.9465,45
50898835,,,0.667869,0.706177,3295.0,11.262711506342214,14.7542,45
50792825,,,0.447247,0.450649,3385.0,5.518762346049632,15.2717,45
115831441,,,1.24,1.55024,6309.0,38.904514499428046,14.787,45
457249272,,,0.61,1.11367,3932.0,6.922397360942201,13.68,45
199780283,,,0.646018,0.67564,3334.0,6.0,15.0364,45
459990490,,,0.454356,0.457333,3026.0,11.44033583648226,16.7048,45
177100459,0.012056106458258104,0.01207547355903251,1.23,2.41565,6280.0,5.888436553555883,15.309,45
264588471,,,1.04,2.43368,5777.82,8.419442407449658,12.6117,45
50621838,,,0.159208,0.189972,2909.0,9.739783213573284,17.0533,45
42759264,,,0.536464,0.540318,3090.0,22.387211385683376,15.8911,45
436103268,,,0.56,1.07204,3725.0,8.56500102629391,14.6256,45
11167051,,,0.62,1.15137,3962.0,10.875239454760322,13.7651,45
365748368,,,0.185162,0.216096,2825.0,21.0,16.138,45
220044825,,,0.49301,0.494917,3152.0,8.068794792673081,16.1224,45
1765449525,,,1.02,2.16706,5719.0,45.70881896148752,15.4154,45
50795591,,,1.01,1.4332,5673.23,12.31792828135218,12.0472,45
264744691,,,0.635137,0.660769,3141.0,7.168039044013016,15.0054,45
11290934,,,0.605904,0.622288,3303.0,5.563849060201206,15.9924,45
11411255,,,0.553436,0.559179,3103.0,6.546970346085498,16.3551,45
276661625,,,0.48,1.23496,3530.0,14.266390233234189,14.1127,45
146873438,,,0.182059,0.213048,3185.0,35.481338923357534,16.5776,45
359956781,,,0.73,1.29866,4620.0,20.417379446695275,15.9787,45
178333069,,,1.32,1.5237,6469.0,23.442288153199225,15.744,45
388935342,,,0.77,1.13539,4780.0,8.474536028357628,14.7608,45
42759997,,,0.5905,0.602963,3299.0,22.387211385683376,15.1494,45
464838291,0.021078027483117174,0.018181430492043415,0.518,1.0203,3622.0,13.582961453385948,14.0681,45
432637123,,,0.96,1.24381,5493.0,15.13561248436207,15.5402,45
395875115,0.005064073537112654,0.004497843251577724,1.13,2.76803,6062.0,42.65795188015926,14.4035,45
427392993,,,0.618818,0.639003,3448.0,13.397516344204664,15.4461,45
264487143,,,0.57,1.02216,3779.0,5.825257821725031,13.9143,45
436333684,,,0.633655,0.658764,3240.0,9.768446983317576,15.3827,45
436104668,,,0.43,0.908243,3448.0,10.947835894851238,15.4605,45
264460072,,,0.58,0.935717,3816.0,9.06605014221616,14.206,45
4160476,,,0.581133,0.591542,3251.0,8.035831811968603,15.5396,45
332919107,,,0.607702,0.624587,3194.0,6.802945618128845,15.6614,45
50898198,,,0.608755,0.625938,3317.0,5.614245725514939,15.114,45
355388594,,,1.35,1.40611,6530.0,26.915348039269137,13.9059,45
50583987,,,0.83,1.30171,4999.0,12.23776442420554,12.2105,45
244792857,,,1.46,2.17876,6798.0,28.84031503126605,14.1358,45
177522884,,,1.0,0.892002,5645.0,34.673685045253166,13.5354,45
118614983,,,1.09,2.30625,5962.0,41.68693834703355,14.2327,45
427350120,,,0.82,1.36772,4972.45,9.705410690102692,12.0527,45
427454498,,,0.631598,0.655992,3826.0,2.0,15.2537,45
187451509,,,0.93,1.44341,5375.0,22.387211385683376,16.0337,45
42884467,,,0.490603,0.492508,3280.0,22.387211385683376,15.8804,45
151404467,,,0.85,0.823531,5075.0,46.77351412871982,15.3875,45
427393520,,,0.542922,0.547414,3542.0,10.26433081105016,17.6872,45
138940721,,,0.667629,0.705838,3305.0,10.85133009593977,14.7526,45
220071427,,,0.634679,0.660149,3277.0,5.213660950649325,15.3762,45
11299659,,,0.976,0.738146,5543.0,8.480625538485363,14.3953,45
457230543,,,0.52889,0.532121,3184.0,12.195896103171512,15.843,45
388935429,,,0.497359,0.499296,3433.0,9.108480005726127,13.1146,45
50742604,,,0.51,0.940758,3614.0,11.410580891341278,14.8162,45
427334226,,,0.663,1.30427,4242.0,7.836279418827008,13.1676,45
50794830,,,0.69,1.106,4386.0,13.452355212975975,15.4565,45
178062363,,,1.1,2.89209,5986.0,23.442288153199225,15.2437,45
436013623,,,0.58,1.12372,3811.0,14.0,14.4211,45
202016433,,,0.86,0.858654,5121.0,2.5118864315095824,15.9339,45
432348690,,,1.0,2.46122,5647.0,20.417379446695275,14.8043,45
50583893,,,0.545734,0.550533,3008.0,7.257152623391203,16.0017,45
385892026,,,0.632244,0.656861,3398.0,7.585775750291836,15.7025,45
309793584,,,0.54164,0.545997,3090.0,14.169867780038537,16.6039,45
457250797,,,0.447049,0.450463,3045.0,12.795114387956602,16.3774,45
220321795,0.004790465705766044,0.004194842106485676,1.34,1.21627,6524.0,2.5118864315095824,14.2508,45
264483380,,,0.76,0.61319,4728.0,5.274210083098382,15.3278,45
118123426,,,0.95,1.355,5449.0,40.7380277804113,16.2111,45
427380353,,,0.8,1.16244,4877.0,13.58743674805033,13.0797,45
50722736,,,0.56,0.856726,3743.0,13.931767653983556,14.841,45
220314463,,,0.74,1.38891,4645.0,2.5118864315095824,14.2334,45
229381452,,,1.0,1.08949,5645.0,32.35936569296281,15.8083,45
433152496,,,1.01,1.22482,5672.0,13.80384264602884,15.7555,45
177986003,,,1.08,1.21099,5914.0,23.442288153199225,16.1191,45
284158513,,,0.536658,0.54053,3148.0,14.0,16.3551,45
368540212,,,0.636821,0.663053,3224.0,7.585775750291836,15.9469,45
220075291,,,0.522804,0.525627,2964.0,4.897788193684466,16.2797,45
50620608,,,0.68,0.907412,4380.0,13.716259191497524,14.4775,45
11300144,,,0.662618,0.698775,3367.0,9.398658974823771,14.7581,45
356570553,,,0.6356,0.661396,3860.0,7.585775750291836,15.0968,45
368433107,,,0.517795,0.520341,2982.0,7.585775750291836,16.8583,45
355671356,,,0.58,1.13288,3803.0,7.585775750291836,15.1851,45
427393454,,,0.568464,0.576483,3469.0,9.746160205544305,15.7242,45
135906772,,,0.94,1.52718,5393.0,43.65158322401656,15.5766,45
318282410,,,1.08,1.51001,5930.0,23.442288153199225,16.2716,45
427334367,,,0.63,1.1831,4009.0,11.937672004406991,14.4225,45
427459803,,,0.592542,0.605486,3035.0,10.549791112449896,16.2099,45
388851166,,,0.592643,0.605612,2983.0,12.178460801524722,15.566,45
143179162,,,0.71,0.727927,4492.0,8.51138038202376,14.4943,45
427352226,,,0.84,0.893044,5032.0,14.9117165927945,14.2352,45
433515447,,,0.93,1.39611,5363.0,13.80384264602884,15.9322,45
42436204,,,0.632,0.906035,4043.0,22.387211385683376,13.7843,45
264462192,,,1.48,2.64264,6836.12,6.3529236980942745,9.4732,45
187450942,,,0.681,0.700856,4356.0,34.673685045253166,15.5726,45
264458920,,,0.532808,0.536346,2990.0,11.245284652087838,15.8976,45
427374676,,,0.572326,0.581027,3177.0,5.648464269327561,15.8709,45
1650792123,,,1.22,1.45227,6271.0,5.888436553555883,15.0625,45
313140177,,,0.62,0.875816,3987.0,14.486434307838396,11.2102,45
264459603,,,0.65919,0.69396,3402.0,14.150881239956153,14.7438,45
427352172,0.007631512875044212,0.007033908819693151,0.47,1.05578,3522.0,7.165965970836914,14.7398,45
147258006,,,0.457506,0.460316,3082.0,35.481338923357534,15.7713,45
220323278,,,0.61,1.32188,3926.0,2.5118864315095824,15.2304,45
144618250,,,0.671,0.942318,4291.0,14.379368162769676,12.907,45
360188170,,,1.46,3.46502,6806.0,20.417379446695275,12.2286,45
385303622,,,1.301,1.56483,6436.0,7.585775750291836,11.6462,45
276662231,,,0.65,0.985217,4166.0,14.973615586416743,17.4506,45
427453811,,,0.49987,0.501838,3137.0,10.317461608542816,16.19,45
432659657,,,1.02,2.74778,5731.0,20.417379446695275,14.6361,45
427373586,,,0.378532,0.38858,3823.0,4.897788193684466,16.6185,45
220067051,,,0.42,0.539985,3435.0,6.943609660539418,17.9648,45
163416387,,,1.34,2.32097,6516.0,38.904514499428046,14.4493,45
18904163,,,0.67,0.624914,4288.0,21.87761623949552,15.5544,45
427350712,,,0.550915,0.556333,3111.0,10.387977260063446,15.8477,45
117848802,,,1.02,1.38991,5701.0,41.68693834703355,15.1283,45
340982665,,,1.39,1.78831,6620.0,32.35936569296281,13.9891,45
388851051,,,1.04,1.19006,5805.0,8.887237347677745,14.6401,45
148343496,,,0.63,1.24421,4009.0,6.165950018614822,16.2594,45
4379299,,,1.42,1.48439,6684.71,4.897788193684466,11.0622,45
1652686880,,,1.34,1.63942,6516.0,13.80384264602884,15.0993,45
216823787,,,1.46,2.19659,6783.0,35.481338923357534,15.7349,45
427395997,,,0.63,1.27863,4032.0,7.7044756338480305,14.8304,45
120266337,,,0.523026,0.525863,3272.0,22.387211385683376,14.9513,45
53901621,,,1.33,1.47866,6492.0,25.118864315095824,12.9676,45
397993261,,,0.6,0.873589,3862.0,37.15352290971728,15.4732,45
427454678,,,0.522741,0.52556,3277.0,10.345638466032334,16.1326,45
200542249,,,0.620602,0.64135,3243.0,11.61547926164275,15.1899,45
115947556,,,0.93,0.946833,5378.0,40.7380277804113,15.261,45
309795677,,,0.453,0.972075,3488.0,9.800879041223412,14.9057,45
457249436,,,1.09,1.54603,5940.25,10.726434131751368,11.3965,45
59468373,,,1.08,2.47588,5930.0,46.77351412871982,12.6059,45
388935446,,,0.61,1.09943,3937.0,11.08987344304364,15.0603,45
138900080,,,0.492481,0.494387,3054.0,4.897788193684466,16.4198,45
388917780,,,0.618,0.637931,3001.0,11.87482373645078,15.7045,45
432664343,,,0.91,1.67111,5297.0,20.417379446695275,15.4893,45
338517479,,,0.49,0.870379,3561.0,21.87761623949552,15.9022,45
72212032,,,0.72,0.906108,4568.0,8.51138038202376,15.7447,45
220322594,,,0.7,1.36684,4458.0,2.5118864315095824,14.3301,45
123676425,,,0.666653,0.70446,3650.0,25.0,14.0607,45
50744142,,,1.22,1.58641,6254.63,7.257469119331265,11.2568,45
50790288,,,0.528541,0.531747,3235.0,8.752477646042482,16.1931,45
220136057,,,0.97,1.55309,5520.0,26.915348039269137,14.6648,45
457230913,,,0.624884,0.647014,3233.0,14.058461806819968,14.9725,45
95587452,,,1.11,1.40831,6014.0,6.165950018614822,14.1199,45
264593729,,,0.507107,0.509234,3087.0,14.85956444796056,16.2952,45
119629011,0.0036200123552875036,0.0010308272760616794,1.367,1.33559,6576.0,34.673685045253166,11.3435,45
464837923,,,0.499877,0.501846,2989.0,11.678193951285303,16.0331,45
123679157,0.030801341979362504,0.035696732523509626,0.443663,0.447301,3051.0,25.0,16.0325,45
427353065,,,0.614755,0.633695,3243.0,6.803253561686753,16.2605,45
357134392,,,0.54832,0.553419,3208.0,7.585775750291836,16.3196,45
156351818,0.013537895538081076,0.018003027688686474,0.420755,0.426238,3428.0,11.748975549395302,16.5812,45
50897225,,,0.491559,0.493464,3138.0,6.0,16.4603,45
182726798,,,1.21,0.878896,6253.0,6.606934480075965,13.6076,45
207019685,,,1.4,1.93628,6659.0,26.915348039269137,13.0527,45
427333886,,,0.57,1.05271,3766.0,5.070830478450235,14.296,45
388851345,,,1.04,1.44011,5795.0,12.284911518309109,11.7952,45
163070868,,,1.05,2.10707,5835.0,45.70881896148752,15.9272,45
426184610,,,0.62,1.20236,3969.0,10.891677709501211,13.9046,45
177712979,,,1.41,1.82419,6668.0,23.442288153199225,15.7288,45
177850978,,,1.18,1.83795,6187.0,23.442288153199225,14.1183,45
186121469,,,0.87,1.2704,5153.0,41.68693834703355,15.7268,45
449260853,,,0.572925,0.581736,3294.0,6.755196056188559,12.5426,45
427399006,,,0.597319,0.611435,3241.0,13.502009657182777,15.847,45
264744548,,,0.590628,0.603121,3061.0,9.988264055853191,15.554,45
323348376,,,0.45072,0.453906,2958.0,6.6041074423836985,16.9848,45
220321768,,,0.8,0.758532,4905.0,2.5118864315095824,15.0684,45
220151532,,,1.36,1.43225,6553.0,32.35936569296281,14.1816,45
117859314,,,1.09,1.33018,5959.0,40.7380277804113,13.8906,45
178336197,,,0.44382,0.447448,3244.0,35.481338923357534,15.3351,45
355671693,,,0.48,1.01845,3546.0,7.585775750291836,15.2258,45
427459889,,,0.58,1.20703,3807.0,7.549087107429675,14.8507,45
176511874,,,1.17,1.74847,6164.0,39.81071705534969,14.6747,45
184189868,,,0.77,1.49005,4795.0,4.073802778041131,15.0257,45
427454958,,,1.47,2.51906,6811.0,11.862685150982175,9.057,45
118125375,,,0.86,1.07675,5126.0,7.585775750291836,15.8944,45
427374353,,,0.446242,0.449709,3151.0,13.29245922242901,16.2916,45
177443355,,,1.11,1.27225,6010.0,34.673685045253166,12.4666,45
433665887,,,1.06,1.06132,5849.0,21.379620895022324,14.9123,45
433138528,,,0.98,1.2864,5553.0,15.13561248436207,14.9463,45
220110330,0.007447588535073783,0.007048194296788929,1.17,1.38526,6147.0,32.35936569296281,14.9419,45
427396375,,,0.57729,0.586927,3954.0,8.14509172457042,16.0487,45
18976258,,,0.652326,0.684376,3438.0,21.87761623949552,16.2843,45
427455126,,,0.354055,0.367205,4000.0,2.0,17.4872,45
50662805,,,0.398818,0.406516,3017.0,6.0,16.725,45
279583249,,,0.55655,0.562716,3230.0,7.423263866975933,16.3408,45
50658418,,,0.462519,0.465089,3094.0,6.0,16.638,45
125645566,,,1.02,2.41802,5721.0,6.165950018614822,12.681,45
436017084,,,0.488608,0.490519,3647.0,4.897788193684466,16.5801,45
42557875,0.013081271268808524,0.014867569574733033,0.464066,0.466569,3261.0,22.387211385683376,15.9471,45
434320175,,,0.9,1.17295,5260.0,46.77351412871982,14.7953,45
457231964,,,0.481633,0.483618,3196.0,10.47868740023172,15.9511,45
427374819,,,0.423032,0.428308,3513.0,2.0,17.4312,45
117601674,,,1.0,2.29998,5648.0,41.68693834703355,15.2769,45
48882615,,,0.67,0.788851,4305.0,32.35936569296281,14.2663,45
200478308,,,0.609297,0.626634,3136.0,12.701914271185116,15.797,45
220339098,,,0.65,1.25156,4122.0,2.5118864315095824,14.7715,45
459991003,,,1.06,2.02877,5870.96,13.126752370537938,10.6176,45
332861384,,,0.36,1.12516,3338.0,7.51095451075347,16.7525,45
11286398,,,0.404974,0.412012,3111.0,14.427611271075666,16.8875,45
50790547,,,0.609381,0.626742,3332.0,6.853124744524618,15.4213,45
175884319,,,1.09,2.04054,5957.0,38.01893963205613,14.7609,45
264740187,,,0.512227,0.514526,3197.0,6.7209565023899245,16.0348,45
50744852,,,1.45,1.77261,6775.0,7.26438182154771,10.9125,45
391383043,,,0.86,1.21375,5097.0,16.98243652461746,14.6544,45
178330749,,,0.48141,0.483398,3542.0,34.673685045253166,16.3477,45
220154847,,,1.2,1.43032,6222.0,32.35936569296281,14.7573,45
200478574,,,0.659378,0.694224,3204.0,12.273705646252726,15.3133,45
264681700,,,1.04,1.55841,5807.33,8.653627612994805,11.0132,45
50529965,,,0.63,1.21835,4045.0,8.653850330726218,13.4241,45
53238417,,,0.621608,0.642676,3359.0,22.387211385683376,14.2615,45
264681873,0.022349996080854303,0.0368399629579378,1.02,0.655807,5711.0,14.771935068376443,17.3482,45
388917877,,,1.12,4.05934,6035.25,6.832384202478803,10.2712,45
269118108,,,0.593993,0.607286,3343.0,7.469730179904404,15.2692,45
50787644,,,0.564736,0.572135,2988.0,9.0,16.387,45
712845466,,,0.91,0.571338,5291.0,13.579573809742044,18.1937,45
177446859,,,1.0,1.3297,5622.0,23.442288153199225,16.0673,45
200546426,,,0.580215,0.590436,3059.0,14.0,16.3653,45
18061143,,,0.76,0.690505,4743.0,21.87761623949552,15.5949,45
180588905,,,1.13,2.69784,6063.0,26.915348039269137,15.0269,45
177598458,,,0.693,0.828251,4425.0,34.673685045253166,14.8086,45
323346101,,,0.590863,0.603411,3183.0,4.897788193684466,16.1317,45
427400280,,,0.525931,0.528954,3283.0,13.662417334522075,16.1878,45
433147126,,,0.92,1.84169,5325.0,47.863009232263806,15.8769,45
4249686,,,0.459633,0.462337,3117.0,5.79070870073453,16.188,45
156143923,,,0.633215,0.65817,3086.0,4.897788193684466,15.6485,45
50525924,,,0.62,0.952143,3951.0,8.288305293312465,14.0915,45
388935255,,,1.12,2.67541,6039.0,13.485344448764367,9.9121,45
180147056,,,1.0,1.87959,5633.0,45.70881896148752,15.7884,45
360030175,,,0.56,1.04245,3730.0,7.585775750291836,15.5634,45
355677726,,,0.65,1.38292,4155.0,7.585775750291836,15.2826,45
42889510,,,0.474723,0.476856,3517.0,35.481338923357534,16.3515,45
388850900,,,0.5,1.20297,3582.0,7.985972889684953,15.0696,45
181194331,,,0.93,1.21694,5355.0,45.70881896148752,16.1546,45
177195700,,,1.32,2.21764,6471.0,15.13561248436207,15.1412,45
11198135,,,0.51,0.981041,3603.0,5.983178770528241,15.3546,45
177444625,,,0.96,0.846047,5484.0,34.673685045253166,14.2063,45
352324259,,,0.607011,0.623702,3195.0,7.585775750291836,16.5094,45
50524275,,,0.425888,0.430911,3187.0,32.35936569296281,14.8372,45
264742888,,,0.655454,0.688734,3215.0,8.36577639270302,14.9084,45
79294561,,,1.41,1.13017,6662.0,25.118864315095824,13.2005,45
4353196,,,0.494164,0.496076,3083.0,6.36836416884572,16.2215,45
427395637,,,0.626841,0.649619,3712.0,12.8336162477936,16.3609,45
11294900,,,0.582475,0.593164,3222.0,10.595658366971085,15.5095,45
119174292,,,0.63,1.05532,4043.0,11.748975549395302,16.109,45
436157308,,,0.574927,0.58411,3325.0,9.813845004387431,15.7853,45
50745924,,,0.549338,0.55456,3052.0,10.041850877486198,16.6198,45
217081800,,,1.37,3.42624,6582.0,35.481338923357534,14.844,45
459990745,,,0.448912,0.452209,3039.0,10.358279720237356,16.6753,45
427350482,0.008738407252810861,0.0032950156700291638,1.02,1.44932,5713.0,14.593546293173585,11.9395,45
177927589,,,1.48,1.31672,6837.0,23.442288153199225,15.1125,45
118794509,,,0.77,0.986354,4792.0,11.748975549395302,15.0668,45
147700345,,,0.512447,0.514755,3591.0,34.673685045253166,15.982,45
11196528,,,0.392921,0.401277,2958.0,5.0,17.0826,45
177522938,,,0.84,1.06131,5035.0,23.442288153199225,15.9319,45
388917988,,,0.664134,0.700908,3442.0,9.386237562954696,13.9966,45
200477078,,,0.591708,0.604454,2979.0,14.0,16.3236,45
204552240,,,1.04,2.19908,5803.0,47.863009232263806,15.8899,45
217087048,0.007476726776651333,0.0074345512676419045,1.41,2.9546,6662.0,35.481338923357534,15.2659,45
264463775,,,1.12,2.06191,6032.36,14.071312247114871,10.9078,45
264740510,,,0.583604,0.594531,3164.0,6.69990993485963,15.6707,45
151469191,,,1.16,1.16129,6133.0,46.77351412871982,13.4486,45
395473539,,,1.04,1.16902,5804.0,19.952623149688787,16.0478,45
61581618,,,0.502,0.689914,3585.0,35.481338923357534,13.4865,45
53898759,,,0.78,1.12784,4802.0,32.35936569296281,12.9271,45
220135040,,,0.66,1.17162,4236.0,26.915348039269137,16.1758,45
50663459,,,0.587901,0.59977,3315.0,12.17556861033847,15.5786,45
117992369,,,1.05,1.95141,5814.0,7.585775750291836,14.6394,45
457249388,,,0.648592,0.679195,3027.0,8.436735269135706,15.4445,45
427378987,,,0.5,1.15113,3576.0,14.03551258766364,14.7054,45
427449918,,,0.35,1.14212,3313.0,7.945636398031412,15.1188,45
457249752,,,0.513017,0.515347,3206.0,12.09078068525882,15.7102,45
755670567,,,0.429,0.5025,3448.0,25.0,15.6741,45
401559410,,,1.48,2.52036,6839.0,42.65795188015926,13.9849,45
388851007,,,0.366229,0.377807,2998.0,14.046330550421768,16.8043,45
395473271,,,1.19,2.38859,6207.0,19.952623149688787,14.4911,45
72553083,,,0.97,1.82259,5533.0,8.51138038202376,13.8009,45
220338676,,,0.78,1.5153,4806.0,2.5118864315095824,14.5556,45
178640498,,,0.959,0.959839,5479.0,34.673685045253166,13.59,45
264541836,,,0.63,1.13663,4038.0,7.646516853701262,13.5807,45
309796915,,,0.586288,0.597798,3732.0,4.897788193684466,16.1074,45
459990756,,,0.589106,0.601248,3394.0,14.786515704764042,15.1709,45
180374178,0.015464930604101855,0.01577727739302271,1.37,1.95565,6592.0,38.01893963205613,15.4141,45
427396963,,,1.08,1.30138,5936.0,13.941267534949194,13.2754,45
231163276,,,0.93,0.970753,5363.0,2.5118864315095824,15.6987,45
220064970,,,0.569642,0.577865,3051.0,10.19249931715052,15.9376,45
177281625,,,1.0,1.05534,5624.0,47.863009232263806,15.3194,45
220119732,,,1.1,1.22612,5985.0,32.35936569296281,15.6831,45
355669906,,,0.46,1.16453,3510.0,7.585775750291836,15.4511,45
264621792,,,0.62,0.997453,3961.0,5.4338565538222205,14.023,45
264629398,,,1.26,1.50635,6350.45,13.445289480708809,10.5277,45
264541470,,,1.01,1.88948,5692.1,7.741185674725749,11.7646,45
433139145,,,1.36,2.77953,6560.0,47.863009232263806,14.3038,45
178779873,,,0.62,0.5866,4000.0,34.673685045253166,16.2054,45
18238464,,,0.595691,0.609401,3398.0,21.87761623949552,16.1782,45
50795400,,,0.644261,0.673222,3240.0,12.363891485839236,15.0919,45
151448384,,,1.2,1.69751,6221.0,23.442288153199225,14.9709,45
11406524,,,0.496348,0.498275,3155.0,13.629843591180109,16.1786,45
11194864,,,0.96,1.36505,5464.0,5.491921080164543,12.8391,45
72175089,,,0.93,1.26507,5358.0,16.218100973589298,15.0681,45
43992434,,,1.311,1.58268,6456.0,5.754399373371567,11.6476,45
433149612,,,1.37,1.80127,6580.0,35.481338923357534,14.4761,45
182714965,0.006402788337296916,0.0061041399513847485,1.102,2.08941,5987.0,6.606934480075965,14.994,45
4254880,,,0.633911,0.659111,3250.0,9.912619276293409,15.2124,45
427395793,,,0.55063,0.556012,3497.0,10.718319680951698,15.2217,45
388935380,,,0.566186,0.573822,2855.0,11.580110267544155,16.1131,45
118611629,,,0.96,1.05958,5498.0,41.68693834703355,15.049,45
167825322,,,0.9,1.49144,5246.0,28.84031503126605,15.1642,45
138828552,,,0.517453,0.519983,2967.0,9.0,16.0537,45
50582867,,,0.61,1.03893,3938.0,7.155363449737103,14.1571,45
131665365,,,1.18,1.44881,6173.0,28.84031503126605,14.2167,45
332913416,,,0.618375,0.638423,3139.0,8.205713563936996,16.2038,45
1615311914,,,0.88,1.45651,5196.0,7.413102413009177,14.9469,45
264621811,,,0.518279,0.52085,3244.0,14.424700131475204,16.3168,45
220054040,,,0.77,0.981754,4765.0,8.587472128416797,14.0203,45
173684941,,,0.684,0.939122,4375.0,5.754399373371567,14.1456,45
123887848,,,0.395565,0.403624,3109.0,22.387211385683376,16.4174,45
427450857,,,1.24,1.50344,6300.01,4.897788193684466,11.3913,45
323418681,,,0.65,1.03922,4153.0,5.220863267644459,13.8249,45
332856517,,,0.666478,0.704213,3015.0,9.262984516976587,15.0619,45
138941105,,,0.580804,0.591145,3132.0,6.025691448665573,15.7493,45
1640403930,,,1.33,1.87062,6495.0,28.183829312644548,14.6263,45
464840274,,,0.47483,0.47696,3085.0,10.128331555802635,15.1728,45
24774665,,,0.54,0.931847,3671.0,8.552624773987045,14.4348,45
177105889,,,1.24,1.63538,6301.0,9.332543007969903,15.6661,45
123838717,,,0.40154,0.408943,3112.0,35.481338923357534,15.7453,45
220291089,,,1.0,1.21401,5634.0,2.5118864315095824,15.8889,45
11200920,,,1.15,1.46371,6105.56,12.75556344823372,12.7864,45
4294319,,,0.59691,0.610923,3312.0,8.408588389045615,15.2134,45
50897523,,,0.39,1.20715,3385.0,10.445487558839153,15.1683,45
177015349,,,1.13,1.30077,6049.0,23.442288153199225,16.3006,45
264541607,,,1.01,1.37647,5670.0,6.529132138421891,12.0213,45
50793259,,,0.75,1.1636,4696.0,9.741363365955827,13.0712,45
72781440,,,1.08,1.21064,5914.92,4.897788193684466,12.4048,45
178483611,,,0.79,0.699346,4843.0,34.673685045253166,14.8407,45
269117145,,,0.635534,0.661306,3171.0,14.739508495497962,15.0982,45
138905437,,,1.27,1.95833,6371.18,5.035778191260604,11.2824,45
32524223,,,0.651754,0.68358,3272.0,25.0,14.3358,45
276661163,,,0.595714,0.609428,3165.0,9.621609615313268,15.6956,45
178476266,,,1.068,0.983943,5887.0,34.673685045253166,13.0876,45
443331502,,,0.504103,0.506153,3322.0,22.387211385683376,14.4453,45
200546236,,,0.573645,0.582589,3128.0,4.897788193684466,16.3779,45
427351899,,,0.667995,0.706355,3347.0,10.867487721020009,15.1995,45
50625257,,,1.16,1.01799,6128.0,4.897788193684466,12.124,45
50524073,,,1.49,3.54838,6879.88,10.25019456417585,10.5141,45
138828464,,,0.532857,0.536399,3134.0,13.313293086026254,15.9756,45
184759728,,,1.34,2.62554,6517.0,12.30268770812381,13.7494,45
179843200,,,1.05,1.01753,5824.0,45.70881896148752,15.9054,45
427454047,,,0.591222,0.603855,3260.0,9.64710723584913,15.733,45
50721992,,,0.485691,0.487623,3078.0,10.527158340971027,16.4298,45
50526734,,,0.6,0.647146,3870.0,5.418018046910319,14.799,45
436013376,,,0.554,1.2774,3716.0,7.561197617485887,14.0914,45
4350208,,,0.422366,0.427701,3092.0,10.835615551002723,16.3667,45
143211424,,,0.84,1.48865,5046.0,8.51138038202376,14.7185,45
144733711,,,0.535112,0.538846,2889.0,4.897788193684466,16.6166,45
464839978,,,0.574351,0.583426,3718.0,4.897788193684466,15.5303,45
432298656,,,0.91,1.0462,5281.0,5.754399373371567,14.1443,45
1641995822,,,0.96,1.84827,5493.0,46.77351412871982,15.1614,45
359607793,,,0.46,1.13174,3507.0,7.585775750291836,15.4844,45
117339554,0.005939342196222561,0.005348250678227264,1.0,2.78759,5633.0,45.70881896148752,14.5373,45
120611902,,,0.432807,0.437252,3399.0,34.673685045253166,16.6106,45
294312308,,,1.01,1.70267,5675.0,46.77351412871982,13.4529,45
264483911,,,0.364071,0.375924,2994.0,14.436429823470252,17.2234,45
19235908,0.006188962684779581,0.0055923125635668055,0.69,1.04905,4413.0,21.87761623949552,14.5691,45
11202464,,,0.303585,0.323496,3155.0,14.03449218827206,15.8875,45
116479596,,,0.93,1.53648,5370.0,12.30268770812381,15.6308,45
264743504,,,0.49,1.1726,3569.0,9.872530656376668,14.0099,45
162607203,,,1.41,1.81426,6680.0,38.904514499428046,14.5948,45
50524993,,,0.506115,0.508215,3436.0,37.15352290971728,15.8838,45
177926668,,,0.76,0.690921,4720.0,34.673685045253166,14.8286,45
178252868,,,0.919,0.854642,5327.0,34.673685045253166,13.7382,45
220281939,,,0.654621,0.687571,3210.0,2.5118864315095824,16.3202,45
433178692,,,1.05,1.72455,5824.0,13.80384264602884,15.3754,45
368420470,,,0.558565,0.565018,3210.0,7.585775750291836,16.2256,45
220074181,,,0.555425,0.561435,3162.0,8.575381795126699,16.0073,45
229342320,,,0.96,1.14716,5467.0,32.35936569296281,15.2814,45
115498907,0.003719662820051853,0.0029678324886419265,1.12,2.89882,6029.0,41.68693834703355,13.4712,45
427451327,,,0.638806,0.665754,3201.0,9.36804819524552,15.8302,45
222575608,,,1.03,1.80564,5746.0,33.11311214825908,14.375,45
264461572,,,0.410258,0.416753,2979.0,14.593824005974028,16.9179,45
340976229,,,1.19,1.40523,6195.0,26.915348039269137,14.8356,45
50790843,,,0.9,0.804753,5254.0,11.397290719632297,14.0829,45
215944897,,,1.22,2.99571,6259.0,15.848931924611142,14.4845,45
424392165,,,0.91,1.25351,5310.0,21.379620895022324,15.1667,45
144666675,,,0.568667,0.576721,3043.0,14.0,16.082,45
427396751,,,0.666591,0.704372,3449.0,5.3225105390989285,14.8932,45
1447778622,,,0.78,1.0845,4819.0,33.11311214825908,15.5686,45
264541015,,,0.397211,0.405086,3111.0,13.486187786360428,17.0636,45
332914011,,,0.91,1.32031,5286.0,13.27764591560599,13.299,45
116482015,0.004494490905305534,0.003865852094031061,1.19,3.17653,6190.0,29.51209226666384,14.0307,45
427395946,,,0.605843,0.62221,3186.0,8.527671451161904,15.5475,45
264588520,,,0.607083,0.623794,3227.0,8.959533134465644,15.3756,45
361102894,,,0.78,1.17352,4823.0,42.65795188015926,15.2934,45
427350883,,,0.95,2.36367,5446.0,8.507742211475847,10.9279,45
382935181,,,0.61315,0.63161,3362.0,21.87761623949552,16.051,45
229357200,,,0.88,1.06773,5190.0,32.35936569296281,16.465,45
427347067,,,0.71,1.32236,4502.0,14.809721344050406,13.486,45
11295162,,,0.62,1.25464,3984.0,5.416264288834495,14.3808,45
264626678,,,0.512497,0.514807,3152.0,8.988888731581586,15.9353,45
427352143,,,0.429608,0.434315,3503.0,9.465729215467253,14.4492,45
18671383,,,0.62,1.21171,3973.0,21.87761623949552,14.7149,45
369517425,,,0.971,0.915148,5523.0,35.481338923357534,11.4617,45
368540051,0.003485270525089326,0.0022848193921362627,1.21,1.72042,6239.0,7.585775750291836,13.0818,45
276661520,,,0.635399,0.661124,3168.0,5.777070278244551,15.6112,45
50897631,,,0.569184,0.577328,3172.0,12.131209518862342,16.129,45
79435461,,,0.66,0.920591,4203.0,25.118864315095824,15.4698,45
427347398,,,0.483964,0.485915,3207.0,5.0,16.6528,45
50586213,,,0.362912,0.374914,3011.0,11.193113468380115,16.4466,45
427373602,,,1.01,0.923529,5685.0,9.674003896428014,14.9918,45
427353043,,,0.92,1.19952,5324.0,5.8141682111471145,13.4648,45
50748036,,,0.89,1.66633,5205.0,9.37517991651017,14.8684,45
4378555,,,0.55,0.902464,3694.0,11.720529634785253,14.5712,45
42888445,,,0.606297,0.622789,3385.0,22.387211385683376,15.1379,45
427334021,,,0.394677,0.402835,3812.0,2.0,17.161,45
388918167,,,0.512738,0.515058,3194.0,7.758651295375034,16.1091,45
138935911,,,0.623958,0.645784,3389.0,11.138333409351866,14.9723,45
45828472,,,0.96,1.67785,5489.0,14.791083881682072,15.5767,45
264620776,,,0.667139,0.705147,3554.0,9.899063621234248,14.4079,45
50794091,,,0.484394,0.48634,3204.0,2.0,16.9647,45
166033052,,,0.76,1.21559,4757.0,28.84031503126605,15.1457,45
182127811,,,1.07,1.6638,5879.0,6.606934480075965,15.187,45
172485050,,,1.17,0.98896,6152.0,12.30268770812381,14.9116,45
180369787,,,1.38,1.90978,6613.0,38.01893963205613,15.6501,45
264459650,,,0.410206,0.416706,3102.0,11.043060218675356,16.6681,45
427352931,,,0.633286,0.658266,3972.0,13.626960909512269,14.7401,45
432334276,,,1.42,1.76607,6708.0,47.863009232263806,14.2876,45
426186093,,,0.539122,0.543226,2956.0,14.925765018433358,16.3891,45
407405597,,,1.48,2.30206,6850.0,21.379620895022324,15.9663,45
433391819,,,1.15,1.69153,6109.0,47.863009232263806,14.3381,45
138905803,,,0.55,0.996314,3718.0,14.74107615412245,14.4072,45
119749593,,,0.44744,0.450829,3190.0,35.481338923357534,15.6912,45
229301334,,,1.02,1.08514,5724.0,32.35936569296281,15.2638,45
177075127,,,1.13,1.60434,6066.0,23.442288153199225,15.749,45
225459501,,,0.99,2.09722,5618.0,6.918309709189363,15.8439,45
42761346,,,0.651549,0.683296,3328.0,22.387211385683376,14.9129,45
388935434,0.0078844318738686,0.003676432813692147,1.02,2.1788,5736.0,12.903139737350685,12.3844,45
50529608,,,0.527146,0.530252,3116.0,13.661777764387995,16.0572,45
175883173,,,0.96,1.93978,5468.0,38.01893963205613,15.9624,45
43243102,,,0.582675,0.593405,3519.0,22.387211385683376,14.9764,45
4356484,,,0.493716,0.495626,2963.0,13.00776035443316,16.483,45
370313729,0.0035675995924935307,0.002538703210087875,1.06,4.04589,5856.0,26.915348039269137,13.2457,45
427392918,,,0.38,0.532533,3375.0,14.760753939788351,17.813,45
119626412,,,1.13,1.24346,6048.0,11.748975549395302,15.5629,45
199898153,,,0.52,0.99797,3625.0,9.285998843200524,14.7781,45
125636883,0.005453072943516971,0.004974373615667076,1.04,2.75683,5791.0,23.442288153199225,14.6532,45
427349495,,,0.479838,0.481854,3298.0,5.0,16.2551,45
427449750,,,0.498604,0.500555,3257.0,10.364262875506665,16.0855,45
178476306,,,0.69,0.701224,4385.0,34.673685045253166,15.1802,45
1785559079,,,1.08,1.67387,5912.0,18.197008586099827,15.8748,45
204251228,,,1.07,1.794,5890.0,9.332543007969903,14.9832,45
34512462,,,0.536928,0.540825,3175.0,14.697092716447408,15.9553,45
368960150,,,0.655553,0.688872,3298.0,7.585775750291836,15.7614,45
138856013,,,1.45,1.46225,6773.0,13.82032967545326,11.0233,45
436158931,,,1.33,2.98342,6487.0,8.028268866087567,9.6932,45
124333468,,,0.59,1.17673,3822.0,15.848931924611142,16.339,45
264463483,,,1.49,3.2849,6858.0,10.402568699992734,9.8153,45
35575158,,,0.84,0.662711,5056.0,22.90867652767775,16.1272,45
332856467,,,0.78,1.20152,4807.0,14.36102320130666,14.33,45
50524538,,,0.576971,0.586546,3287.0,14.170233565525812,15.4052,45
50589502,,,0.533032,0.536588,3165.0,5.0691684270239445,16.065,45
138859208,,,1.14,0.994259,6094.0,4.897788193684466,12.0987,45
24775302,,,0.590288,0.602703,3170.0,6.27041709297175,15.5786,45
290173549,,,0.625553,0.647903,3041.0,12.750617822258898,15.7263,45
50898559,,,0.593484,0.606654,3313.0,9.057173582914787,15.2404,45
11197871,,,0.35,0.953166,3324.0,10.767440832213053,15.5377,45
427374641,,,0.544216,0.548847,3340.0,10.66662573879148,16.2547,45
435410405,,,1.46,2.08294,6789.0,15.848931924611142,15.4086,45
388935128,,,0.544836,0.549534,3191.0,11.020426559103557,15.6997,45
457249867,,,1.34,1.77113,6522.27,9.313932998135703,10.7833,45
217081845,,,1.31,2.37159,6464.0,35.481338923357534,15.5987,45
138936675,,,0.618752,0.638917,3391.0,9.75697133405987,15.1132,45
31829580,,,0.99,1.3587,5593.0,23.442288153199225,16.0244,45
11401568,,,1.324,2.53779,6484.0,10.776920024880976,9.35979,45
427374523,,,0.558749,0.565229,4136.0,2.0,16.3411,45
1765742668,,,1.06,1.27065,5873.0,43.65158322401656,16.3314,45
229276561,,,1.32,1.49017,6467.0,32.35936569296281,13.8024,45
200546199,,,0.604808,0.620891,2932.0,13.083000962084956,15.9434,45
427454398,,,0.55,1.09692,3703.0,6.837435222290049,14.4504,45
464839215,,,0.59,0.986619,3834.0,14.317139043086849,14.5224,45
50530028,,,0.640138,0.667571,3243.0,9.345810500319642,15.2061,45
216944615,,,1.32,2.5765,6472.0,35.481338923357534,14.6072,45
433139285,0.004164678934544364,0.0035407852207642292,1.49,3.71774,6877.0,47.863009232263806,13.8656,45
51806107,,,1.32,1.34295,6468.0,21.87761623949552,12.0455,45
427373774,,,0.589484,0.601713,4024.0,7.841774679378152,15.3813,45
186116913,,,1.02,2.64549,5732.0,47.863009232263806,14.6599,45
50584224,0.012973132092481165,0.002069492169776811,1.35,1.29565,6541.0,9.453069646821334,10.0982,45
117212290,,,1.09,1.91702,5944.0,46.77351412871982,15.188,45
35645007,,,0.354223,0.367351,3129.0,35.481338923357534,15.3118,45
207045286,,,0.42,0.940962,3436.0,19.05460717963248,16.5144,45
17961446,,,0.96,1.07059,5498.0,21.87761623949552,15.0519,45
78959158,,,0.9,1.40462,5264.0,25.118864315095824,13.6153,45
427373552,,,0.396675,0.40461,3400.0,2.0,17.0822,45
1765579214,,,0.97,1.46065,5526.0,38.01893963205613,15.6825,45
333598856,,,1.17,2.61482,6162.0,15.13561248436207,15.7826,45
180590427,,,0.85,1.76162,5095.0,31.6227766016838,16.099,45
11300041,,,1.11,2.55416,6010.03,14.141823740611713,12.7665,45
50525237,,,0.486958,0.488879,3059.0,9.0,16.345,45
323349195,,,0.52,1.00052,3634.0,9.111524054436554,14.4585,45
388850982,,,0.62,1.23399,3974.0,5.877616650946137,14.2544,45
215947862,,,0.91,2.00824,5312.0,15.848931924611142,16.0526,45
319288682,,,1.127,1.4113,6052.0,34.673685045253166,12.3916,45
264486436,,,0.457505,0.460315,3199.0,5.478083644929673,16.4319,45
432658874,0.00991714473073175,0.009537231195160166,1.14,2.59334,6093.0,47.863009232263806,15.0537,45
459991025,,,0.61,0.995875,3910.0,13.222972581884155,13.9077,45
59472588,,,1.0,1.51703,5650.0,32.35936569296281,15.0467,45
427455920,,,0.640158,0.667599,2989.0,10.121012942169113,15.2584,45
156143885,,,0.456,0.905982,3494.0,6.1192750152856,15.1077,45
264536938,,,0.46,0.93539,3498.0,11.2583719530919,14.8222,45
79636528,,,0.41052,0.416988,3441.0,34.673685045253166,15.8312,45
177985256,,,1.21,1.49813,6236.0,23.442288153199225,14.7481,45
220187492,,,0.76,1.1434,4748.0,2.5118864315095824,15.4108,45
200604683,,,0.44893,0.452226,3041.0,14.0,17.1266,45
457229537,,,0.635788,0.661652,3005.0,11.9121002499725,15.2581,45
229385500,,,1.24,3.79173,6301.0,32.35936569296281,13.3265,45
177324267,,,1.1,1.11158,5988.0,47.863009232263806,15.4801,45
220322512,,,0.79,0.941357,4867.0,2.5118864315095824,14.7536,45
50622890,,,0.625122,0.64733,3379.0,8.36304025820302,15.9755,45
11293404,,,0.521831,0.524596,3187.0,13.598379525385138,16.4076,45
177323239,,,1.49,1.47466,6881.0,47.863009232263806,14.2102,45
185893609,,,1.0,1.943,5655.0,15.13561248436207,15.8142,45
464838386,,,0.488964,0.490874,3181.0,6.4911420215063576,16.2335,45
42565344,,,0.554521,0.560409,3392.0,22.387211385683376,15.0845,45
176404057,,,0.362209,0.374301,3045.0,5.0,16.3566,45
1640471909,,,1.49,1.59669,6860.0,15.13561248436207,13.5364,45
50787928,,,0.532407,0.535912,2995.0,7.0,16.0878,45
332918796,,,0.61,1.27177,3940.0,11.700278966961552,14.3921,45
284284099,,,0.61,1.31558,3947.0,14.795350933162176,13.7904,45
4249592,,,0.5504,0.555753,3194.0,13.688254617522174,15.7681,45
370322294,,,0.72,0.638177,4558.0,7.585775750291836,16.7308,45
175443558,,,1.4,2.08879,6652.0,39.81071705534969,15.3064,45
284997521,,,0.53,0.95229,3646.0,8.17571162626647,14.8236,45
50618770,,,0.510706,0.512949,3189.0,7.982593305787342,15.8552,45
11289741,,,0.52,0.953108,3618.44,13.251860553328186,14.5055,45
427395619,,,0.627921,0.651061,3567.0,4.897788193684466,16.1514,45
217076529,,,1.45,2.37294,6758.0,35.481338923357534,15.1117,45
119939971,,,0.329858,0.346237,3064.0,35.481338923357534,16.4748,45
163727752,,,1.06,1.41941,5868.0,43.65158322401656,15.2726,45
120543808,,,0.516766,0.519261,3268.0,35.481338923357534,15.6488,45
1631371332,,,1.22,1.10228,6269.0,23.988329190194897,16.1694,45
50897351,,,0.504437,0.506494,3223.0,6.322962492134577,16.0583,45
359885830,,,0.652499,0.684616,3626.0,7.585775750291836,16.4704,45
264530560,,,0.61,1.1595,3945.0,21.87761623949552,14.6903,45
19131386,,,1.4,1.81508,6640.0,21.87761623949552,12.6172,45
358581703,,,0.619,0.946761,3972.0,7.585775750291836,14.4688,45
11196449,,,0.59,1.22067,3855.57,14.325910830222776,14.0979,45
11289756,,,0.471087,0.473328,3039.0,6.0,15.9677,45
433329015,0.0135317152083533,0.01516517190247936,0.89,1.30926,5227.0,13.80384264602884,15.884,45
50793652,0.005913663646746437,0.005316932861738545,0.62,1.25868,3982.0,6.870367769409419,14.5229,45
184157923,,,0.63,1.31865,4050.0,6.606934480075965,15.3783,45
337165249,,,0.72,0.807457,4560.0,46.77351412871982,15.6296,45
115828438,,,1.11,1.5788,6016.0,15.13561248436207,15.2587,45
200601094,,,0.511019,0.513273,3279.0,22.387211385683376,14.7341,45
79693336,,,0.81,1.0213,4918.0,25.118864315095824,14.5587,45
50790867,,,0.477794,0.479852,3107.0,12.73930604906284,16.4852,45
427376511,,,0.602134,0.617496,3317.0,8.055193210291446,15.613,45
427349004,,,1.1,1.35818,5988.0,7.037150898037873,14.3028,45
185440350,,,1.45,2.13587,6777.0,12.30268770812381,15.3536,45
427349399,,,0.48,0.941642,3549.0,7.282279959886279,15.0813,45
385885142,,,0.76,1.30413,4741.0,7.585775750291836,13.6781,45
50745788,,,0.534876,0.53859,3136.0,4.897788193684466,16.681,45
47356379,,,1.4,1.989,6655.0,38.01893963205613,15.1634,45
264681135,,,0.416623,0.422493,3184.0,6.172137127320356,17.0091,45
264594164,,,0.537782,0.541758,3129.0,9.010675685025603,15.7617,45
427352269,,,0.5,0.989205,3572.0,14.982131077291765,14.9913,45
203562804,,,0.61,0.670274,3913.0,5.754399373371567,16.2845,45
144666774,,,0.474324,0.476468,3585.0,4.897788193684466,16.0144,45
427454508,,,0.514545,0.51694,3477.0,6.438461971697774,16.2222,45
175454690,,,0.82,1.36598,4971.0,39.81071705534969,16.2671,45
712856638,,,0.48,0.673093,3539.0,4.897788193684466,15.8896,45
391855625,,,1.18,1.15694,6168.0,42.65795188015926,16.2317,45
50658362,,,0.56,1.03993,3722.0,10.914936723670031,14.9941,45
1765889626,,,0.99,1.15584,5608.0,45.70881896148752,15.8649,45
425579078,,,1.05,1.18252,5817.0,21.379620895022324,15.228,45
427353088,,,0.596251,0.610099,3448.0,5.512991174284474,15.4757,45
264680640,,,0.472468,0.474666,3025.0,6.0,16.6152,45
118123501,,,0.91,1.2786,5289.0,45.70881896148752,16.0104,45
119242947,,,0.646223,0.675923,3702.0,35.481338923357534,14.0643,45
42761325,,,0.553357,0.559088,3367.0,22.387211385683376,15.2459,45
138940982,,,0.429258,0.433994,2957.0,5.0,16.8748,45
11355256,,,0.49,1.09796,3550.0,9.273075729160842,15.3497,45
119028749,,,0.491629,0.493534,3123.0,22.387211385683376,15.3867,45
177323259,,,0.92,1.22685,5343.0,47.863009232263806,15.4729,45
42905264,0.0057031731203336005,0.005243770076446166,1.05,1.90796,5815.0,20.417379446695275,14.7198,45
109034760,,,1.01,3.31254,5660.0,7.413102413009177,14.2762,45
318280095,,,1.49,1.94025,6873.0,34.673685045253166,10.9515,45
264189481,,,0.77,1.02178,4759.0,21.87761623949552,13.9468,45
459991729,,,0.68,1.20701,4380.0,6.928768686639621,13.3219,45
433152214,0.007984353040783968,0.007855117044287426,1.07,1.20581,5891.0,15.13561248436207,15.2008,45
449307157,,,0.54,0.931871,3691.0,10.80485095709204,14.3745,45
457231765,,,0.533366,0.53695,3224.0,6.6048673192535245,15.742,45
359730066,,,0.589328,0.601522,3095.0,7.585775750291836,16.6688,45
50790151,,,0.580009,0.590188,3111.0,8.789925560718201,16.2514,45
427350030,,,0.560084,0.56676,3161.0,10.119195572360889,16.3552,45
382935705,,,0.63,0.989906,4006.0,21.87761623949552,15.0581,45
50662783,,,0.51009,0.512311,3099.0,10.128373296016491,15.9845,45
359884313,,,0.55,1.06419,3707.0,7.585775750291836,15.1492,45
207045912,,,0.41,0.940304,3422.0,2.5118864315095824,16.1174,45
427374302,,,0.539195,0.543307,3188.0,8.329047977705612,16.7609,45
177198534,,,1.15,1.70685,6112.0,20.417379446695275,14.6623,45
264541549,,,0.449549,0.452807,3119.0,14.442016296579482,16.2433,45
434047120,,,1.03,1.28926,5742.0,21.379620895022324,15.0097,45
390638330,,,0.55508,0.561043,3380.0,21.87761623949552,16.2284,45
177326025,,,1.08,1.9043,5937.0,30.90295432513592,16.089,45
399243154,,,1.087,1.1311,5944.78,21.87761623949552,12.6665,45
138827929,,,0.508435,0.510602,3237.0,6.018874640056724,16.1665,45
264741072,,,0.59,1.13764,3848.0,5.60735613445888,13.8269,45
427352507,,,0.62,1.29037,3980.0,5.371951210809945,15.3754,45
50745441,,,0.45,0.723134,3484.0,5.0,15.2924,45
105924219,,,1.06,1.90181,5864.0,4.073802778041131,14.9004,45
264744554,,,0.48,0.895147,3532.0,12.614280626236358,14.8073,45
50788340,,,0.631,1.21465,4033.0,6.182840269698123,13.3383,45
264630021,,,0.614996,0.634008,3275.0,7.731708645382405,15.0408,45
8032292,,,1.42,2.60264,6688.0,38.904514499428046,14.0746,45
119752283,,,1.097,1.14083,5975.0,35.481338923357534,10.94,45
264541305,,,1.242,1.70326,6312.79,12.546596620677766,10.295,45
177783617,,,0.545273,0.55002,3349.0,34.673685045253166,16.6426,45
120170626,,,0.434455,0.43877,3228.0,35.481338923357534,15.667,45
144667646,,,1.0,2.44487,5655.35,12.851483146983464,10.6692,45
17784710,,,0.551603,0.557108,3315.0,21.87761623949552,16.6397,45
118372445,,,0.82,1.12733,4971.0,7.585775750291836,16.5477,45
50747672,0.01811424548391921,0.026910814787534897,0.529336,0.532601,3430.0,2.0,16.9832,45
138856834,,,0.465106,0.467566,3258.0,4.897788193684466,16.3141,45
123407110,,,0.604505,0.620505,3170.0,25.0,14.8014,45
397998447,,,1.45,1.68142,6768.0,21.87761623949552,11.5929,45
181617857,,,1.16,1.77814,6141.0,31.6227766016838,15.5703,45
117468711,,,1.13,1.95559,6072.0,23.988329190194897,15.3881,45
11199053,,,0.554742,0.56066,3225.0,12.210465516322667,15.7119,45
80287353,0.012594643092710916,0.015157684074061551,0.401698,0.409084,3352.0,34.673685045253166,16.1913,45
388935649,,,0.38213,0.391744,3339.0,2.0,16.3096,45
11295881,,,0.43,1.12687,3453.0,12.474114445101575,14.9418,45
323420300,,,0.663111,0.699468,3585.0,8.049803120057984,14.9455,45
18969102,,,0.566836,0.57458,3651.0,21.87761623949552,15.4287,45
425342909,,,1.08,1.47604,5918.0,21.379620895022324,14.9001,45
427454717,0.003863138813239121,0.003802201283534218,0.634705,0.660184,3375.0,13.698384664605372,15.2034,45
368422484,,,0.46,1.12998,3496.0,7.585775750291836,15.4758,45
182334314,,,1.07,2.38644,5895.0,39.81071705534969,14.3553,45
264740960,,,0.479757,0.481774,2862.0,13.112067489255129,16.5799,45
427347189,,,0.62,1.12534,3978.0,12.150732216885247,14.0294,45
264739025,,,0.57,0.951242,3784.0,12.190890479804237,14.1617,45
1640367726,,,1.1,2.71873,5983.0,36.3078054770101,15.7238,45
138856639,,,0.533749,0.537366,3059.0,9.0,15.9319,45
182137449,,,0.85,1.01236,5071.0,6.606934480075965,13.7046,45
353923218,,,0.602356,0.617777,3277.0,7.585775750291836,15.8634,45
53604541,,,0.378492,0.388544,3263.0,32.35936569296281,17.2319,45
50897645,,,0.596196,0.610031,3225.0,5.222330020104781,15.901,45
264682185,,,0.556148,0.562258,2940.0,5.596046634555872,16.0741,45
204563206,,,0.92,1.58795,5329.0,19.952623149688787,15.7335,45
264462505,,,0.42949,0.434206,3319.0,11.592829724157983,15.73,45
355113663,,,0.576396,0.585859,3197.0,7.585775750291836,16.5743,45
1640472115,,,1.01,1.54212,5682.0,12.30268770812381,16.1002,45
11299247,,,0.667755,0.706016,3233.0,9.343264984358989,15.0882,45
264460163,,,0.527844,0.530999,3176.0,7.198970745134882,15.6674,45
436340738,,,0.408892,0.415525,3120.0,14.0,17.2139,45
125645271,,,1.19,2.13617,6193.0,6.165950018614822,14.1718,45
47360356,0.011180947884162327,0.012887312684351088,1.31,1.94281,6458.0,38.01893963205613,16.0088,45
427351128,,,0.66,1.30118,4230.0,12.328152221204018,13.0503,45
181190146,,,1.04,1.89769,5802.0,26.915348039269137,15.7612,45
318551200,,,0.58,0.777467,3803.0,34.673685045253166,15.7943,45
119449089,,,0.446375,0.449833,3250.0,35.481338923357534,15.9385,45
276660873,,,0.61,0.884217,3924.0,13.725718053213138,14.5519,45
123846209,,,1.13,1.14205,6052.0,22.387211385683376,11.4533,45
220313845,,,0.71,1.26372,4534.0,2.5118864315095824,15.9101,45
200518561,,,0.6,0.972291,3880.0,10.823144224484512,14.4116,45
360743608,,,1.31,1.37897,6446.0,15.848931924611142,16.2485,45
177273464,,,1.06,1.22858,5858.0,47.863009232263806,15.7982,45
172467705,,,0.71,0.776211,4532.0,30.19951720402019,13.3904,45
427396084,,,0.655817,0.689241,3464.0,11.899377983189831,15.0483,45
50749778,,,0.656218,0.689801,3293.0,7.254958335392093,15.5343,45
432678699,,,1.04,1.53107,5807.0,15.13561248436207,14.3516,45
4380382,,,0.376648,0.386926,3268.0,4.897788193684466,16.7452,45
4355797,,,0.379767,0.389665,2922.0,6.201850794652027,17.2925,45
427396025,,,0.644025,0.672897,3409.0,13.551109786446498,15.1891,45
138904089,,,0.54814,0.553218,3180.0,14.020270210959156,15.7453,45
48808811,,,0.91,0.872313,5310.0,32.35936569296281,13.2674,45
358004211,,,1.12,1.62782,6037.0,7.585775750291836,12.9973,45
283201001,,,0.621856,0.643003,3471.0,25.0,14.5415,45
50660128,,,0.637308,0.663715,3289.0,6.064274969064988,14.8676,45
281719969,,,1.47,1.84969,6829.0,36.3078054770101,13.2553,45
388935570,,,0.73,0.568621,4608.0,2.0,15.1802,45
427454583,,,0.610105,0.627674,3358.0,6.691712620881995,15.6698,45
180592092,,,1.07,3.53798,5903.0,31.6227766016838,15.3481,45
50655978,,,1.03,2.18546,5771.0,10.700213095795457,11.3009,45
156187839,,,1.37,1.36603,6584.92,7.100959990550812,11.9797,45
116469725,0.018263707124813094,0.023037889438621353,0.74,1.3802,4668.0,12.30268770812381,16.3794,45
4249814,,,0.608151,0.625162,3285.0,12.303029308247874,15.0739,45
336985598,,,1.16,1.1436,6131.0,46.77351412871982,14.9486,45
72781165,,,1.02,0.880162,5700.0,4.897788193684466,13.802,45
264242811,,,0.96,0.972504,5493.0,21.87761623949552,14.5212,45
53900071,,,0.82,1.08195,4983.0,25.118864315095824,14.6565,45
427374284,,,0.501819,0.503821,3364.0,4.897788193684466,15.9551,45
427374531,,,0.659024,0.693728,3033.0,10.147509451717935,15.7323,45
436012542,,,0.5,0.88752,3586.0,8.84723835301688,15.1879,45
264630579,,,0.438,0.94445,3463.0,11.285937092587725,14.9551,45
332856345,,,0.54,0.893596,3674.0,9.131644587226594,14.9485,45
36548623,,,1.34,1.55573,6511.0,36.3078054770101,14.2748,45
432713706,0.007538701569803012,0.007294425780173556,1.18,1.97973,6179.0,20.417379446695275,15.0945,45
276663865,,,0.561663,0.568578,3158.0,7.53173955548916,16.3635,45
204330548,,,0.97,2.6878,5522.0,9.332543007969903,14.3973,45
358584862,,,0.76,1.19295,4733.0,7.585775750291836,14.0425,45
34511643,,,0.59,1.10927,3834.0,13.236032427711503,14.0634,45
50619066,,,0.652554,0.684692,3089.0,13.685149113891498,14.957,45
432716840,,,1.0,1.59558,5641.0,15.13561248436207,14.6504,45
427379391,,,0.9,1.95534,5257.0,13.802031748137464,11.5644,45
449426625,,,0.355418,0.36839,2890.0,11.0,16.9237,45
50525851,,,0.467,0.898322,3515.0,4.897788193684466,15.2117,45
177987876,,,0.936,0.826395,5392.0,34.673685045253166,13.8901,45
4378537,,,0.438953,0.442926,3078.0,12.346126738656244,16.4573,45
4355537,,,0.51,0.99104,3611.0,10.023513077383702,14.6327,45
50748375,,,0.361337,0.373541,3357.0,37.15352290971728,16.4234,45
459990588,,,0.548619,0.553754,3232.0,12.156222603492818,15.6122,45
388935383,,,0.524444,0.527369,3424.0,2.0,15.2349,45
178162173,,,1.305,1.18354,6444.0,34.673685045253166,12.3579,45
11295089,,,1.01,1.48493,5687.0,9.6687473800343,12.1914,45
397207901,0.015669384037075632,0.020129827694852425,1.0,2.45192,5630.0,19.952623149688787,16.4502,45
457230303,,,0.465903,0.468331,3153.0,10.125110436886198,16.0773,45
144546917,0.003703666566747829,0.0027974847390537746,0.62,1.35731,3997.0,5.857608875326845,13.3637,45
436337018,,,0.52,1.12049,3616.0,14.536959296970954,14.4221,45
332856654,,,0.406593,0.413462,3002.0,14.942390561503768,17.1199,45
204559862,,,1.24,2.04342,6314.0,9.332543007969903,13.8461,45
185377935,,,1.36,3.92,6570.0,29.51209226666384,14.4308,45
264683608,,,0.504458,0.506515,3052.0,6.383756352133872,16.19,45
167975203,,,0.922,1.19988,5340.28,22.387211385683376,11.4978,45
11286201,,,0.622697,0.644114,4157.0,10.922509836257785,16.4327,45
427353136,,,0.480725,0.482725,3261.0,7.019841854672721,16.367,45
432426717,,,0.86,1.25154,5113.0,47.863009232263806,15.7584,45
103854154,,,0.93,2.13977,5370.0,12.88249551693135,13.6605,45
358000194,,,1.149,0.891208,6106.0,7.585775750291836,13.6579,45
125644902,,,0.94,2.46334,5400.0,7.762471166286912,13.9859,45
264739727,0.00418298480233164,0.003608176007679567,0.54,1.10895,3671.0,10.467761854194958,14.0682,45
1641308025,,,0.89,0.642055,5229.0,47.863009232263806,16.6503,45
386395153,,,0.87,1.40817,5156.0,15.848931924611142,16.4416,45
138858183,,,0.56,0.926538,3724.0,9.435292826577715,14.9307,45
436013316,,,1.01,2.09701,5699.0,8.404449374346974,14.052,45
457231158,,,0.420815,0.426292,3467.0,32.35936569296281,14.3016,45
176236839,,,1.39,1.73391,6625.0,15.13561248436207,14.5119,45
120837687,,,0.532654,0.536179,3281.0,35.481338923357534,15.3227,45
11357637,,,1.0,1.59501,5624.0,7.862967059074888,11.8932,45
433510059,,,1.09,1.49747,5947.0,13.80384264602884,15.2256,45
143212135,,,0.71,1.46094,4497.0,8.51138038202376,15.6509,45
216050740,,,1.39,1.45822,6636.0,35.481338923357534,15.6487,45
50790844,,,0.517008,0.519515,3164.0,4.897788193684466,16.1455,45
427353022,,,0.68,1.1708,4367.0,7.3000510893024915,14.6681,45
167374832,,,0.93,1.1896,5383.0,43.65158322401656,15.3075,45
115371467,,,1.1,2.51931,5984.0,28.183829312644548,15.7136,45
284200901,,,0.57,1.01812,3761.0,8.578932466769118,14.6158,45
11295941,,,0.467742,0.470099,3013.0,8.915632927553307,17.0405,45
35585247,,,0.542806,0.547285,3334.0,35.481338923357534,14.5015,45
1653696674,,,0.76,1.3394,4730.0,48.97788193684466,15.1532,45
50619867,,,0.564447,0.571799,3264.0,13.558282050774675,15.6749,45
177986765,,,1.16,1.07438,6124.0,34.673685045253166,12.9451,45
449427802,0.003566771443171162,0.0010039822295383142,1.27,3.7493,6363.0,14.662302730395709,11.3188,45
459991572,,,0.426161,0.43116,3271.0,13.281096582501323,15.9653,45
120096824,,,1.246,1.26621,6320.0,35.481338923357534,10.1133,45
396757121,,,1.05,2.32838,5821.0,42.65795188015926,15.5655,45
427393299,,,0.569055,0.577176,3848.0,10.288513329366094,15.892,45
7628108,,,0.62,1.08943,3991.0,5.754399373371567,14.8309,45
1640440976,,,1.29,2.45832,6413.0,15.13561248436207,14.9928,45
427454336,,,0.329423,0.34586,3861.0,14.17562255430272,17.4128,45
264743503,,,0.54,0.982618,3665.0,10.564250490378614,14.2268,45
119242327,,,1.485,1.4901,6856.0,34.673685045253166,11.0502,45
178637894,,,0.89,0.89658,5207.0,23.442288153199225,16.6639,45
355672306,,,0.527,0.999929,3644.0,7.585775750291836,15.4256,45
24824133,,,1.101,1.12815,5984.0,22.387211385683376,10.5809,45
50725155,,,0.654313,0.687142,3378.0,11.86115621019773,15.7836,45
427353155,,,0.661814,0.697644,3313.0,5.39079866742875,15.048,45
204332501,,,1.05,2.54585,5812.0,43.65158322401656,15.3269,45
177852626,,,0.748,0.682165,4687.0,34.673685045253166,14.7541,45
136933662,,,0.81,0.676034,4937.0,28.84031503126605,15.9418,45
427396673,,,1.4,1.67715,6660.0,13.194112476490716,12.517,45
432445883,0.006925606941391239,0.006666434064065575,1.24,2.34894,6312.0,15.13561248436207,15.0599,45
220239589,,,1.12,1.59715,6031.0,26.915348039269137,14.0103,45
115489333,0.009517824356206527,0.009936555574117854,1.1,1.82746,5982.0,12.30268770812381,15.5387,45
177853712,0.004053422168929049,0.002935732515211271,1.09,1.05162,5949.0,34.673685045253166,13.2807,45
42759399,,,0.420579,0.426078,3089.0,22.387211385683376,16.1764,45
1854193557,0.009702964813562337,0.009285581280771902,1.49,1.74484,6876.0,15.848931924611142,15.0203,45
201368378,,,0.51,1.00893,3596.0,11.137475182580276,14.7158,45
1614741132,0.014237864932917257,0.015098532429216457,1.34,1.6028,6521.0,41.68693834703355,15.6193,45
284199495,,,0.612225,0.630412,3355.0,12.361071124109586,15.5307,45
220063063,,,0.61,1.07981,3950.0,10.252008368192492,13.8123,45
105921131,,,1.37,1.55136,6575.0,4.073802778041131,15.171,45
200516546,,,0.54,1.03842,3666.0,4.897788193684466,14.9019,45
231202477,,,1.49,1.69614,6867.0,2.5118864315095824,13.8206,45
125641886,,,0.58,0.991817,3814.0,7.762471166286912,16.3975,45
427396973,,,0.641113,0.668904,3205.0,12.98221790700456,15.8334,45
50727268,,,0.562702,0.569778,3124.0,4.897788193684466,16.4356,45
138900730,0.01525788424012564,0.018383936270854797,0.478804,0.480841,3226.0,4.897788193684466,16.196,45
427380677,,,0.45,1.02203,3489.0,9.95549823046252,14.2529,45
178124877,,,1.37,2.24461,6581.0,23.442288153199225,14.787,45
427455494,,,0.611792,0.629851,3217.0,13.580199189285684,15.918,45
432432831,,,1.05,1.76797,5820.0,14.791083881682072,15.7908,45
145121589,,,1.0,1.90458,5650.0,45.70881896148752,15.3192,45
451908936,,,1.1,1.1441,5989.0,20.417379446695275,15.9824,45
427392886,,,0.67,1.13873,4259.0,6.0,14.0496,45
11195802,,,0.430345,0.43499,3068.0,8.983115348141766,17.492,45
388850714,,,0.593952,0.607235,3224.0,6.506870451387073,15.5674,45
186121657,0.010421501993043192,0.011404187123720204,1.0,0.783553,5624.0,47.863009232263806,15.7732,45
50790689,,,0.51942,0.522051,2958.0,11.359692980866749,16.0758,45
11290118,,,0.494636,0.49655,3027.0,6.0,16.5839,45
11291308,,,1.1,1.41864,5974.48,4.897788193684466,12.0566,45
42467504,,,0.479875,0.48189,3247.0,22.387211385683376,14.9895,45
432350512,,,1.24,1.92145,6310.0,43.65158322401656,13.9657,45
115699887,,,1.1,2.30177,5995.0,41.68693834703355,14.5851,45
11296168,,,0.58679,0.59841,3209.0,8.837466254736462,16.2222,45
50792776,,,1.31,2.6781,6446.0,11.67257847153028,12.7018,45
117456094,,,1.02,1.02657,5701.0,40.7380277804113,14.8951,45
133628330,,,1.01,1.18899,5665.0,5.754399373371567,12.966,45
427379801,,,0.437174,0.441279,3148.0,4.897788193684466,16.5761,45
385575594,,,1.28,1.59807,6391.0,26.915348039269137,14.7781,45
204555717,,,0.85,1.42338,5067.0,14.791083881682072,15.6556,45
50742044,,,0.616832,0.636402,3238.0,13.25246177087785,15.4309,45
202181629,,,1.0,0.951566,5652.0,2.5118864315095824,15.8891,45
9865289,,,0.384,1.07889,3374.0,7.585775750291836,15.5611,45
24896447,,,0.541237,0.545553,3299.0,22.387211385683376,15.4852,45
433212323,0.0040056427640652904,0.003378583075820907,1.49,1.92525,6857.0,47.863009232263806,13.7391,45
355529841,,,0.613222,0.631703,3266.0,7.585775750291836,15.9511,45
125644163,,,0.67,1.33298,4259.0,6.165950018614822,15.9378,45
148505021,,,1.22,1.2701,6273.0,6.165950018614822,13.5143,45
116831501,,,1.49,2.13126,6866.0,23.988329190194897,14.1691,45
276662399,,,0.511705,0.513985,3294.0,11.047451389408144,14.6588,45
385303015,,,0.62214,0.643378,3299.0,7.585775750291836,15.8765,45
385884901,,,0.67,0.954447,4280.0,7.585775750291836,15.855,45
185890612,,,1.05,1.46291,5844.0,15.13561248436207,15.2559,45
162953380,,,1.36,2.37577,6567.0,22.387211385683376,15.0423,45
395476635,,,1.11,2.34562,6020.0,19.952623149688787,13.7299,45
11360272,,,0.58,1.27641,3805.0,9.695096078919311,13.5902,45
34397032,,,0.58,0.96506,3803.0,9.437107719715131,14.1711,45
72309423,,,0.74,1.08971,4662.0,17.378008287493763,16.4748,45
427459970,,,0.52,0.880619,3615.0,7.141194608917573,14.6779,45
72552729,,,0.75,1.25226,4703.0,8.51138038202376,15.9189,45
264484443,,,0.581852,0.59241,3090.0,6.677669384751007,15.9465,45
116585145,,,1.17,4.6,6146.0,41.68693834703355,14.1813,45
11200891,,,0.68,1.01082,4370.0,8.261632488142466,16.141,45
264630107,,,0.63,1.24451,4011.0,11.097587350511484,13.3055,45
269118011,,,0.600687,0.615667,3330.0,14.872471138924002,15.1556,45
351728862,,,0.96,2.14324,5479.0,42.65795188015926,15.8637,45
264741524,,,0.57552,0.584816,3243.0,14.916468284859675,16.0942,45
119856583,,,0.5734,0.582298,3328.0,25.0,14.9603,45
177120454,,,1.12,1.98889,6032.0,30.90295432513592,15.777,45
427373517,,,1.24,1.32914,6303.0,5.634743966351243,12.8035,45
459990964,,,0.56,1.27658,3721.0,14.457287966935148,14.0585,45
457231122,,,0.501282,0.503274,3000.0,6.796365524386489,16.6274,45
264742290,,,0.657201,0.691174,3224.0,14.659697295554444,14.9448,45
168117498,,,0.548288,0.553383,3607.0,34.673685045253166,15.795,45
200515219,,,0.463585,0.466109,3152.0,14.0,16.6321,45
464839028,,,0.402787,0.410057,3202.0,13.741227870190638,16.3965,45
50726801,,,0.75,1.11568,4682.0,11.007692463464611,14.0858,45
47361825,,,1.156,1.69388,6123.0,21.87761623949552,12.5553,45
4207825,,,0.51,1.08844,3602.0,11.917026360975058,14.2082,45
125648095,,,1.34,2.16067,6509.0,23.442288153199225,16.0294,45
4350057,,,0.93,2.00771,5386.5,12.15463813511337,11.051,45
50744875,,,0.585681,0.597057,3260.0,5.534442042847497,15.5396,45
11456467,,,0.622418,0.643746,3350.0,13.896919387387577,15.6124,45
178162286,,,1.33,1.17431,6490.0,34.673685045253166,12.5947,45
264740188,,,0.542295,0.54672,3166.0,12.694435371402896,15.7201,45
357270331,,,0.528563,0.53177,3127.0,7.585775750291836,16.5885,45
427454030,,,0.82,1.26996,4981.0,13.830678534446104,15.2087,45
116584636,,,1.06,1.73105,5862.0,41.68693834703355,15.6586,45
457230484,,,0.4,1.0015,3405.0,13.867710174563076,14.6266,45
332419770,,,1.15,1.94497,6107.0,5.888436553555883,15.8125,45
200516874,,,0.614687,0.633606,3106.0,8.702548016506976,15.9403,45
294317030,,,1.06,1.31793,5851.0,46.77351412871982,13.8999,45
11411794,,,0.57175,0.580347,3071.0,7.618613233280604,15.7544,45
184569151,,,1.35,4.18143,6539.0,15.13561248436207,12.5086,45
264459296,,,0.71,1.27538,4507.03,7.026126865103337,12.5842,45
264683088,,,0.75,0.959959,4686.97,14.769091948081009,13.3399,45
359609910,,,0.651067,0.682626,3180.0,7.585775750291836,16.2298,45
427352222,,,0.57971,0.589829,2988.0,6.343566133498805,15.985,45
435668747,,,0.9,0.988339,5242.0,42.65795188015926,15.1974,45
427377386,,,1.2,2.81583,6225.0,11.253327621143931,11.1611,45
89294753,,,0.61,1.13677,3908.0,10.306604680735212,16.5129,45
464837935,,,1.439,1.86047,6741.55,9.783971049629054,9.95467,45
66527266,,,0.51,1.16066,3598.0,5.080593048648943,13.7497,45
185205034,,,1.29,2.06483,6417.0,15.13561248436207,13.9745,45
11361003,,,0.85,1.12139,5086.0,7.804669476165442,16.8285,45
264622349,,,0.232432,0.260611,3051.0,11.05710611877156,17.1306,45
50792974,,,0.58,1.03329,3790.0,7.821230394358506,14.2319,45
11290839,0.004669110201451302,0.003132366606025726,1.06,2.26336,5869.23,6.942365143879616,13.1281,45
11293408,,,0.547729,0.552759,3235.0,13.633267860219645,15.6422,45
1649629670,,,0.81,1.07637,4946.0,21.379620895022324,16.1992,45
427350268,,,0.73,0.984309,4587.0,4.897788193684466,13.5821,45
204557880,,,1.06,1.06125,5859.0,5.888436553555883,15.5414,45
264739212,0.0046938489504085796,0.00258821523445896,0.7,1.21715,4458.0,14.378801457071043,12.7306,45
397836245,,,0.99,1.9189,5598.0,19.952623149688787,15.8105,45
427378993,,,0.570382,0.578735,2920.0,6.782312930697899,15.9829,45
11358524,,,0.523673,0.526549,2939.0,9.529679492597651,16.239,45
377324606,,,1.14,1.50362,6082.0,20.417379446695275,14.5156,45
432893762,,,1.42,1.99393,6688.0,15.13561248436207,15.3567,45
11358251,,,0.468162,0.470503,3103.0,9.570580981379598,16.7732,45
427451357,,,0.504896,0.506964,3028.0,11.948654465652208,16.1797,45
432694156,,,1.18,2.49183,6186.0,35.481338923357534,14.3652,45
264594078,0.006114941375265951,0.005424849003351325,0.57,0.866782,3763.0,13.88103089700826,14.3915,45
179607157,,,1.12,1.57237,6047.0,45.70881896148752,16.0751,45
177925293,,,0.571972,0.580609,3528.0,34.673685045253166,16.4227,45
459991627,0.0061613911836464275,0.005632995320750652,0.51,0.923406,3600.0,7.320072137861765,14.6722,45
220322190,,,0.89,1.3718,5213.0,2.5118864315095824,14.248,45
4295059,,,0.614,1.0625,3943.0,10.966346351775815,13.729,45
125642029,,,1.46,1.57021,6806.0,6.165950018614822,13.3801,45
51802810,,,0.55,0.44162,3693.0,21.87761623949552,17.1053,45
343862608,,,0.617043,0.636679,3338.0,13.702012548322598,15.0027,45
180304999,0.011534347577537539,0.013491560035196557,1.32,3.1775,6467.0,47.863009232263806,16.0721,45
323419329,,,0.9,1.17768,5244.66,4.897788193684466,12.2998,45
50526947,,,0.456583,0.459441,2951.0,12.957272059430055,16.8083,45
176424317,,,1.18,3.17717,6181.0,14.791083881682072,13.4601,45
151344880,,,1.034,1.57828,5771.0,5.754399373371567,12.907,45
388851098,,,0.608046,0.625028,3086.0,7.710671874136963,15.6908,45
427393284,,,0.63,0.993282,4028.0,11.77012426048421,14.8282,45
177131852,,,1.08,1.49471,5920.0,47.863009232263806,14.8404,45
457230752,,,0.420316,0.425839,3169.0,13.091268295284628,16.4648,45
11286235,,,0.47,0.916353,3524.0,11.754058873149493,14.9787,45
360062493,,,1.05,3.04338,5838.0,2.39883291901949,14.0456,45
264536972,,,1.1,2.10435,5989.0,12.257999725269157,10.2311,45
432324631,,,1.07,1.86407,5900.0,13.80384264602884,15.1626,45
36100548,,,0.665,0.6683,4252.0,34.673685045253166,15.3289,45
220230505,,,0.52,1.01535,3632.0,2.5118864315095824,16.1011,45
174734030,,,0.68,0.752932,4359.0,15.13561248436207,16.2127,45
264683786,,,0.643012,0.671506,3412.0,9.294581717561783,14.8859,45
116959810,,,0.91,0.919053,5280.0,40.7380277804113,15.4549,45
125644331,,,0.74,0.933465,4639.0,6.165950018614822,15.7906,45
185380031,,,1.21,2.10039,6246.0,29.51209226666384,15.7498,45
4255072,,,0.578857,0.588804,3240.0,6.82613678990272,15.2655,45
156247096,,,0.515994,0.518454,3293.0,22.387211385683376,15.3864,45
427459747,,,0.658761,0.693359,3294.0,6.520074243928726,15.2266,45
11200432,,,1.08,1.42128,5934.49,9.350807605954506,12.639,45
43359590,,,1.323,1.14292,6483.0,22.387211385683376,11.4848,45
50726776,,,0.454088,0.457081,3192.0,7.0,16.7246,45
42760477,,,0.542605,0.547063,3311.0,22.387211385683376,15.4576,45
11454291,,,0.617153,0.636823,3126.0,10.197356809323292,15.8554,45
156385927,,,0.477809,0.479867,3021.0,12.425110624912612,14.4608,45
385776477,,,0.63092,0.655079,3132.0,7.585775750291836,15.8754,45
457229303,,,0.470838,0.473087,3160.0,9.0,16.179,45
215297081,,,1.47,1.76518,6814.0,35.481338923357534,15.4306,45
204099049,,,0.62,0.979256,3967.0,6.606934480075965,15.3892,45
138905715,,,0.65,1.07411,4160.0,5.415748854086417,13.9127,45
177125000,,,0.68,1.17779,4341.0,6.165950018614822,15.3684,45
264537317,,,0.440359,0.444229,2917.0,5.0,16.8689,45
200546108,,,0.58,1.2916,3802.0,12.32715617070262,14.025,45
50794872,,,0.56,1.0563,3737.0,12.047721729412933,14.6479,45
282709165,,,1.175,1.2759,6166.0,22.387211385683376,10.978,45
432426230,,,1.03,2.43804,5739.0,13.80384264602884,14.9441,45
11197472,,,0.63,1.32858,4003.0,14.322543510669451,13.3728,45
53900608,,,0.57,1.03902,3767.0,25.118864315095824,16.3661,45
50745827,,,0.66,1.10867,4233.0,12.956930049805695,13.4961,45
276664242,,,0.64,1.30514,4080.0,11.222177938931171,15.261,45
449367332,,,0.465,0.844423,3510.0,13.577314835496786,14.8431,45
712862183,,,0.65,1.21061,4167.0,6.0,13.7074,45
220063431,,,0.544756,0.549445,3048.0,11.317854708222956,15.828,45
433957269,,,1.12,1.49526,6041.0,21.379620895022324,14.1481,45
11202269,,,0.72,1.35845,4563.0,5.278961189260095,13.5603,45
50788671,,,0.503468,0.505503,3161.0,6.0,16.1922,45
427350778,,,0.64,1.08398,4100.0,12.455282042707204,14.0713,45
144546051,,,0.54557,0.550351,2996.0,14.0,16.1556,45
4355918,,,0.604,0.823333,3898.0,12.35841568475844,12.6223,45
427393274,,,0.8,1.32342,4881.0,5.5736927451829175,13.1763,45
50897359,,,0.52,0.84801,3617.0,7.081179993540273,15.3751,45
177013576,,,1.27,1.51419,6366.0,23.442288153199225,16.0847,45
50722605,,,0.466236,0.46865,3169.0,6.0,16.558,45
138828419,0.008914055083851966,0.00880709132833776,0.631526,0.655894,3411.0,9.094688204461772,15.227,45
53898978,,,1.01,0.905766,5689.0,32.35936569296281,12.544,45
397297210,,,0.92,1.10548,5334.0,19.952623149688787,15.9255,45
427454663,,,1.03,1.03281,5745.0,8.948401549315161,14.7553,45
423802558,,,1.13,1.30102,6065.0,21.379620895022324,14.8962,45
436098568,,,0.59,1.03269,3860.0,14.419185799059624,14.4225,45
427455636,,,0.57,1.03482,3762.0,5.490899430308366,14.1765,45
50620522,,,1.49,1.83628,6867.0,13.368743290991452,10.0196,45
50746453,,,0.330216,0.346546,3004.0,14.393208800088193,17.1267,45
388935603,,,0.437662,0.441731,3071.0,8.13414861360113,16.832,45
117078539,,,0.84,1.1711,5053.0,29.51209226666384,16.0994,45
177408961,0.018083734010027774,0.018288297712682408,1.35,2.19316,6550.0,30.90295432513592,15.3648,45
332913692,,,0.654283,0.6871,3497.0,6.89350957599972,15.5762,45
315437715,,,0.94,1.30051,5393.0,44.668359215096345,16.3745,45
457249772,,,0.543116,0.547628,3220.0,7.523270730760077,15.3484,45
220119626,,,1.49,1.91077,6871.0,32.35936569296281,15.2155,45
177098128,,,0.96,1.8361,5477.0,19.952623149688787,15.6253,45
144703414,,,0.507748,0.509893,3077.0,8.230564801661163,16.171,45
264483916,,,0.537813,0.541792,3206.0,11.902968521030546,15.7109,45
427352519,,,0.47,1.00374,3520.0,13.93083299411981,14.7817,45
133823396,,,0.98,1.1226,5541.0,5.754399373371567,13.8908,45
436161611,,,0.49,1.06262,3554.0,11.634162738629993,15.0187,45
264484134,,,0.634227,0.659537,3323.0,5.501155633457743,14.8788,45
172850798,,,0.86,1.80958,5117.0,4.073802778041131,14.4816,45
745303738,,,0.82,1.05695,4967.0,25.118864315095824,14.3441,45
138904130,,,0.483168,0.48513,4206.0,4.897788193684466,16.6594,45
358586153,,,1.0,1.26979,5642.0,7.585775750291836,12.998,45
185438330,,,1.05,2.13634,5824.0,28.183829312644548,15.1688,45
115707641,,,0.83,1.19697,4987.0,41.68693834703355,15.2847,45
172469224,,,0.338668,0.353861,3381.0,30.19951720402019,16.0671,45
278838474,,,0.663429,0.699916,3056.0,7.585775750291836,15.8404,45
115707584,,,1.03,1.72551,5764.0,41.68693834703355,14.271,45
138827924,,,0.583786,0.594752,3246.0,9.753909542178436,15.7916,45
399238902,,,0.88,1.18841,5173.0,21.87761623949552,13.2323,45
352208555,,,0.503866,0.50591,3021.0,7.585775750291836,16.9864,45
11359991,,,1.063,0.776945,5872.19,5.359364837040287,12.0024,45
427373612,,,0.601855,0.617143,3328.0,9.58653579425452,15.3817,45
264541397,,,0.81,1.29579,4939.0,9.147326056919898,12.0225,45
220338492,,,0.65,1.20992,4124.0,2.5118864315095824,14.9308,45
4206140,,,0.519009,0.521618,3656.0,4.897788193684466,14.9458,45
151355051,,,1.45,1.68771,6769.78,46.77351412871982,13.1267,45
712859204,,,0.43,1.07531,3446.0,4.897788193684466,15.0781,45
357274433,,,0.630485,0.654495,3182.0,7.585775750291836,15.9249,45
264486618,,,0.48725,0.48917,3244.0,7.182064897782887,15.9679,45
199822379,,,0.544406,0.549058,3120.0,12.76755729188696,15.9564,45
220064765,,,0.47,1.00592,3528.0,7.092909539807575,15.0638,45
151466563,,,1.07,1.17482,5891.0,46.77351412871982,13.9044,45
436011879,,,0.643965,0.672815,3307.0,13.030692908608888,15.2918,45
388917702,,,0.6,1.13739,3889.0,5.657125423559029,14.8235,45
391382579,,,1.35,1.86948,6547.0,42.65795188015926,13.1009,45
1747130239,,,0.81,1.16613,4928.0,38.904514499428046,16.2408,45
105919849,,,1.02,1.96166,5701.0,4.073802778041131,16.0155,45
378190601,,,1.01,1.40552,5685.0,15.848931924611142,15.46,45
229289015,0.003309318689565016,0.0017389864671110416,0.981,2.04292,5563.0,2.5118864315095824,12.6317,45
229277328,0.007324208388456148,0.006822677401376754,1.32,1.37119,6473.0,32.35936569296281,14.824,45
32671748,,,0.628,0.938255,4018.0,25.0,13.4528,45
353403443,,,0.494698,0.496613,3433.0,7.585775750291836,17.0399,45
116480532,,,1.23,2.60173,6286.0,38.01893963205613,14.6474,45
427375086,,,0.498152,0.500098,3057.0,14.123450513437556,16.2821,45
229278927,,,1.35,1.14054,6548.0,32.35936569296281,15.2646,45
235114772,,,0.91,1.20343,5304.0,2.5118864315095824,14.8123,45
177132803,,,1.06,1.34068,5858.0,23.442288153199225,15.7942,45
427453734,0.006099668624104601,0.005689366632476618,0.53,0.905379,3650.0,6.701953967705528,14.834,45
264484958,,,0.46,0.865347,3500.0,10.869097843719343,15.1324,45
118617374,,,0.87,0.964619,5153.0,41.68693834703355,16.0161,45
120274391,,,0.62,1.03616,3975.0,34.673685045253166,14.3093,45
181405377,,,1.03,3.084,5759.0,31.6227766016838,14.5911,45
427396633,,,0.98,2.16579,5573.0,13.23617719097035,14.0741,45
427377993,,,0.475932,0.478034,2923.0,6.0,16.4987,45
165926513,,,0.86,1.25331,5101.0,43.65158322401656,15.3541,45
427395841,,,0.645512,0.674942,3316.0,12.08961093519685,15.3765,45
282706081,0.007153745774511968,0.006933229376620338,0.543611,0.548176,3305.0,25.0,15.1052,45
213280020,,,0.357677,0.370354,3200.0,33.88441561392027,16.2803,45
427399018,,,0.588779,0.600846,3299.0,7.482877461072804,15.7131,45
269117916,,,1.35,1.6081,6535.0,9.73210394457911,11.5982,45
287758037,,,0.416778,0.422633,3045.0,8.813389526096369,16.929,45
72829364,,,0.8,0.874139,4884.0,4.897788193684466,13.8064,45
427352363,,,0.85,1.52145,5063.0,14.94569623275549,14.2321,45
147834060,,,0.47071,0.472963,3010.0,35.481338923357534,15.7519,45
427347230,,,1.1,1.93657,5985.0,6.882958145574511,11.0651,45
264483940,,,0.505346,0.507426,3045.0,9.16221310258787,16.403,45
427454572,,,0.477201,0.479272,3324.0,8.6376182072694,16.7853,45
427399772,,,0.503951,0.505996,3108.0,6.813296217879688,16.4199,45
427396971,,,0.99,1.53901,5608.0,6.000152269796804,14.6083,45
388917757,,,0.183239,0.214209,3297.0,2.0,16.184,45
95334916,,,0.609245,0.626567,3741.0,34.673685045253166,15.6505,45
11402919,,,0.627279,0.650203,3096.0,5.074252171661948,15.8325,45
436098622,,,0.591,0.576016,3845.0,8.063395372525042,13.8526,45
427454267,,,0.556553,0.56272,3099.0,6.240002960654667,15.9716,45
225993696,,,1.23,2.77935,6291.0,6.606934480075965,13.6939,45
464839617,0.00791203174909642,0.007772104299596034,0.617886,0.637782,3402.0,5.304739095641201,15.1913,45
427454535,,,0.556753,0.562948,3429.0,13.766830412368671,16.2886,45
264630642,,,1.1,1.58603,5971.0,7.86459536954511,13.6084,45
138899374,,,1.05,1.42394,5825.99,10.675142170062106,12.0624,45
204045823,,,1.07,1.44543,5908.0,32.35936569296281,15.3486,45
388935437,,,0.84,1.20461,5054.0,13.050030189930132,13.8091,45
424143563,,,1.47,1.74243,6821.0,21.379620895022324,14.2786,45
432456206,,,1.26,1.70755,6348.0,13.80384264602884,15.5178,45
220207504,,,1.33,1.23026,6502.0,26.915348039269137,16.0069,45
427397958,,,0.626,1.32422,4010.0,8.219735279107397,13.8493,45
391373681,,,1.45,1.06505,6757.0,42.65795188015926,16.0587,45
48808451,,,0.36178,0.373927,3190.0,32.35936569296281,17.127,45
117351225,,,1.0,1.24629,5635.0,15.13561248436207,14.9706,45
203791814,,,0.88,1.7882,5199.0,38.904514499428046,15.5054,45
117857328,,,0.91,1.84251,5279.0,23.988329190194897,14.9838,45
178436327,,,1.14,1.23544,6084.0,23.442288153199225,15.6073,45
427454944,,,0.81,0.752977,4930.0,9.70630992662398,13.0736,45
432668177,,,0.97,1.22715,5536.0,15.13561248436207,15.0353,45
4378323,,,0.63,0.968051,4026.0,10.239374226443388,13.9789,45
166732014,,,1.08,1.41904,5931.0,28.84031503126605,14.9582,45
388935772,,,1.47,2.13034,6828.0,7.2782544866683025,14.913,45
177074389,,,1.0,1.33188,5633.0,23.442288153199225,15.7956,45
388850687,,,0.72,0.533582,4553.0,9.516192840934057,18.9025,45
202124744,,,0.95,1.10425,5430.0,2.5118864315095824,15.8478,45
244637854,,,0.92,0.906671,5340.0,15.13561248436207,15.4904,45
427352230,,,0.532777,0.536312,3511.0,11.462697504881358,14.4898,45
323420036,,,0.308464,0.327724,2940.0,11.15237447622424,16.852,45
162509352,,,1.37,1.66922,6584.0,38.904514499428046,14.9648,45
451940637,,,0.98,1.97059,5559.0,6.918309709189363,15.536,45
427352541,,,0.598533,0.612957,3284.0,10.170827035380391,15.7147,45
276662071,,,0.356808,0.369599,3015.0,11.423897960861446,15.2678,45
78566768,,,1.148,1.04298,6103.0,32.35936569296281,12.1786,45
178333039,,,0.71,0.711385,4521.0,34.673685045253166,14.9022,45
283200625,,,0.420717,0.426203,3065.0,25.0,16.0446,45
156187489,,,0.645,0.874382,4124.0,7.345656225061247,13.4495,45
138904871,,,0.582904,0.593683,3444.0,4.897788193684466,16.3289,45
264631503,,,1.26,1.71054,6340.16,10.255092900279054,10.6219,45
427454381,,,0.61,1.08676,3928.0,13.304127149772585,15.6455,45
388935884,,,1.09,1.25477,5964.0,12.215278305065723,13.8952,45
264744539,,,0.53,0.882022,3652.0,6.185626782969874,14.6406,45
11195935,,,1.03,0.697823,5770.0,10.422349967555672,17.1034,45
50792882,,,0.514139,0.516516,3168.0,12.794967541721723,16.3354,45
50618620,,,0.533476,0.537069,3051.0,5.491699132812494,15.67,45
34397292,,,0.605065,0.621218,3245.0,13.144394835049082,15.3266,45
163068067,,,1.06,1.77837,5855.0,38.01893963205613,15.1482,45
409600282,,,1.04,1.53338,5796.0,22.387211385683376,15.9188,45
4256261,,,0.483934,0.485885,3110.0,5.027372246728611,15.9584,45
123951716,,,1.26,1.81551,6343.0,34.673685045253166,10.983,45
50727334,,,0.544417,0.54907,3146.0,8.445893476705562,16.291,45
50745567,,,0.503393,0.505427,3077.0,11.269763269398943,11.2827,45
433326896,,,1.12,2.43642,6034.0,21.379620895022324,15.3399,45
179341736,,,1.42,1.79651,6703.0,45.70881896148752,15.9744,45
50897680,,,0.7,1.04678,4482.0,8.293634518847988,13.7238,45
79436166,,,0.56,1.05865,3732.0,25.118864315095824,15.8566,45
264485537,,,0.474657,0.476792,2870.0,13.94085176365375,17.262,45
226200444,,,1.42,4.87234,6708.0,24.547089156850287,13.8965,45
384759766,,,0.45,0.487324,3481.0,7.585775750291836,17.3366,45
201368444,,,0.53593,0.539736,3037.0,14.1728322757811,16.5525,45
436009165,,,0.94,1.44051,5401.59,9.418009623297763,11.5465,45
436342082,,,0.449803,0.453045,3129.0,14.0,16.972,45
50725333,,,1.11,1.18464,6020.08,11.945125549813415,12.5948,45
427373548,,,0.534184,0.537838,3289.0,12.22786826025319,16.0807,45
50659149,,,0.95,1.11729,5444.0,6.290746604686019,13.044,45
220045734,,,0.6,0.858686,3898.0,14.495913296810002,14.7544,45
427377147,,,0.629457,0.653115,3233.0,8.952374777358417,15.0976,45
357136956,,,0.668543,0.70713,3406.0,7.585775750291836,15.1695,45
220314107,,,0.94,1.23358,5388.0,2.5118864315095824,16.0259,45
36547661,,,0.47552,0.477632,3074.0,22.387211385683376,15.5021,45
427393466,,,0.37,0.939773,3356.0,13.341188263736782,15.1283,45
427374395,,,0.53827,0.542293,2986.0,14.020203366867456,16.5085,45
59468206,,,0.71,1.36067,4495.0,12.30268770812381,14.9195,45
457249322,,,0.646063,0.675702,3216.0,7.0473077903371175,15.2616,45
427459923,,,1.0,0.951105,5640.0,9.471693955949306,13.834,45
119062348,,,1.07,1.46556,5889.0,11.748975549395302,13.3126,45
50749857,,,0.65,1.26048,4130.0,12.061181180727392,13.866,45
202007528,,,0.85,0.876233,5080.0,2.5118864315095824,15.9956,45
178157315,,,1.0,0.900613,5651.0,23.442288153199225,16.1863,45
79543866,0.010222046221463419,0.010979807769098763,0.59,1.1633,3840.0,25.118864315095824,15.6833,45
11453942,,,0.629715,0.653462,3204.0,9.141082826624414,15.2363,45
180304682,,,1.16,2.58516,6131.0,47.863009232263806,16.3455,45
135914276,,,0.93,1.35587,5379.0,43.65158322401656,16.1572,45
4289286,,,0.587666,0.599482,3293.0,5.019998598597846,15.3846,45
199752649,,,0.5,0.962357,3583.0,14.094332407568537,14.5624,45
4378986,,,0.617868,0.637759,3406.0,11.953476600295868,14.7813,45
264593127,,,0.68,0.971986,4376.28,10.81297802998263,13.1156,45
284286326,,,0.534282,0.537944,3114.0,13.862241051953806,15.7042,45
427397892,,,1.45,2.518,6778.0,4.897788193684466,9.9853,45
220322669,,,0.86,1.47256,5127.0,2.5118864315095824,13.3122,45
276662342,,,0.298378,0.318977,3058.0,12.327704706209984,17.8644,45
151449743,,,1.06,0.756837,5854.0,5.754399373371567,15.0796,45
177125072,,,1.03,0.913689,5767.0,6.165950018614822,16.6154,45
79872306,,,0.59,0.825598,3827.0,25.118864315095824,16.3652,45
42563012,,,0.3874,0.396391,3180.0,22.387211385683376,16.4376,45
11402950,,,1.04,1.0752,5803.0,12.15381373174246,12.3242,45
117466905,,,1.04,1.54364,5778.0,23.988329190194897,15.8824,45
264743485,0.003984721206135252,0.0031543630362151657,0.69,0.995986,4387.0,6.073266301610095,13.4558,45
11458053,,,0.62,1.29387,3999.0,13.922577107671724,14.5057,45
358588711,,,0.46,1.09873,3507.0,7.585775750291836,15.8585,45
117079647,,,0.9,1.38576,5277.0,29.51209226666384,15.7598,45
457229404,,,0.472877,0.475062,2874.0,9.0,16.5677,45
50588990,,,1.04,1.97883,5789.0,11.309088861794248,10.8559,45
287840184,,,0.65361,0.686162,3115.0,5.906643948118068,15.3028,45
401899458,,,0.92,1.48465,5343.0,42.65795188015926,16.5239,45
50742749,,,0.490275,0.492181,3244.0,5.0,16.5272,45
50582801,,,0.43,0.91588,3448.0,6.815943210410797,15.2735,45
427397373,,,0.6,1.09071,3874.0,9.008549158834745,14.2146,45
42884223,,,1.287,1.82625,6407.11,22.387211385683376,10.2834,45
220290622,,,0.98,1.22442,5541.0,2.5118864315095824,15.8212,45
264591116,,,0.546153,0.551,3265.0,13.68418976529108,15.5925,45
427396797,,,0.54896,0.554136,2971.0,9.36352013164304,16.2027,45
229277983,,,0.77,0.782691,4780.0,32.35936569296281,15.5432,45
156431173,,,0.91,0.824253,5294.0,5.0,13.4331,45
105922683,,,1.2,1.68105,6216.0,5.623413251903491,16.12,45
43152697,,,0.574529,0.583638,3257.0,22.387211385683376,15.2204,45
182328820,,,1.06,1.43261,5868.0,34.673685045253166,15.5445,45
284283885,,,0.5,0.853743,3583.0,14.0,15.1796,45
116584565,,,1.17,2.18974,6154.0,41.68693834703355,15.1586,45
178163460,,,0.69,0.672331,4415.0,34.673685045253166,15.4503,45
185904760,,,0.84,0.836883,5042.0,15.13561248436207,15.7351,45
1640649792,,,1.01,1.15505,5670.0,40.7380277804113,14.5977,45
287758051,,,0.52,0.991423,3618.0,14.515144225882391,14.6786,45
461677270,,,0.71,0.809968,4505.0,46.77351412871982,15.3088,45
42889677,,,0.567142,0.574937,3348.0,22.387211385683376,15.2094,45
432708809,,,1.01,2.66863,5693.0,47.863009232263806,14.8129,45
176412709,,,1.01,2.45671,5664.0,14.791083881682072,15.7655,45
319364387,,,0.44,1.04884,3469.0,14.738059288722038,15.0501,45
11287136,,,0.96,0.893932,5493.0,13.229681749962957,13.8435,45
103854323,,,0.7,1.36392,4470.0,4.073802778041131,15.8615,45
50788022,,,0.59,1.02466,3836.0,13.69597454741287,13.9155,45
177271985,,,1.3,1.08055,6432.0,23.442288153199225,15.7144,45
177184147,,,0.91,2.07842,5293.0,20.417379446695275,15.2796,45
18065779,,,0.6,0.772324,3890.0,21.87761623949552,15.7057,45
425827343,,,1.05,1.80306,5821.0,21.379620895022324,14.9335,45
175450783,,,1.2,2.14406,6230.0,39.81071705534969,15.7904,45
436153986,,,1.11,1.21977,6007.0,11.723978153083332,15.413,45
220217583,,,1.32,1.49117,6475.0,26.915348039269137,14.0102,45
114630917,,,1.21,1.97139,6246.0,41.68693834703355,12.6381,45
11286547,,,0.567119,0.57491,3361.0,8.889392229907983,15.1314,45
1642142232,,,1.28,1.6179,6392.0,38.904514499428046,14.6595,45
118229452,,,1.01,1.32213,5675.0,24.547089156850287,15.5161,45
1652794700,,,0.99,1.40856,5584.0,13.80384264602884,16.1292,45
125641248,,,0.8,0.990597,4877.0,6.165950018614822,16.0059,45
264483662,,,0.512624,0.514939,3214.0,6.61477937821032,16.2447,45
220205214,,,0.91,1.09235,5278.0,26.915348039269137,15.6656,45
388935643,,,0.414038,0.420157,3140.0,6.2469971188793,16.8604,45
144617547,,,0.48,1.09877,3540.0,13.019018937651278,14.4236,45
115701309,,,0.95,1.24594,5431.0,41.68693834703355,16.182,45
50788740,,,0.56074,0.567515,3176.0,6.0,15.8535,45
433151430,,,1.1,1.54782,5992.0,15.13561248436207,14.2612,45
427396509,,,0.664012,0.700736,3660.0,6.988194396444261,15.4967,45
427458056,,,0.335886,0.351452,3389.0,9.40927864342127,15.8267,45
50790056,,,1.11,1.92565,6022.0,14.601962287551787,13.0408,45
4355701,,,0.6,1.1336,3867.0,13.814634206385932,14.1404,45
436336186,,,0.651017,0.682556,3202.0,7.046119505257172,15.4485,45
276663326,,,0.59,1.13053,3839.0,10.940242079045198,13.9721,45
360034240,,,0.4,0.818084,3399.0,7.585775750291836,16.0244,45
144616226,,,0.526232,0.529275,3037.0,14.0,16.3928,45
388905499,,,1.15,2.65917,6100.0,12.88274898084315,12.1826,45
1650756550,,,0.84,1.16648,5030.0,5.888436553555883,15.698,45
53743784,,,0.66,1.08041,4194.0,25.118864315095824,15.3099,45
115704729,,,1.16,2.69981,6133.0,36.3078054770101,15.2189,45
4355997,,,0.61819,0.63818,3355.0,7.51352925370186,14.908,45
199820290,,,0.41249,0.418762,3026.0,20.0,17.0315,45
427399495,,,0.78,1.08427,4820.0,12.568716532464636,13.1466,45
220074901,,,0.557059,0.563297,3294.0,9.077660496890555,15.7744,45
436154797,,,0.537366,0.541304,3145.0,14.0,16.6395,45
174727816,,,0.94,2.43278,5395.0,15.13561248436207,14.3883,45
388850919,,,0.67,1.39146,4275.0,13.2742409212995,13.0775,45
59543414,,,1.4,3.20489,6648.0,4.365158322401657,15.8831,45
50744734,,,0.62,1.18512,3968.0,5.843244661017612,14.0734,45
156144763,0.021930602524615483,0.021491621608184158,0.414,0.987256,3423.0,14.0,15.1764,45
118386195,,,0.81,1.56261,4936.0,7.585775750291836,15.5781,45
340974255,0.008153595785176507,0.008147031541274326,0.58,1.04465,3808.0,2.5118864315095824,15.2948,45
144665716,,,0.606404,0.622925,3222.0,14.0,15.5875,45
42429135,,,0.599525,0.614203,3482.0,22.387211385683376,14.8466,45
264541328,,,1.38,2.11982,6612.18,11.747922663554244,10.4625,45
125644381,,,0.69,1.16873,4411.0,6.165950018614822,15.8487,45
427353083,,,0.54,0.916055,3673.0,13.78351935518865,15.0023,45
138856929,,,0.397533,0.405373,3048.0,20.0,16.7478,45
117075569,,,0.88,1.94851,5180.0,38.904514499428046,15.1155,45
11194006,,,0.591918,0.604714,3365.0,10.915861274329613,15.3632,45
220249501,,,1.0,2.19862,5648.0,2.5118864315095824,14.0664,45
11458036,,,0.62,1.00892,3994.0,9.320840629993365,15.3478,45
284996639,,,0.659594,0.694527,3181.0,9.003675979851502,15.2258,45
427393475,,,0.619686,0.640144,3357.0,6.989137145921226,15.3357,45
204331406,,,1.07,2.07706,5882.0,19.952623149688787,15.1994,45
177408449,,,1.03,2.30086,5764.0,23.442288153199225,15.0438,45
269118067,,,0.82,1.32331,4963.0,12.25372032074742,12.0784,45
179840901,,,0.97,1.51197,5505.0,26.915348039269137,16.3899,45
264593266,,,0.612483,0.630745,3151.0,13.064772304877598,15.5315,45
280972724,,,0.676,0.98225,4325.0,7.141467636260995,13.78,45
46450938,0.011069575195242355,0.01149332435629218,0.627769,0.650858,3752.0,21.87761623949552,15.5097,45
115497543,,,0.99,1.5971,5593.0,23.988329190194897,15.907,45
50590094,,,0.47,0.97095,3515.0,8.45607039397553,15.2384,45
79381445,,,0.93,1.36407,5354.0,25.118864315095824,13.5572,45
144667412,,,0.49,0.868606,3560.0,5.336328157517941,15.0624,45
118121988,,,0.88,1.16549,5198.0,38.904514499428046,16.3857,45
72309361,,,0.76,1.03971,4756.0,17.378008287493763,16.2755,45
178746891,,,0.7,0.707808,4467.0,34.673685045253166,15.0605,45
11286802,,,0.572767,0.581548,3128.0,8.420321384811157,15.9975,45
427455256,,,0.554998,0.56095,3241.0,7.160827307079599,16.2397,45
264485461,0.02153394479653089,0.02912694796373597,0.449713,0.452961,2885.0,10.4453576459001,16.6444,45
146875240,,,0.521797,0.52456,3388.0,35.481338923357534,14.1452,45
287840188,,,0.393853,0.402104,3401.0,4.897788193684466,16.6326,45
433138568,,,0.98,2.79073,5545.0,13.80384264602884,14.9463,45
264462076,,,0.398976,0.406658,2856.0,9.476475147953812,17.0775,45
220069336,,,0.480128,0.482139,3092.0,5.0,16.7422,45
427460177,,,0.666,1.12444,4263.0,12.41608184885602,13.5304,45
264541877,,,0.41,1.20999,3422.0,12.14918360808948,14.5756,45
42885895,,,0.544755,0.549445,3174.0,22.387211385683376,15.508,45
50747529,,,1.132,1.55445,6066.0,8.434883132211167,10.9517,45
359887622,0.0044304856543266645,0.003743439202272229,0.66,1.2946,4224.0,7.585775750291836,13.7679,45
50589940,,,0.59,1.08762,3853.0,7.029483943658052,14.3884,45
388851083,,,0.551764,0.557289,3208.0,8.3320228947492,13.716,45
433957135,,,1.03,1.50338,5744.0,21.379620895022324,14.7535,45
449425298,,,0.211826,0.241601,3169.0,7.660656922622562,15.3517,45
264682371,,,0.474385,0.476528,2954.0,9.0,16.4169,45
50898015,0.01579726315830064,0.015312178653443509,0.42,0.93976,3434.0,12.878726236469124,15.106,45
50792823,,,1.18,0.893446,6172.73,12.870873992284483,12.744,45
47359539,,,1.15,2.07803,6114.0,38.01893963205613,15.5564,45
436011396,,,0.600297,0.615176,3280.0,8.048928049222077,15.5378,45
173294095,,,0.620507,0.641224,3104.0,5.754399373371567,16.0125,45
359953754,0.014038466682548425,0.01719972115535183,1.21,3.04015,6251.0,25.118864315095824,16.2639,45
276662567,,,0.625348,0.647631,3233.0,6.927505552511841,15.3431,45
4357628,0.0037753209933990366,0.001105925904220639,1.19,2.79655,6194.05,8.708283716361745,11.4039,45
47363950,,,1.27,2.13299,6365.0,38.01893963205613,15.9403,45
427455994,,,0.62,1.34848,3979.0,14.231335645134648,13.6108,45
391852687,,,1.22,2.33192,6261.0,42.65795188015926,16.1094,45
11356074,,,0.602935,0.618511,3138.0,7.348032128448569,15.4644,45
427373604,,,0.44345,0.447103,3592.0,14.322238961549216,16.3374,45
177440399,,,1.14,1.06517,6089.0,34.673685045253166,12.75,45
115374917,,,1.06,1.09792,5878.0,15.13561248436207,14.8442,45
436098573,,,0.624678,0.64674,3407.0,14.0,15.2527,45
457251354,,,0.53,0.892858,3643.0,10.520808782346297,14.5727,45
118224495,,,1.24,2.39617,6307.0,47.863009232263806,14.1783,45
11296983,,,0.49,1.10867,3554.0,4.897788193684466,14.6769,45
284199834,,,0.4,0.907792,3394.0,8.959086109736647,15.5837,45
427334535,,,0.663682,0.700272,3147.0,6.979547208177386,15.2184,45
427347380,,,0.48,0.850403,3544.0,5.154961660592524,15.3619,45
177448930,,,0.9,1.09349,5262.0,23.442288153199225,16.4251,45
50747790,,,0.83,1.26673,5018.0,7.682165793429262,13.2735,45
457229780,,,0.59,0.965002,3844.0,13.04783885433644,13.9948,45
284158185,,,1.32,1.75348,6483.0,7.205347455845834,13.7967,45
264741326,,,0.520231,0.522906,3183.0,11.0,16.0178,45
199886828,,,1.18,1.97325,6174.0,13.45174512938,11.5528,45
235119196,,,1.09,1.27537,5941.0,2.5118864315095824,14.4252,45
264462551,,,0.5522,0.557781,3536.0,13.216017434746698,14.528,45
457229551,,,0.637026,0.663332,3307.0,12.390734876228969,14.8767,45
435934706,,,1.026,1.78785,5741.84,5.673703840677026,9.96284,45
229279775,,,0.6,1.00123,3884.0,2.5118864315095824,15.1965,45
432891524,,,0.93,1.86409,5380.0,13.80384264602884,16.0434,45
369469804,,,1.01,1.65529,5677.0,22.90867652767775,14.5268,45
264543251,,,0.6,0.976982,3882.0,7.630512988261722,13.9469,45
124239467,,,0.691,0.666505,4415.0,34.673685045253166,14.843,45
47586008,,,0.522079,0.524858,3296.0,32.35936569296281,16.0611,45
427373529,,,0.431902,0.43642,3489.0,13.236421474933485,16.4986,45
200516835,,,0.548776,0.55393,3266.0,6.758206833528899,15.1073,45
457232067,,,0.51897,0.521577,3129.0,5.595091255095142,16.173,45
427374539,,,0.599873,0.614641,3713.0,14.12650494015686,16.1507,45
264541184,,,0.604563,0.620578,3359.0,8.893543700526005,15.1932,45
264460739,,,0.503671,0.50571,3176.0,7.761035107071795,16.4769,45
50898963,,,1.08,2.60935,5910.4,5.982435334631933,11.4691,45
204337019,,,0.96,1.66291,5492.0,20.417379446695275,15.4803,45
11167089,,,0.597805,0.612044,3104.0,8.304709089776054,15.8495,45
144619032,,,0.416,1.04613,3425.0,13.429595308729628,12.7542,45
276664309,,,0.556443,0.562594,3082.0,8.183578350695278,16.5098,45
427393429,,,0.667845,0.706143,3604.0,11.671208030158578,15.3192,45
115705824,,,1.04,1.6731,5799.0,41.68693834703355,15.0356,45
181626087,,,0.97,1.21012,5519.0,31.6227766016838,15.7613,45
264460793,,,0.511601,0.513877,3125.0,14.182919461342324,16.5668,45
264536960,,,0.47,0.922712,3526.0,10.095289509187646,14.763,45
11195355,,,0.582411,0.593086,3022.0,6.742045476920023,15.6915,45
397988301,,,0.58,0.910759,3809.0,37.15352290971728,15.7663,45
50748851,,,0.55,0.958984,3710.0,11.9925959344118,14.6643,45
427333775,,,0.551509,0.557002,3145.0,7.244237056170764,16.1384,45
50658813,0.00357842234910813,0.0010867168279388257,0.96,1.56609,5475.0,5.36801704148571,11.4807,45
182247826,,,1.22,2.63091,6269.0,31.6227766016838,14.9521,45
138936133,,,1.06,1.99395,5876.05,5.600849853747226,10.5996,45
360062905,,,1.36,2.18506,6558.0,2.39883291901949,14.3632,45
427397028,,,0.85,1.42105,5082.0,11.21442856072744,14.041,45
50722805,,,0.512254,0.514554,3000.0,6.474512301976692,16.3959,45
432668790,,,1.03,1.05036,5757.0,20.417379446695275,15.5777,45
138828789,,,0.586581,0.598155,2917.0,8.519213562048906,15.6821,45
228847180,,,1.07,1.91497,5879.0,45.70881896148752,15.1965,45
427352247,,,0.67,0.909165,4301.0,14.348415076142256,14.31,45
264480524,,,0.63,0.922763,4055.0,6.525235723956402,14.4384,45
125645251,,,0.76,1.19718,4724.0,6.165950018614822,16.0565,45
117990483,,,1.18,2.8467,6177.0,40.7380277804113,12.5482,45
280970854,,,0.5,0.948174,3572.0,8.77315648401602,15.0164,45
118511819,0.01450802136500463,0.014092754058289348,1.0,2.2591,5659.0,40.7380277804113,15.12,45
276664304,,,1.17,1.21208,6158.0,7.488805021456327,12.9698,45
1466006571,,,1.49,2.54007,6869.0,34.673685045253166,13.9205,45
368948927,,,0.582,1.30007,3810.0,7.585775750291836,14.3106,45
427454669,,,0.97,1.20905,5535.0,8.007905498751919,13.1002,45
264686594,,,0.643894,0.672716,3212.0,9.0,14.724,45
204566225,,,1.24,1.94254,6308.0,14.791083881682072,14.0996,45
281911148,,,0.412705,0.418956,3119.0,25.0,16.1278,45
264462005,,,0.49,1.126,3569.0,4.897788193684466,14.0861,45
118368097,,,1.16,2.98659,6131.0,29.51209226666384,13.0795,45
50897222,,,0.612677,0.630997,3418.0,14.34273710427582,15.4674,45
264536954,,,0.633004,0.657885,2992.0,5.397968896911305,15.5227,45
71924997,,,0.99,2.21107,5584.0,16.218100973589298,13.6886,45
59469190,,,1.22,3.81403,6269.0,46.77351412871982,11.5864,45
123675816,,,1.186,1.02122,6191.0,34.673685045253166,12.8131,45
220280294,0.011714225682226334,0.01348864845423164,1.01,1.1129,5662.0,2.5118864315095824,16.0045,45
427373665,,,0.452116,0.455221,3895.0,7.45250930058222,17.3973,45
177324056,,,0.98,1.31373,5544.0,47.863009232263806,15.5325,45
53409724,,,1.377,1.35528,6599.0,22.387211385683376,10.0921,45
457249417,,,0.608965,0.626207,3296.0,5.941852300743642,15.3281,45
427392343,,,0.61,1.13499,3916.0,13.814601551918264,14.1111,45
427350473,,,1.02,1.79075,5703.18,5.140482633543942,11.122,45
138904020,,,0.540254,0.54447,3137.0,14.440281845909496,15.7672,45
264540924,,,0.64,1.24341,4118.0,6.916454982875574,13.1472,45
125640457,0.011205637082537068,0.013605330027798731,0.65,0.966111,4153.0,6.165950018614822,16.2273,45
427450475,,,0.457745,0.460543,3307.0,9.998337014274911,16.1747,45
1645303378,,,0.9,2.06455,5259.0,47.863009232263806,15.5298,45
53588685,,,0.379822,0.389714,3229.0,22.387211385683376,15.8513,45
217832399,,,1.44,2.94764,6753.0,35.481338923357534,15.4339,45
202058494,,,0.76,1.20983,4744.0,2.5118864315095824,16.2496,45
337087025,,,0.73,0.83913,4591.0,46.77351412871982,15.4173,45
427393492,,,0.465967,0.468392,3630.0,2.0,16.9403,45
200519584,,,0.41,1.07243,3412.0,9.083158601729178,14.895,45
176236861,,,1.24,2.47961,6306.0,15.13561248436207,13.3488,45
120024967,,,0.387695,0.396651,3100.0,35.481338923357534,16.3514,45
79687583,,,1.42,1.29426,6700.0,25.118864315095824,13.0793,45
220323159,,,0.656063,0.689584,3466.0,2.5118864315095824,15.9583,45
61398632,,,1.22,2.85935,6266.0,22.90867652767775,13.7657,45
11290692,,,0.39,0.797785,3383.0,6.0,15.302,45
50725087,,,0.308426,0.327691,3425.0,9.969448817743602,14.3144,45
11290891,,,1.06,2.10479,5863.0,7.619194595400799,11.897,45
220054350,,,1.4,1.51641,6645.98,12.150385297650114,10.6976,45
50788162,,,1.17,1.70458,6160.0,4.897788193684466,11.1106,45
179165190,,,0.69,0.731851,4436.0,34.673685045253166,15.2239,45
151447163,,,0.81,1.22549,4941.0,23.442288153199225,15.683,45
464838962,,,0.4,1.11595,3404.0,13.738827859633222,14.9457,45
436014506,,,0.611965,0.630075,3077.0,5.520452485736241,15.6645,45
264741020,,,0.52,1.11374,3617.0,5.513582234996911,14.2205,45
43160204,,,0.640245,0.667718,3173.0,5.754399373371567,15.7995,45
427373547,,,0.512026,0.514317,3614.0,2.0,16.9665,45
220111876,,,1.04,1.38426,5789.0,32.35936569296281,15.862,45
427455469,,,0.637269,0.663662,3041.0,11.303716931194842,15.8098,45
11202436,,,0.59,0.909892,3843.0,12.994133035179331,15.2956,45
427376937,,,0.61,0.943061,3946.0,14.960171579237032,14.4978,45
177855650,,,0.576137,0.585551,3657.0,34.673685045253166,16.458,45
49188345,,,0.552731,0.558381,3397.0,32.35936569296281,15.7816,45
282207193,,,1.2,2.5677,6216.0,36.3078054770101,12.3553,45
118620544,,,1.0,1.71209,5643.0,41.68693834703355,14.9642,45
280972427,,,0.89,1.69005,5238.0,11.14251872566594,12.6239,45
264537147,,,0.432,1.13605,3452.0,7.925054915091042,14.2262,45
144775849,,,0.599739,0.614473,3335.0,5.0,15.6569,45
388918051,,,0.228684,0.257191,3258.0,5.391580695413955,13.8764,45
4294418,,,0.598678,0.613139,3208.0,6.7278803189488645,15.0604,45
427451117,,,0.57,0.865812,3756.0,6.921655021240085,14.6339,45
200540489,,,0.55,1.19921,3702.0,8.011614415967834,14.3625,45
351727934,,,1.4,2.42282,6660.0,42.65795188015926,14.3685,45
231173279,,,0.61,1.09646,3904.0,2.5118864315095824,15.9222,45
217824498,,,1.17,1.73763,6151.0,35.481338923357534,15.9963,45
359888564,0.005233026417379541,0.004742750895028376,0.59,1.05336,3852.0,7.585775750291836,14.5962,45
226001342,,,0.66,1.01351,4251.0,6.606934480075965,16.2154,45
138899444,,,0.35,0.412734,3326.0,9.0,16.5155,45
264743097,,,0.644717,0.673849,3372.0,9.166460011260089,14.8183,45
201964160,,,0.99,1.90382,5597.0,2.5118864315095824,14.9432,45
120545068,,,0.611846,0.629921,3283.0,22.387211385683376,14.8085,45
50525949,,,0.638002,0.664659,3357.0,10.224878592532814,14.7793,45
264540817,,,0.8,0.731073,4885.0,12.363746426688095,14.3155,45
264541929,,,0.495232,0.49715,3110.0,7.432242298188786,16.0724,45
11195474,,,1.11,1.11317,6020.07,5.590243681624663,12.7524,45
432328203,,,1.05,2.09607,5831.0,5.888436553555883,15.6384,45
427377217,,,0.588767,0.600832,3236.0,5.836444534565196,16.0652,45
50657096,,,1.12,1.12217,6046.6,9.762029741237978,13.1735,45
201369404,,,1.05,2.60837,5818.94,5.805454027504048,10.4189,45
229280690,,,0.94,1.08049,5397.0,26.915348039269137,15.0299,45
264681933,,,0.497589,0.499527,2940.0,6.931914644569045,16.2103,45
1796537658,,,0.96,1.18682,5478.0,19.952623149688787,16.3721,45
427333922,,,0.551745,0.557267,3663.0,4.897788193684466,15.5543,45
264461039,,,0.53,0.874302,3647.0,7.715536988371905,14.8959,45
427349304,,,1.26,1.36083,6349.0,12.08846445235226,10.9679,45
264588542,,,0.466363,0.468773,3367.0,14.161536213731749,14.8801,45
229278796,,,1.15,1.21212,6114.0,32.35936569296281,14.915,45
427377495,,,1.37,1.45476,6572.46,5.231032717321344,10.6666,45
464839918,,,0.403571,0.410757,3273.0,20.0,16.6175,45
25256694,,,1.08,1.55809,5940.0,11.748975549395302,14.2001,45
388917905,,,0.522051,0.524829,3045.0,9.406454610894611,15.9427,45
220204693,,,1.06,1.02087,5872.0,2.5118864315095824,16.438,45
388850666,,,0.431334,0.435898,3118.0,5.596226588076724,16.7178,45
177324245,,,0.82,0.725021,4978.0,47.863009232263806,16.3708,45
34470547,,,0.348162,0.362089,3464.0,10.318187458119338,16.9092,45
351587318,,,0.96,2.51918,5480.0,44.668359215096345,16.1046,45
276663926,,,1.06,2.00879,5854.0,9.927056032540346,12.8499,45
220338624,,,0.91,1.13761,5286.0,2.5118864315095824,16.1593,45
50529497,,,0.68,1.31869,4339.89,12.309411671844854,12.949,45
71969052,,,0.603219,0.61887,3295.0,14.990979650510926,14.9831,45
281910715,,,1.157,1.10519,6125.0,25.0,11.2126,45
264742500,,,0.422065,0.427428,3422.0,4.897788193684466,16.1135,45
432630571,,,1.09,1.81994,5958.0,41.68693834703355,14.8092,45
120095649,,,0.367297,0.37874,3209.0,35.481338923357534,16.43,45
225781962,,,0.64,1.15839,4064.0,6.606934480075965,16.2427,45
125644263,,,0.62,1.05183,3965.0,6.165950018614822,15.9821,45
427455476,,,1.34,1.98531,6524.0,12.72468332268994,12.7432,45
18391832,,,0.83,0.809904,4990.0,21.87761623949552,15.2948,45
388935558,0.009453418247308087,0.009213319694860849,0.644458,0.673493,3319.0,8.250448116532622,15.1414,45
332970115,,,0.7,0.698808,4438.0,2.0,13.7767,45
436014938,,,0.53,0.968145,3652.0,13.941311572406557,15.0111,45
46584844,,,0.98,1.32262,5546.0,21.87761623949552,13.0434,45
427400078,,,0.626774,0.649529,3304.0,9.930982228340769,15.6536,45
50622749,,,0.543585,0.548147,3143.0,13.68184920772394,15.9443,45
4255267,,,0.532231,0.535722,3220.0,11.046508783861231,15.57,45
464839061,,,0.643712,0.672467,3410.0,5.399109275892503,14.6402,45
432705766,,,1.27,2.47912,6367.0,15.13561248436207,12.6853,45
436248383,,,0.63,1.27628,4047.0,6.049692016150012,13.885,45
50747042,,,0.36072,0.373004,3160.0,12.831997766293734,16.802,45
398166090,,,0.66,1.0032,4234.0,21.87761623949552,14.6832,45
220322402,,,0.659543,0.694456,3751.0,2.5118864315095824,16.1246,45
433021458,,,1.05,1.51664,5829.0,47.863009232263806,14.9621,45
125267943,,,0.65,0.924207,4167.0,6.165950018614822,16.1057,45
50793924,,,1.22,1.72586,6259.71,6.6185547021701305,10.9308,45
427379805,,,0.598957,0.613489,3278.0,7.429080967273441,15.6868,45
178056540,,,0.81,0.780886,4947.0,34.673685045253166,14.6504,45
123731963,,,0.56333,0.570505,3339.0,25.0,14.9742,45
11299636,,,1.06,1.38912,5852.65,8.983058356057217,13.8435,45
427395803,,,0.607061,0.623767,3487.0,9.818080861769818,15.4223,45
43985087,,,0.528068,0.53124,3182.0,5.754399373371567,16.6175,45
443256698,,,0.635541,0.661317,3542.0,22.387211385683376,13.8116,45
50742360,,,0.51,0.908659,3610.0,14.6403478545704,14.7522,45
31822519,,,1.21,1.95569,6240.0,23.442288153199225,15.0518,45
276661164,,,0.613994,0.632705,3928.0,5.0,13.1714,45
220239240,,,0.74,1.23639,4671.0,2.5118864315095824,14.5567,45
427393816,,,0.658779,0.693385,3549.0,9.007985209781925,15.3812,45
50897494,0.005260082891691114,0.0045034694132533495,0.63,1.21915,4038.0,10.087458712701451,13.9674,45
425965272,,,1.19,1.79342,6202.0,21.379620895022324,14.5293,45
427334254,,,0.627026,0.649865,3296.0,5.125627274917534,15.3362,45
220338947,,,0.73,1.39335,4604.0,2.5118864315095824,14.0948,45
50584842,,,0.56,1.00467,3749.0,6.538689383343902,14.6735,45
1447863418,,,0.84,0.946789,5027.0,33.11311214825908,15.5202,45
53605253,,,0.57,0.948108,3754.0,25.118864315095824,16.3005,45
279577212,,,1.0,3.21446,5655.0,8.597467886758354,13.9437,45
125497804,,,1.26,1.43346,6340.0,6.165950018614822,15.5681,45
11411437,,,0.89,1.0141,5215.0,14.9827598723334,16.8129,45
49311596,,,0.606439,0.622971,3630.0,32.35936569296281,15.1211,45
42435230,,,0.594133,0.60746,3359.0,22.387211385683376,15.203,45
79382190,,,0.62,0.820657,3955.0,25.118864315095824,16.1229,45
427349773,,,0.98,2.84479,5574.62,6.021400043339163,11.218,45
172737955,,,1.07,0.920701,5908.0,32.35936569296281,12.3066,45
427454151,,,0.649445,0.680376,3523.0,10.270084263167949,15.7777,45
115948481,,,0.8,0.870293,4878.0,40.7380277804113,16.4073,45
457230957,,,0.42,0.895298,3436.0,4.897788193684466,15.2014,45
264743853,,,0.654216,0.687006,3370.0,12.98648447388168,14.7679,45
11361465,,,0.47,1.17168,3514.0,4.897788193684466,14.738,45
425783123,,,0.89,1.33608,5224.0,21.379620895022324,14.9124,45
118790273,,,0.931,0.748582,5374.0,34.673685045253166,13.6622,45
231172376,,,0.57,1.1861,3770.0,2.5118864315095824,15.5395,45
138856646,,,0.54,1.14005,3673.0,13.88709223322778,14.4599,45
45571339,,,0.627162,0.650047,3350.0,5.754399373371567,15.4006,45
388917894,,,0.480049,0.482061,3392.0,8.900342942298403,15.6763,45
119546776,,,0.92,1.28466,5337.0,11.748975549395302,16.1267,45
11400919,,,0.593753,0.606988,3136.0,5.923920767245658,15.9183,45
50530546,,,1.073,1.54607,5904.0,11.488982999914814,10.3291,45
156389395,,,1.07,2.01593,5884.0,6.602662326752241,12.0996,45
436098586,,,0.51,1.1734,3613.0,8.233208840453944,14.5087,45
177413201,,,0.69,1.03831,4381.0,6.165950018614822,15.8353,45
449260863,,,1.21,4.41876,6242.0,8.907887172280299,8.6077,45
50589703,,,0.418946,0.424596,3095.0,9.0,16.3846,45
220063529,,,0.61,1.02435,3944.0,8.27766954610135,13.9825,45
427377352,,,0.50177,0.50377,3201.0,4.897788193684466,16.4272,45
180305189,,,1.08,1.54959,5927.0,47.863009232263806,16.7727,45
220052411,,,0.402668,0.409951,3227.0,10.110590584843052,14.9423,45
220048969,,,0.91,1.16906,5309.26,9.184911855819664,12.735,45
220339186,,,0.71,1.3356,4523.0,2.5118864315095824,14.1935,45
217087053,,,1.42,2.83783,6702.0,35.481338923357534,15.3096,45
231145961,,,1.21,3.04369,6242.0,2.5118864315095824,13.6539,45
118508349,,,1.29,1.30394,6412.0,40.7380277804113,14.2223,45
1649929474,,,1.31,1.60882,6448.0,47.863009232263806,14.1297,45
11294553,,,0.545633,0.550421,3057.0,4.897788193684466,16.6097,45
457231139,,,1.14,1.74692,6087.0,8.204878936761109,14.8416,45
1630701963,,,0.83,1.07423,5016.0,28.84031503126605,16.1691,45
391859414,,,1.45,1.61928,6775.0,20.417379446695275,13.5948,45
201369019,,,0.63,1.27731,4006.0,6.0,13.8017,45
220056266,,,0.63,0.900204,4013.0,13.05263354373935,14.3818,45
177858260,,,1.283,1.0307,6399.0,34.673685045253166,12.7981,45
276663272,,,0.58,0.846611,3810.0,4.897788193684466,14.7241,45
178791757,,,1.36,1.84496,6570.0,45.70881896148752,15.8767,45
1650139765,,,0.95,1.12875,5462.0,47.863009232263806,15.8761,45
204232647,,,0.94,1.40582,5388.0,15.13561248436207,15.9179,45
427397492,,,1.02,2.67319,5713.0,10.126418529966427,12.7766,45
144615389,,,0.425939,0.430958,3056.0,14.0,17.0417,45
220322329,,,0.631533,0.655904,3497.0,2.5118864315095824,16.3678,45
177128183,,,0.66,1.36037,4223.0,6.165950018614822,15.7693,45
79542098,,,0.61,0.816904,3949.0,25.118864315095824,16.1732,45
427392946,,,0.640765,0.668428,3263.0,5.463657989318612,15.2252,45
11200901,,,0.48,1.13447,3537.0,7.880152865658573,14.4967,45
4255842,,,0.45384,0.456846,2879.0,11.0,16.615,45
427378968,,,0.51,0.899298,3604.0,10.411265849600426,14.5897,45
42888607,,,0.40028,0.40782,3498.0,22.387211385683376,16.4361,45
302868000,,,1.31,1.93593,6451.0,32.35936569296281,15.5082,45
50749049,,,0.470195,0.472465,3018.0,6.0,16.461,45
138935457,,,0.61,1.02263,3938.0,13.147984334010744,14.4225,45
264630952,,,0.62,1.12383,3998.0,14.84500563305022,13.5496,45
125498105,,,1.03,0.819029,5761.0,6.165950018614822,15.3667,45
432453387,,,1.15,1.40371,6101.0,41.68693834703355,15.3122,45
50898443,,,0.620226,0.640854,3252.0,13.897594980056466,15.7711,45
50623918,,,0.54,0.901083,3685.0,14.378980311001987,14.5476,45
1852729643,,,0.73,0.76469,4590.0,7.585775750291836,16.751,45
309794224,,,0.62973,0.653483,3694.0,11.748975549395302,16.3568,45
79541600,,,0.49,1.02143,3556.0,25.118864315095824,16.0821,45
50726347,,,0.411049,0.417464,3038.0,6.222878411821458,16.7623,45
319288934,,,0.97,0.925972,5520.0,34.673685045253166,13.7247,45
457231160,,,1.08,2.72515,5915.23,5.666271152092924,8.3839,45
332970112,,,1.3,1.51391,6435.0,6.653806941330492,11.4945,45
199820686,,,1.27,2.38954,6372.0,6.461258901917226,11.3039,45
436340782,,,0.508533,0.510702,3180.0,14.0,16.5379,45
264483736,,,0.595641,0.609338,3316.0,6.215167938432202,15.3768,45
427350271,,,0.97,1.21767,5540.0,13.630114262511634,12.2351,45
50657054,,,0.583195,0.594035,3281.0,5.0,15.7937,45
11455390,,,0.518782,0.521379,3238.0,8.031222141844545,15.6741,45
1789349418,,,1.29,1.53585,6410.0,47.863009232263806,16.4333,45
388851291,,,0.5,0.969992,3578.0,6.063008080328189,14.7909,45
34512681,,,0.59421,0.607556,2935.0,4.897788193684466,15.8268,45
43020882,,,0.79,1.18241,4848.0,5.754399373371567,14.4939,45
115699910,,,1.01,2.19609,5660.0,41.68693834703355,15.3721,45
264541004,,,0.41,1.03352,3416.0,6.300492926050024,14.6635,45
119073836,,,1.32,2.06782,6472.0,11.748975549395302,14.7383,45
358731712,,,0.63,1.13262,4058.0,7.585775750291836,15.1452,45
207045550,,,0.57,0.937995,3753.0,19.05460717963248,15.9601,45
4380166,,,0.57,0.795892,3769.0,4.897788193684466,14.6712,45
427396936,,,0.517781,0.520326,3516.0,6.0,16.3244,45
264485940,,,0.586814,0.59844,3244.0,8.504101993088172,15.4368,45
370633392,,,0.62,0.49807,3964.0,7.585775750291836,16.5557,45
220052988,,,0.642157,0.670333,3208.0,7.44122487318096,15.3902,45
427346908,,,0.69,1.03904,4388.0,7.099040086560474,13.7398,45
180304859,,,1.45,2.316,6768.0,47.863009232263806,16.1364,45
50747012,,,0.500275,0.50225,3052.0,5.040001860829051,16.3618,45
50897223,,,0.508753,0.510929,3001.0,10.735183036457585,16.4292,45
50624611,,,0.637032,0.66334,3320.0,7.723785347263412,15.0272,45
359322287,,,0.666051,0.70361,3129.0,7.585775750291836,15.4464,45
207050085,,,1.08,1.19411,5918.0,32.35936569296281,14.855,45
138828389,,,0.63,0.923688,4013.0,20.0,14.1981,45
115698839,,,1.11,2.57745,6009.0,41.68693834703355,14.0878,45
72043715,,,0.697,1.00423,4450.0,11.241993399935094,14.2155,45
425571951,0.007426708584305537,0.007102697779676581,1.06,2.08359,5860.0,21.379620895022324,15.0159,45
388918133,,,0.8,1.03776,4883.0,11.320646472875836,14.5894,45
225601791,,,0.74,1.45589,4649.0,6.606934480075965,14.4582,45
11286158,,,0.35,1.02708,3324.0,12.292306953384616,15.1574,45
711129046,,,0.68,0.827642,4376.0,17.78279410038923,13.8399,45
229384990,,,1.41,1.40405,6667.0,26.915348039269137,13.5099,45
427395660,,,0.99,1.74845,5597.0,14.618003927618318,13.2518,45
264594238,,,1.46,1.56084,6785.6,12.686047484814152,10.6301,45
220240735,,,0.543125,0.547637,3755.0,2.5118864315095824,16.3242,45
4200461,,,1.22,1.49452,6257.0,11.50362670628882,14.1502,45
11297799,,,0.46,0.753601,3505.0,7.274191845615178,15.5933,45
138937054,,,0.533122,0.536686,3143.0,4.897788193684466,16.227,45
1631520036,0.012223871479598946,0.014420444508497797,0.79,1.53311,4871.0,38.01893963205613,16.1082,45
223126654,,,1.43,1.57655,6719.0,33.11311214825908,13.3955,45
368425800,,,0.74,1.10051,4674.0,7.585775750291836,14.3103,45
427455970,,,0.639037,0.666069,3290.0,7.125100925692544,15.1979,45
11295890,,,0.7,1.39887,4458.0,5.0,13.2634,45
716601468,,,0.616,0.579172,3955.0,46.77351412871982,16.1343,45
105463518,,,0.774,0.750273,4793.0,33.11311214825908,14.8145,45
457230734,0.004126236420858461,0.003544749916959306,0.59,0.969313,3828.0,11.129566046684136,14.0142,45
427373524,,,0.318247,0.336192,4079.0,2.0,17.703,45
125496458,,,1.03,1.27603,5763.0,6.165950018614822,16.0433,45
220076727,,,0.331087,0.3473,3007.0,12.541958563764377,16.7593,45
264486098,,,0.57,1.0596,3770.0,12.029653293421298,13.9702,45
148172984,,,1.02,1.72035,5709.0,6.165950018614822,13.6215,45
199898021,,,0.571,1.16919,3772.0,14.277113024956211,14.0879,45
42884529,,,0.645934,0.675524,3154.0,22.387211385683376,15.1381,45
1658664491,,,0.81,1.22678,4932.0,30.90295432513592,16.2235,45
207044418,,,0.556,1.01561,3722.0,2.5118864315095824,16.1254,45
177415062,,,0.69,1.16496,4383.0,6.165950018614822,15.7069,45
119693747,,,0.637729,0.664287,3539.0,22.387211385683376,14.3248,45
50787733,,,1.4,1.92808,6651.0,9.560724082222048,10.1143,45
177522762,,,1.21,1.42754,6241.0,23.442288153199225,15.64,45
220291546,0.004705068988264205,0.004023718583963942,1.07,1.94862,5885.0,2.5118864315095824,13.9514,45
427378282,,,0.532301,0.535798,3369.0,9.719533150390845,15.3694,45
220134632,,,0.88,1.14476,5199.0,26.915348039269137,15.2261,45
177121720,,,0.83,0.64767,4998.0,47.863009232263806,15.7616,45
388935364,0.014789365716208439,0.020908348727948507,0.414263,0.42036,2984.0,5.586207332084104,16.8059,45
427377055,,,0.45505,0.457989,3141.0,5.0,16.7451,45
264484945,,,0.76,1.50269,4732.0,7.692611996588894,12.3876,45
427353272,,,0.452066,0.455173,3460.0,9.65161285070722,16.9764,45
48811605,,,0.97,0.968008,5513.0,32.35936569296281,12.4939,45
200478673,,,0.413661,0.419817,3069.0,14.0,16.7815,45
427397014,0.009204531228666423,0.008798109789393504,0.63,0.922734,4011.0,10.077803363709789,15.0121,45
427395703,,,0.432508,0.436977,3868.0,2.0,16.9817,45
284156631,,,0.553,1.11798,3714.0,11.07235430730394,13.3667,45
427353186,,,0.630743,0.654842,3182.0,10.07344646186793,15.3782,45
377792470,,,0.74,1.2408,4661.0,42.65795188015926,15.8211,45
427457987,,,0.513481,0.51583,2937.0,5.484194596753697,16.4349,45
432674198,,,1.08,1.61379,5931.0,15.13561248436207,14.4967,45
138981091,,,0.590137,0.602517,3082.0,13.902969896755168,16.1174,45
432530002,,,1.25,2.83392,6332.0,41.68693834703355,13.9207,45
427350752,,,1.38,1.60572,6605.38,10.219232395091366,11.2586,45
340974973,0.010143373859863145,0.01040645324292389,0.6,0.955272,3889.0,2.5118864315095824,15.4451,45
432330684,,,1.4,1.8264,6659.0,41.68693834703355,15.1007,45
43077098,,,0.556482,0.562639,3286.0,22.387211385683376,14.6879,45
264594928,,,0.56,0.943253,3734.0,8.38959157811347,14.383,45
464839176,,,0.78,1.30465,4826.66,7.845886807285095,12.239,45
264542093,,,0.616256,0.635651,3329.0,7.073404974356665,15.4479,45
11296632,,,0.586848,0.598481,3208.0,14.476858054554292,15.5149,45
427454890,,,0.601768,0.617032,3246.0,7.373312130865761,15.5338,45
264594007,,,0.6,0.953637,3890.0,8.22971865432864,13.9692,45
264485733,,,1.19,2.17069,6198.99,7.911457655756282,10.0953,45
427396864,,,0.523926,0.526818,3389.0,9.236456507906716,16.3359,45
264483827,,,0.633882,0.659072,3217.0,7.765685815592089,14.8366,45
332975420,,,0.450078,0.453303,3186.0,4.897788193684466,16.0829,45
117079213,,,0.95,1.17998,5441.0,35.481338923357534,15.9816,45
116705774,,,1.0,1.39358,5653.0,41.68693834703355,15.5091,45
427377524,,,0.48,1.17915,3541.0,9.822217304844486,15.8012,45
220156095,,,1.02,1.21578,5702.0,26.915348039269137,14.7442,45
177858058,,,0.84,0.724448,5047.0,34.673685045253166,14.504,45
4380194,,,1.47,1.54551,6820.2,4.897788193684466,10.7233,45
264740274,,,0.509735,0.511944,3118.0,13.769587491235576,15.8917,45
11456566,,,0.78,0.606834,4817.0,14.324435109628492,18.4591,45
72829398,,,0.583887,0.594874,2956.0,9.161253779291616,15.713,45
11193996,,,0.605734,0.622071,3079.0,11.437716648073753,16.1807,45
1640469028,,,0.82,0.868016,4967.0,38.904514499428046,15.9745,45
279583182,,,0.638317,0.665088,2898.0,4.897788193684466,15.6723,45
138856520,,,0.51,1.02833,3612.0,7.023836455220326,14.8063,45
201368849,,,0.511316,0.513581,3165.0,8.081337516659254,16.2864,45
177074616,,,1.35,1.57944,6545.0,30.90295432513592,15.6519,45
118511141,,,1.3,1.56744,6427.0,23.988329190194897,15.6992,45
1784717652,,,1.29,1.57869,6418.0,45.70881896148752,16.3364,45
177596704,,,1.43,1.59409,6717.0,47.863009232263806,15.3248,45
177132054,,,1.3,1.32008,6434.0,23.442288153199225,15.8395,45
138828684,,,1.06,2.70161,5851.72,14.15325588809606,9.8183,45
426185820,,,0.430238,0.434892,3190.0,14.0,17.1144,45
63116944,0.0037675546604178023,0.0021859109220622045,1.39,1.32151,6633.0,25.118864315095824,12.8346,45
179166323,,,1.11,1.55828,6002.0,45.70881896148752,16.3953,45
124196463,,,0.510443,0.512676,3084.0,25.0,15.4214,45
427347178,,,0.660902,0.696363,3282.0,7.356622525568954,15.3219,45
180965017,,,1.06,1.95057,5854.0,45.70881896148752,15.4736,45
269117517,,,0.554684,0.560593,3240.0,9.461975684382343,15.5946,45
118620640,,,1.23,1.75097,6279.0,15.848931924611142,15.0099,45
48950859,,,0.63,0.805493,4022.0,32.35936569296281,14.4609,45
1764963718,,,1.05,1.35924,5813.0,23.442288153199225,15.7947,45
220140810,,,1.21,1.38012,6237.0,32.35936569296281,14.2838,45
319364184,,,0.621471,0.642495,3058.0,7.294270704621893,15.7534,45
360666911,,,1.26,1.9616,6341.0,15.848931924611142,15.0705,45
427455136,,,0.614298,0.6331,3275.0,13.668845785604391,15.5544,45
388850668,,,0.606319,0.622818,3180.0,10.152840506438835,15.4625,45
226089300,,,0.58,1.07144,3787.0,6.606934480075965,16.1681,45
299422881,0.018296123365070117,0.0227153765723569,0.99,2.19436,5590.0,42.65795188015926,16.3169,45
394424455,,,0.98,1.76856,5544.0,19.952623149688787,15.6161,45
427459756,,,0.623945,0.645767,3580.0,4.897788193684466,16.8228,45
11299431,,,0.44,1.18781,3459.0,4.897788193684466,15.3119,45
11201461,,,0.539444,0.54358,3104.0,8.21867878157582,16.1029,45
177127484,,,1.21,1.32892,6251.0,6.165950018614822,13.9498,45
427395661,,,0.75,1.14601,4695.0,13.785305141396323,14.645,45
200478719,,,0.474709,0.476842,3002.0,14.0,16.9821,45
50588343,,,0.529346,0.532612,3157.0,13.529630793197926,16.0301,45
52665654,,,0.624794,0.646895,3552.0,22.387211385683376,14.1042,45
264190953,,,1.11,1.22747,6013.0,21.87761623949552,12.5944,45
220075298,,,1.24,1.62083,6303.6,7.930130147261122,11.4667,45
11283424,,,0.533387,0.536973,3231.0,10.402664253578934,15.8801,45
125594159,,,1.11,1.16881,5998.0,34.673685045253166,12.4079,45
388935504,,,0.69,1.27589,4407.0,14.288843690568228,15.5896,45
50742940,,,0.61529,0.634391,3230.0,12.491155893599329,15.0892,45
427455025,,,0.94,1.13261,5419.0,8.65004155466935,13.2843,45
427398050,,,0.69,0.942326,4382.0,4.897788193684466,14.0984,45
11360530,,,0.55,1.01155,3714.0,11.952297783836896,14.4062,45
427381020,,,0.652009,0.683935,3251.0,14.541621277782893,15.0778,45
4294961,,,0.38254,0.392105,3021.0,11.377381012934316,16.4998,45
49079319,,,0.429343,0.434072,3280.0,32.35936569296281,16.4598,45
204253184,,,1.06,2.27189,5863.0,19.952623149688787,15.1217,45
388850857,,,0.555481,0.561499,3329.0,9.075764327768828,15.7999,45
180358165,,,1.36,2.35457,6557.0,38.01893963205613,15.4807,45
712825156,,,0.43,0.640039,3454.0,4.897788193684466,15.2067,45
200524423,,,0.611572,0.629567,3237.0,12.014631904370871,15.6142,45
220186204,,,0.96,1.71609,5481.0,26.915348039269137,14.4066,45
353277833,0.01755715930116635,0.024917788669272658,0.47,0.557081,3512.0,7.585775750291836,16.8199,45
427454218,,,0.592391,0.605299,3144.0,11.717418680674715,16.0574,45
359892194,,,0.7,1.30026,4475.0,7.585775750291836,14.6789,45
50722209,,,0.468215,0.470555,3008.0,10.312680016314465,16.4362,45
427379180,,,0.65,1.30886,4168.0,8.27825122174509,13.124,45
388917984,,,0.477123,0.479196,3072.0,11.237691315277608,16.5641,45
50747958,,,0.479782,0.481799,3052.0,11.713951691077824,16.9861,45
177098476,,,1.0,2.3849,5624.0,5.888436553555883,14.8074,45
144697462,,,0.519641,0.522283,3661.0,4.897788193684466,16.4614,45
174922870,,,1.4,2.40636,6640.0,39.81071705534969,15.1894,45
177853622,,,1.008,1.46281,5673.0,34.673685045253166,12.4603,45
332856431,,,0.711,1.12569,4521.0,13.89892974233426,14.6674,45
138828368,,,0.9,1.56186,5248.0,11.81119619602137,11.4983,45
156432033,,,0.597291,0.611399,3327.0,6.004040610636036,15.6513,45
427374913,,,0.97,1.75743,5504.91,12.77758568315176,11.9704,45
264739322,,,0.454475,0.457446,3117.0,8.912509381337458,16.4739,45
50584049,,,0.632,1.16541,4039.0,6.0,13.5757,45
125637295,,,1.1,1.25922,5976.0,23.442288153199225,16.361,45
4200958,,,0.656232,0.68982,3184.0,14.79368928455947,15.4505,45
1854216313,,,1.35,3.80965,6539.0,15.848931924611142,14.8175,45
177714019,,,1.04,1.30848,5805.0,23.442288153199225,15.8125,45
116584432,,,0.91,1.58635,5299.0,41.68693834703355,15.8679,45
177446947,,,0.91,1.72414,5311.0,23.442288153199225,16.0535,45
302672378,,,0.6,0.745923,3872.0,10.96000660818486,15.0278,45
435934214,,,0.56,0.862315,3744.0,5.317658316009949,14.5787,45
220313635,,,0.77,0.878098,4782.0,2.5118864315095824,14.198,45
220117849,,,1.06,1.24291,5871.0,32.35936569296281,16.3529,45
178159233,,,0.7,0.715351,4473.0,34.673685045253166,14.9537,45
287757991,,,0.45,0.987896,3475.0,13.23089225985983,15.1578,45
144776642,,,0.58,1.14476,3802.0,11.11184669950451,14.1879,45
427393289,,,0.69,1.43624,4403.0,12.35950001259964,13.5708,45
4380636,,,0.587439,0.599204,3253.0,11.929627650530357,15.3431,45
464838234,0.005990579058961568,0.005209061366118627,0.57,0.947124,3781.0,14.273817439372792,14.1687,45
178050738,,,1.25,1.17348,6329.0,34.673685045253166,12.3135,45
42830677,,,0.470221,0.47249,3327.0,22.387211385683376,15.842,45
427395960,0.015400201733134718,0.014251914432173812,0.62,1.31487,3993.0,10.882952519624071,14.7725,45
161955916,,,0.81,1.29592,4940.0,38.904514499428046,15.3389,45
229343130,,,1.17,1.30303,6164.0,32.35936569296281,15.4383,45
269118106,,,0.327926,0.344565,3021.0,7.439094364055557,17.1348,45
397080313,,,1.41,2.4666,6676.0,19.952623149688787,14.3559,45
11295893,,,1.16,4.10145,6141.0,14.63834787613164,9.1906,45
229381558,,,1.02,1.1247,5736.0,32.35936569296281,16.1508,45
229343838,,,1.09,1.3391,5960.0,32.35936569296281,15.9446,45
368541516,,,0.896,1.23334,5243.0,7.585775750291836,14.2508,45
220338543,,,0.600282,0.615157,3985.0,2.5118864315095824,16.4708,45
119173360,,,1.41,1.1298,6675.0,11.748975549395302,13.465,45
118226357,,,1.0,1.15668,5658.0,45.70881896148752,16.0145,45
50623939,,,0.451194,0.454353,3116.0,13.532887696213685,15.9973,45
280523948,,,0.859,1.02337,5111.0,22.387211385683376,12.6503,45
4205819,,,0.550534,0.555904,3160.0,7.1899296005761295,16.084,45
50587707,,,0.575169,0.584399,3171.0,9.15253839868187,15.5969,45
264541820,,,0.399406,0.40704,3365.0,7.363973194128319,14.9184,45
177101799,,,1.04,2.06778,5779.0,40.7380277804113,15.3802,45
103857046,,,1.43,4.8744,6718.0,4.073802778041131,13.3949,45
177272065,,,1.36,1.41505,6555.0,47.863009232263806,14.4483,45
138855101,,,1.4,1.47303,6649.0,4.897788193684466,11.4251,45
11355172,,,0.58,1.28734,3819.0,11.6505382750094,14.5118,45
11199788,,,0.63,1.33703,4020.0,6.0,13.5685,45
144776610,,,1.24,2.81457,6314.0,4.897788193684466,11.0277,45
178372536,,,0.591001,0.603582,3828.0,34.673685045253166,16.1483,45
386281688,,,1.06,1.63681,5878.0,42.65795188015926,13.6586,45
119243334,,,0.89,0.914692,5216.0,25.703957827688647,14.8728,45
427454597,,,0.78,1.08612,4803.0,5.065971968940679,14.791,45
18964650,,,1.45,1.47251,6767.0,21.87761623949552,11.6882,45
177986922,,,1.142,1.07349,6090.0,34.673685045253166,12.7076,45
390698920,,,1.06,1.44957,5875.0,16.98243652461746,13.7639,45
264484174,,,0.218244,0.247578,3276.0,12.342663400937836,17.6595,45
177410386,,,0.550953,0.556375,3467.0,34.673685045253166,16.6315,45
264244343,,,0.653803,0.686431,3394.0,21.87761623949552,16.0766,45
319039251,,,0.605798,0.622152,3915.0,34.673685045253166,15.8577,45
105036046,,,1.28,1.49048,6393.0,4.073802778041131,13.9647,45
43640101,,,1.14,1.88367,6096.0,5.754399373371567,12.1175,45
433147477,,,1.16,2.19908,6123.0,47.863009232263806,14.9247,45
220323065,,,0.99,1.40678,5590.0,2.5118864315095824,15.5562,45
119549031,,,0.438549,0.442551,3159.0,35.481338923357534,15.945,45
457248789,,,0.58,1.06813,3797.0,13.373680992122566,13.8502,45
427346968,,,0.73,1.03045,4621.0,14.87742343732229,13.5186,45
264631318,,,0.319945,0.337662,2919.0,8.234306729474081,17.805,45
177013110,,,1.37,1.48556,6593.0,23.442288153199225,15.6659,45
200519709,,,0.561225,0.568074,3133.0,14.0,15.8251,45
11283864,,,1.26,1.44545,6353.0,9.371701149387466,13.5579,45
712759139,,,0.57,1.0272,3755.0,4.897788193684466,15.7608,45
427399957,0.003378458406194681,0.0025431835651403482,0.68,1.30093,4336.0,9.150127326687784,13.357,45
264543630,,,0.448,1.12721,3480.0,9.902391216428928,14.2794,45
11293038,,,1.352,1.53725,6543.0,12.525205699579748,10.6938,45
11412868,,,0.341161,0.35602,3330.0,12.529067159746056,17.5452,45
50583149,,,0.569914,0.578184,3261.0,14.099988763568966,15.4714,45
50789489,,,0.62,1.05748,3955.0,10.91281860423361,13.9649,45
427347530,,,0.87,1.63044,5138.0,5.498842091453274,12.0038,45
388935599,,,0.365247,0.376951,3197.0,12.180988171156908,14.94,45
204237974,,,1.3,1.59646,6433.0,20.417379446695275,15.0223,45
264682989,,,0.54,1.27569,3688.86,6.2469458477961375,13.661,45
11289122,,,0.55,1.25333,3720.0,12.294301139908844,14.1381,45
264541704,0.004723294137668685,0.0040406173716919635,0.62,1.32295,3975.0,13.204187633547823,13.956,45
264593474,,,1.01,3.00528,5673.0,11.801030840705536,12.3269,45
200516053,,,0.51,0.945849,3593.0,5.603917587564094,14.8815,45
306088531,,,0.91,1.43169,5311.0,20.417379446695275,14.8771,45
35407889,,,0.589413,0.601626,3332.0,35.481338923357534,14.4565,45
11287101,,,0.94,1.02059,5415.0,6.337037151711986,13.1273,45
427347897,,,0.401752,0.409132,3348.0,9.435354278302764,16.2173,45
220110173,,,0.95,0.938771,5451.0,32.35936569296281,15.5689,45
151474159,,,0.6,1.24452,3901.0,12.30268770812381,16.4852,45
177324938,,,1.11,1.50267,5996.0,23.442288153199225,16.1275,45
427397006,,,0.6,1.10421,3883.0,5.645470563298551,14.1055,45
119368045,,,0.633618,0.658714,3522.0,25.703957827688647,16.7761,45
116320347,,,1.19,1.16104,6199.0,40.7380277804113,14.5795,45
124500742,,,1.07,1.06079,5904.0,15.848931924611142,17.0772,45
177096725,,,1.46,1.71624,6792.0,14.791083881682072,14.8773,45
436536658,,,1.0,0.880224,5623.0,46.77351412871982,14.3049,45
427396990,,,0.97,1.80407,5519.0,13.31681056696098,11.2615,45
427459914,,,1.13,2.69075,6058.0,7.489306461530786,11.3579,45
44504730,,,0.881,1.20959,5190.0,5.754399373371567,12.8039,45
427376855,,,0.38,0.569834,3371.0,4.897788193684466,16.3881,45
151175321,,,0.94,0.954972,5421.0,46.77351412871982,14.4951,45
116466481,,,0.93,1.45222,5357.0,38.904514499428046,14.6792,45
138941429,,,0.79,1.33137,4840.32,6.761665531151772,12.1289,45
432864109,,,0.94,1.60739,5390.0,13.80384264602884,15.2427,45
425831514,,,0.93,1.72167,5366.0,21.379620895022324,15.3637,45
459991636,,,0.64,1.19373,4059.0,12.159015146867151,13.7201,45
432351944,,,1.0,2.88625,5632.0,43.65158322401656,14.9188,45
133893545,,,0.97,1.16983,5524.0,5.754399373371567,12.8282,45
44366845,,,0.648,0.794999,4138.0,5.754399373371567,13.7862,45
427455793,,,0.512343,0.514646,3139.0,9.213218193163762,15.9516,45
427346830,,,0.555212,0.561193,3129.0,13.934650817779636,15.8324,45
138857742,,,1.13,1.43088,6061.0,13.831608429494445,11.4726,45
427395998,,,0.51,1.00026,3594.0,14.01773852500646,14.5777,45
229278409,,,1.39,1.29077,6635.0,32.35936569296281,14.7499,45
50529772,,,0.180927,0.211931,3063.0,32.35936569296281,16.5521,45
44246867,,,0.92,2.02256,5334.0,5.754399373371567,12.5268,45
11199270,,,1.11,1.15302,6005.0,7.252494434315758,12.6411,45
427352558,,,0.600689,0.61567,3200.0,5.069718991633602,15.6848,45
459990672,,,0.288951,0.310777,3189.0,11.097343093965655,17.3786,45
4380098,,,0.615511,0.634679,3356.0,13.110717315363132,14.9914,45
138934946,,,0.62,0.557335,3956.0,4.897788193684466,15.8901,45
178161152,,,0.82,0.7198,4962.0,34.673685045253166,14.4934,45
427395836,,,0.69,1.31425,4428.0,10.90222227980793,13.9896,45
184647089,,,1.22,2.10329,6271.0,7.413102413009177,15.1596,45
276660955,,,0.503602,0.50564,3181.0,5.0,16.4137,45
220075743,,,0.607604,0.624461,3512.0,4.897788193684466,15.5444,45
427334267,,,0.346717,0.360836,3297.0,11.456994251976198,14.4137,45
50658763,,,0.530217,0.533549,3253.0,6.252757884488309,16.2883,45
4357713,,,0.37995,0.389826,3422.0,4.897788193684466,16.4924,45
264631252,,,0.366344,0.377908,2935.0,12.239969123815012,16.8766,45
358728902,,,0.9,1.19675,5274.0,7.585775750291836,13.4659,45
427396704,,,0.340733,0.35565,4307.0,2.0,17.5562,45
178060661,,,0.50068,0.502662,3415.0,34.673685045253166,16.714,45
50793763,,,0.55,1.29712,3696.0,13.960408122405832,13.8093,45
427378047,,,0.49,1.13623,3561.0,8.376474670903967,14.6459,45
436104507,,,0.446,0.875038,3476.0,11.70034601230775,15.3224,45
50662745,,,0.666442,0.704162,3358.0,7.538853102423965,15.4668,45
332913272,,,0.72,0.842974,4557.0,32.35936569296281,12.0082,45
11291138,,,0.455208,0.458139,3059.0,13.127301716318248,16.724,45
427373852,,,0.6565,0.690195,3971.0,5.200057979650761,13.9036,45
177015003,,,1.2,2.34725,6222.0,23.442288153199225,14.8811,45
115495757,,,0.83,1.34767,5021.0,41.68693834703355,14.557,45
398168931,0.007930196927675283,0.007802214251321421,0.62,0.828613,3966.0,21.87761623949552,15.2011,45
390641508,,,0.657824,0.692047,3490.0,21.87761623949552,15.7416,45
391850288,,,0.9,0.964595,5248.0,20.417379446695275,15.7475,45
119242475,,,0.91,1.15545,5288.0,25.703957827688647,13.7573,45
712859119,,,0.46,0.570743,3508.0,13.904013944979145,16.3759,45
360060596,,,1.16,2.75205,6129.0,2.39883291901949,14.5348,45
436013191,,,0.51,1.15616,3612.0,9.572717022373247,14.5576,45
368543476,,,0.36,0.988944,3340.0,7.585775750291836,15.7548,45
264541231,,,0.643176,0.67173,3245.0,13.543380424510524,15.4199,45
283101422,,,0.556358,0.562497,3305.0,25.0,15.0178,45
464839540,,,0.55076,0.556158,3630.0,4.897788193684466,15.8067,45
276661434,,,0.59,1.18595,3848.0,11.723691873370552,13.8976,45
115698865,,,0.98,1.92809,5555.0,41.68693834703355,15.0936,45
427393313,,,0.481202,0.483194,4180.0,6.327348486593753,16.5754,45
427379816,,,1.4,2.07216,6643.0,8.623349747883303,9.2019,45
464839532,0.011055655818061562,0.012505787388086156,0.538192,0.542207,3039.0,8.125354812706025,15.9259,45
138904365,,,1.17,2.67172,6149.37,5.136485488762611,11.5005,45
185209313,,,1.09,1.78908,5966.0,4.073802778041131,14.1621,45
118122453,,,1.0,1.74238,5634.0,29.51209226666384,15.1013,45
4293985,,,0.653868,0.686522,3054.0,14.4415696153148,15.4661,45
138977328,,,0.59912,0.613694,3312.0,11.477036518141825,15.1618,45
42563183,,,0.53318,0.536749,3126.0,22.387211385683376,15.7947,45
388935764,,,0.469253,0.471556,3011.0,9.218203293318147,16.245,45
138936437,,,1.08,1.89041,5913.45,12.366535196996214,10.3831,45
269118371,,,0.418177,0.423899,3044.0,8.851326662323238,17.3233,45
138941011,,,0.649791,0.680856,3469.0,14.885494165166588,15.2502,45
220314341,0.008604299890753758,0.009415633762605803,0.546,1.03666,3693.0,2.5118864315095824,15.7732,45
125644276,,,0.89,1.94968,5205.0,6.165950018614822,14.0457,45
457250825,,,0.521513,0.524259,3080.0,14.86367958591087,16.0097,45
459991657,,,0.449433,0.452698,2956.0,5.102728876199417,16.4785,45
52822460,,,0.382735,0.392277,3146.0,22.387211385683376,16.2299,45
220335090,,,1.04,1.76781,5790.0,32.35936569296281,13.6198,45
11292536,,,0.525038,0.528001,3231.0,14.19666754605924,16.4688,45
368539314,,,0.655332,0.688563,3098.0,7.585775750291836,16.2649,45
427374349,,,0.4,1.00327,3392.0,8.722697850256885,14.9265,45
427397098,,,0.551482,0.556971,3427.0,12.037847744182304,15.9918,45
264630473,,,0.530031,0.533348,3217.0,4.897788193684466,16.5468,45
115830484,,,1.06,1.82182,5869.0,38.01893963205613,15.7764,45
359326159,,,0.540605,0.544856,3026.0,7.585775750291836,16.7347,45
229383300,,,0.88,0.801778,5190.0,32.35936569296281,15.5382,45
138858958,,,0.633302,0.658288,3398.0,8.646937998021507,14.9083,45
48882482,,,1.05,1.01681,5831.0,32.35936569296281,12.1764,45
124195783,,,0.651697,0.683501,3650.0,22.387211385683376,14.1066,45
714706008,,,1.04,1.85195,5809.0,26.915348039269137,14.3858,45
185444638,,,1.38,1.83945,6607.0,15.13561248436207,14.4666,45
199823173,,,0.319793,0.33753,3258.0,7.995139820928952,16.1166,45
357579668,,,1.45,1.38872,6769.0,26.915348039269137,14.8765,45
148344123,,,1.04,0.928585,5790.0,6.165950018614822,16.4305,45
332856150,,,0.47,1.08807,3522.0,14.163793224020049,14.3383,45
427459866,,,0.600698,0.615681,3184.0,7.311516746266156,15.543,45
177597261,,,0.93,1.55082,5376.0,23.442288153199225,16.2822,45
180156124,,,1.16,1.45162,6137.0,31.6227766016838,15.3599,45
427352638,,,0.454372,0.457349,3174.0,7.239089074503262,16.575,45
427395763,,,0.98,1.82835,5575.0,5.895547456154697,12.8647,45
332970080,,,0.78,0.993519,4828.0,11.212112753603384,14.1746,45
42562661,,,0.628423,0.651732,3587.0,22.387211385683376,14.5303,45
284200749,,,0.527294,0.53041,3276.0,14.0,16.0269,45
50748914,,,0.79,1.09059,4855.0,13.387140566595244,13.4313,45
427460229,,,0.502451,0.504465,3034.0,12.51520686480601,16.1476,45
49387777,,,0.58322,0.594065,3457.0,32.35936569296281,15.509,45
25187669,,,0.784,1.102,4833.0,22.387211385683376,11.4242,45
200519869,,,0.52861,0.531821,3190.0,4.897788193684466,16.1899,45
11295768,,,0.392981,0.40133,3371.0,5.0,14.3153,45
358002865,,,0.62,1.12085,3957.0,7.585775750291836,14.9253,45
156142043,,,0.408353,0.415041,3188.0,22.387211385683376,15.7153,45
332856909,,,0.526415,0.529471,3126.0,10.252934453448216,16.1087,45
43747985,,,0.614,1.26517,3946.0,5.754399373371567,13.6199,45
178159727,,,0.871,0.770745,5155.0,34.673685045253166,14.1873,45
1761008250,,,0.98,1.57443,5549.0,38.904514499428046,15.8396,45
177074620,,,1.11,1.253,5997.0,23.442288153199225,15.807,45
50618824,,,0.448049,0.4514,2976.0,9.0,16.6203,45
50722359,,,0.611406,0.629353,3269.0,5.831969586930459,15.0623,45
200588039,,,0.625925,0.648399,3053.0,10.479388497646925,15.7278,45
427351238,,,0.52,1.1115,3634.0,12.824478749302155,14.4934,45
1784831989,,,1.2,2.11033,6225.0,45.70881896148752,14.8413,45
177518921,,,0.645577,0.675033,3816.0,34.673685045253166,15.6284,45
220266353,,,0.97,1.5617,5529.0,26.915348039269137,15.0235,45
220139494,,,0.93,0.811791,5370.0,32.35936569296281,15.4162,45
199887995,,,0.603035,0.618637,3171.0,4.897788193684466,16.0259,45
50897184,,,1.34,2.35083,6513.0,9.017606730863022,11.0683,45
264627483,,,0.638,0.993532,4080.0,8.880209754145682,13.7885,45
436159171,,,0.57,1.1871,3758.0,10.553090996614856,14.392,45
217189596,,,0.643,0.899914,4107.0,5.754399373371567,16.4917,45
11197731,,,0.607658,0.624531,3042.0,13.172759656892651,15.4684,45
120885787,,,0.621,0.846374,3979.0,22.387211385683376,13.911,45
457232117,,,1.16,1.08018,6141.0,8.485049910248875,12.5388,45
177782885,,,1.31,2.5169,6453.0,34.673685045253166,11.1346,45
34397552,,,0.46,0.910746,3499.0,5.953955339458322,14.8723,45
199820744,,,1.08,1.11653,5937.0,4.897788193684466,11.9662,45
200478163,,,0.448129,0.451475,3166.0,5.0,17.0674,45
148027507,,,0.49569,0.497611,3486.0,34.673685045253166,16.4571,45
264621656,,,0.615116,0.634165,3363.0,10.036277723170835,15.1244,45
115698022,,,0.95,2.03461,5439.0,41.68693834703355,15.7045,45
50744631,,,0.38,1.07194,3374.0,6.507521025058076,15.1211,45
50722693,,,0.601897,0.617196,3264.0,11.151277631436669,15.7741,45
251244072,,,0.828,0.851649,4999.0,22.387211385683376,11.8895,45
177100867,,,1.06,2.14624,5848.0,43.65158322401656,15.4615,45
177408286,,,0.853,0.986732,5090.0,34.673685045253166,13.3786,45
264594550,,,0.472231,0.474436,3141.0,8.813371587836588,16.0891,45
72780051,,,0.565914,0.573505,3023.0,6.0,16.1281,45
177445158,,,0.815,0.721376,4949.0,34.673685045253166,14.6841,45
118615516,,,0.8,1.18311,4907.0,23.988329190194897,16.0407,45
42239221,,,0.487015,0.488936,3277.0,22.387211385683376,15.1957,45
143077526,,,0.68,1.33039,4319.0,8.51138038202376,15.5899,45
117455891,,,0.99,1.26299,5614.0,40.7380277804113,14.9556,45
302761576,,,0.658786,0.693394,3064.0,13.667445746639434,15.394,45
151473092,,,1.13,1.34476,6057.65,46.77351412871982,13.1228,45
264460196,,,0.5771,0.586701,3273.0,5.732541071017319,15.4761,45
220053225,,,0.453252,0.456292,3167.0,9.409883383526212,16.364,45
4207282,,,1.16,1.25641,6138.0,8.673174915849849,12.1696,45
217816362,,,1.21,3.94571,6252.0,35.481338923357534,15.0546,45
299413023,,,1.28,2.36218,6395.0,43.65158322401656,16.4012,45
427453858,,,0.62,1.27885,3963.0,9.413704740217028,13.4721,45
120169269,,,0.53692,0.540817,3187.0,35.481338923357534,14.9914,45
200587402,,,0.64,0.967938,4079.0,14.361143339687512,13.9272,45
226200421,0.00892239264611887,0.008101109001087682,1.13,3.57783,6049.0,24.547089156850287,14.6123,45
229348402,,,0.92,0.949353,5345.0,32.35936569296281,15.8592,45
427392323,,,0.442672,0.446379,3038.0,6.0,16.4502,45
138938215,,,0.653243,0.685652,3245.0,4.897788193684466,14.8182,45
436010114,,,0.534325,0.53799,3119.0,14.0,16.1881,45
11411894,,,0.641642,0.669628,3568.0,5.0,17.3909,45
138857015,,,0.655489,0.688782,3213.0,13.772120461464809,15.3816,45
37397908,,,0.630741,0.65484,3318.0,22.387211385683376,13.9821,45
220044621,,,0.62,0.957765,3987.0,13.05789236540832,14.2182,45
50897696,,,0.54633,0.551197,3217.0,14.967453056567068,16.3938,45
427377666,,,0.549123,0.554319,3116.0,7.992448083492575,15.8043,45
124018224,,,0.659,0.926817,4211.0,25.0,13.3018,45
432980727,,,0.91,1.47446,5284.0,41.68693834703355,16.1001,45
50726521,,,0.67,0.977024,4304.0,11.086556348006871,13.7624,45
264462394,,,1.25,1.83699,6334.7,9.99682470347987,10.4908,45
53238122,,,1.15,1.20683,6100.0,47.863009232263806,15.6537,45
124106929,0.0068074678008062635,0.005759240582626186,0.621,0.866523,3983.0,22.387211385683376,13.7888,45
427376998,,,0.53,0.932468,3639.0,10.70503579672945,15.0024,45
427377080,,,0.606337,0.622841,3047.0,8.867642472378225,15.842,45
162193853,,,0.94,1.73936,5395.0,38.01893963205613,15.2786,45
156143756,,,0.572979,0.5818,3110.0,14.0,15.9688,45
50620861,,,0.406037,0.412964,3037.0,12.121413809499224,16.3859,45
200590978,,,0.626448,0.649094,3604.0,22.387211385683376,13.9762,45
176221739,,,1.41,1.76677,6665.0,15.13561248436207,14.0929,45
427396314,,,0.631644,0.656053,3831.0,13.811365364607347,15.24,45
220077312,,,0.532817,0.536356,3313.0,4.897788193684466,16.0464,45
163865758,,,0.89,0.791662,5232.0,5.754399373371567,15.2933,45
138829053,,,0.5,1.22147,3574.0,8.042106366498468,13.9622,45
369859082,,,0.763,0.755076,4751.0,21.87761623949552,14.6418,45
177411253,,,1.04,2.26931,5789.0,47.863009232263806,14.5877,45
53582557,,,0.92,0.890839,5321.0,34.673685045253166,14.2234,45
386093167,,,1.03,0.712006,5756.0,26.915348039269137,16.5402,45
42884155,,,0.643971,0.672822,3618.0,22.387211385683376,14.4598,45
177409003,,,0.97,2.02904,5533.0,23.442288153199225,15.607,45
287840242,,,0.345958,0.360177,3328.0,2.0,14.0575,45
42562071,,,0.491856,0.493761,3315.0,22.387211385683376,15.7906,45
175880323,,,0.82,1.44877,4953.0,21.87761623949552,13.5895,45
177273411,,,1.33,1.50476,6490.0,47.863009232263806,14.6195,45
163520976,,,0.99,2.69461,5597.0,38.904514499428046,14.4699,45
50722443,,,0.648005,0.678384,3402.0,7.056607576905623,15.5529,45
138902847,,,0.94,1.25568,5408.0,8.815184207543584,15.2479,45
1615112916,,,1.18,2.8612,6170.0,4.073802778041131,15.2315,45
50726569,,,1.35,2.54959,6542.52,13.481197554005618,11.3495,45
427351235,,,0.55,0.792754,3694.0,6.48648303056162,15.3646,45
385363717,,,0.76,1.15809,4717.0,7.585775750291836,13.6923,45
118514197,0.008063098878590559,0.007507381821274661,0.91,1.67184,5302.0,29.51209226666384,14.8203,45
436008174,0.010844071303431835,0.009624967449813027,0.56,1.055,3751.0,14.48736968051466,14.3965,45
427392448,,,0.49,1.21508,3558.0,12.358275991252995,15.0577,45
216830669,,,1.43,3.77251,6731.0,35.481338923357534,14.0448,45
264483537,,,1.17,2.6939,6158.0,12.29188303020328,10.1645,45
427374252,,,0.640741,0.668395,3371.0,2.0,15.95,45
146821822,,,0.323027,0.340328,3402.0,35.481338923357534,16.3607,45
220062207,,,0.602214,0.617597,3302.0,10.786190831158786,15.1776,45
1659818609,,,1.39,1.90997,6627.0,35.481338923357534,14.7045,45
4255685,,,0.62,1.34591,3952.0,14.246836997018692,13.5713,45
50529869,,,1.49,1.49294,6874.31,6.106785979620936,12.1112,45
427457539,,,0.654664,0.687632,3349.0,14.911517384077989,14.9109,45
72045600,,,0.98,0.801405,5548.39,8.51138038202376,13.4172,45
427396808,,,0.77,0.962688,4775.0,7.029750998987469,15.642,45
712867378,,,0.44,0.775214,3465.0,4.897788193684466,15.6596,45
50624132,,,0.95,1.17477,5448.0,11.798664056429043,14.5185,45
427455369,,,0.63,1.2309,4018.0,12.366916001947883,14.7524,45
72046632,,,1.19,1.54428,6209.0,8.51138038202376,14.4371,45
1854130819,,,1.26,2.48928,6354.0,15.848931924611142,16.029,45
50747664,,,0.606873,0.623526,3100.0,7.502033542644522,16.9058,45
50790586,,,0.580079,0.590272,3074.0,11.146085311537076,16.4556,45
264541377,,,0.472015,0.474226,3202.0,12.173716163053385,16.16,45
284283836,,,0.39,0.85864,3385.0,11.10020892133396,15.3874,45
115829852,,,1.1,2.21794,5989.0,15.13561248436207,14.7131,45
436013317,,,1.04,1.3294,5790.3,14.931239828278391,13.8786,45
46828729,,,0.516044,0.518506,3655.0,5.754399373371567,16.2018,45
11401829,,,0.47,0.783535,3522.0,6.0,15.1845,45
427377248,,,0.660142,0.695296,3274.0,11.938656164020866,15.4682,45
433136085,0.007690157520911022,0.007420550364261664,0.96,1.99512,5465.0,20.417379446695275,15.0763,45
427451514,,,0.474954,0.477081,3152.0,13.783099045551698,16.3813,45
4378927,,,0.476656,0.47874,2986.0,13.878404282309107,16.7754,45
388917844,,,0.373039,0.383762,3128.0,2.0,17.2708,45
427349021,,,0.91,1.75171,5289.0,11.38260294523918,11.8156,45
167276790,,,0.97,0.933656,5536.0,28.84031503126605,14.6014,45
119557754,,,1.145,1.08703,6096.0,11.748975549395302,13.1067,45
11195869,,,0.588923,0.601024,3171.0,13.477257914017098,15.6068,45
50658481,,,0.67,1.17971,4294.0,11.278501519566625,13.2547,45
138899048,,,0.531115,0.534516,3193.0,9.0,15.9333,45
427352740,,,0.86,1.30748,5096.0,8.466460406687192,14.0676,45
50722347,,,0.630585,0.65463,3359.0,12.53231360465272,15.2998,45
427352258,,,0.61,1.0928,3919.0,11.668115454767316,14.8419,45
50530211,,,0.47,0.978648,3522.0,6.548834877647327,14.4288,45
11283447,,,0.632688,0.65746,3260.0,6.550962327218088,16.6903,45
177132881,,,1.26,1.11116,6340.0,34.673685045253166,12.5758,45
177410897,,,1.22,1.214,6268.0,47.863009232263806,15.695,45
399239977,,,0.68,0.969908,4376.0,21.87761623949552,14.4449,45
220075307,,,0.508284,0.510446,3162.0,5.0,16.4958,45
42646460,,,0.455333,0.458257,3247.0,22.387211385683376,16.0748,45
427459738,,,0.46513,0.467589,3041.0,5.353124673995495,17.048,45
177447305,,,0.586925,0.598575,3480.0,34.673685045253166,16.3847,45
79137750,,,0.62,0.8485,3988.0,25.118864315095824,15.9326,45
18771396,0.005287163088395569,0.0038873498836693374,0.787,1.14443,4845.0,21.87761623949552,13.3105,45
124333477,,,0.64,1.18966,4072.0,15.848931924611142,16.2197,45
284201748,,,1.2,1.13118,6217.0,4.897788193684466,15.5067,45
459990692,,,1.16,2.10157,6136.05,10.225593202557032,10.771,45
1767144404,,,1.35,1.81511,6532.0,6.918309709189363,15.9712,45
427347928,,,0.595593,0.609278,3267.0,7.045682008192965,15.7632,45
354463964,,,0.550848,0.556257,3194.0,7.585775750291836,16.4704,45
427373584,,,0.459125,0.461854,3618.0,7.977107430222198,16.5809,45
176403836,,,0.93,1.61221,5380.0,4.897788193684466,11.491,45
436154435,,,0.63157,0.655954,3214.0,6.040501843142946,15.5293,45
11195680,,,0.36,0.757167,3334.0,4.897788193684466,15.8178,45
11199050,,,0.56,0.996153,3740.0,14.378966822705744,14.7761,45
427399463,,,0.6,1.21619,3897.0,11.398694043832556,13.9366,45
117863282,,,1.31,1.16261,6459.0,28.84031503126605,13.9743,45
42756645,,,0.476089,0.478187,3268.0,22.387211385683376,15.7288,45
72490199,,,0.378522,0.388571,3064.0,22.387211385683376,15.4253,45
50661654,,,0.566992,0.574762,3324.0,11.514617656946728,15.4789,45
11454398,,,1.13,1.10402,6059.0,4.897788193684466,11.91,45
385888184,,,0.651746,0.683569,3418.0,7.585775750291836,15.6748,45
229295567,,,1.45,1.70852,6765.0,32.35936569296281,15.2177,45
6957368,0.01112113113866073,0.010807803244790255,1.34,2.67773,6513.0,28.183829312644548,15.123,45
45330918,,,0.64641,0.67618,3339.0,5.754399373371567,15.2452,45
360034475,,,0.558,1.08503,3730.0,7.585775750291836,14.6908,45
427395818,,,0.71,1.08507,4527.0,12.341387959152105,14.3301,45
50789827,,,0.49951,0.501474,3050.0,12.314524648009058,15.8625,45
427397135,,,0.414,0.70616,3423.0,7.783168801755107,15.5861,45
433214899,,,1.28,2.4622,6394.0,41.68693834703355,15.3831,45
391857745,,,0.96,1.24055,5475.0,42.65795188015926,16.4777,45
276661816,,,0.626989,0.649816,3340.0,12.126971268392914,15.4644,45
144664582,,,0.556443,0.562594,3305.0,11.48370439928122,15.6077,45
427393062,,,0.48578,0.487711,3411.0,12.63718833876907,16.475,45
220214073,,,1.06,1.79814,5876.0,26.915348039269137,16.2131,45
427459203,,,0.524128,0.527033,3169.0,4.897788193684466,16.4833,45
457250938,,,0.521027,0.523746,3176.0,9.199093056524331,16.0203,45
427379721,,,0.531485,0.534915,3209.0,11.249573403421232,16.1584,45
118795279,,,1.43,1.45734,6719.0,11.748975549395302,12.8129,45
42466963,,,0.473063,0.475243,3340.0,22.387211385683376,15.733,45
50789459,,,0.45,1.02037,3482.0,7.866937880535425,15.4334,45
435666839,,,0.99,1.59946,5582.0,20.417379446695275,14.9541,45
177012359,,,0.83,1.50302,5016.0,47.863009232263806,15.6761,45
427374397,,,0.533512,0.537109,3422.0,11.763299842719825,16.5542,45
50789772,,,0.53,0.863218,3639.0,10.15178480018236,14.8006,45
427374688,,,0.619507,0.639909,3315.0,4.897788193684466,15.8889,45
436013166,,,0.52,1.03457,3635.0,10.278302911098852,14.9031,45
436331620,,,0.54,1.01245,3679.0,9.332705238672528,14.773,45
124333570,,,1.04,1.19281,5800.0,15.848931924611142,16.7127,45
1650925591,,,1.01,2.98253,5662.0,20.417379446695275,14.4152,45
294310495,,,0.67,0.705234,4259.0,46.77351412871982,16.0734,45
220282860,,,0.59,1.2496,3859.0,2.5118864315095824,15.6611,45
11454718,,,1.32,2.05854,6468.0,4.897788193684466,10.9674,45
199757877,,,0.414,0.969708,3423.0,6.550282401755601,14.7203,45
132809626,,,1.39,1.28307,6628.0,28.84031503126605,13.8433,45
427395550,1.0556483508209071,1.166167971055,0.631458,0.655803,3766.0,12.360257424583008,15.8177,45
50743507,,,0.606036,0.622456,3571.0,11.456648456720094,15.3263,45
4350365,,,0.518386,0.520962,3072.0,6.019879510519727,16.0885,45
332974309,,,0.594996,0.608534,3241.0,9.0,15.546,45
50794831,,,0.61,0.965501,3920.0,11.995992725011256,15.1334,45
217330770,,,1.19,2.3061,6192.0,21.379620895022324,15.8168,45
50724286,,,0.585433,0.596754,2880.0,12.253409072325848,16.578,45
11362017,,,1.07,1.06997,5893.15,4.897788193684466,11.4439,45
220322207,,,0.71,1.37104,4511.0,2.5118864315095824,14.7681,45
672648455,,,0.61,1.15293,3906.0,4.897788193684466,13.8102,45
138899120,,,0.53,0.94264,3658.0,10.693846089988014,14.3596,45
138905693,,,1.427,1.75198,6712.5,7.112234338817011,10.6419,45
264484223,,,0.522893,0.525722,3099.0,9.67815506248922,15.9352,45
264625459,,,0.54,0.94873,3680.0,5.336884859910319,14.9242,45
50748762,,,0.81,0.908961,4936.0,7.249050114721388,13.701,45
138979457,,,0.95,1.89153,5437.59,4.897788193684466,11.1293,45
427460198,,,1.09,1.67132,5961.04,5.568002176510388,11.0441,45
142533887,,,0.303675,0.323574,3317.0,35.481338923357534,15.9776,45
427395766,,,0.92,0.942644,5325.0,6.473582220717153,14.3069,45
50792450,,,0.59,1.29327,3832.0,11.000313725810924,13.795,45
181131160,,,1.27,2.08335,6379.0,38.01893963205613,15.2717,45
220291310,,,1.0,1.75326,5623.0,2.5118864315095824,16.0143,45
181840797,,,1.08,1.69564,5935.0,31.6227766016838,15.9129,45
427349018,,,0.591347,0.604009,3299.0,5.567441435291388,15.3321,45
459991022,,,1.2,1.30236,6217.68,20.0,11.2867,45
395887379,0.010823136389611488,0.012171160336228587,0.92,2.09744,5314.0,42.65795188015926,15.8995,45
177523437,,,1.18,1.77271,6167.0,23.442288153199225,15.9879,45
222575577,,,1.0,1.14193,5639.0,33.11311214825908,14.3912,45
184157446,,,0.58,1.23852,3795.0,14.45439770745928,15.9958,45
11199280,,,0.57,1.20653,3755.16,12.776085893661737,13.6009,45
427455557,,,0.3932,0.401524,3487.0,4.897788193684466,16.6262,45
50657100,,,0.470585,0.472842,3034.0,6.793559199599151,16.2889,45
388935520,,,0.555737,0.56179,3214.0,13.357025448726,15.884,45
50747552,,,1.24,2.22776,6313.0,8.03469425615907,14.8745,45
50589415,,,0.657469,0.69155,3349.0,11.615388128171372,14.8944,45
50660651,,,0.508596,0.510768,2914.0,13.188287131028073,16.7129,45
427454439,,,0.616204,0.635583,3581.0,13.963527624047831,15.4345,45
11198316,,,0.483261,0.485221,3490.0,4.897788193684466,16.1397,45
435435940,,,1.01,1.83532,5678.0,20.417379446695275,15.3278,45
103598465,,,1.0,1.43198,5639.0,4.073802778041131,14.1468,45
388918381,,,1.38,3.39144,6595.0,7.99430616568817,9.8675,45
42563048,,,0.474115,0.476265,3295.0,22.387211385683376,15.8879,45
427454380,,,0.556992,0.56322,3367.0,11.951922258655564,16.0177,45
264485427,,,0.91,0.85152,5309.44,8.629450665479467,12.8983,45
177784599,,,0.649889,0.680992,4032.0,34.673685045253166,15.3533,45
53557342,,,0.64,0.829068,4077.0,32.35936569296281,14.6059,45
443284426,,,1.11,2.39393,6010.0,14.125375446227554,14.2911,45
180151175,,,0.99,1.63301,5606.0,26.915348039269137,16.0443,45
435581053,,,0.66,1.13462,4201.0,42.65795188015926,16.3742,45
204246900,,,1.15,2.70622,6114.0,14.791083881682072,15.4643,45
457249345,,,0.471171,0.47341,3219.0,4.897788193684466,16.0849,45
179603694,,,1.13,1.37186,6064.0,31.6227766016838,15.7578,45
264540132,,,0.615635,0.63484,3307.0,9.832533648334772,15.334,45
357274671,,,0.502034,0.50404,3117.0,7.585775750291836,16.8353,45
229357069,,,1.35,1.37841,6543.0,32.35936569296281,13.6744,45
427397167,,,0.608067,0.625054,3250.0,6.23158387763903,15.6473,45
156287082,,,0.50004,0.502011,2924.0,8.256799634445889,16.4518,45
202190373,,,1.15,1.26404,6101.0,2.5118864315095824,15.0796,45
199780252,,,0.546603,0.551501,3039.0,7.180679255874559,15.9034,45
436106304,,,1.26,0.779019,6350.0,8.520535391480248,16.2916,45
4350291,,,0.569419,0.577603,3247.0,11.757537049376875,15.4907,45
11296822,,,0.38,0.992693,3365.0,6.0,15.3647,45
276661596,,,0.53,1.0806,3647.4,6.365797019347461,13.9246,45
223489082,,,1.3,1.29459,6437.0,33.11311214825908,14.2658,45
186203622,,,0.88,0.967067,5186.0,13.80384264602884,15.7967,45
11194450,,,0.486646,0.48857,3283.0,10.45116573320316,13.1345,45
280293243,,,1.132,1.10688,6066.0,22.387211385683376,11.5205,45
427349633,,,0.42,0.983345,3440.0,14.89754983789202,15.1126,45
264461933,,,0.491651,0.493556,3189.0,9.407896268377364,16.4012,45
31821523,,,1.08,1.89454,5920.0,23.442288153199225,15.1457,45
264459827,,,0.52845,0.531649,3172.0,8.433595642825825,15.7984,45
11283540,,,0.45,1.08276,3482.0,12.61492697800386,14.5795,45
138936486,,,0.593086,0.60616,3274.0,6.500231835896012,15.848,45
427334150,,,0.641465,0.669385,3377.0,8.008023530989748,15.1512,45
11295726,,,0.99,1.42627,5587.62,13.600239549739646,13.6016,45
427400334,,,0.470737,0.472989,3002.0,6.0,16.713,45
118373836,,,1.22,1.73262,6270.0,35.481338923357534,15.0966,45
264620259,,,0.573299,0.582179,3295.0,13.034363362280311,15.3813,45
264462555,,,0.39314,0.401471,2886.0,11.94151066141241,16.8362,45
116583516,,,1.05,3.51603,5814.0,41.68693834703355,14.189,45
382850456,,,0.81,0.624827,4946.0,21.87761623949552,16.1722,45
177724709,,,0.545723,0.550521,3494.0,34.673685045253166,16.8907,45
264460014,,,0.60959,0.627011,3352.0,13.570882709131563,15.0879,45
119367007,,,0.435248,0.4395,3141.0,35.481338923357534,15.756,45
35409226,,,1.34,1.59879,6511.0,22.90867652767775,13.9909,45
283200093,,,0.876,1.10969,5172.0,25.0,11.8694,45
391385825,,,1.09,1.77883,5967.0,42.65795188015926,13.3652,45
53678767,,,0.61,0.976722,3936.0,25.118864315095824,15.8917,45
459990908,,,0.397434,0.405285,3036.0,8.11741960487673,16.8646,45
443288129,,,0.69,1.3685,4434.0,14.125375446227554,15.9049,45
264462447,,,0.49274,0.494646,2935.0,13.070757581026792,16.4213,45
187563888,,,1.248,1.12,6325.0,34.673685045253166,12.8517,45
264460100,,,0.3285,0.345062,3198.0,10.48668933904993,15.7019,45
111074988,0.003451514765561063,0.002812836439748304,1.26,2.64185,6350.0,7.413102413009177,13.5125,45
18969575,,,0.74,0.747832,4650.0,37.15352290971728,15.3513,45
178255712,,,1.08,2.0451,5940.0,23.442288153199225,15.5202,45
178643127,,,0.95,0.818608,5442.0,34.673685045253166,14.0066,45
359876967,,,0.579301,0.589337,3116.0,7.585775750291836,16.6433,45
264740906,,,0.372092,0.382933,3148.0,20.0,17.0115,45
11199611,,,0.560721,0.567493,3006.0,14.74653170761804,15.5123,45
11197581,,,0.68,1.02594,4330.0,9.223156811237908,13.8507,45
427379621,,,0.66686,0.704752,3535.0,6.970687231490159,14.8938,45
375401763,,,1.06,1.03571,5866.0,15.848931924611142,16.84,45
50720143,,,1.37,2.38608,6574.63,9.748022779330592,10.9537,45
464840442,,,0.519463,0.522096,3145.0,8.705948277748245,16.2673,45
115698845,,,1.02,1.75044,5737.0,41.68693834703355,15.1003,45
11358043,,,0.69,0.854779,4405.0,11.1557413613618,14.372,45
11291273,,,1.06,1.90704,5875.62,5.082072072698266,13.1354,45
368540151,,,0.45,0.52511,3485.0,7.585775750291836,17.0079,45
427454755,,,0.8,1.11015,4888.0,11.446801560500491,14.5095,45
332974733,0.008947523598714776,0.009164736386711368,0.66,0.980723,4188.0,14.09358532419805,15.4362,45
123548144,,,0.478891,0.480926,3244.0,25.0,15.6239,45
369470005,,,1.0,2.66124,5620.0,22.90867652767775,13.8937,45
264461342,,,0.419633,0.425219,3127.0,11.759309738517926,16.9005,45
59469281,,,1.14,1.12951,6080.0,46.77351412871982,13.9815,45
457249905,,,1.06,1.73192,5852.0,11.716650878811866,12.772,45
220322934,,,0.72,1.22462,4567.0,2.5118864315095824,15.8308,45
400655996,,,1.0,1.46326,5637.0,42.65795188015926,15.838,45
427352526,,,1.02,0.996754,5703.0,14.638611580584042,14.0086,45
427334026,,,0.54,0.837023,3675.0,5.200951308770709,14.9788,45
11289784,,,0.58,0.792872,3787.0,4.897788193684466,14.8439,45
177786710,,,1.4,1.66796,6639.0,23.442288153199225,15.1882,45
229278741,,,1.01,1.16519,5682.0,32.35936569296281,16.1539,45
204563120,,,0.91,1.51665,5281.0,19.952623149688787,15.8016,45
220066112,,,0.653657,0.686228,3307.0,14.434934173840698,15.1074,45
427457683,,,0.598967,0.613502,3539.0,14.996247115752,15.5889,45
220073916,,,0.73,1.21283,4617.0,12.819442365341398,12.6115,45
264460225,,,0.30994,0.329002,3112.0,13.276411510270426,17.3619,45
427353056,0.0052240924733446435,0.004633274888495695,0.61,1.22551,3933.0,9.61579116117624,14.3887,45
264542841,,,0.94,2.40337,5407.77,11.429206256108566,11.446,45
229346573,,,1.19,1.04571,6203.0,32.35936569296281,15.5919,45
144610596,,,0.44493,0.448483,3336.0,4.897788193684466,15.6461,45
229356598,,,1.07,1.53244,5888.0,32.35936569296281,15.4884,45
332974517,,,0.58,0.501719,3786.0,2.0,16.6157,45
427454433,,,0.38,0.759347,3369.0,5.898761256174687,15.9987,45
388850638,,,0.547835,0.552877,3053.0,6.28853315623661,16.2408,45
156142709,,,0.529057,0.532301,3032.0,5.0,16.4975,45
319038155,0.005861595190212127,0.0052337737192301986,0.8,0.791492,4889.0,34.673685045253166,14.4564,45
172698149,,,0.63,0.789532,4023.0,32.35936569296281,14.5113,45
4200448,,,0.79,1.43364,4867.89,11.069670143587803,12.0449,45
103591692,,,0.7,1.33254,4441.0,4.073802778041131,15.6046,45
46707793,,,1.39,2.98011,6628.0,38.01893963205613,14.8182,45
53594235,,,0.64,0.625672,4099.0,34.673685045253166,15.4292,45
264743674,0.0037564282724073545,0.003188826509994027,0.53,1.2146,3649.0,8.511532659280135,13.8423,45
50787695,,,0.4,0.95678,3407.0,5.846708031076156,15.4362,45
4295520,,,0.471479,0.473708,3097.0,14.244104619864032,16.1123,45
361437685,,,0.82,1.13618,4953.0,20.417379446695275,15.4617,45
332856341,0.00721788184835906,0.006829477963267,0.596187,0.61002,3320.0,6.161583911628316,14.9405,45
71966076,,,0.514514,0.516907,3201.0,12.526085110524306,15.9634,45
264593979,,,0.489509,0.491417,3128.0,13.704683767978986,15.5036,45
50787654,,,1.13,2.34121,6054.93,6.8439567094026135,11.4757,45
358010526,,,0.63585,0.661736,3254.0,7.585775750291836,15.9501,45
177659617,,,1.19,2.52585,6208.0,23.442288153199225,14.6339,45
177131030,,,1.37,1.36081,6592.0,23.442288153199225,15.8957,45
177786244,,,0.623131,0.644689,3370.0,34.673685045253166,16.0394,45
427378121,,,0.581454,0.59193,3188.0,8.806176748689342,15.3969,45
226219231,,,1.08,2.63936,5911.0,6.606934480075965,14.4347,45
119240760,,,0.96,1.44808,5470.0,11.748975549395302,15.5077,45
4254894,,,0.440956,0.444783,3078.0,11.583579089909726,16.3012,45
323348438,,,0.495739,0.49766,3100.0,14.621262572397262,16.203,45
50584446,,,1.22,1.43573,6269.0,7.733322943882276,11.7931,45
42563003,,,1.235,1.11373,6298.0,22.387211385683376,11.3634,45
229384393,,,1.09,1.98174,5949.0,32.35936569296281,14.3042,45
427353041,,,0.66,1.04594,4194.0,13.457944630698677,14.5827,45
167506416,,,1.19,1.60053,6203.0,28.84031503126605,14.545,45
427396547,,,0.640493,0.668056,3815.0,11.131908668272857,15.7842,45
42761189,,,0.537892,0.541879,3351.0,22.387211385683376,15.3612,45
281721057,,,0.9,1.65431,5269.0,36.3078054770101,14.2199,45
115372675,,,1.24,1.51702,6317.0,38.01893963205613,15.8649,45
50625366,,,0.65,1.05744,4176.0,7.422402002295088,14.1529,45
178253492,,,1.04,1.03524,5797.0,23.442288153199225,16.569,45
427378105,,,1.05,1.47048,5841.67,6.91981414643427,11.6043,45
302970858,,,0.612428,0.630675,3245.0,5.340377679909754,15.2994,45
360029541,,,0.56,1.05333,3736.0,7.585775750291836,14.9975,45
11286346,,,0.49945,0.501412,3074.0,13.332776994252756,16.4834,45
264631274,,,0.63857,0.665432,3491.0,6.603821926418128,15.6068,45
50658055,,,0.489692,0.491599,3031.0,7.0,16.6721,45
50622556,0.013437785605312376,0.016458051333292496,0.495574,0.497495,3092.0,7.01484243631799,16.2625,45
115369954,0.006329586521247362,0.0058378782327237555,1.47,1.54762,6809.0,15.13561248436207,14.7453,45
220056535,,,0.351754,0.365206,2979.0,12.497025327295162,17.2337,45
427399710,,,0.505121,0.507194,3047.0,12.225427809059545,16.1486,45
220313758,,,1.07,1.64107,5879.0,2.5118864315095824,15.2083,45
427393561,,,0.552494,0.558113,3086.0,11.231710117397355,15.9151,45
427374282,0.01798196765628655,0.01611660657468796,0.63,0.969302,4024.0,5.891474959485896,14.493,45
264537226,,,0.63,1.28725,4026.0,6.766485572243034,13.2723,45
457229605,,,0.55014,0.555461,3077.0,9.0,16.2209,45
425124929,,,1.01,2.46731,5675.0,21.379620895022324,13.9168,45
244474525,,,1.02,1.19651,5714.0,15.13561248436207,14.6914,45
124193287,,,0.572038,0.580687,3167.0,22.387211385683376,15.4051,45
427397015,,,0.600202,0.615056,3472.0,14.179327073976584,15.628,45
220220696,,,1.26,1.3925,6347.0,32.35936569296281,15.4619,45
225649666,,,1.2,4.16552,6229.0,32.35936569296281,13.4028,45
332974182,,,0.63,1.24229,4050.0,11.742669178649392,14.5309,45
120831905,,,0.657251,0.691245,3421.0,35.481338923357534,14.6665,45
264743741,,,0.441263,0.445069,3095.0,4.897788193684466,16.4243,45
50793704,,,0.52431,0.527227,3738.0,2.0,17.2066,45
50897898,,,0.492827,0.494734,3189.0,6.0,16.4599,45
1798132629,,,1.19,1.37227,6207.0,44.668359215096345,15.4275,45
388918129,,,0.92,2.1176,5316.0,6.391831139190462,12.6497,45
11296325,,,0.89,2.02332,5238.71,9.104325217719955,12.5503,45
264594293,,,0.430344,0.434989,3104.0,11.32890351959835,16.4573,45
229382864,,,0.95,0.952258,5447.0,32.35936569296281,15.8064,45
1650876510,,,1.1,2.16196,5970.0,5.888436553555883,15.7756,45
42756767,,,0.520314,0.522993,3205.0,35.481338923357534,16.3551,45
220290215,,,0.65881,0.693428,3374.0,2.5118864315095824,16.4024,45
4249912,,,0.54,0.87457,3685.0,5.347321645182479,14.5105,45
119377552,,,0.78,0.754725,4815.0,34.673685045253166,13.8045,45
50723735,,,0.58,0.934193,3792.0,12.81126748692415,14.3313,45
427393278,,,0.570512,0.578888,3563.0,8.579626426789062,15.8145,45
116583673,,,0.99,2.05682,5617.0,41.68693834703355,16.0616,45
186206834,,,1.08,1.538,5936.0,20.417379446695275,14.8249,45
50787798,,,1.11,1.15012,6000.0,4.897788193684466,12.3695,45
116196497,,,1.32,1.6498,6466.0,46.77351412871982,15.3974,45
177271345,,,1.47,1.42039,6812.0,23.442288153199225,15.3905,45
35301474,,,1.26,1.42572,6355.0,22.90867652767775,14.2888,45
264621026,,,0.397807,0.405616,2901.0,14.598095581384234,17.2369,45
177096038,,,1.01,1.54018,5667.0,9.332543007969903,15.8851,45
199897482,,,0.461156,0.463789,3252.0,4.897788193684466,16.3961,45
391777490,,,1.06,1.85537,5846.0,42.65795188015926,14.2582,45
388851069,,,0.605277,0.621488,3128.0,13.189329461398025,16.027,45
323421155,,,0.67,1.39637,4270.0,11.79363387520684,13.3515,45
1851669088,,,0.53,1.2824,3663.0,7.585775750291836,15.5244,45
385573395,0.009415343058953923,0.00979938757270004,1.31,1.34757,6450.0,26.915348039269137,15.5225,45
220066100,,,0.51146,0.51373,3231.0,4.897788193684466,15.7525,45
50790238,,,0.597143,0.611215,3039.0,11.528473127652498,15.9609,45
161949123,,,1.04,2.03496,5795.0,38.904514499428046,14.1704,45
177982703,,,1.12,1.32086,6027.0,23.442288153199225,15.1402,45
427450535,,,0.6222,0.643457,3100.0,11.794825782957393,15.7775,45
264739670,,,0.534035,0.537676,3150.0,4.897788193684466,16.2276,45
6958782,,,1.0,2.12731,5631.0,28.183829312644548,15.9861,45
287758012,0.016896570341212443,0.022902669154933965,0.497999,0.499942,3140.0,6.0,16.6522,45
355528304,0.015756602398720464,0.021859148096273515,0.586045,0.597501,3163.0,7.585775750291836,16.7374,45
436154558,,,0.547415,0.552408,3094.0,4.897788193684466,16.5794,45
43238531,,,1.442,1.3982,6748.0,35.481338923357534,11.1263,45
378069109,,,1.45,2.05605,6759.0,20.417379446695275,13.6901,45
276661873,,,0.572074,0.58073,2991.0,12.11698227107076,15.9046,45
11196303,,,0.667336,0.705425,3223.0,9.19392417074253,15.2295,45
200604634,,,0.658,1.12444,4204.0,5.629926470305522,13.7481,45
388917886,,,0.551282,0.556745,3204.0,9.898288568740863,15.7993,45
388918308,,,0.663548,0.700082,3354.0,8.830805193735474,14.9769,45
427373628,,,0.664961,0.702073,3350.0,10.517647435135412,16.3241,45
156284235,,,0.664776,0.701812,3531.0,5.320272782439947,13.1034,45
50625132,,,1.12,2.31799,6039.51,13.273971412586723,10.3095,45
50898675,,,0.494519,0.496433,3138.0,9.79151896653672,16.3093,45
449425085,,,0.532952,0.536502,3071.0,4.897788193684466,16.0318,45
332969779,,,0.66,0.929314,4209.0,13.63564659276771,16.8932,45
427457980,,,0.628567,0.651924,3108.0,11.934889174441906,15.6341,45
177271429,,,1.34,1.48482,6527.0,23.442288153199225,15.3817,45
6956624,,,1.4,2.74949,6648.0,28.183829312644548,15.5808,45
204253060,,,1.37,2.0319,6580.0,19.952623149688787,15.073,45
163304229,,,0.97,1.03273,5504.0,38.904514499428046,16.0447,45
50790333,,,0.94,1.42868,5418.22,8.182307686401982,12.0585,45
276661255,,,0.485432,0.487366,3521.0,7.837543699921801,15.8136,45
220045407,,,0.432724,0.437176,2987.0,9.0,16.5321,45
50618408,,,0.499892,0.501861,3197.0,12.190094545062852,15.9017,45
1649852197,,,0.98,1.67025,5578.0,13.80384264602884,15.3062,45
396413453,,,0.95,2.42919,5443.0,19.952623149688787,15.1065,45
50661162,,,0.405372,0.412369,2894.0,13.031243378210606,16.9009,45
151474151,,,0.74,1.36149,4652.0,46.77351412871982,15.0827,45
123678589,,,0.63,0.89189,4019.0,25.0,13.5426,45
432344786,,,0.94,2.31078,5394.0,15.13561248436207,15.5804,45
427454418,,,0.432514,0.436982,3251.0,9.0931235174091,13.436,45
50744291,,,0.524093,0.526995,3083.0,14.103249827653528,16.0415,45
427348452,,,0.47,1.19856,3528.0,14.065721412632902,14.2179,45
391971770,,,0.88,0.952573,5179.0,42.65795188015926,14.7411,45
53606512,,,1.02,1.69534,5709.0,25.118864315095824,13.0349,45
148993423,,,0.92,0.783794,5347.0,6.165950018614822,14.9504,45
18387167,,,0.73,0.759591,4610.0,21.87761623949552,14.9191,45
276660807,,,0.63,1.20008,4031.0,6.51050638447056,13.7917,45
394957280,,,0.8,0.862522,4898.0,19.952623149688787,16.4282,45
220249155,,,0.53,1.15904,3647.0,2.5118864315095824,15.6758,45
464839420,,,1.1,1.09032,5993.0,20.0,11.7711,45
178479965,,,0.8,0.743179,4875.0,34.673685045253166,14.5036,45
343863434,,,0.38,0.99903,3372.0,13.993356232141403,15.351,45
115368111,0.013348676507708839,0.014157830734717342,1.04,2.25147,5790.0,12.30268770812381,15.6201,45
146385971,,,0.88,0.877548,5169.0,5.754399373371567,14.99,45
464839659,,,0.394945,0.403072,3435.0,4.897788193684466,16.3559,45
117470156,,,1.29,2.15143,6418.0,23.988329190194897,14.3554,45
459990813,,,0.450315,0.453526,3029.0,5.141321458169662,16.9891,45
177270347,,,0.655153,0.688313,3964.0,34.673685045253166,15.3942,45
177716144,,,1.04,0.925874,5789.0,34.673685045253166,13.4745,45
388935880,,,0.147586,0.17776,3155.0,2.0,17.6308,45
111349605,,,1.06,1.87048,5854.0,4.073802778041131,14.2443,45
300263730,,,0.84,1.08502,5024.0,44.668359215096345,16.1738,45
11355139,,,1.18,1.49326,6166.36,10.917725685396384,12.4313,45
427346602,,,0.564355,0.571693,3088.0,8.822295308684405,15.6398,45
11357901,,,0.554531,0.560419,2986.0,8.753159473506358,16.2272,45
284283556,,,0.573183,0.582041,3136.0,14.263913483702597,15.7277,45
264631298,,,0.620845,0.641669,3370.0,5.092202394261365,14.8517,45
119376038,,,0.627,0.850359,4011.0,35.481338923357534,13.4368,45
276661083,,,0.64,1.04452,4107.0,9.05904695190956,13.9699,45
427352938,,,0.59,0.872208,3823.0,6.881320484052404,14.616,45
360506599,,,0.74,1.37207,4655.0,42.65795188015926,15.2973,45
443252245,,,1.34,1.85736,6516.0,14.125375446227554,13.6959,45
108262823,,,1.05,1.48364,5817.0,4.073802778041131,15.8149,45
200521197,,,0.569544,0.57775,3146.0,7.183207842514112,15.7362,45
138828009,,,0.52,0.923917,3617.0,8.81173311559828,14.9743,45
425961976,,,0.92,1.19036,5348.0,21.379620895022324,15.8488,45
369911923,,,1.01,1.06308,5693.0,7.585775750291836,13.7449,45
287840314,,,1.41,0.963007,6664.0,12.5732863568046,14.5098,45
35239156,,,1.33,1.43805,6507.0,22.90867652767775,14.0711,45
284995608,,,0.500122,0.502095,3503.0,5.0,16.3832,45
119233590,,,0.87,1.02588,5132.0,11.748975549395302,15.6269,45
287840335,,,1.04,1.04109,5803.0,7.482624329845477,14.2326,45
359730070,,,0.636722,0.662919,3237.0,7.585775750291836,16.1213,45
50743571,0.012315816039335462,0.011866070775644432,0.664771,0.701805,3368.0,10.23667376907731,15.0662,45
168047118,,,1.14,1.98467,6093.0,21.87761623949552,11.7036,45
177986072,,,0.581601,0.592107,3299.0,34.673685045253166,16.4314,45
204166179,,,1.47,2.21956,6819.0,20.417379446695275,15.4401,45
11300185,,,1.21,1.78647,6248.56,12.061563827007491,13.0262,45
276581270,,,0.550291,0.555631,3128.0,8.632244873352128,15.8968,45
427395573,,,0.557004,0.563234,3804.0,10.704446720664192,15.8544,45
138978237,,,0.47,0.978044,3516.0,9.0,14.6696,45
264681632,,,1.01,1.52476,5679.92,8.385654309549317,11.7301,45
116580873,0.0036635605050849497,0.0030661158927452557,1.03,2.84238,5768.0,41.68693834703355,13.602,45
427455143,,,0.521652,0.524407,3307.0,10.192208368252878,16.4782,45
50662951,,,0.97,2.65543,5510.0,14.30796480050093,12.2582,45
118785497,,,1.29,1.08717,6410.0,11.748975549395302,13.9031,45
11196164,,,0.610286,0.627908,3148.0,11.42926675658912,15.6959,45
1765565539,,,1.15,1.82788,6118.0,22.387211385683376,16.0222,45
427395975,,,0.656677,0.690442,3365.0,6.468523023079524,15.6445,45
1640469892,,,1.29,2.04696,6403.0,15.13561248436207,14.5195,45
269118212,,,0.55,0.914421,3716.0,11.0,14.4124,45
318418776,,,0.659,0.721569,4213.0,34.673685045253166,15.2636,45
464839367,,,0.626082,0.648607,3337.0,20.0,15.2923,45
264483967,,,0.314794,0.333205,3022.0,12.922927090934904,17.4017,45
287840245,,,0.232486,0.26066,3133.0,2.0,16.2022,45
115702428,,,1.24,2.685,6304.0,41.68693834703355,14.8567,45
138828343,,,0.627301,0.650232,3415.0,5.605185540749369,15.2204,45
144616828,,,0.37,1.20413,3357.0,13.08478149241643,14.8317,45
391851871,,,0.8,1.19295,4887.0,20.417379446695275,15.3117,45
50529650,,,0.620901,0.641744,3340.0,9.240307254603051,15.1176,45
388851025,,,0.420742,0.426225,3039.0,14.042476042364168,17.3103,45
72046176,0.006557326434366813,0.0046120756705249535,1.13,2.60178,6065.0,8.51138038202376,13.2225,45
220338447,,,0.62,1.28043,3977.0,2.5118864315095824,14.8261,45
457230720,,,0.52,1.08516,3625.0,9.170614237467507,14.1018,45
264459913,,,1.186,1.86081,6190.6,6.423345994426088,10.5228,45
464838946,,,0.468545,0.470873,3243.0,11.037560140545589,16.2308,45
264743597,,,0.509108,0.511296,2945.0,9.0,16.2694,45
138979349,,,0.583776,0.594739,3247.0,11.275471151077518,15.2729,45
50748945,,,0.493225,0.495133,2965.0,9.228914624844313,16.5633,45
50744763,,,0.616004,0.635322,3115.0,6.364458617065608,15.7159,45
223709756,0.0645587912696392,0.06389803101955059,0.83,1.58188,5001.0,22.387211385683376,15.2379,45
269118419,,,0.421454,0.426872,3142.0,7.746319684612048,16.8506,45
50793391,,,0.65,0.856217,4168.0,8.439833420740246,14.8811,45
185440565,0.0059017384170137015,0.005320007861979091,1.13,4.7452,6072.0,15.13561248436207,14.5471,45
201368837,,,0.610799,0.628569,3416.0,10.049247197302009,15.0158,45
280222087,,,0.462741,0.465301,3239.0,25.0,15.5598,45
388917858,,,0.62,1.20561,4002.0,5.920370700801673,14.7805,45
177849294,,,0.88,1.50872,5191.0,23.442288153199225,15.974,45
457249965,,,0.562872,0.569975,3259.0,12.489122435278684,15.4782,45
220321427,,,0.545995,0.550823,3653.0,2.5118864315095824,16.417,45
11355974,,,0.47728,0.47935,3205.0,4.897788193684466,16.0851,45
264458859,,,0.532889,0.536434,3192.0,14.391313711260382,16.2456,45
290173442,,,1.36,1.4361,6555.0,4.897788193684466,12.9294,45
220046539,,,1.16,1.34227,6121.54,4.897788193684466,11.7532,45
276662521,,,1.09,3.12688,5943.66,8.32016891301654,12.8518,45
427455440,,,1.43,1.30379,6721.0,12.30329168949211,10.895,45
710319011,,,0.62,0.999354,3992.0,4.897788193684466,14.809,45
397077768,,,0.85,1.17343,5086.0,19.952623149688787,16.3284,45
125341865,,,1.06,1.35978,5873.0,23.442288153199225,16.3889,45
390570458,,,1.04,1.31075,5789.0,21.87761623949552,12.6074,45
164355526,,,0.96,2.28197,5492.0,38.904514499428046,14.6369,45
11200546,,,0.47,1.12022,3518.0,14.927619522997784,14.852,45
357272599,,,0.53,0.839507,3643.0,7.585775750291836,15.7546,45
11290953,,,0.69,1.05656,4433.0,8.9739438929095,16.7598,45
220186741,,,0.91,1.88798,5278.0,26.915348039269137,14.0689,45
427451686,,,0.56,1.03891,3748.0,13.549592604540209,14.0456,45
119234233,,,1.277,1.26058,6386.0,34.673685045253166,11.4793,45
220322380,,,0.51,1.1112,3604.0,2.5118864315095824,15.997,45
1614732996,,,0.99,1.64414,5606.0,41.68693834703355,16.0164,45
115698678,0.00872007758742366,0.007503225038291219,1.12,2.52253,6026.0,41.68693834703355,14.0357,45
369154903,,,0.633672,0.658787,3319.0,7.585775750291836,15.7775,45
11200457,,,0.292207,0.313612,3247.0,7.667418564152044,17.835,45
156503215,,,0.324282,0.341414,3351.0,22.387211385683376,15.7444,45
50658140,,,0.523062,0.5259,3298.0,14.751517145001548,15.6393,45
427376250,,,0.583841,0.594819,3102.0,12.635726517684112,15.6902,45
223709737,,,0.95,0.972338,5428.0,33.11311214825908,15.0143,45
50789760,,,0.431913,0.43643,3058.0,11.00226924330236,16.4014,45
427377958,,,0.630124,0.65401,3199.0,6.9280644682222,15.3188,45
368539893,,,0.67,1.34957,4316.0,7.585775750291836,15.4736,45
50583094,,,0.630524,0.654547,3166.0,14.279777166783903,15.4609,45
388918344,,,0.472466,0.474664,3276.0,2.0,16.6713,45
231170088,,,1.04,1.26146,5804.0,2.5118864315095824,15.9326,45
332857082,,,1.23,1.39784,6297.0,14.584022616075602,10.7506,45
427353264,,,0.422796,0.428093,3418.0,13.257995427678074,17.3085,45
369686950,0.011516953150506538,0.01353000447056262,0.52,0.847759,3634.0,7.585775750291836,16.0906,45
359607084,,,0.639569,0.666794,3068.0,7.585775750291836,16.1046,45
50620327,,,0.530306,0.533644,3243.0,8.084380929848816,15.6466,45
176411477,,,0.94,1.78051,5391.0,15.13561248436207,16.1613,45
433213399,,,1.26,2.07501,6354.0,47.863009232263806,14.4227,45
11297025,,,0.6,1.1857,3881.0,11.82203083989684,14.1898,45
11201658,,,0.518503,0.521086,3140.0,14.820270710437692,16.5739,45
200527477,,,0.703,0.62107,4479.0,5.0,14.8227,45
427399660,,,0.95,1.12935,5447.0,9.220365436475303,12.8137,45
427451714,,,0.556102,0.562205,3103.0,14.422418153302578,15.9273,45
281718658,,,0.54331,0.547843,3174.0,25.0,15.455,45
352853775,,,0.65767,0.691831,3292.0,7.585775750291836,16.1485,45
427458959,,,1.31,2.85584,6457.0,6.0,9.4595,45
200588404,,,0.518,0.955935,3622.0,11.618516387682346,14.8648,45
264683455,,,0.48,0.822482,3541.0,7.16373392993873,14.4366,45
50523462,,,1.26,2.34599,6345.73,7.119664252253733,10.7622,45
436103289,,,0.985,2.08299,5581.27,6.387681177820347,10.9723,45
79539630,,,0.64,0.996235,4088.0,25.118864315095824,15.7113,45
43632855,,,0.59589,0.609649,3239.0,5.754399373371567,15.7813,45
1615183123,,,0.69,1.11755,4429.0,4.073802778041131,15.8368,45
427453815,,,0.447794,0.451161,3018.0,11.10152112581426,16.6194,45
427396991,,,0.64,1.21981,4079.0,10.64886628892758,13.8827,45
427396913,,,0.464674,0.467152,4283.0,10.16497195122434,16.4941,45
199752524,,,0.461477,0.464095,3040.0,5.687483125670459,16.2613,45
72042824,,,0.83,1.2819,4988.0,10.624321912313714,12.9001,45
199780272,,,0.99,0.866613,5615.0,14.237060103016942,14.6641,45
11200353,,,0.474571,0.476708,3459.0,5.0,17.009,45
264594221,,,0.538894,0.542977,3179.0,9.446002856429567,15.7012,45
360193532,,,1.09,1.55322,5948.0,20.417379446695275,14.3079,45
50787640,,,0.54372,0.548297,3227.0,14.306841206005132,16.1536,45
220338646,,,0.59,0.878016,3854.0,2.5118864315095824,15.6225,45
179088989,,,1.15,3.81676,6098.0,45.70881896148752,14.4784,45
382935820,,,0.7,0.708084,4468.0,21.87761623949552,15.4244,45
427397099,,,0.531504,0.534936,3659.0,12.056073436495414,12.764,45
401901198,,,0.94,1.26205,5398.0,42.65795188015926,16.2579,45
117469208,,,1.41,1.81136,6664.0,23.988329190194897,14.6279,45
118623310,,,1.24,1.54268,6309.0,41.68693834703355,15.2073,45
11295652,,,1.39,1.38269,6626.95,6.202320025020487,13.1003,45
427395683,,,0.51524,0.517665,4285.0,8.82106900789693,17.5061,45
280973369,,,1.03,2.62624,5748.49,7.754317560473507,10.4797,45
177520509,,,0.92,1.41089,5345.0,23.442288153199225,16.1521,45
427352532,,,0.49,0.722343,3565.0,11.865322290491743,15.3,45
176411709,0.006299911357333028,0.005449751217488285,1.1,4.68863,5989.0,15.13561248436207,14.1048,45
281910758,,,0.533962,0.537597,3260.0,22.387211385683376,15.8148,45
11356114,,,0.65844,0.692909,3087.0,8.090525273564632,15.1941,45
50793906,,,0.98,1.19432,5542.6,10.22854019787844,13.0562,45
427352941,,,0.609535,0.62694,3821.0,10.36376333404622,15.7582,45
264744396,,,1.16,1.88695,6130.66,13.440667830494244,10.0145,45
165137044,,,0.89,1.35343,5209.0,23.988329190194897,15.5484,45
388850796,,,0.465397,0.467845,3502.0,2.0,15.9393,45
427374387,,,0.491352,0.493257,2987.0,14.027254936528436,16.5328,45
156243945,,,1.463,0.773639,6800.33,13.436991837233778,11.7919,45
199779918,,,1.04,2.00598,5781.29,5.116909646305855,10.6031,45
264679746,,,0.646437,0.676218,3098.0,13.489381366525278,15.1235,45
50745524,0.010911308756574515,0.01257478894955021,0.602138,0.6175,3186.0,7.369807807541288,16.0082,45
204253316,,,1.37,1.69392,6581.0,9.332543007969903,15.0888,45
427393159,,,0.408949,0.415576,3793.0,2.0,17.1764,45
46712082,,,1.25,2.15552,6336.0,38.01893963205613,15.3584,45
264542196,,,0.446338,0.449798,3004.0,9.0,16.4687,45
120749985,,,1.02,0.884407,5704.0,34.673685045253166,13.1106,45
229357170,,,1.15,2.85394,6112.0,32.35936569296281,15.0477,45
435935799,,,0.416,1.09202,3425.0,6.26969833038101,15.0412,45
427350039,0.004529717315915103,0.003131280982150767,0.69,1.17766,4409.0,8.426012541129117,13.188,45
79692368,,,0.93,1.13636,5373.0,25.118864315095824,13.9352,45
427396940,,,0.37,0.960489,3349.0,6.859345952726867,15.1973,45
269117915,,,0.49,1.02478,3566.0,5.513358469393003,14.3172,45
50792401,,,0.653088,0.685435,3157.0,12.7220150662409,15.2849,45
427454604,,,0.659664,0.694625,3610.0,4.897788193684466,15.2329,45
427395785,,,0.516991,0.519498,3864.0,4.897788193684466,16.0789,45
282914751,,,0.561848,0.568792,3292.0,25.0,15.1929,45
355529188,,,0.914,1.63552,5310.0,7.585775750291836,12.1289,45
43015860,,,0.99,1.40105,5599.0,5.754399373371567,13.6031,45
50725523,,,0.5518,0.557329,3191.0,13.8591958331098,15.4871,45
185388130,,,0.99,1.3271,5604.0,21.87761623949552,14.051,45
432712191,,,0.97,1.80861,5518.0,40.7380277804113,15.9202,45
427395790,,,0.489464,0.491372,3858.0,8.181037830822055,16.1087,45
49386107,,,1.063,1.04712,5873.0,32.35936569296281,12.4327,45
50623149,,,0.634987,0.660566,3280.0,11.574512554566455,14.7371,45
185893130,0.010848486731484586,0.012044285417361052,1.25,1.88111,6321.0,38.01893963205613,15.8409,45
151094983,,,1.44,2.14491,6749.0,23.442288153199225,14.4076,45
53745631,,,0.48,1.1078,3547.0,25.118864315095824,16.2837,45
177659003,,,0.873,0.825375,5161.0,34.673685045253166,14.3114,45
427450353,,,0.552091,0.557658,3450.0,5.0,15.7137,45
79295377,,,1.29,1.36285,6418.0,25.118864315095824,12.8297,45
358723688,,,0.91,1.05695,5293.0,7.585775750291836,14.6072,45
220074970,,,0.6,0.883751,3865.0,4.897788193684466,14.9186,45
177275571,,,0.77,1.22939,4759.0,6.165950018614822,15.7559,45
116585416,,,1.09,2.85464,5963.0,41.68693834703355,14.7631,45
264620621,,,0.457814,0.460608,3298.0,10.499779146560265,15.5834,45
217334169,,,1.3,3.79977,6432.0,15.848931924611142,15.185,45
276664047,,,0.84,1.54309,5039.0,7.5545711865417795,14.0304,45
4207102,,,0.45,1.15689,3480.0,9.086973315757303,14.7332,45
427396921,,,0.653947,0.686631,3527.0,13.836823332734662,15.7146,45
369941925,,,0.98,1.81373,5565.0,21.87761623949552,12.9654,45
207045814,,,0.52,0.744838,3623.0,2.5118864315095824,16.2701,45
177010537,,,0.94,1.27327,5404.0,6.165950018614822,15.9845,45
53988263,,,0.58,0.892206,3788.0,25.118864315095824,16.1531,45
11202466,,,0.626559,0.649243,3367.0,9.354003846831338,15.1264,45
118372931,,,0.74,1.01778,4647.0,45.70881896148752,16.544,45
264485571,0.012735781382219074,0.015358955358857247,0.491794,0.493699,3235.0,13.02742617643626,16.1997,45
42564062,,,0.629,0.866711,4024.0,22.387211385683376,13.9342,45
138899171,,,0.651087,0.682654,3474.0,7.91620530440276,14.8374,45
713080939,,,1.21,2.66517,6253.0,9.093575452270052,14.1106,45
199779639,,,0.66,1.38852,4248.61,4.897788193684466,12.8135,45
200641728,,,0.33336,0.349266,3401.0,22.387211385683376,16.0304,45
42830839,,,0.6,0.786706,3865.0,22.387211385683376,14.3685,45
755989035,,,0.424,0.531854,3438.0,25.0,15.6003,45
1658663880,,,0.88,1.67133,5170.0,30.90295432513592,15.6107,45
138859399,,,0.98,1.30869,5573.33,8.637126121638007,11.7132,45
436243716,,,0.48,0.981024,3548.0,13.099803202922027,15.1848,45
59467650,,,0.68,1.33462,4359.0,46.77351412871982,15.3281,45
284199575,,,0.727,1.2371,4598.22,7.819825005708392,12.554,45
177323328,,,1.06,1.29459,5873.0,47.863009232263806,15.2319,45
50791261,,,0.39,1.12384,3391.0,12.59892516756724,16.0429,45
50748440,,,0.607619,0.624481,3305.0,8.872083481600711,15.3467,45
220075639,,,1.176,1.57569,6168.39,9.929500694648471,10.9694,45
351587986,0.020061574938010286,0.020578892485557495,1.03,2.28948,5745.0,42.65795188015926,15.4443,45
337173019,,,0.69,1.15063,4402.0,46.77351412871982,15.9355,45
50794760,0.03451283743268536,0.0302796416215092,0.62,1.03749,3963.0,14.7155027940857,14.2724,45
72487178,,,0.7,1.31524,4454.0,8.51138038202376,15.5453,45
220198735,,,1.04,1.20881,5798.0,32.35936569296281,15.5944,45
11290996,,,0.548939,0.554113,3095.0,12.020139961028423,15.8049,45
1640447444,,,1.14,1.64236,6077.0,15.13561248436207,14.6237,45
294117744,,,0.585107,0.596358,3873.0,46.77351412871982,16.66,45
332913596,,,1.12,0.796779,6043.0,4.897788193684466,12.5881,45
125681483,,,1.02,2.5107,5734.0,23.442288153199225,15.0652,45
427451585,,,0.74,0.628842,4641.0,11.779898632633836,17.0869,45
427451928,,,0.56,1.09699,3724.52,11.138902953781628,14.1852,45
50583173,,,0.63,1.24458,4017.0,13.43243433059434,13.4864,45
177444102,0.015418680636365345,0.017185258247107465,0.82,1.48068,4968.0,47.863009232263806,15.8589,45
287758049,,,0.539192,0.543304,2974.0,11.09259119666964,16.476,45
108130063,,,1.23,1.22635,6287.0,4.073802778041131,15.0955,45
177597035,,,1.07,1.96878,5884.0,23.442288153199225,15.5372,45
50721447,,,0.607224,0.623974,3198.0,9.219513496140207,16.0369,45
120093501,,,1.14,1.08094,6089.0,11.748975549395302,13.6359,45
427396756,,,0.65547,0.688756,3004.0,12.256940720606964,15.5946,45
427377441,,,1.14,1.6403,6087.0,7.852682715581214,11.3503,45
220184814,,,0.237672,0.265367,3283.0,32.35936569296281,15.0012,45
220126028,,,1.4,1.51428,6659.0,26.915348039269137,13.7665,45
343863225,,,0.603346,0.619031,3157.0,14.934113456318189,15.4482,45
427454760,,,0.568059,0.57601,3222.0,5.575351660051352,15.62,45
164612159,0.0035666336288468882,0.001346348272936668,1.45,4.57642,6761.0,43.65158322401656,11.9418,45
368538360,,,0.635772,0.661629,3022.0,7.585775750291836,16.6404,45
34471605,,,0.468617,0.470943,3048.0,6.0,16.5723,45
220267662,,,1.25,1.69584,6328.0,32.35936569296281,15.0456,45
1648216854,,,1.47,0.864273,6821.0,20.417379446695275,15.3936,45
177323364,0.008865706713496546,0.008936329552994721,1.1,1.34799,5981.0,47.863009232263806,15.3458,45
427334717,,,0.573943,0.582942,3266.0,10.233206575852408,15.6362,45
352852276,,,0.490287,0.492193,3327.0,7.585775750291836,16.685,45
50793604,,,0.62,1.15838,3965.0,5.716012684039011,14.5666,45
359027581,,,1.33,1.11805,6505.0,26.915348039269137,15.6801,45
435578513,,,0.78,1.48199,4830.0,20.417379446695275,15.8606,45
225693556,,,1.35,2.20478,6532.0,6.918309709189363,15.7561,45
11286643,,,0.558529,0.564977,3023.0,9.67609281826185,16.3732,45
177407448,,,0.641144,0.668946,3686.0,34.673685045253166,16.0509,45
220120970,,,1.01,1.83294,5671.0,32.35936569296281,15.6212,45
359887924,,,0.61221,0.630392,3157.0,7.585775750291836,16.2482,45
264459837,,,0.7,1.35806,4465.0,6.341020283997562,12.4955,45
50659231,,,0.521498,0.524243,3119.0,10.259661349788145,16.0781,45
449427541,,,1.3,1.66814,6433.61,6.333261558746877,11.6868,45
427459990,,,0.50026,0.502234,3027.0,5.708522528935135,16.7328,45
264483518,,,0.423478,0.428714,3009.0,13.121402087094964,16.7078,45
50586632,,,0.647863,0.678187,3291.0,5.730978757086719,14.4162,45
436100566,,,0.570631,0.579028,3342.0,10.90136094000805,16.2349,45
427374396,,,0.570345,0.578692,3208.0,6.494600449131807,15.9967,45
174402079,,,1.07,2.52907,5910.0,39.81071705534969,15.9843,45
50793946,,,0.601425,0.616599,3203.0,4.897788193684466,15.729,45
115698409,,,0.99,2.754,5606.0,41.68693834703355,14.9108,45
207045851,,,0.62,1.26409,3968.0,19.05460717963248,14.7017,45
427352954,,,0.593354,0.606493,3922.0,6.415794997185905,15.9723,45
164609933,,,0.91,1.70401,5310.0,38.01893963205613,15.5571,45
427349361,,,0.38,0.97739,3369.0,7.65901315063717,15.3465,45
50748046,,,0.591661,0.604397,3093.0,13.972454206320627,15.6315,45
180752738,,,0.98,2.59706,5574.0,31.6227766016838,15.3241,45
427395752,,,0.589422,0.601637,3616.0,11.273148947028698,15.4768,45
220314209,,,0.7,1.23811,4463.0,2.5118864315095824,16.351,45
264487471,,,0.564209,0.571523,3074.0,9.155140712316136,16.1445,45
459990998,,,0.456216,0.459093,3131.0,12.654258465357485,16.2696,45
459990576,,,0.379034,0.389022,3015.0,5.02852865123354,17.2325,45
11297163,,,0.558882,0.565381,3107.0,14.632437871141784,15.8712,45
50583865,,,0.595556,0.609232,3038.0,10.43620232394846,15.7947,45
264741331,,,0.603,0.794265,3893.66,7.35142356601337,12.3364,45
11296000,,,0.85,1.04026,5067.0,11.330867026416684,16.1899,45
201368236,,,0.20564,0.235785,2858.0,11.899212272997977,16.7381,45
388935524,,,1.47,1.19787,6822.0,9.3868533611562,12.6798,45
436012484,,,0.49,0.958263,3569.0,11.445603999226138,15.1791,45
432705324,,,1.4,3.52756,6661.0,13.80384264602884,13.484,45
123547155,,,0.447937,0.451295,3198.0,25.0,15.6847,45
427451162,0.004898741550825491,0.004287658458530574,0.622,0.961932,3984.0,7.026410957380581,14.2455,45
163414893,,,1.0,1.61438,5659.0,38.904514499428046,15.5517,45
264459692,,,0.530168,0.533496,3360.0,11.051264945445809,15.7064,45
457249357,,,1.23,2.72265,6277.32,5.990532206844426,10.4919,45
133883268,,,0.75,0.984024,4696.0,5.754399373371567,14.8396,45
50621068,,,0.578362,0.588211,2999.0,10.281580495231688,15.9332,45
6957429,,,1.26,2.47094,6351.0,28.183829312644548,15.3723,45
178054922,,,0.628719,0.652128,3809.0,34.673685045253166,15.692,45
125635806,,,1.1,1.59292,5990.0,23.442288153199225,15.8832,45
427400508,,,0.562212,0.569212,3330.0,5.477534580457171,15.4067,45
50588895,,,0.501967,0.503972,3148.0,6.544391356762914,16.0816,45
177323567,,,0.82,1.11082,4977.0,47.863009232263806,15.7255,45
425778936,,,1.1,1.3462,5971.0,21.379620895022324,14.909,45
19235839,,,0.9,1.18738,5244.0,21.87761623949552,13.6003,45
443130369,,,0.495708,0.49763,3259.0,22.387211385683376,14.8296,45
104941393,,,1.22,2.274,6263.0,34.673685045253166,13.0985,45
11290917,,,0.615953,0.635255,3219.0,9.994904781524886,15.303,45
186160333,,,0.68,1.25807,4366.0,6.606934480075965,14.9156,45
1856540791,,,0.505,0.755891,3591.0,7.585775750291836,16.3038,45
175560231,,,1.02,1.59839,5717.0,39.81071705534969,15.4534,45
269117773,,,0.62,0.908822,4001.0,14.200696349747476,13.9684,45
50661838,,,0.560863,0.567657,3077.0,5.068874554713437,15.5922,45
436014608,,,0.559289,0.565848,3099.0,14.0,16.4204,45
436248347,,,0.6,1.01458,3899.0,11.90928223179819,14.4389,45
464840059,,,0.641884,0.66996,3377.0,11.0,14.9042,45
177121895,,,0.99,0.897912,5618.0,47.863009232263806,15.1451,45
182333380,,,1.38,1.51424,6594.0,34.673685045253166,14.0933,45
4255791,,,0.59,0.921093,3829.0,6.455273073620486,14.1951,45
220314619,,,0.48,1.20507,3535.0,2.5118864315095824,15.6442,45
427352389,,,0.335638,0.351238,3326.0,7.932530884127419,17.5864,45
50791412,,,1.47,2.78564,6813.0,7.324798852925517,9.5782,45
282912568,,,0.631398,0.655723,3211.0,25.0,14.795,45
220140013,,,1.03,1.06781,5744.0,32.35936569296281,15.8642,45
427334592,,,0.96,1.13384,5466.0,9.69701751828054,14.4356,45
427453362,,,0.62,1.34087,3986.0,7.494163711450744,14.2243,45
125645013,,,1.0,1.60923,5625.0,6.165950018614822,14.1246,45
144733807,0.004456602796439815,0.0019586035707821994,0.844,1.42043,5055.0,13.321331774012474,12.261,45
391854804,,,0.95,1.20602,5438.0,20.417379446695275,14.662,45
11285457,,,0.613101,0.631546,3237.0,5.997290575328477,15.2261,45
464839285,,,0.517694,0.520235,3106.0,10.89842041607006,15.9375,45
50748980,,,0.622115,0.643346,3063.0,13.359482725908556,15.203,45
436243752,,,1.498,1.762,6891.54,5.9446113331332375,11.045,45
427393053,,,1.07,0.906662,5908.0,4.897788193684466,12.4002,45
177408930,,,0.76,0.724537,4741.0,34.673685045253166,14.6168,45
151281072,,,0.644,0.981071,4114.0,11.700576024792138,13.349,45
432661518,,,1.17,1.07945,6149.0,15.13561248436207,14.7872,45
124189284,0.0038281813691488677,0.003236983756181885,0.592,0.907599,3846.0,22.387211385683376,13.7802,45
119375487,,,0.58,0.923296,3790.0,25.703957827688647,16.5686,45
225776561,,,0.68,1.1536,4340.0,6.606934480075965,15.9429,45
264439433,,,0.535509,0.539278,3452.0,21.87761623949552,16.3779,45
264682934,,,0.56,0.805052,3735.0,14.687076932708411,15.0537,45
183438781,0.003331309501357552,0.0012696855418573713,1.241,1.53582,6309.0,6.606934480075965,11.9621,45
427352190,,,0.96,1.24943,5476.98,6.700172095277712,12.9129,45
427454005,,,1.16,2.13659,6139.0,7.42621679233506,13.5059,45
50524696,,,1.05,1.38661,5812.0,7.932056204493838,12.0077,45
147379725,,,0.354215,0.367344,3411.0,35.481338923357534,15.9507,45
177011189,,,0.68,1.29377,4376.0,6.165950018614822,15.7391,45
199887006,,,0.62,0.856337,3952.0,12.099647599704443,14.4379,45
388918343,,,0.47456,0.476698,3044.0,12.59799227038,16.3283,45
11452793,,,0.52,1.01465,3630.0,5.5379012773147,15.1486,45
368429867,,,0.59,1.11825,3858.0,7.585775750291836,15.3599,45
388850932,,,0.57,1.07794,3770.0,13.001764804318546,14.212,45
175420838,,,1.17,1.66863,6145.0,21.87761623949552,12.5442,45
282390899,,,0.496862,0.498793,3258.0,22.387211385683376,15.6662,45
332856264,,,0.403084,0.410322,3028.0,12.595187693310104,17.4122,45
427351268,,,0.62,0.950924,3968.0,8.51778348390814,14.7032,45
264682719,,,0.56647,0.574153,3213.0,9.996590548039368,15.6784,45
332856179,,,0.460021,0.462707,2946.0,13.181511844331148,16.7943,45
264627185,,,0.42,0.931955,3437.0,11.487272910647397,14.8442,45
217081779,0.00535124478315238,0.004667867675847544,1.46,4.16266,6799.0,35.481338923357534,14.2063,45
1615279161,,,0.94,1.9402,5420.0,15.13561248436207,14.8725,45
118933911,,,0.95,0.807286,5433.0,11.748975549395302,15.0427,45
11296041,0.04555378992512799,0.04393759957449177,0.48,1.01942,3545.0,6.506725469372174,15.0734,45
306092185,,,1.04,1.96546,5790.0,20.417379446695275,15.8597,45
343840076,,,0.58,0.895112,3816.0,9.855387257625338,15.274,45
427376491,,,0.503917,0.505961,3128.0,5.315066490755978,16.579,45
200546944,,,0.49,0.983364,3550.0,13.278029019022302,14.8537,45
284158089,,,0.7,1.45288,4460.97,9.874080705801184,12.7854,45
118119522,,,0.99,1.67999,5586.0,35.481338923357534,14.8932,45
368947185,,,0.4,1.16775,3396.0,7.585775750291836,15.2855,45
50529711,,,0.58,0.956552,3805.0,12.543392946705705,14.3391,45
201368388,,,0.46,1.08108,3494.0,11.973877095890572,14.5764,45
217076598,0.009112413165612704,0.008920954394741823,1.22,2.70245,6275.0,35.481338923357534,15.17,45
427459785,,,0.64,1.33917,4069.0,6.596492784520687,14.4872,45
11193646,,,0.527934,0.531096,3116.0,13.40985001077764,17.2445,45
119366874,,,0.61,1.05937,3918.0,25.703957827688647,15.5866,45
116583334,,,1.03,2.43146,5774.0,41.68693834703355,14.7811,45
123731949,,,0.510455,0.512689,3315.0,25.0,15.4256,45
436105231,,,0.516,1.11911,3617.0,12.692653369085052,14.6819,45
276664210,,,0.639496,0.666695,3133.0,4.897788193684466,16.0186,45
264744003,0.007503838363791187,0.006828720985696766,0.41,0.997198,3423.0,9.0,14.6324,45
427453463,,,1.24,0.852769,6308.0,4.897788193684466,13.1172,45
178330183,,,1.05,1.27771,5819.0,23.442288153199225,15.4848,45
264482542,,,0.480916,0.482912,3117.0,9.0,16.6451,45
11459140,,,0.52,1.2457,3628.0,12.707228279261573,14.5458,45
457229473,,,0.428943,0.433705,3173.0,5.0,16.4572,45
50743278,,,1.38,2.94617,6615.45,10.093746490487977,11.0935,45
53989331,,,0.9,0.757141,5276.0,32.35936569296281,13.5012,45
427453214,,,0.6,1.08161,3884.0,13.90751124524597,14.4448,45
229343886,,,1.24,1.06313,6307.0,32.35936569296281,15.6842,45
46714724,0.010690186753320542,0.011431251034149645,1.01,1.74152,5681.0,38.01893963205613,15.6611,45
11457096,,,0.644081,0.672974,3379.0,11.108817825094436,15.0253,45
358136891,0.006095361598393592,0.005283982172998504,1.38,2.06823,6603.0,26.915348039269137,14.1313,45
168054358,,,1.14,1.14328,6083.98,22.387211385683376,9.96875,45
361207939,,,1.05,1.8205,5829.0,20.417379446695275,14.0113,45
50658853,0.005681650627758461,0.0034270233204611563,0.69,1.14749,4408.0,14.954732719780852,12.9136,45
51798120,,,0.61,0.819182,3944.0,21.87761623949552,15.472,45
269118034,,,0.55,0.958157,3712.0,10.29380269998784,14.323,45
309908430,,,0.92,0.87281,5326.0,9.921974649048298,14.1554,45
1631461807,,,0.99,1.04875,5604.0,15.848931924611142,15.8061,45
281719988,,,1.03,1.13123,5755.0,36.3078054770101,14.2431,45
276664305,,,0.600818,0.615832,3087.0,7.556912296379219,15.4212,45
124014793,,,0.64,1.16963,4091.0,22.387211385683376,13.2477,45
118615045,,,0.95,1.37089,5442.0,29.51209226666384,15.7481,45
34511911,,,0.46,1.09639,3495.0,12.55292435971478,14.3744,45
436013327,,,1.19,1.76218,6189.54,7.473449508605961,11.9046,45
43390620,,,0.600796,0.615804,3298.0,5.754399373371567,15.659,45
427373520,,,0.458437,0.4612,3575.0,10.163634022900911,16.829,45
361891531,,,0.86,1.49459,5107.0,15.848931924611142,16.1232,45
220110343,,,0.99,0.913961,5585.0,32.35936569296281,15.5599,45
115375748,,,1.11,2.14072,6007.0,15.13561248436207,15.32,45
368543643,,,0.52,0.950825,3623.0,7.585775750291836,15.5726,45
436158747,,,0.594,1.0637,3855.0,6.99078964659641,14.2555,45
284200079,,,0.54403,0.54864,3208.0,6.493124875426393,16.0835,45
199780214,,,0.64722,0.677298,3238.0,10.622275828133786,15.2051,45
50625209,,,0.67,1.10238,4265.0,6.899159530241165,13.5352,45
427380090,,,0.62,1.26775,3953.0,7.5872258144600675,13.4556,45
427453707,,,0.350749,0.364334,2925.0,12.064545133664026,17.2854,45
11291317,,,0.595914,0.609679,3641.0,7.051186759412479,14.5682,45
117081772,,,0.88,1.6974,5169.0,35.481338923357534,15.707,45
199752370,,,1.46,1.84009,6781.2,4.897788193684466,10.1687,45
388935265,,,0.54,1.07094,3687.0,6.490745105391143,14.258,45
220119320,,,0.96,2.12495,5471.0,32.35936569296281,15.628,45
433330245,,,1.13,2.16547,6056.0,21.379620895022324,15.5657,45
178053950,,,0.74,0.687992,4639.0,34.673685045253166,15.0491,45
294119636,,,1.18,1.19976,6174.0,46.77351412871982,13.8274,45
427350777,,,0.540546,0.544791,3347.0,4.897788193684466,15.9792,45
111072956,,,0.88,0.799939,5199.0,7.413102413009177,15.62,45
50727338,,,0.597044,0.611091,3443.0,4.897788193684466,16.3002,45
50724058,,,0.540796,0.545066,3183.0,8.705907511740655,15.6175,45
427346390,,,0.62,1.23422,3988.0,9.540559451857511,13.6426,45
427373580,,,0.665258,0.702493,3265.0,5.483939029978425,15.2393,45
200547103,,,0.48,0.933592,3535.0,9.26718828088018,15.068,45
123406539,,,1.152,1.02952,6114.0,34.673685045253166,12.5509,45
332919023,,,0.531267,0.534681,2913.0,6.0,16.5219,45
201369420,,,0.51,1.0453,3593.0,10.298504431400628,14.4568,45
388918109,,,0.77,0.944923,4764.0,13.050701613771643,14.7479,45
354329754,,,1.18,1.2618,6173.0,7.585775750291836,12.4485,45
426186779,,,0.64,1.27946,4090.0,12.322059791186726,13.7195,45
436103236,,,0.52,1.03929,3625.0,12.846185674687757,14.6864,45
287840375,,,0.467697,0.470056,3860.0,4.897788193684466,16.4172,45
368538897,,,0.6,1.05596,3876.0,7.585775750291836,15.6422,45
125499568,,,0.64,1.31524,4110.0,6.165950018614822,15.8359,45
231191533,,,0.54,0.919613,3665.0,2.5118864315095824,15.9107,45
427395806,,,0.60764,0.624508,3459.0,7.742029223526128,15.3839,45
388935370,,,0.461289,0.463915,3113.0,6.370345994267113,16.5885,45
449430535,,,0.453655,0.456672,3225.0,5.508338612983323,16.0186,45
332974643,,,0.601492,0.616684,3342.0,10.913926719422392,15.6714,45
79295218,,,0.91,1.18352,5287.0,25.118864315095824,14.0259,45
436013350,,,1.08,1.55226,5911.0,9.05178755020888,12.2945,45
464839095,,,0.566425,0.574101,3310.0,13.150798850350668,15.6305,45
174805136,0.0054026086605124595,0.004250633556974376,1.06,2.9445,5858.0,31.6227766016838,13.4438,45
1640492316,,,0.96,1.68563,5496.0,12.30268770812381,15.8169,45
180075313,,,1.47,1.85633,6826.0,45.70881896148752,15.7797,45
50725419,,,1.04,1.47172,5804.0,10.280343955269212,12.904,45
220121805,,,1.25,1.41807,6335.0,32.35936569296281,14.965,45
1640423103,0.012107458170318133,0.014575258618353746,0.98,1.70394,5557.0,12.30268770812381,16.1924,45
390871226,,,0.9,1.17786,5253.0,42.65795188015926,14.7119,45
427377705,,,0.432,0.862484,3452.0,12.06570761735966,15.0199,45
4378433,,,0.547023,0.55197,3123.0,14.053958968669464,15.9825,45
427455570,,,0.55764,0.56396,3225.0,10.755243340627215,15.9338,45
427397395,,,0.450787,0.45397,3058.0,11.867651134826849,17.384,45
226223614,,,0.75,1.20224,4699.0,6.606934480075965,16.0136,45
427453051,,,0.532176,0.535662,3720.0,32.35936569296281,13.3303,45
11298679,0.0030161398691027005,0.000924995220216219,1.02,1.94298,5715.86,13.255538688801284,11.5016,45
332974941,,,0.641032,0.668793,3334.0,6.695631106882639,15.0551,45
284200830,0.00494210743013336,0.004211548232939824,0.62,1.18744,3957.0,6.110444520984698,13.9004,45
50726515,,,0.663559,0.700098,3142.0,7.0,16.0119,45
11199287,,,0.6,0.899678,3878.0,7.4869665253538145,14.3958,45
264543445,,,1.13,1.46985,6054.67,11.556271748721535,11.1816,45
72918134,,,0.95,1.17097,5453.0,11.477121697232509,13.0964,45
229304230,0.01214774764116981,0.013383136830268922,1.3,1.42125,6443.0,32.35936569296281,15.805,45
177329038,,,1.22,2.1126,6255.0,23.442288153199225,15.9519,45
264458558,,,1.22,2.54226,6264.38,6.107698223828142,11.9586,45
427399430,,,0.493939,0.49585,3163.0,6.436456295829331,16.2931,45
426186310,,,0.597808,0.612047,3284.0,6.248670912269514,15.7863,45
282020645,,,0.85,1.00955,5077.0,22.387211385683376,11.802,45
43357412,,,0.604052,0.619928,3449.0,22.387211385683376,14.943,45
53162384,,,1.03,1.15164,5753.0,47.863009232263806,14.4727,45
220122736,,,1.21,1.52457,6247.0,32.35936569296281,15.2836,45
427334250,,,0.313904,0.332435,3523.0,11.740063074773316,15.3663,45
144776237,,,0.51224,0.514539,3001.0,4.897788193684466,16.5918,45
751763463,0.023838778424288533,0.03630333181801096,0.51,0.495344,3605.0,34.673685045253166,17.0707,45
125644271,,,0.64,1.25217,4077.0,6.165950018614822,16.2133,45
34471463,,,0.50724,0.509371,3309.0,14.612476460876657,16.0578,45
11361547,,,0.58392,0.594915,2965.0,10.974182683782637,16.2824,45
357707871,,,0.62,1.0156,3969.0,7.585775750291836,15.2387,45
264679805,,,1.08,1.47994,5931.0,8.280744325255277,15.4133,45
279991885,,,0.89,1.01795,5222.0,25.0,11.8427,45
220314321,,,0.574928,0.584111,3415.0,2.5118864315095824,16.7804,45
50793949,,,0.6,0.995666,3896.0,7.137025260942805,14.8089,45
264591649,0.0037439387936929686,0.0031693989989448833,0.582,1.13301,3810.0,8.660579389227104,13.7987,45
80042599,,,0.62,0.858848,3982.0,25.118864315095824,16.1149,45
427397187,0.014763818797920714,0.019411957499925716,0.64,0.878683,4071.0,9.786575885562476,16.5386,45
35232249,,,0.91,1.42381,5286.0,22.90867652767775,14.9026,45
464839389,,,0.400773,0.408259,3343.0,6.896978085654382,15.1916,45
290173570,,,0.63,1.30237,4012.0,7.620250058714069,13.4166,45
385180739,,,0.94,1.47145,5402.0,7.585775750291836,14.3404,45
264540996,,,0.479085,0.481116,3324.0,12.753991141332191,16.549,45
45428148,,,0.625324,0.647599,3377.0,5.754399373371567,15.4394,45
345772521,,,0.532357,0.535857,3276.0,12.383893592753584,13.303,45
350404307,,,1.01,1.00937,5666.0,21.87761623949552,13.1106,45
124105712,,,0.602585,0.618067,3609.0,34.673685045253166,15.5598,45
244638871,,,0.96,1.27789,5468.0,15.13561248436207,14.5065,45
34366683,,,0.65,0.897101,4151.96,12.124300014628714,13.74,45
4378315,,,0.98,2.55778,5561.15,8.852655752181736,11.9958,45
359012832,,,1.38,1.15312,6598.0,26.915348039269137,15.2256,45
427451999,,,0.62,0.88549,3969.0,10.172211209523098,14.146,45
11298641,,,0.519667,0.522311,3220.0,14.41917187554222,16.3434,45
179595489,,,1.27,1.54384,6368.0,45.70881896148752,15.2939,45
388918137,,,0.87,1.35766,5167.0,7.403760958490678,14.0457,45
457249382,,,0.450992,0.454163,3051.0,12.826908465780765,16.5689,45
50624241,,,1.25,1.31977,6334.57,12.353823550054328,11.5881,45
464838286,,,0.92,1.76329,5325.15,11.111064992346972,11.0434,45
427397347,,,0.484292,0.486239,3120.0,6.639540633247108,17.1743,45
50525865,0.006959825387277558,0.00620726386123189,0.5,1.15706,3571.0,6.325628544271767,14.4451,45
432345068,0.010663080975439441,0.011472888888246673,0.82,1.25111,4969.0,15.13561248436207,15.6916,45
200525421,,,1.0,1.50242,5650.0,11.17060679054461,11.7364,45
178491831,,,0.69,0.693242,4400.0,34.673685045253166,15.4646,45
427395929,,,0.5,0.859844,3579.0,11.382909232787554,14.9722,45
203642553,,,1.21,2.98959,6252.0,38.01893963205613,14.4456,45
50749868,,,0.582993,0.593791,3308.0,10.321685423427414,15.6949,45
176409748,,,1.46,1.75812,6806.0,14.791083881682072,14.7513,45
459989166,,,0.647777,0.678068,3753.0,12.91854814244866,15.0637,45
220067558,,,0.657331,0.691357,3358.0,7.797369288441085,15.3932,45
124013515,,,0.568582,0.576622,3304.0,25.0,14.9782,45
264543201,,,0.568776,0.576849,3274.0,11.028706926826189,15.4643,45
72096819,,,0.97,0.707299,5537.0,8.51138038202376,14.9422,45
163317822,,,1.03,1.82602,5755.0,38.904514499428046,15.0354,45
47356246,,,1.1,1.66345,5987.0,38.01893963205613,16.1571,45
104751860,,,1.37,2.54567,6575.0,4.073802778041131,13.0638,45
427395681,,,1.23,2.02766,6284.0,11.548239517943646,14.2579,45
413573705,,,1.11,2.01774,6022.0,15.13561248436207,15.7958,45
269118204,,,0.451691,0.454821,3114.0,14.88867730294048,16.1753,45
426374745,,,0.87,1.51494,5144.0,21.379620895022324,14.4512,45
1631495535,,,0.86,1.71682,5102.0,41.68693834703355,15.0198,45
178575614,,,0.536995,0.540899,3426.0,22.387211385683376,13.5176,45
72831246,,,0.557059,0.563296,3069.0,8.835766147499157,16.2629,45
436012472,,,0.37,1.02901,3345.0,14.0,15.2168,45
123545999,,,0.502794,0.504815,3232.0,25.0,15.469,45
226200904,0.02519142167363627,0.02584525967463874,1.33,2.34795,6494.0,24.547089156850287,15.4452,45
388850973,,,0.586747,0.598357,3180.0,5.514238408187508,15.7425,45
432457025,,,0.96,2.47604,5488.0,20.417379446695275,14.9102,45
340974674,,,0.92,2.05248,5341.0,2.5118864315095824,12.2615,45
427454935,,,0.469688,0.471976,3082.0,5.878511262706373,16.741,45
79144078,,,0.67,1.08192,4255.0,25.118864315095824,15.3718,45
117467826,,,1.31,1.48001,6457.0,23.988329190194897,15.0654,45
436251392,,,0.651693,0.683495,3201.0,13.233737380733151,15.2322,45
264242124,,,0.964,1.05747,5496.0,21.87761623949552,12.6561,45
43239848,,,0.508325,0.510488,3306.0,22.387211385683376,15.4126,45
225772246,,,1.15,3.02024,6110.0,32.35936569296281,14.3121,45
369170539,,,0.50734,0.509473,2964.0,7.585775750291836,16.7836,45
43077095,,,0.601453,0.616635,3403.0,22.387211385683376,15.0116,45
343840712,,,1.01,1.44445,5680.0,4.897788193684466,11.8503,45
443284321,,,0.65,1.24464,4185.0,14.125375446227554,15.7021,45
220075537,,,0.612,0.630121,3111.0,12.424347998110214,15.5976,45
45561127,0.00744536038231972,0.00751538180879959,0.658282,0.692688,3313.0,5.754399373371567,15.354,45
426184987,,,0.645124,0.674409,3299.0,7.871718127235421,15.0855,45
134086037,,,0.62152,0.642559,2903.0,5.754399373371567,16.3251,45
427454010,0.006712925864414611,0.006263901709457447,0.93,1.51895,5359.0,13.241595688441755,14.8371,45
229382672,,,0.98,1.8178,5578.0,32.35936569296281,15.0737,45
50742729,,,0.50634,0.508445,3152.0,10.180032566784572,16.2881,45
50897607,,,0.532398,0.535902,3091.0,9.19501705354309,16.4207,45
50792586,,,0.91,1.26737,5293.0,6.898744765173613,13.3521,45
264630223,,,0.569313,0.577478,3190.0,10.124154894513213,15.6242,45
436103246,,,0.64,1.35267,4091.0,13.250068497727495,13.6804,45
6957554,,,1.44,3.76536,6750.0,28.183829312644548,14.0817,45
11286297,0.003443754115698545,0.0027543124673569427,1.06,1.25002,5852.96,14.04666749568932,13.4759,45
368829504,,,0.724,1.35243,4582.0,7.585775750291836,15.2105,45
50619423,,,0.673,1.38411,4303.0,6.807782965273898,12.9082,45
4206224,,,0.550954,0.556376,3068.0,5.09910202045372,15.8399,45
200515765,,,0.53,1.05544,3647.65,11.204385700449984,14.6986,45
177326284,,,1.118,1.04515,6029.0,34.673685045253166,12.3753,45
1614740979,,,0.67,1.34907,4269.0,41.68693834703355,15.7002,45
276661170,,,0.53,1.07249,3663.0,12.743071035003355,14.5054,45
115375255,,,1.05,1.68156,5838.0,12.30268770812381,15.3776,45
177852352,,,1.05,0.872676,5824.0,23.442288153199225,16.2072,45
358591908,,,0.79,1.21263,4854.0,7.585775750291836,15.0496,45
178795264,,,1.26,1.84904,6355.0,45.70881896148752,15.4586,45
50744575,,,1.26,1.36198,6342.0,8.340870402629788,11.575,45
459990704,,,0.418666,0.424342,3317.0,5.290684959534876,16.7879,45
220339421,,,1.15,2.03634,6116.0,2.5118864315095824,14.7479,45
180158495,,,1.21,3.96695,6233.0,47.863009232263806,15.6079,45
220338825,0.023460879160862542,0.013595832596086991,0.88,1.56517,5177.0,2.5118864315095824,12.8322,45
427396076,,,0.500466,0.502444,4080.0,14.482418022736503,16.4172,45
204562009,,,1.3,1.75861,6426.0,9.332543007969903,14.8266,45
427396884,,,1.46,1.94743,6799.0,5.160401222323547,10.0576,45
119549492,,,0.566,0.871268,3755.0,34.673685045253166,15.0148,45
115494896,,,0.95,2.51682,5438.0,41.68693834703355,15.1996,45
1766754324,,,1.04,1.68596,5781.0,43.65158322401656,15.9983,45
177520714,,,1.21,2.09035,6238.0,23.442288153199225,14.5133,45
264188025,,,0.44,1.11427,3459.0,21.87761623949552,15.4261,45
177591884,,,1.338,1.41037,6515.0,34.673685045253166,11.9124,45
294124847,,,1.01,1.63179,5675.0,46.77351412871982,13.63,45
427451436,,,0.550681,0.556069,3116.0,6.532420962631256,15.8015,45
50747570,,,0.60401,0.619876,3212.0,9.72782735071732,16.9857,45
4357196,,,0.55,1.07582,3719.0,7.377906156290228,14.5693,45
427455164,,,0.556208,0.562326,3285.0,6.684671437801021,15.8643,45
459990993,,,0.7,1.06125,4453.0,6.187942189833886,13.115,45
427455414,,,0.568094,0.57605,3180.0,14.68306432207006,16.1674,45
436009917,,,0.455964,0.458855,3085.0,5.0,16.9437,45
464838682,,,0.557691,0.564018,3029.0,9.0,16.019,45
79435769,,,0.68,0.953626,4379.0,25.118864315095824,15.2812,45
464839735,,,0.61,1.03137,3934.0,12.063780248315869,14.2785,45
427396889,,,0.600591,0.615547,3402.0,10.229865256533,15.5094,45
11290017,,,0.47,1.06614,3517.0,9.12234812406918,14.9628,45
264460197,,,0.363326,0.375275,3252.0,12.335511504851786,15.2046,45
151459056,,,1.26,1.88026,6353.0,23.442288153199225,14.7855,45
432863164,,,1.08,1.27153,5938.0,15.13561248436207,14.9843,45
50722867,,,1.01,1.36585,5662.17,11.542006932872743,10.9027,45
385305952,,,0.61,0.89851,3934.0,7.585775750291836,15.1911,45
385304077,,,0.496208,0.498133,3935.0,7.585775750291836,16.1166,45
368543997,,,0.602469,0.61792,3564.0,7.585775750291836,16.8373,45
177923261,,,0.608674,0.625833,3693.0,34.673685045253166,16.0372,45
220322802,,,0.635046,0.660646,3438.0,2.5118864315095824,16.2328,45
229343408,,,0.75,1.02346,4702.0,26.915348039269137,15.5965,45
120612791,,,0.531367,0.534788,3161.0,22.387211385683376,14.9099,45
138903340,,,1.18,2.32085,6170.72,7.407600301386237,11.4652,45
220290150,0.009252202772797435,0.010012772590735885,0.56,1.14466,3746.0,2.5118864315095824,15.7199,45
11296563,,,0.65,1.38214,4139.43,5.705621302601642,13.1285,45
72883619,,,0.490802,0.492707,3204.0,11.95381257202343,15.9962,45
225649516,,,1.13,1.82046,6066.0,32.35936569296281,15.5428,45
50795515,,,0.570742,0.579158,3071.0,13.112815143183257,15.7719,45
220314123,,,0.53,0.951707,3660.0,2.5118864315095824,16.2001,45
220268887,,,1.13,1.17234,6065.0,32.35936569296281,15.6179,45
115828166,,,0.98,1.57786,5554.0,12.30268770812381,15.8987,45
427352883,,,0.615767,0.635013,,4.897788193684466,15.6015,45
124192349,,,1.21,1.08036,6243.0,25.0,11.2381,45
427333959,,,1.04,1.75884,5809.0,10.468787118416008,15.2938,45
388935868,,,0.541176,0.545485,3185.0,10.370167191612005,15.9466,45
427353130,,,0.469811,0.472094,3291.0,5.055860694402936,16.6346,45
294118154,,,0.62,1.04221,3991.0,46.77351412871982,16.1278,45
4160385,,,0.415308,0.421304,3078.0,5.2429766113961405,16.4864,45
50793529,,,0.471285,0.47352,3254.0,10.845524815717722,16.5508,45
50584090,,,0.532602,0.536123,3206.0,10.85612630391235,15.7709,45
425340425,,,0.91,1.92385,5313.0,21.379620895022324,14.6692,45
50793113,,,1.25,2.70403,6320.0,13.150440476099876,13.7417,45
19672843,,,0.519118,0.521732,3582.0,21.87761623949552,16.8459,45
178372835,,,1.1,1.16299,5981.0,34.673685045253166,12.9642,45
220250426,,,0.67,1.28795,4315.0,2.5118864315095824,14.9333,45
436159521,,,0.566167,0.5738,2943.0,14.0,16.2399,45
180304746,,,1.28,2.22995,6391.0,47.863009232263806,15.6654,45
264619810,,,1.11,1.93431,6009.45,6.676598096427498,12.1379,45
433325049,,,0.92,1.46029,5314.0,13.80384264602884,15.7882,45
50793428,,,1.1,1.16791,5973.9,12.50952310324779,11.1021,45
391853011,,,0.69,1.11495,4430.0,20.417379446695275,16.0186,45
111353377,,,0.8,1.28639,4882.0,7.413102413009177,15.4388,45
124195001,,,0.528785,0.532008,3036.0,25.0,15.6351,45
427395610,,,0.518073,0.520633,3592.0,6.152801707268272,16.1105,45
125641113,,,1.37,3.72371,6586.0,7.762471166286912,12.0884,45
427397064,,,0.51,0.909568,3597.0,5.944191826438535,14.8377,45
50625104,,,0.565386,0.57289,3579.0,10.558928522114376,15.8865,45
50898245,,,0.37,0.940613,3349.0,14.886372387420906,15.2352,45
388850604,,,0.94,1.79866,5396.09,9.705811223499328,12.338,45
716010697,0.005946176250656115,0.005418419132373676,0.51,1.20732,3598.0,4.897788193684466,14.644,45
50898116,,,0.557601,0.563916,3280.0,13.498298076719834,15.8066,45
4255193,,,0.69,1.29219,4397.59,5.397266455681779,12.6062,45
220141470,,,1.43,1.75618,6732.0,32.35936569296281,15.6144,45
432431022,,,1.27,1.91444,6362.0,47.863009232263806,15.3322,45
200546827,,,0.616448,0.635902,3171.0,6.472071048534783,15.8106,45
50582904,,,0.71,1.11322,4520.0,10.455423765238097,13.4597,45
118789927,,,0.503062,0.505088,3237.0,35.481338923357534,15.7513,45
43078070,,,0.40587,0.412815,3257.0,22.387211385683376,16.2161,45
79435146,,,0.91,1.03029,5281.0,25.118864315095824,14.2293,45
1641226574,,,1.01,1.43296,5666.0,38.904514499428046,15.0611,45
388918141,,,0.73,1.24303,4629.0,7.952522385636527,14.9661,45
300823757,,,1.19,2.13055,6199.0,43.65158322401656,16.373,45
427454821,,,1.23,3.61787,6287.0,5.057167737248846,11.6615,45
395960480,,,1.49,2.77747,6859.0,42.65795188015926,14.6169,45
111354511,,,1.23,1.23979,6289.0,7.413102413009177,15.7406,45
358583046,,,0.63,1.26316,4050.0,7.585775750291836,14.3015,45
459989525,,,0.99,1.8308,5591.0,11.233913009016332,11.4136,45
464840072,,,0.559579,0.566181,3155.0,11.710197218220753,15.6854,45
457230707,,,0.472232,0.474436,3217.0,13.70639813681882,16.2274,45
425786918,,,1.36,2.23784,6568.0,21.379620895022324,14.1617,45
385887034,,,0.581236,0.591667,3171.0,7.585775750291836,16.2961,45
220250189,,,1.01,2.33958,5666.0,2.5118864315095824,14.2029,45
269117403,,,0.596871,0.610873,3242.0,6.94286776337969,15.2482,45
174918322,,,1.19,1.32186,6210.0,34.673685045253166,14.6191,45
427454991,,,0.43,0.865771,3442.0,6.617863902650044,15.1662,45
1640404969,,,0.99,1.10603,5608.0,15.13561248436207,15.4101,45
50897664,,,0.74,1.39589,4639.0,14.243621398585304,12.5844,45
264485472,,,1.48,1.46274,6847.0,5.141413468610359,9.6224,45
220338564,,,1.11,1.1834,6010.0,2.5118864315095824,15.456,45
50793204,,,0.479368,0.481393,3139.0,12.934502958512557,16.3856,45
284199380,,,0.51,0.936891,3607.0,14.866989226670803,15.094,45
178791369,,,1.23,2.57762,6289.0,45.70881896148752,16.099,45
63729697,,,0.75,1.02463,4707.0,23.988329190194897,14.7579,45
50748823,,,0.52,1.25791,3615.0,6.0,14.6402,45
427353173,0.010962432422948075,0.012821395526048256,0.600695,0.615677,3274.0,11.165164426061654,16.0717,45
50529024,,,1.14,1.55297,6094.78,7.464766042435684,11.8806,45
119853064,,,0.717,0.693149,4551.0,34.673685045253166,13.7637,45
118372708,,,1.3,1.70524,6435.0,45.70881896148752,14.2321,45
52813882,,,1.24,1.93231,6298.0,47.863009232263806,14.7827,45
79541989,,,1.11,1.11957,6022.0,25.118864315095824,13.5274,45
1742561485,,,0.98,1.85344,5568.0,21.379620895022324,14.7389,45
389829198,,,0.94,0.766892,5407.0,34.673685045253166,13.6886,45
199889829,,,0.535472,0.539237,3153.0,9.003923724300634,16.1648,45
177009730,,,0.64,1.12923,4106.0,6.165950018614822,16.1088,45
388917917,,,0.460236,0.462912,3074.0,2.0,16.9445,45
50620108,0.010140647098447085,0.00857411956469618,0.621,1.20058,3979.0,7.726916447976015,13.7793,45
18780104,,,1.14,1.59872,6087.0,21.87761623949552,12.4165,45
156143882,,,0.57,1.23453,3766.0,6.781592872454551,14.0429,45
138828497,,,0.518951,0.521556,3326.0,4.897788193684466,15.358,45
220218045,,,1.01,1.27468,5697.0,26.915348039269137,14.6116,45
50619443,,,1.28,1.65265,6386.0,9.375963728469433,10.8777,45
180305075,,,1.25,1.76636,6328.0,47.863009232263806,16.3232,45
427374359,,,0.37,1.00836,3345.0,12.63371728598928,15.0978,45
50744870,,,0.5,1.05337,3576.0,10.806892649048333,14.7815,45
50742882,,,0.95,1.56459,5443.81,12.669875454287958,11.8882,45
177927711,,,0.8,0.740088,4893.0,34.673685045253166,14.5882,45
178332362,,,1.23,1.10562,6288.0,34.673685045253166,12.5363,45
50663249,,,0.568457,0.576476,2966.0,9.0,16.1888,45
229290803,,,1.19,1.66632,6200.0,32.35936569296281,14.5623,45
427458147,,,0.501731,0.503731,3140.0,5.274009886350457,15.9367,45
427374957,,,0.58,1.06434,3791.0,13.306823466197894,14.6966,45
80039408,,,1.29,1.20168,6414.0,25.118864315095824,13.2626,45
11289895,,,1.21,1.5561,6240.96,4.897788193684466,11.6058,45
50658296,,,0.53,1.26403,3639.0,8.30092923508336,14.7716,45
182328155,,,1.42,3.18869,6708.0,39.81071705534969,15.2949,45
80045858,,,0.67,1.26976,4258.0,25.118864315095824,14.8841,45
220063545,,,0.432112,0.436613,3472.0,4.897788193684466,15.7084,45
180253848,,,1.49,2.15629,6882.0,47.863009232263806,15.8273,45
182334102,,,1.24,1.23941,6298.0,39.81071705534969,14.9619,45
178326669,,,1.08,0.926589,5925.0,23.442288153199225,15.9428,45
388917927,,,1.17,2.33519,6164.62,11.69676908022551,11.054,45
436161142,,,0.638552,0.665408,3210.0,11.80094491235326,15.7291,45
177276534,,,1.16,1.59,6125.0,6.165950018614822,14.528,45
78825152,,,1.35,1.40387,6547.0,25.118864315095824,13.0369,45
35166759,,,1.03,1.3586,5769.0,22.90867652767775,14.7146,45
50720133,,,0.610879,0.628673,3248.0,5.676283691724161,15.7645,45
200541827,,,0.410136,0.416643,2997.0,5.0,17.09,45
359889402,,,0.53,0.872327,3661.0,7.585775750291836,15.7509,45
207049882,,,1.12,1.0709,6030.0,32.35936569296281,16.3703,45
138937891,,,1.1,1.75065,5992.73,4.897788193684466,11.6775,45
220249921,,,1.05,1.25613,5826.0,2.5118864315095824,15.1442,45
264484631,,,1.23,2.02205,6285.0,14.036531516601766,10.2267,45
125644091,,,0.64,1.36295,4091.0,6.165950018614822,15.7256,45
436338797,,,0.564024,0.571309,2923.0,14.0,16.0079,45
50722251,,,0.585026,0.596259,3058.0,8.706560394475282,15.8687,45
427351803,,,0.62,0.979111,3990.0,9.132747456119215,15.2305,45
36101073,,,0.551838,0.557373,3360.0,25.0,15.0594,45
115697339,,,1.0,2.39475,5625.0,41.68693834703355,15.4274,45
388918058,,,0.536053,0.539871,3172.0,13.637927390455571,15.809,45
177522743,,,1.2,0.997622,6227.0,23.442288153199225,16.2661,45
427374758,,,1.07,1.4445,5897.0,13.14937170468933,12.2203,45
11200475,,,1.21,1.66467,6242.64,14.643153814120756,12.7355,45
220073712,,,0.481824,0.483806,3023.0,7.812587833485872,16.3263,45
124326479,,,0.575081,0.584294,3184.0,25.0,15.1097,45
53900371,,,0.69,1.08854,4419.0,25.118864315095824,15.1126,45
163861192,,,1.49,1.98391,6867.0,45.70881896148752,14.3066,45
427395797,,,0.58698,0.598643,3516.0,8.86389606340298,15.9477,45
427454091,,,0.578606,0.588504,3189.0,5.127731092735545,16.0592,45
50747283,,,0.471453,0.473682,3410.0,7.473658320969465,16.5271,45
427374316,,,0.470839,0.473088,3163.0,8.40904945437795,16.3718,45
433349566,,,1.01,2.41484,5699.0,13.80384264602884,14.5522,45
264631088,,,1.21,1.56253,6241.84,9.898335946539351,11.2397,45
61168282,,,0.82,1.43891,4980.0,11.748975549395302,14.3692,45
50787550,,,0.82,1.49052,4962.0,5.832869196583505,12.3657,45
11295819,,,0.385977,0.395135,3287.0,7.434897185978111,17.4106,45
43011621,,,0.885,1.25054,5206.0,5.754399373371567,13.0255,45
50620562,,,0.555106,0.561072,3127.0,11.522763924560207,15.9202,45
283199780,0.008574025094745724,0.008701615618395126,0.533046,0.536604,3202.0,25.0,15.3848,45
138904502,,,0.487523,0.489441,3119.0,9.0,16.2282,45
1652701003,,,1.05,1.19883,5823.0,20.417379446695275,16.392,45
225771191,,,0.84,1.66883,5055.0,6.606934480075965,14.6759,45
427347958,,,0.499325,0.501286,3124.0,6.4399161481781375,16.2878,45
264484131,,,0.539362,0.54349,3282.0,7.026735664691569,15.5759,45
300825971,,,1.32,2.25631,6473.0,44.668359215096345,14.4044,45
369167244,,,0.649742,0.680788,3014.0,7.585775750291836,16.3206,45
451929717,,,1.25,3.13921,6321.0,11.481536214968818,15.0766,45
177790233,,,0.96,1.71629,5465.0,23.442288153199225,15.9594,45
185801473,,,1.46,1.44211,6787.0,38.904514499428046,13.9888,45
144666794,,,0.526363,0.529415,3259.0,12.165935284142162,16.9177,45
42230323,,,1.213,1.26844,6249.13,22.387211385683376,11.2035,45
290174208,,,0.479,0.922588,3538.0,7.199247817840735,15.1244,45
264543300,,,0.406312,0.413211,3250.0,8.119198245723364,16.947,45
4200586,,,0.652208,0.684211,3342.0,14.93318951053944,14.7767,45
125497502,,,1.14,1.87187,6093.0,6.165950018614822,14.898,45
50794053,,,0.603548,0.619289,3199.0,7.627419561046077,15.9678,45
427349220,,,0.43,0.909379,3441.0,14.826065550544262,14.7036,45
177323628,,,1.2,1.78929,6214.0,47.863009232263806,14.8674,45
264620882,,,1.02,0.995886,5737.0,5.088156232822113,15.5612,45
276661634,,,0.58,0.846279,3785.0,10.133639893872957,15.2111,45
264461971,,,0.65,1.37798,4122.0,10.760882383587848,12.9445,45
217826695,,,1.2,1.97985,6230.0,35.481338923357534,15.7425,45
116965184,,,1.49,1.75411,6881.0,35.481338923357534,15.0113,45
177094702,,,1.11,1.52046,6003.0,9.332543007969903,15.9644,45
72486767,,,0.98,1.77704,5557.0,8.51138038202376,13.6788,45
177279993,,,1.41,1.96332,6663.0,6.165950018614822,12.8398,45
162953935,,,1.43,2.34921,6724.0,22.387211385683376,15.6405,45
50747267,,,0.461952,0.464547,3136.0,9.806006266183369,16.4843,45
427376425,,,0.552742,0.558393,3327.0,8.570956717753488,15.9896,45
177859779,0.00916851717700364,0.008612770760484,0.645,0.660757,4124.0,34.673685045253166,14.8877,45
116950816,,,0.98,0.940456,5563.0,40.7380277804113,15.3517,45
427393375,,,0.65,1.08942,4145.0,6.8587362363802455,14.5548,45
464838754,,,0.663768,0.700392,3116.0,11.426036768434365,15.0771,45
264540134,,,0.435156,0.439415,3049.0,9.0,16.3568,45
388917647,,,0.507721,0.509866,3023.0,11.670042111272764,16.2803,45
50624153,,,0.69,1.22265,4382.0,7.817377036353847,13.2446,45
131649766,,,1.22,1.87358,6271.0,28.84031503126605,14.8165,45
177273119,,,1.18,1.63553,6177.0,47.863009232263806,14.6595,45
185157865,0.007076860118672593,0.0065941441214065165,1.23,4.72497,6293.0,38.01893963205613,14.8262,45
35233279,,,0.601413,0.616584,3235.0,35.481338923357534,14.7074,45
180125176,,,1.03,2.45333,5747.0,32.35936569296281,15.6111,45
427454838,,,1.08,0.956059,5911.0,12.930873740931258,11.611,45
395879524,,,1.05,1.95109,5828.0,42.65795188015926,15.8183,45
4256427,,,0.639064,0.666105,3178.0,7.657651316632013,15.3678,45
4206238,,,1.333,2.34456,6503.0,6.6481592848900775,9.89635,45
50792068,,,0.778,1.19086,4807.0,12.135991112967536,13.0563,45
332919383,,,0.91,1.79401,5278.0,7.01266184288511,12.0497,45
177099504,,,1.04,1.62759,5789.0,19.952623149688787,16.0682,45
143177720,,,0.99,1.23289,5583.0,8.51138038202376,13.8767,45
264682672,,,0.67,0.957986,4313.0,13.847962898460317,13.5795,45
50625021,0.012931796725118051,0.017159868024156137,0.446844,0.450272,3406.0,11.36892308243909,16.5731,45
142401153,,,0.633,0.836934,4050.0,35.481338923357534,12.7155,45
427334117,,,0.57337,0.582262,4212.0,7.36179919601282,15.757,45
177121175,,,1.05,1.89815,5842.0,23.442288153199225,14.9242,45
115699677,0.006815566426627712,0.006232314381025047,1.07,2.12553,5889.0,41.68693834703355,14.6739,45
427375213,,,0.423513,0.428746,2979.0,6.0,16.7366,45
357705058,,,0.358667,0.371216,3382.0,7.585775750291836,16.6972,45
42760976,,,0.538095,0.542101,3263.0,22.387211385683376,15.5202,45
432634650,,,0.98,1.32698,5550.0,20.417379446695275,15.165,45
332856354,,,0.470754,0.473006,3093.0,8.269626566622712,16.9584,45
11290453,,,1.25,1.1279,6339.0,4.897788193684466,11.891,45
50524437,,,1.2,1.91805,6211.26,8.587033512470637,11.4178,45
427451128,,,0.580522,0.590806,4211.0,16.595869074375596,16.5087,45
204329824,,,1.3,2.04418,6427.0,19.952623149688787,14.8518,45
176709315,,,1.03,2.44068,5771.0,15.13561248436207,14.8931,45
427349677,,,0.52,0.757555,3628.0,10.311340328014424,15.6689,45
118126426,,,0.96,1.55472,5473.0,47.863009232263806,14.8649,45
284158090,,,0.52,1.1996,3636.0,14.0,14.3136,45
332856307,,,0.7,1.41669,4447.0,10.41401431341827,12.5756,45
50788620,,,0.532,0.988894,3656.0,8.02166580134123,14.4736,45
712795381,,,0.43,0.942291,3444.0,9.0,14.4876,45
427393173,,,0.654433,0.68731,3318.0,9.13384789591172,15.4069,45
178641482,,,0.508338,0.510501,3701.0,34.673685045253166,16.5085,45
199821680,,,0.488555,0.490467,3311.0,4.897788193684466,16.2381,45
427397471,,,0.664564,0.701514,3256.0,7.549473786734366,15.0532,45
332975486,,,1.33,1.25544,6496.0,4.897788193684466,11.7746,45
368539624,,,0.56,1.14148,3721.0,7.585775750291836,15.0547,45
4294907,,,0.482252,0.484227,3142.0,14.361797943790116,15.4384,45
125643075,,,0.99,1.30766,5610.0,6.165950018614822,14.5214,45
427352693,,,0.394474,0.402654,3270.0,8.195221845980047,16.7415,45
42827689,,,0.484775,0.486716,3253.0,22.387211385683376,15.7548,45
306090724,,,1.02,1.54154,5732.0,20.417379446695275,14.6014,45
44114173,,,0.86,1.17987,5105.0,5.754399373371567,13.9488,45
427352275,,,0.551503,0.556995,3099.0,14.803505864325611,16.3959,45
4159741,,,0.586173,0.597658,3302.0,9.214823937339004,15.3151,45
432858725,,,1.09,1.98442,5959.0,47.863009232263806,15.9483,45
427373531,,,0.92,1.69964,5331.0,8.49546276678457,13.2442,45
179166419,,,1.23,2.50379,6297.0,18.197008586099827,15.1981,45
49084912,,,0.517151,0.519665,3332.0,32.35936569296281,16.5266,45
52488911,,,0.537456,0.541402,3055.0,22.387211385683376,15.7445,45
359615594,,,0.88,0.977336,5194.0,7.585775750291836,15.6436,45
11457304,,,0.527636,0.530777,3177.0,5.0,16.4275,45
177279888,,,1.03,0.83893,5756.0,34.673685045253166,13.6362,45
425343096,,,0.87,0.896816,5162.0,21.379620895022324,16.1016,45
433123842,,,0.96,1.2858,5467.0,41.68693834703355,15.7267,45
199780029,,,0.662992,0.699301,3252.0,13.550234176405962,15.1702,45
11286360,,,0.342923,0.357547,3348.0,10.02788567999464,17.1619,45
332856889,,,0.650026,0.681181,3717.0,4.897788193684466,16.0179,45
53592852,,,0.919,0.724366,5328.0,34.673685045253166,14.4456,45
120614639,,,0.629359,0.652984,3544.0,22.387211385683376,14.8665,45
276661631,,,0.58,1.15182,3790.0,6.294745745142885,14.0603,45
323348769,,,0.61,1.00098,3943.0,11.749146669384348,14.5168,45
102707287,,,1.06,2.03302,5869.0,22.387211385683376,15.0356,45
449428327,,,0.621349,0.642335,3156.0,13.691705061795586,15.0833,45
50618589,,,0.61,1.13151,3923.0,10.621272473914535,13.6407,45
156429859,,,0.430353,0.434997,3203.0,22.387211385683376,15.3937,45
138899266,0.01283780317037959,0.007386569376771369,1.14,1.12794,6089.39,6.313232988573371,12.8176,45
427453516,,,0.6,0.940189,3872.0,9.765701649524228,14.5199,45
156144747,,,0.631064,0.655272,3125.0,9.018158633296007,15.7026,45
200592437,0.004608119206241438,0.0005179780036297082,1.16,3.84629,6142.0,12.902181494481493,9.3411,45
119232511,,,0.650217,0.681446,3412.0,34.673685045253166,15.2823,45
156187612,,,0.61,1.22415,3942.0,11.57756092420232,14.547,45
1852671714,,,0.57,1.09673,3781.0,7.585775750291836,15.8798,45
269117374,,,0.83,1.10237,5016.0,10.950350917094314,12.4566,45
50723715,,,1.34,3.60056,6521.0,4.897788193684466,8.9967,45
264484400,,,0.530131,0.533455,3306.0,13.858300981582618,16.0027,45
1852642448,,,0.618,1.08767,3967.0,7.585775750291836,14.9018,45
50661991,,,0.519855,0.522509,3159.0,6.0,15.8763,45
163858793,,,1.16,1.98744,6132.0,38.01893963205613,15.2022,45
165922936,,,1.48,1.82716,6854.0,41.68693834703355,13.5518,45
427393178,,,0.487189,0.489109,3425.0,12.316836118351963,16.4204,45
180322549,,,0.96,1.4413,5472.0,45.70881896148752,15.4999,45
220185278,,,0.54,1.16828,3679.0,2.5118864315095824,15.0182,45
178570219,,,0.8,0.710616,4893.0,34.673685045253166,14.5425,45
103596967,,,1.19,2.22067,6203.0,7.413102413009177,15.6407,45
53743780,,,0.57,0.856578,3758.0,25.118864315095824,16.4249,45
388917766,,,0.596722,0.610688,3036.0,9.761128753043682,15.9197,45
138855456,,,1.09,1.53172,5951.67,13.615488941724132,11.1401,45
359891523,,,0.77,1.17471,4796.0,7.585775750291836,14.3588,45
433161381,,,1.48,1.68273,6838.0,35.481338923357534,15.4841,45
385887029,,,0.543384,0.547924,2920.0,7.585775750291836,16.7436,45
177925720,,,0.95,0.81444,5453.0,34.673685045253166,13.8054,45
436100731,,,0.620969,0.641833,3337.0,8.730122252214308,15.6225,45
264630157,,,0.516321,0.518795,3174.0,7.2094484778403185,15.8585,45
436243744,,,0.99,2.03597,5587.64,12.233731662807555,12.7889,45
220323111,,,0.78,1.52733,4836.0,2.5118864315095824,13.5808,45
177185887,,,0.97,2.00212,5522.0,15.13561248436207,15.3658,45
35949530,,,0.417271,0.423079,3172.0,25.0,15.9532,45
436103736,,,0.704,1.01398,4485.0,9.824092517922498,12.9008,45
427454863,,,0.372469,0.383263,3253.0,12.550738973471203,17.54,45
276661867,,,0.62,1.24435,3986.0,8.65172772262817,13.498,45
427454835,0.00470740262969101,0.004015039783462375,1.2,1.95016,6228.0,7.1297101463691686,13.9132,45
97573345,,,1.36,1.11493,6563.08,46.77351412871982,13.2503,45
184633369,,,0.92,1.9085,5327.0,4.073802778041131,14.221,45
1784808744,,,1.26,1.9051,6360.0,45.70881896148752,16.1249,45
220215166,,,0.88,1.08788,5198.0,26.915348039269137,15.3416,45
388850586,,,1.25,1.39747,6338.3,10.132077438698117,10.0928,45
385889367,,,0.57,0.944356,3778.0,7.585775750291836,15.4966,45
284284126,,,0.52,0.773094,3628.0,5.702726041074135,15.2178,45
115376079,,,1.01,2.41037,5664.0,12.30268770812381,15.0285,45
264683181,,,0.628903,0.652374,3355.0,5.421949604580245,15.3276,45
178255445,,,0.553825,0.559619,3560.0,34.673685045253166,16.3009,45
229278567,,,0.97,1.08462,5531.0,32.35936569296281,16.056,45
264485426,,,0.593917,0.607192,3083.0,11.0,15.3791,45
200478350,,,0.64,1.30928,4066.0,5.663020607296327,13.6494,45
433125999,,,1.32,1.84581,6469.0,47.863009232263806,14.1798,45
436156620,,,0.613946,0.632643,3149.0,14.0,15.9625,45
220055091,,,1.34,3.20762,6528.0,11.257767292701075,11.4661,45
413918677,,,0.613,0.966489,3942.0,21.87761623949552,14.5892,45
133823766,,,0.584859,0.596055,3039.0,5.754399373371567,16.4323,45
116819159,,,1.47,1.64966,6826.0,41.68693834703355,14.5446,45
125261617,,,1.11,2.09735,6000.0,23.442288153199225,14.9826,45
229289065,0.005150648891707332,0.004451823518002485,1.11,1.69416,6005.0,26.915348039269137,14.0941,45
435581204,,,0.68,1.04914,4331.0,42.65795188015926,16.2733,45
11286283,,,0.158386,0.189119,3702.0,11.44519332676459,17.544,45
427334498,,,0.291292,0.312816,3365.0,2.0,13.7223,45
388918049,,,0.52,1.17752,3620.0,8.168917171383509,15.2291,45
427454277,,,0.560093,0.566771,3081.0,12.430116614967336,16.1147,45
229295659,,,1.11,1.34632,6005.0,32.35936569296281,14.3138,45
360030010,,,0.46499,0.467455,3159.0,7.585775750291836,17.0971,45
388850749,,,0.648713,0.679363,3336.0,14.158605316506591,15.0756,45
427460482,,,0.647779,0.678071,3194.0,14.503024948606862,15.4467,45
269118686,,,0.463867,0.466379,3387.0,5.965882209991515,15.8149,45
207044832,,,0.62,1.16569,3972.0,2.5118864315095824,14.7886,45
427398750,,,0.69,0.935194,4395.0,7.61558371223484,14.1078,45
72882198,,,0.585588,0.596944,3333.0,9.388699900000326,15.1811,45
19581238,,,1.18,1.13968,6168.0,21.87761623949552,12.984,45
229230850,,,0.629339,0.652958,3663.0,46.77351412871982,15.6258,45
182397319,,,1.17,2.06233,6163.0,6.606934480075965,14.9984,45
1765931751,,,1.14,1.15662,6095.0,43.65158322401656,15.5766,45
177986166,,,1.09,0.762182,5962.0,23.442288153199225,16.2962,45
117849969,0.009337733607847775,0.009766987583236126,1.03,2.01892,5757.0,41.68693834703355,15.5486,45
388917845,,,1.29,1.22665,6408.0,6.435197408139043,14.8825,45
207045373,,,0.5,1.01808,3589.0,19.05460717963248,15.9861,45
37486556,,,0.260896,0.28615,3265.0,22.387211385683376,15.5617,45
201368907,,,0.661082,0.696616,3377.0,9.466153845727476,15.1139,45
264594467,,,0.646261,0.675976,3198.0,5.933591010869408,14.9739,45
11295945,,,0.504936,0.507005,3402.0,6.664574658648009,15.4168,45
427352986,,,0.624073,0.645937,3570.0,2.0,16.5108,45
284200887,,,0.62,0.756953,3977.0,5.569331470508797,14.8077,45
459991112,,,1.27,2.09211,6378.73,10.622790442214876,10.0784,45
119070118,,,0.87,0.80803,5167.0,25.703957827688647,15.2909,45
413576557,,,1.38,1.2359,6600.0,20.417379446695275,15.099,45
457231849,,,0.696,0.945633,4446.0,10.042875061367535,12.3278,45
1640454075,,,1.01,1.29589,5695.0,15.13561248436207,15.8489,45
59468137,0.01093632512525617,0.012452987967190033,0.59,1.25543,3859.0,46.77351412871982,15.9554,45
124500633,,,0.56,1.10102,3730.0,15.848931924611142,16.291,45
264541275,,,0.284163,0.306601,2986.0,9.260994738211084,17.8259,45
264459405,,,0.435203,0.439459,3221.0,8.769976346991733,16.5743,45
50794119,,,0.588334,0.600301,3076.0,4.897788193684466,15.7746,45
360066473,,,1.346,1.05973,6531.0,33.88441561392027,10.7201,45
457249551,,,0.636133,0.662119,3212.0,8.669520065112028,15.134,45
116954833,,,0.76,1.13543,4756.0,40.7380277804113,15.6595,45
388918111,,,1.33,1.29143,6503.0,6.501453152423659,10.0071,45
427458881,,,0.550248,0.555582,3260.0,7.098166129569645,16.0753,45
144545913,,,0.57,1.19586,3761.0,6.401444202391266,14.418,45
264483826,,,0.536784,0.540668,2897.0,11.570416914670467,15.5917,45
177132172,,,1.04,1.7408,5795.0,23.442288153199225,16.1831,45
11283171,,,0.59,1.03323,3824.0,7.071612210233046,14.1583,45
50587860,,,0.596532,0.61045,2953.0,4.897788193684466,15.9319,45
50793397,,,0.77,1.20986,4780.0,8.036512854397804,14.2427,45
220322188,,,0.37,1.17628,3345.0,2.5118864315095824,15.8423,45
284158339,0.02421923397147912,0.024318784157691876,0.661232,0.696826,3186.0,8.215122709807293,15.3236,45
50724108,,,0.531261,0.534674,3487.0,11.604794117232842,13.7213,45
4379257,,,0.361595,0.373766,3005.0,7.458556253128027,15.228,45
276662733,,,1.1,2.88966,5989.55,6.243767601578512,12.3117,45
1772598877,,,0.73,0.776392,4597.0,21.87761623949552,15.5175,45
220187782,,,1.12,1.44927,6023.0,26.915348039269137,14.2248,45
116948192,,,1.08,1.64647,5935.0,40.7380277804113,13.8834,45
264484647,,,0.62,0.803024,4000.0,8.011749100531059,14.6142,45
176704167,,,1.06,2.18363,5859.0,40.7380277804113,15.4716,45
177325415,,,1.09,2.05916,5967.0,30.90295432513592,15.8516,45
432346458,,,0.92,1.13852,5344.0,41.68693834703355,15.9631,45
385777664,,,0.45,1.18211,3486.0,7.585775750291836,15.71,45
177929607,,,1.15,1.28348,6105.0,23.442288153199225,15.94,45
427352766,,,0.654115,0.686866,3623.0,12.141080795322976,14.9202,45
144666533,,,1.0,2.24688,5642.0,8.08961030268752,10.9922,45
79296716,,,0.6,0.956481,3865.0,25.118864315095824,15.8174,45
50790199,,,1.32,1.61257,6484.08,7.221200853405092,11.06,45
50743387,,,0.580631,0.590937,3256.0,14.337223601032392,15.5499,45
207045406,,,0.34,1.04949,3308.0,19.05460717963248,16.4317,45
220062920,,,0.506729,0.508845,3159.0,8.866569531144744,16.0384,45
306219543,,,1.1,1.71974,5974.0,42.65795188015926,13.5753,45
436013522,,,0.587,1.09156,3828.0,6.364036763290199,14.3815,45
413577210,,,1.32,4.54878,6472.0,20.417379446695275,14.8972,45
459990874,,,0.35,0.999678,3318.0,11.713518539219944,14.8395,45
180078851,,,1.35,3.49474,6546.0,45.70881896148752,14.5977,45
284158237,,,0.622376,0.64369,3164.0,14.559900544125608,15.8405,45
264682458,,,0.511593,0.513868,3078.0,14.51274330559605,16.056,45
388851066,,,0.337908,0.353203,3044.0,10.775845274829493,17.643,45
115833968,,,1.43,4.16548,6725.0,15.13561248436207,12.6223,45
457231332,,,0.54,1.03026,3676.0,13.578724903799335,14.2199,45
427396492,,,0.668817,0.707516,3495.0,5.913635064225016,15.0393,45
264543492,,,0.480239,0.482247,3204.0,7.608933615193415,16.2063,45
138937774,,,1.48,1.93976,6848.54,4.897788193684466,11.0527,45
220186586,,,0.95,1.30245,5457.0,26.915348039269137,14.4059,45
427379467,,,0.659608,0.694547,3264.0,8.266855243958254,15.2196,45
151474095,,,0.63,1.31702,4027.0,46.77351412871982,16.0479,45
398065088,,,0.88,0.976608,5171.0,21.87761623949552,15.1567,45
72831455,,,0.644442,0.67347,3476.0,4.897788193684466,14.5242,45
204250763,,,0.98,1.4665,5553.0,41.68693834703355,15.2982,45
168114429,,,0.422297,0.427639,3168.0,22.387211385683376,15.7943,45
177787195,,,1.09,1.11911,5951.0,23.442288153199225,16.6206,45
4206355,,,1.41,1.58841,6672.31,8.472405627491941,11.6171,45
459991205,,,0.77,1.28688,4796.0,13.806055484407976,12.2635,45
50727279,,,0.610857,0.628643,3055.0,7.035708566738675,15.9754,45
174918436,0.013856157023454779,0.016085215988675662,0.97,2.39586,5515.0,39.81071705534969,16.0397,45
119231494,0.011442812066296685,0.012552777601199288,0.62,1.04209,3991.0,11.748975549395302,15.7849,45
388935514,,,0.547755,0.552788,3355.0,2.0,17.1616,45
11402199,,,0.517882,0.520433,3402.0,5.041503101247892,16.3919,45
35488490,,,0.491603,0.493508,3269.0,35.481338923357534,14.5045,45
50790313,,,0.76,1.46808,4742.0,9.526215920894115,12.5886,45
4160465,,,0.67,1.19927,4296.34,7.983089556302309,13.0879,45
220240179,,,0.96,1.3394,5467.0,26.915348039269137,14.7544,45
427334492,,,0.605846,0.622213,3015.0,10.635819968276916,15.9577,45
390700766,,,0.618405,0.638463,3805.0,16.98243652461746,16.5573,45
162720041,,,1.07,1.78178,5898.0,38.904514499428046,14.8955,45
50792756,0.004907152497525685,0.0013415090006361832,1.02,1.09559,5720.7,7.801141738762628,11.2564,45
50529590,,,0.69,1.41068,4429.69,14.23879739550009,12.6268,45
220156162,,,0.74,1.23813,4669.0,26.915348039269137,15.458,45
457231981,,,0.6,1.0651,3874.0,12.827625835769773,13.7463,45
220120924,,,0.89,0.840955,5240.0,32.35936569296281,15.5878,45
176632015,,,1.47,1.81023,6822.0,20.417379446695275,14.7705,45
11200204,,,0.639509,0.666712,3008.0,10.822554968034394,15.7661,45
204474438,,,1.0,1.92263,5620.0,20.417379446695275,14.9032,45
220069246,,,0.505568,0.507652,3228.0,6.8993222500543325,16.1824,45
388917798,,,0.457271,0.460093,3130.0,7.263951540960628,16.4672,45
144546596,0.010434993509233378,0.010535152054558988,0.606416,0.622941,3193.0,7.428294034305595,15.3551,45
50620634,,,0.610871,0.628662,3121.0,11.68338827711501,15.2656,45
427373502,,,0.97,1.50193,5510.0,12.344586236118342,15.9629,45
427395646,,,0.643815,0.672609,3430.0,10.194368469058055,16.0263,45
229383674,,,0.95,0.96004,5443.0,32.35936569296281,15.4843,45
174400386,,,1.14,1.65248,6073.0,34.673685045253166,16.0268,45
200640092,,,0.629,1.26696,4027.0,12.22598806588032,11.677,45
457231898,,,0.496837,0.498768,2937.0,12.232487471896938,16.2361,45
1650889941,,,1.28,1.82547,6388.0,15.13561248436207,14.3843,45
359953834,,,1.48,1.8383,6833.0,25.118864315095824,16.1863,45
432325931,,,1.27,2.8264,6373.0,15.13561248436207,14.321,45
359953711,,,1.48,2.99222,6854.0,25.118864315095824,16.1739,45
427373669,,,0.67,1.39076,4309.0,6.0,14.1945,45
144546754,,,0.636561,0.6627,3418.0,10.97936608656733,15.1281,45
115701739,,,1.36,2.30344,6568.0,41.68693834703355,15.6276,45
11414410,,,0.86,1.59808,5100.89,13.126017582629393,11.3609,45
264459910,,,0.354822,0.367872,3235.0,9.0,16.8854,45
426368091,,,1.19,2.12594,6208.0,21.379620895022324,14.6723,45
138941881,,,0.496484,0.498412,3148.0,13.857245289413024,15.9296,45
299815233,,,1.08,1.78001,5914.0,44.668359215096345,15.2776,45
50722870,,,0.97,1.19366,5526.79,13.06466479764843,12.806,45
50747590,,,0.39979,0.407382,3146.0,13.968343001548888,17.0828,45
427396822,,,0.45,0.935953,3476.0,14.825543135908074,14.9334,45
413577747,0.009461348205381262,0.008500670692438036,1.29,2.76541,6415.0,43.65158322401656,14.5163,45
4255074,,,0.589373,0.601577,3154.0,11.0,15.4978,45
18963735,,,1.484,1.46677,6854.0,21.87761623949552,11.8209,45
276662212,,,0.85,0.591662,5088.0,13.951596217484989,17.875,45
427396947,,,1.09,2.58323,5951.0,7.545399172080037,12.1258,45
61399464,,,1.238,1.23469,6304.0,35.481338923357534,9.54527,45
427334245,,,1.0,1.51262,5630.0,10.663268638737918,14.8663,45
427379242,,,1.26,3.35035,6351.76,8.242889431509074,9.3282,45
53900672,,,0.61841,0.638468,3541.0,32.35936569296281,15.4655,45
407699489,,,0.458461,0.461223,3196.0,35.481338923357534,15.6231,45
50792568,,,0.580789,0.591128,2950.0,10.041277237255196,16.1401,45
42434304,,,0.63,0.867607,4017.0,22.387211385683376,13.901,45
432879813,,,0.83,0.9527,5014.0,5.754399373371567,15.0975,45
427453908,0.011372439885145004,0.012905366781206006,0.35,0.643867,3318.0,10.512450750536722,15.9402,45
427373616,,,0.619067,0.639331,3300.0,4.897788193684466,16.0481,45
276661881,,,1.14,1.46057,6079.21,14.990741832402216,11.5396,45
284158686,,,0.58,1.08643,3792.0,8.435258752774779,14.3489,45
427374513,,,0.72,0.994187,4557.0,7.732794657506065,12.4521,45
11361064,,,0.607875,0.624808,3189.0,13.9112695202004,15.5879,45
172997183,,,0.583307,0.594171,3273.0,32.35936569296281,15.5667,45
407705071,,,0.36217,0.374267,3040.0,22.387211385683376,16.246,45
427351451,,,0.572422,0.581141,3097.0,8.274096403184007,15.7317,45
407405129,,,1.16,3.89791,6142.0,15.848931924611142,16.0176,45
332856834,0.013201915003367344,0.016330232929351863,0.584466,0.595578,3120.0,11.39753194704251,16.3022,45
231145841,,,0.73,1.36472,4621.0,2.5118864315095824,15.5145,45
177119842,0.009051047124451596,0.009141590689995547,1.14,2.42195,6092.0,30.90295432513592,15.3574,45
1641323815,,,0.93,2.29074,5359.0,7.585775750291836,15.3126,45
427353112,,,0.357101,0.369853,3753.0,4.897788193684466,16.7608,45
138857196,,,0.653179,0.685562,3433.0,12.38903747241799,14.712,45
124016809,,,0.477699,0.479759,3285.0,25.0,15.7317,45
72211075,,,0.68,1.15078,4354.0,8.51138038202376,15.5508,45
423960523,0.012128062389296293,0.013140491484063205,0.93,1.81247,5372.0,38.904514499428046,15.7256,45
284998020,,,0.620031,0.640598,3116.0,7.87167360545317,15.8808,45
436099200,,,0.643327,0.671939,3388.0,10.112896703088676,15.6101,45
177125533,0.009149491569619347,0.009241826899813918,1.02,1.50509,5718.0,6.165950018614822,15.3579,45
264741888,,,0.94,1.13288,5411.0,7.199120992406933,12.3355,45
50788287,,,0.5,0.891623,3571.0,12.780931173488096,15.0401,45
388851011,,,0.640548,0.668131,3117.0,6.617771612004955,15.3367,45
148508162,,,1.34,1.9963,6510.0,6.165950018614822,13.1679,45
427392195,,,0.61,1.31947,3903.0,7.923878100899064,13.8872,45
427395980,,,0.617097,0.636749,3202.0,12.024200334666292,15.4818,45
359606649,,,0.52,0.849155,3621.0,7.585775750291836,15.6304,45
50583857,,,0.507887,0.510037,3175.0,8.270216936083834,15.807,45
388917899,,,0.62,0.946088,3982.0,5.624072533646913,14.9737,45
138859411,,,0.49,0.898958,3565.0,10.16009395823533,14.6604,45
117333482,,,0.82,1.11175,4984.0,47.863009232263806,15.8665,45
309795635,,,0.564,1.00904,3749.0,7.797688357284267,14.6779,45
464838528,,,0.63375,0.658893,3347.0,10.727311271340362,15.0575,45
116482019,,,1.46,4.10856,6793.0,38.01893963205613,13.5828,45
385303105,,,0.648439,0.678984,3086.0,7.585775750291836,16.0141,45
11293619,,,0.519923,0.522581,3456.0,4.897788193684466,16.5092,45
72097438,,,0.76,1.41011,4745.0,8.51138038202376,15.7475,45
176699602,,,1.06,2.89885,5861.0,40.7380277804113,15.3427,45
427455381,,,1.14,1.55398,6091.0,8.713250219271647,13.9168,45
11290349,,,0.6,1.10981,3889.0,6.0,14.2586,45
1773722480,,,0.9,1.61163,5272.0,6.606934480075965,13.7002,45
390710162,,,0.85,1.09019,5089.0,42.65795188015926,16.3162,45
436010712,,,0.630692,0.654773,3105.0,12.580248157760302,15.8026,45
427377944,,,0.7,1.01268,4445.0,12.11934738745212,13.5117,45
264460987,,,0.57,0.901395,3782.0,11.357151176307507,14.6487,45
174914692,,,1.06,1.23294,5862.0,39.81071705534969,16.2625,45
389831916,,,1.064,0.984782,5876.0,34.673685045253166,13.3088,45
1650313000,,,1.12,1.7219,6047.0,47.863009232263806,14.3625,45
436106446,,,0.49,1.12376,3551.0,12.241953604987728,14.9034,45
138828868,,,0.425887,0.43091,2996.0,9.0,16.5666,45
50746803,,,0.420699,0.426187,3579.0,14.422888121595705,13.5353,45
365637508,,,0.628444,0.651759,3454.0,10.84823175575828,12.1685,45
125648758,0.009964579855830009,0.01035186941698648,1.21,1.24571,6247.0,23.442288153199225,15.5127,45
368546133,,,0.816,0.784371,4953.0,7.585775750291836,13.3032,45
50791144,,,0.995,0.884196,5618.19,4.897788193684466,11.6851,45
11195977,,,0.65,0.878563,4186.0,5.3114215775394005,15.2005,45
264621076,,,0.514146,0.516523,3232.0,12.365875699227413,15.9067,45
1670222584,,,0.784,0.976612,4833.0,21.87761623949552,13.827,45
11355504,,,0.9,0.87768,5262.0,13.610671910069325,17.5277,45
50524247,,,1.39,1.88236,6624.0,5.159659724181708,10.3922,45
457249400,,,0.62191,0.643075,2998.0,4.897788193684466,15.4103,45
231188465,,,0.72,0.697846,4571.0,2.5118864315095824,16.4034,45
279790696,,,0.485033,0.486972,3240.0,22.387211385683376,14.9132,45
427373518,,,0.496647,0.498577,3244.0,14.360644116481758,16.1678,45
284284812,,,0.488,1.00866,3555.0,14.0,15.2033,45
216818351,,,1.37,2.53186,6593.0,35.481338923357534,15.3626,45
120323555,,,0.382097,0.391715,3146.0,35.481338923357534,16.4635,45
424496523,,,0.99,1.42889,5590.0,38.904514499428046,15.91,45
427375880,,,0.51,1.16482,3597.0,11.884193199416757,14.2834,45
264542280,,,0.68,1.32877,4335.0,12.793524460049568,12.7456,45
11355946,,,0.402695,0.409974,3266.0,11.067215965915652,13.2799,45
427377285,,,0.86,1.45589,5122.0,10.289188498162272,11.8109,45
116584601,,,1.11,1.56121,6007.0,41.68693834703355,15.932,45
436100917,,,0.444219,0.44782,3105.0,5.0,17.1278,45
427452421,,,0.59514,0.608713,3165.0,10.653412837596024,15.562,45
457232031,,,0.6,1.05347,3868.0,12.519113961516164,14.0338,45
11400674,,,0.55,1.24184,3705.0,5.606717940243225,14.1525,45
11294381,,,0.62,0.850444,3976.0,9.348113979611831,14.8324,45
11296297,,,0.67,1.4016,4316.0,9.029461204751811,13.1409,45
50624009,,,0.59,0.929181,3854.0,4.897788193684466,15.0694,45
50584051,,,0.499024,0.50098,3052.0,7.077194245380837,16.1318,45
425129611,,,1.37,1.56855,6592.0,21.379620895022324,14.3673,45
177012576,,,0.71,0.845721,4518.0,34.673685045253166,14.9057,45
427334312,,,0.68,0.916747,4323.0,13.535097263262331,15.5657,45
427453243,,,0.45,0.881853,3489.0,11.626862754458193,15.0107,45
276660821,,,0.88,1.02328,5201.0,11.71150807465526,12.9764,45
24776014,,,0.55,0.879709,3705.0,12.882302470011812,14.4036,45
116204547,,,0.89,1.4898,5231.0,35.481338923357534,15.2514,45
4205623,,,0.63,1.03379,4016.0,6.765765837442174,13.6953,45
385889222,,,0.49,0.883484,3565.0,7.585775750291836,15.9175,45
220074971,,,0.71,1.34754,4496.0,9.810649946370734,13.2328,45
264593505,,,0.631355,0.655665,3421.0,10.419628278832173,14.8149,45
185638297,,,0.58,1.2243,3795.0,6.606934480075965,14.866,45
200591854,,,0.66,1.31173,4222.0,8.71660319035973,13.3404,45
118120823,0.0160321957270676,0.02108580844934493,0.85,1.21567,5087.0,47.863009232263806,16.5397,45
79028415,,,0.99,1.11915,5616.0,25.118864315095824,13.876,45
50620173,,,0.599533,0.614214,3010.0,14.062098220202364,15.6024,45
79687584,,,0.91,1.05729,5298.0,25.118864315095824,14.6244,45
360746748,0.010591609934450541,0.010893379532667379,1.0,1.891,5650.0,15.848931924611142,15.4587,45
50749753,,,0.6,1.09986,3886.0,9.73195525715578,14.5394,45
427334237,,,1.06,1.60575,5861.0,6.751015967688537,15.0735,45
59468488,,,0.71,0.759476,4529.0,46.77351412871982,15.8414,45
276661198,,,0.561494,0.568384,3111.0,14.27010891926926,15.7769,45
11195908,,,0.458372,0.461138,3054.0,9.945628760946848,17.0514,45
427454254,,,0.605814,0.622173,2972.0,5.039661290281236,16.2891,45
4379255,,,0.59,1.01775,3859.0,11.666464067350688,13.9835,45
200516964,,,0.634208,0.659511,3216.0,6.704385666827208,15.3592,45
138827366,,,0.566958,0.574722,3144.0,13.56250224339829,15.6215,45
111073467,,,1.19,1.63488,6195.0,4.073802778041131,13.4756,45
264743121,,,0.613891,0.632571,3238.0,11.936972070311295,15.642,45
427350808,,,1.05,2.16081,5830.19,10.790450043430118,11.0486,45
427395820,,,0.66,1.10867,4216.0,6.750317564218184,14.6129,45
50525081,,,1.07,1.29614,5890.7,6.037340926868518,12.1234,45
79375823,,,0.7,0.930924,4478.0,25.118864315095824,15.4232,45
332919350,,,0.622369,0.643681,3258.0,12.46017589236916,15.2778,45
201369257,,,0.573975,0.58298,3222.0,13.120772986694728,15.4426,45
427395815,,,0.602481,0.617936,3472.0,6.395252878633142,15.6644,45
11299432,,,0.564756,0.572159,3290.0,4.897788193684466,16.4173,45
229345453,,,1.27,1.46663,6378.0,32.35936569296281,15.109,45
264631412,0.026755421231690526,0.023140806515172044,0.62,0.914545,3975.0,13.395284778120836,14.1026,45
161943389,,,0.93,1.43477,5376.0,38.904514499428046,15.6786,45
176190027,,,1.24,2.13799,6307.0,39.81071705534969,15.5957,45
368422709,,,0.59,0.82323,3846.0,7.585775750291836,16.8965,45
184155208,,,0.68,1.29621,4340.0,6.606934480075965,14.8872,45
436103178,,,1.29,1.99836,6403.93,10.95925321144336,11.7158,45
343065222,,,1.09,1.64457,5953.0,44.668359215096345,15.5431,45
115830281,,,0.98,2.86714,5554.0,28.183829312644548,15.2637,45
385692173,,,0.629113,0.652656,3066.0,7.585775750291836,16.1121,45
186191050,,,1.14,1.92289,6078.0,47.863009232263806,14.7505,45
144667033,,,0.513974,0.516344,3203.0,14.0,16.1641,45
186199164,,,1.11,1.31147,6006.0,20.417379446695275,15.643,45
427373678,,,0.242226,0.26948,3509.0,2.0,16.0716,45
11198076,,,0.66042,0.695686,3238.0,12.404330737668904,15.1586,45
264594474,,,0.659472,0.694355,3304.0,9.766360596749756,15.1068,45
11197589,,,1.36,1.4996,6559.93,7.774652925866627,11.1062,45
712827716,0.053834510580840995,0.12577224706214046,0.55,0.47367,3711.0,14.40969132978799,18.6744,45
282207861,,,0.453231,0.456271,3225.0,25.0,16.1042,45
390877894,,,1.35,2.00196,6533.0,42.65795188015926,14.2525,45
11294639,,,0.623899,0.645706,3277.0,11.391054126369768,15.1947,45
118500249,,,1.02,2.23577,5702.0,40.7380277804113,16.1708,45
264460107,,,0.41061,0.417069,3102.0,14.533284904513977,16.4655,45
332921010,,,1.32,3.18336,6469.0,20.417379446695275,14.3663,45
427457963,,,0.424858,0.429972,3224.0,5.0,16.5516,45
50527733,,,0.506322,0.508426,3096.0,11.98841873201322,15.9254,45
457230111,,,0.54,0.881785,3669.0,12.107237494856433,14.5262,45
284157129,,,0.383545,0.39299,3403.0,4.897788193684466,16.3714,45
177789771,,,0.99,1.17546,5607.0,41.68693834703355,15.9184,45
388917839,,,0.644424,0.673445,3198.0,7.9558607983009395,15.3864,45
204553378,,,1.06,1.57348,5853.0,43.65158322401656,14.9984,45
351827041,,,0.644,0.990528,4117.0,7.585775750291836,14.7339,45
377549759,,,1.08,1.67694,5918.0,21.379620895022324,16.3168,45
199779943,,,0.58,1.08154,3807.0,12.95841928080083,14.0516,45
11357792,,,0.587457,0.599226,3319.0,8.827479448103285,15.7444,45
332856348,,,0.332305,0.348354,3359.0,5.116134331345387,17.2406,45
388917998,,,0.628716,0.652124,3326.0,12.09719309377876,15.122,45
457251085,,,0.59384,0.607096,3303.0,9.844194399074992,15.0972,45
427395658,,,1.29,1.09968,6408.0,8.812753909080417,13.3737,45
1652384309,,,0.99,1.63082,5582.0,15.13561248436207,13.9506,45
177524215,,,0.583935,0.594933,3632.0,34.673685045253166,16.0844,45
407727594,,,0.412627,0.418885,3287.0,22.387211385683376,16.119,45
281045937,,,0.532259,0.535752,3237.0,8.696103640756188,16.0541,45
199779887,,,0.575839,0.585195,3198.0,10.329363390500532,15.6627,45
436157519,,,0.507386,0.509521,3089.0,13.961649799946713,16.2317,45
183423147,,,0.98,1.3382,5542.0,32.35936569296281,14.5784,45
11283915,,,0.427109,0.432026,3361.0,9.458521602339172,13.5507,45
53589332,,,1.212,1.11126,6247.0,22.387211385683376,11.2562,45
178378855,,,0.87,1.62242,5152.0,23.442288153199225,14.7499,45
220191356,,,1.0,0.94378,5641.0,32.35936569296281,15.1151,45
388935317,,,1.47,1.10251,6822.0,9.032860227298212,14.0987,45
427459706,,,0.99,1.03687,5592.73,9.669228996589483,12.7357,45
276661030,,,0.72,1.02774,4568.0,9.845597024050676,13.5685,45
4153418,,,0.626771,0.649525,3349.0,14.953275327417856,15.0167,45
42562083,,,0.488232,0.490146,3110.0,22.387211385683376,15.8103,45
11283284,,,0.67,0.986931,4262.0,9.48788797146095,15.9248,45
427377866,,,0.439277,0.443226,3104.0,4.897788193684466,16.2119,45
42557814,,,0.644125,0.673034,3388.0,22.387211385683376,14.7009,45
11295174,,,0.574892,0.584069,3193.0,8.719975902962855,16.0245,45
388851208,,,0.34536,0.359659,3066.0,13.69733304495442,17.1286,45
102693975,,,0.92,1.36631,5316.0,33.11311214825908,14.6636,45
118512114,,,1.03,1.93729,5758.0,29.51209226666384,15.0153,45
177201905,,,1.05,1.7231,5829.0,20.417379446695275,15.5208,45
433346441,,,0.95,2.03794,5455.0,13.80384264602884,15.4042,45
436105909,,,0.50394,0.505986,3268.0,12.0365335102614,16.4856,45
427376508,,,1.28,1.63781,6393.0,8.039075103589061,11.3738,45
306088947,,,1.48,2.31881,6850.0,25.118864315095824,16.0002,45
368540169,,,0.49,0.863871,3550.0,7.585775750291836,15.6594,45
50791945,,,0.368115,0.379454,2981.0,11.663794674247669,16.8166,45
220239655,,,0.61,1.07404,3913.0,2.5118864315095824,15.6675,45
119549948,,,0.65,0.726036,4133.0,34.673685045253166,14.7863,45
427395890,,,0.402588,0.409879,3083.0,10.616333858965287,16.9539,45
264630143,,,0.544499,0.54916,2997.0,9.419174952880429,15.5937,45
427454962,,,0.7,0.834218,4449.0,14.128373711664048,14.6925,45
50790926,,,0.624371,0.646333,3065.0,7.210111020977853,15.4129,45
220282957,,,0.64,1.21498,4073.0,2.5118864315095824,15.0614,45
264681706,,,0.394897,0.40303,3297.0,12.893869785616268,16.4842,45
1614845499,,,1.08,1.14611,5936.0,15.13561248436207,16.2519,45
427453673,,,0.81,1.55845,4939.0,6.669632867166525,12.5956,45
436013399,,,0.572,1.1542,3776.0,9.991673947586447,14.0856,45
264744335,,,0.651051,0.682603,3387.0,11.129285088591889,14.86,45
427449758,,,0.62,1.23234,4001.0,13.78125000470757,13.3977,45
391186518,,,0.7,0.994069,4447.0,42.65795188015926,15.7965,45
11360951,,,0.67,0.459778,4269.0,8.129480608409974,17.7782,45
50618966,,,0.630557,0.654592,3299.0,8.735219788849134,15.4323,45
388851249,,,0.609145,0.626438,3212.0,9.74426285084829,15.4326,45
204332495,,,1.46,1.72751,6799.0,20.417379446695275,14.0491,45
125499162,,,0.56,1.20793,3737.0,7.762471166286912,16.5642,45
264740246,,,0.417285,0.423092,2990.0,9.0,16.8227,45
276663704,,,0.310229,0.329253,3318.0,2.0,15.4993,45
282207481,,,1.07,1.05685,5901.0,36.3078054770101,14.7309,45
358723542,,,1.06,1.11377,5855.0,7.585775750291836,14.1645,45
177322591,,,1.29,2.09005,6413.0,47.863009232263806,15.0712,45
125641065,,,1.42,2.6423,6690.0,7.762471166286912,13.276,45
436251594,,,0.461586,0.464199,2964.0,14.0,16.5511,45
269118295,,,0.60116,0.616264,3332.0,6.644473157980928,15.3349,45
44862177,,,1.04,3.21471,5796.0,14.791083881682072,14.5495,45
385887951,,,0.56,0.988972,3736.0,7.585775750291836,15.6934,45
50749333,,,0.420237,0.425767,3415.0,4.897788193684466,15.5435,45
1852629011,,,0.52,0.893912,3623.0,7.585775750291836,15.8253,45
34367125,0.006782589419169991,0.006396149164203172,0.656522,0.690225,3166.0,11.61564803506455,14.9162,45
11411844,,,0.533017,0.536572,3231.0,13.5551093634057,15.7246,45
177409014,,,1.1,1.36773,5995.0,30.90295432513592,16.2587,45
713061412,,,0.42,0.561707,3437.0,4.897788193684466,15.7535,45
11286948,,,0.605799,0.622153,3080.0,9.148677296587564,15.802,45
229344913,,,1.23,1.36312,6283.0,32.35936569296281,14.4123,45
50789315,0.004613385884718327,0.00377675410078722,0.65,1.23877,4152.0,9.605868471683308,13.5213,45
50791651,,,0.475752,0.477859,3148.0,4.897788193684466,16.2489,45
281910421,,,0.69,1.41813,4431.0,36.3078054770101,15.662,45
220107937,,,1.15,1.45669,6098.0,26.915348039269137,14.0283,45
391272329,,,1.28,1.8072,6401.0,42.65795188015926,16.2372,45
340979995,,,0.88,0.769717,5196.0,32.35936569296281,16.2577,45
1640650428,0.010473040987634387,0.011223916078637547,0.86,0.882223,5100.0,40.7380277804113,15.6721,45
306757519,,,0.48605,0.487979,3510.0,34.673685045253166,16.0763,45
229295938,,,1.21,1.46442,6234.0,32.35936569296281,15.6671,45
427352569,,,0.485324,0.48726,3013.0,7.044356842499898,16.7366,45
302672046,,,0.647881,0.678212,3012.0,9.972592049034846,15.5549,45
1847846600,,,1.07,1.50148,5888.0,25.118864315095824,16.5257,45
457251500,,,0.633853,0.659032,3477.0,6.62603652044536,13.8563,45
50743986,,,0.661459,0.697145,3328.0,14.895473773845136,15.1157,45
264543172,,,0.696,1.0033,4440.69,9.870751144363693,11.9819,45
72917985,,,0.61,0.9732,3950.0,12.799078684426526,14.0895,45
276663702,,,0.65411,0.686859,3387.0,11.90101965717716,14.9389,45
179694496,,,1.48,2.14205,6833.0,45.70881896148752,15.5212,45
225640998,,,1.061,0.979692,5865.0,6.606934480075965,12.0814,45
156189388,,,1.023,1.84381,5729.0,14.149031971510292,11.3719,45
449307731,,,0.6427,0.671077,3430.0,12.507709937050349,14.4257,45
156143899,,,0.369,1.04656,3350.0,9.777688283960694,14.958,45
105048153,,,0.81,1.07047,4935.0,4.073802778041131,15.3751,45
427346702,,,0.423367,0.428613,2992.0,9.0,16.5775,45
220077443,,,0.463067,0.465614,3182.0,6.43242420739006,17.2448,45
264740665,,,0.48,0.910013,3539.0,11.775560064865324,14.6972,45
279993881,,,0.566239,0.573883,3381.0,22.387211385683376,15.2698,45
427460087,,,0.631253,0.655527,3294.0,12.361248830350474,15.1829,45
427392751,,,0.47093,0.473177,2940.0,9.776799033594289,16.4729,45
217826071,,,1.09,2.503,5947.0,35.481338923357534,15.4752,45
4256009,,,1.333,1.81887,6504.0,10.219947185345983,10.3259,45
204252875,0.006620213109752422,0.006152625915322,1.18,1.17886,6179.0,15.13561248436207,14.806,45
145428792,,,1.0,1.53974,5620.0,38.904514499428046,15.066,45
427453842,,,0.416263,0.422167,3049.0,9.309602839593133,16.9308,45
427398841,,,0.455443,0.458361,2979.0,9.06624901385197,15.8248,45
59468510,,,0.68,1.27429,4374.0,46.77351412871982,15.2442,45
118879825,,,0.858,0.941245,5106.0,35.481338923357534,12.5458,45
11299753,,,0.478837,0.480872,3177.0,6.0,16.8441,45
117471460,,,1.14,1.94301,6090.0,23.988329190194897,15.9599,45
53678910,,,0.621783,0.642907,3296.0,32.35936569296281,15.2648,45
217076624,,,1.31,1.97848,6446.0,35.481338923357534,15.3342,45
427459418,,,0.6,0.824407,3896.0,8.20973378641663,14.9112,45
464839205,,,0.498324,0.500272,3159.0,9.631746091702366,16.3029,45
449429221,,,0.506915,0.509037,3146.0,5.83998804532909,15.8882,45
11286109,,,0.5,1.05919,3588.09,11.286460492752076,14.522,45
225650442,0.00771466750057402,0.007449354380352992,1.18,2.31062,6170.0,32.35936569296281,15.0809,45
50747821,,,0.656617,0.690359,3022.0,5.743112298995868,15.6701,45
11456030,,,0.99,0.947133,5611.0,4.897788193684466,12.7974,45
11298657,,,0.554914,0.560854,3021.0,13.926071116734564,15.7946,45
436008577,,,0.67,1.36495,4301.0,11.876239448478676,13.3929,45
264680358,,,0.37952,0.389448,3479.0,4.897788193684466,16.3743,45
162718483,,,1.45,1.67736,6764.0,38.904514499428046,14.2664,45
427347405,,,0.44,0.976843,3472.0,12.859432904078972,15.172,45
220322325,,,0.623801,0.645576,3448.0,27.54228703338169,16.6027,45
264461976,,,0.48,1.20344,3540.0,5.177646269992192,14.0261,45
220200116,,,1.07,1.63198,5885.0,32.35936569296281,14.9482,45
138902995,,,0.49,0.937977,3553.0,9.725243574730722,15.3663,45
401264660,,,1.03,1.36199,5766.0,42.65795188015926,16.435,45
459991770,,,0.46322,0.46576,3050.0,5.0,16.5306,45
388917567,,,1.15,1.12939,6114.0,10.99084517553306,13.0161,45
388851308,,,0.54,0.929746,3686.0,9.842072414257936,14.6942,45
264541710,,,1.29,1.30275,6422.0,7.72336562357556,11.289,45
435936329,,,0.491192,0.493097,3101.0,14.0,16.7046,45
427334553,,,0.594758,0.608238,2961.0,5.60802213804589,16.4903,45
231164603,,,0.93,1.12021,5371.0,2.5118864315095824,16.1669,45
50583933,,,0.55,0.910807,3696.0,10.681167954016583,14.563,45
337086297,,,1.17,1.21854,6157.0,46.77351412871982,16.0549,45
35290495,,,1.0,1.49261,5652.0,22.90867652767775,15.4035,45
177325668,,,1.42,1.75892,6686.0,30.90295432513592,15.6168,45
50792268,,,1.01,1.91943,5681.0,7.864487886349902,13.8155,45
285754696,,,1.0,1.59673,5639.0,15.848931924611142,15.9514,45
11288118,,,0.535158,0.538896,3151.0,8.609135964147251,16.6757,45
117861693,,,0.99,2.84053,5589.0,23.988329190194897,15.0609,45
143077580,,,1.21,2.06773,6237.0,8.51138038202376,12.9701,45
79541721,,,1.31,1.22772,6455.0,25.118864315095824,13.0082,45
202049921,,,1.01,1.24213,5666.0,2.5118864315095824,16.2909,45
305936551,,,0.96,2.28336,5472.0,15.848931924611142,15.4229,45
11195587,,,0.57,1.20842,3780.0,7.177681447345061,14.2593,45
229300844,,,0.94,2.37699,5402.0,32.35936569296281,14.1702,45
389829576,,,0.518809,0.521406,3492.0,34.673685045253166,16.6413,45
217192704,,,1.47,3.70914,6829.0,35.481338923357534,14.4127,45
386600429,,,1.02,1.22193,5716.0,42.65795188015926,14.5995,45
309908444,,,0.562816,0.569911,3428.0,22.387211385683376,14.8592,45
427352655,,,0.65,1.24207,4183.0,5.270070397135137,14.4527,45
183714365,,,0.69,1.11952,4390.0,6.606934480075965,15.3208,45
343863254,,,0.612133,0.630293,3230.0,8.557610693224095,16.1199,45
165932320,,,0.89,1.41491,5225.0,23.988329190194897,15.4203,45
712996752,,,0.5,0.921885,3584.0,11.963534566534712,14.5537,45
276661088,,,0.62,1.29302,3952.0,11.144062435388978,13.3909,45
175324149,,,0.74,0.896483,4673.0,5.754399373371567,14.4459,45
156144758,,,0.533,0.912949,3658.0,9.620796116931118,14.6718,45
388935423,,,0.58783,0.599682,2963.0,13.240723175965934,16.1123,45
216048321,,,1.32,2.51635,6476.0,35.481338923357534,14.7558,45
368830274,,,0.705,1.2294,4492.0,7.585775750291836,15.099,45
177323139,,,0.99,1.2407,5587.0,47.863009232263806,15.2445,45
276662861,,,0.61,0.924829,3916.0,12.614415219311985,14.6357,45
180318261,0.010362247355360942,0.010909691006173441,1.14,2.34667,6090.0,45.70881896148752,15.5825,45
388917818,,,0.86,1.03242,5115.0,14.514211709469109,14.7028,45
4206939,,,0.509172,0.511362,2946.0,4.897788193684466,16.454,45
1772543032,,,1.11,3.58129,6016.0,38.01893963205613,15.3689,45
427400524,,,0.73,0.911521,4617.0,8.24678958065202,13.5297,45
385887176,,,0.58,0.995085,3802.0,7.585775750291836,14.7638,45
388917752,,,0.381702,0.391368,3015.0,9.022986670425102,16.9876,45
177128930,,,1.28,1.06075,6392.0,34.673685045253166,12.9126,45
377547333,,,1.06,1.83586,5861.0,21.379620895022324,15.1998,45
174727757,,,1.41,4.44303,6682.0,15.13561248436207,12.6341,45
427395926,,,0.62,1.20247,3973.0,6.163183045815965,14.8136,45
11355382,,,0.67,1.33026,4279.0,13.512744473945284,12.7801,45
427352401,,,0.67,1.22458,4255.0,11.118896584567244,13.3247,45
264630583,,,0.58,1.01836,3798.0,10.403562832480446,14.1025,45
167962534,,,1.02,2.30026,5725.0,43.65158322401656,13.9992,45
50787611,,,0.67,1.32398,4283.0,6.641979311925538,13.3835,45
264630091,,,0.487706,0.489623,3311.0,11.97388449765051,16.2379,45
177095952,,,1.43,1.97785,6728.0,9.332543007969903,14.7489,45
177784938,,,0.644,0.78929,4115.0,34.673685045253166,15.3154,45
433331136,,,0.98,1.60615,5559.0,15.13561248436207,14.6368,45
115375926,,,0.97,1.66948,5507.0,28.183829312644548,15.8018,45
177325439,,,1.03,1.76407,5756.0,23.442288153199225,16.1889,45
302970705,,,0.485,1.08006,3550.0,13.48973981955186,14.8188,45
220107966,,,1.05,1.1038,5845.0,32.35936569296281,15.9476,45
464837713,,,0.467,0.89786,3514.0,9.610519760481878,14.7207,45
368826980,,,0.55,1.01038,3698.0,7.585775750291836,15.4435,45
218018179,,,0.92,1.50653,5320.0,5.754399373371567,13.8613,45
294318033,,,1.03,1.39678,5775.0,46.77351412871982,14.1736,45
102693747,,,0.92,1.00052,5325.0,33.11311214825908,15.1352,45
279645751,,,0.594827,0.608324,3145.0,10.645064220245054,15.9281,45
50656480,,,1.2,2.79445,6221.17,13.793188426080397,10.5185,45
276663948,,,0.509523,0.511724,3180.0,10.065794397459836,16.1334,45
436010190,,,0.495744,0.497666,3677.0,4.897788193684466,15.4762,45
11355100,,,0.56,1.21669,3732.0,12.998883057055757,14.584,45
142406539,,,1.029,1.35548,5753.0,34.673685045253166,11.8262,45
138899211,,,0.465018,0.467482,3224.0,4.897788193684466,16.2555,45
45450911,0.0036496114014777353,0.000736115336628335,1.4,1.92028,6655.0,5.754399373371567,10.604,45
264541732,,,0.338815,0.353988,3194.0,11.256680532611847,17.4535,45
117854674,,,1.38,2.85474,6607.0,29.51209226666384,14.6613,45
360747061,,,1.42,4.5242,6692.0,21.379620895022324,15.5226,45
50742666,,,0.604045,0.61992,3086.0,13.058496079626853,15.6925,45
436012260,,,0.5,1.05342,3571.0,10.504589204124777,14.683,45
220082570,,,1.49,2.30082,6878.0,26.915348039269137,13.2546,45
11297604,,,0.585616,0.596977,3144.0,5.508155707904581,15.3887,45
177014579,,,1.09,1.40289,5952.0,23.442288153199225,16.0996,45
11283389,,,0.61,0.993418,3911.0,6.0,14.089,45
66527007,,,0.623,0.933971,3989.0,8.744593322503986,14.002,45
264486112,,,1.04,3.06441,5801.44,13.161834104285388,11.2076,45
302761640,,,0.569,1.22438,3764.0,8.340841339849145,14.3482,45
42558572,,,0.529265,0.532524,3258.0,22.387211385683376,15.5988,45
172850878,,,1.45,2.728,6773.0,15.13561248436207,13.8169,45
72309204,,,0.75,1.25464,4678.0,8.51138038202376,15.6777,45
281716782,,,0.455404,0.458324,3236.0,25.0,15.5547,45
427393020,,,0.660817,0.696243,3294.0,10.039165577479356,15.4298,45
144666405,,,0.44,0.998204,3461.0,7.242830122284598,14.9978,45
388851038,,,0.630093,0.653969,3196.0,8.204400172968251,17.1272,45
1766059939,,,1.41,2.08559,6681.0,22.387211385683376,15.5781,45
264629815,,,0.603714,0.619499,3274.0,6.444427944355981,15.1546,45
436103240,,,1.03,1.17113,5745.0,9.513764704753996,16.3122,45
432884370,,,1.23,1.61647,6281.0,30.90295432513592,15.5588,45
11294704,,,0.590778,0.603306,3443.0,12.642165551156832,14.4126,45
436153334,,,0.661908,0.697776,3439.0,9.960778554056882,14.6629,45
180751249,0.006275573082532514,0.005709720965168173,1.43,2.37539,6716.0,45.70881896148752,14.6305,45
50623324,,,0.498385,0.500333,3155.0,6.2196217898604855,16.348,45
220052265,,,0.336813,0.352255,3085.0,7.52862344181775,16.7091,45
264461674,,,0.42,1.09166,3439.0,10.471931905668969,14.463,45
4294864,,,0.599188,0.61378,3314.0,11.04581569272514,15.3881,45
1765585357,,,1.32,1.71051,6481.0,45.70881896148752,15.4702,45
427352677,,,0.569197,0.577343,3082.0,7.831702807933998,16.2884,45
229384346,,,1.33,1.3595,6487.0,32.35936569296281,13.5889,45
46706951,0.009157356821682778,0.00904393237894301,1.42,1.93988,6695.0,38.01893963205613,15.2246,45
713066804,,,0.44,0.669425,3474.0,9.0,15.284,45
131665174,,,0.96,1.73361,5487.0,28.84031503126605,14.5788,45
177131434,,,1.29,1.34767,6416.0,23.442288153199225,15.6793,45
53744555,,,0.63,1.0446,4031.0,25.118864315095824,15.827,45
50745591,,,0.65,1.25371,4161.0,7.098482143990389,13.2136,45
264740287,,,0.75,1.30497,4679.0,10.135290509599004,12.4224,45
284284095,,,0.71,0.580237,4511.0,4.897788193684466,16.1302,45
264680232,,,0.61,1.03501,3904.0,8.208840013345238,14.2468,45
177096374,,,1.0,3.03558,5640.0,41.68693834703355,15.1769,45
436008528,,,0.891,1.89635,5225.0,13.5403571091853,11.7148,45
264539827,,,0.47,0.890821,3524.0,7.420116361981713,15.128,45
332913837,,,0.654389,0.687248,2975.0,5.624488800906448,15.411,45
436014976,0.014469015343777633,0.013518330933077744,0.513,1.06527,3609.0,6.4135297390994666,14.8468,45
4256911,,,1.28,1.81373,6390.0,10.94488805718625,11.2605,45
388935582,,,0.61,1.27638,3914.0,8.582045449297464,13.6569,45
79435370,,,1.02,1.23515,5709.0,25.118864315095824,13.4878,45
1772550495,,,1.25,2.73547,6325.0,38.01893963205613,15.2929,45
119546942,,,1.06,1.02986,5867.0,11.748975549395302,13.5638,45
138941493,,,0.61885,0.639046,3375.0,11.653296711017148,15.0385,45
36101559,,,1.43,1.91117,6727.0,36.3078054770101,14.3489,45
332856924,,,0.91,1.33889,5285.0,7.976097268874726,15.0105,45
287757981,,,0.532729,0.53626,3106.0,10.47305398276286,15.903,45
264486080,,,0.54,1.01325,3677.0,6.9269808524458565,13.9403,45
427334120,,,1.36,1.05706,6561.0,14.6257217153125,14.8496,45
427455951,,,0.53,0.989706,3652.0,7.472131073599697,14.5523,45
425890198,,,1.35,2.94272,6540.0,38.904514499428046,13.8544,45
47636243,0.009052289593408308,0.009264314856972291,0.64,1.1597,4120.0,25.118864315095824,15.4316,45
752335256,,,1.3,1.14836,6433.0,34.673685045253166,12.3492,45
294119902,,,1.18,1.69918,6177.0,46.77351412871982,13.1675,45
427373569,,,0.578919,0.588879,3316.0,14.313213112668691,15.7493,45
53900438,,,0.6,0.951688,3895.0,25.118864315095824,16.1525,45
119377874,,,0.96,0.839426,5481.0,34.673685045253166,12.9627,45
117464865,0.006800397033492728,0.006261435832989355,1.34,1.65273,6510.0,23.988329190194897,14.7314,45
117854537,,,1.15,1.01165,6102.0,23.988329190194897,15.3116,45
144734848,,,0.475305,0.477423,3695.0,4.897788193684466,15.9076,45
264630028,,,0.686,1.33511,4386.0,9.80743485166278,12.5176,45
50897599,,,0.73,0.622201,4604.0,13.611886402213672,15.1101,45
457230654,,,1.07,2.51326,5901.09,10.583958991209451,10.1661,45
264740463,,,0.59,1.00607,3853.0,13.452503780182411,13.9513,45
117216895,,,1.0,1.66769,5633.0,36.3078054770101,15.8186,45
117467910,,,1.09,1.64889,5943.0,23.988329190194897,14.8656,45
115836628,,,1.0,2.71107,5658.0,38.904514499428046,15.3925,45
11193597,,,0.309364,0.328504,3359.0,12.327293777262682,17.2845,45
427350136,,,0.605826,0.622188,3310.0,14.885480754025824,15.6818,45
388917631,,,0.509373,0.51157,2978.0,7.019866208187211,16.3202,45
204253392,,,0.98,1.15087,5569.0,15.13561248436207,15.8391,45
119368592,,,0.75,0.968377,4690.0,11.748975549395302,14.9373,45
220191836,,,0.97,0.842534,5514.0,32.35936569296281,14.866,45
125595410,,,1.17,1.62194,6157.0,23.442288153199225,15.6177,45
50791599,,,0.662957,0.699252,3144.0,12.497690295968004,15.4897,45
388917794,0.005132818695743783,0.00451588658132222,0.73,1.44723,4608.0,6.843822162774877,14.3034,45
176412221,,,1.18,1.80517,6187.0,9.332543007969903,15.4968,45
388905386,,,0.52,1.2575,3631.0,6.173644440908949,14.6976,45
436012501,,,0.612021,0.630147,3275.0,14.0,15.6249,45
115369118,,,1.2,1.29848,6218.0,15.13561248436207,15.535,45
436017037,,,0.522998,0.525833,3056.0,14.0,16.7482,45
385486923,,,0.88,1.16429,5173.0,26.915348039269137,16.2396,45
427396362,,,0.611278,0.629188,4038.0,2.0,16.2649,45
50745342,,,0.534281,0.537942,3170.0,12.860130342997698,16.5049,45
35949411,,,0.556123,0.56223,3320.0,25.0,14.9261,45
427374675,,,0.604616,0.620646,3218.0,7.656494772822871,15.8318,45
394427528,,,1.45,1.80397,6760.0,19.952623149688787,13.5692,45
151237441,,,1.341,1.28501,6519.36,46.77351412871982,12.0379,45
229371987,,,1.1,1.20258,5973.0,26.915348039269137,14.7238,45
427397225,,,0.655766,0.68917,3336.0,8.339834497374397,15.2677,45
117469932,,,1.16,1.57736,6127.0,23.988329190194897,14.9414,45
427393365,0.5035265343477745,0.12895678236750865,1.01,2.69002,5677.0,11.33972708840527,11.1168,45
118119374,,,0.96,1.70001,5482.0,40.7380277804113,15.3563,45
177446729,,,1.4,1.5045,6646.0,23.442288153199225,15.3915,45
264461656,,,0.6395,0.6667,3459.0,7.933348268430352,15.0361,45
11358917,,,0.604602,0.620628,3102.0,6.036942923650961,15.7574,45
264460288,,,0.44,1.08899,3462.0,10.782059032446323,14.4123,45
1631424728,,,1.22,1.69126,6257.0,41.68693834703355,15.6631,45
457251216,,,0.529416,0.532687,3198.0,9.0,15.5552,45
323348537,,,1.37,1.96233,6579.47,5.759805185803051,10.3539,45
11196109,,,0.51,1.10824,3614.2,10.003030839130036,14.6272,45
53323846,,,0.96,1.43513,5493.0,47.863009232263806,14.3203,45
42891141,,,0.320781,0.338385,3128.0,22.387211385683376,16.4386,45
116582384,,,1.0,2.21032,5649.0,41.68693834703355,15.449,45
427451078,,,0.60124,0.616365,3349.0,11.625392464440065,16.1768,45
427451386,,,0.589025,0.601148,3098.0,6.33328349575746,16.0594,45
229290045,,,0.97,0.966307,5516.0,2.5118864315095824,15.4619,45
281720954,0.008274844285095949,0.008141299465506142,1.12,1.10355,6039.0,36.3078054770101,15.2011,45
427352618,,,0.51,1.19315,3604.0,8.066834591611634,13.9421,45
323418541,,,0.59,0.852843,3842.0,7.577389278777313,14.6878,45
199757804,,,0.733,1.25607,4624.22,8.936988875218727,12.5151,45
368540193,,,0.47,0.708791,3526.0,7.585775750291836,16.0365,45
11200179,0.005719898377898994,0.00501527789947981,0.55,1.19272,3711.64,10.213389767955803,14.2656,45
177784299,,,0.78,0.742612,4830.0,34.673685045253166,14.6075,45
427399942,,,0.620837,0.641659,3934.0,9.700409687145047,15.6163,45
50792805,,,0.58,1.08564,3812.0,13.177096043529684,14.251,45
362682667,,,1.38,4.35329,6614.0,25.118864315095824,16.0019,45
1650732346,,,1.37,1.921,6590.0,47.863009232263806,14.4157,45
264543478,,,0.48,0.706617,3540.0,11.0,15.038,45
50742225,,,0.55,1.07755,3707.0,5.170569179974446,14.1013,45
427350770,,,0.47,0.996308,3524.0,8.121050178886485,14.7802,45
200523402,,,0.626147,0.648694,3270.0,5.173414255473174,15.2158,45
49386114,,,0.727,0.868482,4598.0,32.35936569296281,13.9972,45
11356959,,,0.527695,0.53084,3145.0,5.89317759554767,16.381,45
370413323,,,0.59,1.16902,3827.0,7.585775750291836,15.1959,45
11360308,,,1.08,2.24598,5935.0,14.422870895494702,15.0922,45
50744657,,,0.600577,0.615528,3293.0,14.563995736103935,15.6233,45
151176357,,,0.9,0.974279,5243.0,46.77351412871982,15.2392,45
427455730,,,0.53,0.429384,3644.0,9.51656588729047,17.7859,45
143077214,,,0.81,0.708016,4924.0,8.51138038202376,15.3589,45
177926055,,,0.606774,0.623399,3764.0,34.673685045253166,15.9073,45
50526288,,,0.506015,0.508112,2840.0,9.390818716564045,16.7778,45
200475933,,,0.62,1.19671,3974.0,10.225285087789118,13.8046,45
50589384,,,0.551166,0.556615,3298.0,14.401372380095925,16.321,45
432665867,,,0.95,2.22725,5459.0,40.7380277804113,15.833,45
427454234,,,0.93,1.50911,5366.0,14.799228626085592,11.7493,45
264483992,,,0.633128,0.658053,3362.0,8.536177058961844,14.8499,45
177924821,,,0.646136,0.675803,3914.0,34.673685045253166,15.7983,45
319288413,0.013467498984451267,0.016213299087115416,0.65,0.592663,4155.0,34.673685045253166,16.1926,45
11458103,,,0.659279,0.694086,3175.0,12.60063342339745,15.0473,45
178477709,,,1.09,0.870031,5949.0,23.442288153199225,16.7272,45
427393294,,,0.586083,0.597547,3767.0,8.367677458443588,15.783,45
118933485,,,0.73,1.00705,4622.0,34.673685045253166,13.6042,45
79213053,,,0.83,0.979355,5010.0,25.118864315095824,14.459,45
436099498,,,1.166,2.94282,6146.0,7.873770015139552,10.04,45
167973493,,,0.505,1.19802,3592.0,22.387211385683376,13.9376,45
464838603,,,1.2,2.15022,6216.27,14.738449735322558,10.8373,45
72045440,,,1.36,1.39918,6557.94,8.51138038202376,12.728,45
432873001,,,1.21,1.47172,6239.0,15.13561248436207,15.4761,45
50794161,,,0.42,0.998497,3436.0,8.433229227634413,15.1028,45
427459140,,,0.502966,0.50499,3084.0,6.0,16.6488,45
433166137,,,1.08,1.57934,5911.0,41.68693834703355,15.1862,45
223810350,,,0.82,1.36438,4975.0,34.673685045253166,15.0423,45
72487024,,,1.12,2.15778,6028.17,8.51138038202376,13.162,45
4294105,,,0.590413,0.602856,3315.0,10.00188815540752,15.407,45
177099431,,,1.2,1.83057,6219.0,9.332543007969903,14.9525,45
177590475,,,1.309,1.43501,6453.0,34.673685045253166,11.1721,45
432675642,,,1.22,2.30134,6272.0,15.13561248436207,14.189,45
427352110,,,0.640843,0.668535,3122.0,14.077899486061352,15.7061,45
358267111,,,1.0,2.18209,5631.0,26.915348039269137,15.6429,45
177015425,,,1.3,1.55986,6444.0,23.442288153199225,15.6343,45
385397743,,,1.01,1.81223,5668.0,28.84031503126605,16.1279,45
220053471,,,1.1,1.1758,5969.05,4.897788193684466,12.412,45
220056251,,,0.86,1.01231,5108.0,4.897788193684466,12.9083,45
220139413,,,1.17,1.05422,6156.0,32.35936569296281,15.2512,45
142669409,,,0.92,1.76167,5348.0,22.90867652767775,16.4167,45
50722009,,,0.402906,0.410164,3055.0,6.0,16.5866,45
427352596,,,0.556154,0.562265,3054.0,6.302138568723899,15.6963,45
42235732,,,0.587062,0.598743,3362.0,22.387211385683376,15.3848,45
264682414,,,0.6,0.950382,3863.0,8.616784193774253,13.9955,45
361316233,,,1.42,2.52906,6686.0,15.848931924611142,15.8375,45
220314576,,,0.53,1.00224,3641.0,27.54228703338169,16.5375,45
105794344,,,0.76,1.48613,4754.0,4.073802778041131,15.0235,45
427377293,,,0.52,1.06911,3629.0,12.283396767039315,14.4748,45
427396873,,,0.65,1.31816,4149.0,13.982891615060405,13.1763,45
52971139,,,0.357812,0.370472,3032.0,22.387211385683376,15.8373,45
427460217,,,0.558607,0.565066,3036.0,4.897788193684466,15.6566,45
11411481,,,0.594685,0.608147,3195.0,6.526247524012705,15.5033,45
50524647,,,0.637088,0.663416,3332.0,6.225861478243511,14.9886,45
199780139,,,0.644693,0.673816,3347.0,12.843945817470953,15.2025,45
464838696,,,0.68,0.689971,4329.0,5.045302510692659,14.2956,45
264484008,,,0.61,1.00167,3927.0,9.14962899142808,13.8343,45
427393364,,,1.13,1.79796,6049.0,8.085300007046705,14.6479,45
427376820,,,0.665475,0.702799,3206.0,12.854323904876583,15.4924,45
427395640,,,0.75,1.31735,4702.0,10.39667913281748,14.454,45
138856633,,,1.251,1.44369,6330.48,6.680380722254334,10.3977,45
174729082,,,1.08,1.5933,5917.0,15.13561248436207,15.7005,45
361209015,,,0.67,0.972007,4289.0,20.417379446695275,16.3676,45
50583594,,,0.438263,0.442287,3026.0,9.0,16.6753,45
11294718,,,0.61,1.15156,3923.0,11.939498371171414,14.3355,45
264240152,,,1.07,1.17541,5900.0,21.87761623949552,12.7203,45
119377352,,,0.618244,0.638251,3500.0,25.703957827688647,16.6073,45
229187822,,,1.36,1.25698,6556.09,46.77351412871982,12.9486,45
138853023,,,0.625339,0.647618,3349.0,7.297002313156733,15.3585,45
427454148,,,0.643914,0.672745,3071.0,13.663608411056645,15.8391,45
175438984,,,1.08,2.34259,5932.0,39.81071705534969,14.7018,45
220213727,,,0.89,1.92276,5216.0,26.915348039269137,14.7858,45
117468271,,,1.46,2.17852,6786.0,23.988329190194897,14.3672,45
461677556,0.0040418225700006374,0.0027241600001334993,0.97,0.981625,5509.28,46.77351412871982,13.1374,45
427377115,,,0.59978,0.614524,3356.0,5.728891790650536,15.7586,45
319364218,,,0.503602,0.50564,3269.0,9.0,16.0455,45
50747817,,,1.16,1.14892,6121.0,9.04875533435048,12.3403,45
72780757,0.00361269753293448,0.003068270215373908,0.94,1.20305,5416.0,14.91474409823743,13.8496,45
377794793,,,1.31,3.29365,6461.0,19.952623149688787,15.4311,45
120885952,,,0.84,0.784937,5041.0,34.673685045253166,14.013,45
427352875,0.3713273673369658,0.3479713065554693,0.645792,0.675329,4125.0,7.533912327441178,14.8695,45
50529755,,,0.69,1.28359,4418.0,9.337698061142977,12.7537,45
244471719,,,1.23,0.978885,6286.0,15.13561248436207,15.3635,45
427334213,,,1.35,0.738661,6534.0,7.627885348031269,14.8283,45
432979651,,,0.89,1.64317,5239.0,15.13561248436207,15.8365,45
427455928,,,0.556708,0.562896,3154.0,14.604015239092998,15.9378,45
220322410,,,0.48,1.17496,3532.0,2.5118864315095824,16.1106,45
4294655,,,0.549426,0.554658,3214.0,6.358544201740108,15.7604,45
72919598,,,0.93,1.03237,5356.0,5.2182107699305895,12.9354,45
178484807,,,0.607271,0.624035,3426.0,34.673685045253166,16.3999,45
427393633,,,0.668313,0.706804,3758.0,5.504849451774499,13.6036,45
459990730,,,0.56,1.02265,3732.0,12.45583203459182,14.3717,45
11286046,,,0.499275,0.501235,3085.0,6.706417007677617,16.1987,45
231162848,,,0.44,1.04689,3467.0,2.5118864315095824,16.1206,45
35233576,,,1.07,1.66686,5903.0,22.90867652767775,14.1974,45
11197295,,,0.556339,0.562475,3319.0,13.935156264178664,15.9765,45
151455325,,,1.26,1.80656,6343.0,23.442288153199225,15.1137,45
50624148,,,0.57,0.973661,3766.0,14.543497929964683,14.298,45
145131482,,,1.01,1.89454,5671.0,38.01893963205613,14.932,45
338511427,,,0.610666,0.628398,3849.0,21.87761623949552,16.5498,45
11401390,,,0.63,1.21138,4008.0,11.66811616527096,13.4462,45
4294904,,,0.660282,0.695492,3317.0,12.121705199762786,15.2268,45
50744660,,,0.42,1.07604,3435.0,7.457541631970281,15.0147,45
282709197,,,0.546109,0.550951,3331.0,25.0,15.0227,45
1640333440,,,1.03,1.89837,5741.0,15.13561248436207,14.7584,45
264485768,,,0.540938,0.545223,3417.0,6.591131877188547,14.9241,45
50662758,,,0.61,1.06905,3939.0,12.104290853420206,14.8491,45
264631000,,,0.47,1.10685,3512.0,5.3266157098034,14.1378,45
427376227,,,0.526592,0.52966,3299.0,11.94056819469461,16.0492,45
276661363,,,0.635383,0.661103,3322.0,8.463683870005484,15.5992,45
144843966,,,1.03,1.35539,5759.0,38.904514499428046,15.1516,45
161843643,,,1.02,1.69179,5713.0,38.904514499428046,15.2097,45
144851310,,,0.99,1.36235,5600.0,38.904514499428046,15.7682,45
388850911,,,0.57,0.988992,3774.0,9.668361778566483,14.4278,45
264679760,,,0.71,0.926997,4493.0,13.420712624662212,13.4506,45
434052121,,,0.97,1.14923,5511.0,21.379620895022324,15.1417,45
11199677,,,0.580247,0.590475,3444.0,14.64365384731211,16.7356,45
200518890,,,1.03,1.00927,5775.0,4.897788193684466,13.4409,45
264459440,,,1.07,2.15216,5892.18,7.299441605287841,11.9749,45
11295826,,,0.499261,0.501221,3454.0,10.522176873026128,14.9507,45
11401771,,,0.37,0.901071,3359.0,9.992788931213248,14.783,45
436104873,,,0.54859,0.553722,3365.0,14.847945363119065,16.1922,45
50621167,,,0.595223,0.608817,2893.0,4.897788193684466,15.8878,45
19787549,,,1.07,1.27202,5902.0,21.87761623949552,13.0033,45
332856918,,,0.53833,0.542358,3422.0,11.916320840888638,15.6944,45
371692484,,,0.623447,0.645108,3184.0,8.36619259066958,16.0444,45
125636793,,,1.36,2.24189,6560.0,23.442288153199225,15.7396,45
217833148,,,1.18,2.52139,6183.0,35.481338923357534,15.7134,45
231233120,,,0.98,1.55674,5575.0,2.5118864315095824,14.1279,45
361321144,,,0.899,0.881793,5256.0,33.88441561392027,11.2,45
172926480,,,0.919,0.945572,5329.0,32.35936569296281,12.5921,45
343863451,,,0.678,0.824616,4341.0,5.0,13.4793,45
50619940,,,1.42,2.48336,6687.85,10.05756791161158,8.7189,45
123884409,,,0.588138,0.60006,3291.0,25.0,14.9765,45
319031877,,,1.07,1.27896,5889.0,22.387211385683376,16.4792,45
50790674,,,0.57,1.00256,3781.0,10.269131750302964,14.8322,45
46319342,,,0.58,1.07684,3792.0,5.754399373371567,16.0846,45
178671502,,,0.64,0.716142,4076.0,34.673685045253166,15.5229,45
177987329,,,0.58,0.927846,3801.0,34.673685045253166,15.538,45
436010826,,,0.48,0.903631,3534.0,6.039753150463452,15.2528,45
118123333,,,1.17,1.62292,6163.0,38.904514499428046,14.4761,45
110328124,,,0.93,1.81131,5366.0,7.413102413009177,15.6507,45
124189168,,,0.739,0.716004,4647.0,34.673685045253166,14.5569,45
119231934,,,0.544582,0.549253,3378.0,35.481338923357534,14.9403,45
134088965,,,1.362,1.80499,6566.0,5.754399373371567,11.8105,45
176221595,0.004588043743724271,0.003958091832968429,1.37,1.75131,6585.0,15.13561248436207,14.0699,45
287840247,,,0.549097,0.55429,2927.0,13.342949570052827,16.4957,45
125638025,,,1.05,1.26901,5833.0,47.863009232263806,15.8248,45
50530823,,,0.62,1.27463,3979.0,11.551593566398608,13.3098,45
79682042,,,0.582108,0.59272,3742.0,25.118864315095824,16.0972,45
220291957,,,0.99,1.38641,5581.0,2.5118864315095824,15.0817,45
220313911,,,1.01,0.939581,5692.0,2.5118864315095824,14.743,45
436161540,,,0.63313,0.658055,3211.0,6.984022798724352,15.5912,45
1614731500,,,1.02,1.66237,5722.0,15.13561248436207,16.14,45
42755185,,,0.678,1.07579,4339.0,22.387211385683376,13.0155,45
427374843,,,0.55,1.13611,3697.0,9.160912809335406,14.6286,45
377323369,,,1.45,1.93992,6778.0,19.952623149688787,16.0426,45
118657362,,,0.64,0.96094,4079.0,11.748975549395302,15.6249,45
79876040,,,0.73,0.926022,4606.0,25.118864315095824,15.2381,45
204237721,,,1.04,1.9297,5811.0,20.417379446695275,15.6849,45
50656343,,,0.643039,0.671543,3388.0,10.559330518753544,14.8952,45
50746442,,,0.547202,0.55217,3144.0,5.531539550540337,15.6483,45
117212542,,,0.93,2.3384,5370.0,38.904514499428046,15.2083,45
199779845,,,0.604612,0.62064,3041.0,11.302460551160166,15.883,45
200544839,,,0.95,0.824494,5456.0,4.897788193684466,13.5733,45
220054053,,,0.63,1.12865,4044.0,4.897788193684466,14.3016,45
436246446,,,0.562447,0.569484,3392.0,22.387211385683376,15.0978,45
427396950,,,0.636,0.61915,4063.0,12.8524287521144,12.3005,45
264483125,,,0.574343,0.583416,3067.0,8.725573184986132,15.5457,45
220110570,,,1.14,1.67682,6079.0,32.35936569296281,15.3627,45
427334003,,,0.603732,0.619521,3404.0,8.527481228070169,15.5027,45
50625029,,,0.67,1.2087,4296.2,11.44651258793142,13.0978,45
427378659,,,0.65,1.16871,4170.0,10.444888011051251,13.5732,45
284284074,,,0.98,0.928203,5565.0,7.320129783575314,14.4085,45
427453656,,,0.648692,0.679333,3180.0,9.369594502653962,15.3338,45
116081918,,,0.96,0.964249,5485.0,40.7380277804113,16.0517,45
48953126,,,0.441433,0.445226,3258.0,32.35936569296281,16.3751,45
435578625,,,1.23,2.00899,6296.0,20.417379446695275,14.0295,45
287757948,,,0.573703,0.582657,3114.0,9.824413710942618,15.9531,45
50624017,,,0.408339,0.415028,3074.0,8.480018562429182,16.663,45
204253321,,,1.15,1.52453,6107.0,19.952623149688787,15.2289,45
50662769,,,0.455771,0.458672,3072.0,6.287005978474834,16.2059,45
396080301,0.0075492924745138405,0.007292964504668717,0.98,1.9753,5546.0,19.952623149688787,15.0839,45
50619593,,,1.15,1.45066,6106.0,11.733569750423648,11.5163,45
359319455,,,0.49,0.79832,3557.0,7.585775750291836,16.0914,45
125497615,,,0.65,0.924179,4167.0,7.762471166286912,16.385,45
427373557,,,0.512416,0.514722,3605.0,5.883980021121948,16.3536,45
11198276,0.004074537322062426,0.0006131461163519239,1.34,3.0135,6513.0,4.897788193684466,9.9722,45
427377477,,,0.57,1.13219,3773.0,8.257219706212275,14.3053,45
177270384,,,1.25,2.46506,6325.0,23.442288153199225,14.9754,45
125126222,,,1.07,1.09213,5897.0,6.165950018614822,15.207,45
79872717,,,0.65,0.950719,4155.0,25.118864315095824,15.5314,45
200525451,,,0.522114,0.524896,3222.0,14.0,16.1705,45
264631157,,,0.445264,0.448795,3085.0,10.337771614379406,16.3796,45
343862398,,,0.64132,0.669187,3511.0,13.799027732240464,15.1966,45
229275142,0.012293051904151323,0.012723549210955183,0.94,0.960936,5418.0,32.35936569296281,15.4929,45
264483287,,,0.380716,0.3905,2941.0,9.0,16.7254,45
436100379,,,0.469392,0.47169,3302.0,14.0,16.6159,45
264461185,,,0.7,1.07537,4458.0,8.659976900514192,13.4068,45
264739598,,,0.43067,0.435288,2938.0,4.897788193684466,16.2508,45
115492915,0.009249278735051119,0.009724518198016927,1.0,2.11924,5636.0,41.68693834703355,15.5754,45
299414650,,,1.33,1.69906,6493.0,42.65795188015926,15.8541,45
220058917,,,0.463329,0.465864,3001.0,5.0,16.6996,45
1667655649,,,1.05,1.55328,5821.0,38.01893963205613,16.1612,45
220323262,,,0.76,1.40401,4754.0,2.5118864315095824,14.5784,45
50793751,,,0.396397,0.404362,3114.0,9.0,16.7202,45
712787638,,,0.44,0.502888,3466.0,4.897788193684466,16.3662,45
388917959,,,0.76,1.08172,4742.0,5.711682769991069,13.8545,45
144666399,,,1.01,1.12233,5662.0,9.9852233372495,15.4499,45
220291168,,,0.52,0.906234,3628.0,2.5118864315095824,16.0798,45
427397299,,,0.512937,0.515264,3080.0,2.0,16.6361,45
177926572,,,0.532358,0.535858,3435.0,34.673685045253166,16.5277,45
323420753,,,0.456791,0.459638,3403.0,4.897788193684466,15.4043,45
220064727,,,0.533759,0.537376,2960.0,8.551151135520168,16.1849,45
433138852,,,1.22,2.56884,6262.0,47.863009232263806,15.593,45
115830264,0.009952185450167407,0.010432279858051487,0.94,0.847219,5419.0,15.13561248436207,15.5599,45
1652472348,,,1.2,2.40978,6225.0,15.13561248436207,14.7622,45
50529482,,,0.496377,0.498304,3142.0,5.437266142495625,16.2449,45
464838188,,,0.89,1.00639,5209.72,4.897788193684466,12.201,45
42888661,,,0.62,1.20395,3971.0,22.387211385683376,13.3844,45
43082670,,,0.611303,0.629219,3532.0,22.387211385683376,14.8933,45
427395770,,,0.641621,0.669599,3603.0,10.256123923768271,15.255,45
138828306,,,0.54,0.857736,3690.0,12.2196946879415,14.942,45
123886658,,,0.444075,0.447686,3260.0,25.0,15.6149,45
220314262,,,0.7,1.46084,4490.0,2.5118864315095824,15.9034,45
427454955,,,0.57695,0.586522,3107.0,13.563366907188602,17.1231,45
229282167,,,0.46,1.03531,3498.0,19.05460717963248,16.0699,45
72046129,,,1.19,2.98398,6199.04,8.51138038202376,12.0485,45
264739134,,,1.1,3.39956,5993.63,5.097547918529173,10.9212,45
284994922,,,0.652667,0.68485,3308.0,7.416560157318265,15.4109,45
362573880,,,1.07,1.8875,5898.0,20.417379446695275,14.0557,45
231191129,0.012520692403430067,0.013065063736483452,0.89,0.982615,5236.0,2.5118864315095824,15.5361,45
432728072,,,0.89,1.38675,5229.0,47.863009232263806,16.2057,45
369158472,,,0.55098,0.556406,3770.0,7.585775750291836,15.4325,45
79435344,,,0.89,1.14554,5228.0,25.118864315095824,14.0084,45
433126282,,,0.93,1.50535,5371.0,41.68693834703355,15.6115,45
264743564,,,0.656649,0.690403,3568.0,4.897788193684466,14.7134,45
11167104,,,0.534406,0.538079,3178.0,8.187593672782462,16.0678,45
427454506,,,0.632488,0.657191,3808.0,9.13175045634515,17.1208,45
50590177,,,0.666873,0.704771,3461.0,7.650389445986619,14.5444,45
427380033,,,0.47622,0.478315,2897.0,5.0,17.0597,45
161956729,,,1.1,1.7597,5971.0,38.904514499428046,15.4049,45
457231958,,,0.493033,0.494941,3085.0,10.033841645945678,16.1109,45
184288298,,,0.63,1.1818,4015.0,7.079457843841373,10.61,45
138856156,,,0.427107,0.432025,3021.0,9.0,16.5534,45
427334157,,,0.264716,0.289529,3984.0,11.986766597086373,16.8908,45
50527624,,,0.6,0.992067,3863.0,8.834105597339011,14.1934,45
204330875,0.009097894588210653,0.009271000141647298,1.11,1.41955,6002.0,5.888436553555883,15.4077,45
117338190,,,1.21,1.55202,6238.0,45.70881896148752,14.7105,45
427396968,,,0.74,1.16621,4670.0,10.392737236315735,13.8452,45
50743635,,,0.79,1.10201,4856.39,12.246313450316595,12.7677,45
11195615,,,0.96,2.69914,5465.12,11.154616432392691,10.0833,45
178058401,,,0.69,0.73524,4428.0,34.673685045253166,15.0062,45
50588613,,,0.59,0.961573,3850.0,11.850124463177938,14.1891,45
457231922,,,0.352668,0.366001,2904.0,5.0,16.8621,45
220219993,,,0.92,1.7233,5347.0,32.35936569296281,15.9301,45
220201172,,,0.98,2.43257,5577.0,32.35936569296281,14.9129,45
50582648,,,0.51,0.946852,3609.0,12.11331637339348,14.9092,45
120093576,,,0.9,0.853644,5276.0,11.748975549395302,15.6146,45
427349344,,,0.590828,0.603369,2988.0,13.58465667046165,16.3003,45
264620647,,,1.05,1.67015,5845.6,11.15019869396221,11.2753,45
388850619,0.011105798193579148,0.011857087802978472,0.607159,0.623892,3186.0,7.623764000475176,15.6533,45
203849842,,,1.39,1.72131,6621.0,38.904514499428046,14.4362,45
361778446,,,0.86,1.16571,5124.0,42.65795188015926,15.6915,45
200517388,,,0.98,1.33822,5578.0,7.583636150881949,12.6055,45
172997177,0.003488943555198544,0.0016322675785655973,0.83,1.25999,5003.0,32.35936569296281,12.3913,45
427395959,,,0.57921,0.589228,3820.0,10.481917545757383,16.1725,45
50794121,,,1.17,1.06252,6162.0,10.647147102699574,15.0044,45
427458767,,,0.62,1.01545,3953.0,14.688915190426483,14.0314,45
164242755,,,0.97,1.24205,5519.0,38.904514499428046,15.5356,45
464837989,,,0.413154,0.41936,2864.0,9.0,16.8702,45
1650774786,0.008339866409737197,0.008503423035489196,1.32,3.11575,6466.0,14.791083881682072,15.4109,45
427395999,,,0.498421,0.50037,3673.0,4.897788193684466,16.4133,45
397078293,,,0.96,1.30086,5478.0,19.952623149688787,16.0555,45
359326368,,,0.61275,0.631092,2983.0,7.585775750291836,16.6639,45
78376558,,,0.485775,0.487707,3268.0,32.35936569296281,16.498,45
433173629,,,1.45,4.57726,6774.0,41.68693834703355,14.2941,45
427400416,,,0.634707,0.660187,3350.0,7.269340084037795,14.8692,45
264739495,0.006992714708560744,0.006796120555557257,0.6579,0.692154,3154.0,13.90352874307929,15.1234,45
427374297,,,0.655893,0.689346,3364.0,9.160301232968994,14.955,45
123946357,,,0.62,0.798125,3976.0,35.481338923357534,13.1843,45
178329911,,,0.775,0.739002,4799.0,34.673685045253166,14.5991,45
427459445,,,0.59712,0.611185,3278.0,7.930631691445043,14.9028,45
359323679,,,0.52,0.966345,3615.0,7.585775750291836,15.9041,45
104699736,,,0.96,1.58597,5500.0,4.073802778041131,14.3064,45
179691241,,,1.07,1.74135,5893.0,45.70881896148752,16.2839,45
264483935,,,0.506676,0.508791,3001.0,12.229522794047378,16.1008,45
138829427,,,0.615985,0.635297,3293.0,11.702430559575618,15.1869,45
185428036,,,1.35,1.95322,6536.0,15.13561248436207,15.6343,45
11167134,,,0.340468,0.35542,3290.0,5.641533769357,17.2598,45
35238494,,,1.08,1.19077,5922.0,22.90867652767775,15.07,45
199752628,,,0.494884,0.496799,3077.0,11.051085541153546,15.9408,45
50897597,,,0.664829,0.701887,3344.0,7.358358663231451,15.2622,45
177131589,,,1.08,1.4236,5919.0,47.863009232263806,16.0342,45
177272773,,,1.16,1.38855,6123.0,47.863009232263806,14.7796,45
282392199,,,0.557628,0.563946,3052.0,25.0,15.5237,45
264485982,,,0.36,0.996234,3332.0,6.977184867710616,15.1231,45
436098564,,,0.55,1.00764,3704.0,9.250144632970136,14.7513,45
53322242,,,1.05,1.23114,5834.0,47.863009232263806,14.0239,45
1766063918,,,1.26,2.08502,6345.0,22.387211385683376,15.8789,45
214586687,,,1.16,3.05878,6123.0,15.848931924611142,15.3205,45
332861467,0.007881134287681264,0.006989683466936422,0.96,1.83521,5464.0,10.155024151901092,14.3885,45
185436328,,,1.2,2.43693,6214.0,15.13561248436207,14.4735,45
200545048,,,0.553783,0.559572,3654.0,5.0,16.0215,45
114763016,,,1.06,1.53996,5853.0,12.30268770812381,15.6748,45
50620347,,,0.538534,0.542582,3135.0,6.358210871883349,15.966,45
369516814,,,1.38,2.68056,6603.0,22.90867652767775,14.0817,45
138904431,,,1.33,1.88767,6490.69,9.927219541129634,10.3505,45
220063956,,,1.25,2.55466,6337.0,14.67800107077472,10.9274,45
427392931,0.009672466181349166,0.010541294569393766,0.6383,0.665065,3277.0,9.066238496995831,15.7537,45
138857683,,,0.620202,0.640823,3412.0,9.426763570340162,15.1423,45
177451140,,,1.23,1.1797,6297.0,34.673685045253166,12.4404,45
11355140,,,0.592884,0.60591,3751.0,13.103205251730191,16.9359,45
284284817,,,1.02,1.18347,5705.0,7.745800251818404,14.8226,45
427392988,,,0.631349,0.655656,3262.0,12.166578976996504,15.4566,45
278841862,,,0.62332,0.644939,3143.0,7.585775750291836,16.1314,45
118501262,,,0.93,1.02141,5356.0,23.988329190194897,15.8764,45
11200467,0.007266936318019113,0.006995927460045286,0.44,1.06036,3465.0,12.859805316584868,15.0608,45
427453666,,,0.439639,0.443561,2910.0,10.51805933176517,16.9117,45
432728071,,,0.97,1.752,5515.0,47.863009232263806,15.5361,45
144985891,0.01456886230668629,0.015715374890425838,1.01,1.27413,5663.0,38.01893963205613,15.7041,45
119687261,0.0033501717496345717,0.0008974998560215364,1.22,1.43794,6259.0,34.673685045253166,11.2131,45
50749895,,,0.475422,0.477537,3144.0,11.943472062663108,16.4578,45
11195538,,,0.55,0.432698,3694.0,5.0,16.5616,45
220314190,,,0.58,0.918402,3802.0,2.5118864315095824,15.9564,45
229380201,,,1.0,1.2467,5620.0,32.35936569296281,15.703,45
231147901,,,0.51,1.05093,3600.0,2.5118864315095824,15.9311,45
50897283,,,0.57,0.836523,3771.0,14.345686551887445,15.0812,45
269118082,,,0.89,1.43803,5237.0,5.987911310565752,11.6863,45
50587538,,,0.56,1.0649,3733.0,11.731206172915911,14.36,45
220338728,,,0.73,1.23904,4624.0,2.5118864315095824,15.093,45
220051956,,,0.66,0.893371,4246.0,4.897788193684466,14.1301,45
436251608,,,0.648393,0.67892,3172.0,11.424562372421107,15.4601,45
264460657,,,1.22,1.68083,6262.0,7.671141622952994,11.2956,45
229275826,,,1.18,1.37609,6174.0,32.35936569296281,16.0464,45
138935450,,,1.41,1.30317,6663.0,5.727778412869776,11.2579,45
323348566,,,0.560663,0.567426,3263.0,12.351962912243186,15.4963,45
713070886,,,1.04,1.56462,5780.0,7.304397861940339,15.0156,45
138940722,,,1.1,1.16005,5992.0,4.897788193684466,11.9883,45
177413841,,,0.66,1.02795,4224.0,6.165950018614822,16.3178,45
276664082,,,1.31,1.07085,6447.0,5.027455125903241,14.1113,45
427333781,,,0.620825,0.641643,3757.0,12.232048551697662,14.3872,45
50791423,,,0.606712,0.62332,3000.0,10.892384290760956,16.1335,45
279577772,,,0.607373,0.624165,3407.0,10.30490491909851,15.3909,45
368433937,,,0.441,1.04777,3468.0,7.585775750291836,15.1692,45
427400218,,,0.540113,0.544315,3339.0,13.68810914443636,15.8884,45
177783444,,,1.076,1.03625,5914.0,34.673685045253166,12.9217,45
116707061,,,1.38,1.70371,6606.0,41.68693834703355,14.8918,45
124510769,,,0.446877,0.450303,3159.0,25.0,15.9229,45
35242251,,,0.89,1.43062,5225.0,22.90867652767775,15.4462,45
180152600,,,1.05,1.71983,5825.0,45.70881896148752,15.7578,45
427455067,,,0.634853,0.660384,3027.0,7.391805488554706,15.7733,45
50793066,,,0.631096,0.655316,3013.0,9.897077778089146,15.5484,45
50789814,,,1.2,0.800402,6213.0,13.514086844890963,17.0127,45
457249994,,,0.450082,0.453308,3178.0,5.313489562171365,16.2549,45
11290607,,,0.510069,0.512289,3239.0,4.897788193684466,15.8592,45
50787451,,,0.653413,0.685887,3334.0,9.707584994447092,15.4606,45
231163569,,,0.96,1.27285,5487.0,2.5118864315095824,15.0154,45
436016800,,,0.668572,0.707171,3217.0,9.550998178362688,15.4791,45
264486067,,,0.490202,0.492108,3240.0,5.782113936812763,15.9573,45
433514716,,,0.98,1.50926,5555.0,13.80384264602884,15.6833,45
427334963,,,0.639619,0.666863,3205.0,10.342293858236918,15.0559,45
427392224,,,1.25,2.04972,6325.0,7.954587836606954,9.5427,45
433125667,,,1.13,1.7773,6072.0,47.863009232263806,14.4954,45
50662727,,,0.623719,0.645468,3333.0,10.34741119239616,15.5463,45
294120731,,,1.12,1.14239,6045.0,46.77351412871982,13.688,45
388918107,,,0.61,1.33082,3940.0,13.926830442508791,14.9424,45
177204166,,,1.32,1.65317,6468.0,23.442288153199225,16.4794,45
220248898,,,0.63,1.17116,4042.0,2.5118864315095824,15.3629,45
184392834,,,0.91,1.94311,5308.0,21.87761623949552,14.3471,45
226098077,,,0.98,1.78016,5557.0,6.606934480075965,14.8862,45
457249731,,,1.09,1.10219,5945.23,14.443172356689864,13.7434,45
1658568537,,,1.35,1.48689,6540.0,15.13561248436207,14.6155,45
48745834,,,0.64,0.813863,4081.0,32.35936569296281,14.4261,45
264744001,,,0.64416,0.673083,3301.0,7.014940553548131,15.4021,45
401650630,,,1.08,2.95721,5921.0,42.65795188015926,14.6299,45
11286173,,,0.55,0.823251,3697.0,10.330256442486125,14.8812,45
79694320,,,1.4,1.31505,6640.0,25.118864315095824,13.0566,45
220322568,,,1.0,1.14538,5630.0,27.54228703338169,16.3276,45
164495736,,,1.3,1.64894,6442.0,45.70881896148752,14.6211,45
125505374,,,1.19,1.34885,6203.0,23.442288153199225,15.5273,45
124013338,,,0.661757,0.697563,3609.0,25.0,14.1166,45
436016095,,,0.391422,0.399949,3492.0,7.099018830255821,17.6301,45
360063948,,,1.33,3.08071,6504.0,2.39883291901949,13.9734,45
220067202,,,0.495923,0.497846,3092.0,10.083784605039444,15.9647,45
388935668,,,0.592695,0.605676,3267.0,11.181601166517687,15.6808,45
264620959,,,0.64,1.13691,4078.0,11.356903180362892,13.4189,45
200519481,,,0.56,1.27519,3738.0,6.3177807948199804,14.113,45
123406165,,,0.490715,0.492621,3222.0,25.0,15.5552,45
427454761,,,0.640303,0.667797,3276.0,5.071379278500697,15.1632,45
177714569,,,1.44,1.34245,6752.0,34.673685045253166,12.1516,45
45199323,,,0.599878,0.614648,3234.0,5.754399373371567,16.1584,45
179090517,,,1.05,1.27907,5823.0,26.915348039269137,16.1882,45
319364323,,,0.529939,0.533249,3222.0,12.876157960029415,15.831,45
50792535,,,0.566699,0.57442,3098.0,12.91580311952608,15.8748,45
117848057,,,1.37,1.05826,6584.0,41.68693834703355,14.9912,45
204632056,,,1.49,2.35339,6873.0,13.80384264602884,13.9248,45
178373322,,,0.728,0.73234,4600.0,34.673685045253166,15.0668,45
427450341,,,0.495128,0.497045,3246.0,10.625155270924102,16.1926,45
138856642,,,0.536089,0.53991,3170.0,5.449255907155953,16.0869,45
118371487,,,1.0,0.840703,5654.0,47.863009232263806,16.1577,45
427458019,,,0.5,0.927341,3589.0,6.144880827859164,15.0986,45
179595235,,,1.37,3.3777,6591.0,31.6227766016838,13.7154,45
436158705,,,0.92,1.07012,5333.0,5.483917835003189,13.0528,45
279699126,,,0.562626,0.56969,3096.0,5.528911122089609,16.3712,45
388917763,,,0.63,1.30537,4036.0,7.374150644479469,13.3989,45
202144938,,,1.07,1.38713,5890.0,2.5118864315095824,14.8466,45
125641420,,,0.82,1.2552,4966.0,6.165950018614822,15.3149,45
50722435,,,1.04,2.45086,5779.91,5.6627468031061925,10.9581,45
427395853,,,0.380915,0.390674,3509.0,10.723382476067831,17.0857,45
11356992,,,0.532367,0.535869,2989.0,9.532710205710089,16.2895,45
125648521,,,1.14,1.59385,6081.0,30.90295432513592,16.1789,45
1658566715,,,1.02,1.63979,5703.0,20.417379446695275,15.4185,45
432444800,,,1.17,1.40137,6160.0,15.13561248436207,14.6356,45
138856923,0.006045815549967409,0.00276185364254841,0.71,1.45722,4513.0,5.38086991371872,12.3417,45
220338933,,,0.72,1.4032,4546.0,2.5118864315095824,14.1033,45
178487703,,,0.662578,0.698719,4067.0,34.673685045253166,15.1207,45
4255954,,,0.48,1.1468,3544.0,14.078529625545968,14.0119,45
50586311,,,0.301165,0.321396,3038.0,5.82983590738542,14.9227,45
388935067,,,0.92,1.53147,5350.0,9.692071663970603,14.2154,45
357276410,,,0.57855,0.588436,3033.0,7.585775750291836,16.4443,45
427353134,,,0.365983,0.377593,3435.0,11.629819693982215,17.3264,45
220063138,,,0.63,1.11123,4013.0,5.161525037660061,13.6464,45
229358120,,,1.22,1.98801,6266.0,32.35936569296281,14.8286,45
204248729,,,1.19,3.13396,6203.0,40.7380277804113,13.9378,45
388850980,,,0.52,0.925176,3620.0,13.697785753004968,14.9953,45
435428691,,,0.96,2.10509,5494.0,15.848931924611142,15.7015,45
276662486,,,0.567606,0.575479,3648.0,13.638632644493423,12.1447,45
220249309,,,0.741,1.31123,4658.0,2.5118864315095824,14.169,45
427455887,,,1.102,1.46296,5989.0,9.460672082335083,10.4467,45
436158898,,,0.549,0.909565,3703.0,12.26259303802601,14.8744,45
43015117,,,0.94,1.22365,5393.0,5.754399373371567,14.2124,45
144734702,,,0.58,1.19611,3789.0,9.791361812588953,14.2686,45
369806193,,,0.73,1.18019,4592.0,7.585775750291836,13.5624,45
220071551,,,0.518516,0.521099,3208.0,5.399889117378365,16.0539,45
59468232,,,0.62,1.27343,3997.0,12.30268770812381,15.9893,45
43010393,,,1.05,1.08023,5835.0,5.754399373371567,13.2597,45
173173297,,,0.84,1.50793,5055.0,14.791083881682072,15.3017,45
432671920,,,1.03,1.1265,5741.0,30.90295432513592,15.116,45
425967239,,,0.97,2.01546,5528.0,21.379620895022324,13.8071,45
434291061,,,1.04,1.29499,5792.0,46.77351412871982,13.388,45
43152097,,,1.23,1.23783,6290.0,22.387211385683376,11.3619,45
180313307,,,0.97,2.32756,5516.0,45.70881896148752,15.7189,45
220063215,,,0.545664,0.550455,3134.0,10.043877336947592,15.7159,45
436331626,,,0.649755,0.680806,3565.0,10.068058237848776,13.589,45
11284983,,,0.61,1.085,3931.0,5.860295134077084,13.9089,45
36298034,,,0.668257,0.706725,3701.0,25.0,13.8352,45
42434013,,,0.66583,0.703299,3737.0,22.387211385683376,14.5203,45
124805411,,,0.305831,0.325443,3152.0,35.481338923357534,16.4507,45
220152973,,,1.4,1.47275,6648.0,32.35936569296281,14.9965,45
50726498,,,0.664572,0.701525,3008.0,14.167487275703175,16.3205,45
34511791,,,0.658566,0.693086,3344.0,9.835586247832971,14.9789,45
1788654866,,,1.44,2.77918,6747.0,31.6227766016838,14.0618,45
42760780,,,0.874,0.870635,5166.0,35.481338923357534,13.1697,45
80568154,,,0.95,0.697708,5431.79,22.387211385683376,12.6156,45
395468909,,,1.27,1.23795,6373.0,19.952623149688787,14.9173,45
376063136,,,1.12,1.83961,6027.0,15.848931924611142,16.3662,45
11167090,,,0.316924,0.335048,3240.0,8.221443836031305,16.8093,45
105725506,,,0.97,1.33699,5525.0,13.182567385564074,15.5202,45
436155630,,,0.557923,0.564283,3136.0,8.09058818745684,16.0651,45
164017850,,,1.34,2.92247,6515.0,38.904514499428046,13.412,45
176236871,,,1.06,1.66437,5849.0,15.13561248436207,14.6388,45
427450659,,,0.529343,0.532608,3248.0,5.433678634436152,15.9595,45
427460324,,,0.6,1.09622,3887.0,13.300949246917222,13.9097,45
264742264,,,0.61,1.13411,3942.0,13.118219139033004,13.596,45
34471076,,,0.529878,0.533183,3007.0,9.157381117394024,16.2111,45
109027032,,,0.67,0.731202,4267.0,33.11311214825908,16.073,45
50790371,,,0.641758,0.669787,3407.0,14.258261594155286,15.3909,45
46707641,,,0.845,1.43601,5058.0,21.87761623949552,13.4265,45
436013323,,,1.3,1.28909,6440.02,9.623543342958316,12.4236,45
435665920,,,1.0,1.25212,5659.0,42.65795188015926,14.8639,45
50792493,,,0.9,0.744946,5258.01,4.897788193684466,13.1283,45
124504972,,,0.504824,0.50689,3181.0,25.0,15.3785,45
50788524,,,0.6,1.07969,3863.0,5.057818756190605,14.2369,45
449257500,,,0.498,1.05091,3577.0,11.13650827358186,14.3269,45
427353001,,,0.664585,0.701543,3416.0,11.226365847563926,15.5385,45
457249519,,,0.403751,0.410919,3185.0,4.897788193684466,16.5427,45
147705691,,,0.896,0.800618,5246.0,34.673685045253166,13.5809,45
123548883,,,0.534024,0.537663,3248.0,25.0,15.3276,45
115368079,,,0.96,1.85214,5478.0,12.30268770812381,15.5997,45
116951574,,,1.12,1.31194,6044.0,40.7380277804113,14.288,45
427349680,0.0057657971770575115,0.0052821126633815435,0.52,0.971543,3631.0,12.76044373253458,14.6895,45
264460164,0.011520077879365152,0.009916154128392972,0.71,1.07368,4509.0,14.556707376881882,14.0406,45
457249397,,,0.612806,0.631164,3308.0,14.38919728406151,15.063,45
436331641,,,0.679,0.878937,4347.21,7.5642455439159795,12.8644,45
119685835,,,0.78,0.700035,4827.0,11.748975549395302,15.4761,45
427352709,,,0.403315,0.410529,3340.0,10.249829771960474,16.6684,45
178062175,,,1.33,1.41083,6495.0,23.442288153199225,15.2329,45
124189579,,,0.99,0.969527,5590.0,34.673685045253166,13.1593,45
435936540,,,0.534377,0.538048,3200.0,14.0,16.2286,45
178796208,,,1.08,1.33353,5930.0,45.70881896148752,15.5492,45
427459857,,,1.05,1.36726,5842.32,2.0,12.3306,45
50746962,,,0.634017,0.659254,2934.0,11.534963833873183,16.8703,45
1650958683,0.010100816431263092,0.01129554894778749,0.88,1.5186,5169.0,20.417379446695275,15.8741,45
264541631,,,0.653016,0.685335,3957.0,9.5677069549698,13.3454,45
360067461,,,1.06,1.9192,5863.0,15.848931924611142,15.2576,45
217195383,0.009455862278286934,0.010307173573796256,1.29,2.37586,6420.0,35.481338923357534,15.7546,45
180363646,,,1.43,3.80955,6716.0,38.01893963205613,14.4651,45
11202446,,,0.662837,0.699082,3278.0,8.0641046312859,15.3112,45
426185056,,,0.585806,0.597209,3074.0,14.0,16.175,45
50793688,,,0.514132,0.516509,3074.0,14.501041284046993,16.4573,45
50524438,,,0.555469,0.561485,3184.0,11.505023445877512,15.8121,45
436335319,,,0.468171,0.470512,3179.0,11.480695147150628,15.2577,45
220280769,,,0.58,1.11057,3794.0,2.5118864315095824,15.453,45
459991355,,,0.65,1.26746,4123.0,12.352632987348198,12.9501,45
436152728,,,0.924,1.92372,5347.06,12.410381480269198,12.1067,45
144616262,,,0.64,1.31242,4085.0,6.4982485381192685,13.531,45
11195767,,,0.433704,0.438078,3036.0,10.510409679292373,17.2957,45
427459831,,,0.36,1.20707,3342.0,13.75056333104108,15.4637,45
178124932,,,0.95,2.20596,5459.0,23.442288153199225,14.7187,45
125683185,,,1.09,1.77921,5955.0,23.442288153199225,16.1212,45
177327881,0.01653950733440109,0.01606757681555069,1.33,2.09993,6498.0,23.442288153199225,15.1206,45
177094963,,,1.44,1.65656,6747.0,9.332543007969903,14.9506,45
4160219,,,1.45,2.32868,6777.2,8.440109963729494,11.2296,45
50742699,,,0.604093,0.619981,3289.0,13.051238649035074,15.2851,45
264742933,,,1.24,1.51987,6311.0,14.57134182650582,11.254,45
50789174,,,0.532577,0.536096,3206.0,13.09951807684339,15.9098,45
172996081,,,0.456794,0.459641,3259.0,32.35936569296281,16.6803,45
50583248,,,0.88,1.49203,5170.0,11.61092112751756,11.7458,45
118122190,,,0.85,0.775365,5069.0,38.904514499428046,16.5985,45
11356312,,,1.131,1.41717,6063.0,4.897788193684466,10.6267,45
50625192,,,0.447425,0.450815,3192.0,11.566970054281828,16.2351,45
220053158,,,0.593936,0.607216,3474.0,9.028826809283508,16.6072,45
264592595,,,1.08,1.80888,5924.0,9.851075287651147,11.6833,45
117600739,0.016023675045255408,0.015543047511031376,1.17,1.04569,6163.0,41.68693834703355,15.1108,45
50585426,,,0.589509,0.601744,3242.0,37.15352290971728,15.4225,45
391862739,,,1.04,1.8706,5800.0,42.65795188015926,16.3215,45
118370762,,,0.94,1.08441,5389.0,38.904514499428046,16.4109,45
79688940,,,0.45,1.10924,3478.0,25.118864315095824,16.2055,45
50584723,,,0.539174,0.543284,3140.0,5.995467034059189,16.2626,45
427454938,,,0.481752,0.483734,3231.0,8.14443721619655,15.9375,45
118934216,,,0.37507,0.385542,3193.0,35.481338923357534,16.5759,45
427395572,,,0.536826,0.540715,4342.0,2.0,16.3434,45
388850909,,,0.61,1.22096,3945.0,7.31190266336259,14.633,45
427396245,,,0.583524,0.594435,4231.0,4.897788193684466,15.6247,45
50587520,,,1.02,1.08209,5727.13,5.687082471227241,13.0826,45
50898549,,,0.52,0.918061,3623.0,6.834735165198288,14.6641,45
156189825,,,0.502,0.984149,3586.0,8.385989140015969,15.2603,45
42760103,,,0.6,0.776652,3892.0,22.387211385683376,14.3789,45
200540842,,,0.626159,0.648709,3338.0,9.275478830681362,15.4983,45
269117530,,,0.345897,0.360124,3202.0,5.023094030268563,16.6609,45
264463229,,,0.559264,0.56582,3123.0,11.953556645592904,16.0224,45
359729142,,,0.6,1.04624,3881.0,7.585775750291836,15.1513,45
1919485642,,,0.97,1.80862,5507.0,44.668359215096345,15.5259,45
50747724,,,0.545096,0.549824,2952.0,14.012705459084051,16.0696,45
177926098,,,1.06,1.04024,5857.0,34.673685045253166,13.0628,45
50589987,,,0.54772,0.552748,3000.0,9.28126951368057,15.576,45
151475206,,,1.36,1.38632,6554.0,46.77351412871982,13.696,45
436010815,,,0.62585,0.648298,3123.0,11.52914850773398,15.5126,45
464839473,,,0.441964,0.44572,3108.0,13.617136994903166,17.2375,45
177715882,,,1.22,1.54383,6256.0,23.442288153199225,15.1754,45
220339199,,,1.16,1.96189,6129.0,2.5118864315095824,14.9509,45
11453624,,,0.454148,0.457137,3391.0,5.579942989474711,17.2974,45
1765038789,,,1.02,1.40508,5700.0,23.442288153199225,15.9154,45
72779523,,,0.480631,0.482632,3332.0,4.897788193684466,15.8247,45
220315604,,,0.93,2.01595,5364.0,2.5118864315095824,14.846,45
264484006,,,0.48,0.999171,3536.0,11.0,14.454,45
50527378,,,0.478349,0.480395,3098.0,11.3710654867946,16.4178,45
25703910,,,1.21,2.08678,6243.0,11.748975549395302,12.868,45
1650428541,,,0.97,1.23899,5502.0,47.863009232263806,15.3228,45
436103275,,,0.64,1.017,4092.0,7.079005034308899,13.9552,45
343068811,,,0.92,1.3385,5331.0,44.668359215096345,16.2871,45
119550951,0.008871161719290485,0.009003811539273402,0.84,0.801152,5035.0,11.748975549395302,15.3852,45
50624111,,,0.568891,0.576984,3608.0,13.586794739610612,13.5165,45
177121111,,,1.05,1.50238,5820.0,47.863009232263806,14.843,45
186198971,,,1.3,2.03506,6441.0,15.13561248436207,15.0161,45
180079784,,,1.49,1.99594,6880.0,45.70881896148752,14.7879,45
184150028,,,1.19,2.06942,6195.0,6.606934480075965,12.4389,45
427400439,,,0.558754,0.565235,3280.0,11.056637184471343,15.818,45
119628183,,,0.67,0.912541,4301.0,11.748975549395302,15.7559,45
457230094,,,0.50941,0.511608,3189.0,7.625542764614066,15.8283,45
231197097,,,1.07,1.19951,5890.0,2.5118864315095824,15.61,45
50747077,0.014025520801139413,0.017426422678426264,0.458986,0.461722,3329.0,10.260216156933502,16.3199,45
220074485,0.009935326226578204,0.00958082218548422,0.630324,0.654279,3257.0,4.897788193684466,15.072,45
176346263,,,0.86,1.55946,5112.0,43.65158322401656,15.6503,45
177272721,,,1.04,1.26611,5810.0,47.863009232263806,15.2844,45
115371553,,,0.88,1.36067,5189.0,15.13561248436207,15.5971,45
200540515,,,0.97,1.88441,5537.03,10.886894388940965,11.9322,45
427397203,,,1.02,0.643872,5724.0,6.94738917654708,15.0842,45
178332497,,,0.468451,0.470782,3386.0,34.673685045253166,16.8251,45
332861405,,,0.515002,0.517417,2898.0,14.799880524005,17.5495,45
427352240,,,0.98,1.08809,5566.0,5.6970721863977145,14.0997,45
464839300,,,1.213,1.3804,6250.1,8.932954434678441,11.1651,45
177325834,,,1.03,1.93715,5752.0,23.442288153199225,15.4396,45
179608290,,,1.35,3.1283,6547.0,26.915348039269137,14.503,45
186201518,,,1.18,1.88681,6169.0,13.80384264602884,14.7194,45
264460080,,,1.12,1.86883,6038.55,9.010090992819343,10.6102,45
4378441,,,0.555964,0.562048,3208.0,5.104296494755884,15.7787,45
264594308,,,0.63,1.12649,4020.0,8.642173280280455,13.459,45
151455376,,,1.15,1.87304,6120.0,23.442288153199225,15.2907,45
264486696,,,0.68,1.15004,4373.0,8.7129395955396,13.4291,45
124017843,,,0.438191,0.44222,3201.0,25.0,15.8844,45
436106292,,,0.479703,0.481721,3405.0,6.179671296491122,15.0415,45
343861823,,,1.03,0.900734,5754.0,7.422114283942848,16.7959,45
138828829,,,0.639014,0.666038,3203.0,13.151142340295458,15.0579,45
42885751,,,0.561788,0.568723,3309.0,22.387211385683376,15.2883,45
434287794,0.00991835847328212,0.008732876971431032,0.93,1.4717,5385.34,46.77351412871982,14.3117,45
337165570,,,1.25,1.12476,6330.0,46.77351412871982,13.4416,45
177599562,,,0.92,1.8905,5329.0,23.442288153199225,15.9447,45
388935640,,,0.532694,0.536222,3115.0,14.69306321176709,16.2896,45
264594064,,,0.595948,0.609721,3442.0,14.8380995164323,14.4223,45
226224172,,,1.05,0.787176,5821.0,6.606934480075965,16.2701,45
118372698,,,1.23,1.8993,6277.0,38.904514499428046,14.5091,45
177988862,,,0.67,0.767596,4287.0,34.673685045253166,15.3232,45
50793496,,,0.436285,0.440458,3122.0,11.236307881515316,16.9755,45
427454525,,,0.627084,0.649943,3392.0,13.098459213047644,15.9473,45
36917854,,,1.479,1.55993,6842.55,22.387211385683376,10.2961,45
11292166,,,0.452837,0.4559,3419.0,5.0,16.5848,45
427352403,,,0.97,1.44545,5526.0,12.318271816068926,13.6178,45
1747400892,,,1.09,2.43044,5968.0,38.904514499428046,15.0066,45
177925497,,,0.861,0.810023,5117.0,34.673685045253166,14.0016,45
43077100,,,0.595681,0.609387,3460.0,22.387211385683376,14.9749,45
1773015680,,,0.66,1.24015,4225.0,6.606934480075965,16.1288,45
285760413,,,1.45,1.79007,6767.0,21.379620895022324,15.7271,45
34367310,,,0.535712,0.539499,3518.0,5.236618815479499,13.7756,45
710963579,,,0.636,0.715674,4064.0,35.481338923357534,14.6062,45
134923242,,,0.91,1.80341,5302.0,28.84031503126605,14.8608,45
397993047,0.009402820108709168,0.009681032235317879,0.47,1.06826,3528.0,21.87761623949552,15.4645,45
72829804,,,0.52,1.18285,3635.0,12.182196843999996,14.9323,45
220045078,0.004621229853903918,0.0032747636936175705,0.62,0.926328,3968.0,10.000368266824497,13.2374,45
11296046,,,0.654936,0.688011,2975.0,8.95262447671752,15.5027,45
459990831,,,0.53,0.841057,3656.0,11.019238729656678,14.6129,45
50523263,,,0.584386,0.595481,3214.0,7.418501205221282,15.4475,45
138941427,,,0.58,0.992715,3797.0,7.378290484849447,14.0332,45
433132436,,,1.01,1.55775,5660.0,13.80384264602884,15.3639,45
177922493,,,0.97,1.02273,5510.0,34.673685045253166,13.4491,45
177325986,,,1.27,1.47986,6368.0,23.442288153199225,15.9496,45
167146664,,,0.76,0.75012,4734.0,28.84031503126605,16.2754,45
4256875,,,0.52613,0.529167,3127.0,5.185324800187846,16.2347,45
436011972,,,0.51,0.895884,3611.0,12.53568845335717,15.1521,45
1615111705,,,1.21,1.97663,6254.0,4.073802778041131,15.1623,45
432987923,,,1.35,2.16316,6550.0,30.90295432513592,13.0355,45
138827964,,,1.45,1.75527,6768.0,11.79027331731546,10.809,45
172697012,,,0.509317,0.511512,3284.0,32.35936569296281,16.0943,45
427352681,,,0.624029,0.645878,3148.0,12.82041841740655,15.5773,45
4200588,,,0.654799,0.687819,3405.0,7.417990542293093,14.8376,45
50623180,,,0.67,1.27839,4296.59,8.114795461339046,12.8971,45
432857388,,,1.11,2.66182,6013.0,20.417379446695275,14.4617,45
50742761,,,0.560246,0.566947,3437.0,11.179515935303316,15.9222,45
72489842,,,1.05,1.73878,5826.0,8.51138038202376,13.3158,45
427393433,,,0.632106,0.656676,3536.0,7.615908366273603,15.51,45
138935307,0.0036425626451999722,0.0009720957677712745,1.19,4.3763,6192.77,13.10493673260579,11.2049,45
432858122,0.002904283709253897,0.002671957902189963,1.13,1.18933,6051.0,15.13561248436207,14.7248,45
179341598,,,1.03,1.53303,5756.0,45.70881896148752,16.4336,45
435577320,,,0.89,1.13704,5236.0,42.65795188015926,14.8707,45
117982748,,,0.94,1.34931,5399.0,38.904514499428046,15.2629,45
359610531,,,0.606866,0.623517,3162.0,7.585775750291836,16.1329,45
79436417,,,0.62,0.980461,3987.0,25.118864315095824,15.9488,45
42884280,,,0.579631,0.589733,3279.0,22.387211385683376,15.1188,45
50788209,,,1.01,2.40988,5661.0,13.022488384506511,15.7757,45
50744466,,,0.515685,0.51813,3094.0,14.316296779750944,16.3214,45
264630937,,,0.653317,0.685754,3511.0,4.897788193684466,14.9405,45
388935174,0.0020982137348418495,0.0005398834950888883,0.95,1.97576,5457.0,6.0,11.1268,45
119232526,,,1.03,1.14213,5774.0,11.748975549395302,13.849,45
427335011,,,0.63,1.17908,4028.0,13.24618578240998,13.8396,45
178331573,,,0.96,0.832407,5488.0,34.673685045253166,13.7473,45
427454077,,,0.62,1.31132,4001.0,6.845027005124709,15.1627,45
229292450,0.016877281187366772,0.02142058000019917,0.9,1.10922,5265.0,32.35936569296281,16.4034,45
427374717,,,0.55,1.03362,3703.0,7.904566095483249,14.3706,45
388917848,,,0.65,1.29642,4150.0,9.06346692283008,16.3639,45
50898561,,,1.01,1.71445,5676.83,9.498146507107382,11.1345,45
264485407,,,0.479564,0.481586,3118.0,11.925012413808854,16.4444,45
35574166,,,1.43,1.50903,6715.0,22.90867652767775,13.8692,45
4295996,,,0.62,1.01877,3964.0,14.150210517763671,13.7636,45
182148006,,,0.82,1.20904,4957.0,6.606934480075965,15.8682,45
427373844,,,0.328178,0.344783,3893.0,2.0,14.2778,45
427334380,0.004894783906955366,0.004332807276556828,0.89,1.32134,5216.0,10.642091836570982,14.3686,45
124506416,,,0.6676,0.705796,3721.0,25.0,13.9659,45
4380168,,,0.62,0.968213,3963.0,11.627800582170508,14.0557,45
388935564,,,0.61,0.924113,3922.0,12.77685934521224,15.6114,45
180314761,,,1.23,1.74125,6295.0,45.70881896148752,15.872,45
231234830,,,0.57,1.05751,3758.0,2.5118864315095824,15.7262,45
435931719,,,1.06,2.18653,5859.02,8.836052284906836,11.364,45
50742659,,,0.457479,0.46029,3098.0,8.193823441115022,16.1853,45
138936937,,,0.52,0.942379,3637.0,8.59139665702788,14.7518,45
229294536,,,1.0,1.11698,5628.0,32.35936569296281,15.4633,45
11359646,,,0.564453,0.571806,3111.0,6.0,15.8936,45
177925789,,,1.49,1.84706,6862.0,23.442288153199225,15.8312,45
116479938,,,0.95,1.66942,5451.0,29.51209226666384,15.1459,45
11290890,,,0.78,1.11515,4803.0,10.637489485113496,12.2613,45
156287337,,,0.658488,0.692977,3126.0,12.435041388893715,15.2992,45
264538359,,,0.322043,0.339477,3115.0,8.529704989268243,14.4028,45
4159404,,,0.502131,0.504138,3039.0,11.899739294160682,16.3856,45
368948786,,,0.57589,0.585257,3044.0,7.585775750291836,16.7547,45
385689944,0.01594363839397751,0.01820487240305398,0.601156,0.616259,3248.0,7.585775750291836,15.9676,45
432357770,,,1.03,2.55864,5751.0,13.80384264602884,14.9237,45
50743562,,,0.52,1.00139,3627.0,13.509046103542689,14.6377,45
32525230,,,0.577,0.854132,3791.0,25.0,14.0164,45
116706681,,,1.04,2.59838,5803.0,41.68693834703355,14.8083,45
294310773,,,0.260011,0.285366,3414.0,22.387211385683376,15.8849,45
220065923,,,0.581962,0.592543,3181.0,6.809936052738474,15.4182,45
433373748,,,1.06,1.68544,5863.0,15.13561248436207,14.7593,45
229296334,,,1.12,1.4326,6036.0,32.35936569296281,15.2001,45
217089248,0.00843622955572293,0.008326853814041758,1.34,2.87951,6526.0,35.481338923357534,15.221,45
50624863,,,0.97,0.944283,5531.0,6.038790408612133,13.4885,45
280970993,,,1.09,1.2207,5946.09,4.897788193684466,12.0681,45
436154736,,,0.479129,0.481159,3110.0,14.0,16.6041,45
427458200,,,0.62,1.10828,3971.81,14.155629595931387,14.1749,45
147376862,,,0.709,0.941762,4511.0,34.673685045253166,14.0826,45
125125928,0.0036883586708936758,0.0005029743571153333,1.455,1.51146,6780.0,35.481338923357534,9.7593,45
4378239,,,0.626574,0.649263,3143.0,10.228307286709148,15.2556,45
89200909,,,0.657484,0.691571,3514.0,12.648554562963032,15.3731,45
1651076918,,,1.45,2.34173,6763.0,20.417379446695275,15.916,45
220239505,,,0.69,1.26179,4412.0,2.5118864315095824,14.7534,45
179606167,,,1.06,1.40543,5865.0,45.70881896148752,15.3864,45
427395933,,,0.63157,0.655954,3313.0,6.424834538169575,15.327,45
176409971,,,1.3,2.69092,6429.0,5.888436553555883,14.2711,45
11291320,,,0.99,0.586561,5603.0,10.02343973060962,17.4288,45
138856096,,,0.528581,0.53179,2996.0,14.347719538823826,15.5556,45
11360348,,,0.624746,0.64683,4028.0,7.968599662636223,16.7032,45
50727371,,,0.45,0.915389,3481.0,12.606702956342769,15.3576,45
178061071,,,1.11,1.17155,6014.0,23.442288153199225,15.3122,45
138857909,,,0.554122,0.559956,3157.0,11.947454726979714,15.6458,45
200540943,,,0.576758,0.586292,3019.0,5.0,16.4458,45
177409935,,,0.499098,0.501055,3697.0,34.673685045253166,15.8114,45
436335504,,,0.623605,0.645317,3303.0,11.548711527396174,16.2701,45
166039455,,,1.25,1.72618,6322.0,28.84031503126605,13.3246,45
229308050,,,0.68,1.23256,4359.0,2.5118864315095824,14.2812,45
383024408,,,0.63,0.937301,4038.0,21.87761623949552,14.9095,45
52817964,,,0.55919,0.565735,3715.0,34.673685045253166,15.7146,45
118876699,,,0.698,0.884103,4452.0,35.481338923357534,13.2002,45
276662350,,,0.677,1.04215,4334.0,10.678687629677809,12.5766,45
175876369,,,0.68,0.750538,4360.0,21.87761623949552,16.0522,45
177276217,,,1.33,1.24588,6495.0,6.165950018614822,15.2697,45
207045436,,,0.58,1.28309,3802.0,2.5118864315095824,14.5747,45
119241786,,,0.96,1.17395,5482.0,11.748975549395302,15.1876,45
264486327,,,0.38,1.04191,3369.0,11.035875575779093,14.9965,45
11296835,,,0.655465,0.688749,3195.0,8.07618623466447,15.49,45
276661551,,,0.504152,0.506203,3172.0,10.04485167328389,16.1447,45
713220816,,,0.35,1.08366,3321.0,13.87476135284873,14.7452,45
11290021,,,0.62,1.29344,3970.0,4.897788193684466,13.7426,45
217076607,,,1.39,2.87168,6632.0,35.481338923357534,15.0007,45
751852409,,,1.38,2.62858,6602.0,6.165950018614822,13.5975,45
323419094,,,0.55,1.15464,3701.0,10.75341546229493,14.0726,45
427454721,,,0.42,1.05313,3425.0,7.183042404931128,14.661,45
264542034,,,0.593036,0.606098,3250.0,6.73795823002148,15.577,45
124332433,,,0.79,0.709011,4850.0,34.673685045253166,14.5235,45
229371149,,,1.29,2.19423,6417.0,32.35936569296281,15.1913,45
11361066,,,1.01,1.2142,5683.0,10.75023226966093,12.3985,45
53589123,,,0.548751,0.553903,3283.0,22.387211385683376,15.2649,45
459991586,,,0.559676,0.566293,3244.0,5.39191872243739,15.4474,45
264743392,,,0.533665,0.537274,3212.0,13.609729118555087,16.0092,45
174738233,,,1.35,1.23159,6529.0,15.13561248436207,14.1662,45
264739020,,,0.634147,0.65943,3470.0,4.897788193684466,15.0838,45
214623656,,,1.3,2.93991,6435.0,35.481338923357534,14.6466,45
1642098578,,,1.0,1.46839,5641.0,47.863009232263806,15.2014,45
436098557,,,1.17,1.09306,6151.0,8.36221744334453,16.7204,45
432861728,,,1.44,1.54278,6749.0,20.417379446695275,14.4888,45
177523730,0.0064634053035067685,0.0058642325297988095,1.14,1.9543,6082.0,23.442288153199225,14.6059,45
120546297,,,0.587686,0.599507,3459.0,35.481338923357534,14.5397,45
11199010,,,0.72,0.758683,4582.0,6.188770830666473,15.6198,45
42759371,,,0.68,0.873088,4367.0,22.387211385683376,13.3757,45
215939172,,,0.87,1.38825,5162.0,21.379620895022324,16.4741,45
220250132,0.004207855656927555,0.0036196606434477155,1.27,1.5724,6361.0,2.5118864315095824,14.032,45
186196584,,,0.9,1.32792,5242.0,30.90295432513592,15.8553,45
279990507,,,0.603619,0.619378,3459.0,22.387211385683376,13.8766,45
11291074,,,1.14,1.03816,6091.58,10.983235188931442,13.7052,45
362792595,,,1.42,2.3892,6694.0,2.39883291901949,14.382,45
50523429,,,0.51,1.09731,3596.0,10.953763462810809,14.4842,45
220065465,,,1.42,1.9351,6691.68,5.9368555177332,10.9011,45
340975135,,,0.47,0.865771,3511.0,2.5118864315095824,16.2758,45
138829266,,,0.61643,0.635878,3032.0,7.370573790748698,15.7936,45
231190450,,,1.13,1.23338,6070.0,2.5118864315095824,15.4636,45
50898642,,,0.48,0.926884,3530.0,9.352541852496852,14.7266,45
436153026,,,0.49,1.12568,3558.0,6.772588609392943,14.4043,45
332918986,,,0.636462,0.662566,3075.0,11.746750965704996,15.3165,45
391187574,,,1.03,2.1561,5765.0,42.65795188015926,13.0577,45
220314617,,,0.85,1.31488,5065.0,27.54228703338169,16.1686,45
43269554,,,0.665162,0.702357,2978.0,5.754399373371567,15.8048,45
179330146,,,1.1,3.48868,5977.0,26.915348039269137,15.3683,45
1640702739,,,0.96,1.04369,5467.0,40.7380277804113,15.3536,45
117599242,,,1.32,1.04085,6481.0,41.68693834703355,14.8696,45
200515411,,,0.6,1.05914,3892.0,11.23976899848501,14.2487,45
43385944,,,1.06,1.29562,5849.0,5.754399373371567,13.4176,45
427460078,,,0.634345,0.659698,3157.0,8.156411433366861,15.2807,45
433681871,,,1.02,1.86258,5706.0,47.863009232263806,15.452,45
156187150,,,0.249606,0.276103,3142.0,22.387211385683376,16.5527,45
200541878,,,0.490128,0.492034,3076.0,14.0,16.5848,45
427352571,,,1.26,0.995751,6347.0,9.913704500959913,13.8041,45
50795413,,,0.49,1.01265,3550.0,6.708731194497455,14.9511,45
427459755,,,0.58,1.22845,3800.0,9.8326275807671,14.7296,45
427393114,,,0.36,1.0107,3329.0,3.0,15.1601,45
264484872,,,0.484398,0.486344,3190.0,4.897788193684466,16.2422,45
72831633,,,1.02,1.49462,5721.0,14.22794532598713,14.4623,45
365691048,,,0.67,0.953397,4313.0,6.17542765786056,15.3039,45
186198808,,,0.92,1.7504,5330.0,20.417379446695275,16.1086,45
436014792,,,0.503351,0.505384,3348.0,5.0,16.7071,45
177270558,,,0.95,1.66861,5437.0,23.442288153199225,16.5864,45
61398070,,,0.89,1.12302,5231.0,22.90867652767775,15.5279,45
51806100,,,0.668491,0.707056,3700.0,21.87761623949552,15.5418,45
1640471073,0.01595704928785609,0.02062163402574857,0.94,1.47265,5406.0,38.01893963205613,16.473,45
220314623,,,1.05,1.59807,5827.46,2.5118864315095824,12.8244,45
119172727,,,0.61,0.62418,3933.0,11.748975549395302,16.3555,45
319365261,,,1.09,1.34582,5967.0,4.897788193684466,11.6411,45
178158514,,,1.33,1.81388,6497.0,34.673685045253166,11.6268,45
138859077,,,0.662,0.979244,4234.0,14.467771610330562,13.0696,45
200541161,,,0.648364,0.678879,3274.0,8.36914329283285,15.2834,45
1640702619,,,0.88,0.964155,5173.0,40.7380277804113,15.6003,45
427454438,,,1.4,1.48055,6643.0,11.17114163090261,14.6207,45
72832556,,,0.547564,0.552574,2859.0,4.897788193684466,16.221,45
50744383,,,0.84,1.1979,5039.0,5.318211346998919,12.6713,45
715872326,,,0.56,1.04584,3731.0,14.0,14.6846,45
264240264,,,0.55,0.873716,3708.0,21.87761623949552,15.8555,45
282708344,0.003482588448433037,0.0007032763712447645,1.353,1.32121,6547.0,25.0,10.6066,45
50793960,,,1.1,1.60051,5979.67,5.238495444201966,12.2659,45
343862669,,,0.623269,0.644872,3069.0,7.038767766672777,15.7754,45
50663758,,,0.636103,0.662079,3316.0,9.336028990930869,15.0657,45
220338598,,,0.9,1.2271,5263.0,2.5118864315095824,15.3544,45
280972485,,,1.12,2.45404,6044.0,14.629169694314006,11.1081,45
50792177,,,0.79,0.901315,4852.0,7.1157189464390544,14.3059,45
229301134,,,0.91,1.35376,5311.0,32.35936569296281,15.2409,45
229345171,,,1.17,1.28434,6154.0,26.915348039269137,13.6442,45
138855412,,,1.303,1.97933,6439.3,5.572677765706202,10.0638,45
11193776,,,0.62281,0.644264,3814.0,5.206850999335064,15.1991,45
220076177,,,0.97,2.12076,5527.52,12.527177808510206,11.4505,45
178674503,,,0.650586,0.681958,3528.0,34.673685045253166,15.7371,45
147844208,,,0.512622,0.514937,3682.0,34.673685045253166,15.9523,45
264743659,,,0.57,1.23333,3768.68,9.589838390189117,13.8518,45
18974607,,,0.653711,0.686303,3837.0,21.87761623949552,15.5715,45
427347661,,,0.598989,0.613529,3277.0,14.09758499728104,15.8907,45
436008484,,,0.622,1.15984,3987.0,7.937704125992329,13.8618,45
433342264,,,1.0,2.14367,5621.0,13.80384264602884,15.2019,45
50590134,,,0.9,1.69791,5271.53,13.95357637446357,12.1368,45
425134330,,,1.05,1.25221,5830.0,21.379620895022324,15.2501,45
46333164,,,0.926,1.28282,5355.0,5.754399373371567,12.7442,45
388935512,,,0.533975,0.537611,3089.0,5.47134118183646,16.4085,45
427333760,,,0.56,0.97187,3743.0,11.289097301857836,14.5439,45
138941435,,,1.435,1.54354,6731.0,7.502619538554765,10.6505,45
294125057,,,0.62,1.15536,3981.0,46.77351412871982,16.0238,45
427397446,,,0.479794,0.481811,3907.0,4.897788193684466,16.305,45
382933597,,,1.34,1.66762,6509.84,21.87761623949552,12.2504,45
50792745,,,0.5,0.903398,3579.0,13.10154224093716,14.7704,45
427395635,,,0.475328,0.477445,3887.0,2.0,16.7847,45
264486497,,,0.620076,0.640657,3325.0,12.045166621723748,15.0009,45
369912246,,,0.773,1.11274,4791.0,7.585775750291836,13.5349,45
432661279,,,1.05,1.36998,5823.0,47.863009232263806,15.4912,45
50589717,,,0.410915,0.417344,2992.0,11.531965502754996,16.6335,45
427347589,,,0.62,1.1681,3953.0,8.838356257517095,14.1523,45
117463833,,,1.03,2.3298,5763.0,38.904514499428046,15.5208,45
332861434,,,0.527,1.0236,3644.0,6.632396895900814,16.5115,45
229345003,,,1.46,4.46276,6805.0,32.35936569296281,13.0182,45
66527494,,,0.606538,0.623097,3013.0,11.249797335170005,15.7254,45
457231123,,,0.635066,0.660673,3400.0,8.711290760110577,14.9033,45
204565746,,,1.14,3.0195,6096.0,20.417379446695275,15.5644,45
11361733,,,0.530427,0.533774,3273.0,4.897788193684466,16.1057,45
427377035,,,0.96,1.53774,5487.96,7.835607045074359,11.4275,45
390785190,,,0.89,0.793487,5233.0,42.65795188015926,15.9995,45
443767045,,,0.711,0.780364,4522.0,4.897788193684466,13.3523,45
144666234,,,0.601838,0.617121,3047.0,5.295993203944084,15.9532,45
151466693,,,0.84,1.49236,5034.0,46.77351412871982,14.6385,45
177132818,,,1.32,1.43774,6477.0,23.442288153199225,15.5804,45
11199544,,,0.52,1.10094,3634.36,13.09799870909652,14.4871,45
427395784,,,0.44076,0.444602,3891.0,11.76734859328242,16.5408,45
436245962,,,0.589052,0.601182,3159.0,12.898659787154608,15.8426,45
116819354,,,0.97,1.93237,5531.0,15.13561248436207,14.933,45
391379658,,,0.63,1.1422,4021.0,42.65795188015926,16.4163,45
164012324,,,1.02,1.69176,5731.0,38.904514499428046,15.9187,45
294351040,,,1.23,1.01979,6292.0,46.77351412871982,14.116,45
4205669,,,0.540287,0.544507,3253.0,14.825918547259205,15.6019,45
177444480,0.012619079002952557,0.012017758529675328,1.19,1.5244,6202.0,47.863009232263806,14.9866,45
119239166,,,1.005,0.94546,5659.0,22.387211385683376,10.7118,45
715995747,,,0.38,0.809352,3360.0,4.897788193684466,15.5079,45
123844100,,,0.550675,0.556062,3314.0,22.387211385683376,15.3294,45
435932211,,,0.634289,0.659622,3180.0,7.22298709289184,15.6018,45
50619424,,,0.560938,0.567743,3181.0,8.191892486818361,15.7168,45
50727006,,,0.537608,0.541569,3024.0,6.277021148177081,15.9831,45
427347356,,,0.39,0.865533,3390.0,13.684948957627338,15.7599,45
229295594,,,0.95,0.944487,5446.0,32.35936569296281,16.0221,45
359614443,,,0.56,0.959449,3738.0,7.585775750291836,15.7858,45
264623397,,,1.33,1.64966,6486.69,12.217193721725629,11.0105,45
118616333,,,1.28,1.24453,6396.0,15.848931924611142,14.272,45
110053367,0.005676333487617136,0.005165163063169457,1.26,4.26928,6354.0,5.248074602497723,14.6316,45
427348627,,,0.55,0.965969,3695.0,10.721775256315045,15.2401,45
220070973,,,0.42,1.07701,3432.0,9.16929743474902,15.5045,45
43492225,,,0.652607,0.684766,3751.0,5.754399373371567,15.0887,45
175357810,,,1.16,1.53074,6133.0,39.81071705534969,15.4228,45
369165354,,,0.620962,0.641824,3094.0,7.585775750291836,16.3391,45
201369557,,,0.62,1.27193,3990.0,10.109456286487834,13.6286,45
264740014,,,0.93,0.842756,5355.0,5.0,12.6927,45
177860005,,,1.002,0.935979,5649.0,34.673685045253166,13.1941,45
4378111,,,1.43,1.37211,6709.0,11.71494022610722,10.7469,45
11286130,,,0.618332,0.638366,3322.0,12.659110416246577,15.6043,45
436336914,,,1.33,2.86682,6503.0,4.897788193684466,12.0971,45
427395630,,,0.543036,0.54754,3467.0,8.858592358020118,15.9957,45
124103023,,,0.937,0.910459,5394.0,35.481338923357534,11.6287,45
50619426,,,0.654851,0.687893,3416.0,5.866421142335112,14.729,45
118371616,,,0.96,1.08769,5484.0,45.70881896148752,15.5228,45
358140647,,,1.08,1.04932,5935.0,26.915348039269137,15.8496,45
177409510,,,0.719,0.771371,4559.0,34.673685045253166,15.073,45
436161945,,,0.62084,0.641663,3060.0,14.0,16.0206,45
264460162,,,0.514864,0.517273,2887.0,9.0,16.5081,45
427452681,,,0.5,0.880286,3573.0,13.547564582700604,14.7557,45
358443568,,,0.74,1.13071,4645.0,7.585775750291836,14.6752,45
119369677,,,0.486288,0.488215,3182.0,22.387211385683376,14.9925,45
118937117,,,0.62,1.10711,3961.0,25.703957827688647,16.4839,45
119214028,,,1.47,2.95644,6826.0,14.45439770745928,15.1078,45
427459897,,,0.549135,0.554332,3663.0,2.0,16.7853,45
180157131,,,1.21,3.12796,6242.0,47.863009232263806,15.9197,45
433172338,0.0065665843715996,0.005857608507691136,1.12,1.31648,6028.0,15.13561248436207,14.4469,45
176408367,0.005983773763746477,0.005405007849367236,1.48,3.68541,6854.0,15.13561248436207,14.5659,45
229373288,,,0.99,0.788012,5606.0,32.35936569296281,15.2623,45
427454952,,,0.414509,0.420583,3112.0,12.281352136127229,16.5649,45
427396081,,,0.579211,0.589229,3656.0,9.607622204520858,15.6369,45
59468433,,,1.08,2.72836,5936.0,46.77351412871982,12.49,45
399242029,,,0.75,1.03021,4684.0,21.87761623949552,14.0863,45
459991478,,,1.01,2.35742,5678.97,9.437585550418898,12.1991,45
359892505,,,0.38,0.774587,3362.0,7.585775750291836,16.2857,45
427451013,,,0.628135,0.651346,3186.0,7.198077020624785,15.661,45
427374585,,,0.665168,0.702366,4288.0,2.0,16.3665,45
34470577,,,0.629807,0.653585,3122.0,9.991454233426312,15.2719,45
355530629,,,0.662,1.28045,4232.0,7.585775750291836,13.8298,45
427452054,,,0.635829,0.661706,3123.0,6.247391331720494,15.5112,45
432441854,,,1.16,1.76455,6138.0,40.7380277804113,15.8168,45
427373661,,,0.616146,0.635508,3430.0,11.902269022574682,16.916,45
231200599,,,0.81,1.38663,4917.0,2.5118864315095824,14.9893,45
151352190,,,0.9,0.858465,5274.0,46.77351412871982,14.8142,45
72920222,,,0.655157,0.688319,3289.0,13.811989428488502,14.8669,45
229296437,,,1.24,1.51796,6309.0,32.35936569296281,14.8009,45
264485595,,,0.76,1.152,4733.0,5.144878093919441,12.4602,45
264740703,,,1.14,2.26327,6088.0,8.248724569685791,11.2826,45
427333808,,,0.591089,0.60369,3540.0,6.466507092447538,12.7583,45
276663661,,,0.498428,0.500376,2960.0,10.167910053747963,16.6242,45
200593247,0.0038915357302449463,0.003280421685590006,0.653,0.927796,4173.0,22.387211385683376,13.7293,45
11286919,,,0.662003,0.697909,3398.0,8.135746376117059,15.5492,45
427395898,,,0.599566,0.614255,3200.0,5.569131974953835,15.1473,45
368422891,,,0.590024,0.602378,3039.0,7.585775750291836,16.229,45
200526860,,,0.560546,0.567292,3699.0,4.897788193684466,16.5949,45
118370790,0.00734958136749533,0.005519608939380447,1.26,4.38437,6352.0,29.51209226666384,13.3524,45
138936125,,,0.607,1.15756,3913.0,7.020850302487912,13.0411,45
186193633,,,1.11,2.12009,6004.0,41.68693834703355,14.6524,45
264590842,,,0.592616,0.605578,3427.0,4.897788193684466,15.0849,45
119062296,,,0.89,1.49005,5208.0,11.748975549395302,13.7201,45
464837868,,,0.484415,0.486361,3122.0,14.528117069025337,15.9303,45
388935292,,,0.638355,0.665139,3248.0,6.402849123496005,15.2223,45
50622018,,,0.84,0.845814,5030.0,11.130222043515047,15.0551,45
50583983,,,0.5,1.02862,3591.0,10.70748269922196,14.5457,45
1765486461,,,0.87,1.8296,5161.0,45.70881896148752,16.0589,45
264484311,,,0.56221,0.569209,3334.0,11.867392962028724,15.9624,45
4357441,,,0.62,1.21769,3982.0,12.63191456065156,13.7923,45
178328572,0.011302299238496556,0.012645516734441958,1.05,1.48549,5812.0,23.442288153199225,15.8764,45
436009797,,,0.497791,0.499732,3245.0,11.749795640476938,16.3496,45
118375799,,,1.19,1.5478,6209.0,35.481338923357534,14.231,45
72833801,,,0.52,1.201,3622.22,5.0,14.5587,45
217825084,0.005720643623068722,0.005231029669629353,1.35,3.7417,6543.0,35.481338923357534,14.6738,45
11193912,,,0.488262,0.490175,3406.0,13.237148065557191,15.9889,45
4295569,,,0.578243,0.588068,3067.0,9.32109577292666,15.5234,45
388851440,0.016158409436559065,0.015010039406055314,0.49,1.0214,3560.0,6.1036303820102535,14.8023,45
124330096,,,0.359,0.473382,3334.0,25.0,16.0998,45
264461231,,,0.446147,0.44962,3191.0,11.894891685361632,16.0126,45
200546453,,,0.546609,0.551508,2991.0,4.897788193684466,16.1502,45
37405708,,,0.408,0.414724,3083.0,22.387211385683376,16.5678,45
220281415,,,0.88,1.34744,5171.0,2.5118864315095824,13.5102,45
427453970,,,0.62,1.16361,3976.0,5.55295738109211,13.6433,45
123845343,,,0.396745,0.404672,3153.0,25.0,16.3185,45
358867566,0.0058952805625811355,0.005141639298467175,0.65,1.22235,4172.0,7.585775750291836,14.2045,45
71871609,,,0.529309,0.532572,3262.0,6.688805472249138,16.101,45
177099300,,,0.89,1.7179,5208.0,14.791083881682072,15.3474,45
199887787,,,0.65,1.28756,4172.0,10.40976437128246,13.5562,45
176347277,,,1.22,2.96004,6269.0,5.888436553555883,14.8637,45
116709168,,,1.2,1.78393,6228.0,41.68693834703355,14.9925,45
433180488,,,0.87,1.29482,5134.0,47.863009232263806,15.6744,45
436246042,,,0.624514,0.646522,3380.0,12.718650359523018,15.2236,45
50721943,,,1.45,2.3964,6763.56,8.723158649304029,11.1696,45
138979496,,,0.457449,0.460262,3113.0,9.0,16.3763,45
11402225,,,0.38,1.13607,3370.0,7.916279025407954,14.9769,45
11286070,,,0.57,1.24307,3776.0,8.738314561271636,14.0018,45
220049651,,,0.633258,0.658229,3430.0,10.110663256830636,15.2616,45
217090275,,,1.44,2.24571,6748.0,35.481338923357534,15.9607,45
229384276,,,0.88,0.85734,5195.0,2.5118864315095824,16.3768,45
151457635,,,0.98,1.97709,5556.0,23.442288153199225,15.5673,45
200512295,,,0.651907,0.683793,3082.0,14.849829069560316,15.586,45
388850971,,,0.54,0.952304,3671.0,12.946097902012708,15.1286,45
52972083,,,0.37,0.648888,3354.0,22.387211385683376,15.5735,45
359888239,2.0803751182675025,2.422082930769332,0.45,0.79476,3480.0,7.585775750291836,16.0522,45
443757385,,,0.67,0.966775,4316.0,6.948552774253178,10.5711,45
50789583,,,0.548291,0.553387,3264.0,12.053230576201663,15.8155,45
432863758,,,0.9,1.85247,5274.0,40.7380277804113,15.3504,45
118372070,,,1.28,1.60547,6388.0,38.904514499428046,15.04,45
103593629,,,1.25,2.18381,6329.0,7.413102413009177,14.3719,45
50793834,,,0.533756,0.537373,3309.0,11.118620268253997,15.6695,45
175840232,,,1.07,1.49842,5888.0,31.6227766016838,14.7342,45
124015661,,,0.497011,0.498944,2984.0,25.0,15.8566,45
388935632,,,0.663412,0.699891,3343.0,14.144277818649346,14.9393,45
276661958,,,0.5,0.840415,3585.0,9.91194636140336,15.4588,45
427396771,,,0.38,1.20355,3360.0,7.518834464808565,14.5417,45
11200543,,,0.660913,0.696378,3417.0,11.25309977553584,15.6375,45
204626422,,,1.27,2.56465,6361.0,40.7380277804113,15.4587,45
72917541,,,0.545873,0.550688,3235.0,8.193870002597674,16.1426,45
427333971,,,1.03,1.19525,5755.0,9.602530207701184,14.5071,45
18968842,,,1.12,1.15713,6023.0,21.87761623949552,12.7703,45
432939063,,,1.32,1.28671,6484.0,47.863009232263806,14.3221,45
35232274,,,1.18,1.42637,6180.0,22.90867652767775,14.4104,45
332944478,,,1.17,2.96307,6154.0,15.13561248436207,14.9298,45
264620463,,,0.62,1.075,3964.0,13.153497763795269,13.6908,45
427393217,,,0.610508,0.628193,3487.0,13.900792167323766,15.4049,45
50744579,,,0.65,1.24032,4137.0,9.18772179072164,13.6404,45
5317250,,,1.45,1.73606,6765.0,35.481338923357534,15.6981,45
368421839,0.012641401751906879,0.014190800757728907,0.37,0.960401,3349.0,7.585775750291836,15.8915,45
220073831,,,1.12,0.968015,6025.0,14.693403394335782,15.7775,45
264485438,,,0.518164,0.520729,3068.0,8.241596021615488,16.0854,45
156501291,,,1.005,0.96982,5659.0,22.387211385683376,11.1188,45
362305223,,,1.35,1.83567,6547.0,20.417379446695275,13.772,45
436153171,,,0.497,0.916153,3575.0,12.447567202201531,14.8938,45
115707992,,,1.0,1.953,5655.0,38.01893963205613,15.676,45
459991840,,,0.534407,0.53808,3139.0,7.032803537485819,15.7809,45
178479046,,,0.789,0.806255,4853.0,34.673685045253166,14.3666,45
144617252,,,0.49,1.25405,3568.0,10.672476690723444,14.6704,45
50723683,,,0.420817,0.426294,3051.0,11.168381770042076,16.603,45
177323404,,,1.13,1.3438,6062.0,47.863009232263806,14.5995,45
63301940,,,0.62,1.23896,3976.0,25.118864315095824,15.2903,45
220250010,,,0.88,0.825466,5177.0,2.5118864315095824,14.8723,45
427392712,,,0.598783,0.613271,3120.0,10.816291441985218,15.6459,45
427397599,0.010194217451028253,0.010596219021410105,0.592424,0.60534,3175.0,5.178594783885121,15.5156,45
436155984,,,0.613138,0.631594,3300.0,10.187358643241804,15.504,45
4296357,,,0.490835,0.49274,2992.0,7.576975576993133,16.6111,45
123677041,,,0.598578,0.613013,3989.0,34.673685045253166,15.9186,45
50722169,,,0.582312,0.592966,3246.0,9.71417621905555,15.6512,45
264743292,,,0.611,0.850513,3929.0,6.391941971537146,14.4106,45
115701725,,,1.04,2.93109,5781.0,41.68693834703355,16.1071,45
358135323,,,1.19,1.75013,6209.0,26.915348039269137,14.3892,45
50661892,,,0.589071,0.601205,3196.0,9.030755149328224,15.3828,45
427460001,,,0.668657,0.70729,3401.0,5.00383703507244,14.8643,45
132805016,,,1.29,1.50611,6410.0,28.84031503126605,13.8145,45
120755643,,,0.686,0.852745,4384.0,35.481338923357534,13.2084,45
50619599,,,0.667856,0.706159,3457.0,9.103003189557494,14.636,45
4257122,,,0.575606,0.584919,3231.0,7.915140791425028,15.4559,45
11402752,,,0.466,0.950256,3513.0,12.838157955022968,14.9937,45
11361293,,,0.4,1.02934,3401.0,14.095810123374651,15.3566,45
264486407,,,0.559951,0.566609,3260.0,11.583838023968228,15.4243,45
264593286,,,1.28,3.0281,6397.73,10.780015450686264,11.9429,45
199898448,,,0.9,1.99862,5270.0,13.24610740857873,11.6338,45
34396946,,,0.34,0.967225,3310.0,10.127554031516308,15.1717,45
220207489,,,0.75,1.16907,4711.0,26.915348039269137,15.802,45
427393307,,,0.660048,0.695164,3770.0,7.281990282885761,16.184,45
51801211,,,1.44,1.48322,6752.0,21.87761623949552,11.7103,45
457250611,,,0.640312,0.667809,3362.0,5.738629630569805,14.7949,45
199886459,,,0.54,0.969928,3688.0,4.897788193684466,14.6097,45
217831985,,,1.4,1.77272,6656.0,35.481338923357534,15.8411,45
11290775,,,1.02,2.0302,5737.75,9.282983139025209,12.9287,45
332856221,,,0.59,1.13423,3844.0,10.47023318700288,14.0337,45
177325324,,,0.94,1.13133,5402.0,47.863009232263806,15.8154,45
427396997,,,0.61,1.15284,3929.0,12.263677508698816,13.9682,45
432857368,,,1.47,1.84745,6810.0,40.7380277804113,15.037,45
50745221,,,0.661849,0.697694,3418.0,5.006749214474546,14.8307,45
50747916,,,1.03,3.23068,5767.0,14.8552840224274,12.4418,45
11200503,,,0.611399,0.629343,2952.0,10.219050840446377,15.6888,45
264682652,,,1.1,3.02813,5978.81,14.659468246905496,11.3042,45
185426369,,,1.09,1.89508,5944.0,15.13561248436207,14.7827,45
50790638,,,0.561162,0.568002,3159.0,10.563623454880595,15.9455,45
332913659,,,0.481745,0.483728,3172.0,8.66574517890574,16.4623,45
11197999,,,0.652238,0.684253,3915.0,5.0,14.488,45
162282452,,,1.34,2.11683,6508.0,22.387211385683376,15.4035,45
354464019,,,0.604036,0.619908,3377.0,7.585775750291836,15.9131,45
359885577,,,0.66395,0.700649,3325.0,7.585775750291836,15.5798,45
457230174,,,1.26,1.40247,6352.24,20.0,11.228,45
378065715,,,1.27,2.01857,6362.0,20.417379446695275,13.8813,45
50788972,,,0.43,0.881001,3452.0,13.65848387129101,14.912,45
216630460,,,1.31,2.03262,6459.0,15.848931924611142,15.905,45
433020491,,,1.15,1.55093,6118.0,13.80384264602884,14.6945,45
332856322,,,0.49,1.00369,3558.0,9.690406089777602,14.6732,45
264742673,,,0.83,1.095,4997.0,13.23425366023012,12.6297,45
1633199931,,,0.89,0.803505,5217.0,28.84031503126605,15.788,45
144545874,,,0.616924,0.636523,3190.0,14.0,15.9259,45
52901808,,,1.106,1.19119,5998.12,34.673685045253166,12.0621,45
284284064,,,0.570426,0.578787,3086.0,11.87703663789075,15.9787,45
50748655,,,0.98,1.6312,5553.0,7.2290014736292925,15.4204,45
138854707,,,0.92,0.909426,5335.0,4.897788193684466,14.8877,45
1796527462,,,1.16,2.11692,6142.0,42.65795188015926,15.7107,45
118611387,,,0.9,1.37416,5254.0,23.988329190194897,16.3197,45
180304832,,,1.04,1.93066,5779.0,47.863009232263806,16.4215,45
427395645,,,0.88,0.92796,5192.0,9.319817345629373,14.935,45
50749463,,,0.514683,0.517083,3167.0,10.041252074577276,15.9273,45
166034936,,,0.96,0.891331,5479.0,28.84031503126605,15.0529,45
427350754,,,0.521071,0.523792,3095.0,13.058221061827766,15.7569,45
220289855,,,1.16,1.32801,6126.0,2.5118864315095824,14.3678,45
11286002,,,0.523263,0.526114,3195.0,10.563447672716846,17.0655,45
43245642,,,0.458301,0.461071,3273.0,22.387211385683376,15.6993,45
264630712,,,0.486468,0.488393,3127.0,9.0,16.1834,45
116836963,,,1.16,2.38192,6139.0,12.30268770812381,15.2992,45
264619910,,,0.533366,0.53695,3830.0,4.897788193684466,15.9548,45
11197098,,,0.374721,0.385235,3212.0,5.0,16.8366,45
11452912,,,0.606708,0.623315,3118.0,12.04778655594935,15.5351,45
156143874,,,0.531934,0.535401,3104.0,4.897788193684466,16.4971,45
436008466,,,0.834,1.34223,5019.0,6.142466708749335,12.5899,45
360029858,0.004538556575247385,0.0033423460583673786,0.9,1.41553,5259.0,7.585775750291836,13.3137,45
220322651,,,1.04,2.86519,5778.0,2.5118864315095824,11.4668,45
174918004,,,1.08,1.54212,5917.0,39.81071705534969,15.6025,45
4355494,,,0.62,1.0656,3969.0,12.009779861039773,13.8818,45
11297024,,,0.634014,0.65925,3324.0,6.0,15.0867,45
50527986,,,0.59,0.966554,3827.0,12.760495398655593,14.2409,45
432504656,,,1.04,1.35297,5807.0,20.417379446695275,15.0474,45
390873931,,,0.99,1.41337,5592.0,16.98243652461746,14.1925,45
97718967,,,1.26,1.16203,6352.0,46.77351412871982,13.5563,45
4355485,,,0.67,1.11869,4303.0,10.376360941387633,13.2257,45
120022962,,,0.490063,0.491969,3449.0,34.673685045253166,16.2268,45
223794264,,,1.37,1.60003,6591.0,33.11311214825908,13.2078,45
179841380,,,0.92,1.45675,5328.0,45.70881896148752,16.2598,45
427380412,,,0.94,0.813072,5396.0,7.585743328065755,13.9153,45
340974221,,,0.99,2.30514,5592.0,2.5118864315095824,12.044,45
229357286,,,1.08,1.38754,5923.0,26.915348039269137,14.1548,45
50897317,,,0.522403,0.525202,3117.0,8.123044826434702,15.9072,45
138904722,,,1.21,1.64189,6236.4,7.738995874368006,11.1544,45
264743394,,,0.526355,0.529407,3267.0,6.94139854001166,15.8409,45
178382945,,,1.21,1.19712,6250.0,23.442288153199225,15.7954,45
50792552,,,1.0,1.84694,5631.0,5.679377990973149,14.4558,45
161943269,,,1.04,2.61395,5783.0,38.904514499428046,15.0005,45
11291127,,,1.14,1.54427,6074.0,5.873705010386036,14.5523,45
299826241,,,1.02,2.10105,5713.0,42.65795188015926,16.2747,45
43386175,,,0.99,1.3319,5608.0,5.754399373371567,13.2756,45
11200071,,,0.44,0.956961,3458.0,4.897788193684466,15.5252,45
299650493,,,0.613413,0.631951,3683.0,32.35936569296281,15.187,45
712786144,,,0.45,0.770562,3491.0,4.897788193684466,15.0554,45
50588134,,,0.582246,0.592886,3110.0,13.177777370211173,15.4093,45
72309956,,,0.93,1.29523,5359.0,8.51138038202376,15.4485,45
359326168,,,0.52,0.53115,3615.0,7.585775750291836,16.6421,45
427374342,,,0.557162,0.563415,3180.0,7.803143331944685,16.2557,45
264620850,,,0.369419,0.380594,2964.0,6.073612336362354,17.4284,45
201368475,,,0.651589,0.683351,3232.0,14.412554777952536,15.0888,45
18904177,,,0.88,0.846587,5200.0,37.15352290971728,14.0903,45
42236969,,,0.44766,0.451036,3219.0,22.387211385683376,16.0837,45
118122276,,,1.48,1.7314,6853.0,38.904514499428046,14.5832,45
103854318,,,1.29,2.02982,6406.0,7.413102413009177,13.4846,45
427395744,,,0.523551,0.52642,4089.0,2.0,16.4421,45
50588755,,,0.597244,0.611341,3340.0,7.934762142037881,15.1092,45
433513843,,,1.46,3.40511,6799.0,13.80384264602884,13.741,45
4378759,,,0.62306,0.644594,3351.0,9.066845960726956,15.1567,45
244539905,,,1.25,1.62613,6337.0,15.848931924611142,14.1519,45
459990803,,,0.389672,0.398399,3273.0,14.649893264009432,15.4598,45
427454424,,,0.617616,0.637428,3926.0,8.983000171417585,17.5824,45
103850826,,,1.43,1.70753,6720.0,4.073802778041131,13.4475,45
110052225,,,1.03,1.6052,5761.0,7.413102413009177,14.2608,45
50793469,,,1.08,1.15589,5927.0,13.185314649520704,13.4092,45
225597628,0.006282493315853286,0.00543900165657378,0.875,0.978138,5168.0,6.606934480075965,14.1148,45
177093785,,,1.16,1.78014,6121.0,13.80384264602884,15.1998,45
427351113,,,0.449501,0.452761,3106.0,9.0,16.8686,45
50625162,,,0.564883,0.572306,3334.0,14.972968331271185,15.4059,45
50662562,,,0.662506,0.698617,3338.0,7.451689227816476,15.5016,45
454225614,,,0.625712,0.648115,3198.0,11.44581981478099,15.1706,45
220064597,,,0.423753,0.428964,3577.0,4.897788193684466,15.5259,45
167159866,,,1.26,3.02208,6341.0,23.988329190194897,13.1074,45
134167811,,,1.009,1.8047,5676.0,5.754399373371567,11.2028,45
427455910,0.006776673979525522,0.006254862166937977,0.6,1.05636,3885.0,14.106555546674867,14.7513,45
117075861,,,0.9,1.71102,5242.0,45.70881896148752,15.1143,45
50744098,,,0.477179,0.479251,3060.0,7.0,16.5267,45
4205662,,,0.662459,0.698551,3463.0,11.964872051852767,14.6284,45
220070708,,,0.53,1.02686,3645.0,9.215012155459208,15.1795,45
125643934,,,0.72,1.30095,4543.0,6.165950018614822,15.3799,45
125417431,,,1.03,1.51359,5752.0,23.442288153199225,15.9728,45
427455953,,,0.407814,0.414557,3119.0,11.388463418188708,16.5706,45
176408922,,,1.46,2.4874,6783.0,15.13561248436207,15.6344,45
332974688,,,1.288,2.04585,6408.39,11.767759300951765,9.24666,45
427352970,,,0.572163,0.580835,4201.0,4.897788193684466,16.2672,45
457229782,,,0.55,0.97722,3720.0,9.0,14.1941,45
178789882,,,0.99,1.96234,5591.0,31.6227766016838,15.7378,45
50726889,,,0.628899,0.652368,3058.0,8.779839357463127,16.2271,45
264543369,,,0.499406,0.501368,3157.0,11.552539982254988,15.9717,45
50787428,,,0.542522,0.546971,3437.0,11.88996237362072,12.98,45
1631451042,0.005774793041739908,0.005230840609507008,1.0,1.97843,5636.0,15.848931924611142,14.5912,45
125644491,,,0.62,1.27073,3989.0,7.762471166286912,16.4085,45
53606955,,,0.66,1.02705,4244.0,25.118864315095824,15.514,45
264458509,,,0.63,1.07233,4034.0,14.597630878189536,13.614,45
457249391,,,0.58,1.06454,3794.0,5.870335530144983,13.8726,45
231147375,,,0.434944,0.43922,3589.0,2.5118864315095824,16.3721,45
97812214,,,0.7,0.91166,4471.0,46.77351412871982,15.5766,45
35489702,,,1.02,1.28158,5704.0,22.90867652767775,16.1696,45
427449715,,,0.588143,0.600067,3440.0,12.520318716857522,15.1948,45
231163403,,,0.669,0.699977,4283.0,2.5118864315095824,15.0646,45
59468143,,,0.51,1.21721,3604.0,12.30268770812381,16.769,45
1650749394,,,1.12,2.17996,6034.0,15.13561248436207,14.6131,45
106382400,,,0.93,1.00693,5374.0,33.11311214825908,14.914,45
427392750,,,0.386226,0.395355,2994.0,2.0,16.8257,45
50657573,,,0.610492,0.628174,2976.0,13.405314462845835,15.8392,45
436015073,,,0.540866,0.545143,3042.0,4.897788193684466,16.1156,45
432866232,,,1.12,1.82171,6045.0,13.80384264602884,15.3453,45
11197241,,,0.73,0.981225,4631.0,14.909074545284644,13.4614,45
11200032,,,0.62,1.18253,3953.0,11.752672075569446,13.6834,45
427352995,,,0.4,1.05411,3393.0,8.530423951302067,14.9096,45
425565866,,,1.02,2.71688,5706.0,21.379620895022324,14.2797,45
178780124,,,1.375,1.22874,6594.0,34.673685045253166,11.7267,45
11287132,,,0.74,1.01588,4668.91,7.316315206989183,12.7973,45
386394067,,,1.48,2.07207,6847.0,42.65795188015926,13.1579,45
151457136,0.009748157753735356,0.00990076218310537,1.11,1.63876,6000.0,23.442288153199225,15.3891,45
427455615,,,0.529586,0.53287,3249.0,8.947797906459042,16.7064,45
177985944,,,0.414558,0.420626,3539.0,34.673685045253166,16.3221,45
284283998,,,0.698,1.30373,4454.41,11.80615456009749,13.0535,45
388935433,,,0.521035,0.523755,3471.0,11.19788698552551,15.2,45
156431665,,,0.522371,0.525168,3264.0,22.387211385683376,15.244,45
50723462,,,1.23,0.924228,6289.0,5.58717510419367,13.2414,45
436333215,,,0.597153,0.611226,3145.0,7.3550747844168125,15.9151,45
388850627,,,0.551541,0.557038,3158.0,12.137207655492428,16.4663,45
388851082,,,0.610439,0.628105,3022.0,7.470727662658056,15.8187,45
359315851,,,0.734,1.40638,4629.0,7.585775750291836,13.1925,45
59468553,,,1.01,1.86671,5667.0,46.77351412871982,13.4872,45
282021352,,,0.568681,0.576738,3360.0,25.0,15.0678,45
436101636,,,0.482998,0.484962,3150.0,5.0,16.6997,45
181129324,,,1.1,2.21158,5981.0,38.01893963205613,15.5734,45
151446378,,,1.34,2.37771,6523.0,23.442288153199225,14.1786,45
132815692,,,1.24,1.53951,6298.0,28.84031503126605,14.1324,45
50530161,,,0.467019,0.469403,3161.0,10.279344800417364,15.9593,45
436008473,,,1.07,1.41323,5909.0,10.447587470965187,14.1428,45
50625002,,,0.493887,0.495797,3161.0,14.017465656379748,15.9862,45
427376213,,,0.490424,0.49233,3056.0,9.941906901356392,16.1023,45
32671898,0.010342838921072652,0.01136681393615015,0.467183,0.469561,3163.0,25.0,15.7935,45
264739190,,,0.36,1.21735,3331.0,12.816799978679445,14.4414,45
118370921,,,0.76,1.28002,4742.0,47.863009232263806,15.886,45
53606513,,,0.58,0.904755,3809.0,25.118864315095824,16.3856,45
50526798,,,0.62,0.987992,3984.0,12.858958376016163,13.6644,45
180304792,0.020998496305231023,0.02988718819661452,1.01,1.40716,5673.0,47.863009232263806,16.8302,45
427352685,,,0.533094,0.536656,3140.0,14.862521633505798,16.6343,45
388850978,0.003684217347084176,0.002448435115197657,0.81,1.50256,4943.0,10.73589707824812,13.1092,45
61400980,,,0.88,1.5593,5180.0,22.90867652767775,15.9914,45
427400235,,,0.61,1.18871,3916.0,6.586462059004134,14.1509,45
50589775,,,0.463743,0.46626,3237.0,11.558766215186036,15.981,45
220239086,,,0.74,1.37549,4665.0,2.5118864315095824,14.7031,45
231147525,,,0.66,1.30253,4206.0,2.5118864315095824,14.4972,45
432906358,,,1.05,3.44172,5830.0,47.863009232263806,14.7687,45
144546840,,,0.582138,0.592756,3106.0,9.333449567979656,15.6876,45
50624358,,,0.419402,0.425009,3050.0,7.725089377468387,16.5409,45
449200668,,,0.587557,0.599348,3252.0,6.9188686611951145,15.3882,45
427455738,0.017532780021770094,0.02738175971412788,0.385912,0.395078,3130.0,12.173828731675089,17.1593,45
50793327,,,0.51,0.831206,3609.0,5.543325080382803,15.4124,45
204552077,,,1.35,1.48817,6541.0,15.13561248436207,13.5504,45
123885933,,,0.487148,0.489069,3199.0,25.0,15.7081,45
427398434,,,0.53,0.97829,3650.0,9.760415793589704,14.6747,45
369173607,,,1.07,1.62183,5906.0,7.585775750291836,13.5004,45
427395877,,,0.489538,0.491446,3194.0,5.956084011378375,16.102,45
50529918,,,0.532213,0.535702,3114.0,13.504350402259991,16.0509,45
11287740,,,0.531246,0.534657,2849.0,10.081579391528605,16.9961,45
50726097,,,1.01,1.36394,5670.0,8.726781603003333,12.8356,45
220078102,,,0.447902,0.451262,3048.0,5.0,16.7355,45
220227796,,,1.08,2.34315,5911.0,32.35936569296281,15.1164,45
50658473,,,0.47,1.14486,3522.0,13.379532666942415,14.8199,45
427399461,,,0.469332,0.471632,3035.0,5.0,17.0511,45
50790058,,,0.483311,0.485271,3228.0,4.897788193684466,16.4036,45
50624892,,,0.659571,0.694495,3470.0,9.800105002045276,14.7753,45
427353051,,,0.371892,0.382758,3764.0,5.0,17.1207,45
11202491,,,0.630491,0.654504,3351.0,5.578283113254795,15.6947,45
66527267,,,0.605934,0.622326,3258.0,8.158049795165748,14.8643,45
163738416,,,1.32,2.02615,6479.0,43.65158322401656,15.8184,45
11201487,,,0.375043,0.385518,3243.0,8.059766711020274,13.4653,45
11355327,,,0.512508,0.514818,3159.0,9.71731077524338,17.0277,45
42559106,,,0.61483,0.633792,4007.0,22.387211385683376,15.2809,45
436010020,,,0.423898,0.429096,3089.0,14.0,16.8034,45
427352648,,,0.607798,0.62471,3504.0,8.934901382788647,16.0111,45
427455732,,,0.655407,0.688668,3365.0,11.264169765352063,14.8934,45
117472327,,,1.04,1.52438,5799.0,23.988329190194897,15.677,45
178377004,,,0.616388,0.635823,3645.0,34.673685045253166,16.2583,45
42756228,,,0.424704,0.429831,3257.0,22.387211385683376,16.3808,45
138857887,,,1.28,1.55638,6385.0,11.521742444168854,11.0613,45
179339101,,,1.37,1.71714,6585.0,45.70881896148752,15.67,45
19315401,,,0.73,0.870892,4592.0,21.87761623949552,15.2552,45
427396937,,,0.574353,0.583429,3372.0,8.199136699201333,15.8762,45
264594116,,,1.23,1.55303,6294.51,13.17803919489744,11.7228,45
464838728,,,0.748,0.60907,4688.09,14.796403660722548,11.9068,45
11283225,,,0.79,1.34671,4844.0,8.994304389470702,14.0201,45
357836003,,,0.54,1.09951,3691.0,7.585775750291836,15.6912,45
368540588,,,0.46,1.1013,3502.0,7.585775750291836,15.0997,45
203962788,,,0.844,0.947143,5055.0,21.87761623949552,14.3766,45
151466450,,,1.31,1.36549,6448.0,46.77351412871982,13.4804,45
11283114,,,0.7,1.18727,4458.0,14.700385731365651,13.8891,45
427352348,,,0.5,1.08796,3581.0,13.731585599528644,14.8512,45
186192054,,,1.17,1.83491,6152.0,13.80384264602884,13.3226,45
299831327,,,1.32,1.81129,6481.0,43.65158322401656,16.3797,45
50897452,0.005015072308443591,0.004323861363750177,0.62,1.14514,3993.0,6.105960080118713,14.062,45
11300116,,,0.624877,0.647004,3184.0,11.924418376244986,15.2553,45
432678568,,,0.97,1.15804,5529.0,15.13561248436207,15.6769,45
11167084,,,0.77,1.39495,4785.0,12.600064364199175,15.4885,45
400657994,,,1.11,1.74042,6006.0,42.65795188015926,16.269,45
427334561,,,0.55439,0.56026,3109.0,12.357665154751434,15.8321,45
427454510,,,0.620625,0.64138,3862.0,4.897788193684466,16.0453,45
427399465,,,0.668422,0.706959,3439.0,7.119794584121247,15.126,45
177323323,,,1.11,1.60321,5997.0,47.863009232263806,14.7164,45
180374213,,,1.35,4.85066,6550.0,38.01893963205613,14.527,45
151106951,,,0.62,1.30181,3997.0,46.77351412871982,15.536,45
425572442,,,0.92,1.36367,5343.0,21.379620895022324,15.435,45
426177651,,,1.0,1.83098,5634.0,21.379620895022324,15.1052,45
175102326,,,0.745,0.829151,4675.0,21.87761623949552,14.9713,45
156391956,,,0.666703,0.704531,3067.0,8.380156407093118,15.8278,45
269117941,0.011652927227782092,0.011211843170783503,0.626898,0.649694,3378.0,5.322939219569193,15.0569,45
4254786,,,0.658325,0.692748,3148.0,9.46531135134031,15.1522,45
204561693,,,1.12,1.97901,6029.0,9.332543007969903,14.9525,45
427376857,,,0.41,0.592847,3408.0,14.236707906215733,16.3646,45
200540222,0.002967985358592081,0.0015246001574392345,1.032,1.06981,5765.75,12.589254117941662,12.5849,45
178060111,,,0.554188,0.56003,3312.0,34.673685045253166,16.7427,45
427459012,,,0.517128,0.519642,2925.0,6.0,16.3725,45
50790455,,,0.65,1.25157,4138.0,9.139066325831202,13.7924,45
156144185,,,0.582898,0.593675,3175.0,12.101009536018752,15.8311,45
433138985,,,0.91,1.83701,5294.0,47.863009232263806,15.4133,45
50529754,,,0.668766,0.707444,3205.0,6.398985159361922,14.9101,45
50793645,,,0.526162,0.529201,2957.0,10.635592864416717,16.4429,45
179336951,,,1.48,1.74691,6832.0,31.6227766016838,14.6073,45
432333215,,,0.96,2.54044,5469.0,9.332543007969903,15.3039,45
118795796,,,0.62,1.07386,4002.0,11.748975549395302,15.7715,45
264680733,,,0.66418,0.700973,3651.0,6.166642121246685,14.7344,45
115697246,,,1.11,2.5745,6021.0,41.68693834703355,15.721,45
177721012,,,1.28,1.00272,6394.0,34.673685045253166,12.9576,45
710319190,,,0.5,0.943422,3577.0,4.897788193684466,15.1072,45
50793510,,,0.52,1.05318,3629.0,13.504587487912255,14.4744,45
120089011,,,0.58,0.714272,3806.0,22.387211385683376,14.6154,45
220338879,,,0.69,1.33535,4418.0,2.5118864315095824,14.4232,45
457249454,,,1.13,1.55787,6068.28,10.042053246840082,11.2628,45
391859256,,,1.09,1.69033,5963.0,20.417379446695275,14.0626,45
43081000,,,0.484448,0.486394,3218.0,22.387211385683376,16.0907,45
6956679,,,1.32,3.77105,6473.0,28.183829312644548,14.6165,45
427379747,,,1.422,1.32834,6700.0,9.662888318351293,9.25411,45
4378337,,,0.557641,0.563962,3160.0,9.885359813880417,16.0007,45
11197895,,,0.601995,0.61732,3339.0,4.897788193684466,15.4954,45
50743477,,,0.555,1.08502,3721.0,8.114171959480249,14.2156,45
231200111,0.006686917591346061,0.006090398031472569,1.02,2.08021,5706.0,2.5118864315095824,14.6397,45
280974217,,,0.81,1.13449,4928.0,11.514471146219265,13.0415,45
388935397,,,0.47,0.884214,3524.0,11.889936484365853,14.9722,45
343863785,,,0.525873,0.528892,3244.0,6.0,15.7919,45
360190768,,,0.98,1.69331,5548.0,20.417379446695275,14.5599,45
457248808,,,0.535894,0.539697,3164.0,5.0,16.5262,45
427353202,,,0.580245,0.590472,2994.0,12.29502404232357,16.3253,45
432314297,,,1.06,1.81665,5874.0,35.481338923357534,16.1049,45
97722315,,,0.615,1.04568,3952.0,5.293749055002807,14.6751,45
231164461,,,1.2,2.10454,6217.0,2.5118864315095824,14.132,45
427352991,,,0.95,0.797387,5461.0,11.727738214011694,14.9834,45
50618913,,,0.394669,0.402828,3291.0,8.252257216175325,16.0374,45
433126257,,,1.33,1.85052,6490.0,15.13561248436207,13.6056,45
176415603,,,1.19,2.81517,6209.0,40.7380277804113,14.8885,45
177096600,,,1.42,2.66013,6701.0,41.68693834703355,15.1419,45
50744766,,,0.525698,0.528705,3162.0,8.699918224548334,16.3742,45
117729480,,,1.19,1.67202,6210.0,41.68693834703355,13.8382,45
200517696,,,0.584551,0.595681,3009.0,14.838139162342832,16.2926,45
117074632,,,1.1,2.81304,5976.0,45.70881896148752,14.0034,45
264461683,,,0.51,0.89744,3610.0,13.976734170148177,14.6758,45
427395873,,,0.566589,0.574292,3257.0,11.364656959515226,15.7068,45
264593083,,,0.58,1.1752,3789.0,14.177768339911209,13.7452,45
201966897,,,1.14,1.57328,6086.0,2.5118864315095824,14.5693,45
177120079,,,1.4,2.40599,6660.0,30.90295432513592,15.1906,45
264483860,,,0.58402,0.595036,3348.0,11.0,15.3209,45
4254871,,,0.55,0.845681,3712.0,11.144363997340673,14.6551,45
264461114,,,0.919,1.93619,5329.0,14.113560700385062,10.9239,45
138856399,,,1.36,1.812,6557.0,5.109198044166216,10.3333,45
50585721,,,0.594713,0.608181,2957.0,12.039338188025296,16.0277,45
10334604,,,0.42,0.821196,3425.0,7.585775750291836,16.4683,45
264683362,,,0.655383,0.688634,3353.0,13.68104956742163,14.8674,45
53899606,,,0.67,1.11782,4281.0,25.118864315095824,15.1193,45
427456026,,,1.0,1.51113,5643.0,6.948302940018825,13.0735,45
436246633,,,0.624809,0.646914,3205.0,7.128872995090404,15.4549,45
264460405,0.02229275589159265,0.00836821087049495,0.82,1.38493,4967.0,14.765773251336192,11.93,45
4294153,,,0.407301,0.414098,3099.0,7.311003488004286,16.4361,45
178161077,,,0.628982,0.65248,3703.0,34.673685045253166,15.975,45
50624977,,,0.78,1.30438,4808.0,6.404596817792191,12.2542,45
433125455,,,0.96,2.36299,5487.0,20.417379446695275,14.6538,45
264445040,,,1.27,1.34278,6363.7,21.87761623949552,12.7904,45
144666722,,,0.41,1.20579,3413.0,10.26156593080634,14.6332,45
11294596,,,1.13,1.10741,6069.0,12.683808308461051,13.0884,45
207046039,,,0.666857,0.704748,3276.0,2.5118864315095824,16.199,45
11289261,,,0.407694,0.41445,2892.0,5.0,16.7805,45
176701567,,,1.0,1.10296,5637.0,15.13561248436207,15.5085,45
457230933,,,0.524242,0.527154,3139.0,7.744281709611199,15.8499,45
138858886,,,0.609828,0.627318,3273.0,7.877776020043452,15.0671,45
138827949,,,0.636125,0.662109,3279.0,6.62428756019223,15.5091,45
17729467,,,0.610575,0.62828,3287.0,21.87761623949552,16.5793,45
144775386,,,0.5,1.09593,3585.0,7.437448914955198,14.443,45
457231357,,,0.480178,0.482187,3286.0,5.0,16.2025,45
186203223,,,1.03,1.2703,5748.0,15.13561248436207,15.6506,45
427393435,,,0.622576,0.643954,3385.0,5.094545162461816,15.5801,45
355389500,,,1.25,1.67036,6333.0,26.915348039269137,15.0412,45
269118672,,,1.07,1.73588,5909.18,5.155424748232889,11.2652,45
427353205,,,0.92,1.10114,5349.0,9.576283002199958,16.1719,45
177596751,,,1.24,1.36548,6314.0,47.863009232263806,15.7757,45
388935541,0.009200978148917335,0.008372978078226906,0.52,0.977358,3619.0,5.209665196969997,14.6322,45
452188378,,,1.06,2.17718,5855.0,15.848931924611142,15.8342,45
459990843,,,0.612141,0.630303,3354.0,10.687883866043933,15.0076,45
72348407,,,0.58,1.23741,3797.0,17.378008287493763,16.344,45
203849902,,,0.84,1.25882,5057.0,38.904514499428046,16.2031,45
204252916,,,1.28,1.81752,6387.0,9.332543007969903,15.1232,45
138899295,,,0.55,0.919465,3692.0,6.069479441060847,14.5517,45
388917807,,,0.486919,0.488841,3041.0,5.51959016004168,16.8958,45
11296220,,,0.63,1.35132,4009.0,11.543183127270286,13.9479,45
359887637,,,0.651,1.25266,4160.0,7.585775750291836,13.8605,45
50795194,,,0.665146,0.702334,2990.0,14.07065204329561,15.1434,45
11284638,,,0.513029,0.515359,2953.0,12.286179557706848,16.3158,45
129353583,,,0.76,1.08213,4745.0,28.84031503126605,16.2694,45
395877016,,,1.42,1.71042,6706.0,19.952623149688787,13.8453,45
231147329,,,0.43,1.07792,3446.0,2.5118864315095824,16.0609,45
269118266,,,0.34865,0.362512,3062.0,8.72126534106855,17.5203,45
264460799,,,1.34,2.8402,6527.0,6.247485387707301,11.1755,45
119855010,,,0.736,0.740217,4638.0,34.673685045253166,14.0,45
4356191,,,0.458465,0.461226,3083.0,12.155479765537631,16.1726,45
118370458,,,0.95,0.915954,5434.0,29.51209226666384,16.3917,45
34511861,0.005106198880834513,0.004296392299773801,0.62,1.1282,3971.0,14.795106181088997,13.6978,45
43387742,,,0.646656,0.67652,2961.0,5.754399373371567,15.9726,45
382937418,,,0.61,0.871994,3942.0,21.87761623949552,15.4871,45
4294882,,,0.55,1.01887,3697.0,4.897788193684466,14.6968,45
204562651,,,1.4,1.61222,6659.0,5.888436553555883,14.7181,45
144777161,,,0.529977,0.53329,3700.0,4.897788193684466,15.7424,45
436162381,,,0.487846,0.489761,3258.0,12.589254117941662,16.1638,45
432543624,,,0.87,1.00354,5140.0,47.863009232263806,16.0032,45
50897755,,,0.63,1.18373,4045.0,7.278844656846321,13.5682,45
264683394,,,1.27,2.42526,6373.79,9.0,9.9411,45
178056513,,,1.03,1.17209,5740.0,34.673685045253166,12.7648,45
388918172,,,0.594297,0.607664,2996.0,8.52096120908544,16.2355,45
200525965,,,1.2,1.43324,6211.62,8.748011094155055,12.0761,45
172593535,,,0.428709,0.433491,3241.0,32.35936569296281,16.6201,45
200517054,,,0.6,0.859951,3887.0,8.556598528023933,15.6461,45
50898210,,,0.652041,0.683979,3245.0,8.926677865439451,15.4747,45
427455852,,,1.37,3.02525,6577.0,11.288041940767478,13.5788,45
358586260,,,0.56,1.23706,3734.0,7.585775750291836,15.1065,45
427374883,,,0.55,1.19181,3706.0,8.18899634526197,14.5825,45
72916397,,,0.92,0.808665,5349.0,4.897788193684466,14.3485,45
407918902,,,1.47,2.79494,6808.0,15.848931924611142,16.0478,45
50790903,,,0.607726,0.624617,3152.0,14.683259077430783,16.082,45
117217825,,,0.91,1.24472,5306.0,35.481338923357534,15.6102,45
177446148,,,0.89,1.5795,5233.0,47.863009232263806,16.3214,45
163742652,,,1.18,2.3188,6184.0,38.01893963205613,14.753,45
427353040,,,0.62,1.2673,3973.0,5.252991453836046,14.6385,45
79686144,,,1.18,1.09314,6181.0,25.118864315095824,13.481,45
388850613,,,0.622042,0.643249,3227.0,6.524612401050161,15.2765,45
433346740,,,1.39,2.54809,6636.0,13.80384264602884,15.2431,45
115493201,,,1.14,2.21665,6083.0,41.68693834703355,14.6983,45
50748617,,,0.78,1.12339,4820.0,12.959220552486483,13.4108,45
436011665,,,0.626665,0.649384,3237.0,8.946590097624249,15.7228,45
180305003,0.03436528501445239,0.040500192932327164,1.32,3.80019,6483.0,47.863009232263806,16.104,45
264541110,,,0.63,1.09164,4004.0,5.3868976059657125,13.5793,45
391775948,,,0.9,1.06832,5257.0,42.65795188015926,15.1379,45
264485850,,,0.550522,0.55589,3033.0,7.941518778706055,16.0556,45
178329202,,,1.37,2.01361,6586.0,23.442288153199225,15.1618,45
11453287,,,0.458041,0.460824,3042.0,6.0,16.4813,45
201369017,,,1.2,1.22092,6218.81,9.177378665487147,12.9867,45
119063264,,,0.79,0.979511,4853.0,25.703957827688647,15.2116,45
201967463,,,1.0,1.93041,5631.0,2.5118864315095824,14.5887,45
355675493,,,0.562441,0.569477,3170.0,7.585775750291836,16.5497,45
226228938,,,0.546461,0.551343,3433.0,6.606934480075965,16.2003,45
427374682,,,0.477939,0.479994,3248.0,13.674582413044384,16.6547,45
369167940,,,0.54,0.931783,3679.0,7.585775750291836,15.3449,45
388935616,,,0.461166,0.463798,3217.0,14.353805826550053,16.2431,45
115840253,,,1.09,1.34569,5942.0,40.7380277804113,15.2133,45
264621286,,,0.521397,0.524137,3188.0,5.176957406021328,16.0886,45
427373724,,,0.428983,0.433742,4251.0,2.0,16.6058,45
50787927,,,0.572986,0.581808,3102.0,7.087930079752299,15.7471,45
147117543,,,0.358664,0.371213,3161.0,35.481338923357534,16.5767,45
11193768,,,0.71,1.42934,4497.0,13.411573121649893,14.1207,45
177405053,,,0.7,0.710386,4454.0,34.673685045253166,14.9183,45
50587597,,,0.657,1.15399,4202.0,8.736138131243312,13.8148,45
432985343,,,1.11,1.56319,6008.0,30.90295432513592,15.6499,45
280973046,,,1.36,2.53988,6566.0,8.921670464288603,10.8021,45
11296114,,,0.635318,0.661014,3181.0,6.15491735279999,15.3425,45
282392995,,,0.30439,0.324193,2998.0,25.0,16.9048,45
177128856,,,0.68,1.3721,4351.0,6.165950018614822,15.6658,45
72780239,,,1.206,1.14248,6235.0,4.897788193684466,11.1755,45
34511818,,,0.530436,0.533785,3653.0,4.897788193684466,16.0547,45
214501880,,,1.45,2.05669,6765.0,5.754399373371567,12.5468,45
177521151,,,0.86,0.850452,5107.0,34.673685045253166,14.0463,45
201368967,,,0.96,1.05871,5470.1,9.098070287482026,12.903,45
264486234,,,0.300514,0.320831,3223.0,9.816711258535747,17.351,45
120271273,,,0.428573,0.433366,3176.0,25.0,15.9079,45
50792865,,,1.391,0.789391,6630.07,14.951035112188112,12.5277,45
220314424,0.01596351706708649,0.020763454480156405,0.52,1.1,3634.0,27.54228703338169,16.4976,45
4378476,,,0.547547,0.552555,3256.0,8.4285184800066,15.5889,45
11360145,,,0.54,0.924374,3683.0,12.008427974933024,15.5558,45
50743776,,,0.529237,0.532494,3227.0,13.41213802349769,15.8592,45
177131890,,,1.05,1.35679,5835.0,23.442288153199225,15.8587,45
436016978,,,0.56206,0.569037,3108.0,10.37711323924168,16.0937,45
1762774803,,,1.05,1.81826,5833.0,38.01893963205613,15.4732,45
360079448,,,1.42,2.42515,6686.0,21.379620895022324,14.1404,45
1640366188,,,1.13,1.78465,6069.0,23.988329190194897,14.8284,45
50744601,,,0.53886,0.542939,3505.0,11.90378341063218,16.4873,45
183430877,,,1.45,2.06716,6766.0,38.01893963205613,15.5311,45
436161823,,,0.413053,0.419269,3346.0,14.022598384641348,17.0045,45
427334532,,,0.630884,0.655032,3153.0,9.914605825991636,15.5854,45
427456996,0.004859285487710799,0.0006087042641733866,1.06,3.33078,5849.0,7.902928331016151,9.5756,45
138899955,,,1.43,2.49187,6725.53,14.720381144089524,10.141,45
123679559,,,0.636,0.905534,4065.0,25.0,13.5366,45
264486166,,,1.08,1.36989,5911.6,9.608470207843547,11.3541,45
464839787,,,0.157525,0.188225,3088.0,6.9454943544571455,16.5106,45
177012561,,,1.2,0.917089,6213.0,47.863009232263806,15.197,45
332914027,,,0.94,1.3962,5423.0,7.818550054489482,13.1912,45
50897484,,,0.633846,0.659022,3086.0,7.08448646225357,15.7464,45
427378856,,,0.435089,0.439354,3144.0,5.0,16.529,45
264543751,,,0.65,1.22886,4157.0,10.691366620658563,13.0609,45
388850913,,,0.95,0.773831,5445.0,8.825840990293166,13.9698,45
49188886,,,1.07,1.39923,5893.0,32.35936569296281,11.4961,45
360665411,,,1.14,2.49859,6080.0,21.379620895022324,15.0795,45
47362873,,,1.29,1.98456,6418.0,38.01893963205613,15.7942,45
119073814,,,0.61,0.919049,3916.0,25.703957827688647,16.1773,45
427373534,,,0.646121,0.675782,3317.0,6.087274485213409,15.3052,45
11200852,,,0.61,1.24502,3915.0,14.997517365779215,13.7022,45
229301865,,,1.13,3.30098,6070.0,32.35936569296281,14.3642,45
132809950,,,0.85,0.803126,5081.0,28.84031503126605,15.8159,45
50582908,,,0.482126,0.484103,2962.0,13.922009144584187,16.3194,45
388935551,,,0.64,0.733885,4073.0,9.62300362486313,17.0585,45
117463604,,,1.47,1.50713,6818.0,36.3078054770101,14.3346,45
436015138,0.009572526597883307,0.010138371404531409,0.63879,0.665733,3306.0,13.186918513643963,15.6129,45
185796577,,,1.45,2.31457,6773.0,38.904514499428046,15.4967,45
457249730,,,0.65,0.986815,4165.0,4.897788193684466,13.8679,45
457231579,,,0.442239,0.445976,2902.0,14.95615361568233,16.9872,45
264459946,,,0.616,0.98949,3957.0,7.789281340287218,13.8615,45
123546914,,,0.487282,0.489201,3229.0,25.0,15.5277,45
50723456,,,0.64914,0.679954,3337.0,13.73606787917828,15.277,45
116827815,,,1.18,1.87155,6188.0,15.13561248436207,13.234,45
413907369,,,0.75,0.711112,4690.0,5.754399373371567,15.9233,45
244473814,,,0.94,0.971946,5393.0,15.13561248436207,15.8255,45
176709298,,,0.93,0.855922,5369.0,15.13561248436207,16.0544,45
4201046,,,0.52,0.863161,3632.0,13.351738328586306,14.6961,45
50720993,,,1.1,1.53116,5985.02,13.60548943280662,10.8342,45
204558525,,,1.02,1.30605,5717.0,5.888436553555883,16.0148,45
276661318,,,0.615024,0.634044,3326.0,14.153738349783431,15.5526,45
50583394,,,0.598135,0.612457,3301.0,8.590389587687756,15.259,45
50897666,,,0.5,0.957104,3573.0,6.708570664181556,14.6815,45
391863706,,,1.4,1.35332,6659.0,42.65795188015926,13.9281,45
264462680,,,1.226,1.60154,6276.83,12.803214351048789,10.6342,45
11284084,,,0.82,1.33393,4962.0,9.54508569499006,17.5797,45
115702197,,,0.82,1.46351,4976.0,41.68693834703355,15.426,45
427395682,,,0.600497,0.615427,3533.0,12.07180741123444,16.5192,45
427377874,,,0.61,1.33089,3938.0,10.775810696364305,14.3334,45
264460542,,,0.390497,0.399129,2894.0,10.429727583455442,17.3901,45
449425661,,,0.463617,0.46614,3161.0,5.0,16.2498,45
464840178,,,0.462715,0.465277,3214.0,13.634077292533991,16.1373,45
4205780,,,0.580453,0.590722,3244.0,6.571237537943404,15.3389,45
11200728,,,0.532804,0.536342,3007.0,6.410491167604939,16.2914,45
47365011,,,1.1,3.2988,5981.0,38.01893963205613,15.998,45
117470514,,,1.13,1.9482,6058.0,36.3078054770101,15.837,45
388918031,,,0.592381,0.605287,3039.0,6.5068250609456975,16.193,45
451929870,,,1.11,1.64441,6010.0,21.379620895022324,15.2223,45
436245727,0.01096611707730921,0.012198650562896521,0.594605,0.608047,3032.0,6.202481803469079,15.8499,45
43358409,,,0.608406,0.62549,3523.0,22.387211385683376,14.8349,45
35232085,,,1.02,1.57039,5728.0,22.90867652767775,14.6398,45
432725704,,,0.92,2.31873,5341.0,47.863009232263806,15.0705,45
264740038,,,0.555356,0.561357,3162.0,5.3178187701962365,15.5918,45
11199229,,,0.9,0.99939,5254.0,7.939824008617663,13.1225,45
294431332,,,1.1,1.2331,5994.0,46.77351412871982,13.9328,45
378069791,,,1.17,1.82357,6145.0,20.417379446695275,14.4138,45
1772591227,,,1.0,1.7799,5646.0,38.01893963205613,16.1086,45
264683013,,,0.481037,0.483032,3281.0,4.897788193684466,16.3705,45
427397116,,,0.479,1.04268,3538.0,7.996739023370508,14.4897,45
119938904,,,0.466132,0.468551,3149.0,35.481338923357534,16.1435,45
220053239,,,0.6,1.08278,3871.0,10.085023582508828,13.9057,45
174920418,,,1.34,3.55346,6512.0,39.81071705534969,15.1309,45
427374744,,,0.393428,0.401726,3178.0,7.822831189893121,17.0898,45
264485964,,,0.43597,0.440166,3109.0,9.656196030526347,16.5689,45
11283136,0.007679753411594471,0.0077874242742936315,0.47,1.07246,3521.0,12.3542081232725,15.38,45
175340736,,,0.66,0.752886,4218.0,21.87761623949552,15.5675,45
204249125,,,1.04,1.77053,5803.0,15.13561248436207,14.8713,45
71964280,,,0.799,1.09731,4889.0,9.49486626303202,13.639,45
459990788,,,0.625948,0.648429,3295.0,13.739642619628244,15.1337,45
365782825,,,1.09,1.36896,5954.54,9.266207242365311,13.0687,45
4205838,,,0.548504,0.553626,3142.0,14.258791077549732,15.6738,45
120742762,,,0.51084,0.513088,3252.0,25.0,15.3917,45
177448960,,,1.15,1.37915,6112.0,23.442288153199225,15.8887,45
427454927,,,0.559973,0.566634,2967.0,3.0,16.2497,45
50658817,,,0.49,1.01354,3555.0,12.831738453770935,14.6139,45
53586584,,,0.875,0.820378,5167.0,22.387211385683376,12.4019,45
125594985,,,1.26,1.25007,6353.0,34.673685045253166,12.5546,45
433148001,,,1.2,1.77083,6212.0,47.863009232263806,15.2869,45
138859084,,,0.568352,0.576353,3012.0,7.637620928735669,15.4282,45
138827507,,,0.464515,0.466999,3149.0,8.517591021428075,17.0883,45
138904325,,,0.521443,0.524186,3119.0,9.0,16.2118,45
118120639,,,1.08,1.50543,5924.0,38.904514499428046,15.3697,45
1798025016,,,0.89,1.99499,5231.0,42.65795188015926,15.2015,45
204329993,,,1.4,1.65434,6653.0,9.332543007969903,14.5636,45
11355662,,,0.443487,0.447137,3259.0,14.778236127997298,16.6034,45
138827569,,,0.509667,0.511873,3311.0,20.0,15.8403,45
284201336,,,0.654687,0.687663,3227.0,14.0,15.5093,45
388935624,,,0.625348,0.647631,3070.0,12.40365139855944,15.3605,45
138856879,,,0.471587,0.473812,3093.0,20.0,16.9759,45
53989754,,,1.15,1.19962,6108.0,25.118864315095824,13.3653,45
200518652,,,0.437302,0.441398,3045.0,14.0,16.7468,45
200546943,,,0.465603,0.468042,3052.0,14.0,16.3181,45
124018896,,,0.74,0.667514,4665.0,34.673685045253166,14.6186,45
264486586,,,0.544229,0.548861,3182.0,11.0,15.7756,45
50746999,,,0.613961,0.632663,3376.0,5.082321290160929,14.8835,45
451908801,,,1.18,1.69531,6177.0,15.848931924611142,15.8273,45
4159653,,,1.18,1.5582,6175.24,14.67535796635562,11.7007,45
114761990,,,1.32,2.14991,6483.0,15.13561248436207,14.1691,45
50793286,,,0.388976,0.397783,3435.0,9.418500154212158,15.3224,45
109292675,,,1.18,1.45557,6173.0,4.073802778041131,15.0213,45
79138313,,,0.961,1.1839,5487.0,34.673685045253166,11.2437,45
390869621,,,1.14,1.71716,6094.0,42.65795188015926,13.5411,45
50659497,,,0.597682,0.611889,2969.0,4.897788193684466,16.4854,45
119938219,,,1.23,1.1101,6287.0,34.673685045253166,12.3205,45
138856972,,,0.622408,0.643732,2992.0,4.897788193684466,15.7503,45
220071030,,,0.656285,0.689894,2945.0,13.9215629352575,15.6552,45
220339033,,,0.78,1.51449,4805.0,2.5118864315095824,13.5512,45
407875509,,,0.96,1.44767,5464.0,15.848931924611142,16.4813,45
360078928,,,1.08,1.87856,5918.0,21.379620895022324,15.025,45
11295648,,,0.992,1.56446,5609.65,14.477178722804798,11.0174,45
11285973,,,0.62393,0.645748,3116.0,6.689301249017765,15.5791,45
63117376,,,1.22,1.15636,6256.0,25.118864315095824,13.2855,45
427399794,,,0.590433,0.602881,3473.0,6.157230058912342,14.2998,45
200547304,,,0.561237,0.568088,3164.0,7.56245891212525,15.8651,45
179841078,,,1.3,2.37096,6426.0,31.6227766016838,15.003,45
50720420,,,0.61,0.903487,3910.0,10.579237120026756,14.8983,45
220281581,,,1.0,1.16187,5640.0,2.5118864315095824,14.9042,45
264538229,,,0.615473,0.63463,3405.0,5.035420396519559,15.302,45
35646271,,,1.03,1.3117,5767.0,22.90867652767775,16.1219,45
48748235,,,0.62,0.762024,3960.0,32.35936569296281,14.719,45
359723584,0.028835373945104277,0.026074987654443996,0.72,1.18048,4548.0,7.585775750291836,14.5759,45
427393072,,,0.93,2.32774,5370.0,9.349950225246726,13.1189,45
302830849,,,0.57,1.0968,3761.0,10.83026462781406,14.2476,45
182119359,,,1.06,3.68065,5851.0,32.35936569296281,15.1957,45
50748234,,,0.536245,0.54008,3228.0,9.020051100205466,16.1322,45
119448751,,,1.04,2.49094,5786.0,11.748975549395302,13.7879,45
50662082,,,0.98,1.06641,5578.0,9.81471930419393,16.0325,45
457249701,,,0.631381,0.6557,3246.0,9.79950253180148,15.1097,45
199821016,,,0.577,0.993495,3790.0,5.296957823180693,14.1862,45
264743930,,,0.39,1.01368,3387.0,9.305255878161129,14.8347,45
4357110,,,0.421429,0.426849,3064.0,9.36590430626086,16.3719,45
178055875,,,0.84,0.806522,5049.0,34.673685045253166,14.4139,45
432336351,,,1.13,1.64847,6059.0,21.379620895022324,15.7519,45
177927775,0.01902610390069893,0.025476159282778185,1.09,1.07218,5950.0,23.442288153199225,16.6069,45
385878224,,,0.614976,0.633982,3125.0,7.585775750291836,16.4095,45
276663990,,,0.361816,0.373959,3423.0,13.087881461721144,14.3834,45
176404519,,,0.44,0.740587,3464.0,10.263339402144792,15.2068,45
11296779,,,0.571176,0.57967,3178.0,8.529964456160029,15.6193,45
50589282,,,0.646676,0.676548,3082.0,7.512498754096679,15.4172,45
319363480,,,0.464684,0.467162,3144.0,8.583381865518117,16.4457,45
427454770,,,0.540897,0.545179,3215.0,9.414043143721615,15.95,45
207050989,,,1.28,1.29054,6401.0,32.35936569296281,15.624,45
360665562,,,0.98,2.23718,5549.0,15.848931924611142,14.0572,45
278841075,,,0.877,1.11828,5175.0,7.585775750291836,13.6851,45
50726090,,,0.59759,0.611774,3329.0,6.535423009262262,15.1747,45
201369184,,,0.646613,0.67646,3305.0,8.95594453519184,15.0556,45
50583891,,,0.62,1.00972,3975.0,9.164780821844731,13.8612,45
186201661,,,1.18,3.57629,6186.0,13.80384264602884,13.8533,45
220281670,,,1.04,1.9921,5794.0,2.5118864315095824,15.6819,45
4357230,,,0.618585,0.638698,3353.0,11.0,15.1276,45
287757855,,,0.625355,0.64764,3304.0,14.616861946899627,15.2048,45
144733675,,,0.65666,0.690419,3166.0,5.4790221279064655,15.4743,45
144546220,,,0.489585,0.491493,3179.0,14.0,16.4046,45
436157489,,,0.604437,0.620419,3002.0,10.19645020994855,15.9426,45
332913638,,,0.63,1.30341,4010.0,14.787504274389804,15.9061,45
25183421,,,0.285059,0.307383,3097.0,22.387211385683376,16.1471,45
50788276,,,0.649764,0.680819,3519.0,5.298368654078288,15.0364,45
199819891,,,0.529442,0.532715,3110.0,11.92634333973994,16.1272,45
427392923,,,0.55,1.13061,3707.0,11.40905114013027,14.7149,45
162187482,,,1.19,1.26119,6198.0,38.01893963205613,15.8716,45
427374803,,,0.370932,0.381918,3045.0,9.115380209701474,17.1029,45
427334437,,,0.35,0.862271,3313.0,6.0,15.2686,45
276663724,,,0.53775,0.541724,3116.0,7.822771561827199,15.9083,45
427374406,,,0.44,1.2092,3458.0,13.380585664223045,14.6723,45
123947364,,,0.794,0.914028,4870.0,35.481338923357534,12.6457,45
176708300,,,1.07,2.2391,5907.0,14.791083881682072,15.8841,45
124196077,,,0.892,0.810204,5228.0,34.673685045253166,13.7862,45
264540967,,,0.6,1.13991,3900.0,12.914308771538044,13.579,45
50726421,,,0.656756,0.690553,3392.0,9.40658145585683,14.7156,45
11361200,,,0.7,0.944523,4449.0,4.897788193684466,14.6237,45
427334315,,,0.546122,0.550965,3133.0,10.875436564762955,16.0377,45
11296154,,,0.57,0.860362,3771.0,14.496362010906246,15.0135,45
427347084,,,0.529212,0.532467,3118.0,10.124105051597848,16.3024,45
1798112417,,,1.42,1.96902,6685.0,44.668359215096345,14.0128,45
50790664,,,0.573661,0.582607,3138.0,5.007760617910777,15.9597,45
427398433,,,0.521859,0.524626,3020.0,12.107833042972986,16.21,45
125643663,,,0.57,1.25776,3760.0,7.762471166286912,16.8876,45
226094806,,,0.951,2.51033,5449.0,6.606934480075965,14.8472,45
118225662,,,1.37,1.94503,6586.0,47.863009232263806,14.5696,45
358880276,,,0.577925,0.587687,3284.0,7.585775750291836,16.3156,45
50746302,,,0.568427,0.57644,3081.0,14.882627330551133,16.4104,45
432984170,,,1.16,1.59804,6139.0,47.863009232263806,15.8621,45
427396671,,,0.441363,0.445162,4262.0,2.0,17.2647,45
167520788,,,1.23,1.5513,6278.0,28.84031503126605,13.9097,45
427455875,,,0.511299,0.513563,3253.0,14.954842439757035,17.0134,45
391779414,,,1.03,1.35855,5771.0,20.417379446695275,15.2855,45
50789716,,,0.54,0.975464,3686.0,4.897788193684466,14.711,45
425339836,,,0.95,1.20526,5444.0,21.379620895022324,15.6568,45
120622327,,,0.291236,0.312768,3548.0,35.481338923357534,16.7248,45
464839310,,,0.519659,0.522302,3059.0,9.549023229649944,16.4754,45
432690717,,,1.14,1.82085,6073.0,15.13561248436207,15.5588,45
1766063931,,,1.05,2.36042,5842.0,22.387211385683376,15.9018,45
386279439,,,0.73,1.06281,4604.0,42.65795188015926,15.4445,45
207045866,0.01267481603452209,0.01527425245666994,0.650406,0.681709,3458.0,2.5118864315095824,16.1967,45
120539779,,,0.501545,0.503541,3186.0,22.387211385683376,15.0138,45
220065189,,,0.57,1.10092,3765.0,7.213665693709467,14.2888,45
11412667,,,0.482,1.15949,3544.0,7.190390342563005,14.3767,45
185801567,,,1.29,1.56285,6406.0,12.30268770812381,15.3237,45
264484595,,,0.414322,0.420413,3047.0,8.533483614622103,16.7909,45
427379846,,,0.639916,0.667268,3417.0,6.300031457533094,15.3068,45
432862046,,,1.04,1.60861,5789.0,20.417379446695275,15.869,45
427393259,,,1.01,0.797462,5664.0,8.812508047374488,15.0093,45
4378417,,,0.655615,0.688959,3374.0,5.905637283926842,14.658,45
284912372,,,0.662238,0.69824,3308.0,9.809032057703872,15.1859,45
377556655,,,1.31,4.25664,6465.0,15.848931924611142,15.3457,45
138904836,,,0.87,1.20619,5150.0,14.847958431408198,12.0507,45
427379385,,,0.54,1.02036,3688.0,7.7993800366584765,14.7255,45
264742131,,,0.542483,0.546928,3153.0,6.31768558916185,15.8015,45
103854595,,,1.0,1.86345,5629.0,4.073802778041131,13.8053,45
148302827,,,1.09,1.13435,5954.0,6.165950018614822,16.077,45
436009770,,,0.665202,0.702413,3091.0,14.0,15.5765,45
11283097,,,0.73,1.27482,4601.0,9.369408309880008,13.5445,45
214698929,,,1.02,2.38514,5714.0,15.848931924611142,15.5873,45
4379904,,,1.39,3.5505,6633.0,4.897788193684466,8.2209,45
264485791,,,0.404785,0.411843,2987.0,10.10342716062653,16.8772,45
177272493,,,1.3,1.54244,6424.0,47.863009232263806,14.4592,45
459990663,,,0.366758,0.378269,2965.0,8.66655280037364,17.0936,45
220054129,,,1.08,1.87949,5914.0,14.088353534408604,14.9786,45
11299527,,,0.541601,0.545954,3171.0,6.0,15.8604,45
427377254,,,0.630878,0.655023,3335.0,9.148022966953553,15.5897,45
264680143,,,0.456176,0.459055,3185.0,4.897788193684466,16.4039,45
427397393,,,0.8,1.24632,4894.0,5.7774405359919125,13.0935,45
178333033,,,0.76,0.689175,4727.0,34.673685045253166,14.7369,45
46580037,,,1.29,1.90445,6404.0,38.01893963205613,15.5968,45
355669738,,,0.524862,0.527814,3447.0,7.585775750291836,16.7103,45
178571483,,,1.28,1.43591,6401.0,23.442288153199225,15.3297,45
11411829,,,0.97,1.12184,5537.0,6.0,13.9749,45
220322261,,,0.61,1.2496,3933.0,2.5118864315095824,15.0852,45
148511173,,,0.505543,0.507628,3738.0,34.673685045253166,16.2038,45
459991270,,,0.94,1.12822,5392.61,12.122472597504895,11.9716,45
79542462,,,0.63,0.933476,4048.0,25.118864315095824,15.8037,45
50587375,,,0.600841,0.615862,3332.0,10.006250309910412,15.0081,45
34512044,,,0.568203,0.576178,3284.0,8.906188446567729,15.6739,45
200525216,,,0.614288,0.633087,3671.0,4.897788193684466,16.2411,45
436016877,,,0.455041,0.457981,3076.0,14.0,16.8377,45
177407882,,,0.96,2.13203,5464.0,23.442288153199225,16.2439,45
432512046,,,1.47,1.93836,6820.0,40.7380277804113,15.3709,45
220134785,,,0.82,1.48741,4970.0,26.915348039269137,15.1854,45
138980168,,,0.53,0.825362,3653.0,9.414129325611505,15.296,45
220150140,,,1.09,1.54,5959.0,32.35936569296281,16.6606,45
50788773,,,0.58,1.02983,3798.0,10.56988177723471,14.2738,45
1852664617,,,0.38,0.770652,3361.0,7.585775750291836,16.6891,45
200602071,,,0.666134,0.703727,3076.0,10.71519305237607,15.8569,45
264486789,,,0.337848,0.353151,3236.0,4.897788193684466,16.4177,45
264486180,,,0.474738,0.476871,2995.0,9.888221033698857,16.3337,45
433136868,,,1.22,2.73083,6275.0,41.68693834703355,14.1335,45
50745998,,,0.61751,0.63729,3312.0,6.344524588438296,15.0804,45
11193635,,,0.62,0.95269,3963.0,11.573451301321429,14.7316,45
172592657,,,0.68,0.835761,4341.0,32.35936569296281,13.8161,45
114762801,,,1.33,2.07906,6492.0,15.13561248436207,15.2173,45
50789232,,,0.543733,0.548311,3137.0,14.656871049722469,15.9128,45
264461997,,,0.588571,0.600592,3627.0,11.223919700715529,16.8863,45
264740133,,,0.69,0.97748,4426.0,10.099696147736704,13.5419,45
443386523,,,0.441022,0.444845,3189.0,22.387211385683376,16.1563,45
220050807,,,0.8,1.04131,4880.0,14.015119691758322,13.1747,45
4379630,,,0.412288,0.418579,3039.0,4.897788193684466,16.2807,45
427349543,,,0.436043,0.440234,3030.0,6.0,16.3951,45
264739876,,,0.601348,0.616502,3223.0,4.897788193684466,14.9291,45
50745274,,,0.450842,0.454022,3103.0,9.0,16.5688,45
323348453,,,1.4,1.66092,6657.0,6.136493425870854,10.7242,45
432708714,,,1.36,2.16585,6571.0,15.13561248436207,13.0453,45
53240169,,,0.613059,0.631492,3813.0,34.673685045253166,15.2189,45
11453538,,,0.626368,0.648988,3295.0,5.0,16.2812,45
50589669,,,0.36635,0.377913,3105.0,11.0,16.7338,45
231177464,,,0.99,1.60923,5606.0,32.35936569296281,15.4519,45
427393157,,,0.53937,0.543499,3411.0,9.796191981507857,16.2648,45
153213726,,,1.26,1.14236,6354.0,46.77351412871982,13.5197,45
42339575,,,0.346542,0.360684,3012.0,22.387211385683376,16.3686,45
427454814,,,0.97,2.11452,5530.0,13.075285984200722,15.0699,45
174339764,,,0.662751,0.698961,3900.0,5.754399373371567,14.6204,45
432507630,0.007612902967004492,0.007296278210276327,1.06,2.93541,5857.0,13.80384264602884,15.0305,45
713166714,,,0.63,0.866064,4034.0,4.897788193684466,14.5639,45
710319523,,,0.82,1.21485,4964.0,5.759579305453269,13.8084,45
459991129,0.007664569548736554,0.007364186092925328,0.600719,0.615708,3400.0,11.960780285483196,15.0475,45
220338465,,,0.97,1.47977,5538.0,2.5118864315095824,15.2252,45
175881560,,,0.95,1.64881,5444.0,38.01893963205613,16.2182,45
11197068,,,0.436151,0.440334,2873.0,5.502645126044898,16.3998,45
11360376,,,0.602,1.02203,3890.0,6.113537104139869,14.1087,45
156428096,,,0.462368,0.464945,3084.0,8.872309345444112,16.3281,45
182051520,,,0.94,1.69275,5401.0,6.606934480075965,15.7858,45
427352140,,,1.1,1.11186,5988.0,12.343395965311869,14.3139,45
220339133,,,0.59,1.13798,3839.0,2.5118864315095824,15.6455,45
50793316,,,0.456848,0.459692,4121.0,2.0,17.6142,45
11201097,,,0.447226,0.450629,3112.0,9.949839950717015,17.1788,45
116834138,,,1.32,1.57062,6470.0,38.904514499428046,14.065,45
50790053,,,1.41,2.4279,6683.0,11.90063376960144,9.8001,45
197394221,,,1.16,1.68722,6138.0,45.70881896148752,16.0184,45
50528470,,,0.608705,0.625874,3195.0,14.072852914841276,15.1672,45
116472646,,,0.89,1.06596,5239.0,36.3078054770101,15.5961,45
116476324,,,1.32,2.16859,6480.0,12.30268770812381,14.9055,45
200544877,0.009135431079856354,0.009020661020503357,0.658908,0.693566,3171.0,8.287489370759307,15.2235,45
42759487,,,0.651611,0.683382,3560.0,22.387211385683376,14.5907,45
229292352,,,1.1,1.38814,5982.0,32.35936569296281,15.7423,45
11401601,,,0.289906,0.311609,3342.0,13.34584333874017,16.7341,45
123542420,,,1.136,0.981585,6075.0,22.387211385683376,10.6652,45
50744419,,,0.78,0.943977,4807.0,11.184894718006104,15.1606,45
395473717,,,0.96,2.15956,5496.0,19.952623149688787,15.4048,45
264621449,,,0.62,1.03726,3955.0,13.14253239207484,13.8445,45
178159222,,,1.36,1.41977,6564.0,23.442288153199225,15.7611,45
401650861,,,1.04,1.74811,5785.0,42.65795188015926,15.7376,45
1650189740,,,1.26,3.39667,6351.0,5.888436553555883,14.4807,45
264461681,,,1.49,4.55768,6860.23,12.874709233640615,10.0824,45
281717325,,,1.09,0.960942,5942.0,34.673685045253166,12.6532,45
125643687,,,0.59,1.03867,3848.0,7.762471166286912,16.5178,45
11360329,,,0.99,1.18299,5580.0,13.226687392930977,15.7676,45
1772620611,,,1.3,1.90993,6437.0,38.01893963205613,15.7937,45
264631514,,,0.499316,0.501276,3206.0,20.0,16.7147,45
50788488,,,0.35,0.98747,3320.0,12.68191151479462,15.3884,45
50787555,,,0.575457,0.584741,3224.0,7.228405933134717,16.0016,45
50586742,,,0.566549,0.574245,3188.0,8.065440200351201,15.6822,45
427396722,,,0.566621,0.57433,3471.0,6.336913955244167,15.9484,45
4294664,,,0.56005,0.566722,3211.0,11.66852110942141,15.8811,45
264739655,,,0.654278,0.687094,3308.0,9.192219607902548,14.8662,45
11287137,,,0.47,1.03595,3528.0,6.0,14.6804,45
11457510,,,0.653494,0.686001,2915.0,9.0,15.6346,45
11401821,,,0.628246,0.651495,3283.0,12.601085691815346,14.7283,45
50727141,,,0.65,1.19256,4134.0,5.123980000450064,13.8838,45
102583435,,,0.83,0.857256,5004.0,33.11311214825908,15.4996,45
459989979,,,0.306445,0.325974,2837.0,12.288732742821797,15.7707,45
11453653,,,1.12,1.18233,6041.0,5.354413261520936,15.8032,45
427449598,,,0.83,1.18088,5016.0,11.103735757504548,12.8684,45
162598654,,,0.93,1.95504,5380.0,38.904514499428046,15.4135,45
427451502,,,0.64519,0.6745,3252.0,12.507660296883822,14.9604,45
144697607,,,0.668077,0.706471,3290.0,9.33850595194146,15.296,45
4255199,,,0.644897,0.674097,3372.0,5.650761906374802,14.7978,45
11454400,,,0.612636,0.630943,3574.0,4.897788193684466,15.0704,45
427347685,,,0.53,0.89205,3658.0,13.855586727082128,15.0998,45
50623089,,,0.601125,0.61622,3333.0,5.428065931072749,14.528,45
200641386,,,1.434,1.47306,6730.13,22.387211385683376,10.3756,45
427373480,,,0.64,1.09317,4076.0,14.864294549320755,14.3459,45
50747823,,,1.01,2.14408,5695.11,12.4088555247175,11.8995,45
34366270,,,0.593664,0.606877,3313.0,9.851325020888083,15.2642,45
427395947,,,0.344856,0.359222,3352.0,8.198691930724705,13.7551,45
204560031,,,0.91,1.7717,5304.0,19.952623149688787,15.5779,45
34366269,,,0.640037,0.667433,3305.0,14.942195376444973,15.2944,45
427374655,,,0.88,1.44831,5176.0,10.656446189121308,15.6132,45
385573129,0.0073935077581987136,0.006881720555605691,1.09,1.52983,5965.0,26.915348039269137,14.8178,45
50657693,,,1.31,1.71372,6461.89,8.278518905032639,11.0372,45
200515764,,,0.38,0.741027,3361.0,14.0,15.634,45
427379922,,,0.657916,0.692176,3506.0,8.933159310309449,15.0922,45
427334313,,,0.5146,0.516996,3100.0,8.43214933791121,16.4902,45
138899403,,,1.39,2.14996,6625.36,7.708635635888845,9.9996,45
358726270,,,0.59,1.06485,3821.0,7.585775750291836,15.5033,45
47360016,,,1.13,2.04459,6068.0,38.01893963205613,16.0057,45
264462425,,,0.62,1.10835,3991.0,12.743239696221888,13.5978,45
282912554,,,0.390063,0.398745,3123.0,25.0,16.4242,45
457231917,,,0.546401,0.551276,3206.0,14.19090364223958,15.9686,45
47361505,,,1.49,1.832,6881.0,38.01893963205613,15.2177,45
369685318,,,0.513,1.00679,3611.0,7.585775750291836,15.8839,45
264588421,,,0.38,1.13313,3371.0,11.932769556866743,14.382,45
244552734,,,1.33,1.51441,6503.0,41.68693834703355,13.5104,45
427397390,,,0.599342,0.613973,3099.0,11.198716428014007,15.7774,45
427454437,,,0.66006,0.69518,3228.0,13.560976563044475,15.2774,45
282907856,,,0.405086,0.412113,3192.0,25.0,16.1306,45
78959672,,,0.59,0.937944,3828.0,25.118864315095824,16.2708,45
432441308,,,1.09,1.73115,5958.0,14.791083881682072,15.8337,45
282912025,,,0.580943,0.591313,3335.0,25.0,14.9882,45
50656261,,,0.566372,0.574038,3179.0,11.695446362809047,16.4304,45
11290740,,,0.5,1.14015,3590.71,7.146280136447332,14.3268,45
385880025,,,0.75,1.19545,4687.0,7.585775750291836,15.5019,45
11289989,,,0.5,0.901399,3588.0,6.115277276948058,14.8801,45
103855865,,,1.03,2.44941,5756.0,4.073802778041131,13.3572,45
264620119,,,0.400757,0.408245,3090.0,13.07362248219341,17.0046,45
119856568,,,0.556,0.801465,3722.0,22.387211385683376,13.7976,45
264460037,,,0.61366,0.632272,3245.0,10.574940321366403,15.384,45
343860806,,,1.08,1.79768,5927.0,13.971607291174148,11.6777,45
178258544,,,0.8,0.849772,4902.0,23.442288153199225,16.4412,45
156358271,,,0.351,1.16064,3322.0,9.349639732497735,15.2402,45
72831988,,,0.73,1.15818,4599.0,12.463229051208335,13.4394,45
144776006,,,0.66,0.676657,4209.0,4.897788193684466,15.7467,45
427373578,,,1.15,1.02688,6111.0,12.25616890701712,14.283,45
177324001,,,0.83,1.16943,5012.0,47.863009232263806,16.2676,45
204568215,,,0.98,2.13524,5576.0,15.13561248436207,15.1059,45
104396748,,,0.242897,0.270083,2889.0,7.079457843841373,15.7862,45
50747015,,,1.46,2.71498,6801.31,7.028109601860752,10.3529,45
282911903,,,0.525948,0.528972,3235.0,25.0,15.4186,45
79695007,,,0.75,0.969616,4680.0,25.118864315095824,14.9332,45
269118288,,,0.301943,0.322071,2975.0,7.888853840862744,17.7165,45
388905426,,,0.49,1.13608,3570.0,12.15358855939159,15.1736,45
50528523,,,0.435812,0.440021,3337.0,12.899538415197396,15.7227,45
264541084,,,0.574036,0.583052,3355.0,8.41500930277806,15.3396,45
120390237,,,0.536574,0.540439,3273.0,22.387211385683376,15.7943,45
156353025,,,0.402,1.13741,3402.0,6.709171720720959,14.68,45
144703737,,,1.08,4.06144,5928.0,9.67378612378343,14.5476,45
11286324,,,1.03,0.973136,5772.9,14.416792632755342,13.3076,45
432668146,,,1.08,2.19093,5920.0,20.417379446695275,14.0129,45
48854202,,,0.99,2.59414,5588.0,43.65158322401656,13.9635,45
357575952,,,1.11,1.17217,6015.0,26.915348039269137,15.3764,45
11200769,,,0.96,1.95305,5479.53,8.601571672046441,10.9174,45
264483216,,,0.468271,0.470609,3061.0,4.897788193684466,16.1133,45
427348823,,,0.623924,0.64574,3438.0,4.897788193684466,15.3564,45
360079945,,,1.05,1.75088,5838.0,15.848931924611142,14.9172,45
50745564,,,0.588023,0.599919,3015.0,5.0,16.4051,45
177094518,,,1.16,1.95019,6141.0,43.65158322401656,14.466,45
11286247,0.014207113686066013,0.019257211246288694,0.623316,0.644934,3546.0,10.03562327783445,16.6522,45
180153219,,,1.33,1.70752,6495.0,26.915348039269137,16.1754,45
1667729499,,,1.3,1.94765,6436.0,38.01893963205613,15.7726,45
427380251,,,0.28083,0.303689,3212.0,4.897788193684466,16.6358,45
457251004,,,0.512062,0.514355,3230.0,9.0,15.7457,45
11199127,,,0.530677,0.534044,3130.0,7.5578417992532385,15.9595,45
11200501,,,0.61,0.856902,3926.0,12.716802864558,17.0553,45
427352661,,,0.553192,0.558902,3090.0,6.659138768398474,16.1155,45
355112443,,,0.616217,0.635599,3246.0,7.585775750291836,16.4834,45
166727228,,,1.4,3.00523,6660.0,28.84031503126605,14.6389,45
204628284,,,1.38,2.25693,6595.0,13.80384264602884,15.7081,45
388935602,,,0.533604,0.537208,3141.0,5.231280869230147,15.8528,45
50749796,,,0.535488,0.539255,3120.0,7.322814575688181,16.5003,45
427397130,,,1.28,1.29152,6392.0,9.850342905053402,13.2646,45
117470793,,,1.33,2.18794,6497.0,23.988329190194897,14.784,45
457230988,,,0.348522,0.362401,2899.0,14.534465006419452,17.158,45
368540034,,,0.616691,0.636219,3264.0,7.585775750291836,16.287,45
144776973,,,0.541998,0.546392,3072.0,14.0,16.3723,45
11359624,,,0.67,1.19291,4313.66,11.85268192798409,12.7534,45
435660679,,,0.99,1.8096,5580.0,20.417379446695275,15.1615,45
50744897,,,0.577992,0.587767,3168.0,14.377579986558716,15.9683,45
337088020,,,0.72,1.24568,4556.0,46.77351412871982,15.5255,45
11291071,,,0.627458,0.650441,3370.0,8.715091271641326,15.2773,45
203845279,,,0.89,1.92205,5208.0,38.904514499428046,15.5785,45
427333948,,,0.93,1.21583,5375.0,8.66615368002702,13.8317,45
1641990680,,,0.88,1.07616,5192.0,38.904514499428046,16.4655,45
180517392,0.01480379544783266,0.01788696593084327,0.86,1.66749,5105.0,45.70881896148752,16.2075,45
427378247,,,0.476148,0.478244,3185.0,4.897788193684466,15.9839,45
50662634,,,0.600926,0.615969,3100.0,11.432798564862471,15.5528,45
117865972,,,1.24,1.88168,6315.0,29.51209226666384,15.0911,45
11360445,,,0.48388,0.485833,3345.0,9.40447838023534,16.455,45
177986689,,,0.95,1.49165,5461.0,23.442288153199225,16.4969,45
436104300,,,0.48,0.921389,3540.0,11.927659655069895,15.1153,45
117457563,,,0.94,0.997633,5417.0,40.7380277804113,15.767,45
50584879,,,0.506423,0.508531,3208.0,12.398476349777832,15.946,45
276660890,,,0.5,0.890053,3587.0,5.754566293547264,14.8904,45
123454974,,,0.513,0.95252,3609.0,22.387211385683376,13.5748,45
178254244,,,0.58,1.06712,3805.0,34.673685045253166,15.0675,45
133721692,,,0.62,1.16301,3983.0,5.754399373371567,14.9842,45
388850648,,,0.298649,0.319212,2980.0,13.269437098162708,17.2661,45
391273819,,,1.04,1.5905,5797.0,20.417379446695275,15.2322,45
138857168,,,1.35,1.19585,6534.0,4.897788193684466,11.6286,45
290174221,,,0.59791,0.612175,2933.0,10.72028312012199,16.1917,45
358140587,,,1.29,1.33939,6418.0,26.915348039269137,15.0934,45
427378173,,,0.63,1.027,4019.0,7.96818017975246,14.3309,45
138978883,,,0.68,1.12787,4323.0,6.285431232947829,13.4007,45
144617827,,,0.511042,0.513297,2939.0,14.0,16.8566,45
220282690,,,0.74,1.15399,4661.0,2.5118864315095824,16.1599,45
180317431,,,0.94,2.16173,5409.0,45.70881896148752,16.1905,45
125681447,,,0.89,1.65063,5234.0,23.442288153199225,15.7912,45
388850468,,,0.98,1.32354,5569.0,8.885209735523295,12.4572,45
427398201,,,0.59903,0.613581,3330.0,11.90687189084483,15.1736,45
4206884,,,0.514387,0.516775,3178.0,5.535669991282188,15.8308,45
119855009,,,1.365,1.34747,6572.0,34.673685045253166,11.3265,45
276661946,,,0.65376,0.686372,3007.0,8.132316396866038,15.6292,45
243701515,,,1.39,1.00539,6619.0,41.68693834703355,13.9663,45
220240082,,,0.87,1.22753,5145.0,2.5118864315095824,14.8077,45
138828749,,,0.552267,0.557856,3212.0,12.370234047787967,16.1316,45
178491739,,,0.563452,0.570646,3530.0,34.673685045253166,16.6432,45
117078804,,,1.47,1.5912,6811.0,38.904514499428046,14.3517,45
299990183,,,0.99,2.29827,5596.0,44.668359215096345,14.9832,45
162282224,,,1.44,1.91929,6751.0,22.387211385683376,15.6332,45
264460219,,,0.525515,0.528511,3128.0,8.406398984945326,15.9755,45
35233264,,,0.83,0.939784,5006.0,35.481338923357534,12.1499,45
185890759,,,1.01,1.18644,5682.0,12.30268770812381,14.902,45
427334557,,,0.6,1.13054,3888.0,6.051891968213735,14.3293,45
368432880,,,0.54,1.12018,3679.0,7.585775750291836,15.2163,45
32524035,,,0.634,0.921248,4051.0,25.0,13.4717,45
427347981,,,0.592575,0.605528,3383.0,13.546884529990471,15.5683,45
713001119,,,0.5,0.613358,3574.0,4.897788193684466,15.9882,45
427379535,,,0.43,0.941005,3448.0,9.19578404234714,15.0734,45
120742586,,,0.671,0.721306,4293.0,34.673685045253166,14.9988,45
178483686,,,0.526721,0.529798,3567.0,34.673685045253166,15.3439,45
427349970,,,0.56,1.07573,3747.0,10.98768232325823,14.0981,45
125504306,,,1.32,2.53167,6483.0,23.442288153199225,15.1401,45
264739731,,,0.482042,0.48402,3069.0,6.553321254319298,16.2218,45
436011109,,,0.58278,0.593532,3465.0,10.800779706000345,15.9094,45
176346504,,,1.06,2.43676,5861.0,43.65158322401656,15.7936,45
177659614,,,1.01,1.86084,5664.0,23.442288153199225,15.3783,45
220321728,,,0.56,1.25876,3738.0,2.5118864315095824,15.4705,45
427399803,,,0.458471,0.461233,3357.0,6.81992803312168,16.4905,45
35576675,0.007552264404788371,0.00745228871003219,0.91,1.25896,5310.0,22.90867652767775,15.2193,45
388935707,,,0.471379,0.47361,2880.0,8.563352690652444,16.9553,45
226089792,,,1.05,2.15513,5816.0,6.606934480075965,14.0273,45
50656303,,,0.441939,0.445697,3194.0,7.0,16.9132,45
220322386,,,0.71,1.1665,4499.0,2.5118864315095824,14.5619,45
50788679,,,0.402236,0.409564,3308.0,6.0,16.7645,45
264539924,,,0.551301,0.556767,3078.0,9.09172358708069,16.0056,45
11401724,,,0.56,0.947954,3723.0,12.778589612201648,14.3816,45
116188906,,,0.94,1.19792,5401.0,38.904514499428046,16.0081,45
217187600,,,1.49,3.02368,6865.0,35.481338923357534,14.8362,45
457249656,,,0.61,1.14759,3904.0,8.874693684523919,13.5068,45
264631411,,,0.567773,0.575674,3093.0,7.980266130113693,15.8932,45
388850343,,,0.47526,0.477379,2922.0,14.043705493121497,16.6351,45
1650786426,,,1.48,2.89514,6852.0,15.13561248436207,15.6819,45
125641281,,,0.73,1.41512,4599.0,7.762471166286912,15.5595,45
220228793,,,1.2,4.49823,6232.0,32.35936569296281,14.3039,45
42884368,,,1.141,1.05641,6088.0,22.387211385683376,11.641,45
116469919,,,1.36,2.44083,6558.0,12.30268770812381,14.9487,45
120380596,,,0.702,0.917951,4473.0,35.481338923357534,12.6779,45
51802920,,,0.62,0.949252,3990.0,21.87761623949552,15.0743,45
118375076,,,1.05,1.50931,5832.0,38.904514499428046,15.5675,45
11289787,,,0.53845,0.54249,3070.0,5.072343289734884,15.9679,45
427451809,,,0.443178,0.44685,3245.0,5.0,16.8183,45
142673036,,,1.124,1.15936,6044.0,34.673685045253166,12.1737,45
72781155,,,0.623604,0.645316,3567.0,4.897788193684466,15.7845,45
175088018,,,1.23,1.02125,6288.0,21.87761623949552,13.7504,45
427454712,,,0.385522,0.394734,3315.0,9.894171409490964,17.0686,45
264621275,,,0.56849,0.576514,3345.0,5.795080646212228,15.3424,45
436103228,,,0.963,1.64142,5492.0,6.8575952026233615,11.9035,45
220044835,,,1.27,1.49936,6377.42,6.841120048975346,10.8394,45
167835045,,,0.9,1.01834,5261.0,28.84031503126605,16.1409,45
79540132,,,1.4,1.2988,6648.0,25.118864315095824,12.8672,45
319364321,,,0.61,0.752142,3903.75,12.630850603877958,12.7222,45
42558853,,,0.401899,0.409264,3135.0,22.387211385683376,16.5116,45
143079484,,,0.97,2.17546,5516.0,8.51138038202376,13.3074,45
138856521,,,0.432482,0.436953,3112.0,4.897788193684466,16.4729,45
183184688,,,1.3,3.58207,6429.0,38.01893963205613,14.9753,45
426186275,,,0.59,1.28344,3825.0,8.186161240782585,14.1892,45
427395695,,,0.93,1.02478,5369.0,6.0,14.6029,45
50746452,,,0.608622,0.625767,3040.0,14.132459458197111,15.3543,45
177131626,,,1.33,2.20262,6502.0,23.442288153199225,14.9147,45
175884397,,,0.746,0.833787,4681.0,21.87761623949552,14.7519,45
319365047,,,0.546114,0.550956,3138.0,14.188265651750022,16.4141,45
63425170,,,0.97,1.19651,5528.0,25.118864315095824,13.7359,45
53901931,,,0.75,1.04679,4684.0,25.118864315095824,14.9994,45
50744814,,,0.58,0.879704,3807.0,6.426317761320837,15.218,45
142525440,,,0.94,1.04625,5402.0,22.90867652767775,15.3791,45
201369542,,,0.5127,0.515018,3186.0,8.2232791986272,15.8332,45
229302267,,,0.75,0.745794,4684.0,32.35936569296281,16.1239,45
204253114,,,0.94,1.78954,5416.0,19.952623149688787,15.4644,45
66526994,,,0.628802,0.652238,3437.0,4.897788193684466,15.0013,45
11197975,,,1.18,1.97617,6183.0,10.765690856083342,11.0967,45
427397823,,,0.62,1.00558,3959.0,7.250865435367174,15.2117,45
50747530,,,0.638869,0.665839,3821.0,6.2038310773823335,14.0972,45
4249907,,,0.546476,0.551359,3095.0,13.897653350136762,15.8299,45
50621309,,,0.45,1.11423,3478.0,9.54176975465066,14.4795,45
50588598,,,0.484906,0.486846,2945.0,7.961067444442703,16.4203,45
1921246719,,,1.03,0.964117,5738.0,26.915348039269137,16.0408,45
115498544,,,1.17,1.1575,6164.0,41.68693834703355,14.9957,45
464839668,,,0.373808,0.384435,3226.0,10.201180174346346,17.1093,45
385074894,,,0.399958,0.407532,3189.0,7.585775750291836,16.9422,45
66528173,,,0.62632,0.648924,3274.0,5.678766452269228,14.6625,45
358450497,,,0.51,0.941943,3602.0,7.585775750291836,15.6337,45
50586282,,,0.651986,0.683903,3512.0,13.771683003092308,14.7011,45
436098523,,,0.61,1.00133,3916.0,5.298866287760543,14.4666,45
213266017,,,0.761,0.92772,4740.0,5.754399373371567,15.8434,45
264682124,,,0.53216,0.535645,3217.0,5.258157655357808,15.8108,45
123549731,,,0.63,0.879471,4028.0,34.673685045253166,14.8161,45
199780282,,,0.49,0.885061,3552.0,10.597922987611735,14.9366,45
178379222,,,1.31,1.44725,6445.0,23.442288153199225,15.2457,45
185213550,,,1.37,2.56237,6589.0,38.01893963205613,15.522,45
459991065,,,1.0,1.26003,5626.0,10.059591692867013,15.6178,45
464838660,,,0.568561,0.576597,3274.0,6.684393378204785,15.3811,45
401653269,,,1.1,2.38393,5974.0,42.65795188015926,16.1477,45
427350025,,,0.64,0.955633,4087.0,6.293952282758678,13.8637,45
7640976,,,0.83,1.38289,5017.0,5.754399373371567,14.4362,45
110061746,,,0.88,0.966601,5173.0,7.413102413009177,15.2095,45
427373618,,,0.632053,0.656604,3347.0,14.096198569898222,15.2725,45
11286419,,,0.581996,0.592584,3184.0,10.702425287912485,16.5785,45
50721566,,,0.62,1.09938,3963.0,10.715617777759793,14.5624,45
281912301,0.007114655885495203,0.00663910657005321,1.11,1.04801,6020.0,36.3078054770101,14.8375,45
276661302,,,0.6,1.19528,3881.0,11.723328060084272,13.8083,45
451940288,,,1.4,2.48869,6648.0,6.918309709189363,14.7468,45
47367274,,,0.73,0.887842,4620.0,21.87761623949552,15.2477,45
243712109,,,1.28,1.59997,6391.0,41.68693834703355,15.1735,45
284198880,,,0.336038,0.351584,3447.0,5.0,16.9395,45
386336225,,,1.31,2.22567,6452.0,28.84031503126605,15.2676,45
264680129,,,0.54,1.03754,3670.0,6.383602033908399,14.4047,45
177984089,,,1.26,1.40831,6353.0,23.442288153199225,15.4037,45
332918926,,,0.524249,0.527162,3239.0,12.326394520136631,16.5617,45
11362423,,,0.445818,0.449312,3486.0,4.897788193684466,16.637,45
4207130,,,0.94,1.18665,5404.89,13.587182170133431,11.8906,45
432983453,,,0.97,1.48485,5524.0,30.90295432513592,14.9554,45
35583480,0.013162485941270513,0.015061720181340955,0.77,1.34461,4775.0,22.90867652767775,15.9771,45
264539942,,,0.546564,0.551458,2951.0,9.0,16.1323,45
50527977,,,1.28,1.82615,6399.69,5.271285661139657,10.3712,45
264740720,,,0.58,1.04953,3812.0,8.441657550341974,14.0705,45
427395795,,,0.573867,0.582852,3733.0,7.6668388167636445,15.5411,45
151233768,,,0.72,1.18705,4586.0,46.77351412871982,15.0967,45
355677088,,,1.16,0.960626,6139.0,7.585775750291836,14.9502,45
103851320,,,1.25,2.5168,6336.0,4.073802778041131,15.214,45
354575886,,,1.113,1.25028,6016.0,7.585775750291836,12.6633,45
50790583,,,0.582769,0.593519,3202.0,9.0,15.5834,45
459990860,,,1.1,2.03003,5977.9,11.378520285276334,10.5904,45
427374393,,,0.662755,0.698966,3358.0,6.469542941552168,15.2497,45
46717591,,,0.858,0.747688,5106.0,5.754399373371567,13.5132,45
427395880,,,0.509366,0.511562,3215.0,7.691673389473448,16.1673,45
427395976,,,0.603191,0.618834,3376.0,8.861876201056166,16.0624,45
123547763,,,0.571435,0.579975,3220.0,22.387211385683376,14.9901,45
138899133,,,1.06,1.6331,5857.17,9.326179190155454,11.966,45
125636953,0.010608892883812615,0.010917970345776731,1.22,1.75003,6267.0,23.442288153199225,15.4621,45
79435940,,,0.62,0.880451,3958.0,25.118864315095824,15.9944,45
220066670,,,0.393071,0.401409,3085.0,5.220764819045529,17.039,45
71968273,,,0.76,0.781948,4740.0,16.218100973589298,15.4458,45
220058164,,,0.662831,0.699074,3518.0,14.95122228662492,15.0992,45
269118005,,,0.661798,0.697621,3445.0,8.409618609542019,14.6121,45
220074379,,,0.530666,0.534032,3150.0,13.447488916873382,15.4526,45
118372487,,,1.05,1.73976,5824.0,45.70881896148752,14.9163,45
182357122,,,1.141,2.67607,6086.0,6.606934480075965,14.8963,45
138828722,,,0.34,0.97648,3304.0,7.744404818231585,14.8593,45
178381100,,,1.12,1.60539,6030.0,23.442288153199225,16.3851,45
178381179,,,1.27,1.96327,6368.0,23.442288153199225,14.869,45
133721154,,,1.04,1.31847,5784.0,5.754399373371567,13.7386,45
427393697,,,0.591813,0.604584,3413.0,10.433883037943756,15.5664,45
220322212,,,0.58,0.742735,3820.0,2.5118864315095824,16.4106,45
11287744,,,0.49178,0.493685,3301.0,4.897788193684466,16.0752,45
50589099,,,0.556456,0.562609,2998.0,11.784841548234558,16.1039,45
427393800,,,0.528372,0.531565,4002.0,4.897788193684466,16.1824,45
427374777,,,0.537772,0.541748,3104.0,9.973924915126558,17.089,45
50743740,,,0.625172,0.647397,3321.0,5.729237972508416,15.4942,45
449364576,,,1.27,1.42616,6378.0,5.200165948380821,10.4167,45
323419052,,,0.353852,0.367029,3344.0,4.897788193684466,16.3693,45
464840328,,,0.98,2.06913,5576.0,5.91150894414644,10.7961,45
459990791,,,0.62,1.05687,3973.0,7.875115777299955,13.744,45
401260269,,,0.88,1.8485,5179.0,44.668359215096345,16.5835,45
45563337,,,0.596001,0.609787,3057.0,5.754399373371567,15.6705,45
427352006,,,1.01,3.24763,5698.0,13.239824740576852,12.4134,45
436338696,,,0.596372,0.61025,2984.0,5.0,16.4675,45
50582896,,,0.333774,0.349625,3121.0,32.35936569296281,14.864,45
427380467,,,0.51,0.919177,3593.0,5.491534137844104,14.8874,45
11194901,,,0.62127,0.642229,3163.0,6.8815708732224845,15.4444,45
427379903,,,0.471246,0.473482,3187.0,5.0,16.6566,45
427396799,,,0.36,0.803157,3331.0,10.177916264718814,15.6089,45
176709714,,,1.47,1.73429,6825.0,19.952623149688787,15.1122,45
34398439,,,0.525106,0.528075,2887.0,6.0,16.5329,45
11287111,,,0.87,1.4827,5145.0,5.131643654571027,14.5948,45
53744990,,,0.72,1.15007,4554.0,25.118864315095824,15.0475,45
50792055,,,0.478578,0.480619,3212.0,9.317321476506036,15.7536,45
50788052,,,1.01,0.904755,5686.0,4.897788193684466,12.1083,45
11167068,,,0.66,0.968855,4249.0,9.40539738714402,12.6082,45
4378789,,,0.55,0.969308,3692.0,8.38883183389735,14.5081,45
50790524,,,0.597665,0.611868,3156.0,11.455298161836856,16.118,45
370302421,,,1.26,1.42055,6341.0,26.915348039269137,15.6997,45
204634830,,,1.09,1.35991,5967.0,15.13561248436207,15.5102,45
427392767,,,0.529278,0.532538,3126.0,9.354345556771074,16.3733,45
225999367,,,0.98,1.13711,5551.0,6.606934480075965,14.7459,45
50624216,,,0.93,2.33204,5356.0,13.286678463975118,12.1087,45
345773622,,,0.423527,0.428759,2951.0,13.423346985036416,13.972,45
427396927,,,0.647596,0.677818,4076.0,11.259713744838717,15.9542,45
433373015,,,1.38,2.02066,6608.0,13.80384264602884,14.3226,45
427334324,,,0.6089,0.626124,3125.0,4.897788193684466,15.8439,45
156390520,,,0.621,0.942826,3981.0,8.460501560466192,14.7022,45
11286353,,,0.421912,0.427289,3468.0,10.272759527186311,17.163,45
11198111,,,0.474559,0.476696,3046.0,4.897788193684466,16.3445,45
217329018,,,1.19,2.12049,6199.0,21.379620895022324,15.3254,45
35717039,0.005599175018288441,0.004948784819353964,1.21,3.7114,6248.0,22.90867652767775,14.3526,45
427352513,,,0.663562,0.700103,3263.0,6.0,15.1869,45
50744864,,,0.634026,0.659266,3384.0,13.012703893627132,14.7591,45
200591821,,,0.596049,0.609847,3201.0,8.965452078838922,15.6577,45
172785339,,,0.552836,0.558499,3518.0,32.35936569296281,15.6139,45
177132362,,,1.08,1.20883,5923.0,23.442288153199225,15.6646,45
264486727,,,0.36,0.989956,3330.0,13.80213579318964,15.0829,45
264681823,,,0.631313,0.655608,3366.0,7.460411465613619,15.5437,45
215917155,,,0.93,1.54399,5352.0,41.68693834703355,15.362,45
427377646,,,0.61,1.12892,3949.0,12.813654399026674,13.6763,45
115371698,,,1.17,1.78496,6161.0,12.30268770812381,16.1552,45
177323606,,,1.26,1.46055,6344.0,47.863009232263806,14.4413,45
427455821,,,0.8,1.27225,4909.0,8.476892332838643,15.1528,45
72348662,,,0.68,1.25972,4358.0,8.51138038202376,15.3337,45
231147439,,,0.87,1.59076,5146.0,2.5118864315095824,13.1331,45
177519607,,,1.2,1.69467,6232.0,23.442288153199225,15.0706,45
50789326,0.003324286963684577,0.0011884644777926617,0.99,2.56598,5589.0,13.475360567334212,11.827,45
457230398,,,0.552212,0.557795,3191.0,13.574226437422157,15.6512,45
179843194,,,1.3,1.77854,6442.0,45.70881896148752,15.7259,45
120093019,,,1.237,2.37824,6301.0,11.748975549395302,11.1139,45
9861707,,,0.737,1.26413,4639.0,7.585775750291836,14.1266,45
427352613,,,0.470072,0.472347,3144.0,8.239813926236588,16.3932,45
46710452,0.016715638523656574,0.019847170407394282,0.97,2.03694,5523.0,38.01893963205613,16.1353,45
50748504,,,0.63,1.17321,4030.0,5.802352559169217,13.5545,45
388917814,,,0.98,1.24616,5542.0,10.572336072313114,13.3353,45
264542854,,,0.645141,0.674432,3308.0,13.8582797607619,14.5735,45
138899315,,,0.598137,0.612459,3298.0,6.118663677674815,15.8903,45
117596155,,,1.08,2.14956,5922.0,41.68693834703355,14.1445,45
177788474,0.07241652265657807,0.09129266286239518,0.86,1.20415,5128.0,23.442288153199225,16.3771,45
4255301,,,0.62,1.10565,3977.0,6.073046284583316,13.694,45
358444880,,,0.649,0.736224,4144.0,7.585775750291836,14.6432,45
231147303,,,0.8,0.971368,4897.0,2.5118864315095824,14.3454,45
264682999,,,1.33,1.87827,6495.57,7.191713495910937,11.6646,45
50743455,,,0.570327,0.578671,3777.0,9.191723169322382,15.7756,45
432671578,,,0.96,1.81649,5477.0,47.863009232263806,15.6919,45
31829992,,,1.23,1.90445,6276.0,23.442288153199225,14.8924,45
45562845,,,1.05,1.93618,5835.0,14.791083881682072,15.267,45
34367605,,,0.5,0.844289,3584.0,5.272500039440487,14.9262,45
436340447,,,0.596567,0.610494,3325.0,14.0,15.5553,45
180368859,,,1.32,3.03133,6485.0,38.01893963205613,14.5989,45
264629931,,,0.621505,0.64254,3395.0,9.695145707461574,14.8366,45
50623785,,,0.474299,0.476444,3167.0,5.014377266546081,16.0701,45
201369314,,,0.39,1.02039,3385.0,9.41522475539301,14.6897,45
427455776,,,0.641289,0.669145,2874.0,9.431566204801786,15.8234,45
388851158,,,0.487808,0.489724,2897.0,14.957764595153412,16.1431,45
231199548,0.0049414732413380355,0.004413776827030562,0.71,1.34447,4502.0,2.5118864315095824,14.4599,45
11202430,,,0.605527,0.621807,3169.0,6.0,15.6163,45
433325201,,,1.3,2.64337,6440.0,13.80384264602884,13.846,45
156285160,,,0.485324,0.48726,3225.0,13.247680325040625,14.7277,45
340887182,,,0.37255,0.383334,3125.0,35.481338923357534,15.3127,45
436154859,,,0.36,1.11346,3335.0,6.642913137197163,15.0158,45
443284367,0.0089146661235216,0.008666043911521787,0.92,2.22714,5320.0,14.125375446227554,15.1249,45
264460002,,,0.62863,0.652009,3363.0,13.695965727896535,15.0214,45
388918122,,,0.415184,0.421192,3060.0,11.635807000975696,17.3733,45
50584060,,,0.612512,0.630783,3332.0,10.34176854079097,15.1405,45
180517579,,,1.03,1.42125,5748.0,45.70881896148752,15.6215,45
50529456,,,0.644103,0.673004,3385.0,5.461542692487061,15.128,45
459991195,,,0.762,1.10208,4745.19,13.303462995835396,11.8543,45
50743197,,,1.47,1.31472,6814.0,13.223165067352404,10.6256,45
11167229,,,0.278815,0.301926,3419.0,8.66334999320765,16.8938,45
436103977,,,0.581003,0.591386,3440.0,14.214639564887865,16.0578,45
427373543,,,0.67,1.2968,4266.0,9.677899272359234,15.6898,45
50662894,,,0.89,1.16419,5210.0,10.272966654690052,13.2356,45
201368723,,,0.371286,0.382228,3398.0,2.0,12.9496,45
457230604,0.007205509470830233,0.006310055345182087,0.46,1.09802,3509.0,14.904732070678724,14.2516,45
178331958,,,1.18,1.42932,6176.0,23.442288153199225,14.8064,45
264593847,,,0.66,1.30321,4241.76,10.561350926899095,12.9075,45
50656069,,,0.442452,0.446174,3137.0,5.0,17.2423,45
427347805,,,0.555937,0.562018,3238.0,7.484067149639936,16.0029,45
177205790,,,0.824,0.712416,4984.0,34.673685045253166,13.944,45
42076763,,,0.53519,0.538931,3097.0,22.387211385683376,15.7072,45
464839350,,,0.367939,0.379301,3007.0,10.135245865403538,16.9863,45
433023931,,,0.89,0.910506,5236.0,47.863009232263806,16.2885,45
71963944,,,0.611468,0.629433,3286.0,14.337869766987636,15.1073,45
203495080,,,0.78,0.817756,4826.0,5.754399373371567,15.9013,45
11167220,,,0.423201,0.428461,3183.0,13.321069396164845,16.3794,45
178167780,,,0.62,0.894024,3977.0,34.673685045253166,15.8286,45
124193285,,,0.510426,0.512658,3314.0,25.0,15.3775,45
138900034,,,0.655559,0.688881,3248.0,14.356996826040133,14.9952,45
369928876,,,0.93,1.31763,5354.0,7.585775750291836,15.894,45
50524406,,,1.02,1.23918,5713.0,13.77792062977178,11.5593,45
432897658,,,0.97,1.58827,5510.0,40.7380277804113,15.5412,45
11200864,,,0.396062,0.404065,3219.0,12.865928182184188,17.4607,45
244502074,,,1.29,4.08433,6417.0,23.988329190194897,14.2072,45
231199952,,,1.29,1.49627,6407.0,2.5118864315095824,13.7704,45
427399874,0.0045535185243272104,0.0039183285679800315,0.57,1.11874,3771.0,5.695072263399656,14.0365,45
178570168,,,0.561997,0.568964,3395.0,34.673685045253166,16.1885,45
177451642,,,0.542499,0.546946,3486.0,34.673685045253166,16.644,45
50724099,,,0.634,1.1268,4056.0,13.144783902782743,13.5249,45
11300150,,,0.490378,0.492283,3329.0,7.272123126518416,15.5793,45
353924007,,,0.677,1.00516,4334.0,7.585775750291836,14.5317,45
50529917,,,0.571189,0.579686,3169.0,10.50777796311957,15.5422,45
1650562363,,,1.02,2.00275,5737.0,47.863009232263806,14.8352,45
401000032,,,1.36,2.96395,6571.0,43.65158322401656,15.9583,45
11296105,,,0.66,0.813001,4241.0,13.230186210370965,16.8922,45
5561102,,,1.18,3.86057,6187.0,35.481338923357534,14.9329,45
124016707,,,0.457308,0.460128,3275.0,25.0,15.5924,45
177131446,,,1.37,1.67594,6582.0,23.442288153199225,15.7371,45
276663654,,,0.174748,0.205789,3215.0,6.057832474939206,16.1222,45
177596918,,,0.59,0.535233,3828.0,34.673685045253166,16.197,45
79536770,,,0.59,0.83373,3845.0,25.118864315095824,16.5713,45
48752261,,,0.510092,0.512314,3344.0,32.35936569296281,16.0914,45
436013947,,,0.612,1.22972,3934.0,10.418701540626593,13.8466,45
427395588,,,1.04,2.05927,5781.0,7.581973735364108,14.1595,45
264459811,,,1.196,1.61953,6212.32,6.56728054224193,8.45144,45
4153738,0.0036901995242993894,0.002314391896237278,0.69,1.18219,4419.0,7.621636508461592,12.9926,45
200588278,,,0.623688,0.645427,2933.0,14.0,15.8045,45
42231328,,,0.225377,0.25416,3224.0,22.387211385683376,16.0512,45
185892522,0.0191394223933741,0.021081346386708683,1.05,1.63565,5836.0,15.13561248436207,15.804,45
72552845,,,0.7,1.43951,4454.0,8.51138038202376,14.7429,45
378442792,,,0.84,1.00233,5049.0,42.65795188015926,16.0623,45
436103307,,,1.037,1.36399,5781.31,9.140336646178868,11.7797,45
125644313,,,0.55,1.26006,3694.0,7.762471166286912,16.5648,45
282709413,,,0.524892,0.527846,3245.0,25.0,15.4488,45
427373679,,,1.04,1.02699,5803.0,6.880518887440781,14.382,45
200591840,0.017308604373067193,0.0032908471654237393,1.03,2.50134,5764.37,11.277123384224272,10.4768,45
50897539,,,0.43,1.17844,3449.0,12.078847110397984,14.9786,45
388905413,,,0.46299,0.46554,3031.0,13.39883153398304,16.6965,45
177323168,,,1.1,1.36765,5992.0,47.863009232263806,14.8457,45
185803575,,,0.83,1.40931,5004.0,15.13561248436207,15.0282,45
427393269,,,0.611845,0.629919,3589.0,14.592770170973454,16.2269,45
119028115,,,0.87,0.876621,5156.0,11.748975549395302,15.8577,45
264460346,,,0.52,1.05876,3615.0,12.677021745080838,14.0592,45
50747992,,,0.58556,0.596909,3259.0,9.000220763801527,15.5942,45
427397282,,,0.49,1.02672,3563.0,9.579711302622767,15.3928,45
50745056,,,1.05,2.49912,5828.09,12.404673721297067,11.1693,45
427456241,,,0.97,1.49888,5524.0,9.709040741011144,12.5861,45
427451846,,,0.6,1.27593,3887.0,7.5138128638416255,13.7746,45
199821456,,,0.37,1.17107,3356.0,5.246369697181191,14.9743,45
220065028,,,0.49807,0.500014,3280.0,4.897788193684466,16.2873,45
332856473,,,0.410244,0.416741,3078.0,9.511015779479198,17.2658,45
50722885,,,0.62,0.833189,3965.0,12.46156539976965,13.9573,45
178060957,,,0.97,0.667076,5502.0,23.442288153199225,16.5819,45
50618590,,,0.46,0.961105,3493.0,5.994974578676285,14.5885,45
162610487,0.005826836546888051,0.005227802396870089,1.05,4.13323,5842.0,38.904514499428046,14.5029,45
426186038,,,1.279,1.98116,6389.0,8.950426372201196,11.7701,45
435428369,,,1.39,2.63948,6623.0,15.848931924611142,15.7172,45
278838277,,,0.67,0.994156,4257.0,7.585775750291836,14.6055,45
50793892,,,0.61,1.21823,3926.0,5.651778512478407,13.7318,45
264540846,,,1.13,3.06709,6066.21,14.124199941285642,11.8641,45
199780011,,,0.610124,0.627698,3267.0,5.323413727486117,15.304,45
119687264,,,0.61668,0.636204,3701.0,34.673685045253166,15.2135,45
433153829,,,1.44,2.37962,6746.0,20.417379446695275,14.2917,45
281720593,,,0.88,1.75554,5184.0,36.3078054770101,14.2667,45
119235204,,,0.467335,0.469707,3334.0,34.673685045253166,16.3191,45
119549021,,,0.719,0.899133,4561.0,35.481338923357534,12.9153,45
34397117,0.009103176534927029,0.008899537135711974,0.554461,0.56034,3124.0,11.626945500975417,15.1612,45
264483256,,,0.487241,0.489161,2995.0,9.0,16.5041,45
220322002,,,0.6,1.19713,3881.0,2.5118864315095824,15.298,45
264485620,0.004460165913819013,0.0016511596357019506,0.84,1.24345,5041.09,12.337354573710815,11.9007,45
50727259,,,0.548452,0.553567,3238.0,9.486795512190133,15.6593,45
714624348,,,1.0,1.10711,5629.0,32.35936569296281,16.1674,45
368948529,,,0.707,1.42866,4501.0,7.585775750291836,15.1634,45
340975082,,,0.6,1.26616,3878.0,19.05460717963248,15.6263,45
163739129,0.01558427974890302,0.016364431446343548,1.1,1.65824,5982.0,43.65158322401656,15.5689,45
220063890,,,0.37,1.00167,3352.0,9.748620716750116,15.3094,45
432705116,,,1.0,2.31554,5648.0,15.13561248436207,14.8831,45
752327305,,,1.01,1.05943,5695.0,23.442288153199225,16.4412,45
413234637,,,1.02,1.8922,5701.0,5.888436553555883,15.9913,45
162373982,,,1.4,2.57662,6649.0,38.01893963205613,13.5555,45
433335755,,,1.44,3.54212,6750.0,13.80384264602884,14.4135,45
177272083,,,0.65,0.963722,4179.0,34.673685045253166,14.9301,45
11294179,,,1.04,1.07805,5801.0,5.833759253122261,13.2206,45
177713764,,,0.561945,0.568904,3669.0,34.673685045253166,15.9762,45
179608096,,,0.9,1.24451,5260.0,18.197008586099827,15.9072,45
179341433,,,1.09,1.48745,5948.0,45.70881896148752,14.5269,45
264742194,,,0.58,1.24448,3788.0,13.659322564300354,14.112,45
114766789,,,1.15,1.99702,6109.0,12.30268770812381,14.202,45
427393003,,,0.61,1.10955,3933.0,7.106104253909029,14.2124,45
50618979,,,0.61,1.00823,3914.0,4.897788193684466,14.4027,45
220053946,,,0.66,1.01363,4233.0,6.4636838793408256,14.3329,45
11195803,,,0.83,0.98719,5001.0,12.580981514959806,13.6744,45
11286370,,,0.96,1.13673,5479.0,14.103450792796895,15.9923,45
434290838,0.00644133178459884,0.0058105071042759875,0.784,0.791211,4832.0,46.77351412871982,14.5536,45
388918190,0.018163882636473897,0.019760369790174037,0.629711,0.653456,3174.0,9.80375149559821,15.7452,45
388935647,,,0.610972,0.628792,3291.0,10.566238548442302,15.4196,45
464839504,,,1.18,1.18843,6176.6,20.0,11.5088,45
427396003,,,0.79,1.38164,4865.0,9.643336095523622,15.4683,45
11289343,,,1.19,1.40334,6210.0,4.897788193684466,11.5651,45
124327499,,,0.702,0.933958,4477.0,25.0,13.0214,45
276661547,,,1.09,1.78846,5952.0,13.172643353102847,15.4597,45
220120246,,,0.91,0.799846,5311.0,32.35936569296281,16.1732,45
144704338,,,0.522215,0.525003,3349.0,22.387211385683376,14.9906,45
1798921306,,,1.03,1.82752,5768.0,42.65795188015926,16.4637,45
358730006,,,0.76,1.49992,4752.0,7.585775750291836,13.1391,45
276661389,,,0.578744,0.588668,3354.0,12.180942257344256,15.503,45
4294928,,,0.405283,0.412289,3036.0,4.897788193684466,16.6048,45
11198160,,,0.92,1.98154,5329.0,9.640501993507396,12.5578,45
50725508,,,1.08,3.71399,5930.0,8.330684852890037,11.7356,45
34397579,,,1.25,2.29793,6330.41,11.342699800940483,9.8763,45
186113437,,,1.06,2.71423,5860.0,47.863009232263806,14.6893,45
264681142,,,0.489187,0.491096,3224.0,20.0,16.0338,45
264487333,,,0.522999,0.525834,2926.0,11.0,16.1919,45
427393105,,,0.309884,0.328953,3440.0,5.75539578705677,13.4915,45
48950048,,,0.39589,0.403912,3165.0,32.35936569296281,16.9275,45
185440821,,,1.01,3.05302,5676.0,15.13561248436207,13.9965,45
11297393,,,0.73,0.947548,4596.0,14.05726674917305,13.5603,45
385299549,,,0.516835,0.519334,3303.0,7.585775750291836,16.3187,45
50656458,,,0.541497,0.545839,3097.0,14.547148637735582,16.2435,45
427397367,,,0.631524,0.655892,3032.0,5.864055639637337,16.6774,45
11286566,,,0.351547,0.365027,3071.0,9.11406374880172,17.3502,45
388935496,,,0.423613,0.428836,3270.0,8.3207718537635,17.2824,45
220157733,,,0.549688,0.554953,3899.0,2.5118864315095824,15.9179,45
200639703,,,0.459,0.864019,3500.0,6.980324630533765,15.256,45
97809089,,,0.668497,0.707064,3677.0,12.032680504776238,14.3991,45
115373639,,,1.27,3.95256,6372.0,38.904514499428046,13.9953,45
42760099,,,0.439346,0.443289,3257.0,22.387211385683376,16.111,45
118498813,,,1.08,1.3972,5913.0,7.585775750291836,15.8437,45
388917622,,,1.11,0.976084,6010.0,5.504665355654268,14.5042,45
185441594,,,1.06,1.19133,5850.0,15.13561248436207,15.4873,45
11288097,,,0.53,0.872254,3652.0,7.542164009743982,14.9684,45
177595992,,,1.22,2.63733,6263.0,23.442288153199225,14.3055,45
4295883,,,0.61,0.959446,3913.0,9.358303618424024,13.9171,45
388935196,,,0.418727,0.424397,3453.0,12.189049090534825,15.9805,45
229360857,,,0.463309,0.465845,3525.0,2.5118864315095824,16.6413,45
388935758,,,0.61977,0.640254,3170.0,7.566700257430693,15.5504,45
217826733,,,1.45,4.2411,6758.0,35.481338923357534,14.0569,45
220043373,,,0.581009,0.591393,3320.0,14.695909999637813,15.2883,45
427397308,,,0.524138,0.527044,3225.0,8.290637238447465,16.1739,45
391856329,,,1.36,1.35016,6553.0,42.65795188015926,16.3567,45
436160999,,,0.444444,0.44803,3024.0,5.0,17.1178,45
50722165,,,0.491101,0.493007,3150.0,8.935348518787947,16.5882,45
50747226,,,0.367144,0.378607,3524.0,4.897788193684466,15.9409,45
318189751,,,1.29,1.31148,6419.0,22.387211385683376,16.4157,45
138829670,,,1.39,1.65919,6633.76,8.922715621957762,10.4778,45
427396839,,,0.98,1.12605,5557.0,9.75012389685747,14.0587,45
177120212,,,1.35,2.29257,6542.0,23.442288153199225,13.9509,45
42755247,,,0.395632,0.403683,3218.0,22.387211385683376,16.6806,45
427457223,,,0.42,0.954925,3431.0,14.7876441603166,15.1277,45
11200692,,,0.370853,0.381848,2961.0,13.486139290090124,17.5974,45
368540449,,,0.633015,0.657901,3085.0,7.585775750291836,16.6009,45
138905106,,,0.646407,0.676177,3341.0,6.608135609898104,15.0079,45
264682154,,,1.1,1.51044,5981.0,11.28188016242227,12.8041,45
177783884,,,0.567946,0.575877,3430.0,34.673685045253166,16.5076,45
207048114,,,0.93,1.06066,5359.0,32.35936569296281,16.1913,45
427346924,,,0.446081,0.449558,3131.0,8.04147509457181,16.3989,45
50528199,,,0.262303,0.287396,3020.0,14.193507244487702,15.323,45
332970125,0.12932420810463435,0.11551023480991472,0.56,1.21924,3725.0,6.167897710377082,14.4596,45
711128790,,,0.529,0.612823,3648.0,22.387211385683376,14.4633,45
123544778,,,0.659,1.07101,4215.0,22.387211385683376,12.5541,45
124333464,,,0.539,1.02682,3674.0,22.387211385683376,13.7187,45
177273004,,,1.02,1.23081,5719.0,47.863009232263806,15.2544,45
177104087,,,0.97,2.49503,5527.0,40.7380277804113,15.6715,45
11196117,,,0.632308,0.656948,3182.0,14.989229069092888,15.6766,45
138826836,,,0.5,0.861068,3589.0,8.337273301224482,15.1383,45
187456441,,,1.31,2.83019,6458.0,22.387211385683376,12.9223,45
11200803,,,1.23,1.56025,6284.79,8.003458582288632,11.981,45
176405601,,,0.626489,0.64915,3399.0,14.46362886066308,15.3579,45
427398820,,,0.42,1.10189,3436.0,12.316759600362598,14.9161,45
225648833,,,1.07,2.11736,5908.0,32.35936569296281,14.8491,45
427375966,,,0.609309,0.62665,3317.0,14.58254396788567,15.2393,45
151450298,,,1.16,2.56691,6138.0,23.442288153199225,14.4568,45
156501754,,,0.454897,0.457845,3525.0,4.897788193684466,16.3218,45
138829159,,,0.642251,0.670462,3429.0,10.55203530833479,13.9482,45
433178405,,,0.99,1.67144,5611.0,47.863009232263806,15.6827,45
386095367,,,1.26,1.16595,6353.0,26.915348039269137,16.3171,45
436248356,,,0.54,1.07283,3686.0,5.137599512546358,14.5534,45
388917784,,,0.93,1.16098,5375.0,9.960443386057989,14.27,45
427352414,,,0.57,0.96302,3758.0,14.501997800805468,14.4393,45
165237821,,,1.29,2.0845,6420.0,28.84031503126605,12.9609,45
184628002,,,0.7,1.4307,4467.0,4.073802778041131,15.5204,45
427395919,,,0.654395,0.687257,3358.0,5.137211216944538,15.0521,45
4295735,,,0.47,0.891086,3520.0,11.762213533614029,14.7394,45
89289581,0.014093769617429424,0.014187343735416219,1.02,1.21093,5722.0,9.298153863349622,15.3382,45
427350381,,,0.541604,0.545958,3139.0,14.061513220365716,16.0996,45
427374392,,,0.519352,0.521979,3377.0,9.189511424079203,17.268,45
50618581,,,0.66038,0.69563,3415.0,4.897788193684466,15.0108,45
459990734,,,0.46,0.9021,3510.0,11.835118229345468,14.9965,45
72309225,,,0.7,1.20448,4458.0,8.51138038202376,14.8951,45
449429972,,,0.358637,0.37119,3161.0,10.232722593726445,17.7254,45
50747957,,,0.320811,0.33841,2932.0,9.375450948084778,17.3238,45
50789370,,,0.52,0.961723,3628.0,13.021748957263467,14.7119,45
427450515,,,0.65,1.39247,4179.0,13.93104844670521,12.9638,45
220289652,,,0.93,0.929213,5351.0,2.5118864315095824,15.8479,45
390790223,,,1.1,3.41857,5989.0,42.65795188015926,15.3862,45
220281604,,,0.94,1.16292,5397.0,2.5118864315095824,14.8679,45
1658803439,,,1.0,2.59761,5635.0,14.45439770745928,15.7012,45
427346182,,,0.537431,0.541375,3238.0,11.113846809606567,16.0748,45
427351822,,,0.84,1.23933,5030.0,7.834331795298153,13.4024,45
391282672,,,0.98,1.26177,5567.0,20.417379446695275,15.0231,45
436008532,,,1.4,1.65237,6646.0,13.030497720955612,13.7854,45
125641570,,,0.91,1.38973,5306.0,6.165950018614822,14.8061,45
177074048,,,0.84,0.767914,5037.0,34.673685045253166,14.1896,45
200610688,,,0.715,1.17307,4542.0,11.164886254370858,13.682,45
162193446,0.011446363582190432,0.013339841029478395,0.8,1.17994,4892.0,45.70881896148752,16.0565,45
117862004,,,1.09,2.49221,5961.0,29.51209226666384,15.4551,45
200542672,,,0.630584,0.654628,3008.0,14.0,15.7116,45
433146989,,,1.23,2.38921,6286.0,47.863009232263806,14.7976,45
220212208,,,0.98,1.14107,5570.0,2.5118864315095824,15.6485,45
124327110,,,0.609,0.84128,3921.0,25.0,13.8673,45
123845275,,,0.641,1.28792,4094.0,25.0,12.5917,45
388918093,,,0.529596,0.53288,3158.0,10.958387230367295,15.9549,45
388918102,,,0.424285,0.429449,3457.0,9.823121691655448,16.3335,45
427347886,,,0.591182,0.603805,3213.0,9.345116582370864,15.683,45
50897698,,,0.52,0.921418,3624.0,5.589069823721902,15.0134,45
132816499,0.016439029580335423,0.02021822236149367,0.95,0.820217,5428.0,28.84031503126605,16.2793,45
50525155,,,0.72,1.03638,4582.0,8.418501936579439,13.465,45
50747933,,,0.667528,0.705695,3456.0,6.672352830726388,14.6827,45
332913527,,,0.56,0.823319,3726.0,10.545759772588784,15.2643,45
433215716,,,0.9,1.59612,5258.0,13.80384264602884,15.0507,45
11405005,,,0.579001,0.588977,3283.0,7.706190936386665,15.4017,45
427395849,,,0.58,1.29147,3791.0,14.40881960960414,14.71,45
50620005,,,0.602447,0.617891,3204.0,7.5772990362440815,15.1167,45
50793269,,,0.401695,0.409082,3437.0,12.70384505442482,16.2479,45
400645937,,,1.14,2.33074,6081.0,42.65795188015926,14.5732,45
217831981,,,1.01,2.56913,5667.0,35.481338923357534,15.1961,45
204567213,,,1.27,2.02565,6364.0,40.7380277804113,15.3309,45
388935456,,,1.27,0.64188,6363.0,10.095354289187604,12.6103,45
220322780,,,0.6,1.28617,3880.0,2.5118864315095824,15.2666,45
115833568,,,1.04,1.27173,5801.0,40.7380277804113,14.5743,45
50792989,0.044278487181708695,0.07191683828946309,0.437281,0.441378,3331.0,12.425271530229468,17.2966,45
220108452,,,0.83,1.05822,5018.0,32.35936569296281,15.6581,45
436013301,,,0.62,1.09499,3961.0,7.571444215198053,14.1377,45
199821984,,,0.73,1.22128,4619.0,9.33157897758776,12.7352,45
177658361,0.015896970539920903,0.019796085248004382,0.98,1.10943,5561.0,23.442288153199225,16.3288,45
264542317,,,0.529477,0.532752,2923.0,9.0,16.1875,45
116711338,,,1.0,0.799733,5635.0,41.68693834703355,15.5434,45
179840572,,,1.24,2.03521,6307.0,45.70881896148752,15.9023,45
427393550,,,0.550616,0.555996,3136.0,12.2289790693323,16.5091,45
138980110,,,0.77,0.998926,4770.51,6.773660759147812,13.0651,45
11198027,,,0.510741,0.512985,3216.0,4.897788193684466,16.0814,45
427352339,,,0.631798,0.656261,3068.0,6.2750709798583895,17.0074,45
35490664,0.01396841559617199,0.017038142782342527,0.99,1.46731,5615.0,22.90867652767775,16.246,45
53606919,,,0.61,0.964663,3934.0,25.118864315095824,15.9467,45
37403746,,,0.543266,0.547793,3276.0,22.387211385683376,14.71,45
61398311,,,0.92,0.993177,5340.0,22.90867652767775,15.57,45
138899333,,,0.659637,0.694588,3343.0,6.7358506957353885,14.859,45
50897881,0.004949043696086323,0.004351659657326781,0.59,1.09351,3842.0,10.995663421088228,14.297,45
42884139,,,1.076,1.08393,5914.0,22.387211385683376,11.6567,45
11299180,,,0.552,1.09934,3710.53,12.80869558108483,14.0533,45
156358718,,,0.695,1.01457,4439.0,11.38494215058168,13.9071,45
50725211,,,1.055,1.01901,5845.0,12.546321747444864,12.8364,45
220045257,,,0.59,0.914864,3851.0,6.11109177220296,14.2401,45
391864059,,,0.72,0.990047,4545.0,20.417379446695275,16.4362,45
432439565,,,0.94,1.86967,5409.0,5.888436553555883,15.1943,45
11195946,,,0.64,0.745867,4120.0,14.28229751329821,14.5507,45
354576878,,,0.596743,0.610713,3116.0,7.585775750291836,16.5326,45
199752405,,,0.62,0.928391,3956.0,4.897788193684466,13.8488,45
116710128,,,1.06,1.96089,5875.0,41.68693834703355,14.3596,45
220322762,,,0.54,1.19561,3675.0,2.5118864315095824,15.7803,45
50530179,,,1.22,2.35107,6264.0,9.258898951515675,11.4548,45
11200244,,,0.75,1.36481,4716.0,12.599838701874203,12.5853,45
436009693,,,0.603158,0.618794,3282.0,11.1058827012185,15.5059,45
49017478,,,0.558285,0.564698,3276.0,32.35936569296281,15.9244,45
427373633,,,0.524376,0.527297,3364.0,7.526265455161189,15.9418,45
427346156,,,0.97,1.32309,5511.0,12.91375659605025,12.9875,45
50897637,,,0.7,1.1212,4488.0,9.780312676507052,13.5764,45
332913270,,,0.83,0.908079,4993.0,32.35936569296281,11.4002,45
368538456,,,0.65,1.33648,4157.0,7.585775750291836,15.4091,45
436010975,,,0.505091,0.507164,3185.0,5.379104014599831,16.6973,45
361769794,,,1.07,1.06849,5907.0,42.65795188015926,13.9389,45
177520863,0.008355530663020408,0.00834189634196669,1.49,1.69608,6871.0,23.442288153199225,15.2899,45
216815344,,,1.23,1.88526,6288.0,35.481338923357534,15.7451,45
400654701,,,1.08,1.45576,5929.0,42.65795188015926,16.4857,45
284996085,,,0.517,0.666888,3620.0,10.007378036422176,16.3661,45
388918008,,,0.644364,0.673363,3371.0,14.761862238235556,14.9371,45
432706076,,,1.16,2.82076,6135.0,13.80384264602884,14.5191,45
200518880,,,0.668677,0.707318,3247.0,13.499135375572912,15.1962,45
50582892,,,0.606168,0.622625,3422.0,8.258058179201225,15.0229,45
151104554,,,0.78,1.03,4836.0,46.77351412871982,14.8961,45
178484260,,,0.478344,0.48039,3467.0,34.673685045253166,16.6097,45
427459187,,,0.61,0.893559,3921.0,10.348787588138142,14.8851,45
225542443,,,1.14,2.77309,6089.0,32.35936569296281,14.3092,45
116585208,,,1.24,2.58409,6303.0,41.68693834703355,15.1966,45
53745710,,,0.67,1.11114,4280.0,25.118864315095824,15.3352,45
264242703,,,0.71,0.741768,4499.0,21.87761623949552,15.2732,45
427396448,,,0.588548,0.600563,3767.0,7.93664673482896,15.8347,45
111079112,0.004392174246132326,0.00298107884434485,1.31,1.76452,6462.0,4.073802778041131,13.1514,45
1852773411,,,0.87,0.942284,5158.0,7.585775750291836,14.6553,45
50623288,,,1.3,0.974712,6425.13,8.94744640862173,12.7416,45
50746220,,,1.32,1.06098,6469.54,12.497317935978057,12.3923,45
199780178,,,0.49208,0.493986,3143.0,11.353276769672023,16.0124,45
50587560,,,0.69,1.05097,4436.0,14.501388640582569,14.1952,45
318790475,,,1.34,3.18436,6528.0,34.673685045253166,10.2562,45
388935232,,,0.47,0.606713,3523.0,4.897788193684466,15.9119,45
50583741,,,0.651202,0.682813,3377.0,8.56727818644034,14.9006,45
156192391,,,0.36,1.06969,3335.0,5.476303097229108,15.4055,45
19672440,,,0.7,0.942273,4461.0,21.87761623949552,14.8737,45
264680237,,,0.449379,0.452647,3137.0,5.0,16.7741,45
176636053,,,1.07,1.67107,5890.0,20.417379446695275,15.1012,45
138855812,,,0.600088,0.614912,3260.0,6.383902643931015,15.3965,45
432981273,,,0.99,1.58903,5618.0,41.68693834703355,15.6367,45
264744192,,,0.94,2.30981,5411.31,6.059648915218122,12.8103,45
424085846,,,0.81,1.2557,4942.0,21.379620895022324,16.0521,45
151469238,,,1.38,1.37287,6602.0,46.77351412871982,12.8548,45
264461350,,,1.04,1.61969,5800.0,9.171141756515157,11.8448,45
264541447,,,0.621852,0.642997,3333.0,14.818491678836592,14.9891,45
50658071,,,0.54,0.68497,3681.0,10.784027518264772,15.4026,45
1766788724,,,1.27,1.88965,6372.0,38.01893963205613,14.9374,45
200540937,,,0.49,0.910462,3562.0,12.8881427559166,14.8532,45
207045790,,,0.5,0.839062,3588.0,19.05460717963248,16.2885,45
427454384,,,0.667156,0.70517,3195.0,12.40437611098723,15.3557,45
264543569,,,0.545826,0.550636,2965.0,12.61825359353995,16.416,45
225653801,,,1.19,3.30947,6194.0,32.35936569296281,13.4897,45
385697514,,,0.613235,0.63172,3387.0,7.585775750291836,16.217,45
282208882,,,0.372,0.806085,3355.0,25.0,14.7228,45
200514136,,,0.582987,0.593784,3075.0,5.241174675876915,16.0789,45
264462125,,,0.58,0.940537,3802.0,7.785050994719855,14.2167,45
125123755,0.00535409824814487,0.004710526687911021,1.14,1.62062,6093.0,6.165950018614822,14.3033,45
436251033,,,0.412276,0.418568,3144.0,10.740117749473733,16.9193,45
427347572,,,1.06,1.9446,5858.0,10.89055784539289,11.8359,45
50658536,,,0.62,1.16995,3999.0,12.351709786275702,13.5344,45
199887669,0.00923771337081184,0.009625077339887954,0.564072,0.571364,3382.0,4.897788193684466,15.5283,45
175769979,,,1.01,1.50043,5692.0,31.6227766016838,15.5365,45
427396956,,,0.45348,0.456507,3543.0,4.897788193684466,16.417,45
117210742,,,1.03,2.45572,5769.0,29.51209226666384,15.4782,45
355399836,0.008201926385098013,0.008419874121440272,0.87,1.4265,5168.0,26.915348039269137,15.4485,45
50658899,,,0.644006,0.672871,3152.0,7.491192097968097,16.0135,45
264543195,,,0.547286,0.552264,3247.0,7.985088434323203,15.7171,45
138828285,,,0.369526,0.380688,3138.0,20.0,16.9474,45
200546990,,,0.469702,0.471989,3160.0,4.897788193684466,16.4915,45
50795361,,,1.37,1.61145,6573.9,13.955621870593337,11.2106,45
178799088,,,1.0,1.83578,5659.0,26.915348039269137,15.5922,45
427395626,,,0.392322,0.400746,3625.0,11.018284903942112,15.2649,45
343081313,,,0.94,2.33672,5404.0,44.668359215096345,14.891,45
427374467,,,0.6,0.964574,3877.0,12.144283729462051,14.7576,45
388905543,,,0.364139,0.375984,3204.0,12.602297328499564,15.1958,45
226112529,,,1.14,2.70986,6092.0,24.547089156850287,15.2825,45
459990830,,,0.444248,0.447847,3137.0,8.330035437730881,16.3937,45
177096746,,,1.07,2.62797,5881.0,14.791083881682072,15.5706,45
200515532,,,0.602792,0.618329,3237.0,12.91873855929992,15.7334,45
177446407,,,0.577155,0.586766,3372.0,34.673685045253166,16.7161,45
392299545,,,1.36,1.398,6553.0,42.65795188015926,16.331,45
50788264,,,1.459,1.3422,6790.0,6.870596296955979,10.9377,45
427458359,,,0.58,1.08186,3795.2,5.730729345574263,14.2435,45
50790698,,,0.667803,0.706084,3211.0,11.645047108157364,15.4757,45
177104733,,,0.97,1.64667,5536.0,15.13561248436207,15.2646,45
427378942,,,0.626829,0.649603,3478.0,10.04377401861004,15.1331,45
116955297,,,1.41,1.54731,6670.0,40.7380277804113,13.5349,45
357284401,,,0.67,1.04994,4266.0,7.585775750291836,15.2239,45
264595010,,,0.75,0.957844,4689.0,11.56653740443072,12.9379,45
50583016,,,0.454991,0.457934,3583.0,4.897788193684466,15.7957,45
138855009,,,0.604629,0.620662,3266.0,9.334627634773549,15.595,45
427395631,,,0.96,1.47821,5496.0,14.057088340924322,13.5186,45
264740381,,,0.81,1.10231,4935.0,6.014723194561055,12.6475,45
11456988,,,0.641524,0.669466,3117.0,7.470805901231041,15.2984,45
50524503,,,0.608037,0.625017,3165.0,11.565129936903448,15.1764,45
4295043,,,0.628253,0.651504,3364.0,9.804315837436498,15.0077,45
32523681,,,0.641572,0.669533,3534.0,25.0,14.3543,45
151099971,,,0.89,0.740555,5222.0,46.77351412871982,15.5123,45
50742351,,,0.631862,0.656346,3174.0,11.313767860947596,15.3502,45
1766070671,,,1.0,2.0085,5653.0,22.387211385683376,16.1316,45
179837663,,,1.06,2.32686,5861.0,26.915348039269137,15.5767,45
358868837,,,0.528377,0.531571,3241.0,7.585775750291836,16.2669,45
269118129,,,0.68,1.26503,4334.38,9.924993678479268,12.8175,45
459989371,,,0.578808,0.588745,3172.0,12.737488420435524,15.4203,45
79137836,,,1.11,1.26869,6022.0,25.118864315095824,13.5032,45
269117102,,,0.56,0.926196,3721.0,7.740139926966757,14.8048,45
449310689,,,0.552241,0.557827,3817.0,32.35936569296281,13.3531,45
382850465,,,0.37,1.0757,3352.0,21.87761623949552,16.0073,45
1772887883,,,1.21,2.18719,6242.0,29.51209226666384,15.9616,45
50720741,,,0.657508,0.691604,3420.0,10.81193055420584,14.6304,45
459991460,,,0.557017,0.563249,2971.0,12.341969360559268,15.9593,45
165141997,,,1.32,1.61969,6480.0,23.988329190194897,14.4023,45
436158737,,,0.96,1.11885,5496.0,14.889493616046822,14.2933,45
427379527,,,0.519497,0.522131,3225.0,10.13521849803782,16.4934,45
294117988,,,1.02,2.22627,5709.0,46.77351412871982,13.5806,45
11412841,,,0.662034,0.697953,2880.0,5.0508432446841685,16.4935,45
72487129,,,0.9,1.34654,5256.0,8.51138038202376,14.6984,45
1852087280,,,0.62,1.09586,3974.0,7.585775750291836,15.2619,45
229374960,,,0.86,0.694039,5127.0,32.35936569296281,16.29,45
207045620,,,0.6,0.956568,3882.91,2.5118864315095824,15.1553,45
11290939,,,0.577244,0.586872,3179.0,12.42548823896355,15.6284,45
427335408,,,0.54,1.0182,3675.0,13.069671412540638,14.637,45
225652688,,,0.99,1.59756,5581.0,32.35936569296281,15.4256,45
264485576,,,0.475745,0.477852,3143.0,8.62259174803432,16.6368,45
11291121,,,0.79,1.40333,4870.24,7.867525522806126,12.6498,45
427373770,,,0.654672,0.687643,3794.0,12.269294583983438,15.1617,45
125267745,,,1.36,1.80035,6554.0,6.165950018614822,12.993,45
42558592,,,0.557295,0.563567,3316.0,22.387211385683376,15.3462,45
279577752,,,0.54,1.15665,3665.0,10.067932376105976,14.6252,45
459990859,,,1.35,1.45146,6536.0,5.365722501452722,10.9704,45
388918169,,,0.488407,0.490319,3098.0,14.362506450809418,16.6809,45
220045765,,,0.62,0.870324,3960.0,8.970440323048837,14.5509,45
11296037,,,1.26,1.68862,6339.95,8.939733247817646,12.5183,45
50656249,,,0.591221,0.603854,3155.0,11.355792590800608,16.074,45
97481661,,,1.0,1.05027,5628.0,46.77351412871982,15.2036,45
425961590,,,0.88,1.92841,5174.0,21.379620895022324,15.2043,45
360077415,,,1.06,1.85887,5864.0,21.379620895022324,15.6376,45
427395504,,,0.631952,0.656468,3911.0,10.93558329170041,15.6842,45
427349490,,,0.72,1.32294,4552.0,11.729048803536616,12.8181,45
436010403,,,0.615047,0.634075,3335.0,8.204486736128466,15.4517,45
50658246,0.038957036677063475,0.04946194207217666,0.498096,0.500041,3224.0,5.552148221239296,16.4048,45
283201395,,,0.474674,0.476809,3174.0,22.387211385683376,15.7343,45
177325767,,,1.0,1.51582,5634.0,23.442288153199225,15.7361,45
186920223,,,1.18,2.12084,6173.0,45.70881896148752,15.5349,45
50725290,,,0.48535,0.487286,3608.0,8.05209917232565,15.1477,45
107631997,,,1.04,2.63225,5790.0,34.673685045253166,13.7045,45
138979879,,,0.65,1.09843,4160.0,6.370433958059971,13.3854,45
50662932,,,0.640684,0.668318,3276.0,9.090708101452003,14.9742,45
50623368,,,0.404506,0.411593,3081.0,4.897788193684466,16.5425,45
138979413,,,0.531503,0.534935,3163.0,6.306385803651207,16.1121,45
457231533,,,0.569562,0.577771,3187.0,7.900117712355643,15.5564,45
178060033,,,0.866,0.788641,5135.0,34.673685045253166,14.1532,45
427374859,,,0.59,1.15291,3860.0,9.250583856089344,14.3562,45
4249539,,,0.518798,0.521395,3160.0,12.09114822146536,15.9619,45
24774548,,,0.63,1.22977,4020.0,10.241227652225874,13.4122,45
220321794,,,0.7,1.29252,4473.0,2.5118864315095824,15.7701,45
282391992,,,0.547133,0.552093,3431.0,34.673685045253166,16.0565,45
220322430,,,0.61,0.824464,3923.0,2.5118864315095824,15.7852,45
50898502,,,0.632455,0.657146,3272.0,7.783709603409708,15.193,45
388935941,,,0.452567,0.455646,2971.0,13.51959325314619,17.2041,45
432937869,,,0.96,1.045,5493.0,13.80384264602884,15.0966,45
388851076,,,0.59,1.05627,3839.0,12.684620480400596,14.1695,45
368434099,,,0.62876,0.652182,2999.0,7.585775750291836,16.3961,45
432982313,,,1.45,1.68355,6781.0,13.80384264602884,15.0248,45
264538143,,,0.476909,0.478987,3171.0,7.150250446030439,16.0893,45
50743816,,,0.545361,0.550118,3196.0,7.074609197545281,15.7492,45
388917947,,,0.92,1.3495,5333.0,8.81208903494728,12.6472,45
220052065,,,0.329455,0.345888,2894.0,12.83813469974305,17.0642,45
50794694,,,0.56528,0.572768,3308.0,9.309994814153235,15.4418,45
436012515,,,0.51,0.577532,3613.0,6.622917108070341,15.8091,45
220067835,,,0.65,0.918538,4170.0,12.264411843777214,14.315,45
11290884,,,0.89,0.842221,5212.0,14.432812000312364,16.5564,45
178673498,,,0.72,0.895436,4574.0,34.673685045253166,14.3657,45
264486527,0.010181892718100554,0.01084571165128464,0.4,0.678073,3397.0,11.0,15.6418,45
369688436,,,0.593,1.14199,3850.0,7.585775750291836,15.388,45
177521989,,,1.0,1.84265,5634.0,23.442288153199225,15.7794,45
72554234,,,0.64,1.26851,4084.0,8.51138038202376,16.0284,45
264592184,,,0.41,1.14696,3419.0,5.874125132125949,14.4188,45
281720008,,,0.99,0.99276,5589.0,36.3078054770101,15.134,45
355529644,,,0.662631,0.698793,3344.0,7.585775750291836,15.5457,45
11287112,,,0.665284,0.702528,3116.0,4.897788193684466,15.7538,45
427459558,,,0.585822,0.597229,3377.0,4.897788193684466,15.5022,45
264541579,,,0.649943,0.681066,3104.0,5.573021442299176,15.3042,45
358585272,,,0.519999,0.52266,3071.0,7.585775750291836,16.814,45
436012279,,,0.581865,0.592426,3174.0,14.750946866492365,15.6475,45
427374646,,,0.5,0.862246,3573.0,14.5880434235818,15.147,45
369170924,,,0.663592,0.700145,2997.0,7.585775750291836,16.2814,45
281719312,,,0.721,0.990113,4570.0,22.387211385683376,12.603,45
4295327,0.005269287433732361,0.004777164473554836,0.63,0.920654,4048.0,11.26299252467867,14.5991,45
432994159,,,1.0,1.47735,5657.0,15.13561248436207,15.1076,45
50747124,,,0.542423,0.546862,3250.0,9.121159521371972,15.6587,45
264543406,,,1.26,2.40907,6344.44,6.031814110960331,10.979,45
50727393,,,0.474074,0.476225,3089.0,5.678664932466223,16.5252,45
200515337,,,0.639794,0.667102,3441.0,14.271564301788628,15.1585,45
276664032,,,0.582215,0.592849,3057.0,10.410997025035538,15.8936,45
1772596329,,,1.39,1.9467,6625.0,38.01893963205613,16.0803,45
50790520,,,0.51,0.942358,3592.0,13.37608387894242,15.125,45
360029821,,,0.353,0.944766,3324.0,7.585775750291836,15.8998,45
427455170,,,0.99,1.03966,5608.0,9.575980351816714,13.8448,45
264543428,,,0.409884,0.416416,3066.0,8.38906599446302,16.5277,45
11453703,,,0.92,1.14453,5320.0,6.0,16.1835,45
199780285,,,0.580183,0.590398,3129.0,5.491559890525879,15.7288,45
50721914,,,0.437064,0.441178,3112.0,10.618154995637504,15.9768,45
279540928,,,1.09,1.0149,5962.0,9.342558092996546,13.5376,45
332856542,,,0.613697,0.632319,3161.0,14.354487550013843,15.4834,45
11197074,,,0.525683,0.52869,3267.0,12.43285860204445,15.8169,45
427452565,,,0.99,1.06338,5596.0,14.885926525305624,12.6147,45
50790402,,,0.659417,0.694279,3392.0,12.431703891160431,15.0594,45
427333853,,,0.38518,0.394432,3218.0,2.0,17.7764,45
156351047,0.015603102782521437,0.015440616986184102,0.612,0.727503,3934.0,7.964244145386699,15.2368,45
436161725,,,0.487984,0.489899,3259.0,14.0,16.9813,45
220322956,,,0.648073,0.678477,3531.0,2.5118864315095824,16.2204,45
1650120259,,,1.05,1.58944,5817.0,5.888436553555883,15.6988,45
50794080,,,0.498382,0.500331,2987.0,10.109389635126806,16.4378,45
50748196,,,0.661785,0.697603,3449.0,14.742333937318218,14.5717,45
264461958,,,0.43232,0.436804,3108.0,8.116612299610708,16.4636,45
220322853,,,0.44,1.24829,3473.0,2.5118864315095824,15.9018,45
178158082,,,1.0,1.10363,5655.0,23.442288153199225,16.3062,45
43006636,,,0.75,1.0239,4702.0,5.754399373371567,14.8451,45
435431029,,,0.96,1.17436,5480.0,20.417379446695275,15.9615,45
50897980,,,0.62,1.11226,3978.0,10.540992517617129,14.0008,45
50792112,,,0.664,1.17893,4246.0,14.500939453085987,13.6518,45
264543107,,,0.59187,0.604655,3317.0,12.06758047484768,15.1714,45
180962813,,,0.97,1.18261,5535.0,45.70881896148752,16.0527,45
427397155,,,0.425078,0.430172,3330.0,6.934079990400324,16.3198,45
1674778165,,,0.498,0.699252,3576.0,21.87761623949552,16.3704,45
42436855,,,0.876,0.917597,5170.0,35.481338923357534,13.0412,45
427455942,,,0.54,1.23719,3676.0,10.583904522579717,14.0689,45
11289129,,,0.507557,0.509697,3283.0,4.897788193684466,16.0686,45
177856719,,,0.74,0.779543,4661.0,34.673685045253166,14.6265,45
138899158,,,0.645543,0.674985,3429.0,6.106389813316858,14.7998,45
4249593,,,1.26,2.3212,6346.1,6.299445112166118,11.6457,45
433151087,,,1.08,1.539,5920.0,13.80384264602884,15.7308,45
276662448,0.009473087835147345,0.009541596834085429,0.616619,0.636125,3156.0,9.660786681179,15.3416,45
427457890,,,1.0,1.73352,5621.64,7.527765986127026,10.5748,45
50658168,,,0.474424,0.476565,3075.0,8.023854373525722,16.3736,45
11291015,,,0.430104,0.434769,3106.0,8.291691771051251,16.523,45
427454854,,,0.587875,0.599738,3268.0,14.211831860461508,15.4646,45
184150601,,,0.55,1.25238,3697.0,14.45439770745928,16.1735,45
47357955,,,0.98,1.88335,5551.0,38.01893963205613,15.8767,45
449202158,,,0.57,1.05474,3764.0,13.60542326570109,14.52,45
179082629,,,1.43,4.09493,6723.0,31.6227766016838,14.4586,45
50898084,,,0.570599,0.57899,3298.0,10.102742914440508,15.6426,45
120885501,,,1.126,1.10323,6050.0,22.387211385683376,10.9709,45
435656235,,,0.96,1.60358,5466.0,20.417379446695275,15.2671,45
220323298,,,0.35,1.19555,3317.0,2.5118864315095824,16.1051,45
177594385,,,1.389,1.30411,6626.0,34.673685045253166,12.0939,45
279699261,,,0.775,1.15311,4798.0,10.789777512114014,12.1891,45
180756298,,,1.47,2.41213,6819.0,26.915348039269137,14.9565,45
332861496,,,0.85,1.14426,5080.0,12.235926722805338,14.6628,45
269199713,,,0.607906,0.624848,3307.0,6.419294555013474,15.1291,45
434292213,,,0.79,1.21221,4864.0,46.77351412871982,15.0242,45
179095732,,,1.44,1.70962,6739.0,45.70881896148752,15.4378,45
378300333,,,1.23,2.5937,6286.0,15.848931924611142,15.6925,45
388935871,,,0.579877,0.590029,2852.0,5.064749888113465,16.3974,45
34397884,,,0.77,1.00564,4781.72,9.830114116462903,13.0204,45
103853744,,,0.7,1.27418,4472.0,12.88249551693135,15.9779,45
432882228,,,0.96,1.43542,5471.0,15.13561248436207,14.6687,45
264540541,,,1.16,1.54851,6130.25,11.482167720955458,12.1177,45
178490029,,,1.17,1.38769,6156.0,34.673685045253166,12.7116,45
72047069,,,1.43,1.79706,6709.0,8.51138038202376,12.7672,45
11401374,,,0.88,1.7761,5199.0,12.448492555280865,11.3074,45
359886936,,,0.749,0.756868,4690.0,7.585775750291836,14.1422,45
133721508,,,0.57,0.943248,3753.0,5.754399373371567,15.0946,45
284994534,,,0.64,1.17953,4092.0,14.735612064594063,13.8873,45
427352248,,,0.490287,0.492193,3039.0,14.67890344815254,16.5668,45
11199975,0.005764100873770636,0.0048780231593947175,0.606544,0.623105,3723.0,9.830866280465196,13.7937,45
50792541,,,0.22892,0.257407,3258.0,32.35936569296281,16.1672,45
264461025,,,0.648772,0.679445,3423.0,12.696296567360733,14.6889,45
104402139,,,0.89,0.94653,5233.0,33.11311214825908,15.191,45
264484652,,,0.569741,0.577981,3099.0,8.557836599538133,16.4835,45
50523498,,,0.507064,0.509189,2840.0,12.112618342591546,16.5573,45
50583929,,,0.436745,0.440883,3048.0,9.0,16.817,45
264190023,,,0.92,0.940183,5342.0,21.87761623949552,14.1544,45
264460815,,,0.551911,0.557455,3168.0,5.0,16.2946,45
37245864,,,0.350187,0.363846,3121.0,22.387211385683376,15.9015,45
427454285,,,0.593049,0.606115,3041.0,6.0,16.3748,45
264742396,,,0.6,0.815892,3897.0,20.0,14.5092,45
399235952,,,0.59,0.833234,3842.0,21.87761623949552,15.7942,45
281911837,,,0.356329,0.369182,3176.0,25.0,16.4849,45
264744486,,,0.74,1.27561,4673.0,9.780299795392729,12.4233,45
269117720,,,1.01,0.847307,5666.97,4.897788193684466,12.4661,45
115701657,,,0.69,1.21277,4429.0,41.68693834703355,15.8447,45
384685134,0.01643254772676013,0.016613193557028987,1.37,1.39912,6579.0,28.84031503126605,15.363,45
427379965,,,0.627185,0.650077,2890.0,9.96476233640147,15.6302,45
282389998,,,1.09,1.41164,5966.0,36.3078054770101,15.4755,45
177270453,,,1.19,1.35026,6190.0,23.442288153199225,15.579,45
72918098,,,0.57,0.961322,3753.0,9.891412950351004,14.709,45
427378921,,,0.531989,0.53546,3251.0,7.946652569660259,15.9584,45
264529646,,,0.610638,0.628361,3378.0,21.87761623949552,16.2387,45
427393194,,,0.563255,0.570419,3597.0,6.015345526737296,15.6932,45
218822916,,,1.17,2.74092,6164.0,35.481338923357534,14.7287,45
104752765,,,0.9,1.24509,5261.0,4.073802778041131,15.0231,45
716709758,,,0.65,0.948763,4139.0,46.77351412871982,16.1305,45
464840495,,,0.565025,0.57247,3226.0,13.463349432999332,15.6293,45
287840241,,,0.584497,0.595616,3209.0,8.878267326219953,15.777,45
220063099,,,0.525924,0.528946,3121.0,6.571234656897227,16.0679,45
459991703,,,1.03,2.34439,5758.0,12.377483340908384,11.4517,45
156286136,,,0.592748,0.605741,3455.0,4.897788193684466,16.11,45
144735649,,,0.372956,0.383689,3262.0,22.387211385683376,16.146,45
388935269,,,0.570892,0.579335,3040.0,6.617753364678148,16.3714,45
427395804,,,0.69,1.05483,4384.0,13.952527981762191,14.8159,45
264743032,,,0.397093,0.404982,3024.0,7.509803067802544,14.2899,45
177596972,,,1.18,1.31204,6172.0,23.442288153199225,15.831,45
11296116,,,0.488511,0.490423,3591.0,14.529054509245846,16.6181,45
427396791,,,0.636444,0.662541,3076.0,10.66077217054725,15.343,45
115697510,,,1.25,2.74762,6324.0,41.68693834703355,15.0086,45
264739022,,,0.625326,0.647601,3265.0,11.850535891541988,15.2437,45
336984412,,,0.7,1.20344,4489.0,46.77351412871982,15.348,45
72309409,,,0.59,1.13423,3824.0,8.51138038202376,15.7779,45
1640682811,,,1.31,1.69248,6448.0,36.3078054770101,15.4077,45
42431157,,,0.593232,0.606341,3517.0,22.387211385683376,14.8948,45
220202628,,,0.97,1.08384,5507.0,32.35936569296281,15.0192,45
378069328,,,1.05,2.33415,5834.0,20.417379446695275,15.022,45
427454834,,,0.611325,0.629248,3201.0,9.48075863587345,15.5613,45
358270683,,,1.05,1.46805,5833.0,26.915348039269137,15.4554,45
11355505,,,1.0,1.67617,5659.0,11.800086009157583,15.793,45
433147634,,,1.35,3.72329,6536.0,47.863009232263806,13.8057,45
138899484,,,0.532709,0.536238,3137.0,9.0,16.0186,45
220134934,,,1.01,1.19805,5668.0,26.915348039269137,14.7173,45
4159318,,,0.553084,0.55878,2996.0,13.984340262346311,16.1753,45
11283196,,,0.74,1.29681,4665.0,12.157178293399708,12.903,45
427349527,,,0.563316,0.570488,3203.0,8.115669432246316,15.8625,45
264461930,,,0.448452,0.451778,3057.0,9.28406272688708,16.762,45
282912718,,,0.599442,0.614098,3450.0,25.0,14.6683,45
177656581,0.008788529826526947,0.009297417309366028,1.11,2.31096,6006.0,23.442288153199225,15.6071,45
427333857,,,0.57989,0.590045,3082.0,12.644169494667238,15.7644,45
50663226,,,0.553383,0.559118,3304.0,7.866624003320924,16.1902,45
433133943,,,1.25,1.99709,6329.0,13.80384264602884,14.8899,45
1658743760,0.0062378186954765175,0.005518851523814373,1.43,1.65868,6729.0,35.481338923357534,14.3633,45
427393258,,,0.574094,0.583121,3828.0,8.543946791651294,16.3835,45
119548441,,,1.1,1.37522,5969.0,11.748975549395302,14.801,45
42646806,,,0.648718,0.67937,3564.0,22.387211385683376,14.5024,45
427393626,,,0.378049,0.388156,3315.0,8.349816493610708,16.575,45
50530445,,,0.7,0.960426,4462.41,7.274950468221293,13.1595,45
11292970,,,0.93,1.07657,5366.0,5.164822523935737,13.8259,45
144733567,,,0.54,1.28566,3676.0,14.849598957183852,14.1561,45
425117373,,,0.93,0.933414,5367.0,44.668359215096345,16.3298,45
220314288,0.01776767800695017,0.02169540381639336,0.59,1.09491,3850.0,2.5118864315095824,16.2503,45
204561995,,,1.09,0.951891,5945.0,41.68693834703355,15.1714,45
186191011,,,0.99,1.53765,5597.0,13.80384264602884,15.3585,45
201368683,,,0.339539,0.354615,3260.0,5.988075854442641,15.6288,45
284201275,0.003667887529981475,0.001525634028734568,1.26,1.15306,6343.0,4.897788193684466,12.1458,45
362796419,,,1.49,1.68324,6864.0,15.848931924611142,15.3316,45
50618823,,,0.488926,0.490836,3075.0,7.0,16.4693,45
11411469,,,1.0,1.5572,5654.0,14.602597718233412,16.4799,45
1651160885,,,0.98,1.30384,5543.0,47.863009232263806,15.2405,45
72486951,,,0.86,1.71782,5102.0,8.51138038202376,14.5201,45
50792902,,,0.529283,0.532544,2925.0,10.826274444472167,16.1295,45
177928741,,,0.758,0.688209,4731.0,34.673685045253166,14.8481,45
200592630,,,0.471563,0.473789,3076.0,14.0,16.0971,45
127057888,,,1.28,1.51993,6387.0,23.988329190194897,13.7946,45
359886024,,,0.61,1.12861,3926.0,7.585775750291836,15.635,45
1658681324,,,1.05,1.61035,5816.0,47.863009232263806,15.8627,45
50746417,,,0.68,1.34235,4346.94,11.590857703624764,12.2647,45
125636858,,,1.26,1.45731,6351.0,23.442288153199225,15.6681,45
231190411,,,1.31,1.83996,6461.0,2.5118864315095824,13.6921,45
229188429,,,1.108,1.12164,6003.0,22.387211385683376,10.0596,45
397079072,,,1.11,1.91645,6008.0,19.952623149688787,14.38,45
427352721,,,1.01,1.67937,5681.0,8.852740968354848,14.8168,45
144667034,,,0.946,1.29123,5428.0,6.571495762199449,12.1166,45
388851146,,,0.649925,0.681042,3084.0,12.831862305348942,15.1379,45
177097572,,,0.92,1.953,5341.0,9.332543007969903,15.4637,45
138829652,0.0037079160891432105,0.0016963758971637404,1.25,1.42791,6320.29,8.054993754515346,12.3448,45
50528100,,,0.439417,0.443355,3094.0,11.350940699741583,16.4016,45
50523959,,,0.46188,0.464479,3061.0,9.4512664740544,16.0401,45
50897336,,,0.401327,0.408753,3234.0,11.548692183803286,16.1245,45
1652712221,,,1.38,1.82805,6598.0,13.80384264602884,14.9103,45
359607886,,,0.48,0.895437,3546.0,7.585775750291836,16.0071,45
179836426,,,1.28,4.38213,6389.0,26.915348039269137,14.4139,45
53165799,,,1.22,1.19999,6256.0,34.673685045253166,12.7674,45
323347513,,,0.635629,0.661436,3611.0,9.19595817432436,14.8604,45
436010107,,,0.63902,0.666046,3310.0,11.145332714337872,15.4185,45
427373507,,,1.49,1.08808,6868.0,13.687126846834856,13.3218,45
427374415,,,0.598493,0.612906,3567.0,13.780721681850622,16.9647,45
50525852,,,0.93,0.895453,5371.0,13.35887398427674,14.9171,45
427454916,,,0.62,1.28172,3969.0,5.170798198575161,14.9875,45
72211405,,,0.63,1.11833,4022.0,8.51138038202376,15.4439,45
427333916,0.0037000560004310313,0.0026527861516412858,1.15,1.11473,6107.0,14.58842093938616,13.2606,45
50523799,,,1.13,1.62092,6054.0,9.331338340759348,11.4078,45
427352361,,,0.5,1.06318,3583.0,6.195373604317089,14.5753,45
177409750,,,1.08,2.80699,5932.0,23.442288153199225,14.4124,45
50523808,,,0.591078,0.603676,3305.0,13.67690067145691,15.6102,45
117598696,0.010294618706428279,0.006508511844987678,1.07,3.7991,5909.0,41.68693834703355,13.0088,45
177985024,,,1.22,1.38432,6272.0,23.442288153199225,14.6586,45
50749739,0.004250626112903866,0.003568278446216109,0.69,1.15918,4435.0,6.244552240046836,13.6574,45
220121609,,,1.14,1.14292,6091.0,32.35936569296281,15.6976,45
118926235,0.004407568866653468,0.0037114335867509483,1.26,1.13314,6358.0,11.748975549395302,13.7111,45
203858628,,,1.37,2.23749,6582.0,6.918309709189363,15.6713,45
116585355,,,1.05,3.82699,5835.0,41.68693834703355,14.6621,45
264594571,,,0.58,1.02763,3801.0,5.164370683662637,14.0184,45
1629117152,,,0.75,1.13759,4713.0,43.65158322401656,16.3366,45
332969941,,,0.7,0.804455,4475.0,10.519683447884727,15.5082,45
217829257,,,1.49,2.87146,6860.0,35.481338923357534,14.8696,45
220074286,0.003447544583869098,0.0007346341381599628,1.4,1.64887,6650.84,14.830054602583337,10.7222,45
427380431,,,0.609714,0.627171,3019.0,8.116242918428943,15.6107,45
425830105,,,1.01,2.18811,5695.0,21.379620895022324,15.5554,45
11408080,,,0.49,0.902527,3555.0,10.372067456087567,14.981,45
433518236,,,0.83,1.10838,5016.0,13.80384264602884,16.1629,45
50588771,,,0.508245,0.510406,3244.0,8.556850352671358,15.6292,45
427395924,,,0.505702,0.507791,3196.0,9.624814038142246,16.5124,45
427353034,,,0.9,1.57977,5245.0,10.836741387108187,12.4993,45
11456488,,,0.618066,0.638018,3333.0,8.239935979006358,15.5935,45
427398506,,,0.591081,0.60368,3116.0,7.504292851947198,15.3486,45
166046460,,,0.9,0.798762,5272.0,28.84031503126605,15.7135,45
50620628,0.010475418367066114,0.011015152200995013,0.622748,0.644182,3123.0,7.353779589852834,15.5761,45
264462059,,,0.595317,0.608934,3335.0,12.675996500735884,15.1459,45
432987914,,,0.9,0.88833,5266.0,30.90295432513592,15.5566,45
229292027,,,1.14,2.37388,6085.0,32.35936569296281,15.895,45
177323399,,,0.92,1.13849,5316.0,47.863009232263806,15.6765,45
148303280,,,0.59,1.16386,3823.0,7.943282347242822,16.5173,45
427352731,,,0.584519,0.595643,3540.0,9.341555208057253,15.7116,45
50792101,,,0.607189,0.62393,2965.0,7.9086759713589405,15.8145,45
457231740,,,0.72,0.957589,4560.0,11.172628147103495,13.1361,45
443316319,,,0.520467,0.523154,3222.0,22.387211385683376,14.9966,45
11355197,,,1.09,2.8771,5961.12,11.85367514075468,12.4066,45
11198515,,,0.540697,0.544958,3307.0,4.897788193684466,16.3567,45
436008623,,,0.52,1.28167,3621.0,6.109678577372365,14.9211,45
432719481,,,1.17,3.14272,6151.0,9.332543007969903,14.5198,45
97862335,,,0.88,0.946736,5182.0,46.77351412871982,14.8109,45
50744662,,,0.55,0.95451,3720.0,14.84503544283848,14.8119,45
177010794,,,1.27,2.04448,6376.0,6.165950018614822,13.0937,45
48807177,,,0.572828,0.581621,3446.0,32.35936569296281,15.5271,45
50529732,,,0.63,1.14283,4047.0,11.68924476389684,13.5648,45
264486409,,,0.395947,0.403963,3022.0,9.797415328438944,16.6545,45
427459867,,,0.600404,0.61531,3510.0,5.684151425764561,15.795,45
118135557,,,1.36,1.60541,6571.0,46.77351412871982,14.9381,45
390640751,,,0.614,0.792289,3946.0,21.87761623949552,15.3881,45
385184992,,,0.46,1.21873,3496.0,7.585775750291836,15.7328,45
427380187,,,0.67,0.990677,4284.0,5.295464771957582,14.0453,45
388917759,,,0.36,0.942609,3331.0,8.947134941574353,15.0696,45
264484033,,,0.51,0.944258,3612.0,11.628267103068664,14.458,45
97965793,,,0.79,0.882174,4848.0,46.77351412871982,15.2528,45
427399499,,,0.446472,0.449923,3217.0,5.105259932458814,16.5326,45
11287254,,,0.643892,0.672714,3275.0,7.817585089282789,15.3077,45
138899365,0.004359383291271686,0.0021936056980340806,0.72,1.24199,4585.0,8.614179407053314,12.5423,45
282208768,,,0.81,0.604784,4928.0,36.3078054770101,16.3592,45
42558084,,,0.60584,0.622206,3584.0,22.387211385683376,15.0059,45
35491063,,,0.98,1.28996,5542.0,22.90867652767775,15.6742,45
50747063,,,0.541432,0.545768,3182.0,13.745793665227136,15.9192,45
336886238,,,1.02,1.79937,5717.0,46.77351412871982,13.4897,45
50722085,,,0.569571,0.577781,3272.0,11.416908982709192,15.5643,45
50588205,,,0.568321,0.576316,3135.0,13.31404921589436,15.6678,45
359884690,,,1.015,1.18367,5701.0,7.585775750291836,12.8976,45
217823927,,,1.23,3.26701,6294.0,35.481338923357534,15.6176,45
1640358134,,,0.87,1.26655,5146.0,23.988329190194897,15.258,45
4159190,0.014405591031513613,0.01851639858305584,0.550822,0.556227,3082.0,9.91354717811272,16.4523,45
360029356,,,0.68,1.42331,4325.0,7.585775750291836,13.759,45
388917866,,,0.663477,0.699983,3318.0,10.820377586678427,14.8311,45
186123848,,,0.92,1.53297,5343.0,47.863009232263806,15.6098,45
220053984,,,1.07,2.26143,5906.07,13.348903994674307,12.4185,45
200517473,,,0.513439,0.515787,2949.0,5.0,16.6325,45
123846210,,,0.595155,0.608732,3425.0,22.387211385683376,15.1231,45
114770389,,,1.08,3.82784,5913.0,28.183829312644548,14.4598,45
4257119,,,0.64653,0.676347,3771.0,8.2203391863471,13.1014,45
177271999,,,1.1,1.75624,5995.0,23.442288153199225,15.9437,45
231146262,,,0.65,1.24874,4176.0,2.5118864315095824,14.754,45
332593060,,,1.01,2.4823,5693.0,14.45439770745928,15.7812,45
436341617,,,0.344157,0.358616,3201.0,5.0,17.5312,45
220239299,,,0.75,1.24756,4689.0,2.5118864315095824,14.5588,45
713153106,,,0.58,0.595893,3807.0,12.424734011903992,18.0148,45
11410289,,,0.58,0.935914,3804.0,14.802565335887104,14.4239,45
4379880,,,0.437936,0.441984,2994.0,5.0,16.603,45
427395595,,,1.4,1.33511,6653.0,14.477464500768516,14.2188,45
207016869,,,0.612,1.12182,3934.0,2.5118864315095824,15.0097,45
50792653,,,0.484565,0.486509,3152.0,12.537378085040183,16.0671,45
50794502,,,0.627482,0.650474,3390.0,13.88216874884153,15.0174,45
427393151,,,0.659479,0.694366,3334.0,11.762188917789958,14.9998,45
457231939,,,0.505508,0.507592,3141.0,12.951469856939244,15.8004,45
138979536,,,0.504855,0.506922,3209.0,12.337783846860576,16.0987,45
50749207,,,0.549828,0.55511,3220.0,12.841808137337596,16.1753,45
50793275,,,1.13,1.54377,6061.0,5.8041416666230905,13.4971,45
427373643,,,0.69,1.04648,4429.0,14.7653468633997,15.379,45
436098590,,,0.534,0.833775,3661.0,8.703817918727173,15.006,45
204554196,,,1.02,1.21389,5709.0,13.80384264602884,16.1385,45
332861523,,,0.63142,0.655752,3023.0,5.956928343164647,15.3504,45
144734452,,,0.56,1.03151,3751.0,7.160217360649761,14.4399,45
229295349,,,1.2,1.0087,6224.0,32.35936569296281,15.585,45
1448575732,,,0.91,1.48287,5305.0,34.673685045253166,14.9065,45
179844626,,,1.05,1.99807,5826.0,18.197008586099827,15.6182,45
115701229,,,0.97,1.61715,5508.0,41.68693834703355,16.1963,45
269118174,,,0.89,1.48922,5214.0,9.049091997561115,11.6321,45
201369046,,,0.34,1.06311,3311.0,11.888549506792858,15.0693,45
176183772,,,1.09,4.35336,5952.0,39.81071705534969,15.0267,45
220314748,0.008266254044451537,0.00870245779883022,0.534,1.07235,3661.0,2.5118864315095824,15.5822,45
19235915,,,0.606424,0.622951,3357.0,21.87761623949552,16.3308,45
47365429,0.0038263089593380574,0.002631021861062816,0.774,1.53344,4794.0,21.87761623949552,13.1774,45
264594810,,,0.37,1.07332,3351.0,12.45574228243119,14.6502,45
427454382,,,0.486162,0.48809,3284.0,8.904369188928577,16.5847,45
319364527,,,0.42,0.879519,3430.0,11.984880991009089,15.2061,45
457229877,,,0.53,0.907351,3655.0,6.885214836186161,14.4019,45
43745923,,,0.618946,0.639172,3299.0,5.754399373371567,15.5368,45
11355305,,,0.66,1.38579,4210.0,8.483584605762669,14.1009,45
457251247,,,0.52,0.907036,3625.0,11.374818976675025,14.4219,45
42230091,0.01238519783583853,0.014789073758415684,0.437012,0.441129,3194.0,17.78279410038923,16.1589,45
427395864,,,0.630799,0.654918,3407.0,8.253881028465784,15.2265,45
427374373,,,0.61,1.10422,3905.0,5.014725143002839,14.0353,45
118377314,,,0.66,1.39427,4246.0,7.585775750291836,16.0515,45
264485711,,,1.31,1.84621,6445.37,12.317358578380244,10.808,45
427334653,,,0.543442,0.547989,3130.0,5.879301036023507,16.3107,45
713228759,,,1.3,1.07236,6439.0,4.897788193684466,12.0264,45
11200956,,,0.430365,0.435009,3143.0,5.561072644388001,16.6917,45
50624781,,,0.59,1.17371,3859.0,12.153833257064225,13.8796,45
280972574,,,0.416317,0.422215,3046.0,6.0,16.5106,45
436011828,,,0.633559,0.658634,3065.0,11.863624406795386,15.407,45
50656972,,,0.525291,0.528271,2975.0,5.817445509822679,15.922,45
435433706,,,0.97,1.47043,5510.0,42.65795188015926,14.5057,45
457230305,,,0.53,0.854654,3640.0,7.173529121548318,14.5795,45
50622984,,,0.481135,0.483128,3187.0,4.897788193684466,16.1418,45
276661118,,,0.61,1.20135,3947.0,9.497276735801456,13.5715,45
11286622,,,0.617339,0.637066,3359.0,8.588787651396459,15.3859,45
427374515,,,0.431931,0.436446,3802.0,2.0,17.0234,45
427380628,,,1.045,0.983444,5811.0,5.948490915099204,9.78454,45
11198847,,,0.632558,0.657285,3237.0,6.191877208392766,15.5108,45
432867314,,,0.87,1.51804,5157.0,20.417379446695275,16.0143,45
264631047,,,1.39,1.61802,6627.6,8.452221437274146,10.5329,45
167146103,,,1.08,1.25812,5924.0,28.84031503126605,15.4047,45
220338945,,,0.71,0.908577,4511.0,2.5118864315095824,16.5488,45
427333767,,,0.569942,0.578217,3143.0,10.68015255485485,16.0317,45
433172496,,,1.0,1.77877,5643.0,15.13561248436207,15.3369,45
50588234,0.004117576012214446,0.003579161114533985,0.56,0.984233,3735.0,13.301839614601096,14.1645,45
433022111,,,1.2,1.35403,6218.0,47.863009232263806,15.0706,45
432882813,,,0.98,2.33019,5579.0,41.68693834703355,14.1558,45
49386409,,,0.63,0.857254,4050.0,32.35936569296281,14.4944,45
427396793,,,1.18,1.30139,6185.0,11.116574450718272,15.0969,45
186198693,,,1.15,1.23282,6104.0,30.90295432513592,14.1899,45
388905354,,,0.365158,0.376873,2934.0,2.0,17.8201,45
427451083,,,0.549355,0.55458,3585.0,5.0,16.3931,45
50529806,,,0.632406,0.65708,3366.0,8.298091593290922,14.9779,45
264630603,,,0.500247,0.502222,3009.0,9.0,16.0668,45
287758032,,,0.557927,0.564289,3000.0,14.483094381507204,16.1872,45
177326238,,,0.95,1.24602,5463.0,23.442288153199225,16.3562,45
388935327,,,0.574796,0.583955,3320.0,7.283683640126142,15.3064,45
388918030,,,0.521146,0.523871,3244.0,5.404150580204883,16.3712,45
1652472300,,,1.38,2.55838,6599.0,41.68693834703355,14.7138,45
4295259,,,0.914,0.824778,5308.44,10.317031308944806,11.4923,45
427373560,,,0.428874,0.433642,3408.0,6.479758933736756,16.5183,45
203856884,,,1.42,2.46731,6692.0,6.918309709189363,15.2443,45
201369655,,,0.444501,0.448083,3061.0,8.41954334169712,16.3552,45
176188252,,,1.0,2.07201,5621.0,39.81071705534969,15.2538,45
220080099,,,0.250097,0.276542,2981.0,32.35936569296281,15.9535,45
299830582,,,1.06,2.43632,5861.0,43.65158322401656,16.2783,45
177986980,,,1.43,1.49303,6718.0,23.442288153199225,15.7388,45
118935333,,,1.258,2.64516,6346.0,35.481338923357534,9.44101,45
280974326,,,0.529881,0.533186,3210.0,14.444739106639432,15.034,45
220322387,,,0.58,1.15135,3795.0,2.5118864315095824,15.4874,45
220281682,,,0.86,1.65143,5125.0,2.5118864315095824,13.6377,45
426185671,,,1.159,1.47607,6129.0,11.193784934245285,11.5302,45
11200718,,,0.637064,0.663383,3231.0,5.713405500626796,15.2811,45
11297216,,,1.22,1.57982,6256.0,5.402478605702587,9.7983,45
264686893,,,0.58,0.943962,3815.0,11.652928924648236,14.0727,45
427375211,,,0.50014,0.502113,3265.0,4.897788193684466,15.8567,45
53743773,,,0.63,1.13026,4020.0,25.118864315095824,15.5226,45
50723628,,,0.493739,0.495649,3347.0,4.897788193684466,15.6925,45
119855071,,,0.501009,0.502996,3219.0,22.387211385683376,15.1441,45
264541747,,,1.04,0.9262,5790.0,5.0,12.3546,45
50623826,,,0.558664,0.565132,3124.0,5.905129642844243,15.4834,45
143214683,,,1.07,1.50028,5895.0,8.51138038202376,15.0988,45
359615137,,,0.625736,0.648146,3310.0,7.585775750291836,15.8783,45
437913945,,,0.84,1.62996,5028.0,32.35936569296281,14.9434,45
427452151,,,0.37,1.01547,3351.0,13.27699578961778,14.9391,45
50743564,,,0.619191,0.639493,3223.0,6.481452764636028,15.4931,45
207045523,,,1.02,2.21151,5712.0,2.5118864315095824,12.7217,45
11294464,0.04063746125434458,0.049247955953925164,0.493352,0.495261,3120.0,9.433046547798195,16.2197,45
427454354,,,0.93,1.12978,5372.0,10.30746574122126,15.9114,45
134086430,,,0.619285,0.639616,3062.0,5.754399373371567,16.0736,45
177129972,,,0.724,0.813938,4584.0,34.673685045253166,14.6624,45
179089180,,,0.96,2.32565,5482.0,45.70881896148752,14.9843,45
115710958,,,1.41,1.24079,6675.0,29.51209226666384,15.5144,45
284200823,0.008646401257206891,0.0027034086115363064,0.97,1.60111,5505.64,7.5212466160145555,11.5427,45
50619563,,,0.523857,0.526745,3081.0,10.64731471049742,16.0421,45
427333895,,,0.612411,0.630652,3831.0,9.975878931146454,13.0799,45
50620034,,,0.590586,0.603069,3177.0,5.555561075457929,15.2955,45
427450958,,,0.51,1.1249,3611.0,10.64689598873511,14.1321,45
151448025,,,1.47,2.10631,6811.0,23.442288153199225,14.3534,45
43075968,,,0.895,1.06238,5239.0,22.387211385683376,12.2607,45
427395866,0.017829873913855616,0.025566477311593016,0.446754,0.450187,3421.0,13.485251812721147,16.8569,45
427450978,,,0.649847,0.680934,3346.0,10.54751966592254,14.9625,45
11196165,,,0.513021,0.515351,3411.0,9.82197297386257,14.6511,45
435931892,,,0.597169,0.611247,3661.0,14.601099754066636,13.0711,45
338423817,,,0.9,1.24237,5250.0,21.87761623949552,13.5062,45
42755979,,,0.558149,0.564542,3438.0,22.387211385683376,15.1571,45
282390511,,,0.628205,0.65144,3282.0,22.387211385683376,14.7241,45
4294968,,,0.66,1.29482,4200.0,7.453076628471682,12.5661,45
50793301,,,0.581987,0.592574,3434.0,7.565818596081531,15.09,45
177124045,,,0.9,1.68753,5272.0,6.165950018614822,15.3629,45
45091529,,,1.12,1.8297,6036.0,5.754399373371567,11.8274,45
204551548,,,0.92,0.69364,5321.0,20.417379446695275,16.3771,45
42465488,,,0.715,0.864427,4538.0,35.481338923357534,13.6599,45
435815519,,,0.88,1.00155,5188.0,20.417379446695275,16.4113,45
264739628,,,0.656578,0.690305,3378.0,8.341288232386615,14.8048,45
59468360,,,0.83,1.32146,4999.0,46.77351412871982,14.5366,45
50584050,,,0.686,1.20766,4384.0,6.510462774139492,13.0415,45
120383798,,,1.13,1.78826,6050.0,11.748975549395302,13.6412,45
1667218079,,,1.04,1.54333,5795.0,14.791083881682072,14.9925,45
125642880,,,1.41,2.42289,6683.0,6.165950018614822,12.3173,45
218613989,,,1.16,2.42255,6126.0,35.481338923357534,16.0448,45
11199998,,,0.64673,0.676622,2922.0,6.534824471123997,16.2479,45
264461857,,,0.600881,0.615911,3346.0,5.357904588291969,15.214,45
118117274,,,1.09,1.24016,5941.0,45.70881896148752,15.425,45
427397139,,,0.630691,0.654772,3288.0,9.952327455055022,16.0121,45
427459856,,,0.559341,0.565907,3100.0,11.288453255222052,16.1743,45
118936768,,,0.84,0.972182,5043.0,25.703957827688647,15.2523,45
138853022,,,1.09,0.907293,5943.93,4.897788193684466,12.8079,45
220077414,0.013244597723379652,0.015260993466409743,0.594724,0.608196,3189.0,9.387626380707216,16.0074,45
156144756,,,0.44,1.04232,3464.0,4.897788193684466,14.9484,45
119244684,,,0.73,0.900275,4606.0,11.748975549395302,15.1907,45
156286849,,,0.65,1.19209,4153.0,8.557046558203174,13.8791,45
433168237,,,0.99,2.22972,5594.0,21.379620895022324,15.2314,45
229273851,,,1.25,1.61068,6330.0,24.547089156850287,16.9933,45
11196838,,,0.430705,0.43532,3431.0,13.1966059521963,16.8239,45
427373601,,,0.83,0.930506,5016.0,8.372661092374043,15.2083,45
167516208,,,1.02,1.60696,5708.0,28.84031503126605,15.078,45
50529854,,,0.653213,0.68561,3097.0,5.34973271205711,15.169,45
432705795,0.007818628689461178,0.007500813782513453,1.1,1.95481,5984.0,47.863009232263806,15.0372,45
388935515,,,0.438162,0.442193,3188.0,10.7558264220474,16.8736,45
79875196,,,1.05,1.21759,5839.0,25.118864315095824,13.5048,45
139273555,,,1.2,1.58628,6219.0,43.65158322401656,15.1962,45
427353281,,,0.68,0.829231,4330.0,14.173373635052638,14.6422,45
11411369,,,0.585909,0.597335,3760.0,14.321772875172096,17.2471,45
50656099,,,0.655283,0.688495,3670.0,13.435335964741917,14.7036,45
427376530,,,0.570989,0.57945,3299.0,8.984745343510093,15.8794,45
50588591,,,0.566139,0.573767,3222.0,5.756705463472411,15.5519,45
427452411,,,0.57,1.14939,3765.0,13.332941158400748,14.0683,45
125337190,,,1.0,1.06019,5637.0,6.165950018614822,16.3747,45
388918044,,,0.58,1.19554,3787.0,10.646091945883567,15.8633,45
50527462,,,0.490246,0.492152,3019.0,11.68642769405077,16.1194,45
48751193,,,1.057,0.972225,5852.0,32.35936569296281,12.4589,45
427396868,,,0.65906,0.693778,3201.0,11.981557969470511,15.1777,45
225649444,,,1.02,1.77761,5724.0,32.35936569296281,15.8894,45
231147990,,,0.46,0.867116,3508.0,2.5118864315095824,16.433,45
119450243,,,0.585474,0.596805,3837.0,11.748975549395302,15.7737,45
385177871,,,0.458909,0.461649,3118.0,7.585775750291836,17.0921,45
356571478,,,0.488614,0.490526,3193.0,7.585775750291836,16.8685,45
427353032,,,0.628912,0.652386,3385.0,12.31832619764788,15.419,45
220075313,,,0.568513,0.576541,3059.0,10.447659042603412,16.1968,45
303171435,,,1.01,2.3068,5697.0,15.848931924611142,15.9108,45
79542138,,,0.99,1.1048,5595.0,25.118864315095824,13.8383,45
220051802,,,0.510899,0.513148,3284.0,7.493488923654511,16.1905,45
138827970,,,0.508791,0.510968,3110.0,14.348614507727396,16.232,45
427393684,,,0.639416,0.666586,3556.0,2.0,16.7652,45
388850851,,,0.458041,0.460824,3604.0,13.725733337501213,14.7717,45
199820865,,,0.525309,0.52829,2951.0,8.571171833662723,15.9146,45
427349337,,,0.613642,0.632248,3415.0,12.812041217696953,15.259,45
433392626,,,0.87,1.52755,5136.0,47.863009232263806,16.2255,45
11458872,,,0.662691,0.698877,3288.0,6.0,15.1912,45
200515618,,,1.32,2.42326,6466.52,9.718585173313562,9.5766,45
72781723,,,0.56144,0.568322,3079.0,11.942908262000334,15.753,45
11198786,,,0.559219,0.565768,3271.0,10.013116559830465,15.7069,45
388935645,,,0.378678,0.388708,3148.0,10.693367811541302,17.0523,45
370904460,,,0.88,1.77149,5201.0,26.915348039269137,15.3711,45
264679801,,,0.42,0.912616,3428.0,12.621717902410444,14.8716,45
11200553,,,1.02,2.40002,5735.0,13.81614107696393,9.9155,45
50621514,,,1.24,1.23622,6312.43,4.897788193684466,11.5313,45
287758008,,,1.39,2.19608,6617.0,5.764787461954747,14.8131,45
433178603,,,1.05,0.770372,5831.0,15.13561248436207,15.8153,45
175985010,,,0.82,0.843725,4985.0,21.87761623949552,14.9575,45
220338523,,,0.48794,0.489855,3596.0,2.5118864315095824,16.5957,45
284983518,,,1.4,4.16304,6641.0,15.848931924611142,13.7096,45
218619683,,,1.3,4.58651,6443.0,35.481338923357534,15.0811,45
50725647,,,0.428599,0.43339,3035.0,11.431801073370492,16.5787,45
264460834,,,1.37,1.93705,6578.0,8.29488030467803,10.6353,45
264540201,,,0.67,1.40547,4264.17,7.820207288373969,12.869,45
177123722,,,0.512184,0.514481,3584.0,34.673685045253166,16.6931,45
11194496,,,0.54,0.957041,3689.0,9.535139682564754,14.716,45
332918823,0.005794835402737294,0.00518173323867187,0.57,1.06065,3753.0,13.454663912212755,14.4707,45
229353311,,,1.39,2.4287,6631.0,32.35936569296281,12.9745,45
427393263,,,0.98,1.57758,5569.0,9.848503861246307,12.3885,45
427456408,,,0.473598,0.475763,3018.0,4.897788193684466,16.2488,45
1851475640,,,0.9,0.816368,5261.0,7.585775750291836,15.8943,45
427460011,,,0.616614,0.636118,3240.0,9.695009951176743,15.3962,45
426185234,,,0.564776,0.572182,3113.0,9.435828080912149,16.2674,45
220338400,,,0.562894,0.570001,3782.0,2.5118864315095824,16.7044,45
50530053,,,0.54,1.02039,3684.0,13.081305786627093,14.2851,45
436008622,,,0.51928,0.521902,3763.0,9.098328556378764,15.9392,45
264461988,,,0.75,1.33342,4678.0,12.597641436438334,12.2573,45
177783602,,,1.23,2.59304,6292.0,23.442288153199225,15.1123,45
220228180,,,1.09,1.78813,5950.0,32.35936569296281,14.2718,45
11195167,,,0.646259,0.675973,3069.0,8.956458979114888,15.5119,45
52967674,,,0.93,0.789038,5354.0,34.673685045253166,13.7061,45
177410596,,,1.02,1.92141,5706.0,23.442288153199225,15.7841,45
427373599,,,0.567997,0.575937,3377.0,10.561531155081118,15.9251,45
220110230,,,1.18,1.3539,6183.0,32.35936569296281,16.4632,45
204251747,,,1.05,2.39201,5824.0,14.791083881682072,14.6343,45
264461990,,,0.54972,0.554989,3200.0,5.453739664120695,15.7117,45
11286166,,,0.39,0.913532,3386.0,12.168214795640797,15.11,45
35713916,,,0.429406,0.434129,3168.0,35.481338923357534,16.2367,45
50722183,,,0.542045,0.546444,3273.0,7.064789368845284,15.6499,45
377794633,,,1.0,1.26076,5627.0,42.65795188015926,14.8743,45
177986773,,,1.352,1.88256,6545.0,34.673685045253166,11.4747,45
425121669,,,1.39,2.64311,6624.0,44.668359215096345,14.6233,45
201369016,,,0.56,1.07677,3729.0,8.97546565181959,14.6384,45
181120753,,,0.97,1.15742,5527.0,21.87761623949552,14.0436,45
332861337,,,0.49482,0.496735,3240.0,13.40813082224648,16.5127,45
264485908,,,0.533798,0.537418,3444.0,12.377597894908632,14.1281,45
712766310,,,0.56,1.13035,3726.0,4.897788193684466,14.376,45
264536945,,,0.58,1.07221,3811.0,9.0,13.91,45
220076034,,,0.6,0.826544,3902.0,10.353349877909686,14.425,45
427374290,,,0.537706,0.541675,3206.0,13.985272969830534,16.0066,45
4353057,,,0.572458,0.581183,3128.0,11.921997638375018,15.3114,45
11291073,,,0.53,0.996869,3658.0,9.125732155462025,15.0766,45
368947210,,,0.655835,0.689265,3086.0,7.585775750291836,16.159,45
200524770,,,0.37,0.967156,3356.0,11.950816425564987,15.3326,45
138857777,,,0.44,1.10884,3467.0,5.292533109363595,14.5722,45
50747707,,,0.65,1.2719,4160.0,14.39042672946662,13.8148,45
427459732,,,0.557854,0.564205,3016.0,12.836249808691736,16.4518,45
201368689,,,0.597606,0.611794,3211.0,9.452408917707864,15.9285,45
44361612,,,1.332,2.00751,6502.0,5.754399373371567,10.767,45
177523804,,,0.79,1.124,4867.0,34.673685045253166,13.5487,45
264594521,,,0.55,1.14283,3711.0,10.6044470207652,13.7226,45
185893104,,,1.32,2.07264,6484.0,15.13561248436207,15.2176,45
433179389,,,1.13,1.61521,6065.0,13.80384264602884,14.7559,45
264486295,0.032584145702483094,0.03313838345145381,0.564884,0.572307,3239.0,5.840079281494383,15.3966,45
264460702,,,0.614697,0.63362,3223.0,7.741196937107437,15.378,45
457251138,,,0.63,1.1953,4007.0,13.404563352516917,13.4166,45
427454635,,,0.53093,0.534317,3222.0,12.96862323632716,16.2136,45
264686838,,,0.66,1.14066,4251.77,12.847903744625937,13.1495,45
382934303,,,0.59,0.890194,3837.0,21.87761623949552,15.4348,45
177850679,,,1.05,0.809565,5814.0,23.442288153199225,16.2776,45
103593436,,,1.24,2.41325,6309.0,4.073802778041131,12.8103,45
177124314,,,0.63,1.32752,4013.0,6.165950018614822,16.0868,45
276663519,,,0.522,0.524775,3125.0,13.478295365598376,16.0637,45
276661432,,,0.445001,0.448549,3100.0,6.0,16.7255,45
42830640,,,0.529067,0.532311,3358.0,22.387211385683376,15.4481,45
1640702142,,,1.31,1.28724,6449.0,40.7380277804113,13.8124,45
427351229,,,0.64,0.879543,4082.0,8.05165203803945,14.97,45
177011967,,,1.29,3.88291,6404.0,6.165950018614822,11.3783,45
124409718,,,0.659,0.620092,4210.0,34.673685045253166,15.3807,45
103854116,,,0.74,1.2435,4641.0,4.073802778041131,15.2663,45
11283296,,,0.283039,0.30562,3357.0,8.382058230731214,13.6541,45
433133167,0.006983588978973562,0.006629632927838581,0.95,1.23519,5441.0,15.13561248436207,14.9641,45
264460718,,,0.50409,0.506139,3308.0,7.335287780012968,15.7955,45
125638255,0.009302654018397876,0.009473722402846628,0.86,0.792158,5131.0,47.863009232263806,15.4042,45
451927040,,,1.35,2.45079,6542.0,15.848931924611142,15.2463,45
276662479,,,1.18,1.80908,6169.83,7.378853042210858,13.0783,45
264679766,,,0.538738,0.542805,3122.0,5.344686927952629,15.8115,45
151062747,,,0.78,0.712141,4807.0,46.77351412871982,15.4052,45
231147367,,,0.59,0.816677,3824.0,2.5118864315095824,16.0004,45
59468237,0.0166153705655563,0.022794150136423635,0.61,1.06584,3907.0,12.30268770812381,16.6965,45
220338688,,,1.14,1.53663,6075.0,2.5118864315095824,13.3025,45
178382119,,,1.19,1.1736,6200.0,23.442288153199225,16.2342,45
4254831,,,0.574027,0.583042,3018.0,10.21231984101872,15.6002,45
180149303,,,1.08,2.0998,5913.0,45.70881896148752,15.8853,45
323348792,,,0.92,1.42693,5323.0,9.813863679370078,11.5011,45
427374980,,,0.52,1.07978,3615.0,7.972373056763022,14.5795,45
117731054,,,0.98,1.47679,5565.0,41.68693834703355,14.8686,45
11286085,,,0.601068,0.616148,3091.0,11.613393698496353,15.8829,45
53745167,,,0.78,1.54058,4823.0,25.118864315095824,14.0175,45
427351770,,,0.54,1.00482,3676.0,5.096111811732445,14.3214,45
264743123,,,0.538043,0.542044,3260.0,11.678139648055424,15.8764,45
35241167,,,1.2,2.53405,6227.0,22.90867652767775,14.3725,45
118372135,0.00889117369059137,0.009376404448827631,1.02,1.40864,5709.0,38.904514499428046,15.591,45
124017298,,,0.452743,0.455811,3157.0,25.0,15.9821,45
50745891,,,0.68,0.958684,4351.0,8.528871370530325,14.4554,45
457230249,,,1.02,1.56926,5713.83,9.492153217265166,11.2823,45
399240951,,,1.03,1.41899,5747.0,21.87761623949552,12.3439,45
427374824,,,0.44495,0.448502,3147.0,7.0,16.8094,45
203684488,,,0.99,2.77441,5609.0,45.70881896148752,14.8932,45
427353084,,,0.6,1.08117,3865.0,14.434767768936872,14.1653,45
11290925,,,0.304113,0.323953,3269.0,5.323175622844289,16.26,45
284160141,,,0.53383,0.537453,3136.0,5.140823796217014,16.4129,45
368828545,,,0.577052,0.586643,3207.0,7.585775750291836,16.397,45
388917825,,,0.478387,0.480432,3026.0,4.897788193684466,16.0014,45
79213425,,,1.47,1.29135,6827.0,25.118864315095824,12.7904,45
179608355,,,0.94,2.4037,5403.0,31.6227766016838,15.3638,45
436245079,,,0.608299,0.625352,3101.0,6.613895835048495,15.6531,45
185627257,,,0.87,0.884216,5141.0,6.606934480075965,14.944,45
309793425,,,0.558,0.961272,3730.0,6.492029500623334,15.3294,45
388917788,,,0.381925,0.391563,3066.0,10.44453208475208,17.302,45
138828554,,,0.61,0.8191,3903.0,4.897788193684466,14.9282,45
61495494,,,1.01,0.828115,5666.0,22.90867652767775,15.075,45
283201956,,,0.473,0.909337,3526.0,25.0,14.3307,45
264541453,,,0.62,0.79041,3980.0,13.598421239143285,14.3711,45
457231965,,,0.500585,0.502565,3073.0,11.0,16.1614,45
163416089,,,1.3,2.5113,6432.0,38.904514499428046,14.0205,45
264485628,,,0.644278,0.673245,3429.0,6.274336597006044,15.0642,45
11295934,,,0.48,0.75457,3543.0,5.021326268139019,17.4282,45
9768264,0.03647698967419911,0.055874070775213495,0.56,0.521134,3728.0,7.585775750291836,17.0912,45
144545488,,,0.405192,0.412207,3074.0,5.0,17.5284,45
138828610,,,0.626295,0.648891,3260.0,6.544786395979443,15.223,45
111079505,,,1.17,1.82071,6153.0,7.413102413009177,14.1098,45
264682076,,,0.48,1.12611,3547.0,7.619374738537687,14.342,45
46319313,,,0.655021,0.68813,3038.0,5.754399373371567,16.0554,45
167784284,,,0.546892,0.551823,3687.0,21.87761623949552,16.8048,45
123846388,,,0.583291,0.594152,3347.0,25.0,15.0025,45
177277991,,,0.96,0.82076,5472.0,6.165950018614822,15.2699,45
50725524,,,0.55,1.22449,3720.0,5.313171278568919,13.5795,45
178257465,,,1.04,1.56869,5790.0,23.442288153199225,15.8002,45
264620994,,,0.425006,0.430107,3298.0,7.976838012519423,16.8769,45
80044968,,,1.15,1.03007,6109.0,25.118864315095824,13.652,45
436013391,,,0.83,1.45055,5013.0,9.365250412984246,8.9478,45
43015940,,,0.94,1.45969,5394.0,5.754399373371567,13.6574,45
175450563,,,1.13,2.24794,6067.0,39.81071705534969,15.56,45
427455745,,,0.354057,0.367207,3219.0,9.200766406664044,15.9847,45
427377141,,,0.58,1.09335,3801.0,13.611947510085274,14.0061,45
177657748,,,1.44,1.36141,6752.0,23.442288153199225,16.1473,45
34471752,,,0.581086,0.591485,3107.0,14.830979543548942,15.8388,45
114630125,,,1.19,1.8632,6208.0,41.68693834703355,13.4247,45
427352971,,,0.66,0.824257,4205.0,13.48511505998338,14.2134,45
202136834,,,0.82,0.961454,4958.0,2.5118864315095824,15.8109,45
138856641,0.006091139777072792,0.005650478035102767,1.15,1.30227,6112.0,10.662093429194265,14.7915,45
116834069,,,0.83,1.30021,4989.0,15.13561248436207,15.6022,45
220322291,,,0.48,0.870976,3536.0,27.54228703338169,16.6698,45
180315946,,,1.15,2.55324,6119.0,45.70881896148752,15.5067,45
50725649,,,1.14,1.69479,6090.01,4.897788193684466,11.8773,45
34367639,,,0.68,1.17765,4357.61,13.370337319434732,13.0035,45
434293833,,,1.0,1.17943,5656.0,46.77351412871982,16.226,45
179341241,,,1.32,1.81502,6485.0,45.70881896148752,15.7317,45
105478478,,,0.99,1.32143,5607.0,33.11311214825908,14.0224,45
433016088,,,1.07,1.5281,5889.0,47.863009232263806,14.8644,45
115698960,,,0.96,1.28802,5499.0,41.68693834703355,16.2021,45
427455153,,,0.264424,0.289271,3293.0,2.0,17.6399,45
229276135,,,1.02,1.36342,5718.0,32.35936569296281,16.3106,45
427374599,,,0.604137,0.620036,3333.0,7.87182958207291,16.2053,45
358133789,,,0.94,2.12987,5394.0,26.915348039269137,14.6522,45
427396686,,,0.631238,0.655508,3193.0,3.0,15.7746,45
220066983,,,0.65,0.838123,4132.0,5.904974651654626,13.6404,45
50625075,,,0.489006,0.490915,3254.0,8.732634615785493,16.1257,45
220077832,,,0.609934,0.627454,3239.0,7.988244230135788,15.7246,45
4380391,,,0.554086,0.559914,3524.0,10.732865203113468,14.7032,45
162611059,,,0.96,1.60845,5498.0,38.904514499428046,15.5203,45
35240384,,,1.03,1.30339,5767.0,22.90867652767775,14.9575,45
435668191,,,1.18,3.02522,6180.0,20.417379446695275,15.3795,45
11358403,,,0.330164,0.346502,2823.0,11.227217735463254,17.4787,45
50524016,,,0.62,1.14602,4001.0,11.234282956885894,13.5332,45
120169244,,,0.60942,0.626793,3433.0,35.481338923357534,14.3457,45
427455600,,,1.23,1.26576,6289.0,6.928006659268106,12.335,45
119232159,,,0.81,1.12772,4942.0,11.748975549395302,14.6368,45
116205720,,,1.09,2.2977,5951.0,45.70881896148752,14.1743,45
368540342,,,0.543998,0.548605,3277.0,7.585775750291836,16.7139,45
11296174,,,1.04,2.20333,5805.0,9.450218167600504,13.8347,45
142409103,,,0.505082,0.507155,3346.0,35.481338923357534,15.0224,45
1631581812,,,1.24,1.61356,6301.0,15.13561248436207,15.6344,45
427454511,,,0.502639,0.504656,3935.0,10.631525850383431,16.4814,45
50618442,,,0.641239,0.669076,3341.0,9.487785451250105,15.0757,45
53239445,,,0.575488,0.584778,3935.0,34.673685045253166,15.8465,45
282909217,,,0.49,0.710836,3569.0,25.0,14.7177,45
120746688,,,0.339927,0.354951,3100.0,25.0,16.4201,45
427395954,,,0.588067,0.599973,3351.0,5.909342570429079,15.5733,45
360517295,,,1.21,1.43815,6253.0,20.417379446695275,14.347,45
204566599,,,1.08,1.57128,5936.0,9.332543007969903,15.6487,45
79542127,,,1.08,1.1008,5927.0,25.118864315095824,13.7144,45
180811036,,,1.0,2.03539,5624.0,26.915348039269137,15.1515,45
427395957,,,1.46,0.919309,6805.0,6.118086160708403,13.6974,45
104751954,,,1.31,1.39699,6450.0,4.073802778041131,13.9137,45
172925704,,,0.571446,0.579989,3450.0,32.35936569296281,15.6585,45
53898549,,,0.625,0.806465,4003.0,32.35936569296281,14.6883,45
436013331,,,1.16,3.61017,6123.76,11.830463007889149,12.0834,45
11287909,,,0.665583,0.702951,3039.0,11.08906833080075,14.9419,45
225868596,,,1.4,4.82442,6652.0,6.606934480075965,11.5801,45
427377813,,,0.604591,0.620613,3294.0,7.008586583481071,15.6502,45
332597102,,,1.12,2.52393,6033.0,14.45439770745928,15.8751,45
269118345,,,0.642768,0.671171,3399.0,8.304393742151234,15.0393,45
413572622,0.051194692687885214,0.05773714100282653,1.12,1.89007,6026.0,14.791083881682072,15.9125,45
179163441,,,0.672,0.592233,4301.0,34.673685045253166,15.5436,45
50590187,,,0.642846,0.671277,3314.0,8.850547117247189,15.2834,45
11199550,,,0.57,0.893137,3769.0,14.383651103332898,14.4862,45
300263225,,,1.05,1.38254,5825.0,44.668359215096345,15.2961,45
282207220,,,0.539811,0.543983,3215.0,25.0,15.7274,45
432444404,,,1.05,2.08486,5832.0,40.7380277804113,15.6637,45
397996016,,,1.06,1.14445,5871.0,21.87761623949552,12.8907,45
433510885,,,1.0,1.37718,5649.0,13.80384264602884,16.076,45
388918096,,,0.284134,0.306575,3131.0,13.197700646851672,17.6502,45
42884408,,,0.576266,0.585705,3486.0,22.387211385683376,15.1755,45
264682038,,,0.54,1.26442,3681.0,9.953261778610496,13.6582,45
164246045,,,1.13,1.88241,6070.0,38.904514499428046,15.3568,45
433031340,,,0.92,2.14186,5331.0,47.863009232263806,14.3636,45
427451917,,,0.61,1.13344,3947.0,7.42564671496659,13.72,45
50722265,,,0.430957,0.435552,3121.0,13.378589315539978,16.4846,45
427397000,,,0.78,1.1068,4821.0,9.233403459247528,13.6381,45
50793463,,,0.405317,0.412319,3364.0,7.859824976679981,17.4354,45
433491377,,,1.0,1.22434,5641.0,47.863009232263806,15.416,45
11198862,,,0.533443,0.537034,3325.0,14.377669071670764,16.2187,45
264484071,,,0.603607,0.619363,3337.0,10.449975259016824,15.1439,45
11295985,,,0.53,1.17893,3661.0,8.633314791611625,15.2403,45
120268749,,,0.558363,0.564787,3347.0,25.0,14.8879,45
151105165,,,1.45,1.36248,6775.0,46.77351412871982,12.9135,45
50620265,,,0.610545,0.628242,2998.0,5.757041017034956,16.0989,45
200591816,,,0.58,0.941998,3790.0,5.303616318832635,14.643,45
79693609,,,1.42,1.39498,6699.0,25.118864315095824,12.7971,45
1640394344,,,1.22,1.08368,6258.0,12.30268770812381,15.0719,45
120329767,,,0.428591,0.433382,3182.0,35.481338923357534,16.2962,45
125264022,,,1.3,1.44566,6432.0,23.442288153199225,16.2017,45
53072150,,,0.667,0.854417,4270.0,22.387211385683376,12.9382,45
264459505,,,1.18,1.95248,6176.48,5.698659626338673,9.5441,45
359464567,,,1.43,1.14586,6709.0,26.915348039269137,15.0271,45
151407286,,,1.12,1.17308,6030.0,46.77351412871982,13.9379,45
388917922,,,0.663976,0.700685,3400.0,13.099537751673026,14.7535,45
50749883,,,0.549252,0.554464,3199.0,7.255495992685367,14.5576,45
118385855,,,1.04,1.05217,5801.0,40.7380277804113,14.883,45
4207640,,,0.64132,0.669187,3269.0,6.112158305200256,14.69,45
427333929,,,1.0,1.16119,5637.0,7.532158456448963,14.9837,45
427392957,,,0.54,1.12225,3677.0,5.499539891064524,14.5609,45
11404841,,,0.629255,0.652846,3289.0,11.369299254124826,15.7215,45
200512019,,,0.602682,0.618189,3076.0,10.48437325937245,15.7998,45
32671366,,,1.097,1.27499,5974.0,25.0,11.0646,45
377564136,,,0.89,1.50416,5240.0,15.848931924611142,15.5279,45
1766060923,,,1.22,1.86115,6256.0,22.387211385683376,15.983,45
49190917,,,0.485245,0.487182,3328.0,32.35936569296281,16.2401,45
220281582,,,0.66,1.04588,4193.0,2.5118864315095824,15.4671,45
264630210,,,0.62,0.947091,3996.0,5.249491484863109,14.0229,45
282914706,,,0.561296,0.568155,3179.0,25.0,15.4352,45
427397314,,,1.32,2.01613,6470.0,10.31461467270315,13.2361,45
433017208,,,1.03,1.38052,5775.0,13.80384264602884,15.4833,45
264739117,,,0.55,1.07394,3703.0,14.011096793748925,14.156,45
50624771,,,0.598249,0.6126,3231.0,8.4544679258137,15.7585,45
264484651,,,1.1,1.36443,5974.0,11.523349665831043,11.6321,45
368421580,,,0.5,0.903834,3571.0,7.585775750291836,15.6997,45
123841717,,,0.478433,0.480477,3237.0,22.387211385683376,15.4724,45
229260861,,,0.62,1.00369,3997.0,46.77351412871982,15.9939,45
220220015,,,0.9,0.948851,5246.0,32.35936569296281,15.4009,45
427350938,,,0.519156,0.521772,2935.0,6.0,16.2296,45
220322407,,,0.52,1.25235,3631.0,2.5118864315095824,15.4438,45
156245673,,,1.083,1.49004,5933.96,13.914729552961491,12.0502,45
118612402,,,0.94,1.18657,5402.0,15.848931924611142,15.702,45
264742919,,,0.609466,0.626851,3136.0,9.98056919862668,15.2944,45
427347954,,,0.633821,0.658989,3248.0,10.325953573964552,15.2007,45
116584487,,,1.36,2.26652,6551.0,41.68693834703355,14.9102,45
281718270,,,0.91,1.1744,5293.0,36.3078054770101,14.523,45
177124482,,,1.13,1.92386,6053.0,6.165950018614822,15.0006,45
388917856,,,0.62,1.15954,3977.0,12.122101927692553,14.4468,45
220066493,,,0.518527,0.52111,2931.0,9.0,16.2729,45
457231341,,,0.59,1.0895,3850.0,5.416641216561652,13.7884,45
432983989,,,1.28,1.22877,6382.0,47.863009232263806,14.8445,45
388850767,,,0.18893,0.219774,2983.0,6.228274759771696,15.2513,45
294433411,,,0.61636,0.635786,3677.0,46.77351412871982,16.2626,45
138941316,,,1.24,1.94085,6307.86,6.182781802007789,10.456,45
436153976,,,0.579,1.07767,3800.0,14.769144217599807,14.6028,45
264460328,,,0.204996,0.235176,3067.0,6.274226537345564,16.44,45
11194300,,,0.516243,0.518714,3205.0,14.436759900459068,15.9698,45
457228971,,,0.643173,0.671727,3617.0,13.554843084287407,13.7115,45
11196217,,,0.441045,0.444867,3107.0,14.759497403539813,16.8165,45
388935633,,,0.274805,0.29841,3529.0,9.305516548341526,17.0164,45
119374952,,,0.66,0.628187,4189.0,11.748975549395302,16.2362,45
427374459,,,0.625993,0.648489,4036.0,12.306842167048927,16.4221,45
35417776,,,1.28,1.57506,6398.0,22.90867652767775,14.1887,45
50790360,,,0.663192,0.699582,3204.0,14.621785107741337,15.2909,45
220289895,,,0.97,1.5865,5537.0,2.5118864315095824,13.2593,45
264460730,,,0.342483,0.357165,3149.0,6.668163761099441,14.9083,45
138936031,,,0.68,1.19085,4341.0,10.45772955432366,13.4411,45
11195681,,,1.32,1.11785,6481.0,12.01877876151607,15.7259,45
229281714,,,0.62,1.26666,3979.0,2.5118864315095824,14.9469,45
220314557,,,0.6,1.33428,3899.0,2.5118864315095824,15.5986,45
117861267,,,1.45,1.60926,6761.0,15.13561248436207,13.7519,45
118937246,,,0.625255,0.647507,3573.0,25.703957827688647,16.5131,45
427455417,,,0.83,1.33586,5014.0,13.07420310224384,13.4123,45
280972417,,,0.61,1.13294,3906.0,7.541635610800384,14.4059,45
264486005,,,0.434434,0.43875,3044.0,11.167521734144476,16.6544,45
138935817,,,1.386,1.33117,6618.5,4.897788193684466,10.964,45
220322968,,,0.86,1.6931,5122.0,2.5118864315095824,15.1431,45
72487256,,,1.46,1.61851,6786.0,8.51138038202376,12.8498,45
11408009,,,0.476933,0.47901,3304.0,12.927362146034357,16.4103,45
116322609,,,0.94,1.04301,5401.0,40.7380277804113,15.3936,45
388851089,,,1.02,1.86781,5710.0,11.712818871164467,13.2128,45
427379295,,,0.563314,0.570486,3292.0,7.9714920741501905,15.8727,45
220135728,,,1.01,0.888345,5668.0,32.35936569296281,15.4646,45
50524558,,,0.571109,0.579591,3299.0,8.060476933452634,15.3056,45
287691701,,,1.46,1.37921,6796.0,20.417379446695275,14.3636,45
105079105,,,0.9,1.16686,5252.0,33.11311214825908,14.5607,45
119686832,,,1.137,1.09231,6078.0,35.481338923357534,11.0862,45
1652714033,,,1.46,1.94017,6801.0,35.481338923357534,15.4874,45
457249581,,,0.570043,0.578337,3287.0,8.512189368987503,15.8055,45
177009694,,,0.51,0.975463,3604.0,7.762471166286912,16.7975,45
43081284,,,0.42,0.984011,3438.0,22.387211385683376,14.7566,45
177106922,,,1.08,2.714,5912.0,15.13561248436207,15.2278,45
388850739,,,0.56394,0.571212,3169.0,13.24382823320656,15.7091,45
47242842,,,1.34,1.66021,6519.0,21.87761623949552,12.2708,45
432431463,,,0.97,1.79785,5535.0,20.417379446695275,15.8565,45
287692416,,,0.7,1.05083,4473.0,42.65795188015926,16.1342,45
118126638,,,0.99,2.81756,5587.0,45.70881896148752,14.9231,45
19580861,,,0.553408,0.559146,3688.0,21.87761623949552,16.6764,45
174912721,,,1.04,1.31676,5803.0,39.81071705534969,15.9966,45
220043985,,,1.09,1.99317,5946.56,14.943566324183092,11.7971,45
116830537,0.010187403797897784,0.010954392525034672,0.95,1.65969,5461.0,15.13561248436207,15.6886,45
177074838,0.012291398770614952,0.013705344599676175,1.23,1.36652,6279.0,23.442288153199225,15.8608,45
71920018,,,0.72,0.790675,4586.0,16.218100973589298,16.1891,45
427454121,,,0.68,1.17026,4338.0,7.031558667398449,14.7051,45
124191103,,,1.148,1.13389,6103.0,34.673685045253166,12.5032,45
200525150,0.011175275990503018,0.01279068094730177,0.636655,0.662828,3176.0,9.288898970102474,15.9781,45
50525333,,,0.594485,0.607898,3331.0,14.074120331290151,15.0575,45
177132223,,,1.139,1.05982,6081.0,34.673685045253166,12.5831,45
264621627,,,0.64,1.13344,4079.0,8.23694878238382,13.49,45
177009938,,,1.03,2.93221,5766.0,6.165950018614822,12.6095,45
284287582,,,0.468842,0.471159,3296.0,22.387211385683376,15.656,45
427397218,,,0.596203,0.610039,2993.0,5.717578844203917,16.1231,45
282907984,,,1.28,1.15585,6391.0,34.673685045253166,11.7115,45
53743301,,,0.7,1.02188,4464.0,25.118864315095824,15.2195,45
11296811,,,0.74,1.45941,4641.0,4.897788193684466,12.8738,45
138936252,,,0.634713,0.660195,3543.0,4.897788193684466,14.9561,45
385691704,,,0.561788,0.568723,3228.0,7.585775750291836,16.386,45
138905479,,,1.29,1.67655,6405.0,10.312734359780375,12.1163,45
427380129,,,0.472536,0.474732,3681.0,4.897788193684466,15.9364,45
443259931,,,0.442241,0.445978,3211.0,22.387211385683376,16.2626,45
264631427,,,1.22,1.54801,6268.92,10.289124526230946,10.114,45
359954680,,,1.25,1.61413,6325.0,20.417379446695275,14.4306,45
432511270,,,1.03,1.72793,5770.0,20.417379446695275,15.3619,45
11286982,,,0.89,1.6037,5213.0,12.529381027528387,11.4729,45
11202168,,,0.79,1.18606,4853.0,11.82664960214958,12.5117,45
388918088,,,0.67,1.27125,4254.0,5.158664169970905,14.372,45
125644998,,,0.97,1.64753,5532.0,6.165950018614822,14.0747,45
427453614,,,0.483668,0.485623,2987.0,14.566987779502066,16.7047,45
427395670,,,0.82,1.34776,4952.0,11.214243960968188,14.0693,45
95587584,0.014568924848130054,0.01924235125918541,1.04,1.04729,5796.0,6.165950018614822,16.5556,45
388918484,,,0.467153,0.469532,3051.0,10.778266415145229,16.7599,45
220321518,,,0.45,1.02615,3491.0,2.5118864315095824,15.7382,45
269118733,,,1.36,1.85563,6563.35,5.902006370309766,11.0857,45
276664185,,,0.349676,0.363403,3431.0,2.0,14.4299,45
4153409,,,0.447079,0.450492,3298.0,6.340161701411679,16.6924,45
177855217,,,0.84,0.695901,5053.0,34.673685045253166,14.8201,45
226081129,,,1.08,2.54644,5924.0,6.606934480075965,14.3628,45
427380532,,,0.51,1.24676,3610.0,13.421171969872235,13.8874,45
50898507,0.0033888488342814797,0.0009303042520499777,1.12,2.02435,6036.0,11.671851476118142,11.2653,45
117853950,,,1.18,2.39223,6184.0,38.01893963205613,14.7345,45
116585380,,,0.97,2.42297,5523.0,41.68693834703355,15.175,45
11285038,,,1.0,1.19154,5620.0,12.92745815674058,13.5472,45
427377628,,,0.419841,0.425408,3176.0,5.005180072396879,16.7418,45
53403412,,,0.496245,0.498171,3169.0,32.35936569296281,16.1578,45
427380181,,,0.65,1.03938,4170.0,13.226304591375309,14.0661,45
123885596,,,0.643781,0.672561,3429.0,22.387211385683376,14.1309,45
264741805,,,0.542814,0.547293,3221.0,9.203994474142714,15.8047,45
80128257,,,0.55,0.976467,3719.0,25.118864315095824,16.0221,45
220282780,,,0.47,1.1409,3516.0,2.5118864315095824,16.0193,45
220314028,,,0.55,1.2217,3711.0,2.5118864315095824,15.874,45
11199945,,,0.66,0.782164,4237.0,10.047803847793883,15.889,45
427392889,,,0.634814,0.660332,3209.0,8.370973495549507,15.7529,45
53326187,,,0.514996,0.51741,3326.0,22.387211385683376,14.7374,45
1650828868,,,1.13,2.27993,6056.0,9.332543007969903,15.2334,45
204252028,,,0.83,1.5652,4988.0,19.952623149688787,16.0603,45
427395729,,,0.609098,0.626378,3641.0,8.121450420800993,15.4944,45
427450596,,,0.514444,0.516834,3055.0,12.108551906887392,16.3659,45
1765515960,,,1.46,1.95249,6802.0,43.65158322401656,15.7225,45
119931898,,,0.421224,0.426663,3110.0,22.387211385683376,16.2272,45
177130565,,,1.1,1.36879,5988.0,23.442288153199225,16.2875,45
229347467,,,1.42,1.21375,6707.0,32.35936569296281,16.2386,45
220275824,,,1.26,2.31452,6354.0,32.35936569296281,15.2455,45
177099638,,,1.46,2.68557,6793.0,20.417379446695275,14.68,45
11360792,,,0.578808,0.588746,3397.0,4.897788193684466,15.5238,45
427352207,,,0.380167,0.390017,2994.0,10.145579565731566,17.7422,45
426173694,,,0.88,1.1097,5203.0,21.379620895022324,15.4813,45
50722683,,,1.04,2.07407,5799.35,8.003305681796327,11.3098,45
36550262,,,0.645692,0.675192,3558.0,34.673685045253166,14.7641,45
4379530,,,0.623051,0.644583,3099.0,14.234807335091508,15.6109,45
178329623,,,0.99,1.24269,5616.0,23.442288153199225,15.7665,45
11200401,,,1.15,1.49899,6102.97,10.084750412888448,13.0332,45
395348492,,,1.07,1.26885,5899.0,19.952623149688787,16.0236,45
220056846,,,0.620114,0.640707,3295.0,4.897788193684466,15.7407,45
391851248,,,1.14,2.81918,6093.0,42.65795188015926,15.7701,45
177599653,,,1.04,1.43083,5805.0,23.442288153199225,14.9676,45
427453995,,,1.34,1.28761,6512.0,6.158316139214765,12.8559,45
435577848,,,0.88,1.01411,5195.0,42.65795188015926,15.0039,45
144667223,,,0.742,1.22316,4663.0,6.391678987020917,13.0175,45
427353242,,,0.69,1.25163,4399.0,6.916267764620619,13.6463,45
138937459,,,0.605,0.810712,3904.0,8.8451528090425,13.4496,45
220139062,,,1.39,2.23039,6628.0,32.35936569296281,14.658,45
120745404,,,1.31,2.07122,6452.0,36.3078054770101,12.9159,45
425136155,,,0.85,1.30142,5074.0,21.379620895022324,15.7744,45
200526630,,,0.55,1.27658,3701.0,5.71680304100719,14.1671,45
436012457,,,0.368121,0.37946,3216.0,14.0,17.3511,45
185442861,,,1.15,2.27192,6100.0,15.13561248436207,15.6497,45
276663971,,,0.383128,0.392623,3357.0,2.0,15.0573,45
50721245,,,0.52,0.91289,3631.0,10.341009423659012,14.9861,45
4378735,,,0.592703,0.605686,3228.0,14.36395626827738,15.4625,45
427395786,,,0.637527,0.664013,3516.0,8.542756692208021,15.303,45
72831329,,,0.550237,0.55557,3309.0,5.095443072747385,14.4782,45
11198709,,,0.619089,0.639359,3138.0,7.874565270827047,15.6549,45
432433835,,,0.98,1.5224,5546.0,41.68693834703355,15.7403,45
323420434,,,0.56453,0.571895,3210.0,9.742480340426935,15.5628,45
436154075,,,0.92,1.96619,5346.65,5.165445102394337,12.3905,45
427399741,,,0.475118,0.47724,3237.0,5.0,16.7752,45
220045483,,,0.92,1.00726,5347.26,13.783548445730087,12.7958,45
427459936,,,0.606964,0.623643,3180.0,11.02419351820367,15.4622,45
145257404,,,1.16,1.49242,6126.0,5.754399373371567,13.4459,45
360075731,,,1.41,2.03912,6664.0,21.379620895022324,14.8665,45
220240258,,,0.83,1.20203,5000.0,26.915348039269137,15.3273,45
46187649,0.010098743998798393,0.011665164336707924,0.559214,0.565762,3061.0,5.754399373371567,16.0182,45
427353006,,,0.582112,0.592724,3763.0,12.47764485744137,16.2127,45
220047980,,,0.56,0.967314,3751.0,10.579970822483627,14.902,45
229307839,,,1.36,2.10754,6571.0,2.5118864315095824,13.5521,45
220044977,,,0.555616,0.561653,3068.0,9.0,16.005,45
179089402,,,1.26,1.58972,6354.0,45.70881896148752,16.0113,45
50788527,,,0.48,1.06979,3546.0,4.897788193684466,14.7382,45
217071342,,,1.0,3.12909,5652.0,35.481338923357534,14.5208,45
427376840,,,0.520166,0.522837,3195.0,13.033334753367043,16.3437,45
284909145,,,0.985,0.975712,5579.0,9.975740199188907,14.1002,45
138941816,,,0.507786,0.509933,3179.0,9.545357960895712,15.9122,45
427350194,,,0.69,0.984396,4412.0,12.523921852013997,13.9362,45
427396683,,,0.74,1.16629,4659.0,12.047401971636754,14.8497,45
264739651,,,0.484707,0.486649,3012.0,9.0,16.3916,45
276663901,,,1.24,1.19147,6310.0,13.257902284181933,12.6394,45
11295852,,,0.550585,0.555961,2933.0,9.514974307691936,16.5256,45
147910408,,,1.114,1.04523,6020.0,35.481338923357534,11.1866,45
11200998,,,0.527187,0.530296,2984.0,10.82842531720928,16.4692,45
118785353,,,0.548468,0.553585,3354.0,35.481338923357534,15.2331,45
48950921,,,0.44591,0.449398,3270.0,32.35936569296281,16.6198,45
177444860,,,1.444,1.2691,6753.0,34.673685045253166,12.0462,45
42885111,,,0.498872,0.500827,3218.0,22.387211385683376,15.8753,45
138858138,,,0.63103,0.655227,3118.0,12.019211624859338,15.1326,45
11361065,,,0.68,1.22628,4331.0,6.0,13.9949,45
11404739,,,0.64,1.07003,4071.0,13.433782674943831,15.359,45
180253577,0.00692000211554918,0.006767333468357072,1.44,4.97312,6751.0,47.863009232263806,15.1632,45
413236496,,,1.12,0.923436,6028.0,5.888436553555883,16.0531,45
177323753,,,0.87,1.28189,5133.0,47.863009232263806,16.0816,45
204330553,,,1.1,1.47771,5971.0,5.888436553555883,16.1483,45
11288604,,,1.01,2.77215,5683.25,5.775960906411985,13.0201,45
177410627,,,1.04,1.69058,5791.0,23.442288153199225,14.1965,45
464838700,,,0.632139,0.65672,3295.0,5.128049946483886,15.3002,45
144727892,,,0.386135,0.395274,3243.0,14.0,17.0969,45
167386635,,,1.0,0.981251,5644.0,23.988329190194897,15.468,45
427397412,,,0.55,1.0397,3720.0,10.227061600110728,14.9634,45
358722986,,,0.584364,0.595454,2935.0,7.585775750291836,16.9376,45
264460182,,,0.525276,0.528255,3270.0,13.344039391643047,15.636,45
179166195,,,1.43,2.56407,6732.0,45.70881896148752,15.1447,45
388917583,,,0.412326,0.418614,2890.0,5.155630392370041,17.138,45
11295836,,,0.539887,0.544067,3487.0,9.310627508514628,14.3835,45
358728775,,,0.64,1.19461,4068.0,7.585775750291836,14.672,45
176221687,,,1.42,1.70697,6688.0,15.13561248436207,14.8557,45
144615682,,,0.658221,0.692603,3134.0,13.04606193510901,15.4295,45
436098449,,,0.654961,0.688046,3388.0,9.865136873991537,15.1732,45
78443001,,,1.246,1.15746,6320.0,32.35936569296281,11.9518,45
42888482,,,0.657138,0.691087,3304.0,22.387211385683376,14.676,45
436106720,,,0.454,0.984952,3491.0,14.20045529695791,15.1799,45
167947047,,,1.01,1.48854,5670.0,28.84031503126605,14.5629,45
177272619,,,1.43,1.60027,6724.0,47.863009232263806,14.3897,45
50584998,,,1.02,3.31819,5708.49,9.195798832049498,12.4012,45
50898627,,,0.509999,0.512217,2990.0,10.8585962490207,16.2269,45
432869243,,,1.47,1.91909,6818.0,13.80384264602884,14.9827,45
11197072,,,0.490266,0.492173,3237.0,4.897788193684466,16.5812,45
45829680,,,0.91,2.06015,5298.0,14.791083881682072,15.2286,45
174921572,,,1.25,4.83802,6336.0,39.81071705534969,13.9967,45
11359974,,,1.41,0.891441,6668.0,4.897788193684466,13.0716,45
197198348,,,0.93,1.72387,5358.0,38.904514499428046,15.731,45
276662116,,,0.66,0.85144,4193.0,11.28368656421094,13.7585,45
360036312,,,0.49973,0.501696,3072.0,7.585775750291836,17.1768,45
4357552,,,0.642775,0.671181,3413.0,9.312951922788754,14.7478,45
177788926,,,1.44,1.17491,6734.0,23.442288153199225,15.9957,45
436339439,,,0.448068,0.451417,3117.0,14.0,16.8144,45
50588194,,,0.645,1.22429,4120.42,13.73642708918627,12.4077,45
359613655,,,0.46,1.08262,3505.0,7.585775750291836,16.0155,45
72781548,,,0.45,0.885268,3482.0,11.65289289870287,14.8908,45
11198046,,,1.44,1.46328,6746.0,4.897788193684466,11.484,45
264460243,,,0.596953,0.610976,3315.0,12.747998629499149,15.1135,45
287757950,,,0.63,1.13512,4004.0,11.256808968878309,13.6822,45
338414061,,,0.545696,0.550491,3889.0,21.87761623949552,16.0371,45
116585406,,,1.0,3.17683,5632.0,41.68693834703355,15.0622,45
130105728,,,1.37,1.54079,6577.0,28.84031503126605,15.49,45
427450255,,,0.448783,0.452088,3191.0,5.0,16.449,45
433165475,,,0.94,1.78945,5411.0,30.90295432513592,15.9315,45
264542386,,,1.06,1.42752,5873.0,13.817704454528547,11.7078,45
50524019,,,0.403403,0.410607,3180.0,14.77681898381842,16.59,45
35712636,,,1.0,0.934032,5638.0,35.481338923357534,11.2391,45
43014426,,,0.91,1.19181,5296.0,5.754399373371567,13.611,45
50588604,,,0.48,1.13563,3530.0,11.499413950117823,14.2794,45
427352575,,,1.24,1.27431,6309.0,7.430450788250832,13.2658,45
358588149,,,0.74,0.879425,4659.0,7.585775750291836,15.7733,45
138899973,,,0.634541,0.659963,3319.0,8.955769247747915,15.6319,45
177009977,,,0.9,1.31897,5273.0,6.165950018614822,14.777,45
11194481,,,0.352671,0.366003,3488.0,4.897788193684466,16.343,45
120328593,,,0.361842,0.373981,2890.0,35.481338923357534,16.4945,45
34471756,,,0.55,1.0411,3712.0,13.618991296364738,14.297,45
427373694,,,0.333173,0.349105,4107.0,2.0,17.2016,45
118935002,,,0.85,1.16191,5067.0,11.748975549395302,14.9952,45
323419421,,,1.19,1.42433,6194.66,5.392398236323395,11.9308,45
215797729,,,1.26,1.67782,6358.0,35.481338923357534,15.8006,45
79382684,,,0.71,0.971076,4524.0,25.118864315095824,15.021,45
279577149,,,0.78,1.02931,4825.0,11.275104603804232,14.4243,45
185200425,,,1.22,2.68828,6269.0,12.30268770812381,14.8201,45
34711445,,,0.72,0.735156,4553.0,5.754399373371567,15.397,45
144616977,,,0.484843,0.486783,3481.0,4.897788193684466,16.679,45
72919716,,,1.202,1.40471,6227.0,9.85304619344002,12.2015,45
390869932,,,0.61,1.33428,3943.0,42.65795188015926,16.0398,45
343862453,,,0.567264,0.57508,3124.0,11.93606750330897,15.6729,45
264588413,,,0.54,0.902242,3667.0,11.207852449082983,14.4344,45
125640151,,,0.84,1.30514,5051.0,6.165950018614822,15.817,45
187450479,,,1.43,1.39502,6721.0,34.673685045253166,12.1897,45
177985883,,,0.96,0.810108,5469.0,34.673685045253166,13.8488,45
50583657,,,0.617664,0.637492,3069.0,8.143299857830051,15.4224,45
427379834,,,0.625218,0.647458,3321.0,6.528377592475623,15.5082,45
361208870,,,1.1,1.35991,5982.0,42.65795188015926,14.0719,45
424675469,,,0.93,1.86856,5380.0,21.379620895022324,15.1557,45
427395762,,,0.61098,0.628802,3429.0,11.77750080588278,15.3598,45
50587634,,,0.587,1.00064,3830.0,5.764569962618453,14.0322,45
432532283,,,1.19,3.52962,6203.0,47.863009232263806,14.3833,45
427349922,,,1.27,0.953434,6380.79,6.882934848026959,12.1828,45
264742851,,,0.526903,0.529992,3185.0,14.535045029347089,15.6797,45
50619853,,,0.583456,0.594352,3193.0,11.403809602461422,15.5681,45
464840374,,,1.09,1.38967,5949.0,11.0,11.2085,45
432862214,,,1.16,1.51615,6134.0,13.80384264602884,15.4861,45
177271737,,,1.19,0.999423,6195.0,34.673685045253166,12.6576,45
361440595,0.005058193652283302,0.004186965922521369,1.29,1.58915,6407.0,42.65795188015926,13.5428,45
178168096,,,1.32,1.14713,6477.0,34.673685045253166,12.5173,45
177409015,,,1.08,1.7948,5925.0,30.90295432513592,16.1708,45
204245990,,,0.98,1.94766,5543.0,9.332543007969903,14.9364,45
4378690,,,0.69,1.28357,4382.94,6.455433053474278,13.0625,45
61168372,,,0.815,0.830341,4949.0,35.481338923357534,13.0173,45
220127190,,,1.29,1.38966,6417.0,26.915348039269137,15.2001,45
4294779,,,0.536614,0.540483,3199.0,4.897788193684466,15.8552,45
1641293960,,,1.31,1.99982,6446.0,38.904514499428046,14.5574,45
407411737,,,1.23,2.06714,6288.0,15.848931924611142,15.5396,45
4294266,,,0.656145,0.689699,3827.0,8.102686076512327,15.1989,45
50792548,,,0.62727,0.650191,3262.0,12.545472042319794,16.7402,45
264483939,,,0.304349,0.324158,3069.0,14.446636343345483,17.5627,45
4159899,,,0.668,1.14322,4272.0,14.267904761238842,13.0431,45
173276415,,,0.7,0.791483,4476.0,21.87761623949552,15.2413,45
42430967,,,0.739,1.42902,4648.0,22.387211385683376,12.1769,45
1921511862,,,0.9,1.36051,5276.0,26.915348039269137,15.515,45
110966442,,,1.26,1.97684,6357.0,7.413102413009177,14.3801,45
43242758,,,0.40939,0.415973,3193.0,22.387211385683376,16.1759,45
11355249,,,0.4,1.23364,3401.0,9.29740006967272,15.2347,45
332856988,,,0.646597,0.676438,2977.0,11.916230047342232,15.3494,45
368540265,,,0.453,0.888559,3488.0,7.585775750291836,15.9612,45
229280937,,,0.422555,0.427874,3510.0,2.5118864315095824,16.5474,45
125497445,,,0.62,0.768575,4001.0,6.165950018614822,16.5573,45
97862357,,,1.11,1.04248,6020.0,46.77351412871982,13.9245,45
229293264,,,1.43,1.56485,6731.0,32.35936569296281,15.1737,45
400996071,,,1.16,2.4816,6141.0,42.65795188015926,15.87,45
280973497,,,0.53,0.939681,3643.0,10.080607571480035,14.931,45
144616181,,,1.28,1.77285,6400.0,9.834674644454733,11.0837,45
457230353,,,1.159,1.89092,6129.05,14.604571639580202,9.90746,45
11300003,,,0.50556,0.507644,3224.0,6.0,16.3199,45
47585920,,,0.71,0.830121,4501.0,32.35936569296281,13.9104,45
177723746,,,0.9,0.803906,5262.0,34.673685045253166,13.9344,45
50619852,,,0.538046,0.542047,2978.0,10.203558777489,15.9464,45
177131119,,,1.45,1.62141,6767.0,47.863009232263806,14.5441,45
11195667,,,0.642129,0.670295,3111.0,14.114507072363718,15.4824,45
117335853,,,1.3,2.84637,6431.0,7.585775750291836,14.3424,45
276661233,,,0.488293,0.490206,3323.0,13.238912319207076,16.2391,45
427379914,,,0.57,0.893679,3757.0,11.655332128188824,14.9369,45
50624156,,,0.570356,0.578704,3312.0,14.72099652981329,15.7666,45
358729466,,,0.655359,0.688601,3368.0,7.585775750291836,15.6331,45
43380660,,,0.77,1.22522,4788.0,5.754399373371567,13.9686,45
427374767,,,1.46,1.51473,6792.0,7.188306816359228,15.2625,45
220194010,,,1.01,1.28969,5681.0,32.35936569296281,14.6324,45
144616520,,,0.513536,0.515888,3182.0,14.0,16.3854,45
177275649,,,0.75,1.31536,4686.0,6.165950018614822,15.2705,45
449428884,,,0.286365,0.308523,3088.0,6.395046162370468,17.1856,45
177131898,,,1.14,1.40406,6086.0,23.442288153199225,16.1347,45
178485870,,,0.628544,0.651893,3870.0,34.673685045253166,15.8096,45
162190254,0.006810924341042735,0.006207992246254588,1.05,2.86845,5813.0,38.01893963205613,14.6462,45
432664922,,,1.39,1.9743,6621.0,20.417379446695275,14.6088,45
132800194,,,1.0,2.13915,5657.0,28.84031503126605,14.6293,45
457248811,,,1.38,1.40569,6598.0,13.562128588260476,11.2565,45
207045303,,,1.22,2.74335,6262.0,2.5118864315095824,11.4171,45
118126204,0.01216507255011918,0.014032272849471852,0.83,1.35451,5021.0,45.70881896148752,16.0121,45
427454457,,,0.613695,0.632317,3845.0,2.0,13.6471,45
118367531,,,1.35,1.67397,6534.0,38.904514499428046,14.2036,45
180304953,,,1.42,1.74734,6702.0,47.863009232263806,16.11,45
138855981,,,0.54,0.913159,3684.0,8.788309542124061,14.4218,45
427353052,,,0.596712,0.610675,3412.0,6.379182925391953,15.5099,45
50897408,,,1.24,2.95406,6297.95,14.57074222454752,11.2641,45
124013187,,,0.6022,0.617579,3398.0,22.387211385683376,15.0089,45
264619869,,,0.620375,0.64105,3339.0,14.447641523425412,15.1901,45
427352083,,,0.91,1.14684,5294.0,8.149318327037596,15.1459,45
269117285,,,0.493449,0.495357,3108.0,12.846966799116212,16.3994,45
218018892,,,0.64,1.36258,4074.0,5.754399373371567,15.3134,45
309795572,,,0.595,1.18069,3861.0,6.952455173368236,14.0598,45
176500588,,,0.97,1.31361,5538.0,39.81071705534969,15.6953,45
42562032,0.009298339086294674,0.008919721080957841,0.597456,0.611606,3446.0,22.387211385683376,15.0367,45
125648778,,,1.01,1.84276,5670.0,23.442288153199225,15.5878,45
79213011,,,0.86,1.05984,5101.0,25.118864315095824,14.2714,45
269117559,0.0084177263357483,0.007626610087819208,0.340907,0.3558,3174.0,6.071423780587959,14.5933,45
124505724,,,0.575,0.859959,3785.0,22.387211385683376,14.0704,45
391778034,,,1.3,1.74353,6427.0,42.65795188015926,14.8548,45
180317557,,,1.04,3.57051,5798.0,45.70881896148752,15.8673,45
138899199,,,0.462407,0.464982,2984.0,9.0,16.488,45
427451613,,,1.48,1.63935,6841.0,8.311410875883626,11.0055,45
4293975,,,1.07,0.972027,5889.0,4.897788193684466,11.8289,45
264742440,,,0.71,1.06839,4527.0,10.298383453926997,13.0224,45
4295191,,,0.58,1.16214,3796.0,7.935820800625186,14.2788,45
11198487,,,0.59,1.15687,3826.0,13.667232691757349,14.294,45
359887090,,,0.618345,0.638384,3137.0,7.585775750291836,16.5102,45
151474339,,,1.29,1.32577,6418.0,46.77351412871982,13.2297,45
138904361,,,0.563211,0.570367,3282.0,9.486206631465077,15.3064,45
148303172,,,1.151,1.14555,6111.0,35.481338923357534,10.5553,45
146916769,,,0.518286,0.520856,3258.0,35.481338923357534,15.3185,45
11294171,,,0.75,0.879086,4711.0,6.873960657063252,14.3292,45
427393410,,,0.598637,0.613087,3768.0,6.816589633875125,15.5204,45
264620380,,,1.21,2.65425,6240.18,14.772502199591564,9.729,45
53899186,,,1.27,2.10104,6372.0,25.118864315095824,12.1385,45
332970109,,,0.639141,0.666211,3201.0,5.0,15.9851,45
47635818,,,0.8,1.23306,4899.0,25.118864315095824,14.3389,45
225541742,,,0.84,1.61765,5041.0,32.35936569296281,15.9147,45
220245637,,,1.27,1.50256,6381.0,2.5118864315095824,15.161,45
401258950,,,1.25,1.80107,6332.0,44.668359215096345,14.7001,45
276662623,,,0.64,0.973163,4062.0,11.908098150958786,14.3393,45
200541594,,,0.54,0.964664,3669.0,6.231019532913336,14.9765,45
407917279,,,1.31,2.85594,6462.0,21.379620895022324,15.1671,45
388935441,,,0.7,1.09009,4485.0,6.930353186087091,14.5639,45
427347763,,,1.21,1.31916,6237.0,5.625356616681467,11.557,45
459989548,,,1.3,2.38891,6438.16,5.965615147809462,11.0458,45
119240592,,,1.01,1.86878,5694.0,11.748975549395302,13.9813,45
436156803,,,0.6,0.953233,3868.0,11.052596597880727,15.6421,45
118614278,,,1.07,1.65933,5886.0,12.30268770812381,14.5883,45
427349289,,,1.34,1.38663,6521.0,11.460204719963489,10.6762,45
436244989,,,0.620401,0.641085,2915.0,11.748975549395302,16.3324,45
115500807,,,0.96,1.68712,5486.0,41.68693834703355,15.6221,45
388850774,,,0.89,1.21605,5229.0,14.789945595328236,13.5607,45
120544791,,,0.513035,0.515366,3027.0,22.387211385683376,14.8874,45
464839112,,,1.486,1.62316,6860.77,11.73208009702599,10.5804,45
436016445,,,0.514871,0.51728,3099.0,14.0,16.3158,45
427457841,,,0.550632,0.556014,3279.0,12.803303662226924,15.9638,45
457231362,,,0.49,0.738746,3552.0,13.25689138253127,15.2655,45
217824525,,,1.41,2.92178,6680.0,35.481338923357534,15.2268,45
715994714,,,0.57,1.16515,3758.0,4.897788193684466,14.6557,45
432510337,,,1.42,1.60234,6688.0,30.90295432513592,15.2851,45
4349919,,,0.48,1.16539,3547.0,8.522826909331608,14.3059,45
50656927,,,0.62,1.0233,3963.0,12.157079930070468,13.8689,45
362306191,,,1.15,2.239,6117.0,20.417379446695275,14.6357,45
138978015,,,1.42,1.97862,6702.49,5.407520202689647,10.7603,45
132803712,,,0.89,0.967487,5239.0,28.84031503126605,16.1543,45
323419455,,,0.607314,0.62409,3211.0,9.521650312615751,15.3192,45
50747037,,,0.69,0.892318,4406.0,10.292545754545536,13.4021,45
174920839,,,1.35,2.03141,6533.0,39.81071705534969,15.6759,45
355677379,,,0.594,0.892233,3856.0,7.585775750291836,15.2555,45
11291101,,,0.589443,0.601663,3046.0,11.378540824974184,15.5897,45
358141165,,,1.1,2.47602,5992.0,26.915348039269137,15.6511,45
427350070,,,0.73,1.26753,4601.0,13.827620586975849,13.0755,45
156245522,,,0.618,0.864008,3964.0,12.34372836215628,12.5198,45
427393505,,,0.4599,0.462592,3269.0,13.199815573840638,16.396,45
179090691,,,1.13,1.50607,6051.0,26.915348039269137,15.2798,45
299830655,,,0.84,1.46569,5039.0,42.65795188015926,16.1079,45
361319918,,,1.19,1.41022,6198.0,21.379620895022324,16.2143,45
200478030,,,0.5584,0.56483,3117.0,9.294531829514064,16.2508,45
427333913,,,0.534904,0.53862,3327.0,13.239841581377805,15.7555,45
264486425,,,0.409246,0.415843,3039.0,9.137128722620124,17.0491,45
50744560,,,0.455675,0.458581,3177.0,5.0,16.613,45
197561972,,,0.92,1.85319,5324.0,38.904514499428046,15.6192,45
43748390,,,0.544651,0.549329,3267.0,5.754399373371567,16.2732,45
433514378,,,0.96,1.2572,5480.0,13.80384264602884,15.7708,45
182712727,,,0.903,2.15516,5268.0,6.606934480075965,15.3387,45
243708267,,,1.3,1.16095,6426.0,41.68693834703355,14.9954,45
345773644,0.005605343280953681,0.004902515066306747,0.626,0.975258,4006.0,11.376802413555946,14.2371,45
220313717,,,0.72,0.881144,4552.0,2.5118864315095824,15.0482,45
229371522,,,0.78,0.697556,4812.0,32.35936569296281,16.4802,45
459990980,0.00766078891063093,0.0070575184440284855,0.652345,0.684401,3445.0,11.90480331436463,14.7359,45
11299267,,,0.99,1.27966,5581.7,13.949802585260857,11.8799,45
388917829,0.2800844199993642,0.25985474314130197,1.12,1.0554,6027.0,5.61259199948517,14.7925,45
72552831,,,1.45,1.77877,6774.38,8.51138038202376,12.6257,45
53494717,,,0.513289,0.515631,3294.0,34.673685045253166,16.5075,45
359170198,0.011954577684114768,0.012870600675837613,0.91,1.39146,5281.0,26.915348039269137,15.6947,45
50619737,,,0.79,1.53219,4846.43,8.795446652124697,12.2726,45
355670061,,,0.55,0.997279,3706.0,7.585775750291836,16.3598,45
386284915,,,0.651449,0.683156,3562.0,42.65795188015926,16.7263,45
50529209,,,0.628094,0.651292,3266.0,11.47099278796353,14.9833,45
177271197,,,0.73,1.12781,4614.0,47.863009232263806,16.1195,45
427458006,,,0.622855,0.644323,3253.0,8.199822182334948,14.7749,45
117079946,,,0.89,1.04593,5206.0,29.51209226666384,16.2577,45
432895485,,,0.93,2.15585,5362.0,13.80384264602884,15.4761,45
388850698,,,0.43,1.17055,3452.0,6.019374865931989,15.0043,45
50747621,,,0.634914,0.660468,3353.0,7.501283482785412,15.1937,45
264461792,,,0.577856,0.587605,3253.0,10.890020362917369,15.4087,45
50625213,,,0.550961,0.556384,3136.0,9.440704322042752,15.9265,45
178160069,,,1.104,1.11355,5993.0,34.673685045253166,12.7681,45
4356280,,,0.55,1.00002,3708.0,7.682653493209384,14.6679,45
118370749,,,0.99,1.07326,5605.0,45.70881896148752,16.4058,45
362177323,,,1.26,1.88078,6360.0,15.848931924611142,16.2845,45
50793736,,,0.56,1.12596,3740.0,8.594829820645456,13.7733,45
264742723,,,0.384632,0.393949,3021.0,5.286777841008914,17.2685,45
42764741,,,0.613,0.817979,3941.0,22.387211385683376,13.7312,45
118372002,,,0.91,1.35135,5290.0,35.481338923357534,15.2151,45
11355220,,,0.607702,0.624587,3440.0,9.282674436526822,14.0834,45
427376911,,,0.583095,0.593914,3289.0,6.192320274857025,15.7041,45
50748010,,,0.499973,0.501943,3100.0,6.52691278507884,15.9765,45
4295607,,,1.284,1.41993,6400.0,8.520460338533091,10.9087,45
117855377,,,1.05,2.01462,5820.0,29.51209226666384,14.4013,45
361877869,,,1.0,1.16987,5631.0,20.417379446695275,16.1491,45
125504338,0.0065889777983050984,0.006013567015936977,1.48,3.41051,6843.0,23.442288153199225,14.6575,45
36917975,,,0.500684,0.502665,3285.0,22.387211385683376,15.7217,45
388851037,,,0.550968,0.556392,3159.0,13.166173670308291,15.5725,45
264742771,,,0.632032,0.656576,3351.0,11.26969768012168,15.0843,45
50722739,,,0.416455,0.42234,3346.0,4.897788193684466,16.0286,45
97567700,,,0.651,1.05145,4157.0,10.477288240307566,13.5416,45
116204198,,,0.91,2.08589,5287.0,29.51209226666384,15.0721,45
177783678,,,1.14,1.41534,6078.0,23.442288153199225,15.5695,45
11359253,,,0.488837,0.490747,3368.0,6.302814509919249,16.4924,45
4250225,,,0.635785,0.661648,3289.0,9.024280080745852,15.0104,45
385879437,,,1.31,1.15398,6448.0,7.585775750291836,13.5247,45
177272972,,,1.47,1.62026,6818.0,47.863009232263806,14.1489,45
50722761,,,0.53047,0.533821,3150.0,11.367020382328477,16.7364,45
143211475,,,0.9,1.23826,5248.0,15.488166189124827,15.4586,45
42564697,0.023223311284404694,0.0210106031074823,0.642115,0.670275,3622.0,22.387211385683376,14.5804,45
432461974,,,1.37,1.65968,6579.0,15.13561248436207,14.1974,45
427352588,,,0.637487,0.663958,3201.0,7.925861032175863,15.4074,45
111353370,,,0.88,1.19697,5193.0,7.413102413009177,15.9168,45
148343903,0.016213802742751898,0.02001462543380309,0.53,1.26436,3642.0,7.943282347242822,16.294,45
436154409,,,0.606794,0.623424,2980.0,12.170194125118297,15.8877,45
138827898,,,0.64036,0.667875,3425.0,5.62048879561881,14.9205,45
4378110,,,0.630849,0.654984,3390.0,7.419552201333443,14.9057,45
229345950,,,1.19,0.936748,6189.0,32.35936569296281,15.7257,45
427347506,,,0.556263,0.562389,3135.0,6.580481184903379,15.7607,45
225985034,0.0040381737087467375,0.0034067564336570147,1.12,3.21514,6042.0,32.35936569296281,13.7427,45
117470214,,,1.25,1.36559,6324.0,15.13561248436207,14.1911,45
133926220,,,1.47,2.05431,6822.0,43.65158322401656,13.2678,45
4378577,,,0.6,0.998715,3881.0,8.330249852181765,14.0809,45
177125210,,,1.08,2.31286,5924.0,6.165950018614822,12.9946,45
179088718,0.007942659686124502,0.007956639137411804,1.29,1.743,6422.0,45.70881896148752,15.3099,45
332856278,,,0.48,0.977478,3546.0,14.067699485615986,14.7025,45
457251144,,,0.549603,0.554857,3178.0,9.28875096778198,15.7002,45
179845088,,,0.94,1.0569,5411.0,31.6227766016838,15.7193,45
319364995,,,1.03,1.15791,5739.0,4.897788193684466,12.1641,45
220138628,,,1.39,2.03239,6623.0,32.35936569296281,14.4493,45
353923207,,,0.501613,0.503611,3366.0,7.585775750291836,16.0803,45
278838301,,,0.634135,0.659414,3348.0,7.585775750291836,15.6508,45
120094523,,,1.181,1.11929,6179.0,35.481338923357534,11.0005,45
165937790,,,0.97,2.07995,5507.0,28.84031503126605,13.8429,45
11197757,,,0.512273,0.514574,3122.0,7.797854789125617,16.6019,45
143079223,,,0.61,1.27608,3915.0,8.51138038202376,15.3017,45
355675730,,,0.62,1.14981,3973.0,7.585775750291836,14.7961,45
34366975,,,0.624633,0.64668,3267.0,8.41958515580383,15.036,45
186203995,,,1.02,1.42907,5728.0,35.481338923357534,15.5225,45
229343136,,,0.98,1.11428,5559.0,32.35936569296281,15.4931,45
125261332,,,0.938,0.847442,5400.0,34.673685045253166,13.5635,45
179339420,,,1.14,1.43849,6084.0,45.70881896148752,14.9621,45
427377335,,,0.600637,0.615605,3058.0,14.023994258050166,16.5552,45
336985285,,,0.91,0.811425,5294.0,46.77351412871982,14.7264,45
19237812,,,0.640259,0.667737,3491.0,21.87761623949552,15.9129,45
427393525,,,0.612435,0.630683,3150.0,6.962333369073525,15.6073,45
117462111,,,0.87,0.997833,5163.0,40.7380277804113,15.3061,45
264541912,,,0.65,0.918719,4138.0,9.850776903641346,13.8563,45
427374512,,,1.04,1.73575,5782.0,13.421721972065477,12.4855,45
332856594,,,0.91,1.04293,5306.0,14.263061736839704,13.0878,45
117591510,,,1.05,2.60436,5814.0,23.988329190194897,14.0898,45
199886340,,,0.59,1.08167,3840.0,13.307291790037514,16.9005,45
50793625,,,0.69,1.31457,4432.0,7.618683432928938,13.922,45
449259287,,,0.605309,0.621529,3150.0,8.921536945977511,14.9507,45
114769661,,,1.07,2.92904,5908.0,28.183829312644548,15.7868,45
176706413,,,1.25,1.49455,6322.0,40.7380277804113,15.6461,45
388935329,,,0.500191,0.502164,3258.0,11.56441468416402,16.198,45
123882488,,,0.574971,0.584163,3266.0,25.0,15.0702,45
72781611,,,0.54,1.24452,3687.62,5.848446524495663,13.871,45
457229685,,,0.461187,0.463818,3007.0,9.0,16.5245,45
142670882,,,1.385,1.35538,6617.0,35.481338923357534,10.6575,45
204560981,,,0.93,1.27718,5373.0,15.13561248436207,15.7243,45
50725028,,,0.617636,0.637455,3093.0,5.979449374552611,15.5235,45
264683055,,,0.586864,0.598501,3232.0,11.602124344290871,15.7507,45
207045924,,,0.8,0.859583,4874.41,19.05460717963248,14.2871,45
427396688,,,0.538187,0.542202,3682.0,13.731843245127136,16.2337,45
220291188,,,0.64,1.09709,4061.0,2.5118864315095824,15.064,45
185444407,0.006970993934210616,0.006506915392770746,1.43,2.64449,6723.0,15.13561248436207,14.8397,45
427396733,,,0.605905,0.622288,3554.0,4.897788193684466,16.3663,45
368949635,,,0.457139,0.459968,3009.0,7.585775750291836,16.7972,45
302830676,,,0.56,1.28299,3742.0,5.229244137359856,14.1107,45
220054646,,,0.255835,0.281658,2928.0,32.35936569296281,16.2939,45
264621236,,,0.52,1.17492,3625.0,8.055033973102363,14.5071,45
427460167,,,0.610837,0.628618,3251.0,6.504201540524139,15.3533,45
124505553,,,0.380769,0.390547,3122.0,22.387211385683376,16.4169,45
217831948,,,1.12,2.44241,6026.0,35.481338923357534,14.7861,45
264741333,,,0.462145,0.464733,3449.0,14.54636902656921,16.6617,45
427457364,,,0.555825,0.561891,3118.0,14.87243348613464,15.3902,45
18061455,,,0.92,1.02987,5316.0,21.87761623949552,14.6066,45
199885432,,,0.46792,0.470271,3199.0,4.897788193684466,16.4459,45
166725176,,,1.12,1.04251,6036.0,28.84031503126605,14.296,45
427395701,,,0.98,0.983961,5565.0,8.607650442081074,14.4229,45
427397312,,,0.509342,0.511537,3204.0,13.568523515239374,16.5067,45
427397053,,,0.597,1.16025,3870.0,12.991632772462594,13.9164,45
427455358,,,0.607931,0.624881,3742.0,9.73729414524218,17.2058,45
53607030,,,0.99,0.886146,5610.0,32.35936569296281,12.7017,45
138852786,,,1.44,1.75885,6752.29,5.892774189322473,10.5399,45
185358455,,,0.96,1.18246,5498.0,41.68693834703355,15.756,45
177409019,,,1.15,2.15503,6114.0,30.90295432513592,15.7718,45
207047430,,,1.12,1.91342,6031.0,35.481338923357534,14.1903,45
105087169,,,1.05,1.50063,5812.0,33.11311214825908,13.9395,45
35718811,,,1.01,1.22506,5667.0,22.90867652767775,15.7417,45
388918261,,,0.509,1.04774,3600.0,11.07768752234761,14.4786,45
276661087,,,0.53,1.09213,3662.0,12.820976569506104,14.2486,45
432887002,,,0.96,2.63388,5498.0,20.417379446695275,14.658,45
436243773,,,0.682,1.09257,4361.56,6.558470603130972,10.892,45
424859750,,,0.93,1.15986,5367.0,21.379620895022324,15.841,45
332856248,0.027486975927693134,0.023148506982910877,0.584034,0.595053,3315.0,11.428585292401278,13.7132,45
11296635,,,0.572574,0.58132,3302.0,6.827774076633871,15.5796,45
125641756,,,0.67,1.21538,4306.0,6.165950018614822,16.0941,45
42077892,,,0.618632,0.638759,3362.0,22.387211385683376,14.9381,45
433134825,,,1.04,2.68633,5789.0,47.863009232263806,14.2449,45
427396052,,,0.84,0.975407,5050.0,7.913697770240753,14.9624,45
42829985,,,0.638256,0.665004,3519.0,35.481338923357534,15.0441,45
50586663,,,0.559789,0.566423,3250.0,8.780011034152459,15.4876,45
388918084,,,1.1,1.23807,5980.0,11.5781369765178,14.6045,45
47586111,,,1.01,0.913918,5681.0,30.19951720402019,11.9705,45
50663019,,,0.57,0.958242,3754.0,12.239130039520884,14.3084,45
332969781,0.004189520707715858,0.003576477424803499,0.62,1.06972,3956.0,14.268425297573378,13.926,45
4256916,,,0.383235,0.392717,3072.0,4.897788193684466,16.597,45
427457175,,,0.55,1.01036,3709.23,7.449732028247302,14.4235,45
319365434,,,0.518967,0.521574,2973.0,5.0,16.3356,45
144734353,,,0.43,0.939741,3457.0,14.0,15.2285,45
45091575,,,0.648,1.05202,4137.0,5.754399373371567,14.708,45
50789868,,,0.494,0.942855,3569.0,9.795958954181977,14.6053,45
338510019,,,0.69,1.03156,4410.0,21.87761623949552,15.1944,45
284286119,,,0.9,1.35741,5263.0,12.073882029426075,13.7578,45
105033406,,,0.79,1.36583,4838.0,4.073802778041131,15.2435,45
264593986,,,0.467116,0.469497,3134.0,13.66785712245507,16.3582,45
11197063,,,0.518554,0.521139,3126.0,7.476155840823249,16.002,45
436251422,,,0.475512,0.477625,3283.0,14.0,16.7512,45
118117040,,,0.88,0.792493,5202.0,7.585775750291836,15.8036,45
464838702,,,0.452313,0.455406,3144.0,5.0,16.5032,45
464837691,,,0.6,0.993836,3882.0,8.487721671959338,13.9717,45
79868478,,,1.45,1.87391,6760.0,25.118864315095824,12.0167,45
427392774,,,0.414858,0.420898,3032.0,13.011547105667834,17.243,45
359327326,,,0.7,1.09094,4480.0,7.585775750291836,14.1286,45
1631509151,,,0.9,1.7279,5242.0,23.988329190194897,16.1366,45
427353141,,,0.360643,0.372936,3292.0,14.123316093012878,15.2268,45
427392962,,,0.418933,0.424584,3259.0,2.0,17.3095,45
264593864,,,0.652843,0.685094,3333.0,9.812702484259184,14.8585,45
151285517,,,1.02,1.44861,5719.34,46.77351412871982,13.4059,45
1637433537,,,0.79,1.00628,4840.0,28.84031503126605,16.102,45
220314284,,,0.97,1.45257,5528.0,2.5118864315095824,14.1119,45
427346195,,,0.492572,0.494478,3062.0,14.290815572647018,16.4275,45
116706140,,,0.92,1.72612,5331.0,41.68693834703355,15.5451,45
427373626,,,0.452384,0.455473,3511.0,8.433842593067112,16.5693,45
50744211,,,0.608867,0.626081,3893.0,4.897788193684466,14.7306,45
427349386,,,0.52,0.91638,3626.0,11.763366504519812,14.3265,45
427453834,,,0.95,2.29314,5453.0,12.821911507697656,13.4991,45
204550239,,,1.34,1.8698,6510.0,41.68693834703355,14.55,45
369470335,,,1.47,1.63076,6817.0,22.90867652767775,14.039,45
427377133,,,0.42,0.940304,3432.0,10.931827719729224,15.1745,45
220051545,0.009616511858905835,0.009627369394167785,0.54,0.827143,3674.0,5.545938542962165,15.3062,45
11289321,,,0.441244,0.445051,3111.0,6.180104328654577,16.5678,45
390870814,0.013313628977905202,0.01429708686876622,0.71,1.11533,4508.0,16.98243652461746,15.6821,45
79137377,,,1.15,1.22834,6099.0,25.118864315095824,13.3544,45
50727148,,,0.627248,0.650161,3170.0,13.67488459983554,15.7151,45
222575709,,,0.72,1.02193,4586.0,33.11311214825908,14.6591,45
396625361,,,1.28,1.97901,6386.0,42.65795188015926,15.9863,45
102699264,,,1.04,1.0856,5798.0,33.11311214825908,15.1597,45
50787946,,,0.5,1.11499,3578.0,6.48931998827194,14.6579,45
4616458,,,1.398,1.25766,6646.0,32.35936569296281,11.5301,45
4378622,,,0.667855,0.706157,3374.0,12.396511146082467,14.9047,45
457251347,,,0.468353,0.470688,3077.0,11.303292226689148,16.1295,45
432511658,,,0.95,2.3781,5461.0,15.13561248436207,15.605,45
427455503,,,1.05,1.56754,5828.0,10.552232793220488,16.8031,45
220043612,,,1.259,1.95443,6348.37,8.544587746132068,10.4286,45
452174132,,,1.11,2.32467,6015.0,15.848931924611142,16.2687,45
52371104,,,0.645079,0.674347,3215.0,9.037499771853025,15.4503,45
427395869,,,0.98,1.27224,5566.0,12.434444156387244,12.9157,45
42339137,,,0.61164,0.629655,3562.0,22.387211385683376,13.9158,45
427334804,,,1.014,1.66101,5696.21,10.509370231211516,11.3806,45
264681279,,,1.31,1.32605,6455.65,4.897788193684466,11.2465,45
144545726,,,0.621047,0.641935,2979.0,6.2979528772739695,16.0104,45
186118054,,,0.9,1.82301,5251.0,41.68693834703355,15.1002,45
11200958,,,0.509,1.16451,3600.0,6.514144993520356,14.5154,45
50897950,,,0.598301,0.612665,3164.0,14.94459771318948,16.4651,45
4205569,,,0.62,1.03329,3978.0,8.102994853393897,13.7892,45
50721701,0.006423546708633793,0.006155397147223215,0.611879,0.629965,3274.0,7.101448170285551,15.0294,45
103846795,,,1.0,2.66307,5647.0,7.413102413009177,13.5006,45
179343099,,,1.06,1.17262,5862.0,31.6227766016838,16.0671,45
464836761,,,0.54,0.793609,3689.0,12.816512490335604,14.6161,45
199780226,,,0.52,1.0017,3631.0,14.524656441623383,14.5036,45
178111193,,,1.45,1.30283,6764.0,23.442288153199225,15.5151,45
276664151,,,0.6,1.21514,3881.0,13.4075069550212,13.6886,45
368545045,,,0.35,0.954957,3314.0,7.585775750291836,16.1771,45
264593721,,,0.594204,0.607549,3269.0,12.752819686658835,15.3779,45
180304772,,,1.11,1.49389,6009.0,47.863009232263806,16.4431,45
264483805,,,0.648043,0.678436,3343.0,5.796493653630932,15.019,45
185199507,,,1.09,2.62465,5964.0,12.30268770812381,15.5697,45
11297609,,,0.62,1.04616,3975.0,7.413495533731018,14.3814,45
357010989,,,0.93,0.825751,5384.0,7.585775750291836,13.8787,45
50620805,,,0.647954,0.678314,3171.0,6.898770790524096,15.2998,45
138941632,,,0.576642,0.586154,3034.0,12.135116108610957,15.4509,45
50787467,,,0.650245,0.681486,3384.0,5.2778682938878205,15.2232,45
11198444,,,0.78,1.3027,4814.0,14.11033896765326,13.0318,45
11200598,,,0.61,1.28251,3930.0,7.688485116432346,13.989,45
151469475,,,1.19,1.07786,6197.23,46.77351412871982,13.2966,45
427373508,,,0.63,1.04636,4018.0,7.111145416208399,15.0073,45
50746688,,,0.48,1.07582,3533.0,8.809152167797448,15.0219,45
350108698,,,0.69,0.701801,4432.0,21.87761623949552,14.9866,45
359608597,,,0.578954,0.58892,3049.0,7.585775750291836,16.4981,45
427451497,0.020348464681255528,0.027727010154479752,0.393811,0.402066,3152.0,5.0,16.6716,45
50525105,,,0.600398,0.615303,3185.0,9.32195605937614,15.2704,45
427349945,0.0033133467221025978,0.0025609858984534484,0.62,1.33131,3995.0,7.824724966851725,13.409,45
50792405,,,0.68,1.17712,4376.0,10.071086552584136,14.0773,45
11193851,,,0.625994,0.648491,3279.0,13.991128311365973,15.309,45
323420194,,,0.96,1.04285,5496.0,4.897788193684466,12.6824,45
264486440,0.005333098723138964,0.0011510548112834476,1.06,2.43199,5862.0,9.950148260696876,10.7497,45
204626189,,,1.31,3.69492,6456.0,15.13561248436207,12.9807,45
427378650,,,0.653008,0.685324,3533.0,6.422293636103824,15.1519,45
50590113,,,0.473479,0.475647,3480.0,4.897788193684466,15.7901,45
220322723,,,0.42,1.04132,3432.0,2.5118864315095824,16.1863,45
11195884,,,0.653905,0.686573,3561.0,10.670131404781907,16.3627,45
178477066,,,0.83,0.733964,5021.0,34.673685045253166,14.36,45
427350099,,,0.530348,0.533689,3335.0,11.739159014193104,15.9995,45
178572676,,,1.4,1.41039,6660.0,23.442288153199225,16.0879,45
138979939,,,0.713,1.24348,4530.0,9.263085916696124,12.6485,45
264629876,,,0.495829,0.497752,3100.0,9.0,16.0126,45
427393378,,,0.83,1.21112,5002.0,10.533533073320532,13.4081,45
332857055,,,0.636232,0.662254,2841.0,9.53227218264614,16.8695,45
449201500,,,0.52,1.23795,3621.0,7.624456225010255,13.6805,45
138852779,,,0.626118,0.648655,3322.0,9.465330871838647,15.5843,45
145812773,,,1.37,2.68582,6578.0,5.754399373371567,11.9596,45
178052790,,,0.446895,0.450319,3480.0,34.673685045253166,16.9558,45
10333691,,,0.73,1.14201,4587.0,7.585775750291836,14.1275,45
432869248,,,1.0,2.62942,5658.0,35.481338923357534,14.3161,45
388935648,,,0.574834,0.583999,2962.0,10.82285912502871,16.0345,45
459990925,,,1.15,2.05964,6111.38,7.833688321145301,11.0677,45
50624265,,,0.525023,0.527986,3002.0,7.0,16.5647,45
343862139,,,1.07,1.01269,5891.57,4.897788193684466,12.2295,45
167973126,,,0.438532,0.442536,3236.0,22.387211385683376,16.3228,45
11285825,,,0.634587,0.660024,3229.0,11.1999757877882,15.4498,45
35242239,,,1.13,2.61992,6063.0,22.90867652767775,11.3366,45
358582990,,,0.485969,0.487898,3136.0,7.585775750291836,17.178,45
361318173,,,1.36,2.81638,6554.0,15.848931924611142,16.1376,45
345838666,,,0.62,0.910742,3977.0,11.053829717613414,15.1375,45
181125876,,,1.3,1.32456,6431.0,21.87761623949552,13.0835,45
123732602,,,0.393653,0.401926,2981.0,25.0,16.431,45
464838258,,,0.655412,0.688676,3374.0,9.478343013083894,14.7037,45
459991620,,,0.493252,0.49516,3023.0,8.505835722251739,16.9157,45
4295762,,,0.62,0.895653,3994.0,9.990939616940295,14.2108,45
120171554,,,0.82,1.05368,4982.0,25.703957827688647,14.7642,45
264486363,,,0.88,1.06937,5174.0,8.75466105422357,12.498,45
264741775,,,0.599734,0.614467,3070.0,6.0,15.6577,45
436159892,,,0.608096,0.625092,3237.0,8.275905390516964,15.8932,45
276662315,,,0.606836,0.623478,3776.0,5.0,13.0065,45
427453724,,,0.582276,0.592923,2991.0,12.517883864375246,15.7311,45
11291229,0.006433589068122784,0.005912630193259652,0.55,1.04586,3705.0,11.478134871609765,14.716,45
264484929,,,0.562034,0.569006,3352.0,11.0,15.3773,45
50747094,,,0.96,1.36994,5491.0,13.26104846428782,12.8097,45
43639849,,,0.8,1.06762,4900.0,5.754399373371567,14.2401,45
168327109,,,1.04,1.31991,5806.0,21.87761623949552,13.2619,45
200587416,,,0.485035,0.486974,3170.0,14.0,16.6189,45
53493399,,,1.16,1.1255,6140.0,47.863009232263806,14.3042,45
115831341,,,0.9,0.801628,5250.0,38.904514499428046,15.867,45
120747411,,,0.625332,0.647609,3366.0,22.387211385683376,14.4666,45
388935591,,,0.354059,0.367209,3130.0,2.0,17.5234,45
436008450,,,0.609,0.996048,3919.0,9.357006126332635,14.2485,45
264485463,,,0.58,0.92528,3811.0,6.759844213696079,14.1658,45
294118702,,,0.62,1.20014,3967.0,46.77351412871982,16.0386,45
50744806,,,0.540288,0.544507,3279.0,6.991904074036651,16.199,45
11413001,,,0.569,1.11549,3763.71,12.911115127531865,15.0698,45
264621104,,,0.531788,0.535243,3007.0,7.8354065431879105,16.127,45
388935665,,,0.380608,0.390405,3217.0,10.298996448021404,17.2838,45
144774425,,,0.594416,0.607812,3214.0,14.0,15.7533,45
332974164,,,0.51,1.12562,3609.0,5.5698055647683855,14.9254,45
162285005,,,1.43,2.01997,6715.0,22.387211385683376,15.5099,45
433325254,,,1.31,2.84335,6460.0,13.80384264602884,13.3827,45
151471781,,,1.47,1.35657,6829.0,46.77351412871982,13.2817,45
215793882,,,1.39,3.83666,6635.0,35.481338923357534,14.0629,45
427455137,,,0.85,0.959717,5083.0,7.523072726737034,14.8739,45
264541016,,,0.431672,0.436209,3004.0,14.419326618324511,16.9382,45
4207554,,,0.549437,0.554671,2961.0,7.625011437319587,16.0662,45
217091620,,,1.13,2.02805,6061.0,35.481338923357534,15.7452,45
264541850,,,0.43,1.02209,3454.0,5.701568582922858,14.7839,45
138827202,,,0.52773,0.530877,3127.0,9.597725570333813,15.8293,45
200591187,,,0.638,1.0763,4079.0,8.585788811101096,14.204,45
220044161,,,0.72,1.00308,4551.0,7.9375976783459805,15.185,45
264460033,,,0.536759,0.54064,3426.0,10.996037274344966,14.9344,45
220074662,,,0.48,1.25905,3537.0,7.79309840685751,14.1917,45
138827856,,,0.46,0.878181,3503.0,9.523770761274282,15.3401,45
151457908,,,1.15,2.20725,6100.0,23.442288153199225,14.7899,45
427353039,,,0.598604,0.613045,3393.0,8.782341282160514,15.3679,45
427334273,,,0.488991,0.490901,3393.0,6.94525925365326,16.7333,45
11194140,,,0.392262,0.400693,3253.0,12.615983674357366,15.4729,45
427352675,,,0.657873,0.692115,3306.0,13.144267999093248,15.0609,45
391271338,,,0.95,0.945251,5428.0,20.417379446695275,16.2831,45
11355201,,,1.23,2.28673,6285.43,14.132274574247884,10.9571,45
200516514,,,0.454593,0.457558,3483.0,4.897788193684466,15.936,45
457250299,,,0.54014,0.544345,3251.0,11.223553573009474,16.1735,45
264484100,,,0.576044,0.58544,3292.0,13.390130924127837,15.2198,45
120751982,,,0.356489,0.369321,2938.0,25.0,16.8756,45
424560070,,,1.42,1.93196,6703.0,35.481338923357534,15.614,45
124332207,,,0.368737,0.379998,3043.0,22.387211385683376,16.6022,45
177521607,0.008933622706958994,0.008695364041872681,1.1,3.85154,5994.0,23.442288153199225,15.133,45
264484114,,,0.98,2.65585,5578.0,5.790998605586541,11.4951,45
178373169,,,0.77,0.755689,4761.0,34.673685045253166,14.6045,45
457228935,,,0.54,0.999877,3676.0,5.343527489319473,14.2671,45
457228355,,,0.56,0.953818,3741.0,8.275160699462052,14.8652,45
4153561,,,0.561874,0.568822,3233.0,8.70252874255525,15.6765,45
436161982,,,0.447942,0.4513,3115.0,12.516965127279176,15.6306,45
125126482,,,1.089,1.02971,5952.0,34.673685045253166,12.4005,45
4356650,,,0.57,0.982606,3778.0,14.057776195210836,14.2932,45
358591166,,,0.623212,0.644797,3327.0,7.585775750291836,15.7856,45
220065595,,,1.04,1.84616,5778.0,13.9289229420357,11.0214,45
50625327,,,0.650604,0.681983,3330.0,7.243348480783181,15.5192,45
115840258,,,0.9,0.933556,5259.0,40.7380277804113,15.2074,45
280973233,,,1.48,2.00621,6842.88,4.897788193684466,10.9053,45
50788541,,,0.58,1.11077,3803.0,8.314747885705486,13.9143,45
50787694,,,1.28,1.80588,6394.0,6.302539392292744,14.1135,45
42759755,,,0.423498,0.428732,3143.0,22.387211385683376,16.2462,45
50792811,,,0.678,0.671168,4335.0,12.102072316419063,12.1077,45
264621509,,,0.433379,0.437779,3037.0,9.84080169058868,16.8778,45
4256354,0.014180757578022785,0.01818244263438737,0.485199,0.487136,3046.0,9.0,16.4428,45
427346781,,,0.43,0.991406,3451.0,12.44488483032998,14.9124,45
217088804,,,1.46,4.03,6802.0,35.481338923357534,15.2983,45
4293971,,,0.366092,0.377688,3335.0,4.897788193684466,16.3946,45
11355155,,,0.43,1.1587,3449.0,14.888508035124936,15.1812,45
384904775,,,1.08,1.36648,5930.0,28.84031503126605,15.6742,45
427347304,,,1.36,2.07055,6554.0,8.578789574799195,10.455,45
50727387,,,0.509092,0.511279,3123.0,8.846376615599976,16.233,45
427374306,,,0.67,0.990878,4276.0,14.951981939142035,15.2923,45
264593658,,,0.56473,0.572128,3170.0,5.839863844545712,15.3731,45
50793569,,,0.77,1.36883,4782.0,10.147981454506482,14.9882,45
35644184,,,0.61981,0.640307,3636.0,35.481338923357534,14.3069,45
369570856,,,0.622118,0.64335,3016.0,7.585775750291836,16.5908,45
357836007,,,0.55,0.994955,3695.0,7.585775750291836,15.8182,45
427373498,,,0.5703,0.578638,3365.0,6.781636819705934,16.0222,45
751899820,,,0.64,0.498434,4097.0,34.673685045253166,15.9204,45
50792915,,,0.60446,0.620447,3247.0,10.970013969128225,15.4479,45
343863705,,,0.62,0.967629,3964.0,12.364177519205931,14.0761,45
50658784,,,0.499497,0.50146,3185.0,5.418628717083857,15.9972,45
459991347,,,0.401349,0.408773,2904.0,13.02872531106421,17.1127,45
427395616,,,0.85,1.10492,5062.0,11.913402773376074,14.426,45
220051744,,,0.508058,0.510213,3067.0,14.91189899366348,16.0049,45
25418997,,,0.581153,0.591566,3277.0,35.481338923357534,15.9774,45
427454610,,,0.668418,0.706953,3385.0,5.007178693839496,15.1773,45
117988770,,,0.96,1.44923,5489.0,23.988329190194897,15.7812,45
177927919,,,1.05,1.18406,5831.0,23.442288153199225,16.6674,45
176188186,0.007347427932071124,0.006999908715726373,0.98,2.61766,5563.0,39.81071705534969,14.9892,45
138858353,,,0.62056,0.641294,3182.0,13.297035798249352,15.4984,45
72917551,,,0.653302,0.685733,3453.0,7.277536093420647,15.3564,45
264462427,,,1.33,1.70524,6488.0,8.662837078845106,11.9105,45
200516368,,,0.595041,0.608589,3203.0,14.30879435575996,16.2243,45
11286330,,,1.05,0.928954,5845.0,12.304068067838823,16.3439,45
177121633,,,0.73,0.662858,4602.0,34.673685045253166,15.1146,45
207045612,,,0.62,1.05275,3965.0,19.05460717963248,16.5857,45
177988344,,,0.8,0.788815,4895.0,34.673685045253166,14.6132,45
50748370,,,0.57,1.1483,3756.0,5.841177647449491,14.4545,45
117455868,,,0.98,0.982383,5577.0,40.7380277804113,15.0589,45
427395743,,,0.501608,0.503605,3841.0,13.699167423805498,16.2021,45
436014917,,,0.78,1.03775,4836.0,12.406927436236408,17.2986,45
360061213,,,1.15,4.0156,6108.0,2.39883291901949,13.6035,45
42076965,,,0.557153,0.563404,3345.0,22.387211385683376,15.3065,45
427455339,,,0.628983,0.652482,3156.0,10.268953463639466,14.8324,45
11197621,,,0.614978,0.633985,3321.0,14.185635071926477,15.0767,45
712721351,,,0.94,1.07687,5402.0,32.35936569296281,15.2082,45
436013708,,,0.62,1.28825,3981.0,6.412945059028541,13.7516,45
178164609,,,0.509226,0.511418,3563.0,34.673685045253166,16.0338,45
264686693,,,0.61,1.23951,3913.0,13.958249864070153,13.3069,45
4356283,0.020042136428033822,0.02160080023651602,0.619219,0.63953,3228.0,9.22722635168184,15.6999,45
11355236,,,0.473754,0.475914,3320.0,10.997508725385533,16.4295,45
309908433,,,0.593497,0.60667,3156.0,14.0,15.7722,45
337165491,,,0.75,0.776255,4689.2,46.77351412871982,15.3463,45
388935604,,,0.453579,0.4566,3116.0,5.31951360934192,16.6747,45
1650792479,,,1.05,1.75666,5824.0,15.13561248436207,14.6454,45
436011658,,,0.587949,0.599829,3320.0,13.713716536691956,15.664,45
11293339,,,0.623717,0.645465,3326.0,9.43936619417116,15.2184,45
50788786,,,0.629954,0.653783,3269.0,12.17356309467307,15.2389,45
50528981,,,0.627642,0.650688,3138.0,7.373067069340605,15.3258,45
427373503,,,0.91,1.83282,5300.0,6.810640333667416,11.9784,45
50524786,,,0.88,0.851214,5200.0,14.191624285050835,14.5224,45
264743013,,,0.306208,0.325769,2959.0,5.0,17.5667,45
200592138,,,0.645,1.26644,4118.0,9.4528864847325,13.6119,45
264481938,,,0.56,0.955066,3728.0,9.96862792225437,14.1469,45
217820812,,,1.28,3.76468,6390.0,35.481338923357534,15.0917,45
427395767,,,0.88,1.62338,5188.0,8.407958056006535,13.4559,45
283202521,,,0.368127,0.379465,3138.0,25.0,16.488,45
427397597,,,0.302103,0.32221,3046.0,10.03938468979362,17.7834,45
264679843,,,0.313641,0.332206,2883.0,14.101026922522934,17.226,45
264482641,,,1.13,2.34419,6066.29,9.194792717683692,10.1015,45
116478153,,,1.19,1.54304,6199.0,38.01893963205613,15.7229,45
50721798,,,1.11,2.31664,6011.0,8.661243390687295,11.7401,45
50727116,,,0.71,1.18248,4501.0,8.05819372232791,13.6109,45
360079685,,,0.97,0.968547,5524.0,15.848931924611142,15.4043,45
72920204,,,0.442536,0.446252,2857.0,5.0,17.2792,45
427400269,,,0.6,0.957317,3883.0,8.333755651096237,14.6669,45
217086778,,,1.06,1.60225,5854.0,35.481338923357534,16.084,45
231171760,,,0.88,0.925258,5181.0,2.5118864315095824,15.637,45
42760161,,,0.623111,0.644662,3550.0,22.387211385683376,14.6454,45
388935813,,,0.564982,0.572421,2928.0,7.65762948654705,17.1876,45
264593866,,,0.427021,0.431946,3068.0,12.238401370257742,16.4501,45
427400020,,,0.47,0.835609,3525.0,14.57020748223475,15.7702,45
264460254,,,0.71,1.22009,4496.86,13.195870606823668,12.7487,45
284158620,0.509646088280615,0.4499500672780679,0.62,1.03853,3986.0,10.898687730184548,14.3409,45
138938226,,,0.6,1.12778,3864.0,11.64824267599274,14.0564,45
138859503,,,1.19,1.42719,6209.97,5.429456177031247,10.9036,45
427452919,0.017329806712253197,0.018980305351777506,0.569398,0.577579,3007.0,13.134194150286753,15.7773,45
464839199,,,0.460337,0.463007,3121.0,13.622234177929371,16.2247,45
138828927,,,0.71,1.3027,4526.0,9.11918395309817,12.6038,45
53901695,,,1.48,1.82595,6855.0,25.118864315095824,11.9878,45
459990953,,,0.45459,0.457555,3133.0,13.052827103633817,16.1804,45
436153664,,,0.61,0.752852,3928.0,7.395535687938363,14.9962,45
360302076,,,1.18,1.29817,6176.0,42.65795188015926,14.3034,45
115501770,,,0.93,1.34087,5365.0,41.68693834703355,16.1988,45
50745571,,,0.646412,0.676184,3274.0,7.740692527901036,14.8621,45
4296038,,,1.12,1.95153,6039.44,9.650727551971505,11.6884,45
177725209,0.0040418225700006374,0.002840519500473072,1.07,1.0294,5893.0,34.673685045253166,13.2209,45
178051000,,,0.78,0.959542,4801.0,34.673685045253166,14.5344,45
337087193,,,1.19,0.868228,6202.0,46.77351412871982,15.0044,45
358581117,,,0.605352,0.621584,3065.0,7.585775750291836,16.1659,45
276661548,,,0.540601,0.544852,3136.0,6.0,15.8463,45
436337139,,,0.618,1.16441,3963.0,11.503683648233691,13.8139,45
118124739,,,1.15,1.64187,6120.0,38.904514499428046,15.2371,45
199885448,,,1.05,1.182,5840.0,4.897788193684466,11.7965,45
269117985,,,0.52,0.831907,3626.0,9.522385753192117,14.7447,45
50787699,,,0.584367,0.595457,3337.0,7.917785045449277,15.6618,45
432864375,,,0.99,1.4909,5608.0,15.13561248436207,16.1196,45
459990939,,,0.58,0.813584,3796.0,4.897788193684466,14.8883,45
427350472,,,0.65,1.37734,4167.0,9.689762710190362,13.8339,45
167162050,,,1.04,1.6563,5805.0,28.84031503126605,15.2378,45
264740565,,,0.525408,0.528396,3048.0,11.89781901515898,16.4408,45
125504520,,,1.18,1.85747,6177.0,23.442288153199225,15.6901,45
427454213,,,0.401118,0.408567,3499.0,12.180403080163586,17.7991,45
4380085,,,0.628224,0.651465,3140.0,13.779837908691617,15.1455,45
180305549,,,1.45,2.63154,6766.0,47.863009232263806,15.4964,45
50530628,,,0.630526,0.654551,3145.0,6.4947465787648175,15.1634,45
179332260,,,1.36,3.66688,6551.0,18.197008586099827,14.4091,45
220077226,,,0.561987,0.568953,3071.0,5.0,15.9313,45
72488943,,,0.93,1.64623,5366.0,8.51138038202376,15.3579,45
42760605,,,0.521754,0.524515,3421.0,22.387211385683376,15.3199,45
300817735,,,1.36,2.46153,6568.0,44.668359215096345,15.4051,45
220323085,,,1.14,1.07104,6079.0,2.5118864315095824,16.0551,45
11200042,,,0.56,0.933593,3724.0,8.39505108169882,15.2228,45
50658818,,,0.85,1.42699,5061.0,6.279715814158998,12.4259,45
123889550,,,0.846,0.791361,5063.0,34.673685045253166,13.7072,45
332913299,,,0.634044,0.65929,3387.0,12.088774383369955,15.9116,45
359608659,,,0.575813,0.585165,3164.0,7.585775750291836,16.7289,45
427395995,,,0.50686,0.50898,3681.0,5.650948456639831,16.5695,45
284160245,,,0.721,1.0826,4569.0,8.824282269343882,13.8253,45
177930453,,,1.2,1.58534,6228.0,23.442288153199225,16.1643,45
119377751,,,1.05,0.908539,5828.0,11.748975549395302,15.8645,45
1799107196,,,1.32,2.92797,6483.0,42.65795188015926,14.7746,45
66556725,,,1.39,1.29765,6629.0,4.897788193684466,11.2151,45
280973278,,,0.550439,0.555796,3239.0,4.897788193684466,15.6451,45
11297328,,,0.482942,0.484906,3160.0,10.53652572787237,16.4815,45
385481935,,,1.37,1.72302,6576.0,26.915348039269137,15.1133,45
220314467,,,0.72,1.2126,4573.0,2.5118864315095824,14.4606,45
177447050,,,1.03,2.16586,5745.0,30.90295432513592,15.5921,45
216635535,,,1.29,2.00144,6420.0,21.379620895022324,15.3692,45
80045258,,,1.26,1.59779,6350.0,25.118864315095824,12.5283,45
124013034,,,0.472,0.931689,3524.0,25.0,14.1567,45
290176547,,,0.579,0.835789,3797.0,13.502135612720044,14.8339,45
138936668,,,0.59,0.806221,3835.0,4.897788193684466,14.865,45
427347596,,,0.51,0.936811,3597.0,6.234843397116444,15.2046,45
220338715,,,0.62,1.16603,3977.0,2.5118864315095824,16.2309,45
220058294,,,0.44,0.846654,3464.0,4.897788193684466,15.5371,45
177987770,,,0.583851,0.59483,3529.0,34.673685045253166,16.3611,45
436106424,,,0.47,0.936641,3523.0,14.442903136455673,15.1171,45
427376833,,,0.47,0.770692,3521.0,12.300598036657297,15.5167,45
427378119,,,0.630769,0.654877,3114.0,8.315827676409095,15.4994,45
11201939,,,0.579192,0.589206,3230.0,9.319219425180394,16.118,45
220051695,,,0.593826,0.607079,3300.0,7.881607319485472,15.6823,45
200517415,,,0.651225,0.682845,3152.0,4.897788193684466,15.3912,45
443757697,,,1.3,1.35146,6428.4,4.897788193684466,12.023,45
276661804,,,0.6,1.06178,3864.0,12.316137492998452,14.5324,45
220119729,,,1.01,1.15642,5690.0,32.35936569296281,16.1744,45
201368318,,,0.94,1.50878,5422.0,10.057916121776856,16.0431,45
385691917,,,0.508339,0.510503,3044.0,7.585775750291836,16.8353,45
50749825,,,1.36,2.7824,6560.0,10.114576266483777,9.643,45
4159461,,,0.52,1.03483,3630.0,13.674253967766097,14.5982,45
124191611,,,0.999,1.18563,5635.0,22.387211385683376,11.398,45
174637761,0.013972573693874701,0.017855214634825353,0.62,0.637571,3989.0,21.87761623949552,16.4298,45
380151332,,,1.05,2.05773,5816.0,15.848931924611142,15.7221,45
207044392,,,1.15,3.89171,6105.0,2.5118864315095824,10.4146,45
11283885,,,0.650641,0.682035,3363.0,11.703273905908862,15.0365,45
229386681,,,0.91,1.36006,5311.0,26.915348039269137,14.3923,45
11403561,,,1.07,1.01671,5908.0,14.467080108274107,13.5979,45
105079572,,,0.45,0.865001,3485.0,7.079457843841373,12.0226,45
226210056,0.01192626323994303,0.012734587812720579,0.94,1.54145,5396.0,6.606934480075965,15.6539,45
350207786,,,0.99,0.938954,5604.0,21.87761623949552,13.7702,45
433542649,,,1.12,1.27482,6032.0,13.80384264602884,14.9919,45
427457334,,,0.605624,0.62193,3178.0,6.195992805725346,15.6345,45
11286102,,,0.52008,0.522746,3272.0,13.286431912326606,16.5098,45
50625269,,,0.630219,0.654137,3283.0,8.622147692699215,14.917,45
4355430,,,0.379362,0.389309,3461.0,4.897788193684466,16.6242,45
200637558,0.008159732265529516,0.008109922552926556,0.587,0.831277,3827.0,11.077212770846488,15.2631,45
427455878,0.0033036323210005893,0.0017213083312758361,0.94,2.37837,5393.0,7.987264105394138,12.6142,45
177272092,,,1.28,1.53015,6385.0,23.442288153199225,15.4316,45
427349920,,,0.83,1.53247,4999.0,8.199918702650876,12.3516,45
264744487,,,0.589161,0.601316,3289.0,9.413585452575056,15.1808,45
4205974,,,0.622588,0.64397,3665.0,13.089452595805716,15.2228,45
50745680,,,0.610431,0.628095,3190.0,11.429176781277558,15.4023,45
385178858,,,0.626446,0.649092,3113.0,7.585775750291836,16.0956,45
336884797,,,1.11,1.59791,6005.0,46.77351412871982,13.788,45
175882729,,,1.16,2.07518,6135.0,38.01893963205613,15.8931,45
144666637,,,0.526295,0.529343,3102.0,8.793292124471598,16.1842,45
368538771,,,0.577745,0.587472,3009.0,7.585775750291836,16.8221,45
117338876,,,1.37,3.02378,6590.0,45.70881896148752,13.3154,45
413140720,,,1.48,3.56804,6844.0,9.332543007969903,15.5084,45
220322742,,,0.74,1.29554,4666.0,2.5118864315095824,14.108,45
177323601,,,0.97,1.12559,5504.0,47.863009232263806,15.7175,45
264681399,,,0.91,1.79557,5278.0,9.0,11.192,45
220077807,,,0.6,0.918268,3900.0,10.206252194674173,14.6128,45
11401984,,,0.614751,0.633689,3175.0,4.897788193684466,16.0049,45
276662421,,,0.41,0.938832,3417.0,14.426538951823495,15.1563,45
427393126,,,0.434166,0.438503,3444.0,8.822087024076488,15.8042,45
11291105,,,0.424618,0.429753,3152.0,8.088416056577806,16.9198,45
427347358,0.02091686660257848,0.02987212791214993,0.512297,0.514599,3114.0,7.0,16.8424,45
385885288,,,0.66,1.18701,4237.0,7.585775750291836,14.4031,45
162374646,,,1.31,3.75928,6458.0,38.01893963205613,14.9827,45
427393115,,,0.36,0.947568,3335.0,14.599358924755176,15.1595,45
125505446,,,0.97,1.41057,5514.0,23.442288153199225,15.5874,45
138858161,,,0.49,1.17007,3554.0,11.41508299213795,14.0777,45
79940181,,,0.6,0.915058,3866.0,25.118864315095824,16.2549,45
50588959,,,0.57,1.30792,3760.0,11.755360447270142,13.612,45
72881307,,,0.571702,0.580291,3736.0,4.897788193684466,15.6952,45
220075739,,,1.25,1.60022,6326.67,4.897788193684466,11.6156,45
167945304,,,1.22,1.69138,6257.0,28.84031503126605,15.8997,45
1640332663,,,1.35,1.80344,6535.0,15.13561248436207,14.2009,45
1765615351,,,1.22,1.31813,6275.0,45.70881896148752,16.1664,45
119628554,,,0.68,0.950052,4373.0,11.748975549395302,15.4276,45
287758047,,,0.473576,0.475742,3079.0,13.14658431073215,16.2916,45
199897646,,,0.57,0.831553,3772.0,11.01395073679426,14.9595,45
427400265,,,0.614749,0.633687,3468.0,14.85424252434387,15.1725,45
72917464,,,0.62,1.06263,3954.0,10.674121188713348,14.4434,45
162286343,,,1.46,2.0233,6803.0,45.70881896148752,14.0253,45
427455695,,,0.490456,0.492362,3731.0,10.07984456297998,14.4535,45
50724283,,,0.541133,0.545438,3205.0,9.419724196659462,15.6755,45
11292537,,,0.536748,0.540629,3226.0,5.0,16.478,45
229305068,,,1.03,1.29267,5768.0,32.35936569296281,15.21,45
115369093,,,1.11,3.46574,6004.0,12.30268770812381,14.5163,45
120548183,,,0.434886,0.439167,3210.0,25.0,15.9262,45
11360509,,,0.512,1.03922,3608.0,9.851777809761664,14.5809,45
427353221,,,0.621117,0.642029,3167.0,6.654025883753202,15.3514,45
264682257,,,0.661699,0.697482,3357.0,8.501510699191737,14.8216,45
1766077548,,,1.09,2.25577,5942.0,43.65158322401656,15.4611,45
124015381,,,0.541371,0.5457,3303.0,25.0,15.2123,45
368946299,,,0.667,1.40438,4265.0,7.585775750291836,15.873,45
385887206,,,0.548,0.84791,3699.0,7.585775750291836,15.4473,45
178371082,,,0.87,0.876779,5137.0,34.673685045253166,13.9981,45
427395704,,,0.553926,0.559734,3907.0,9.790704008468133,16.6707,45
214586768,0.013528578716557643,0.01453145392602795,1.07,3.30601,5894.0,21.379620895022324,15.6833,45
173083417,,,0.58,0.595099,3815.0,32.35936569296281,15.4932,45
436099421,,,0.521414,0.524155,3538.0,11.572982300511969,15.8784,45
177853588,,,1.36,1.75008,6561.0,34.673685045253166,11.4773,45
457249674,,,0.465553,0.467995,3128.0,9.14473689402743,16.4352,45
144619218,0.009910874058436114,0.010647298023617528,0.51304,0.515371,3303.0,22.387211385683376,15.6841,45
156143809,0.006522840154091995,0.005772233257732242,0.52,1.14837,3621.0,7.589929127090446,14.3655,45
11285963,,,1.24,1.38697,6311.27,14.51198045602576,12.4714,45
276661121,,,0.630807,0.654928,3159.0,12.0189915571592,15.7769,45
50524314,,,0.355999,0.368895,3071.0,14.035082638490866,17.6971,45
357138650,,,0.62,1.2108,3997.0,7.585775750291836,14.723,45
220323154,0.005615885748733495,0.005095566681467392,0.67,1.23389,4302.0,2.5118864315095824,14.6064,45
178161536,,,0.851,0.84108,5083.0,34.673685045253166,14.0155,45
264624119,0.003965213714950062,0.003348499739688933,0.58,1.12434,3803.58,7.725738008180626,13.759,45
276661450,,,0.83,1.5452,5013.0,7.364847261100714,12.037,45
11300149,,,0.542034,0.546432,3210.0,13.312532065023332,15.8698,45
177408966,,,1.42,1.88925,6702.0,30.90295432513592,15.6059,45
220338790,,,0.63,1.23261,4035.0,2.5118864315095824,14.9939,45
397651058,,,0.9,1.72275,5261.0,19.952623149688787,15.8357,45
276661529,,,0.587064,0.598745,3083.0,11.17137105772298,16.0251,45
50747698,,,0.57,0.903026,3778.0,4.897788193684466,15.2962,45
457250193,,,0.582817,0.593578,3298.0,5.526570369776231,15.2573,45
178166376,,,0.75,1.07759,4694.0,34.673685045253166,14.0655,45
11286292,,,0.494302,0.496215,3096.0,10.071088940083154,16.6625,45
185440933,,,0.87,1.43385,5166.0,15.13561248436207,14.8847,45
220051612,,,0.725,1.37336,4589.0,13.824922514843143,12.3821,45
114631147,,,1.04,1.40901,5808.0,41.68693834703355,15.9187,45
177271514,,,1.26,1.41396,6354.0,23.442288153199225,15.4414,45
115370853,,,1.19,2.25288,6200.0,15.13561248436207,15.6377,45
176236957,,,1.34,1.46845,6508.0,15.13561248436207,14.747,45
115698861,,,0.99,2.46915,5584.0,41.68693834703355,15.0781,45
427394204,,,0.652878,0.685143,4043.0,4.897788193684466,15.7486,45
360029543,,,0.982,1.64581,5566.0,7.585775750291836,12.1478,45
360061818,,,1.21,3.71056,6252.0,2.39883291901949,14.1244,45
50748881,,,0.37,1.15357,3347.0,10.602157313318555,14.987,45
118124549,,,0.95,1.26024,5452.0,29.51209226666384,15.948,45
443245993,,,0.354059,0.367208,3050.0,22.387211385683376,15.8111,45
181410533,,,1.05,1.52995,5834.0,45.70881896148752,15.7569,45
47366860,,,0.61,0.670597,3909.0,21.87761623949552,16.3173,45
264743781,,,1.23,2.2998,6277.95,9.636392773760573,11.1209,45
199823067,,,0.543706,0.548281,3132.0,6.432345026486466,16.1132,45
120834791,0.01639426407421218,0.021856962445922036,0.226759,0.255428,3279.0,35.481338923357534,16.5907,45
1631447821,,,1.1,1.51135,5975.0,41.68693834703355,16.2268,45
427375878,,,0.645266,0.674605,3198.0,13.7257344046641,15.2522,45
220055676,0.010618402632723505,0.002462132409785614,1.43,1.70997,6722.0,5.527346188396971,10.9037,45
1795155718,,,1.06,1.4005,5853.0,19.952623149688787,14.9602,45
358010099,,,0.320945,0.338527,3308.0,7.585775750291836,17.1798,45
433484768,,,0.89,1.63834,5237.0,13.80384264602884,15.1815,45
50795556,,,0.627547,0.65056,3271.0,13.883914144755789,15.6176,45
147842462,,,1.069,1.08537,5892.0,35.481338923357534,11.267,45
200514491,,,0.65,1.22128,4125.0,7.4841207938189855,13.7362,45
426184800,,,0.99,1.52416,5595.0,5.774534781192575,11.7642,45
427399767,,,0.607238,0.623992,3363.0,8.166019751761564,15.3881,45
11414150,,,0.52,0.919802,3624.0,7.456820090805327,15.0755,45
388918068,,,0.40413,0.411257,3143.0,6.065489408682625,17.2551,45
231188100,,,1.26,1.57226,6346.0,2.5118864315095824,13.7234,45
716169250,,,0.52,1.0259,3624.0,4.897788193684466,14.8127,45
391856962,,,1.12,3.42603,6036.0,42.65795188015926,14.9566,45
426186402,,,0.35,1.12843,3323.0,9.763523145176343,15.4343,45
457248813,,,0.447967,0.451323,3763.0,4.897788193684466,16.0299,45
18890799,,,0.66,0.906641,4238.0,21.87761623949552,14.7866,45
42830971,,,0.583909,0.594902,3303.0,22.387211385683376,15.1139,45
50727164,,,0.652912,0.68519,3238.0,13.152407893234416,15.3596,45
143216833,,,0.84,1.10115,5043.0,8.51138038202376,15.0409,45
368544132,0.0038922434435773767,0.0004356749004544734,1.16,4.66224,6141.0,7.585775750291836,9.332,45
50720389,,,0.650133,0.68133,3400.0,12.77059634144271,14.7426,45
427349117,,,0.611934,0.630034,3195.0,11.460491265901846,15.743,45
50524788,,,0.476894,0.478973,3146.0,9.0,16.1238,45
343840358,,,0.641125,0.668921,3390.0,14.265498798470048,15.5448,45
294432283,,,0.683,0.61101,4366.0,46.77351412871982,15.6945,45
115493631,,,1.12,1.56671,6044.0,12.30268770812381,15.0624,45
32671190,,,0.347317,0.361356,3116.0,25.0,16.4735,45
220339115,,,0.61,1.07292,3947.0,2.5118864315095824,15.3956,45
138855875,,,0.71,1.22969,4514.0,11.356035214501558,12.6492,45
220291085,,,1.42,1.53802,6704.0,2.5118864315095824,14.6582,45
50793457,,,0.56518,0.572651,3181.0,11.876266841545831,16.3064,45
220066951,,,0.554459,0.560338,3209.0,9.179231047156849,15.5769,45
427352698,,,0.624895,0.647029,3263.0,12.162374771237214,15.3395,45
432544530,,,1.14,1.28557,6081.0,20.417379446695275,16.0572,45
124945299,,,0.48538,0.487315,3289.0,35.481338923357534,15.3981,45
1650208461,,,0.98,1.82141,5564.0,43.65158322401656,15.3282,45
176799927,0.01078478987715607,0.011226179195978509,1.24,2.45118,6314.0,9.332543007969903,15.5232,45
398066215,,,0.46,1.01353,3497.0,21.87761623949552,15.9681,45
50527683,,,0.444477,0.44806,3063.0,8.314820791296448,15.7245,45
427351213,,,0.60502,0.62116,3275.0,6.351350895629253,15.4516,45
50792932,,,1.41,3.03198,6672.85,12.617065194784333,10.2558,45
50656379,,,0.54,0.994049,3681.0,11.59657608210755,14.5237,45
120748803,,,0.506049,0.508147,3028.0,22.387211385683376,15.6942,45
459990227,,,0.471907,0.474122,3728.0,4.897788193684466,16.3443,45
264541547,,,0.381503,0.391192,2999.0,9.77309171433926,16.8262,45
11401664,,,1.31,2.71864,6459.08,13.509094678592373,12.3864,45
220282364,,,0.67,1.31725,4294.0,2.5118864315095824,14.7558,45
427396708,,,0.462863,0.465418,4092.0,9.382537948085652,17.19,45
377552320,,,1.04,1.69784,5784.0,15.848931924611142,15.9504,45
177325260,,,1.44,1.57738,6746.0,23.442288153199225,15.5842,45
11293116,,,0.992,0.849412,5608.0,5.682921989903475,12.5489,45
220201926,,,1.24,1.43349,6300.0,32.35936569296281,14.9851,45
388851022,,,1.3,1.00904,6436.0,13.499988746347771,14.7483,45
300827869,,,1.02,1.21333,5736.0,44.668359215096345,16.1917,45
464837769,,,0.668598,0.707208,3432.0,13.17863155640996,14.6346,45
220073207,,,0.635431,0.661168,3239.0,11.400626247995504,15.4013,45
50792931,,,0.600817,0.615831,3147.0,9.825761496668198,15.5504,45
264741070,,,1.4,1.25164,6644.0,6.296202483804755,10.9714,45
11401929,,,0.586069,0.59753,3185.0,7.807208235754749,15.6547,45
282908946,,,0.539155,0.543263,3275.0,25.0,15.1973,45
120452188,,,0.460521,0.463183,3255.0,35.481338923357534,15.8177,45
276661582,,,0.633721,0.658854,3243.0,12.08677480920178,15.1024,45
50794025,,,0.59,0.986804,3849.0,13.42102424283376,14.6365,45
177323650,,,0.89,1.40678,5216.0,47.863009232263806,15.5098,45
144732523,,,1.22,3.22707,6275.0,9.103274273076146,14.9071,45
11454670,,,0.579714,0.589833,3818.0,5.0,14.9756,45
457249147,,,0.55,1.00523,3702.0,11.436429625784688,14.2191,45
388918159,,,0.416934,0.422774,2906.0,10.791976740672473,16.9636,45
201368669,,,0.53,0.954787,3658.0,9.774108371760382,15.1114,45
225870146,,,0.84,1.3891,5052.0,6.606934480075965,14.3834,45
332856838,,,0.82,0.974651,4984.0,11.416886671643006,14.8772,45
264543355,,,1.44,1.68953,6751.0,5.023297517205294,11.7252,45
464840383,,,0.332738,0.348729,2969.0,11.198758829174515,17.2058,45
302830646,,,0.528,1.07338,3645.0,13.608130626489109,14.4031,45
178373296,,,1.0,0.955732,5638.0,34.673685045253166,13.656,45
177520278,,,0.98,1.43548,5541.0,23.442288153199225,15.671,45
432890324,,,0.96,1.85742,5466.0,20.417379446695275,15.6867,45
385304342,,,0.58,0.985832,3817.0,7.585775750291836,14.9096,45
134086686,,,0.81,1.05303,4931.0,5.754399373371567,14.8583,45
427352983,,,1.0,1.01445,5657.0,9.326187984780423,14.0623,45
18581635,,,0.72,1.36167,4545.0,21.87761623949552,13.3533,45
129341802,,,0.95,1.19627,5462.0,28.84031503126605,14.4683,45
178161768,,,0.92,0.902376,5322.0,34.673685045253166,13.6763,45
332732723,0.12644517217535176,0.1311451524877562,1.15,3.10806,6100.0,14.45439770745928,15.504,45
11362406,,,0.580926,0.591293,2995.0,13.761807386267296,16.0133,45
44860400,0.002363029159843809,0.001932111459698391,0.94,1.99305,5389.0,5.754399373371567,13.5189,45
302761631,,,0.693,1.38566,4426.0,4.897788193684466,12.8973,45
4159833,,,1.34,2.57019,6526.76,12.886303814194418,11.3438,45
217831973,,,1.47,2.80988,6816.0,35.481338923357534,15.5393,45
201368251,,,0.9,1.76064,5254.71,8.903306397299687,11.3662,45
184632579,,,0.96,1.87699,5473.0,4.073802778041131,14.357,45
220322561,,,0.63,1.2844,4056.0,2.5118864315095824,15.2784,45
43638828,,,1.26,1.3857,6353.0,5.754399373371567,13.1036,45
443757274,,,0.91,0.821959,5282.0,4.897788193684466,13.846,45
118122696,,,0.97,1.70883,5528.0,7.585775750291836,15.6702,45
225694291,,,1.09,2.21044,5952.0,6.918309709189363,16.041,45
443284403,,,1.0,1.25421,5648.0,14.125375446227554,15.6518,45
388935526,,,0.642051,0.670188,3353.0,13.445590526667043,15.051,45
117474557,,,1.41,2.33898,6670.0,36.3078054770101,15.113,45
11200233,,,0.311991,0.330778,3101.0,9.365850257438083,16.3156,45
180150222,,,1.02,1.71298,5712.0,45.70881896148752,15.9422,45
215238701,,,0.92,1.68427,5343.0,15.848931924611142,16.0258,45
427453753,,,0.520148,0.522817,3091.0,6.635967148833071,16.1287,45
176236886,,,1.27,2.08261,6369.0,15.13561248436207,13.4863,45
50528122,,,0.47616,0.478256,3456.0,12.52351762817304,14.7789,45
391865368,,,1.46,1.83364,6802.0,16.98243652461746,13.3411,45
162194500,,,1.02,3.39744,5737.0,22.387211385683376,14.9012,45
133826354,,,0.51,0.885216,3613.0,5.754399373371567,15.9774,45
427352422,,,0.62,1.17564,3952.0,10.910105209268494,14.7662,45
457250903,,,0.461082,0.463718,3014.0,9.0,16.3337,45
176700587,,,1.03,2.18854,5748.0,15.13561248436207,14.5687,45
185388221,0.0045644234594275305,0.0028966310228968947,0.92,2.21956,5321.0,6.606934480075965,13.0164,45
264541380,,,0.508966,0.51115,3072.0,14.60148461635216,16.2958,45
50619271,,,1.36,1.31464,6566.0,13.460431543819196,10.7439,45
436248330,,,1.12,1.26151,6038.0,4.897788193684466,13.3284,45
50529082,,,0.57,1.22346,3771.0,8.205136995795367,14.2055,45
79381903,,,0.61,1.16149,3923.0,25.118864315095824,15.2876,45
360079305,,,1.41,2.06073,6679.0,15.848931924611142,14.3318,45
457249855,,,0.582467,0.593154,3385.0,9.948409505710211,15.2933,45
4355684,,,0.485921,0.487851,3191.0,8.051112505657112,16.239,45
167962205,,,1.38,1.57291,6595.0,23.988329190194897,13.9312,45
391187339,,,0.77,1.33955,4770.0,42.65795188015926,14.8897,45
50723503,,,0.643636,0.672362,3260.0,8.415283481025638,15.6238,45
359953927,,,1.41,2.87571,6678.0,25.118864315095824,16.2662,45
177987792,,,0.658815,0.693434,3499.0,34.673685045253166,15.7322,45
432765243,,,1.03,1.99522,5739.0,20.417379446695275,15.4239,45
464838025,,,0.444,0.872908,3473.0,11.17507662386282,14.7278,45
427377099,,,0.99,2.42945,5601.0,8.949555609564813,10.3406,45
50791834,,,0.7,0.931951,4461.0,14.638437262782071,13.7944,45
123732816,,,0.447311,0.450709,3201.0,22.387211385683376,16.2265,45
427349213,,,0.631848,0.656328,3300.0,11.749761606697668,15.0023,45
220322680,,,0.42,1.20524,3429.86,2.5118864315095824,16.1553,45
50747568,,,0.57,0.794679,3752.0,14.655103967940402,16.9228,45
432345470,,,1.03,3.1611,5746.0,47.863009232263806,14.4225,45
427334274,,,0.654411,0.687279,3441.0,5.570125539039087,16.7692,45
427399528,,,0.59,0.856532,3855.0,13.75277414563726,14.6101,45
50792473,,,0.71,0.496559,4539.0,2.0,14.8408,45
225591388,,,0.856,1.09808,5099.0,32.35936569296281,14.466,45
427397186,,,0.7,1.26718,4480.0,5.039594354238391,14.4301,45
177411063,,,0.95,1.85217,5426.0,47.863009232263806,15.25,45
436100692,,,0.61,1.07872,3936.0,14.0,14.2135,45
276661944,,,0.57,0.833357,3781.0,6.844898478153965,14.9557,45
464840070,,,0.41303,0.419248,3040.0,7.141986491311063,16.3994,45
144697174,,,0.592,1.24536,3847.0,8.643777549153047,13.9923,45
177519995,,,1.26,2.18013,6349.0,23.442288153199225,15.4188,45
11361466,,,0.56,1.25983,3733.0,5.220642515820073,14.2678,45
391375476,,,0.92,1.49419,5338.0,42.65795188015926,15.6173,45
4356562,,,0.634794,0.660304,3294.0,9.86408428455498,15.1377,45
116967252,,,1.14,1.95253,6073.0,45.70881896148752,15.4625,45
713045528,,,0.63,0.560359,4022.0,12.48284774415346,18.575,45
177988629,,,0.79,0.709307,4865.0,34.673685045253166,14.5775,45
199757908,,,0.240198,0.267651,3035.0,14.085014909463316,17.058,45
131660446,,,0.83,1.58202,5013.0,28.84031503126605,15.0301,45
427334425,,,0.81,1.27389,4933.0,8.70726860542827,14.1247,45
4256557,,,0.655575,0.688903,3394.0,13.890722558600268,15.1842,45
50625131,,,0.53,0.97053,3662.0,8.244180134030898,14.564,45
264459955,,,0.489084,0.490994,3285.0,7.816367973016155,16.1083,45
359321806,,,0.602991,0.618581,3179.0,7.585775750291836,16.1361,45
432884714,,,0.87,0.960319,5152.0,15.13561248436207,15.6661,45
115703370,,,1.17,1.61251,6162.0,41.68693834703355,15.1323,45
11360678,0.004039612553518757,0.0034500117044395226,0.63,1.30677,4015.0,6.3107068460743445,13.9323,45
119749889,,,0.627503,0.650502,3580.0,35.481338923357534,14.3594,45
359322856,,,0.62,1.19828,3998.0,7.585775750291836,14.7032,45
156240482,,,1.17,1.43328,6154.89,22.387211385683376,10.9435,45
276664092,,,0.88,1.19132,5172.0,3.0,15.1795,45
176637773,,,1.03,1.7132,5743.0,20.417379446695275,15.4301,45
436155592,,,0.630845,0.654979,3109.0,11.5884561895369,15.6509,45
427393515,,,0.543188,0.547708,3193.0,5.386265557534502,16.1015,45
4249909,,,0.48,0.914955,3534.0,5.211961584120224,15.0379,45
182058243,,,1.22,1.68008,6267.0,45.70881896148752,15.0526,45
11296232,,,0.665326,0.702588,3897.0,13.618094356285438,15.0506,45
119631399,,,0.556231,0.562353,3112.0,35.481338923357534,15.4314,45
11360876,,,0.57,1.27995,3771.0,10.743201828547884,14.8078,45
151456376,0.009743159748713866,0.010274686735323191,1.07,1.40977,5898.0,23.442288153199225,15.5909,45
220111337,,,1.16,1.12374,6128.0,32.35936569296281,15.3781,45
220043762,,,0.637384,0.663818,3054.0,11.264867021931462,15.849,45
427452592,,,0.54,0.893119,3672.0,7.200399333539032,15.3428,45
264484308,,,1.11,2.63477,6014.0,7.331804222392288,11.94,45
287840275,,,0.6,1.16343,3890.0,13.945408617423642,13.7309,45
178158337,,,0.61,0.841493,3937.0,34.673685045253166,15.244,45
37245410,,,0.490816,0.492721,3149.0,22.387211385683376,14.9582,45
1660555366,,,1.45,3.25985,6768.0,35.481338923357534,14.5352,45
436014667,,,0.574799,0.583958,3239.0,10.09109316709188,15.9896,45
355512870,,,0.88,1.62163,5191.0,26.915348039269137,15.432,45
436014758,,,0.497666,0.499606,3139.0,6.748747861010412,16.2171,45
1850542564,,,1.42,1.15211,6695.0,42.65795188015926,16.2827,45
11355545,,,1.25,1.54657,6328.0,6.770040976297597,9.92935,45
391779334,,,1.08,1.23985,5931.0,42.65795188015926,14.3634,45
244514416,,,1.04,1.75411,5797.0,23.988329190194897,15.8754,45
243728796,,,1.18,1.90712,6175.0,29.51209226666384,15.5788,45
50721127,,,0.460892,0.463537,3570.0,32.35936569296281,14.4069,45
264484752,,,0.400463,0.407983,3160.0,6.872101897376667,16.7336,45
138859325,,,0.99,1.85921,5614.6,8.53628154622398,12.5949,45
345773770,,,1.17,1.01686,6160.13,4.897788193684466,13.5391,45
138827210,,,0.622766,0.644205,2975.0,5.163061730893171,15.9848,45
114632005,,,1.05,1.55369,5817.0,15.848931924611142,15.2741,45
50589385,,,0.662839,0.699086,3366.0,10.434149534702064,14.9888,45
11287833,,,0.627552,0.650568,2990.0,10.856299177410069,15.5012,45
276663972,,,0.52,0.991016,3638.0,11.193232941678636,14.5564,45
72211317,,,1.04,1.13923,5783.0,8.51138038202376,13.4902,45
714657982,,,0.89,1.04392,5221.0,26.915348039269137,15.176,45
264461968,,,0.548483,0.553602,3283.0,7.509897265072977,15.687,45
125505707,,,1.49,1.7885,6873.0,23.442288153199225,14.5327,45
144666385,,,0.45,1.0598,3480.0,5.320845255729662,14.8806,45
49309191,,,0.663533,0.700062,3367.0,32.35936569296281,15.0864,45
427396022,,,0.470473,0.472735,3389.0,11.32452942919688,16.2405,45
71925001,,,0.805,1.06502,4912.03,5.264181065184955,11.5935,45
432454584,0.010504674819015125,0.010483644052525672,1.0,1.5248,5656.0,20.417379446695275,15.2877,45
50663270,,,0.9,1.2111,5261.0,10.432112048303058,15.3641,45
427454299,,,0.93,1.69675,5386.0,11.428622010932688,15.8802,45
457249616,,,0.454072,0.457066,3138.0,13.01055595940543,15.9646,45
427395711,,,1.01,1.06301,5686.0,12.50637127759292,14.5462,45
427399850,,,0.522069,0.524848,3293.0,7.063381324782768,16.2189,45
178060402,,,0.71,0.704865,4521.0,34.673685045253166,14.8906,45
229346006,,,0.89,0.831618,5214.0,32.35936569296281,15.9688,45
50655927,,,0.62,1.17613,3980.0,13.206705197903354,13.6465,45
1615453438,,,0.67,0.9141,4309.0,15.13561248436207,16.1902,45
177984872,,,1.015,0.832009,5700.0,34.673685045253166,13.7933,45
457250513,,,0.596857,0.610856,3324.0,11.491834939841112,15.8108,45
385885086,0.011506857097032626,0.012280601255142489,0.594445,0.607848,3275.0,7.585775750291836,15.6514,45
388935064,,,0.481537,0.483523,2899.0,10.163568323108636,16.4935,45
427455033,,,0.559823,0.566461,3000.0,11.82318990382393,16.177,45
264621813,,,0.429729,0.434425,3053.0,8.659558803578848,16.6138,45
264680487,,,0.612881,0.631262,3145.0,13.296066040420593,15.3591,45
332856370,,,0.380425,0.390244,3223.0,13.212315283204164,17.6872,45
264630308,,,0.635945,0.661864,3356.0,5.669787147764822,14.936,45
199820295,,,0.632623,0.657372,3386.0,11.076619435800206,15.3287,45
50722398,,,0.64,1.22346,4115.0,13.013098661335537,13.4686,45
147426997,,,1.334,1.19622,6505.0,34.673685045253166,12.3015,45
432728461,,,1.02,1.28927,5722.0,47.863009232263806,15.7365,45
144777335,,,1.07,2.33064,5898.0,4.897788193684466,14.2472,45
185204388,,,1.42,1.21194,6688.0,15.13561248436207,15.4458,45
279583023,,,0.963,1.30628,5493.0,4.897788193684466,11.2955,45
427399997,,,0.592244,0.605117,3532.0,10.642399709545051,15.9232,45
116467092,,,0.71,1.40556,4523.0,15.13561248436207,15.9315,45
427348352,,,0.62,0.888496,3987.0,13.226370245219924,14.0315,45
50898976,,,0.637036,0.663345,3445.0,5.112100833780739,15.1676,45
356571168,,,0.64,1.02146,4112.0,7.585775750291836,15.2064,45
427377390,,,1.17,1.93134,6149.72,6.552831760987084,10.9113,45
436155842,,,0.58946,0.601683,3096.0,13.98446792381004,16.1772,45
50793424,,,1.02,2.6026,5731.0,9.701840858168088,13.9487,45
43632840,,,0.563273,0.570439,3161.0,5.754399373371567,16.271,45
427334485,,,1.09,1.13889,5967.0,5.949999247641832,13.6898,45
294120399,,,0.81,0.855853,4917.0,46.77351412871982,14.8612,45
118377516,,,1.16,1.80831,6143.0,7.585775750291836,13.6386,45
11296992,,,0.61,1.14488,3933.0,8.226715690305937,13.7791,45
177119597,,,1.41,2.77618,6679.0,30.90295432513592,14.7855,45
177985088,,,1.0,1.22223,5622.0,23.442288153199225,16.1219,45
433167917,,,1.01,1.57678,5688.0,30.90295432513592,14.8869,45
50656944,,,0.459572,0.462279,3027.0,11.173651808559493,15.9354,45
457231006,,,1.15,0.993565,6113.0,13.00151362387177,14.1834,45
427397152,,,0.607311,0.624087,3279.0,11.867044812795353,15.34,45
50793242,,,0.590914,0.603474,3217.0,5.9844604059017525,15.9576,45
11401618,,,0.646132,0.675798,3302.0,7.244496254549628,15.0482,45
79541397,,,0.64,0.975745,4107.0,25.118864315095824,15.5862,45
459990482,,,0.595008,0.608549,3145.0,7.949079643896723,15.4995,45
177012128,,,1.03,0.961866,5774.0,47.863009232263806,14.1879,45
457232118,,,0.46,1.05192,3502.0,6.0,14.3501,45
427393030,,,0.75,1.38119,4681.0,12.1462613476046,12.6396,45
17735548,,,1.184,1.32315,6187.0,21.87761623949552,12.2269,45
11195462,,,0.521,0.968906,3628.39,9.685103863040585,14.527,45
229294824,,,0.91,0.641104,5280.0,32.35936569296281,16.3555,45
11198643,,,0.570776,0.579198,3006.0,11.340950283614356,16.1589,45
42760994,,,0.320575,0.338207,3179.0,22.387211385683376,16.7114,45
4257013,,,1.29,1.40612,6420.54,5.905646029611349,10.9304,45
4250037,,,0.555704,0.561752,3214.0,8.304885741507654,15.53,45
50525187,,,0.580944,0.591314,3510.0,5.0,15.3363,45
264682745,,,0.522046,0.524824,3170.0,8.302441674291833,15.8706,45
433213717,,,1.05,2.12575,5829.0,47.863009232263806,15.1073,45
138936532,,,0.634323,0.659667,3264.0,13.86583092399289,15.6588,45
284159822,,,1.36,1.59944,6557.17,8.25443996815859,11.0227,45
177279119,,,1.06,1.11564,5852.0,6.165950018614822,15.7602,45
50746283,,,0.59,0.93119,3839.0,6.558359722434869,14.5664,45
432981567,,,0.88,1.08773,5182.0,30.90295432513592,15.9817,45
433025750,0.0064877890987429165,0.006016907141633735,1.15,1.45718,6119.0,47.863009232263806,14.7895,45
11194938,,,0.636045,0.662,3275.0,5.22305168233974,15.1103,45
427458186,,,0.636523,0.662648,3031.0,6.414418481408298,15.7082,45
138940922,,,0.646399,0.676166,3346.0,4.897788193684466,15.7824,45
264593850,0.0028519317402331337,0.0020805038578661757,0.66,1.10246,4220.0,13.7590314812903,13.295,45
50725031,,,0.330927,0.347161,3059.0,5.381599426599951,17.2349,45
11289051,,,0.53,1.15373,3653.0,8.76380357704673,14.5679,45
61491350,,,0.223133,0.252097,2976.0,35.481338923357534,16.6284,45
200527286,,,0.652513,0.684636,3023.0,13.191972642847944,15.4612,45
186115643,,,1.02,1.21277,5737.0,47.863009232263806,15.696,45
457249525,,,0.49,1.04682,3561.0,10.795406658413274,14.6948,45
432856827,,,1.32,2.99163,6472.0,47.863009232263806,13.5786,45
151456149,,,1.07,1.66014,5887.0,23.442288153199225,15.2301,45
457230990,,,0.504813,0.506879,2926.0,5.0,16.4165,45
175880845,,,1.28,1.9134,6383.0,38.01893963205613,15.8725,45
200476529,,,0.452981,0.456036,3425.0,4.897788193684466,16.7191,45
427373598,,,0.83,1.27863,5012.0,12.455023607500824,14.7139,45
97807449,,,0.66,1.24946,4211.0,14.645006841007843,14.6299,45
199779751,,,0.653131,0.685495,3354.0,7.914853504961995,15.1313,45
294122422,,,0.595309,0.608924,3849.0,46.77351412871982,15.6494,45
172696739,,,0.398141,0.405914,3485.0,32.35936569296281,17.1171,45
427454745,,,0.36,0.449217,3339.0,4.897788193684466,16.5897,45
50725019,,,0.938,0.856404,5399.0,9.340250554897022,10.9439,45
18505894,,,0.92,0.864013,5321.0,21.87761623949552,13.8175,45
50746090,,,0.57,1.03095,3759.0,6.2434813921226295,14.2337,45
264740704,,,0.515697,0.518143,2991.0,13.918934686353456,16.9677,45
358254145,,,1.39,1.9508,6636.0,26.915348039269137,14.7885,45
427352317,,,0.524835,0.527785,3078.0,5.176985241980123,16.2344,45
264630136,,,0.51,0.849818,3612.0,6.849148658635833,14.5845,45
35490030,,,0.95,1.70906,5438.0,22.90867652767775,14.5588,45
340974875,0.015567244545770988,0.020793883731174898,0.52,0.977734,3621.0,19.05460717963248,16.5978,45
4160273,,,0.64,1.3199,4075.0,12.39904213338179,13.1392,45
427395799,,,0.557147,0.563397,3522.0,13.080022814387886,15.6401,45
427396147,,,0.546911,0.551845,3883.0,10.569504086774252,12.3665,45
264543137,,,0.449612,0.452866,3254.0,6.5323948177634605,16.5033,45
332970070,,,0.503302,0.505334,3403.0,6.58131762676164,15.3361,45
11296123,,,1.26,1.44323,6359.92,11.845982620275477,12.9464,45
427352469,,,0.507852,0.510001,3157.0,6.72693269761412,16.2304,45
156147838,,,0.629,0.85406,4022.0,22.387211385683376,12.9455,45
427378626,,,0.554866,0.5608,3013.0,6.023174288416556,15.8621,45
11193723,,,0.616165,0.635532,3351.0,9.10280608388272,15.3098,45
264682315,,,0.541,1.26754,3680.0,8.570354514577541,13.6623,45
202181140,,,1.01,1.24205,5676.0,2.5118864315095824,14.564,45
427333842,,,0.540553,0.544799,3316.0,8.568256849974858,17.0453,45
284200149,,,0.542585,0.547041,3129.0,11.70101577012773,16.1435,45
220082899,,,1.48,2.2795,6850.0,26.915348039269137,13.1013,45
323418995,,,0.52,0.950344,3620.0,10.686546144177278,14.7266,45
372158074,,,0.465236,0.46769,3140.0,7.585775750291836,16.4384,45
177451391,,,0.8,1.19327,4892.0,34.673685045253166,13.6262,45
457230873,,,0.432714,0.437166,3052.0,11.29109013490499,16.6188,45
168116613,,,0.603762,0.61956,3375.0,22.387211385683376,14.4712,45
177445889,,,1.41,1.81494,6662.0,23.442288153199225,15.8226,45
177325757,,,1.42,1.32311,6702.0,23.442288153199225,15.4928,45
427347526,,,0.613644,0.632251,3616.0,13.707243465675893,15.2973,45
220119757,,,1.33,1.67483,6501.0,32.35936569296281,16.0465,45
35583494,,,0.98,1.58287,5553.0,22.90867652767775,16.4953,45
11290789,,,1.25,1.48906,6336.71,9.627320232577974,12.7817,45
365692120,,,0.538,1.02313,3673.0,14.315486446552477,15.3817,45
388850416,,,0.551826,0.557359,3168.0,11.13004627796918,15.4646,45
323420243,,,0.61368,0.632297,2884.0,4.897788193684466,15.4696,45
177715026,,,0.89,1.32977,5223.0,23.442288153199225,16.2345,45
427454884,,,0.62097,0.641834,3192.0,6.780524991607139,15.3225,45
179342136,,,0.99,1.57684,5581.0,45.70881896148752,16.0961,45
124196429,,,1.04,0.997239,5790.0,34.673685045253166,13.0495,45
105918871,,,0.82,1.32102,4985.0,4.073802778041131,15.4136,45
427379707,,,0.660756,0.696158,3528.0,10.31772684569518,15.0111,45
178054139,,,0.62,0.813228,3968.0,34.673685045253166,14.9885,45
50584002,,,1.493,1.7372,6877.0,8.682292427144606,10.454,45
18065463,,,0.67,1.02841,4315.0,21.87761623949552,14.5244,45
50663352,,,0.58178,0.592323,2882.0,12.490241329300366,15.8763,45
200511751,,,0.53,0.998169,3648.0,6.248808900553375,14.6981,45
427373736,,,0.652787,0.685017,3582.0,5.000289327059352,15.6192,45
50583738,,,0.47,0.894065,3520.0,7.641769949477531,14.792,45
427453832,,,0.633365,0.658372,3242.0,6.305814891703721,15.5,45
186173657,,,0.75,1.30013,4684.0,6.606934480075965,15.048,45
427353279,,,0.388134,0.39704,3614.0,2.0,17.2908,45
207017184,,,0.55,1.04248,3695.0,19.05460717963248,15.6578,45
427450167,,,0.586211,0.597703,3273.0,13.373812697352813,15.8044,45
427349991,,,0.656276,0.689882,3299.0,12.630113268294092,14.953,45
177328456,,,0.529733,0.533027,3668.0,34.673685045253166,16.3708,45
50898054,,,0.636891,0.663148,3239.0,11.928265714049772,15.546,45
50793534,,,0.86,0.954228,5122.0,6.385818582628824,14.4654,45
427352581,,,0.64082,0.668503,3094.0,12.787220797439378,15.4716,45
427395609,,,0.66,1.30422,4226.0,5.072757766147241,15.0499,45
11196405,,,0.603894,0.619728,2922.0,14.584188358259372,15.5167,45
284283887,,,0.94,1.20638,5406.0,7.816446613198207,13.2385,45
343861576,,,0.51,0.828945,3597.0,11.778062778170955,15.2613,45
1651017911,,,1.15,2.88947,6111.0,40.7380277804113,15.5859,45
357277587,0.02026189819245096,0.026252816161797275,0.600511,0.615445,3148.0,7.585775750291836,16.4829,45
433171314,,,1.14,1.78521,6083.0,13.80384264602884,14.5631,45
388935000,,,0.68,1.22675,4321.0,5.403162251483331,14.3223,45
457250209,,,0.545666,0.550457,3359.0,20.0,15.5909,45
4288924,,,0.46,1.23629,3505.0,6.674705531205838,14.0145,45
427375787,,,0.42,1.16867,3438.0,10.740023954356133,14.8157,45
53594538,,,0.439701,0.443619,3381.0,34.673685045253166,16.3796,45
35238457,,,1.04,1.18917,5808.0,22.90867652767775,15.1937,45
50656364,,,0.6,0.940695,3890.0,10.706752431452886,14.5529,45
332856536,,,0.408947,0.415575,3621.0,4.897788193684466,16.1549,45
220193317,,,1.0,1.58925,5643.0,32.35936569296281,16.5873,45
264541268,,,0.57,0.977097,3770.0,14.096601300398236,14.1868,45
111353516,,,0.83,1.53782,5011.0,12.88249551693135,14.8825,45
19787381,,,1.11,1.20725,6021.0,21.87761623949552,13.0874,45
50897345,,,0.661308,0.696932,3172.0,9.85802405250474,15.7878,45
124327325,,,0.526783,0.529864,3220.0,25.0,15.2941,45
11294526,0.004349704893844778,0.003670480477449733,0.69,1.04728,4435.0,5.151512455015307,13.7468,45
302761954,,,0.564395,0.571739,3592.0,12.651997740809664,14.1907,45
427349791,,,0.637894,0.664512,3282.0,11.970572330790862,15.2924,45
383021737,,,1.02,1.17518,5718.0,21.87761623949552,12.9507,45
276662690,,,0.655815,0.689238,3225.0,7.346452177682816,15.353,45
177850913,,,0.808,0.701036,4922.0,34.673685045253166,14.4774,45
459991474,,,0.452833,0.455897,3322.0,11.040083557233611,16.5249,45
50742202,,,0.579956,0.590125,3309.0,11.98777148340593,15.3226,45
427458700,,,0.496317,0.498243,3358.0,10.562532548167455,16.43,45
427395496,,,0.611036,0.628875,4014.0,6.506394885698782,15.4107,45
50746527,0.008560785833450019,0.00867208729352815,0.608822,0.626023,3328.0,10.007603781142972,15.3743,45
50788414,,,0.54,0.881809,3679.0,5.237578583219485,15.0061,45
388917880,,,0.350999,0.364551,3038.0,6.0,17.2289,45
42905025,,,0.89,1.48912,5214.0,14.791083881682072,15.9932,45
427455210,,,0.67,1.03173,4260.0,12.212552531667647,14.3916,45
11199256,,,0.652314,0.684358,3019.0,7.326965761845647,14.8675,45
11200522,,,0.510315,0.512544,3019.0,8.552971679010303,16.1926,45
138827773,,,1.31,1.69211,6450.52,10.004975403544512,11.3393,45
426186622,,,0.57954,0.589624,2924.0,4.897788193684466,16.4594,45
449427361,,,0.524,0.861698,3637.0,10.163888467494218,14.5521,45
433384925,,,1.09,1.65172,5942.0,47.863009232263806,14.9274,45
435931473,,,0.58,1.00018,3789.0,13.013065350707429,14.5059,45
433139317,,,1.45,2.43734,6770.0,47.863009232263806,14.2805,45
125641408,,,0.94,2.38156,5402.0,6.165950018614822,13.6563,45
103855471,,,0.93,2.10571,5384.0,7.413102413009177,14.4403,45
436008509,,,0.569066,0.577189,3580.0,9.011312218474323,13.2426,45
264593896,,,0.449303,0.452576,3012.0,9.11514207898596,17.1618,45
1785480054,,,1.08,2.69508,5926.0,31.6227766016838,15.0028,45
264620206,,,0.464,0.837938,3508.0,14.048643219137858,14.7035,45
34511319,,,0.657317,0.691338,3319.0,9.276407119928749,14.995,45
217826001,,,1.46,1.52888,6806.0,35.481338923357534,15.8255,45
177926433,0.013157888501882351,0.015180967936758482,0.588075,0.599983,3409.0,34.673685045253166,16.0131,45
50746651,,,0.39,1.04175,3383.0,9.143922311578812,14.8955,45
50659370,,,0.544498,0.549159,3013.0,12.320549647590054,16.0546,45
177853701,,,1.36,1.18433,6551.0,34.673685045253166,12.4659,45
138858037,,,1.0,1.40272,5630.0,9.105932466008642,12.3075,45
284286335,,,0.493316,0.495225,3267.0,22.387211385683376,15.6988,45
427396019,,,0.79,1.04414,4837.0,7.888752058097913,14.8547,45
120749363,,,0.8,0.761622,4904.0,34.673685045253166,14.5015,45
119684096,,,0.93,0.884961,5368.0,35.481338923357534,12.4028,45
427453539,0.009930592416148163,0.00923191008111366,0.57,0.994221,3758.0,9.796709866275664,14.8083,45
11355274,,,0.62,0.976856,3994.0,4.897788193684466,14.6778,45
78377979,,,0.546317,0.551182,3251.0,32.35936569296281,16.029,45
427379606,,,0.649684,0.680708,3439.0,8.235638531028213,15.2597,45
4295370,,,0.540644,0.5449,3223.0,12.5914376098642,15.7625,45
146221090,0.008986426708995599,0.008962398635911596,0.79,0.826548,4858.0,5.754399373371567,15.2837,45
220137088,,,1.13,2.28863,6056.0,32.35936569296281,15.6934,45
42889107,,,0.49333,0.495238,3325.0,22.387211385683376,15.7707,45
207019714,,,1.18,1.32104,6175.0,35.481338923357534,14.8308,45
284199945,,,0.655141,0.688297,3482.0,13.236779830121916,15.7144,45
11196096,,,1.03,1.27035,5760.53,8.985992011338077,12.997,45
427396574,,,1.29,1.0329,6416.0,13.762567726139004,13.4884,45
264630339,,,0.568147,0.576113,3235.0,7.860079008012489,15.5069,45
391275688,,,1.09,3.35736,5949.0,20.417379446695275,14.6966,45
43077336,,,0.826,0.955981,4990.0,22.387211385683376,12.6322,45
116580409,,,1.35,4.74373,6537.0,41.68693834703355,13.5406,45
177270399,,,1.22,1.55204,6271.0,30.90295432513592,15.8782,45
177854063,,,1.41,1.13015,6666.0,34.673685045253166,12.473,45
264588484,,,0.69,1.10603,4390.0,5.76082879189033,13.0461,45
120168902,,,0.51656,0.519046,3325.0,35.481338923357534,15.2938,45
50790095,,,0.99,0.776316,5609.0,13.111561781557072,14.9125,45
432322195,,,1.12,1.3959,6041.0,20.417379446695275,14.5106,45
436160901,0.012014976541193512,0.011684943772917218,0.43,0.872742,3442.0,14.764513724492726,15.1277,45
179839157,,,1.25,1.62237,6325.0,45.70881896148752,15.9516,45
264461032,,,0.56,1.14786,3724.0,7.815683973385544,14.3789,45
103593322,,,0.94,2.00564,5394.0,4.073802778041131,13.8092,45
115700948,,,0.94,2.00179,5407.0,41.68693834703355,15.8094,45
427451505,,,0.61,0.902973,3930.0,5.639710795058907,14.6706,45
427395847,0.015705825360974077,0.01825364265824744,0.534822,0.538531,3351.0,9.028232615708962,16.0447,45
436012258,,,0.604286,0.620226,3131.0,9.195400671828496,15.4373,45
269118304,0.03448268429067918,0.040946641152972585,0.624316,0.64626,3263.0,12.700235973254902,16.1357,45
177715631,,,1.47,1.32844,6813.0,34.673685045253166,11.7425,45
284157532,,,0.55,1.10349,3702.0,11.234190141400052,14.6083,45
443757009,,,0.69,1.01392,4384.0,8.099384971298294,10.3893,45
11201981,,,0.3529,0.366202,3307.0,4.897788193684466,16.4486,45
138938270,,,0.590141,0.602521,3248.0,9.50040768314922,16.0046,45
50794189,,,0.589243,0.601416,3228.0,6.013746505283776,15.8407,45
177132535,,,1.17,1.87906,6166.0,23.442288153199225,15.6664,45
119233792,,,0.413736,0.419885,3094.0,22.387211385683376,15.5863,45
4378938,,,0.51,0.907829,3612.0,6.592820736296767,14.8177,45
217823739,,,1.39,2.37447,6628.0,35.481338923357534,15.4202,45
178671031,,,1.49,1.4244,6877.0,34.673685045253166,12.2391,45
201369141,,,0.6,0.653117,3875.0,4.897788193684466,15.2092,45
176707078,,,1.36,2.15954,6553.0,9.332543007969903,15.4849,45
116710258,,,1.09,1.25981,5965.0,41.68693834703355,15.41,45
1773708194,,,0.63,1.31222,4024.0,6.606934480075965,15.5698,45
50529252,,,1.21,1.49694,6238.0,11.429584097667158,10.9025,45
148300547,,,1.022,1.016,5726.0,34.673685045253166,13.4702,45
177203893,,,1.18,1.3867,6188.0,23.442288153199225,16.0213,45
180148250,,,1.0,1.83731,5647.0,45.70881896148752,16.2726,45
50658460,,,0.63118,0.655429,3321.0,9.262853075290051,15.0803,45
201368759,,,0.58,1.07963,3788.0,10.633441897776196,14.6519,45
427453720,,,0.94,1.00277,5395.0,12.057608437883172,16.9443,45
61591254,,,0.48,0.67606,3548.0,34.673685045253166,16.7335,45
358722378,,,0.67,0.737995,4308.0,7.585775750291836,15.8075,45
457229280,,,0.630532,0.654559,3134.0,9.990087309140629,15.8195,45
282020511,,,1.3,1.35099,6434.0,36.3078054770101,14.8073,45
119304846,,,1.1,0.986091,5974.0,11.748975549395302,14.295,45
11411856,,,0.44,0.978308,3459.0,6.358351621306478,15.3304,45
264620505,,,0.468196,0.470536,3211.0,10.609315409691447,16.1305,45
50745001,,,0.637892,0.664509,3032.0,13.757737998792416,15.5847,45
204557673,,,1.16,1.59179,6123.0,43.65158322401656,15.5317,45
36546240,,,0.403,0.594973,3405.0,22.387211385683376,15.3149,45
220118483,,,0.79,1.26451,4867.0,32.35936569296281,15.4166,45
200642325,,,0.526801,0.529884,3213.0,22.387211385683376,15.4308,45
427350401,0.003375921493227908,0.0018172103004723118,0.85,1.25595,5095.0,14.83240531643364,12.6812,45
284999185,,,0.56158,0.568483,3010.0,4.897788193684466,16.0378,45
427460253,,,0.619743,0.640219,3251.0,5.680799328865388,15.3128,45
50525048,,,0.6,0.803004,3898.0,11.295445104898686,14.3111,45
138899426,,,0.44,1.22863,3473.0,8.256194474466486,14.0872,45
220290345,,,0.43,0.999146,3455.0,2.5118864315095824,16.2602,45
156144378,,,0.586019,0.597469,3250.0,8.944713568335123,13.8131,45
433174604,,,0.94,2.4009,5415.0,47.863009232263806,14.7811,45
351726376,,,1.28,1.83874,6402.0,42.65795188015926,15.0692,45
213534980,,,1.39,2.05794,6631.0,15.848931924611142,15.3588,45
427374522,,,1.09,2.03956,5944.0,12.821824833002829,12.0243,45
201368881,,,0.57315,0.582002,3010.0,12.28056812980783,15.7091,45
11201571,,,0.627125,0.649998,2952.0,9.693991723086288,16.1224,45
433177445,,,0.91,1.77526,5309.0,13.80384264602884,14.5568,45
220290030,,,0.53,0.990159,3641.0,2.5118864315095824,16.0301,45
220338773,,,1.17,1.62533,6163.0,2.5118864315095824,12.9235,45
264483067,,,1.341,1.1237,6519.78,5.0,10.4223,45
264483908,,,0.513959,0.516329,3133.0,6.424380980405155,15.9253,45
1850007880,0.007285434269994967,0.007076792206140114,1.46,1.89192,6806.0,42.65795188015926,15.1199,45
201368714,,,0.44,1.09474,3470.0,14.9809772949105,15.0321,45
427397504,,,0.64,1.29814,4071.0,5.596211406486881,13.5365,45
427347377,,,0.600339,0.615228,3167.0,5.974343623173399,16.1363,45
43011068,,,0.64,1.05681,4112.0,5.754399373371567,14.8544,45
427458570,,,1.3,1.73245,6425.92,8.032676848736454,10.6626,45
50792655,,,0.60638,0.622895,3715.0,10.69311245870562,14.5607,45
177099485,,,1.29,1.82957,6422.0,9.332543007969903,14.7818,45
359320714,,,0.62,1.05973,3999.0,7.585775750291836,14.8369,45
427376407,,,0.576344,0.585798,3134.0,14.19764109537274,15.5594,45
50727661,,,0.596258,0.610107,3365.0,10.67020486289639,15.4989,45
264682209,,,0.89,1.35755,5208.0,14.601357232828532,11.7726,45
207044393,,,0.6,1.12296,3872.0,2.5118864315095824,15.3078,45
177131281,,,0.92,1.39771,5322.0,23.442288153199225,16.0085,45
269117664,,,0.64505,0.674307,3412.0,12.875227952092969,14.7435,45
276664229,,,0.58,1.02265,3792.0,6.957917308926231,14.7578,45
11290792,,,0.65,0.651906,4149.0,11.929981805597835,17.2895,45
144776247,,,0.588676,0.600721,3159.0,7.908950981789287,15.6744,45
264631409,,,0.547349,0.552334,3087.0,13.87260856616393,15.9147,45
276663881,,,1.48,1.54064,6856.0,13.17345060846718,10.7191,45
220073028,,,0.96,1.09418,5465.0,5.0,12.3235,45
50724742,,,0.489466,0.491374,2991.0,5.293315179652569,15.9715,45
151468034,,,0.84,0.845555,5034.0,46.77351412871982,14.897,45
432434380,,,1.05,1.40298,5826.0,43.65158322401656,15.4311,45
151065565,,,0.73,0.873648,4629.0,46.77351412871982,15.3083,45
138941393,,,0.437,1.19067,3460.0,5.813409822148866,14.1663,45
120390562,,,0.439914,0.443817,3188.0,25.0,15.8569,45
281718737,,,0.518855,0.521456,3249.0,25.0,15.3846,45
4207063,,,1.12,2.43237,6034.1,7.167151007935817,10.6228,45
42889061,,,1.028,1.14171,5749.0,22.387211385683376,11.692,45
134087566,,,1.29,2.2845,6416.0,5.754399373371567,12.1441,45
72098116,0.006960088048160514,0.002503053529478342,1.43,2.76243,6710.13,8.51138038202376,11.8395,45
130105723,,,0.9,1.1174,5256.0,28.84031503126605,15.4763,45
177927157,,,0.66,0.990235,4194.0,34.673685045253166,14.7836,45
436248361,,,1.24,4.20451,6299.0,13.165455907499984,7.9055,45
264485922,,,0.267902,0.29234,3102.0,6.060953096792843,17.1811,45
11196651,,,0.447896,0.451257,2844.0,7.653457621957804,17.272,45
50722959,,,0.43476,0.439051,3020.0,14.019234766763574,16.35,45
401555114,,,0.98,1.95313,5577.0,42.65795188015926,15.8537,45
151406690,,,0.96,1.89459,5491.0,46.77351412871982,13.1901,45
427399108,,,0.625545,0.647893,3280.0,11.535057696228243,15.6324,45
459991049,,,0.74,1.17221,4654.98,14.691846481825584,12.6062,45
360745385,,,0.83,0.979221,5000.0,21.379620895022324,16.2883,45
178333558,,,1.02,1.25174,5731.0,23.442288153199225,15.996,45
200592038,0.009160777515321992,0.008812847395611861,0.46,1.03792,3493.0,5.639893485965434,15.056,45
50656228,,,0.552566,0.558194,3131.0,14.03274137929086,16.0623,45
264484347,,,1.39,2.30925,6631.28,14.645668627458765,10.8283,45
50622052,,,0.203444,0.233706,2911.0,11.784702891316964,16.1028,45
264486777,,,0.603394,0.619093,3261.0,13.814480671211744,15.4582,45
125505744,,,1.37,2.84161,6582.0,23.442288153199225,13.2599,45
177093868,,,1.14,1.94598,6091.0,47.863009232263806,15.6119,45
424863229,,,1.1,1.46117,5974.0,21.379620895022324,14.7297,45
117599953,,,1.04,2.59103,5776.0,41.68693834703355,13.5774,45
457252211,,,1.067,0.886967,5884.58,4.897788193684466,12.8417,45
50524769,,,0.42,1.09098,3432.0,9.29813709986546,14.4447,45
50790386,,,0.53,0.972967,3659.0,7.0,14.9791,45
177015539,,,1.4,1.25901,6655.0,23.442288153199225,15.5858,45
50585290,,,0.485899,0.487829,3067.0,13.550864365610794,16.2454,45
427393188,,,0.633674,0.65879,3458.0,13.268229197188573,16.0332,45
4206399,,,0.62,1.20073,3981.0,14.701564333497643,13.5318,45
300408982,,,1.44,2.20217,6751.0,43.65158322401656,15.9082,45
34397506,,,0.82,1.42454,4963.25,9.65298999112852,12.06,45
264460269,,,0.458452,0.461214,3123.0,14.002549891803946,16.2227,45
264681846,,,0.67,1.35212,4286.0,9.20216122590877,12.7606,45
36295374,,,1.285,1.19043,6402.0,22.387211385683376,11.0206,45
332861495,,,0.308234,0.327525,2950.0,7.090251215021501,16.9983,45
443284528,,,1.26,2.68098,6359.0,14.125375446227554,11.8811,45
200546632,,,0.55,1.01683,3702.0,12.84923952979016,14.6314,45
1847507437,,,1.13,1.09934,6049.0,20.417379446695275,15.3097,45
368427652,,,0.38,1.00017,3372.0,7.585775750291836,16.0828,45
50793000,,,0.592451,0.605374,3333.0,2.0,16.7092,45
436250231,,,0.633506,0.658563,3017.0,7.288873043216132,16.7032,45
340974772,,,0.668,1.30721,4272.08,2.5118864315095824,13.9982,45
50528491,,,0.45,1.0074,3486.0,7.0427507656199815,14.8754,45
433139059,0.005264173054651861,0.004430109401393621,1.47,3.52151,6827.0,47.863009232263806,13.7009,45
72885477,,,0.94,0.960332,5419.0,6.1612615799173565,13.4326,45
125495986,,,0.356709,0.369512,3274.0,25.0,16.2454,45
433138356,,,0.99,2.20716,5580.0,47.863009232263806,15.5549,45
1650143228,,,0.99,1.27261,5581.0,15.13561248436207,16.0473,45
332969786,,,0.532926,0.536474,3217.0,8.823301247853276,16.2561,45
49016841,,,1.33,1.22315,6505.0,32.35936569296281,11.4049,45
162607319,,,0.98,1.64269,5552.0,38.904514499428046,15.6416,45
71964939,,,0.788,0.806332,4846.0,8.51138038202376,14.6336,45
359608635,,,0.676,1.38908,4323.0,7.585775750291836,14.1981,45
216033476,,,1.32,3.66534,6484.0,35.481338923357534,14.8531,45
276661205,,,0.86,1.40042,5126.3,6.947143970430249,12.4072,45
11201232,,,1.11,1.54812,6014.0,6.0,11.3197,45
427348501,,,0.611826,0.629895,3169.0,8.948892983445292,15.4821,45
11195799,,,0.994,2.07436,5615.0,11.235446531265728,10.8724,45
427396667,,,0.400938,0.408406,4017.0,5.447519460251558,16.5045,45
432334501,,,0.84,1.51546,5031.0,5.888436553555883,15.8913,45
370049905,,,1.11,2.02493,6012.0,26.915348039269137,14.363,45
11291023,,,0.58,0.741809,3797.0,11.920737310801734,15.0322,45
427399433,,,0.34,1.06456,3300.0,14.999752781154356,15.473,45
287757914,,,0.28553,0.307794,3163.0,8.2619756351384,17.4671,45
432337567,,,0.91,1.392,5290.0,19.952623149688787,15.7514,45
264683669,,,0.45294,0.455997,2964.0,9.0,16.9339,45
427399383,,,0.640971,0.668709,3257.0,8.333707444870178,15.29,45
4289263,,,1.25,1.62496,6329.0,14.350767160530294,11.2107,45
51804083,,,0.91,0.818418,5292.0,21.87761623949552,14.9192,45
123886078,,,0.591,0.950417,3843.0,25.0,13.7149,45
220268548,,,1.25,1.44753,6326.0,32.35936569296281,14.9477,45
201368673,,,0.577372,0.587026,3884.0,4.897788193684466,15.6246,45
144610660,,,1.03,2.22639,5761.15,8.61155211087968,10.9026,45
229369348,,,1.35,1.19387,6540.0,32.35936569296281,14.1661,45
50658159,,,0.510964,0.513215,3142.0,11.5679951007908,15.9146,45
186918716,,,1.07,4.25019,5884.0,43.65158322401656,15.3752,45
138902367,,,0.543871,0.548464,3154.0,7.56606712933391,16.4647,45
220191316,,,1.01,1.01456,5699.0,32.35936569296281,15.1227,45
229292798,,,1.067,1.2279,5884.0,2.5118864315095824,12.2726,45
199822425,,,0.95,1.26559,5446.0,5.703999605647257,12.5087,45
50787892,,,0.494103,0.496015,3220.0,5.33038146851461,15.4589,45
50788317,,,0.636169,0.662168,3313.0,13.888611835737365,15.9067,45
432992687,0.008510559261455363,0.008361921614921544,0.98,1.54248,5544.0,30.90295432513592,15.1927,45
231199128,,,1.12,2.30509,6033.0,2.5118864315095824,12.6724,45
138978285,,,0.62,1.08055,3962.0,12.7667666587605,14.37,45
432738180,,,1.23,1.66288,6293.0,47.863009232263806,14.8814,45
4207660,0.0066766181892890875,0.006477743747268675,0.606959,0.623636,3376.0,11.431945763132996,15.1122,45
204635528,,,0.98,1.10576,5554.0,15.13561248436207,15.7505,45
201369128,,,0.572034,0.580682,3132.0,7.432236969944961,15.862,45
251257583,,,0.47729,0.479359,3329.0,22.387211385683376,15.7024,45
388935664,,,0.61751,0.63729,3140.0,11.427533964847672,15.5855,45
118371719,,,1.43,1.71815,6715.0,35.481338923357534,14.1731,45
449361152,,,1.135,1.67209,6073.0,10.687821342057088,10.2228,45
186160323,,,0.94,1.22868,5402.0,6.606934480075965,15.1861,45
50898671,,,0.535703,0.53949,3109.0,13.95781006558386,16.0251,45
34511469,,,0.634883,0.660425,3358.0,7.29632956276244,14.9283,45
50727129,,,0.67,1.33012,4309.0,6.7951024691722655,13.2062,45
35633985,,,0.422119,0.427477,3191.0,35.481338923357534,15.3135,45
427454357,,,0.536348,0.540192,3169.0,7.578161450098666,16.2881,45
79436786,,,0.54,0.876483,3688.0,25.118864315095824,16.488,45
299830153,,,0.88,1.38623,5171.0,42.65795188015926,15.9833,45
432505219,,,1.15,2.11212,6117.0,15.13561248436207,15.9552,45
142411373,,,0.554856,0.560788,3577.0,34.673685045253166,16.1077,45
44004630,,,0.5674,0.575239,3097.0,5.754399373371567,16.2786,45
72829764,,,0.46,1.0042,3497.0,11.143754808252922,14.8159,45
203566037,,,1.22,2.1654,6275.0,38.01893963205613,14.872,45
264742690,,,0.63001,0.653857,3413.0,9.62649151510658,15.2432,45
300830485,,,0.96,1.4235,5471.0,36.3078054770101,15.5861,45
72918610,,,0.662095,0.698039,3161.0,6.1556797889941866,15.5076,45
166611249,,,0.93,1.42813,5359.0,23.988329190194897,14.5524,45
50744997,,,0.6,1.13322,3887.0,7.496453017775534,14.1879,45
51806647,,,0.73,0.734244,4618.0,21.87761623949552,15.3083,45
50659890,,,0.85,1.30973,5089.87,14.826898338066634,12.9852,45
427373594,,,0.564954,0.572389,3418.0,7.459629896407068,15.7879,45
1660260789,,,0.89,1.14107,5222.0,5.754399373371567,15.0918,45
50624498,,,0.53,0.95287,3651.0,10.577746338025165,14.8068,45
457250777,,,0.36,0.952409,3331.0,10.204826811149337,14.8519,45
168054366,,,0.544749,0.549438,3197.0,22.387211385683376,14.1673,45
50788146,,,0.580249,0.590477,3224.0,5.680676152948776,15.6836,45
427460224,,,0.470191,0.472461,3095.0,4.897788193684466,16.4618,45
11357666,,,0.38,1.063,3372.0,14.670600763798111,15.1525,45
180305773,,,1.46,1.78082,6806.0,47.863009232263806,16.4122,45
138904036,0.005588513949296694,0.005098398322562305,0.43,0.994335,3453.0,4.897788193684466,14.654,45
50897640,,,0.592557,0.605505,3111.0,14.035800981316438,16.4602,45
116585469,,,1.32,2.36759,6482.0,41.68693834703355,15.3706,45
388935341,,,1.43,1.38494,6729.0,7.360619300770121,13.3529,45
119368411,,,0.862,1.04464,5120.0,34.673685045253166,12.9607,45
124333352,,,1.35,1.70109,6536.0,15.848931924611142,12.6004,45
309793788,,,0.553552,0.55931,3492.0,10.71519305237607,15.9661,45
390793259,,,0.91,0.95443,5293.0,42.65795188015926,16.4367,45
231189313,,,1.05,1.34473,5818.0,2.5118864315095824,14.2717,45
220323231,,,0.6,1.00108,3895.0,2.5118864315095824,15.7507,45
226199275,,,1.47,2.7026,6822.0,24.547089156850287,14.5089,45
50898169,,,0.89,1.59748,5209.0,8.504371009336543,11.4325,45
177519909,,,1.27,1.10441,6369.0,23.442288153199225,16.6524,45
11290814,,,0.569556,0.577764,3306.0,9.41538333229838,15.6815,45
284199837,,,0.52,0.960482,3618.0,14.131155002839028,14.8308,45
103854221,,,0.9,1.76498,5250.0,12.88249551693135,14.2481,45
358730425,,,0.66865,0.707281,3329.0,7.585775750291836,15.601,45
385887126,,,0.556466,0.56262,3272.0,7.585775750291836,16.4222,45
427377872,,,0.68,1.06814,4361.0,9.913833652064277,13.6288,45
220251081,,,0.61,1.26429,3934.0,2.5118864315095824,15.7263,45
156240514,,,0.542316,0.546743,3252.0,10.528268778371483,13.6327,45
427374771,,,0.6,1.08989,3899.0,6.367074875058077,13.9771,45
115828472,,,0.87,1.49349,5164.0,15.13561248436207,15.3955,45
50524367,,,0.61,0.790502,3927.0,14.082716866325136,13.5895,45
115698639,,,0.86,1.60141,5113.0,41.68693834703355,16.0257,45
388851176,,,0.538686,0.542748,3155.0,5.868143156148129,15.9408,45
177009089,,,0.98,1.00809,5565.0,6.165950018614822,16.3772,45
50793309,,,0.53,0.953453,3653.0,4.897788193684466,14.7128,45
427454915,,,0.78,1.36028,4828.0,8.57153531220932,13.7182,45
11290984,,,1.11,1.3594,6014.23,10.283073392852447,12.2565,45
427392810,,,0.668816,0.707515,3281.0,12.884873703489916,15.0975,45
168050803,,,0.87,1.33001,5168.0,21.87761623949552,13.5936,45
427353283,,,0.607863,0.624793,3682.0,10.712863401715758,17.3316,45
427376728,,,0.57,0.876515,3766.0,6.163842661413352,14.3946,45
264682835,,,0.54,0.978088,3678.63,9.930665197324732,14.312,45
712760442,0.017410533799991725,0.017657438007823767,0.46,1.03325,3493.0,6.0,15.3809,45
264485528,,,0.180231,0.211243,3093.0,10.619026244189838,14.612,45
427352208,,,0.384511,0.393841,3018.0,7.104006704238095,17.2197,45
116826213,,,0.87,1.06954,5138.0,36.3078054770101,15.1252,45
464838678,,,0.6,1.04228,3875.0,5.351520222040889,14.0481,45
176188826,0.03307722806515568,0.042639363701570974,0.88,1.63866,5193.0,39.81071705534969,16.4634,45
207051475,,,1.41,1.98744,6666.0,32.35936569296281,14.6106,45
72882103,,,0.62,0.931501,3992.0,8.677896933244869,15.7694,45
427393024,,,0.639114,0.666173,3298.0,12.560098837626285,15.4155,45
207052479,,,1.48,2.70499,6842.0,24.547089156850287,15.2061,45
175881015,,,0.634712,0.660193,3752.0,5.754399373371567,15.1344,45
220064548,,,0.614885,0.633864,3398.0,8.196814119302761,15.4759,45
427352218,,,0.611137,0.629005,3112.0,8.094875601254468,15.6893,45
284998019,,,0.662248,0.698253,3429.0,5.352211679198881,15.0761,45
176414326,,,1.04,1.76361,5778.0,15.13561248436207,14.4062,45
53898430,,,0.458,0.897561,3498.0,32.35936569296281,14.8653,45
59468342,,,0.77,1.44738,4766.0,46.77351412871982,14.8183,45
360665070,,,1.04,1.53205,5789.0,15.848931924611142,15.7059,45
50587903,,,1.0,1.20558,5628.65,4.897788193684466,11.8987,45
50524220,,,0.657232,0.691218,3417.0,13.787585367948816,14.8174,45
11296251,,,0.434435,0.438751,3317.0,9.610989706897588,16.6713,45
50897600,,,0.51,0.796053,3597.0,7.0,15.4125,45
177122539,,,1.4,2.55433,6647.0,23.442288153199225,14.8575,45
125647891,,,1.35,1.32976,6544.0,23.442288153199225,16.033,45
176409870,,,1.01,2.54536,5686.0,15.13561248436207,15.3353,45
199820795,,,1.32,1.73411,6482.0,12.038560875297494,12.5841,45
217073437,0.020836913250734806,0.021120100582092204,1.31,2.68186,6446.0,35.481338923357534,15.3776,45
264742215,0.022841882485352474,0.0021354757350559523,1.011,1.82447,5684.0,11.655335647451748,8.94191,45
457232053,,,0.618939,0.639163,3361.0,4.897788193684466,15.55,45
19509337,,,0.86,0.869167,5098.0,21.87761623949552,14.301,45
50523691,,,0.58,0.95232,3793.0,13.642011880685883,14.1247,45
395882886,,,1.11,1.94196,5997.0,19.952623149688787,14.0309,45
427457977,,,0.574964,0.584154,3162.0,14.76283785920194,15.4221,45
11401458,,,0.493938,0.495849,3335.0,6.0,15.9232,45
427352147,,,0.559099,0.56563,3059.0,8.796675659142828,16.3255,45
436248504,,,0.62,0.46796,3978.0,12.589254117941662,15.9726,45
144616168,,,0.55,1.14075,3705.0,7.195589025246047,14.4974,45
18516765,,,1.09,1.18649,5941.0,21.87761623949552,12.6639,45
220050179,,,0.498963,0.500919,2979.0,5.0,16.6497,45
1640320254,,,0.88,0.846235,5172.0,15.13561248436207,15.8595,45
50721732,,,0.52,1.12719,3624.0,13.051643118800424,13.4275,45
50727499,,,0.389097,0.397891,2981.0,14.989288012298074,17.0248,45
79541245,,,0.68,1.00781,4322.0,25.118864315095824,15.3196,45
427452077,,,0.517363,0.519888,3122.0,7.866064982948666,16.4012,45
123885562,,,0.520317,0.522996,3082.0,22.387211385683376,15.278,45
11195900,,,0.478648,0.480687,3357.0,7.707052709398862,17.324,45
427346975,,,0.519728,0.522375,3163.0,9.84900774748316,16.2078,45
436009424,,,0.560118,0.5668,3219.0,12.345962219305322,16.0517,45
25581497,,,1.09,1.77245,5955.0,11.748975549395302,13.5238,45
125636316,,,1.09,1.3929,5965.0,23.442288153199225,16.2192,45
351591202,,,1.13,3.12893,6058.0,43.65158322401656,15.7594,45
1615283756,,,0.79,1.36451,4839.0,15.13561248436207,15.4223,45
207047966,,,1.05,0.903508,5816.0,26.915348039269137,16.2435,45
177522015,,,1.11,1.53813,5998.0,23.442288153199225,16.0424,45
50787713,,,0.440297,0.444172,3199.0,7.346806290994298,16.652,45
294124490,,,0.6,1.20883,3891.0,46.77351412871982,15.8114,45
427334368,0.008743059607989762,0.008358588222478678,0.657567,0.691687,3115.0,10.424610206436268,15.0134,45
712758934,,,0.48,0.620874,3546.0,6.0,15.7077,45
50625239,,,0.49,0.728523,3565.0,6.0,15.9343,45
50744642,,,0.89,1.3436,5210.0,12.702430759335048,12.2952,45
50663396,,,0.570404,0.578761,3113.0,13.68073070774012,15.8982,45
427377487,,,0.646809,0.676731,2981.0,5.825009425931437,15.6704,45
427454898,,,1.19,2.96673,6195.0,11.764437708465774,13.8493,45
220052858,,,0.575569,0.584874,3145.0,9.755308666565655,15.8019,45
358007588,,,0.5,1.00399,3577.0,7.585775750291836,15.6437,45
200519849,,,0.522669,0.525484,2902.0,4.897788193684466,16.5379,45
42429144,,,0.46005,0.462734,3282.0,22.387211385683376,15.8631,45
124188542,,,0.585611,0.596972,3417.0,34.673685045253166,15.6573,45
427334651,,,0.47886,0.480895,3085.0,6.860101057120512,17.3659,45
50749047,,,1.2,1.51056,6211.0,8.221125478362856,16.4338,45
388918040,,,0.463146,0.465689,3087.0,9.137162690210838,16.7435,45
269118225,,,1.03,1.50011,5746.61,13.647158749791062,12.0419,45
18060112,,,0.9,0.806803,5261.0,21.87761623949552,14.8767,45
50744612,,,0.570226,0.578552,3109.0,14.384716091651534,16.0041,45
220250118,,,0.91,1.06182,5312.0,2.5118864315095824,15.113,45
11200548,,,0.51,1.05005,3592.05,13.247842461797802,14.5228,45
50722406,,,0.489955,0.491861,3056.0,4.897788193684466,16.5969,45
1650163390,,,1.16,1.66996,6124.0,9.332543007969903,16.0809,45
427379783,,,0.54,0.942831,3690.0,14.839018665759916,14.8446,45
11405718,,,0.99,0.901874,5588.0,6.551843708505427,11.8809,45
138902390,,,0.570782,0.579206,3176.0,10.96168519987468,15.9628,45
427454641,,,0.479331,0.481356,3427.0,7.972117583876641,16.588,45
220282103,,,0.99,1.88155,5599.0,2.5118864315095824,13.4468,45
220217240,0.004644612709344475,0.0040687018163376,1.0,1.97524,5634.0,32.35936569296281,14.2552,45
61400301,,,0.97,1.21263,5537.0,22.90867652767775,15.2014,45
264484469,,,0.478507,0.480549,3183.0,12.646980239367153,16.342,45
118374500,0.006183141438210465,0.00572346989564842,1.03,2.09117,5757.0,7.585775750291836,14.7744,45
282708641,,,0.983,0.843979,5572.0,34.673685045253166,12.9349,45
1650791892,,,1.01,1.05306,5676.0,15.13561248436207,15.3328,45
436098170,,,1.25,1.30307,6336.77,4.897788193684466,12.4596,45
226108748,,,1.12,2.32325,6034.0,24.547089156850287,15.7555,45
336888373,,,1.03,0.992666,5756.0,46.77351412871982,13.9955,45
144666932,,,0.544684,0.549366,3175.0,13.418208430438693,15.9496,45
284997597,,,0.565943,0.573538,3143.0,11.064188900682144,16.1065,45
11286252,,,0.38,1.08349,3366.0,10.349616606058264,14.8522,45
457249386,,,0.64,1.34136,4099.0,7.108038294926229,13.0361,45
220060834,,,0.51,1.02322,3610.0,9.529619953569371,14.9123,45
443331501,,,0.547299,0.552278,3340.0,22.387211385683376,14.2351,45
125640173,,,0.86,1.75887,5119.0,6.165950018614822,15.3356,45
427398735,,,0.529,1.04668,3650.0,9.815766819165455,14.3237,45
407412288,,,0.92,1.68639,5315.0,15.848931924611142,16.0436,45
264740570,,,0.599049,0.613605,3400.0,13.869254168907146,15.3248,45
180155951,,,1.04,1.11434,5781.0,31.6227766016838,15.5877,45
427455196,,,0.84,1.04462,5031.0,13.93074725251454,14.9016,45
185889995,,,1.17,1.55089,6151.0,12.30268770812381,15.8826,45
114762282,,,1.4,1.84658,6643.0,15.13561248436207,14.1627,45
388918166,,,0.354874,0.367917,3268.0,9.944240081507056,17.2792,45
425961795,,,1.04,1.72199,5782.0,21.379620895022324,14.9654,45
264621751,,,0.649043,0.67982,3365.0,14.645909408355514,14.9459,45
368541602,,,0.688,1.33344,4400.0,7.585775750291836,14.9938,45
148993139,,,1.05,1.53879,5828.0,6.165950018614822,14.0274,45
427395872,,,0.392464,0.400871,3696.0,6.267523093235193,17.7909,45
50588091,,,0.583675,0.594617,3334.0,7.347606631390308,15.6778,45
464839019,,,0.414346,0.420435,2982.0,7.776083398823684,17.0002,45
464838971,,,0.464594,0.467075,3311.0,20.0,16.3573,45
287840208,,,0.54577,0.550573,2927.0,11.783966888128338,16.4492,45
50789920,,,0.5,0.913752,3590.0,12.054946148315455,15.0329,45
200516972,,,0.662149,0.698115,2875.0,12.662657518185268,15.6527,45
50745216,,,0.51063,0.51287,3036.0,5.213582592712916,16.04,45
264484142,,,0.591761,0.60452,3333.0,7.579372526995821,15.0972,45
11453330,,,0.42,1.22119,3427.0,8.881092318116384,14.577,45
118371523,,,0.91,1.69455,5288.0,38.904514499428046,14.3306,45
50789631,,,0.97,1.59385,5520.0,6.584002334813704,14.073,45
4249841,,,0.57,0.993377,3781.0,11.897401631144865,14.1867,45
42885575,,,0.365923,0.37754,3479.0,22.387211385683376,15.9128,45
4256842,,,0.597644,0.611841,3283.0,10.103885135179944,15.2538,45
